track,arm,benchmark,stream,adapt_stage,eval_cohort,run,task_id,score,success,recorded_tokens,recorded_seconds
skills,meta,ale,ale,1,1,1,business_finance/digital_marketing_audience_segmentation_1,0.9042,0,386511,176.2
skills,meta,ale,ale,1,1,1,business_finance/ff5_public_reconstruction,0.0,0,3428281,2061.1
skills,meta,ale,ale,1,1,1,business_finance/pe_screening_memo_1,0.6,0,229592,214.2
skills,meta,ale,ale,1,1,1,computing_math/os_log_permission_guard_v1,1.0,1,594604,246.0
skills,meta,ale,ale,1,1,1,computing_math/ranking_node_feature_parity_recovery_instance_1,0.0,0,573402,230.2
skills,meta,ale,ale,1,1,1,education_info/homework_grading_numerical_pdes_instance_02,0.600485,0,1607475,526.0
skills,meta,ale,ale,1,1,1,engineering/abb_irb6700_asset_to_urdf_instance_1,0.4741,0,251193,176.2
skills,meta,ale,ale,1,1,1,engineering/chisel_verilog_alignment_seq_1,0.2,0,377285,205.6
skills,meta,ale,ale,1,1,1,health_medicine/healthcare_variant_annotation_pipeline,0.999,0,357822,186.0
skills,meta,ale,ale,1,1,1,health_medicine/scene3_skullstrip_qc,1.0,1,133397,272.2
skills,meta,ale,ale,1,1,2,business_finance/digital_marketing_audience_segmentation_1,0.9042,0,480731,220.1
skills,meta,ale,ale,1,1,2,business_finance/ff5_public_reconstruction,0.0,0,680598,273.4
skills,meta,ale,ale,1,1,2,business_finance/pe_screening_memo_1,0.68125,0,391816,228.3
skills,meta,ale,ale,1,1,2,computing_math/os_log_permission_guard_v1,1.0,1,294995,143.2
skills,meta,ale,ale,1,1,2,computing_math/ranking_node_feature_parity_recovery_instance_1,0.0,0,1850719,488.2
skills,meta,ale,ale,1,1,2,education_info/homework_grading_numerical_pdes_instance_02,0.746485,0,703698,283.4
skills,meta,ale,ale,1,1,2,engineering/abb_irb6700_asset_to_urdf_instance_1,0.5855,0,309567,198.4
skills,meta,ale,ale,1,1,2,engineering/chisel_verilog_alignment_seq_1,0.2,0,1177176,252.7
skills,meta,ale,ale,1,1,2,health_medicine/healthcare_variant_annotation_pipeline,1.0,1,311621,306.3
skills,meta,ale,ale,1,1,2,health_medicine/scene3_skullstrip_qc,1.0,1,179277,119.7
skills,meta,ale,ale,1,1,3,business_finance/digital_marketing_audience_segmentation_1,0.9042,0,430527,182.2
skills,meta,ale,ale,1,1,3,business_finance/ff5_public_reconstruction,0.0,0,1717119,499.6
skills,meta,ale,ale,1,1,3,business_finance/pe_screening_memo_1,0.55,0,431607,281.0
skills,meta,ale,ale,1,1,3,computing_math/os_log_permission_guard_v1,1.0,1,319086,199.7
skills,meta,ale,ale,1,1,3,computing_math/ranking_node_feature_parity_recovery_instance_1,0.0,0,942201,554.7
skills,meta,ale,ale,1,1,3,education_info/homework_grading_numerical_pdes_instance_02,0.577152,0,333107,302.8
skills,meta,ale,ale,1,1,3,engineering/abb_irb6700_asset_to_urdf_instance_1,0.4741,0,295295,169.8
skills,meta,ale,ale,1,1,3,engineering/chisel_verilog_alignment_seq_1,0.2,0,481691,159.7
skills,meta,ale,ale,1,1,3,health_medicine/healthcare_variant_annotation_pipeline,0.794,0,1859398,548.3
skills,meta,ale,ale,1,1,3,health_medicine/scene3_skullstrip_qc,1.0,1,146189,129.0
skills,meta,ale,ale,1,2,1,business_finance/basel_operational_risk_bia_cn,0.0,0,727486,412.4
skills,meta,ale,ale,1,2,1,computing_math/k3_abelian_extensions,0.0,0,376400,514.4
skills,meta,ale,ale,1,2,1,education_info/moodle_gradebook_closeout_reconciliation,0.0,0,1520982,436.1
skills,meta,ale,ale,1,2,1,engineering/openroad_sky130_ibex_pnr_signoff,0.0,0,904113,313.6
skills,meta,ale,ale,1,2,1,engineering/power_10kv_feeder_reliability_001,0.002322,0,2861560,486.5
skills,meta,ale,ale,1,2,1,health_medicine/public_health_mask_mandate_ratio,0.0,0,2340312,1144.3
skills,meta,ale,ale,1,2,1,legal/agora_governance_classify_instance_1,0.333401,0,1544932,587.0
skills,meta,ale,ale,1,2,2,business_finance/basel_operational_risk_bia_cn,0.0,0,1455972,904.7
skills,meta,ale,ale,1,2,2,computing_math/k3_abelian_extensions,0.0,0,792626,741.4
skills,meta,ale,ale,1,2,2,education_info/moodle_gradebook_closeout_reconciliation,0.0,0,946473,480.4
skills,meta,ale,ale,1,2,2,engineering/openroad_sky130_ibex_pnr_signoff,0.0,0,1013671,395.2
skills,meta,ale,ale,1,2,2,engineering/power_10kv_feeder_reliability_001,0.0,0,1329205,396.7
skills,meta,ale,ale,1,2,2,health_medicine/public_health_mask_mandate_ratio,0.333333,0,1337106,2019.7
skills,meta,ale,ale,1,2,2,legal/agora_governance_classify_instance_1,0.576638,0,617656,420.9
skills,meta,ale,ale,1,2,3,business_finance/basel_operational_risk_bia_cn,0.0,0,468084,348.1
skills,meta,ale,ale,1,2,3,computing_math/k3_abelian_extensions,0.0,0,604984,569.0
skills,meta,ale,ale,1,2,3,education_info/moodle_gradebook_closeout_reconciliation,0.0,0,1345037,569.1
skills,meta,ale,ale,1,2,3,engineering/openroad_sky130_ibex_pnr_signoff,0.0,0,680727,281.3
skills,meta,ale,ale,1,2,3,engineering/power_10kv_feeder_reliability_001,0.0,0,1222074,295.5
skills,meta,ale,ale,1,2,3,health_medicine/public_health_mask_mandate_ratio,0.0,0,3142842,1918.1
skills,meta,ale,ale,1,2,3,legal/agora_governance_classify_instance_1,0.413716,0,644608,429.7
skills,meta,ale,ale,2,1,1,business_finance/digital_marketing_audience_segmentation_1,0.9042,0,513369,191.4
skills,meta,ale,ale,2,1,1,business_finance/ff5_public_reconstruction,0.0,0,1311177,516.3
skills,meta,ale,ale,2,1,1,business_finance/pe_screening_memo_1,0.7125,0,647092,189.8
skills,meta,ale,ale,2,1,1,computing_math/os_log_permission_guard_v1,1.0,1,301626,161.2
skills,meta,ale,ale,2,1,1,computing_math/ranking_node_feature_parity_recovery_instance_1,0.0,0,1173716,395.8
skills,meta,ale,ale,2,1,1,education_info/homework_grading_numerical_pdes_instance_02,0.742485,0,554376,331.4
skills,meta,ale,ale,2,1,1,engineering/abb_irb6700_asset_to_urdf_instance_1,0.4741,0,200509,181.5
skills,meta,ale,ale,2,1,1,engineering/chisel_verilog_alignment_seq_1,0.2,0,467035,201.2
skills,meta,ale,ale,2,1,1,health_medicine/healthcare_variant_annotation_pipeline,1.0,1,1193410,525.3
skills,meta,ale,ale,2,1,1,health_medicine/scene3_skullstrip_qc,1.0,1,165361,112.8
skills,meta,ale,ale,2,1,2,business_finance/digital_marketing_audience_segmentation_1,0.9417,0,398337,267.7
skills,meta,ale,ale,2,1,2,business_finance/ff5_public_reconstruction,0.0,0,1287613,443.0
skills,meta,ale,ale,2,1,2,business_finance/pe_screening_memo_1,0.328125,0,609029,355.9
skills,meta,ale,ale,2,1,2,computing_math/os_log_permission_guard_v1,1.0,1,427280,343.6
skills,meta,ale,ale,2,1,2,computing_math/ranking_node_feature_parity_recovery_instance_1,0.0,0,890073,248.2
skills,meta,ale,ale,2,1,2,education_info/homework_grading_numerical_pdes_instance_02,0.669818,0,963317,358.2
skills,meta,ale,ale,2,1,2,engineering/abb_irb6700_asset_to_urdf_instance_1,0.5669,0,333744,163.3
skills,meta,ale,ale,2,1,2,engineering/chisel_verilog_alignment_seq_1,0.2,0,506372,163.2
skills,meta,ale,ale,2,1,2,health_medicine/healthcare_variant_annotation_pipeline,0.793,0,2577290,477.8
skills,meta,ale,ale,2,1,2,health_medicine/scene3_skullstrip_qc,1.0,1,138582,89.9
skills,meta,ale,ale,2,1,3,business_finance/digital_marketing_audience_segmentation_1,0.8458,0,443291,333.3
skills,meta,ale,ale,2,1,3,business_finance/ff5_public_reconstruction,0.0,0,6168691,998.3
skills,meta,ale,ale,2,1,3,business_finance/pe_screening_memo_1,0.63125,0,675934,379.9
skills,meta,ale,ale,2,1,3,computing_math/os_log_permission_guard_v1,1.0,1,315127,163.9
skills,meta,ale,ale,2,1,3,computing_math/ranking_node_feature_parity_recovery_instance_1,0.0,0,692308,240.8
skills,meta,ale,ale,2,1,3,education_info/homework_grading_numerical_pdes_instance_02,0.619818,0,543829,240.8
skills,meta,ale,ale,2,1,3,engineering/abb_irb6700_asset_to_urdf_instance_1,0.4741,0,406042,130.7
skills,meta,ale,ale,2,1,3,engineering/chisel_verilog_alignment_seq_1,0.2,0,974385,340.5
skills,meta,ale,ale,2,1,3,health_medicine/healthcare_variant_annotation_pipeline,0.999,0,385315,210.5
skills,meta,ale,ale,2,1,3,health_medicine/scene3_skullstrip_qc,1.0,1,195105,150.3
skills,meta,ale,ale,2,2,1,business_finance/basel_operational_risk_bia_cn,0.0,0,1532313,497.7
skills,meta,ale,ale,2,2,1,computing_math/k3_abelian_extensions,0.0,0,1968729,832.6
skills,meta,ale,ale,2,2,1,education_info/moodle_gradebook_closeout_reconciliation,0.0,0,2925410,625.5
skills,meta,ale,ale,2,2,1,engineering/openroad_sky130_ibex_pnr_signoff,0.0,0,585440,207.8
skills,meta,ale,ale,2,2,1,engineering/power_10kv_feeder_reliability_001,0.0,0,1472119,282.9
skills,meta,ale,ale,2,2,1,health_medicine/public_health_mask_mandate_ratio,0.166667,0,1514302,1097.7
skills,meta,ale,ale,2,2,1,legal/agora_governance_classify_instance_1,0.432764,0,997874,332.8
skills,meta,ale,ale,2,2,2,business_finance/basel_operational_risk_bia_cn,0.0,0,790669,415.7
skills,meta,ale,ale,2,2,2,computing_math/k3_abelian_extensions,0.0,0,563338,285.6
skills,meta,ale,ale,2,2,2,education_info/moodle_gradebook_closeout_reconciliation,0.0,0,1596494,423.7
skills,meta,ale,ale,2,2,2,engineering/openroad_sky130_ibex_pnr_signoff,0.0,0,587212,315.5
skills,meta,ale,ale,2,2,2,engineering/power_10kv_feeder_reliability_001,0.001548,0,2592524,540.8
skills,meta,ale,ale,2,2,2,health_medicine/public_health_mask_mandate_ratio,0.333333,0,1225854,1710.6
skills,meta,ale,ale,2,2,2,legal/agora_governance_classify_instance_1,0.62849,0,4093477,480.7
skills,meta,ale,ale,2,2,3,business_finance/basel_operational_risk_bia_cn,0.0,0,511437,290.4
skills,meta,ale,ale,2,2,3,computing_math/k3_abelian_extensions,1.0,1,1115799,840.4
skills,meta,ale,ale,2,2,3,education_info/moodle_gradebook_closeout_reconciliation,0.0,0,2560315,468.2
skills,meta,ale,ale,2,2,3,engineering/openroad_sky130_ibex_pnr_signoff,0.0,0,853990,225.2
skills,meta,ale,ale,2,2,3,engineering/power_10kv_feeder_reliability_001,0.0,0,3146770,525.5
skills,meta,ale,ale,2,2,3,health_medicine/public_health_mask_mandate_ratio,0.333333,0,1756280,2970.5
skills,meta,ale,ale,2,2,3,legal/agora_governance_classify_instance_1,0.066667,0,470497,270.1
skills,meta,ale,ale,2,3,1,business_finance/digital_marketing_ab_test_analysis_1,0.0,0,419297,252.2
skills,meta,ale,ale,2,3,1,business_finance/financial_stmt_reconstruction_aapl_fy2024,1.0,1,700306,186.8
skills,meta,ale,ale,2,3,1,business_finance/legal_ma_consistency_audit_01,0.0,0,1110200,252.4
skills,meta,ale,ale,2,3,1,computing_math/k8s_migration_1,0.679167,0,1961570,492.3
skills,meta,ale,ale,2,3,1,computing_math/k8s_payment_api_root_cause_analysis,0.68,0,194902,192.8
skills,meta,ale,ale,2,3,1,health_medicine/simglucose_safe_basal_control_instance_1,0.0,0,689236,350.6
skills,meta,ale,ale,2,3,1,legal/legal_dr_fees_01,1.0,1,1004238,382.3
skills,meta,ale,ale,2,3,1,life_sciences/hg002_chr22_germline_variant_pipeline,0.0,0,1382931,442.6
skills,meta,ale,ale,2,3,1,life_sciences/rgi_mcr1_colistin_v2,1.0,1,1069901,332.1
skills,meta,ale,ale,2,3,1,life_sciences/tms_marrow_cell_type_annotation_instance_1,0.0,0,422075,472.8
skills,meta,ale,ale,2,3,2,business_finance/digital_marketing_ab_test_analysis_1,1.0,1,735622,279.3
skills,meta,ale,ale,2,3,2,business_finance/financial_stmt_reconstruction_aapl_fy2024,1.0,1,480595,164.2
skills,meta,ale,ale,2,3,2,business_finance/legal_ma_consistency_audit_01,0.0,0,938051,441.0
skills,meta,ale,ale,2,3,2,computing_math/k8s_migration_1,0.479167,0,1102522,394.5
skills,meta,ale,ale,2,3,2,computing_math/k8s_payment_api_root_cause_analysis,0.591667,0,190722,261.0
skills,meta,ale,ale,2,3,2,health_medicine/simglucose_safe_basal_control_instance_1,0.0,0,909055,545.6
skills,meta,ale,ale,2,3,2,legal/legal_dr_fees_01,0.0,0,950994,484.0
skills,meta,ale,ale,2,3,2,life_sciences/hg002_chr22_germline_variant_pipeline,0.0,0,820567,293.9
skills,meta,ale,ale,2,3,2,life_sciences/rgi_mcr1_colistin_v2,1.0,1,805588,289.4
skills,meta,ale,ale,2,3,2,life_sciences/tms_marrow_cell_type_annotation_instance_1,0.0,0,410404,334.8
skills,meta,ale,ale,2,3,3,business_finance/digital_marketing_ab_test_analysis_1,0.0,0,1233006,593.4
skills,meta,ale,ale,2,3,3,business_finance/financial_stmt_reconstruction_aapl_fy2024,1.0,1,821054,449.4
skills,meta,ale,ale,2,3,3,business_finance/legal_ma_consistency_audit_01,0.0,0,917296,320.3
skills,meta,ale,ale,2,3,3,computing_math/k8s_migration_1,0.508333,0,2543789,772.6
skills,meta,ale,ale,2,3,3,computing_math/k8s_payment_api_root_cause_analysis,0.68,0,197610,297.4
skills,meta,ale,ale,2,3,3,health_medicine/simglucose_safe_basal_control_instance_1,0.0,0,707495,417.1
skills,meta,ale,ale,2,3,3,legal/legal_dr_fees_01,0.0,0,1221900,539.4
skills,meta,ale,ale,2,3,3,life_sciences/hg002_chr22_germline_variant_pipeline,0.0,0,1212998,427.6
skills,meta,ale,ale,2,3,3,life_sciences/rgi_mcr1_colistin_v2,1.0,1,904911,315.3
skills,meta,ale,ale,2,3,3,life_sciences/tms_marrow_cell_type_annotation_instance_1,0.0,0,376891,598.8
skills,meta,ale,ale,3,1,1,business_finance/digital_marketing_audience_segmentation_1,0.9042,0,396118,182.5
skills,meta,ale,ale,3,1,1,business_finance/ff5_public_reconstruction,0.0,0,857623,327.9
skills,meta,ale,ale,3,1,1,business_finance/pe_screening_memo_1,0.55,0,371076,180.4
skills,meta,ale,ale,3,1,1,computing_math/os_log_permission_guard_v1,1.0,1,230040,547.6
skills,meta,ale,ale,3,1,1,computing_math/ranking_node_feature_parity_recovery_instance_1,0.0,0,2686889,372.6
skills,meta,ale,ale,3,1,1,education_info/homework_grading_numerical_pdes_instance_02,0.426667,0,562838,247.6
skills,meta,ale,ale,3,1,1,engineering/abb_irb6700_asset_to_urdf_instance_1,0.4741,0,300448,152.6
skills,meta,ale,ale,3,1,1,engineering/chisel_verilog_alignment_seq_1,0.2,0,406311,142.3
skills,meta,ale,ale,3,1,1,health_medicine/healthcare_variant_annotation_pipeline,0.996,0,269645,167.0
skills,meta,ale,ale,3,1,1,health_medicine/scene3_skullstrip_qc,1.0,1,199554,109.0
skills,meta,ale,ale,3,1,2,business_finance/digital_marketing_audience_segmentation_1,0.9042,0,573208,240.8
skills,meta,ale,ale,3,1,2,business_finance/ff5_public_reconstruction,0.0,0,3159899,855.4
skills,meta,ale,ale,3,1,2,business_finance/pe_screening_memo_1,0.60625,0,320723,195.5
skills,meta,ale,ale,3,1,2,computing_math/os_log_permission_guard_v1,1.0,1,335904,140.3
skills,meta,ale,ale,3,1,2,computing_math/ranking_node_feature_parity_recovery_instance_1,0.0,0,1428765,405.4
skills,meta,ale,ale,3,1,2,education_info/homework_grading_numerical_pdes_instance_02,0.712485,0,487125,240.6
skills,meta,ale,ale,3,1,2,engineering/abb_irb6700_asset_to_urdf_instance_1,0.4741,0,397600,240.8
skills,meta,ale,ale,3,1,2,engineering/chisel_verilog_alignment_seq_1,0.2,0,443896,171.0
skills,meta,ale,ale,3,1,2,health_medicine/healthcare_variant_annotation_pipeline,1.0,1,761889,310.8
skills,meta,ale,ale,3,1,2,health_medicine/scene3_skullstrip_qc,1.0,1,203654,112.5
skills,meta,ale,ale,3,1,3,business_finance/digital_marketing_audience_segmentation_1,0.9042,0,516430,276.6
skills,meta,ale,ale,3,1,3,business_finance/ff5_public_reconstruction,0.0,0,805354,507.1
skills,meta,ale,ale,3,1,3,business_finance/pe_screening_memo_1,0.73125,0,398836,222.3
skills,meta,ale,ale,3,1,3,computing_math/os_log_permission_guard_v1,1.0,1,466877,228.4
skills,meta,ale,ale,3,1,3,computing_math/ranking_node_feature_parity_recovery_instance_1,0.0,0,717773,326.9
skills,meta,ale,ale,3,1,3,education_info/homework_grading_numerical_pdes_instance_02,0.730485,0,576754,587.1
skills,meta,ale,ale,3,1,3,engineering/abb_irb6700_asset_to_urdf_instance_1,0.4741,0,284335,142.1
skills,meta,ale,ale,3,1,3,engineering/chisel_verilog_alignment_seq_1,0.0,0,303771,141.8
skills,meta,ale,ale,3,1,3,health_medicine/healthcare_variant_annotation_pipeline,1.0,1,501535,366.9
skills,meta,ale,ale,3,1,3,health_medicine/scene3_skullstrip_qc,1.0,1,204986,123.5
skills,meta,ale,ale,3,2,1,business_finance/basel_operational_risk_bia_cn,0.0,0,400338,201.6
skills,meta,ale,ale,3,2,1,computing_math/k3_abelian_extensions,1.0,1,511985,294.6
skills,meta,ale,ale,3,2,1,education_info/moodle_gradebook_closeout_reconciliation,0.0,0,2072069,497.7
skills,meta,ale,ale,3,2,1,engineering/openroad_sky130_ibex_pnr_signoff,0.0,0,618050,169.7
skills,meta,ale,ale,3,2,1,engineering/power_10kv_feeder_reliability_001,0.0,0,781462,159.7
skills,meta,ale,ale,3,2,1,health_medicine/public_health_mask_mandate_ratio,0.333333,0,1140855,1094.7
skills,meta,ale,ale,3,2,1,legal/agora_governance_classify_instance_1,0.133333,0,1025377,304.7
skills,meta,ale,ale,3,2,2,business_finance/basel_operational_risk_bia_cn,0.0,0,651742,183.1
skills,meta,ale,ale,3,2,2,computing_math/k3_abelian_extensions,0.0,0,758413,363.4
skills,meta,ale,ale,3,2,2,education_info/moodle_gradebook_closeout_reconciliation,0.0,0,1345732,363.0
skills,meta,ale,ale,3,2,2,engineering/openroad_sky130_ibex_pnr_signoff,0.0,0,1379768,1151.1
skills,meta,ale,ale,3,2,2,engineering/power_10kv_feeder_reliability_001,0.0,0,1413636,330.5
skills,meta,ale,ale,3,2,2,health_medicine/public_health_mask_mandate_ratio,0.333333,0,2215242,1575.5
skills,meta,ale,ale,3,2,2,legal/agora_governance_classify_instance_1,0.066667,0,470506,280.5
skills,meta,ale,ale,3,2,3,business_finance/basel_operational_risk_bia_cn,0.0,0,960067,461.2
skills,meta,ale,ale,3,2,3,computing_math/k3_abelian_extensions,1.0,1,965380,699.4
skills,meta,ale,ale,3,2,3,education_info/moodle_gradebook_closeout_reconciliation,0.0,0,2542793,493.9
skills,meta,ale,ale,3,2,3,engineering/openroad_sky130_ibex_pnr_signoff,0.0,0,1078059,261.5
skills,meta,ale,ale,3,2,3,engineering/power_10kv_feeder_reliability_001,0.005418,0,1606698,516.4
skills,meta,ale,ale,3,2,3,health_medicine/public_health_mask_mandate_ratio,0.0,0,2134646,1594.2
skills,meta,ale,ale,3,2,3,legal/agora_governance_classify_instance_1,0.321652,0,463150,241.5
skills,meta,ale,ale,3,3,1,business_finance/digital_marketing_ab_test_analysis_1,0.0,0,707135,227.2
skills,meta,ale,ale,3,3,1,business_finance/financial_stmt_reconstruction_aapl_fy2024,1.0,1,411371,142.5
skills,meta,ale,ale,3,3,1,business_finance/legal_ma_consistency_audit_01,0.0,0,2784922,557.8
skills,meta,ale,ale,3,3,1,computing_math/k8s_migration_1,0.458333,0,1016697,287.0
skills,meta,ale,ale,3,3,1,computing_math/k8s_payment_api_root_cause_analysis,0.763889,0,242689,192.6
skills,meta,ale,ale,3,3,1,health_medicine/simglucose_safe_basal_control_instance_1,0.0,0,844627,212.3
skills,meta,ale,ale,3,3,1,legal/legal_dr_fees_01,0.8,0,747600,301.7
skills,meta,ale,ale,3,3,1,life_sciences/hg002_chr22_germline_variant_pipeline,0.0,0,2959633,472.1
skills,meta,ale,ale,3,3,1,life_sciences/rgi_mcr1_colistin_v2,0.0,0,1060136,611.0
skills,meta,ale,ale,3,3,1,life_sciences/tms_marrow_cell_type_annotation_instance_1,0.0,0,934606,721.2
skills,meta,ale,ale,3,3,2,business_finance/digital_marketing_ab_test_analysis_1,0.0,0,1617606,354.7
skills,meta,ale,ale,3,3,2,business_finance/financial_stmt_reconstruction_aapl_fy2024,1.0,1,877866,352.2
skills,meta,ale,ale,3,3,2,business_finance/legal_ma_consistency_audit_01,0.0,0,1886506,330.5
skills,meta,ale,ale,3,3,2,computing_math/k8s_migration_1,0.679167,0,1247109,265.5
skills,meta,ale,ale,3,3,2,computing_math/k8s_payment_api_root_cause_analysis,0.738889,0,282057,197.7
skills,meta,ale,ale,3,3,2,health_medicine/simglucose_safe_basal_control_instance_1,0.0,0,1170066,317.4
skills,meta,ale,ale,3,3,2,legal/legal_dr_fees_01,0.12,0,2157112,483.0
skills,meta,ale,ale,3,3,2,life_sciences/hg002_chr22_germline_variant_pipeline,0.0,0,1200410,320.7
skills,meta,ale,ale,3,3,2,life_sciences/rgi_mcr1_colistin_v2,0.0,0,598530,507.5
skills,meta,ale,ale,3,3,2,life_sciences/tms_marrow_cell_type_annotation_instance_1,0.0,0,3038135,546.2
skills,meta,ale,ale,3,3,3,business_finance/digital_marketing_ab_test_analysis_1,0.0,0,440281,273.5
skills,meta,ale,ale,3,3,3,business_finance/financial_stmt_reconstruction_aapl_fy2024,1.0,1,733929,269.1
skills,meta,ale,ale,3,3,3,business_finance/legal_ma_consistency_audit_01,0.0,0,1456580,280.8
skills,meta,ale,ale,3,3,3,computing_math/k8s_migration_1,0.479167,0,743596,315.8
skills,meta,ale,ale,3,3,3,computing_math/k8s_payment_api_root_cause_analysis,0.697727,0,205663,213.8
skills,meta,ale,ale,3,3,3,health_medicine/simglucose_safe_basal_control_instance_1,0.0,0,704579,490.8
skills,meta,ale,ale,3,3,3,legal/legal_dr_fees_01,0.24,0,1085791,493.8
skills,meta,ale,ale,3,3,3,life_sciences/hg002_chr22_germline_variant_pipeline,0.0,0,2145222,629.2
skills,meta,ale,ale,3,3,3,life_sciences/rgi_mcr1_colistin_v2,1.0,1,1668582,423.3
skills,meta,ale,ale,3,3,3,life_sciences/tms_marrow_cell_type_annotation_instance_1,0.0,0,1437762,1060.0
skills,meta,ale,ale,3,4,1,computing_math/cfr_game_theory_equilibrium,0.67,0,1565929,810.6
skills,meta,ale,ale,3,4,1,computing_math/ising_post_measurement_1,0.0,0,797153,482.8
skills,meta,ale,ale,3,4,1,computing_math/paper_reproduction_instance_1,0.785,0,846744,671.1
skills,meta,ale,ale,3,4,1,computing_math/recsys_cold_start_instance_1,0.666667,0,5764861,2104.2
skills,meta,ale,ale,3,4,1,computing_math/synthetic_causal_structure_inference,0.348597,0,828151,548.9
skills,meta,ale,ale,3,4,1,engineering/aerospace_low_thrust_trajectory,0.0,0,837528,874.4
skills,meta,ale,ale,3,4,1,health_medicine/Clinical_Variant_Annotation,0.6,0,1076822,263.9
skills,meta,ale,ale,3,4,1,health_medicine/causal_ihdp_ite_estimation_6a_v1,0.0,0,2254817,620.3
skills,meta,ale,ale,3,4,1,health_medicine/crf_sdtm_mapping_4,0.5144,0,1225270,391.0
skills,meta,ale,ale,3,4,1,health_medicine/epidemiology_forecast,0.0,0,638114,307.6
skills,meta,ale,ale,3,4,1,health_medicine/flusight_offline_hosp_forecast_2024_12_14,0.160767,0,697458,198.6
skills,meta,ale,ale,3,4,1,health_medicine/healthcare_bias_audit_27a_public_replication_v1,0.0,0,3453959,790.2
skills,meta,ale,ale,3,4,1,health_medicine/nhanes_confounder_sensitivity_analysis,0.563542,0,568386,276.6
skills,meta,ale,ale,3,4,1,health_medicine/nsclc_radiomics_cox_signature_v1,0.0,0,5616853,1517.8
skills,meta,ale,ale,3,4,1,life_sciences/WGS_Variant_Calling,0.4,0,502146,276.4
skills,meta,ale,ale,3,4,1,life_sciences/cell_translocation_analysis,0.0,0,536228,517.2
skills,meta,ale,ale,3,4,1,life_sciences/protein_function_annotation_instance_1,0.0,0,682908,210.6
skills,meta,ale,ale,3,4,1,physical_sciences/adapt_vqe_molecular_energy,0.0,0,997322,454.5
skills,meta,ale,ale,3,4,1,physical_sciences/climate_prediction,0.05,0,1665712,1109.6
skills,meta,ale,ale,3,4,1,transport_safety/fds_single_compartment_detector_reconstruction,0.0,0,1828606,632.4
skills,meta,ale,ale,3,4,2,computing_math/cfr_game_theory_equilibrium,0.0,0,829751,629.2
skills,meta,ale,ale,3,4,2,computing_math/ising_post_measurement_1,0.0,0,533295,349.4
skills,meta,ale,ale,3,4,2,computing_math/paper_reproduction_instance_1,0.785,0,666249,257.6
skills,meta,ale,ale,3,4,2,computing_math/recsys_cold_start_instance_1,0.666667,0,1861597,787.6
skills,meta,ale,ale,3,4,2,computing_math/synthetic_causal_structure_inference,0.293524,0,888897,336.5
skills,meta,ale,ale,3,4,2,engineering/aerospace_low_thrust_trajectory,0.0,0,890344,1217.6
skills,meta,ale,ale,3,4,2,health_medicine/Clinical_Variant_Annotation,0.4,0,575071,204.0
skills,meta,ale,ale,3,4,2,health_medicine/causal_ihdp_ite_estimation_6a_v1,0.0,0,1208800,632.6
skills,meta,ale,ale,3,4,2,health_medicine/crf_sdtm_mapping_4,0.2727,0,2689254,730.4
skills,meta,ale,ale,3,4,2,health_medicine/epidemiology_forecast,0.0,0,480902,492.2
skills,meta,ale,ale,3,4,2,health_medicine/flusight_offline_hosp_forecast_2024_12_14,0.218048,0,1250329,449.2
skills,meta,ale,ale,3,4,2,health_medicine/healthcare_bias_audit_27a_public_replication_v1,0.0,0,4751623,1151.4
skills,meta,ale,ale,3,4,2,health_medicine/nhanes_confounder_sensitivity_analysis,0.537882,0,525856,609.0
skills,meta,ale,ale,3,4,2,health_medicine/nsclc_radiomics_cox_signature_v1,0.550659,0,1667944,5391.4
skills,meta,ale,ale,3,4,2,life_sciences/WGS_Variant_Calling,0.3,0,866471,336.6
skills,meta,ale,ale,3,4,2,life_sciences/cell_translocation_analysis,0.0,0,696143,594.3
skills,meta,ale,ale,3,4,2,life_sciences/protein_function_annotation_instance_1,0.0,0,625318,403.1
skills,meta,ale,ale,3,4,2,physical_sciences/adapt_vqe_molecular_energy,0.0,0,1134795,1897.1
skills,meta,ale,ale,3,4,2,physical_sciences/climate_prediction,0.25,0,523531,1188.7
skills,meta,ale,ale,3,4,2,transport_safety/fds_single_compartment_detector_reconstruction,0.0,0,1144269,984.0
skills,meta,ale,ale,3,4,3,computing_math/cfr_game_theory_equilibrium,0.0,0,1720843,1180.1
skills,meta,ale,ale,3,4,3,computing_math/ising_post_measurement_1,1.0,1,989882,857.3
skills,meta,ale,ale,3,4,3,computing_math/paper_reproduction_instance_1,0.785,0,627708,266.7
skills,meta,ale,ale,3,4,3,computing_math/recsys_cold_start_instance_1,0.333333,0,1319296,681.7
skills,meta,ale,ale,3,4,3,computing_math/synthetic_causal_structure_inference,0.320799,0,687571,643.9
skills,meta,ale,ale,3,4,3,engineering/aerospace_low_thrust_trajectory,0.0,0,850224,428.8
skills,meta,ale,ale,3,4,3,health_medicine/Clinical_Variant_Annotation,0.2,0,1592646,571.1
skills,meta,ale,ale,3,4,3,health_medicine/causal_ihdp_ite_estimation_6a_v1,0.142351,0,2302491,1035.8
skills,meta,ale,ale,3,4,3,health_medicine/crf_sdtm_mapping_4,0.0,0,1425441,657.0
skills,meta,ale,ale,3,4,3,health_medicine/epidemiology_forecast,0.0,0,515899,470.2
skills,meta,ale,ale,3,4,3,health_medicine/flusight_offline_hosp_forecast_2024_12_14,0.054846,0,404355,212.0
skills,meta,ale,ale,3,4,3,health_medicine/healthcare_bias_audit_27a_public_replication_v1,0.0,0,7245175,1484.2
skills,meta,ale,ale,3,4,3,health_medicine/nhanes_confounder_sensitivity_analysis,0.975,0,562502,377.3
skills,meta,ale,ale,3,4,3,health_medicine/nsclc_radiomics_cox_signature_v1,0.0,0,0,7851.2
skills,meta,ale,ale,3,4,3,life_sciences/WGS_Variant_Calling,0.4,0,1241391,547.7
skills,meta,ale,ale,3,4,3,life_sciences/cell_translocation_analysis,0.0,0,610893,652.6
skills,meta,ale,ale,3,4,3,life_sciences/protein_function_annotation_instance_1,0.0,0,1039410,386.9
skills,meta,ale,ale,3,4,3,physical_sciences/adapt_vqe_molecular_energy,0.0,0,898414,1213.7
skills,meta,ale,ale,3,4,3,physical_sciences/climate_prediction,0.25,0,1826567,1657.3
skills,meta,ale,ale,3,4,3,transport_safety/fds_single_compartment_detector_reconstruction,0.0,0,702504,515.8
skills,meta,ale,ale,4,1,1,business_finance/digital_marketing_audience_segmentation_1,0.9042,0,520519,210.3
skills,meta,ale,ale,4,1,1,business_finance/ff5_public_reconstruction,0.0,0,2238024,760.5
skills,meta,ale,ale,4,1,1,business_finance/pe_screening_memo_1,0.8,0,396951,183.6
skills,meta,ale,ale,4,1,1,computing_math/os_log_permission_guard_v1,1.0,1,413516,135.3
skills,meta,ale,ale,4,1,1,computing_math/ranking_node_feature_parity_recovery_instance_1,0.0,0,623456,210.4
skills,meta,ale,ale,4,1,1,education_info/homework_grading_numerical_pdes_instance_02,0.712485,0,1546303,344.9
skills,meta,ale,ale,4,1,1,engineering/abb_irb6700_asset_to_urdf_instance_1,0.4741,0,141359,135.3
skills,meta,ale,ale,4,1,1,engineering/chisel_verilog_alignment_seq_1,0.2,0,888521,175.4
skills,meta,ale,ale,4,1,1,health_medicine/healthcare_variant_annotation_pipeline,1.0,1,245616,155.4
skills,meta,ale,ale,4,1,1,health_medicine/scene3_skullstrip_qc,1.0,1,218341,111.9
skills,meta,ale,ale,4,1,2,business_finance/digital_marketing_audience_segmentation_1,0.6218,0,1109874,508.0
skills,meta,ale,ale,4,1,2,business_finance/ff5_public_reconstruction,0.0,0,1268855,806.7
skills,meta,ale,ale,4,1,2,business_finance/pe_screening_memo_1,0.0,0,637658,197.7
skills,meta,ale,ale,4,1,2,computing_math/os_log_permission_guard_v1,1.0,1,532586,258.1
skills,meta,ale,ale,4,1,2,computing_math/ranking_node_feature_parity_recovery_instance_1,0.0,0,1253437,392.8
skills,meta,ale,ale,4,1,2,education_info/homework_grading_numerical_pdes_instance_02,0.719818,0,555108,212.8
skills,meta,ale,ale,4,1,2,engineering/abb_irb6700_asset_to_urdf_instance_1,0.5824,0,433644,153.1
skills,meta,ale,ale,4,1,2,engineering/chisel_verilog_alignment_seq_1,0.2,0,559772,158.3
skills,meta,ale,ale,4,1,2,health_medicine/healthcare_variant_annotation_pipeline,1.0,1,420973,178.0
skills,meta,ale,ale,4,1,2,health_medicine/scene3_skullstrip_qc,1.0,1,174621,154.6
skills,meta,ale,ale,4,1,3,business_finance/digital_marketing_audience_segmentation_1,0.8667,0,432532,202.6
skills,meta,ale,ale,4,1,3,business_finance/ff5_public_reconstruction,0.0,0,1023064,534.7
skills,meta,ale,ale,4,1,3,business_finance/pe_screening_memo_1,0.5875,0,302637,208.6
skills,meta,ale,ale,4,1,3,computing_math/os_log_permission_guard_v1,1.0,1,345993,142.6
skills,meta,ale,ale,4,1,3,computing_math/ranking_node_feature_parity_recovery_instance_1,0.0,0,2202204,412.6
skills,meta,ale,ale,4,1,3,education_info/homework_grading_numerical_pdes_instance_02,0.700485,0,615185,332.7
skills,meta,ale,ale,4,1,3,engineering/abb_irb6700_asset_to_urdf_instance_1,0.4741,0,224732,182.6
skills,meta,ale,ale,4,1,3,engineering/chisel_verilog_alignment_seq_1,0.2,0,515029,162.3
skills,meta,ale,ale,4,1,3,health_medicine/healthcare_variant_annotation_pipeline,1.0,1,682415,222.3
skills,meta,ale,ale,4,1,3,health_medicine/scene3_skullstrip_qc,1.0,1,107278,114.1
skills,meta,ale,ale,4,2,1,business_finance/basel_operational_risk_bia_cn,0.0,0,2517201,646.4
skills,meta,ale,ale,4,2,1,computing_math/k3_abelian_extensions,0.0,0,1572240,731.4
skills,meta,ale,ale,4,2,1,education_info/moodle_gradebook_closeout_reconciliation,0.0,0,1759691,266.2
skills,meta,ale,ale,4,2,1,engineering/openroad_sky130_ibex_pnr_signoff,0.0,0,707846,246.5
skills,meta,ale,ale,4,2,1,engineering/power_10kv_feeder_reliability_001,0.002322,0,1783828,331.3
skills,meta,ale,ale,4,2,1,health_medicine/public_health_mask_mandate_ratio,0.333333,0,3948352,2851.2
skills,meta,ale,ale,4,2,1,legal/agora_governance_classify_instance_1,0.297778,0,801895,271.3
skills,meta,ale,ale,4,2,2,business_finance/basel_operational_risk_bia_cn,0.0,0,760350,272.5
skills,meta,ale,ale,4,2,2,computing_math/k3_abelian_extensions,1.0,1,1032404,592.6
skills,meta,ale,ale,4,2,2,education_info/moodle_gradebook_closeout_reconciliation,0.0,0,1486731,444.8
skills,meta,ale,ale,4,2,2,engineering/openroad_sky130_ibex_pnr_signoff,0.0,0,552608,192.8
skills,meta,ale,ale,4,2,2,engineering/power_10kv_feeder_reliability_001,0.0,0,1845155,332.7
skills,meta,ale,ale,4,2,2,health_medicine/public_health_mask_mandate_ratio,0.333333,0,1077808,752.6
skills,meta,ale,ale,4,2,2,legal/agora_governance_classify_instance_1,0.066667,0,541618,282.4
skills,meta,ale,ale,4,2,3,business_finance/basel_operational_risk_bia_cn,0.0,0,588102,348.1
skills,meta,ale,ale,4,2,3,computing_math/k3_abelian_extensions,1.0,1,1087156,592.9
skills,meta,ale,ale,4,2,3,education_info/moodle_gradebook_closeout_reconciliation,0.0,0,2058332,551.3
skills,meta,ale,ale,4,2,3,engineering/openroad_sky130_ibex_pnr_signoff,0.0,0,752333,192.9
skills,meta,ale,ale,4,2,3,engineering/power_10kv_feeder_reliability_001,0.001548,0,2507429,687.9
skills,meta,ale,ale,4,2,3,health_medicine/public_health_mask_mandate_ratio,0.333333,0,2589137,3118.4
skills,meta,ale,ale,4,2,3,legal/agora_governance_classify_instance_1,0.62963,0,601474,278.2
skills,meta,ale,ale,4,3,1,business_finance/digital_marketing_ab_test_analysis_1,0.0,0,737846,221.9
skills,meta,ale,ale,4,3,1,business_finance/financial_stmt_reconstruction_aapl_fy2024,1.0,1,416277,136.1
skills,meta,ale,ale,4,3,1,business_finance/legal_ma_consistency_audit_01,0.0,0,1141228,251.3
skills,meta,ale,ale,4,3,1,computing_math/k8s_migration_1,0.0,0,5999989,706.1
skills,meta,ale,ale,4,3,1,computing_math/k8s_payment_api_root_cause_analysis,0.73,0,220459,166.4
skills,meta,ale,ale,4,3,1,health_medicine/simglucose_safe_basal_control_instance_1,0.0,0,886995,339.4
skills,meta,ale,ale,4,3,1,legal/legal_dr_fees_01,0.8,0,1550113,796.5
skills,meta,ale,ale,4,3,1,life_sciences/hg002_chr22_germline_variant_pipeline,0.0,0,2918305,446.9
skills,meta,ale,ale,4,3,1,life_sciences/rgi_mcr1_colistin_v2,1.0,1,1584980,376.1
skills,meta,ale,ale,4,3,1,life_sciences/tms_marrow_cell_type_annotation_instance_1,0.0,0,375711,296.5
skills,meta,ale,ale,4,3,2,business_finance/digital_marketing_ab_test_analysis_1,1.0,1,610830,348.2
skills,meta,ale,ale,4,3,2,business_finance/financial_stmt_reconstruction_aapl_fy2024,1.0,1,857921,327.6
skills,meta,ale,ale,4,3,2,business_finance/legal_ma_consistency_audit_01,0.0,0,973024,192.6
skills,meta,ale,ale,4,3,2,computing_math/k8s_migration_1,0.679167,0,1946215,297.7
skills,meta,ale,ale,4,3,2,computing_math/k8s_payment_api_root_cause_analysis,0.663889,0,505503,257.8
skills,meta,ale,ale,4,3,2,health_medicine/simglucose_safe_basal_control_instance_1,0.0,0,814926,351.4
skills,meta,ale,ale,4,3,2,legal/legal_dr_fees_01,0.3,0,2066736,638.2
skills,meta,ale,ale,4,3,2,life_sciences/hg002_chr22_germline_variant_pipeline,0.0,0,848600,302.3
skills,meta,ale,ale,4,3,2,life_sciences/rgi_mcr1_colistin_v2,0.0,0,540485,247.9
skills,meta,ale,ale,4,3,2,life_sciences/tms_marrow_cell_type_annotation_instance_1,0.0,0,474324,298.3
skills,meta,ale,ale,4,3,3,business_finance/digital_marketing_ab_test_analysis_1,0.0,0,500385,247.2
skills,meta,ale,ale,4,3,3,business_finance/financial_stmt_reconstruction_aapl_fy2024,1.0,1,300837,112.8
skills,meta,ale,ale,4,3,3,business_finance/legal_ma_consistency_audit_01,0.0,0,1340092,276.8
skills,meta,ale,ale,4,3,3,computing_math/k8s_migration_1,0.7,0,1112212,286.7
skills,meta,ale,ale,4,3,3,computing_math/k8s_payment_api_root_cause_analysis,0.713889,0,224675,192.5
skills,meta,ale,ale,4,3,3,health_medicine/simglucose_safe_basal_control_instance_1,0.0,0,1145202,486.9
skills,meta,ale,ale,4,3,3,legal/legal_dr_fees_01,0.0,0,985560,477.0
skills,meta,ale,ale,4,3,3,life_sciences/hg002_chr22_germline_variant_pipeline,0.0,0,712559,291.8
skills,meta,ale,ale,4,3,3,life_sciences/rgi_mcr1_colistin_v2,1.0,1,1247263,644.7
skills,meta,ale,ale,4,3,3,life_sciences/tms_marrow_cell_type_annotation_instance_1,0.0,0,1424539,1217.5
skills,meta,ale,ale,4,4,1,computing_math/cfr_game_theory_equilibrium,0.0,0,997265,647.6
skills,meta,ale,ale,4,4,1,computing_math/ising_post_measurement_1,0.0,0,219138,237.9
skills,meta,ale,ale,4,4,1,computing_math/paper_reproduction_instance_1,0.785,0,582905,588.4
skills,meta,ale,ale,4,4,1,computing_math/recsys_cold_start_instance_1,0.5,0,774700,335.0
skills,meta,ale,ale,4,4,1,computing_math/synthetic_causal_structure_inference,0.333276,0,297490,189.8
skills,meta,ale,ale,4,4,1,engineering/aerospace_low_thrust_trajectory,0.0,0,1206902,367.6
skills,meta,ale,ale,4,4,1,health_medicine/Clinical_Variant_Annotation,0.4,0,1140191,347.9
skills,meta,ale,ale,4,4,1,health_medicine/causal_ihdp_ite_estimation_6a_v1,0.142351,0,1488461,598.8
skills,meta,ale,ale,4,4,1,health_medicine/crf_sdtm_mapping_4,0.0,0,991478,376.2
skills,meta,ale,ale,4,4,1,health_medicine/epidemiology_forecast,0.0,0,537034,259.8
skills,meta,ale,ale,4,4,1,health_medicine/flusight_offline_hosp_forecast_2024_12_14,0.632796,0,1191394,319.0
skills,meta,ale,ale,4,4,1,health_medicine/healthcare_bias_audit_27a_public_replication_v1,0.0,0,4883576,759.9
skills,meta,ale,ale,4,4,1,health_medicine/nhanes_confounder_sensitivity_analysis,0.546153,0,826510,258.6
skills,meta,ale,ale,4,4,1,health_medicine/nsclc_radiomics_cox_signature_v1,0.0,0,1279008,2733.5
skills,meta,ale,ale,4,4,1,life_sciences/WGS_Variant_Calling,0.3,0,1537225,398.0
skills,meta,ale,ale,4,4,1,life_sciences/cell_translocation_analysis,0.0,0,610226,509.7
skills,meta,ale,ale,4,4,1,life_sciences/protein_function_annotation_instance_1,0.0,0,890206,277.8
skills,meta,ale,ale,4,4,1,physical_sciences/adapt_vqe_molecular_energy,0.666667,0,1079502,623.7
skills,meta,ale,ale,4,4,1,physical_sciences/climate_prediction,0.4098,0,1059612,1060.6
skills,meta,ale,ale,4,4,1,transport_safety/fds_single_compartment_detector_reconstruction,0.0,0,1387209,801.4
skills,meta,ale,ale,4,4,2,computing_math/cfr_game_theory_equilibrium,0.0,0,1000343,863.9
skills,meta,ale,ale,4,4,2,computing_math/ising_post_measurement_1,1.0,1,430861,289.5
skills,meta,ale,ale,4,4,2,computing_math/paper_reproduction_instance_1,0.8,0,790815,643.7
skills,meta,ale,ale,4,4,2,computing_math/recsys_cold_start_instance_1,0.333333,0,484808,231.7
skills,meta,ale,ale,4,4,2,computing_math/synthetic_causal_structure_inference,0.253807,0,883907,554.0
skills,meta,ale,ale,4,4,2,engineering/aerospace_low_thrust_trajectory,0.0,0,1241686,540.4
skills,meta,ale,ale,4,4,2,health_medicine/Clinical_Variant_Annotation,0.4,0,309953,155.0
skills,meta,ale,ale,4,4,2,health_medicine/causal_ihdp_ite_estimation_6a_v1,0.0,0,1543385,445.6
skills,meta,ale,ale,4,4,2,health_medicine/crf_sdtm_mapping_4,0.3923,0,1482855,314.2
skills,meta,ale,ale,4,4,2,health_medicine/epidemiology_forecast,0.0,0,441594,229.7
skills,meta,ale,ale,4,4,2,health_medicine/flusight_offline_hosp_forecast_2024_12_14,0.025499,0,1014544,262.9
skills,meta,ale,ale,4,4,2,health_medicine/healthcare_bias_audit_27a_public_replication_v1,0.0,0,3935823,2413.6
skills,meta,ale,ale,4,4,2,health_medicine/nhanes_confounder_sensitivity_analysis,0.571189,0,425186,229.7
skills,meta,ale,ale,4,4,2,health_medicine/nsclc_radiomics_cox_signature_v1,0.0,0,904216,823.8
skills,meta,ale,ale,4,4,2,life_sciences/WGS_Variant_Calling,0.3,0,815506,240.5
skills,meta,ale,ale,4,4,2,life_sciences/cell_translocation_analysis,0.0,0,1154004,639.6
skills,meta,ale,ale,4,4,2,life_sciences/protein_function_annotation_instance_1,0.0,0,688826,263.3
skills,meta,ale,ale,4,4,2,physical_sciences/adapt_vqe_molecular_energy,0.333333,0,1691179,669.9
skills,meta,ale,ale,4,4,2,physical_sciences/climate_prediction,0.7911,0,833226,969.7
skills,meta,ale,ale,4,4,2,transport_safety/fds_single_compartment_detector_reconstruction,0.0,0,535365,240.0
skills,meta,ale,ale,4,4,3,computing_math/cfr_game_theory_equilibrium,0.0,0,1159157,880.8
skills,meta,ale,ale,4,4,3,computing_math/ising_post_measurement_1,0.0,0,626735,644.3
skills,meta,ale,ale,4,4,3,computing_math/paper_reproduction_instance_1,0.785,0,779860,625.3
skills,meta,ale,ale,4,4,3,computing_math/recsys_cold_start_instance_1,0.333333,0,1883600,720.5
skills,meta,ale,ale,4,4,3,computing_math/synthetic_causal_structure_inference,0.270544,0,638040,189.5
skills,meta,ale,ale,4,4,3,engineering/aerospace_low_thrust_trajectory,0.0,0,1194905,373.9
skills,meta,ale,ale,4,4,3,health_medicine/Clinical_Variant_Annotation,0.4,0,464969,189.1
skills,meta,ale,ale,4,4,3,health_medicine/causal_ihdp_ite_estimation_6a_v1,0.0,0,1254201,495.3
skills,meta,ale,ale,4,4,3,health_medicine/crf_sdtm_mapping_4,0.3636,0,1489573,368.4
skills,meta,ale,ale,4,4,3,health_medicine/epidemiology_forecast,0.0,0,984687,340.0
skills,meta,ale,ale,4,4,3,health_medicine/flusight_offline_hosp_forecast_2024_12_14,0.398188,0,887304,250.1
skills,meta,ale,ale,4,4,3,health_medicine/healthcare_bias_audit_27a_public_replication_v1,0.0,0,5158438,1231.6
skills,meta,ale,ale,4,4,3,health_medicine/nhanes_confounder_sensitivity_analysis,0.0,0,1467631,583.6
skills,meta,ale,ale,4,4,3,health_medicine/nsclc_radiomics_cox_signature_v1,0.0,0,1359916,1542.9
skills,meta,ale,ale,4,4,3,life_sciences/WGS_Variant_Calling,0.4,0,763197,238.7
skills,meta,ale,ale,4,4,3,life_sciences/cell_translocation_analysis,0.0,0,638430,533.8
skills,meta,ale,ale,4,4,3,life_sciences/protein_function_annotation_instance_1,0.0,0,696947,200.4
skills,meta,ale,ale,4,4,3,physical_sciences/adapt_vqe_molecular_energy,0.333333,0,542528,523.4
skills,meta,ale,ale,4,4,3,physical_sciences/climate_prediction,0.05,0,2559323,1241.4
skills,meta,ale,ale,4,4,3,transport_safety/fds_single_compartment_detector_reconstruction,0.0,0,1238170,348.2
skills,meta,ale,ale,4,5,1,business_finance/bpmn_supply_disruption_l3,0.831,0,1218355,462.0
skills,meta,ale,ale,4,5,1,health_medicine/healthcare_tcga_luad_survival_kras,0.0,0,7570132,5437.7
skills,meta,ale,ale,4,5,1,psychology_neuro/scene2_resample,0.0,0,305749,359.1
skills,meta,ale,ale,4,5,2,business_finance/bpmn_supply_disruption_l3,0.0,0,2072435,998.9
skills,meta,ale,ale,4,5,2,health_medicine/healthcare_tcga_luad_survival_kras,0.0,0,452018,374.0
skills,meta,ale,ale,4,5,2,psychology_neuro/scene2_resample,0.0,0,1341573,790.7
skills,meta,ale,ale,4,5,3,business_finance/bpmn_supply_disruption_l3,0.0,0,1219629,664.0
skills,meta,ale,ale,4,5,3,health_medicine/healthcare_tcga_luad_survival_kras,0.0,0,578782,404.0
skills,meta,ale,ale,4,5,3,psychology_neuro/scene2_resample,0.0,0,647954,610.7
skills,meta,ale,ale,5,1,1,business_finance/digital_marketing_audience_segmentation_1,0.8667,0,514636,296.7
skills,meta,ale,ale,5,1,1,business_finance/ff5_public_reconstruction,0.0,0,1332396,447.2
skills,meta,ale,ale,5,1,1,business_finance/pe_screening_memo_1,0.60625,0,518583,216.8
skills,meta,ale,ale,5,1,1,computing_math/os_log_permission_guard_v1,1.0,1,311596,147.4
skills,meta,ale,ale,5,1,1,computing_math/ranking_node_feature_parity_recovery_instance_1,0.0,0,1501101,412.0
skills,meta,ale,ale,5,1,1,education_info/homework_grading_numerical_pdes_instance_02,0.702485,0,485337,197.4
skills,meta,ale,ale,5,1,1,engineering/abb_irb6700_asset_to_urdf_instance_1,0.5721,0,456437,147.5
skills,meta,ale,ale,5,1,1,engineering/chisel_verilog_alignment_seq_1,0.2,0,325916,137.3
skills,meta,ale,ale,5,1,1,health_medicine/healthcare_variant_annotation_pipeline,1.0,1,401322,197.0
skills,meta,ale,ale,5,1,1,health_medicine/scene3_skullstrip_qc,1.0,1,108089,103.2
skills,meta,ale,ale,5,1,2,business_finance/digital_marketing_audience_segmentation_1,0.9042,0,518656,210.7
skills,meta,ale,ale,5,1,2,business_finance/ff5_public_reconstruction,0.0,0,1254109,403.2
skills,meta,ale,ale,5,1,2,business_finance/pe_screening_memo_1,0.4875,0,218849,138.5
skills,meta,ale,ale,5,1,2,computing_math/os_log_permission_guard_v1,1.0,1,466180,220.6
skills,meta,ale,ale,5,1,2,computing_math/ranking_node_feature_parity_recovery_instance_1,0.0,0,668799,265.4
skills,meta,ale,ale,5,1,2,education_info/homework_grading_numerical_pdes_instance_02,0.712485,0,740612,203.2
skills,meta,ale,ale,5,1,2,engineering/abb_irb6700_asset_to_urdf_instance_1,0.4741,0,415115,163.5
skills,meta,ale,ale,5,1,2,engineering/chisel_verilog_alignment_seq_1,0.2,0,378203,133.5
skills,meta,ale,ale,5,1,2,health_medicine/healthcare_variant_annotation_pipeline,0.991,0,395982,153.4
skills,meta,ale,ale,5,1,2,health_medicine/scene3_skullstrip_qc,1.0,1,54425,99.9
skills,meta,ale,ale,5,1,3,business_finance/digital_marketing_audience_segmentation_1,0.9042,0,404384,179.1
skills,meta,ale,ale,5,1,3,business_finance/ff5_public_reconstruction,0.0,0,680306,293.6
skills,meta,ale,ale,5,1,3,business_finance/pe_screening_memo_1,0.65,0,299973,185.0
skills,meta,ale,ale,5,1,3,computing_math/os_log_permission_guard_v1,1.0,1,586921,209.0
skills,meta,ale,ale,5,1,3,computing_math/ranking_node_feature_parity_recovery_instance_1,0.0,0,640030,248.8
skills,meta,ale,ale,5,1,3,education_info/homework_grading_numerical_pdes_instance_02,0.769818,0,1721168,489.2
skills,meta,ale,ale,5,1,3,engineering/abb_irb6700_asset_to_urdf_instance_1,0.4741,0,411237,153.8
skills,meta,ale,ale,5,1,3,engineering/chisel_verilog_alignment_seq_1,0.2,0,315174,144.0
skills,meta,ale,ale,5,1,3,health_medicine/healthcare_variant_annotation_pipeline,1.0,1,1088542,339.0
skills,meta,ale,ale,5,1,3,health_medicine/scene3_skullstrip_qc,1.0,1,136854,110.5
skills,meta,ale,ale,5,2,1,business_finance/basel_operational_risk_bia_cn,0.0,0,592821,245.2
skills,meta,ale,ale,5,2,1,computing_math/k3_abelian_extensions,1.0,1,4802936,620.4
skills,meta,ale,ale,5,2,1,education_info/moodle_gradebook_closeout_reconciliation,0.0,0,1614603,532.7
skills,meta,ale,ale,5,2,1,engineering/openroad_sky130_ibex_pnr_signoff,0.0,0,1049150,245.5
skills,meta,ale,ale,5,2,1,engineering/power_10kv_feeder_reliability_001,0.001548,0,880765,200.0
skills,meta,ale,ale,5,2,1,health_medicine/public_health_mask_mandate_ratio,0.0,0,1432893,3715.2
skills,meta,ale,ale,5,2,1,legal/agora_governance_classify_instance_1,0.513675,0,848208,292.9
skills,meta,ale,ale,5,2,2,business_finance/basel_operational_risk_bia_cn,0.0,0,888419,311.4
skills,meta,ale,ale,5,2,2,computing_math/k3_abelian_extensions,1.0,1,825366,413.8
skills,meta,ale,ale,5,2,2,education_info/moodle_gradebook_closeout_reconciliation,0.0,0,1859360,424.3
skills,meta,ale,ale,5,2,2,engineering/openroad_sky130_ibex_pnr_signoff,0.0,0,468393,128.9
skills,meta,ale,ale,5,2,2,engineering/power_10kv_feeder_reliability_001,0.0,0,2090424,1318.7
skills,meta,ale,ale,5,2,2,health_medicine/public_health_mask_mandate_ratio,0.333333,0,2965688,941.7
skills,meta,ale,ale,5,2,2,legal/agora_governance_classify_instance_1,0.381481,0,351171,181.3
skills,meta,ale,ale,5,2,3,business_finance/basel_operational_risk_bia_cn,0.0,0,642258,193.9
skills,meta,ale,ale,5,2,3,computing_math/k3_abelian_extensions,1.0,1,867003,504.0
skills,meta,ale,ale,5,2,3,education_info/moodle_gradebook_closeout_reconciliation,0.0,0,1778030,377.1
skills,meta,ale,ale,5,2,3,engineering/openroad_sky130_ibex_pnr_signoff,0.0,0,1144367,238.7
skills,meta,ale,ale,5,2,3,engineering/power_10kv_feeder_reliability_001,0.0,0,769832,228.9
skills,meta,ale,ale,5,2,3,health_medicine/public_health_mask_mandate_ratio,0.333333,0,1557464,2159.0
skills,meta,ale,ale,5,2,3,legal/agora_governance_classify_instance_1,0.354921,0,1213067,283.9
skills,meta,ale,ale,5,3,1,business_finance/digital_marketing_ab_test_analysis_1,0.0,0,1040027,376.3
skills,meta,ale,ale,5,3,1,business_finance/financial_stmt_reconstruction_aapl_fy2024,1.0,1,675595,153.9
skills,meta,ale,ale,5,3,1,business_finance/legal_ma_consistency_audit_01,0.0,0,754386,213.8
skills,meta,ale,ale,5,3,1,computing_math/k8s_migration_1,0.479167,0,979975,244.4
skills,meta,ale,ale,5,3,1,computing_math/k8s_payment_api_root_cause_analysis,0.73,0,244273,153.4
skills,meta,ale,ale,5,3,1,health_medicine/simglucose_safe_basal_control_instance_1,0.0,0,875344,173.8
skills,meta,ale,ale,5,3,1,legal/legal_dr_fees_01,0.0,0,1409700,334.4
skills,meta,ale,ale,5,3,1,life_sciences/hg002_chr22_germline_variant_pipeline,0.0,0,1552644,339.2
skills,meta,ale,ale,5,3,1,life_sciences/rgi_mcr1_colistin_v2,1.0,1,995409,238.3
skills,meta,ale,ale,5,3,1,life_sciences/tms_marrow_cell_type_annotation_instance_1,0.0,0,1568702,338.6
skills,meta,ale,ale,5,3,2,business_finance/digital_marketing_ab_test_analysis_1,0.0,0,616233,201.0
skills,meta,ale,ale,5,3,2,business_finance/financial_stmt_reconstruction_aapl_fy2024,1.0,1,748157,151.1
skills,meta,ale,ale,5,3,2,business_finance/legal_ma_consistency_audit_01,0.0,0,942037,231.2
skills,meta,ale,ale,5,3,2,computing_math/k8s_migration_1,0.658333,0,733595,255.9
skills,meta,ale,ale,5,3,2,computing_math/k8s_payment_api_root_cause_analysis,0.672727,0,220475,200.4
skills,meta,ale,ale,5,3,2,health_medicine/simglucose_safe_basal_control_instance_1,0.0,0,593686,195.1
skills,meta,ale,ale,5,3,2,legal/legal_dr_fees_01,0.3,0,646104,350.3
skills,meta,ale,ale,5,3,2,life_sciences/hg002_chr22_germline_variant_pipeline,0.0,0,1348278,370.6
skills,meta,ale,ale,5,3,2,life_sciences/rgi_mcr1_colistin_v2,1.0,1,1365363,291.2
skills,meta,ale,ale,5,3,2,life_sciences/tms_marrow_cell_type_annotation_instance_1,0.0,0,638667,300.4
skills,meta,ale,ale,5,3,3,business_finance/digital_marketing_ab_test_analysis_1,0.0,0,2416202,1104.9
skills,meta,ale,ale,5,3,3,business_finance/financial_stmt_reconstruction_aapl_fy2024,1.0,1,967792,205.0
skills,meta,ale,ale,5,3,3,business_finance/legal_ma_consistency_audit_01,0.0,0,1332934,304.3
skills,meta,ale,ale,5,3,3,computing_math/k8s_migration_1,0.479167,0,1202628,248.9
skills,meta,ale,ale,5,3,3,computing_math/k8s_payment_api_root_cause_analysis,0.763889,0,296278,164.8
skills,meta,ale,ale,5,3,3,health_medicine/simglucose_safe_basal_control_instance_1,0.0,0,385230,159.5
skills,meta,ale,ale,5,3,3,legal/legal_dr_fees_01,0.0,0,1114414,395.1
skills,meta,ale,ale,5,3,3,life_sciences/hg002_chr22_germline_variant_pipeline,0.0,0,1614551,334.3
skills,meta,ale,ale,5,3,3,life_sciences/rgi_mcr1_colistin_v2,0.0,0,1248931,688.0
skills,meta,ale,ale,5,3,3,life_sciences/tms_marrow_cell_type_annotation_instance_1,0.0,0,1192002,444.1
skills,meta,ale,ale,5,4,1,computing_math/cfr_game_theory_equilibrium,0.67,0,1000338,467.0
skills,meta,ale,ale,5,4,1,computing_math/ising_post_measurement_1,1.0,1,261578,181.1
skills,meta,ale,ale,5,4,1,computing_math/paper_reproduction_instance_1,0.8,0,904845,210.7
skills,meta,ale,ale,5,4,1,computing_math/recsys_cold_start_instance_1,0.333333,0,543859,393.2
skills,meta,ale,ale,5,4,1,computing_math/synthetic_causal_structure_inference,0.140041,0,797762,420.9
skills,meta,ale,ale,5,4,1,engineering/aerospace_low_thrust_trajectory,0.0,0,737168,282.8
skills,meta,ale,ale,5,4,1,health_medicine/Clinical_Variant_Annotation,0.4,0,475151,170.6
skills,meta,ale,ale,5,4,1,health_medicine/causal_ihdp_ite_estimation_6a_v1,0.161086,0,1395878,689.0
skills,meta,ale,ale,5,4,1,health_medicine/crf_sdtm_mapping_4,0.3158,0,2853936,371.7
skills,meta,ale,ale,5,4,1,health_medicine/epidemiology_forecast,0.0,0,614649,405.2
skills,meta,ale,ale,5,4,1,health_medicine/flusight_offline_hosp_forecast_2024_12_14,0.0,0,610184,230.5
skills,meta,ale,ale,5,4,1,health_medicine/healthcare_bias_audit_27a_public_replication_v1,0.0,0,5203870,2589.1
skills,meta,ale,ale,5,4,1,health_medicine/nhanes_confounder_sensitivity_analysis,0.545649,0,1978589,787.1
skills,meta,ale,ale,5,4,1,health_medicine/nsclc_radiomics_cox_signature_v1,0.0,0,1113209,2057.0
skills,meta,ale,ale,5,4,1,life_sciences/WGS_Variant_Calling,0.4,0,760652,251.9
skills,meta,ale,ale,5,4,1,life_sciences/cell_translocation_analysis,0.0,0,1962635,702.6
skills,meta,ale,ale,5,4,1,life_sciences/protein_function_annotation_instance_1,0.0,0,660575,222.2
skills,meta,ale,ale,5,4,1,physical_sciences/adapt_vqe_molecular_energy,0.333333,0,907665,536.0
skills,meta,ale,ale,5,4,1,physical_sciences/climate_prediction,0.25,0,705126,897.0
skills,meta,ale,ale,5,4,1,transport_safety/fds_single_compartment_detector_reconstruction,0.0,0,1770084,615.3
skills,meta,ale,ale,5,4,2,computing_math/cfr_game_theory_equilibrium,0.33,0,1144820,572.8
skills,meta,ale,ale,5,4,2,computing_math/ising_post_measurement_1,0.0,0,649732,216.3
skills,meta,ale,ale,5,4,2,computing_math/paper_reproduction_instance_1,0.785,0,1140022,291.5
skills,meta,ale,ale,5,4,2,computing_math/recsys_cold_start_instance_1,0.5,0,1611741,1108.1
skills,meta,ale,ale,5,4,2,computing_math/synthetic_causal_structure_inference,0.319537,0,866108,505.4
skills,meta,ale,ale,5,4,2,engineering/aerospace_low_thrust_trajectory,0.0,0,764605,860.2
skills,meta,ale,ale,5,4,2,health_medicine/Clinical_Variant_Annotation,0.4,0,433850,245.6
skills,meta,ale,ale,5,4,2,health_medicine/causal_ihdp_ite_estimation_6a_v1,0.161086,0,965717,516.5
skills,meta,ale,ale,5,4,2,health_medicine/crf_sdtm_mapping_4,0.3565,0,1087275,295.6
skills,meta,ale,ale,5,4,2,health_medicine/epidemiology_forecast,0.0,0,487795,367.0
skills,meta,ale,ale,5,4,2,health_medicine/flusight_offline_hosp_forecast_2024_12_14,0.0,0,656706,181.0
skills,meta,ale,ale,5,4,2,health_medicine/healthcare_bias_audit_27a_public_replication_v1,0.0,0,6496908,1487.2
skills,meta,ale,ale,5,4,2,health_medicine/nhanes_confounder_sensitivity_analysis,0.57097,0,404258,232.4
skills,meta,ale,ale,5,4,2,health_medicine/nsclc_radiomics_cox_signature_v1,0.0,0,1412053,672.3
skills,meta,ale,ale,5,4,2,life_sciences/WGS_Variant_Calling,0.3,0,845640,275.5
skills,meta,ale,ale,5,4,2,life_sciences/cell_translocation_analysis,0.0,0,1152863,573.0
skills,meta,ale,ale,5,4,2,life_sciences/protein_function_annotation_instance_1,0.0,0,1705048,247.1
skills,meta,ale,ale,5,4,2,physical_sciences/adapt_vqe_molecular_energy,0.0,0,1234682,481.8
skills,meta,ale,ale,5,4,2,physical_sciences/climate_prediction,0.4484,0,2192745,1208.7
skills,meta,ale,ale,5,4,2,transport_safety/fds_single_compartment_detector_reconstruction,0.0,0,2269471,890.8
skills,meta,ale,ale,5,4,3,computing_math/cfr_game_theory_equilibrium,0.0,0,676731,452.6
skills,meta,ale,ale,5,4,3,computing_math/ising_post_measurement_1,1.0,1,566306,653.4
skills,meta,ale,ale,5,4,3,computing_math/paper_reproduction_instance_1,0.8,0,811110,216.9
skills,meta,ale,ale,5,4,3,computing_math/recsys_cold_start_instance_1,0.166667,0,5063633,933.1
skills,meta,ale,ale,5,4,3,computing_math/synthetic_causal_structure_inference,0.282788,0,1114078,852.5
skills,meta,ale,ale,5,4,3,engineering/aerospace_low_thrust_trajectory,0.0,0,1068082,360.9
skills,meta,ale,ale,5,4,3,health_medicine/Clinical_Variant_Annotation,0.4,0,997372,330.1
skills,meta,ale,ale,5,4,3,health_medicine/causal_ihdp_ite_estimation_6a_v1,0.142351,0,4261820,1052.3
skills,meta,ale,ale,5,4,3,health_medicine/crf_sdtm_mapping_4,0.299,0,1264335,212.4
skills,meta,ale,ale,5,4,3,health_medicine/epidemiology_forecast,1.0,1,1022095,396.5
skills,meta,ale,ale,5,4,3,health_medicine/flusight_offline_hosp_forecast_2024_12_14,0.737654,0,809425,190.7
skills,meta,ale,ale,5,4,3,health_medicine/healthcare_bias_audit_27a_public_replication_v1,0.0,0,3259271,814.5
skills,meta,ale,ale,5,4,3,health_medicine/nhanes_confounder_sensitivity_analysis,0.571153,0,1715280,582.0
skills,meta,ale,ale,5,4,3,health_medicine/nsclc_radiomics_cox_signature_v1,0.0,0,2372768,2385.7
skills,meta,ale,ale,5,4,3,life_sciences/WGS_Variant_Calling,0.4,0,1125231,290.8
skills,meta,ale,ale,5,4,3,life_sciences/cell_translocation_analysis,0.0,0,4804827,2075.1
skills,meta,ale,ale,5,4,3,life_sciences/protein_function_annotation_instance_1,0.0,0,896568,204.9
skills,meta,ale,ale,5,4,3,physical_sciences/adapt_vqe_molecular_energy,0.0,0,1601254,706.6
skills,meta,ale,ale,5,4,3,physical_sciences/climate_prediction,0.25,0,760280,1002.9
skills,meta,ale,ale,5,4,3,transport_safety/fds_single_compartment_detector_reconstruction,0.0,0,2540433,759.3
skills,meta,ale,ale,5,5,1,business_finance/bpmn_supply_disruption_l3,0.0,0,1004133,301.0
skills,meta,ale,ale,5,5,1,health_medicine/healthcare_tcga_luad_survival_kras,0.0,0,1187067,2336.7
skills,meta,ale,ale,5,5,1,psychology_neuro/scene2_resample,0.0,0,1343505,926.3
skills,meta,ale,ale,5,5,2,business_finance/bpmn_supply_disruption_l3,0.8129,0,1857108,408.2
skills,meta,ale,ale,5,5,2,health_medicine/healthcare_tcga_luad_survival_kras,0.0,0,2993506,3513.8
skills,meta,ale,ale,5,5,2,psychology_neuro/scene2_resample,0.0,0,824975,743.6
skills,meta,ale,ale,5,5,3,business_finance/bpmn_supply_disruption_l3,0.0,0,1546569,367.8
skills,meta,ale,ale,5,5,3,health_medicine/healthcare_tcga_luad_survival_kras,0.0,0,3538742,3988.4
skills,meta,ale,ale,5,5,3,psychology_neuro/scene2_resample,0.0,0,1763768,619.9
skills,meta,ale,ale,5,6,1,business_finance/sec_10k_financial_parsing,0.0195,0,2658225,2520.5
skills,meta,ale,ale,5,6,1,computing_math/branch_bound_atsp,0.0,0,1781204,1202.9
skills,meta,ale,ale,5,6,1,computing_math/cp_test_gen_1,0.4,0,943703,438.1
skills,meta,ale,ale,5,6,1,computing_math/particle_filter_nonlinear_tracking,0.0,0,1769072,776.4
skills,meta,ale,ale,5,6,1,health_medicine/healthcare_sap_group_sequential_nsclc,0.316667,0,686568,385.0
skills,meta,ale,ale,5,6,1,health_medicine/obermeyer_bias_reproduction,0.747993,0,503633,348.9
skills,meta,ale,ale,5,6,1,health_medicine/prostate_imrt_matrad_reproduction,0.0,0,3754950,780.1
skills,meta,ale,ale,5,6,1,health_medicine/wsi_tumor_localization_1,0.0,0,563358,304.1
skills,meta,ale,ale,5,6,1,life_sciences/amber_three_stage_mmgbsa_workflow_instance_1,0.0,0,523861,274.4
skills,meta,ale,ale,5,6,1,life_sciences/genomic_interval_processing_1,0.25,0,337796,194.9
skills,meta,ale,ale,5,6,1,life_sciences/pseudotime_de,0.0,0,1469372,506.7
skills,meta,ale,ale,5,6,1,physical_sciences/computational_materials_science,0.0,0,352680,384.9
skills,meta,ale,ale,5,6,1,physical_sciences/exact_diag_heisenberg_j1j2,0.0,0,1669781,1319.3
skills,meta,ale,ale,5,6,1,physical_sciences/gillespie_gene_regulatory_network,0.78,0,2147772,603.4
skills,meta,ale,ale,5,6,1,physical_sciences/hst_acs_wfc_visit_reduction,0.0,0,886696,607.4
skills,meta,ale,ale,5,6,1,physical_sciences/mose2_bse_absorption_soc,0.0,0,770044,717.3
skills,meta,ale,ale,5,6,1,physical_sciences/silicon_bse_absorption,0.0,0,623705,295.1
skills,meta,ale,ale,5,6,1,transport_safety/abm_hangzhou_metro,0.0,0,1780916,667.3
skills,meta,ale,ale,5,6,2,business_finance/sec_10k_financial_parsing,0.0461,0,0,7299.2
skills,meta,ale,ale,5,6,2,computing_math/branch_bound_atsp,0.9,0,2151738,1908.7
skills,meta,ale,ale,5,6,2,computing_math/cp_test_gen_1,0.3,0,1722666,2801.9
skills,meta,ale,ale,5,6,2,computing_math/particle_filter_nonlinear_tracking,0.0,0,924402,958.1
skills,meta,ale,ale,5,6,2,health_medicine/healthcare_sap_group_sequential_nsclc,0.368571,0,396625,262.2
skills,meta,ale,ale,5,6,2,health_medicine/obermeyer_bias_reproduction,0.739446,0,508506,373.6
skills,meta,ale,ale,5,6,2,health_medicine/prostate_imrt_matrad_reproduction,0.0,0,5566938,1087.2
skills,meta,ale,ale,5,6,2,health_medicine/wsi_tumor_localization_1,0.0,0,628996,308.2
skills,meta,ale,ale,5,6,2,life_sciences/amber_three_stage_mmgbsa_workflow_instance_1,0.0,0,529647,392.2
skills,meta,ale,ale,5,6,2,life_sciences/genomic_interval_processing_1,0.15,0,1116321,364.6
skills,meta,ale,ale,5,6,2,life_sciences/pseudotime_de,0.0,0,439019,393.9
skills,meta,ale,ale,5,6,2,physical_sciences/computational_materials_science,0.0,0,2087141,653.6
skills,meta,ale,ale,5,6,2,physical_sciences/exact_diag_heisenberg_j1j2,0.666667,0,1191161,2308.9
skills,meta,ale,ale,5,6,2,physical_sciences/gillespie_gene_regulatory_network,0.0,0,1601833,544.4
skills,meta,ale,ale,5,6,2,physical_sciences/hst_acs_wfc_visit_reduction,0.0,0,999417,383.1
skills,meta,ale,ale,5,6,2,physical_sciences/mose2_bse_absorption_soc,0.0,0,687060,314.5
skills,meta,ale,ale,5,6,2,physical_sciences/silicon_bse_absorption,0.0,0,183145,281.6
skills,meta,ale,ale,5,6,2,transport_safety/abm_hangzhou_metro,0.0,0,2017568,1141.0
skills,meta,ale,ale,5,6,3,business_finance/sec_10k_financial_parsing,0.5179,0,2802733,2128.9
skills,meta,ale,ale,5,6,3,computing_math/branch_bound_atsp,0.9,0,3372657,1481.0
skills,meta,ale,ale,5,6,3,computing_math/cp_test_gen_1,0.5,0,848630,417.6
skills,meta,ale,ale,5,6,3,computing_math/particle_filter_nonlinear_tracking,0.0,0,538973,358.3
skills,meta,ale,ale,5,6,3,health_medicine/healthcare_sap_group_sequential_nsclc,0.24,0,1115482,531.7
skills,meta,ale,ale,5,6,3,health_medicine/obermeyer_bias_reproduction,0.692511,0,989021,438.7
skills,meta,ale,ale,5,6,3,health_medicine/prostate_imrt_matrad_reproduction,0.0,0,5265330,913.5
skills,meta,ale,ale,5,6,3,health_medicine/wsi_tumor_localization_1,0.0,0,1234793,575.8
skills,meta,ale,ale,5,6,3,life_sciences/amber_three_stage_mmgbsa_workflow_instance_1,0.0,0,2398973,500.8
skills,meta,ale,ale,5,6,3,life_sciences/genomic_interval_processing_1,0.15,0,1082946,359.6
skills,meta,ale,ale,5,6,3,life_sciences/pseudotime_de,0.0,0,1186985,1280.4
skills,meta,ale,ale,5,6,3,physical_sciences/computational_materials_science,0.0,0,3123959,570.9
skills,meta,ale,ale,5,6,3,physical_sciences/exact_diag_heisenberg_j1j2,0.666667,0,1983827,1905.4
skills,meta,ale,ale,5,6,3,physical_sciences/gillespie_gene_regulatory_network,0.55,0,748156,1307.0
skills,meta,ale,ale,5,6,3,physical_sciences/hst_acs_wfc_visit_reduction,0.0,0,2151487,755.9
skills,meta,ale,ale,5,6,3,physical_sciences/mose2_bse_absorption_soc,0.0,0,881764,530.7
skills,meta,ale,ale,5,6,3,physical_sciences/silicon_bse_absorption,0.0,0,244145,227.4
skills,meta,ale,ale,5,6,3,transport_safety/abm_hangzhou_metro,0.0,0,2413917,937.1
skills,meta,ale,ale,6,1,1,business_finance/digital_marketing_audience_segmentation_1,0.9042,0,590334,676.1
skills,meta,ale,ale,6,1,1,business_finance/ff5_public_reconstruction,0.0,0,1936479,728.4
skills,meta,ale,ale,6,1,1,business_finance/pe_screening_memo_1,0.6625,0,708407,352.0
skills,meta,ale,ale,6,1,1,computing_math/os_log_permission_guard_v1,1.0,1,183009,131.1
skills,meta,ale,ale,6,1,1,computing_math/ranking_node_feature_parity_recovery_instance_1,0.0,0,1143718,410.7
skills,meta,ale,ale,6,1,1,education_info/homework_grading_numerical_pdes_instance_02,0.418485,0,551345,235.7
skills,meta,ale,ale,6,1,1,engineering/abb_irb6700_asset_to_urdf_instance_1,0.4741,0,681053,221.0
skills,meta,ale,ale,6,1,1,engineering/chisel_verilog_alignment_seq_1,0.2,0,799374,195.9
skills,meta,ale,ale,6,1,1,health_medicine/healthcare_variant_annotation_pipeline,0.573,0,3281669,845.5
skills,meta,ale,ale,6,1,1,health_medicine/scene3_skullstrip_qc,1.0,1,107687,132.4
skills,meta,ale,ale,6,1,2,business_finance/digital_marketing_audience_segmentation_1,0.9042,0,631327,275.0
skills,meta,ale,ale,6,1,2,business_finance/ff5_public_reconstruction,0.0,0,961813,532.5
skills,meta,ale,ale,6,1,2,business_finance/pe_screening_memo_1,0.66875,0,553359,210.9
skills,meta,ale,ale,6,1,2,computing_math/os_log_permission_guard_v1,1.0,1,453597,135.2
skills,meta,ale,ale,6,1,2,computing_math/ranking_node_feature_parity_recovery_instance_1,0.0,0,1275776,574.7
skills,meta,ale,ale,6,1,2,education_info/homework_grading_numerical_pdes_instance_02,0.756485,0,1284718,489.9
skills,meta,ale,ale,6,1,2,engineering/abb_irb6700_asset_to_urdf_instance_1,0.4741,0,582919,145.2
skills,meta,ale,ale,6,1,2,engineering/chisel_verilog_alignment_seq_1,0.2,0,389350,124.8
skills,meta,ale,ale,6,1,2,health_medicine/healthcare_variant_annotation_pipeline,0.999,0,404437,155.2
skills,meta,ale,ale,6,1,2,health_medicine/scene3_skullstrip_qc,1.0,1,326857,181.2
skills,meta,ale,ale,6,1,3,business_finance/digital_marketing_audience_segmentation_1,0.8083,0,677843,319.4
skills,meta,ale,ale,6,1,3,business_finance/ff5_public_reconstruction,0.0,0,2618206,762.5
skills,meta,ale,ale,6,1,3,business_finance/pe_screening_memo_1,0.55625,0,429400,168.1
skills,meta,ale,ale,6,1,3,computing_math/os_log_permission_guard_v1,1.0,1,420048,124.4
skills,meta,ale,ale,6,1,3,computing_math/ranking_node_feature_parity_recovery_instance_1,0.0,0,757844,295.0
skills,meta,ale,ale,6,1,3,education_info/homework_grading_numerical_pdes_instance_02,0.635818,0,1071403,289.7
skills,meta,ale,ale,6,1,3,engineering/abb_irb6700_asset_to_urdf_instance_1,0.4741,0,505933,235.4
skills,meta,ale,ale,6,1,3,engineering/chisel_verilog_alignment_seq_1,0.2,0,391306,209.9
skills,meta,ale,ale,6,1,3,health_medicine/healthcare_variant_annotation_pipeline,1.0,1,255424,200.0
skills,meta,ale,ale,6,1,3,health_medicine/scene3_skullstrip_qc,1.0,1,252248,106.5
skills,meta,ale,ale,6,2,1,business_finance/basel_operational_risk_bia_cn,0.0,0,708990,279.7
skills,meta,ale,ale,6,2,1,computing_math/k3_abelian_extensions,0.0,0,1861995,964.3
skills,meta,ale,ale,6,2,1,education_info/moodle_gradebook_closeout_reconciliation,0.0,0,2066568,272.3
skills,meta,ale,ale,6,2,1,engineering/openroad_sky130_ibex_pnr_signoff,0.0,0,451671,167.5
skills,meta,ale,ale,6,2,1,engineering/power_10kv_feeder_reliability_001,0.0,0,752993,244.3
skills,meta,ale,ale,6,2,1,health_medicine/public_health_mask_mandate_ratio,0.333333,0,1398460,1442.0
skills,meta,ale,ale,6,2,1,legal/agora_governance_classify_instance_1,0.0,0,116068,247.0
skills,meta,ale,ale,6,2,2,business_finance/basel_operational_risk_bia_cn,0.0,0,622048,300.5
skills,meta,ale,ale,6,2,2,computing_math/k3_abelian_extensions,1.0,1,719645,530.6
skills,meta,ale,ale,6,2,2,education_info/moodle_gradebook_closeout_reconciliation,0.0,0,2298014,428.1
skills,meta,ale,ale,6,2,2,engineering/openroad_sky130_ibex_pnr_signoff,0.0,0,785758,187.9
skills,meta,ale,ale,6,2,2,engineering/power_10kv_feeder_reliability_001,0.0,0,1950864,435.7
skills,meta,ale,ale,6,2,2,health_medicine/public_health_mask_mandate_ratio,0.333333,0,1816004,1005.6
skills,meta,ale,ale,6,2,2,legal/agora_governance_classify_instance_1,0.151852,0,968865,250.8
skills,meta,ale,ale,6,2,3,business_finance/basel_operational_risk_bia_cn,0.0,0,584723,274.5
skills,meta,ale,ale,6,2,3,computing_math/k3_abelian_extensions,1.0,1,1803449,734.5
skills,meta,ale,ale,6,2,3,education_info/moodle_gradebook_closeout_reconciliation,0.0,0,2063087,437.3
skills,meta,ale,ale,6,2,3,engineering/openroad_sky130_ibex_pnr_signoff,0.0,0,757617,184.7
skills,meta,ale,ale,6,2,3,engineering/power_10kv_feeder_reliability_001,0.001548,0,1083132,274.8
skills,meta,ale,ale,6,2,3,health_medicine/public_health_mask_mandate_ratio,0.333333,0,1378889,2519.9
skills,meta,ale,ale,6,2,3,legal/agora_governance_classify_instance_1,0.133333,0,631532,244.8
skills,meta,ale,ale,6,3,1,business_finance/digital_marketing_ab_test_analysis_1,0.0,0,1032553,490.6
skills,meta,ale,ale,6,3,1,business_finance/financial_stmt_reconstruction_aapl_fy2024,1.0,1,1144863,356.5
skills,meta,ale,ale,6,3,1,business_finance/legal_ma_consistency_audit_01,0.0,0,1334557,361.6
skills,meta,ale,ale,6,3,1,computing_math/k8s_migration_1,0.724167,0,878800,221.7
skills,meta,ale,ale,6,3,1,computing_math/k8s_payment_api_root_cause_analysis,0.78,0,269647,201.0
skills,meta,ale,ale,6,3,1,health_medicine/simglucose_safe_basal_control_instance_1,0.0,0,776037,419.1
skills,meta,ale,ale,6,3,1,legal/legal_dr_fees_01,0.0,0,912892,370.7
skills,meta,ale,ale,6,3,1,life_sciences/hg002_chr22_germline_variant_pipeline,0.0,0,1770923,486.4
skills,meta,ale,ale,6,3,1,life_sciences/rgi_mcr1_colistin_v2,1.0,1,1322039,366.1
skills,meta,ale,ale,6,3,1,life_sciences/tms_marrow_cell_type_annotation_instance_1,0.0,0,655515,536.6
skills,meta,ale,ale,6,3,2,business_finance/digital_marketing_ab_test_analysis_1,0.0,0,932878,318.7
skills,meta,ale,ale,6,3,2,business_finance/financial_stmt_reconstruction_aapl_fy2024,1.0,1,1567159,374.3
skills,meta,ale,ale,6,3,2,business_finance/legal_ma_consistency_audit_01,0.0,0,926416,333.6
skills,meta,ale,ale,6,3,2,computing_math/k8s_migration_1,0.479167,0,1445264,339.4
skills,meta,ale,ale,6,3,2,computing_math/k8s_payment_api_root_cause_analysis,0.718889,0,126503,158.5
skills,meta,ale,ale,6,3,2,health_medicine/simglucose_safe_basal_control_instance_1,0.0,0,984502,671.5
skills,meta,ale,ale,6,3,2,legal/legal_dr_fees_01,0.0,0,494961,218.8
skills,meta,ale,ale,6,3,2,life_sciences/hg002_chr22_germline_variant_pipeline,0.0,0,2625054,444.1
skills,meta,ale,ale,6,3,2,life_sciences/rgi_mcr1_colistin_v2,0.0,0,991369,567.1
skills,meta,ale,ale,6,3,2,life_sciences/tms_marrow_cell_type_annotation_instance_1,0.0,0,634507,622.5
skills,meta,ale,ale,6,3,3,business_finance/digital_marketing_ab_test_analysis_1,0.0,0,2437318,619.5
skills,meta,ale,ale,6,3,3,business_finance/financial_stmt_reconstruction_aapl_fy2024,1.0,1,1305630,329.5
skills,meta,ale,ale,6,3,3,business_finance/legal_ma_consistency_audit_01,0.0,0,1150988,230.2
skills,meta,ale,ale,6,3,3,computing_math/k8s_migration_1,0.658333,0,1373345,260.2
skills,meta,ale,ale,6,3,3,computing_math/k8s_payment_api_root_cause_analysis,0.605,0,408506,174.4
skills,meta,ale,ale,6,3,3,health_medicine/simglucose_safe_basal_control_instance_1,0.0,0,511004,159.9
skills,meta,ale,ale,6,3,3,legal/legal_dr_fees_01,0.06,0,1016189,329.8
skills,meta,ale,ale,6,3,3,life_sciences/hg002_chr22_germline_variant_pipeline,0.0,0,1286991,344.6
skills,meta,ale,ale,6,3,3,life_sciences/rgi_mcr1_colistin_v2,1.0,1,1696692,360.2
skills,meta,ale,ale,6,3,3,life_sciences/tms_marrow_cell_type_annotation_instance_1,0.0,0,801600,545.0
skills,meta,ale,ale,6,4,1,computing_math/cfr_game_theory_equilibrium,0.0,0,653093,563.2
skills,meta,ale,ale,6,4,1,computing_math/ising_post_measurement_1,0.0,0,850547,320.9
skills,meta,ale,ale,6,4,1,computing_math/paper_reproduction_instance_1,0.785,0,660497,671.2
skills,meta,ale,ale,6,4,1,computing_math/recsys_cold_start_instance_1,0.0,0,4631203,7382.6
skills,meta,ale,ale,6,4,1,computing_math/synthetic_causal_structure_inference,0.285303,0,880565,287.3
skills,meta,ale,ale,6,4,1,engineering/aerospace_low_thrust_trajectory,0.0,0,628719,201.1
skills,meta,ale,ale,6,4,1,health_medicine/Clinical_Variant_Annotation,0.4,0,796326,312.3
skills,meta,ale,ale,6,4,1,health_medicine/causal_ihdp_ite_estimation_6a_v1,0.143455,0,1056274,543.4
skills,meta,ale,ale,6,4,1,health_medicine/crf_sdtm_mapping_4,0.4785,0,1019145,345.9
skills,meta,ale,ale,6,4,1,health_medicine/epidemiology_forecast,0.0,0,884569,783.1
skills,meta,ale,ale,6,4,1,health_medicine/flusight_offline_hosp_forecast_2024_12_14,0.700614,0,1087738,226.9
skills,meta,ale,ale,6,4,1,health_medicine/healthcare_bias_audit_27a_public_replication_v1,0.0,0,2721009,854.6
skills,meta,ale,ale,6,4,1,health_medicine/nhanes_confounder_sensitivity_analysis,0.537856,0,600390,417.8
skills,meta,ale,ale,6,4,1,health_medicine/nsclc_radiomics_cox_signature_v1,0.0,0,2656727,897.9
skills,meta,ale,ale,6,4,1,life_sciences/WGS_Variant_Calling,0.4,0,483275,287.0
skills,meta,ale,ale,6,4,1,life_sciences/cell_translocation_analysis,0.0,0,764568,587.6
skills,meta,ale,ale,6,4,1,life_sciences/protein_function_annotation_instance_1,0.0,0,1882728,486.4
skills,meta,ale,ale,6,4,1,physical_sciences/adapt_vqe_molecular_energy,0.333333,0,1987298,1662.8
skills,meta,ale,ale,6,4,1,physical_sciences/climate_prediction,0.4229,0,906569,1013.2
skills,meta,ale,ale,6,4,1,transport_safety/fds_single_compartment_detector_reconstruction,0.0,0,5593986,1275.7
skills,meta,ale,ale,6,4,2,computing_math/cfr_game_theory_equilibrium,0.0,0,1934446,1165.7
skills,meta,ale,ale,6,4,2,computing_math/ising_post_measurement_1,1.0,1,387631,261.4
skills,meta,ale,ale,6,4,2,computing_math/paper_reproduction_instance_1,0.785,0,956197,684.2
skills,meta,ale,ale,6,4,2,computing_math/recsys_cold_start_instance_1,0.833333,0,2431660,796.2
skills,meta,ale,ale,6,4,2,computing_math/synthetic_causal_structure_inference,0.193807,0,381178,168.9
skills,meta,ale,ale,6,4,2,engineering/aerospace_low_thrust_trajectory,0.0,0,971000,331.1
skills,meta,ale,ale,6,4,2,health_medicine/Clinical_Variant_Annotation,0.8,0,2266112,608.9
skills,meta,ale,ale,6,4,2,health_medicine/causal_ihdp_ite_estimation_6a_v1,0.0,0,867797,355.3
skills,meta,ale,ale,6,4,2,health_medicine/crf_sdtm_mapping_4,0.3541,0,2216798,349.8
skills,meta,ale,ale,6,4,2,health_medicine/epidemiology_forecast,0.0,0,1172491,440.9
skills,meta,ale,ale,6,4,2,health_medicine/flusight_offline_hosp_forecast_2024_12_14,0.356332,0,1326510,214.7
skills,meta,ale,ale,6,4,2,health_medicine/healthcare_bias_audit_27a_public_replication_v1,0.0,0,3717543,644.3
skills,meta,ale,ale,6,4,2,health_medicine/nhanes_confounder_sensitivity_analysis,0.596215,0,490607,265.9
skills,meta,ale,ale,6,4,2,health_medicine/nsclc_radiomics_cox_signature_v1,0.0,0,2278662,536.4
skills,meta,ale,ale,6,4,2,life_sciences/WGS_Variant_Calling,0.3,0,901471,261.4
skills,meta,ale,ale,6,4,2,life_sciences/cell_translocation_analysis,0.0,0,919767,514.9
skills,meta,ale,ale,6,4,2,life_sciences/protein_function_annotation_instance_1,0.0,0,1332982,334.5
skills,meta,ale,ale,6,4,2,physical_sciences/adapt_vqe_molecular_energy,0.0,0,1340857,938.7
skills,meta,ale,ale,6,4,2,physical_sciences/climate_prediction,0.4484,0,1256555,966.6
skills,meta,ale,ale,6,4,2,transport_safety/fds_single_compartment_detector_reconstruction,0.0,0,879264,249.4
skills,meta,ale,ale,6,4,3,computing_math/cfr_game_theory_equilibrium,0.33,0,1011582,493.8
skills,meta,ale,ale,6,4,3,computing_math/ising_post_measurement_1,1.0,1,411936,302.9
skills,meta,ale,ale,6,4,3,computing_math/paper_reproduction_instance_1,0.785,0,852905,698.3
skills,meta,ale,ale,6,4,3,computing_math/recsys_cold_start_instance_1,0.0,0,1222229,858.8
skills,meta,ale,ale,6,4,3,computing_math/synthetic_causal_structure_inference,0.191645,0,898744,499.8
skills,meta,ale,ale,6,4,3,engineering/aerospace_low_thrust_trajectory,0.0,0,745028,241.8
skills,meta,ale,ale,6,4,3,health_medicine/Clinical_Variant_Annotation,0.4,0,858226,250.9
skills,meta,ale,ale,6,4,3,health_medicine/causal_ihdp_ite_estimation_6a_v1,0.106762,0,2331572,811.7
skills,meta,ale,ale,6,4,3,health_medicine/crf_sdtm_mapping_4,0.2871,0,3450591,610.3
skills,meta,ale,ale,6,4,3,health_medicine/epidemiology_forecast,0.0,0,526987,389.6
skills,meta,ale,ale,6,4,3,health_medicine/flusight_offline_hosp_forecast_2024_12_14,0.506139,0,778512,221.8
skills,meta,ale,ale,6,4,3,health_medicine/healthcare_bias_audit_27a_public_replication_v1,0.0,0,3306370,880.5
skills,meta,ale,ale,6,4,3,health_medicine/nhanes_confounder_sensitivity_analysis,0.571215,0,681522,301.0
skills,meta,ale,ale,6,4,3,health_medicine/nsclc_radiomics_cox_signature_v1,0.0,0,2814231,3455.1
skills,meta,ale,ale,6,4,3,life_sciences/WGS_Variant_Calling,0.4,0,610335,282.5
skills,meta,ale,ale,6,4,3,life_sciences/cell_translocation_analysis,0.0,0,2063992,712.8
skills,meta,ale,ale,6,4,3,life_sciences/protein_function_annotation_instance_1,0.0,0,1970678,480.7
skills,meta,ale,ale,6,4,3,physical_sciences/adapt_vqe_molecular_energy,0.666667,0,2362101,817.6
skills,meta,ale,ale,6,4,3,physical_sciences/climate_prediction,0.7911,0,1619325,1121.3
skills,meta,ale,ale,6,4,3,transport_safety/fds_single_compartment_detector_reconstruction,0.0,0,481097,222.0
skills,meta,ale,ale,6,5,1,business_finance/bpmn_supply_disruption_l3,0.8419,0,1137359,322.8
skills,meta,ale,ale,6,5,1,health_medicine/healthcare_tcga_luad_survival_kras,0.0,0,1385538,1280.3
skills,meta,ale,ale,6,5,1,psychology_neuro/scene2_resample,0.0,0,1012057,673.2
skills,meta,ale,ale,6,5,2,business_finance/bpmn_supply_disruption_l3,0.0,0,1433103,512.0
skills,meta,ale,ale,6,5,2,health_medicine/healthcare_tcga_luad_survival_kras,0.0,0,2784096,1047.5
skills,meta,ale,ale,6,5,2,psychology_neuro/scene2_resample,0.0,0,319160,292.0
skills,meta,ale,ale,6,5,3,business_finance/bpmn_supply_disruption_l3,0.0,0,2002110,443.7
skills,meta,ale,ale,6,5,3,health_medicine/healthcare_tcga_luad_survival_kras,0.0,0,1348309,2104.3
skills,meta,ale,ale,6,5,3,psychology_neuro/scene2_resample,0.0,0,605223,440.3
skills,meta,ale,ale,6,6,1,business_finance/sec_10k_financial_parsing,0.0539,0,2384855,960.2
skills,meta,ale,ale,6,6,1,computing_math/branch_bound_atsp,0.65,0,2637017,1906.3
skills,meta,ale,ale,6,6,1,computing_math/cp_test_gen_1,0.0,0,954174,568.0
skills,meta,ale,ale,6,6,1,computing_math/particle_filter_nonlinear_tracking,0.0,0,510995,302.5
skills,meta,ale,ale,6,6,1,health_medicine/healthcare_sap_group_sequential_nsclc,0.23,0,2684719,807.5
skills,meta,ale,ale,6,6,1,health_medicine/obermeyer_bias_reproduction,0.0,0,2130674,794.3
skills,meta,ale,ale,6,6,1,health_medicine/prostate_imrt_matrad_reproduction,0.0,0,5176758,642.4
skills,meta,ale,ale,6,6,1,health_medicine/wsi_tumor_localization_1,0.0,0,736188,327.9
skills,meta,ale,ale,6,6,1,life_sciences/amber_three_stage_mmgbsa_workflow_instance_1,0.0,0,1305596,427.3
skills,meta,ale,ale,6,6,1,life_sciences/genomic_interval_processing_1,0.25,0,312563,232.2
skills,meta,ale,ale,6,6,1,life_sciences/pseudotime_de,0.0,0,6707136,1779.3
skills,meta,ale,ale,6,6,1,physical_sciences/computational_materials_science,0.0,0,2053671,482.2
skills,meta,ale,ale,6,6,1,physical_sciences/exact_diag_heisenberg_j1j2,0.0,0,1341066,1023.7
skills,meta,ale,ale,6,6,1,physical_sciences/gillespie_gene_regulatory_network,0.76,0,1240716,977.9
skills,meta,ale,ale,6,6,1,physical_sciences/hst_acs_wfc_visit_reduction,0.0,0,681859,308.8
skills,meta,ale,ale,6,6,1,physical_sciences/mose2_bse_absorption_soc,0.0,0,1092011,471.7
skills,meta,ale,ale,6,6,1,physical_sciences/silicon_bse_absorption,0.0,0,231252,203.2
skills,meta,ale,ale,6,6,1,transport_safety/abm_hangzhou_metro,0.0,0,1409960,623.3
skills,meta,ale,ale,6,6,2,business_finance/sec_10k_financial_parsing,0.0,0,2100069,815.9
skills,meta,ale,ale,6,6,2,computing_math/branch_bound_atsp,0.575,0,1504977,1479.7
skills,meta,ale,ale,6,6,2,computing_math/cp_test_gen_1,0.3,0,774948,379.6
skills,meta,ale,ale,6,6,2,computing_math/particle_filter_nonlinear_tracking,0.0,0,826879,382.9
skills,meta,ale,ale,6,6,2,health_medicine/healthcare_sap_group_sequential_nsclc,0.0,0,1401012,542.6
skills,meta,ale,ale,6,6,2,health_medicine/obermeyer_bias_reproduction,0.0,0,586714,313.3
skills,meta,ale,ale,6,6,2,health_medicine/prostate_imrt_matrad_reproduction,0.0,0,4586718,728.4
skills,meta,ale,ale,6,6,2,health_medicine/wsi_tumor_localization_1,0.0,0,622584,252.7
skills,meta,ale,ale,6,6,2,life_sciences/amber_three_stage_mmgbsa_workflow_instance_1,0.0,0,519890,283.1
skills,meta,ale,ale,6,6,2,life_sciences/genomic_interval_processing_1,0.25,0,442057,174.3
skills,meta,ale,ale,6,6,2,life_sciences/pseudotime_de,0.0,0,1514952,1298.5
skills,meta,ale,ale,6,6,2,physical_sciences/computational_materials_science,0.0,0,5917073,1659.8
skills,meta,ale,ale,6,6,2,physical_sciences/exact_diag_heisenberg_j1j2,0.0,0,1691452,2964.2
skills,meta,ale,ale,6,6,2,physical_sciences/gillespie_gene_regulatory_network,0.38,0,1143857,624.9
skills,meta,ale,ale,6,6,2,physical_sciences/hst_acs_wfc_visit_reduction,0.0,0,1096617,627.6
skills,meta,ale,ale,6,6,2,physical_sciences/mose2_bse_absorption_soc,0.0,0,404432,329.2
skills,meta,ale,ale,6,6,2,physical_sciences/silicon_bse_absorption,0.0,0,317636,453.2
skills,meta,ale,ale,6,6,2,transport_safety/abm_hangzhou_metro,0.0,0,1226176,506.2
skills,meta,ale,ale,6,6,3,business_finance/sec_10k_financial_parsing,0.005,0,2640006,788.7
skills,meta,ale,ale,6,6,3,computing_math/branch_bound_atsp,0.775,0,615350,287.5
skills,meta,ale,ale,6,6,3,computing_math/cp_test_gen_1,0.7,0,463344,359.1
skills,meta,ale,ale,6,6,3,computing_math/particle_filter_nonlinear_tracking,0.0,0,1202770,397.1
skills,meta,ale,ale,6,6,3,health_medicine/healthcare_sap_group_sequential_nsclc,0.25,0,1749130,743.1
skills,meta,ale,ale,6,6,3,health_medicine/obermeyer_bias_reproduction,0.692511,0,714292,329.1
skills,meta,ale,ale,6,6,3,health_medicine/prostate_imrt_matrad_reproduction,0.0,0,4187534,514.8
skills,meta,ale,ale,6,6,3,health_medicine/wsi_tumor_localization_1,0.14467,0,410165,173.0
skills,meta,ale,ale,6,6,3,life_sciences/amber_three_stage_mmgbsa_workflow_instance_1,0.0,0,2319830,529.5
skills,meta,ale,ale,6,6,3,life_sciences/genomic_interval_processing_1,0.25,0,1171178,359.1
skills,meta,ale,ale,6,6,3,life_sciences/pseudotime_de,0.0,0,4025162,2261.1
skills,meta,ale,ale,6,6,3,physical_sciences/computational_materials_science,0.0,0,1359195,593.2
skills,meta,ale,ale,6,6,3,physical_sciences/exact_diag_heisenberg_j1j2,0.666667,0,2842470,3374.1
skills,meta,ale,ale,6,6,3,physical_sciences/gillespie_gene_regulatory_network,0.0,0,512844,269.7
skills,meta,ale,ale,6,6,3,physical_sciences/hst_acs_wfc_visit_reduction,0.0,0,566828,309.4
skills,meta,ale,ale,6,6,3,physical_sciences/mose2_bse_absorption_soc,0.0,0,924567,884.4
skills,meta,ale,ale,6,6,3,physical_sciences/silicon_bse_absorption,0.0,0,725233,438.3
skills,meta,ale,ale,6,6,3,transport_safety/abm_hangzhou_metro,0.0,0,1258578,571.9
skills,meta,eog,csm,1,1,1,task_20251208_035402_755_ad5a67e3_8ca9a646,0.0,0,130416,79.2
skills,meta,eog,csm,1,1,1,task_20251208_072220_004_99ba2325_74403162,0.4,0,179113,123.3
skills,meta,eog,csm,1,1,1,task_20251208_102635_187_c4ad7a70_43753a9a,0.666667,0,129177,77.3
skills,meta,eog,csm,1,1,1,task_20251208_123126_960_c4ad7a70_f974dae7,0.5,0,102442,73.4
skills,meta,eog,csm,1,1,1,task_20251209_085836_811_a8eea1c0_6bbced3d,0.8,0,224145,122.2
skills,meta,eog,csm,1,1,1,task_20251210_002938_761_897c3e0b_f075229a,0.888889,0,203184,111.3
skills,meta,eog,csm,1,1,1,task_20251212_011224_384_accab84d_4ad9b557,0.6,0,169263,100.3
skills,meta,eog,csm,1,1,1,task_20260102_031908_712_accab84d_886a7365,0.777778,0,230565,85.3
skills,meta,eog,csm,1,1,1,task_20260102_100510_709_66392a82_3d301c18,0.8,0,1653939,197.3
skills,meta,eog,csm,1,1,1,task_20260102_162857_012_391f1eff_39478d55,0.5,0,93557,99.0
skills,meta,eog,csm,1,1,1,task_20260106_073527_320_e6427839_e2e2ac8d,0.5,0,96840,98.7
skills,meta,eog,csm,1,1,1,task_20260121_183027_058_1afb323a_c53cb400,0.6,0,161943,80.2
skills,meta,eog,csm,1,1,2,task_20251208_035402_755_ad5a67e3_8ca9a646,0.0,0,137387,78.9
skills,meta,eog,csm,1,1,2,task_20251208_072220_004_99ba2325_74403162,0.2,0,166162,104.5
skills,meta,eog,csm,1,1,2,task_20251208_102635_187_c4ad7a70_43753a9a,0.666667,0,195551,107.7
skills,meta,eog,csm,1,1,2,task_20251208_123126_960_c4ad7a70_f974dae7,0.5,0,108516,86.9
skills,meta,eog,csm,1,1,2,task_20251209_085836_811_a8eea1c0_6bbced3d,0.8,0,238009,111.3
skills,meta,eog,csm,1,1,2,task_20251210_002938_761_897c3e0b_f075229a,0.888889,0,223522,93.1
skills,meta,eog,csm,1,1,2,task_20251212_011224_384_accab84d_4ad9b557,0.4,0,130290,85.0
skills,meta,eog,csm,1,1,2,task_20260102_031908_712_accab84d_886a7365,0.777778,0,252684,100.5
skills,meta,eog,csm,1,1,2,task_20260102_100510_709_66392a82_3d301c18,0.8,0,1626234,216.2
skills,meta,eog,csm,1,1,2,task_20260102_162857_012_391f1eff_39478d55,0.5,0,96609,75.8
skills,meta,eog,csm,1,1,2,task_20260106_073527_320_e6427839_e2e2ac8d,0.5,0,118405,63.2
skills,meta,eog,csm,1,1,2,task_20260121_183027_058_1afb323a_c53cb400,0.6,0,134817,86.0
skills,meta,eog,csm,1,1,3,task_20251208_035402_755_ad5a67e3_8ca9a646,0.0,0,141661,65.6
skills,meta,eog,csm,1,1,3,task_20251208_072220_004_99ba2325_74403162,0.4,0,186852,91.9
skills,meta,eog,csm,1,1,3,task_20251208_102635_187_c4ad7a70_43753a9a,0.666667,0,118296,60.4
skills,meta,eog,csm,1,1,3,task_20251208_123126_960_c4ad7a70_f974dae7,0.5,0,105528,77.5
skills,meta,eog,csm,1,1,3,task_20251209_085836_811_a8eea1c0_6bbced3d,0.8,0,219812,85.4
skills,meta,eog,csm,1,1,3,task_20251210_002938_761_897c3e0b_f075229a,0.888889,0,194288,83.4
skills,meta,eog,csm,1,1,3,task_20251212_011224_384_accab84d_4ad9b557,0.6,0,154190,59.4
skills,meta,eog,csm,1,1,3,task_20260102_031908_712_accab84d_886a7365,0.777778,0,243490,118.2
skills,meta,eog,csm,1,1,3,task_20260102_100510_709_66392a82_3d301c18,0.8,0,596017,214.7
skills,meta,eog,csm,1,1,3,task_20260102_162857_012_391f1eff_39478d55,0.5,0,100896,76.0
skills,meta,eog,csm,1,1,3,task_20260106_073527_320_e6427839_e2e2ac8d,0.5,0,96479,60.1
skills,meta,eog,csm,1,1,3,task_20260121_183027_058_1afb323a_c53cb400,0.6,0,207158,77.0
skills,meta,eog,csm,1,2,1,task_20251126_182216_326_66392a82_d3ff64ca,1.0,1,174563,89.4
skills,meta,eog,csm,1,2,1,task_20251201_164641_724_109c89c0_1b29acb9,0.727273,0,348093,119.2
skills,meta,eog,csm,1,2,1,task_20251204_161024_294_46ca2862_1cc82f4c,1.0,1,138354,91.2
skills,meta,eog,csm,1,2,1,task_20251205_194841_224_391f1eff_136bedae,0.0,0,34944,61.3
skills,meta,eog,csm,1,2,1,task_20251210_161511_924_2aa6b0ad_1446c2b4,0.666667,0,125118,70.8
skills,meta,eog,csm,1,2,1,task_20260101_074825_586_a8eea1c0_e596bab2,0.625,0,247693,114.8
skills,meta,eog,csm,1,2,1,task_20260101_191529_659_a8eea1c0_27d3bf1b,0.7,0,264824,109.3
skills,meta,eog,csm,1,2,1,task_20260102_002012_363_00364ece_a3936446,1.0,1,213726,94.3
skills,meta,eog,csm,1,2,1,task_20260102_080409_151_d4a463c3_56c32265,0.8,0,125029,88.4
skills,meta,eog,csm,1,2,1,task_20260106_133642_894_66392a82_3e083fa5,0.5,0,200544,92.4
skills,meta,eog,csm,1,2,1,task_20260106_161859_265_00364ece_0e836ce8,0.75,0,259515,114.1
skills,meta,eog,csm,1,2,1,task_20260106_185201_238_00364ece_8ab4fd80,0.0,0,201443,113.1
skills,meta,eog,csm,1,2,1,task_20260107_164033_273_a8eea1c0_c0de2fed,0.875,0,126301,82.0
skills,meta,eog,csm,1,2,2,task_20251126_182216_326_66392a82_d3ff64ca,1.0,1,180423,132.0
skills,meta,eog,csm,1,2,2,task_20251201_164641_724_109c89c0_1b29acb9,0.727273,0,356969,151.6
skills,meta,eog,csm,1,2,2,task_20251204_161024_294_46ca2862_1cc82f4c,1.0,1,251926,126.1
skills,meta,eog,csm,1,2,2,task_20251205_194841_224_391f1eff_136bedae,0.5,0,171610,144.7
skills,meta,eog,csm,1,2,2,task_20251210_161511_924_2aa6b0ad_1446c2b4,0.666667,0,113917,84.0
skills,meta,eog,csm,1,2,2,task_20260101_074825_586_a8eea1c0_e596bab2,0.25,0,190796,136.7
skills,meta,eog,csm,1,2,2,task_20260101_191529_659_a8eea1c0_27d3bf1b,0.8,0,247118,97.6
skills,meta,eog,csm,1,2,2,task_20260102_002012_363_00364ece_a3936446,1.0,1,182635,86.3
skills,meta,eog,csm,1,2,2,task_20260102_080409_151_d4a463c3_56c32265,1.0,1,139286,94.0
skills,meta,eog,csm,1,2,2,task_20260106_133642_894_66392a82_3e083fa5,1.0,1,173496,129.2
skills,meta,eog,csm,1,2,2,task_20260106_161859_265_00364ece_0e836ce8,0.25,0,239647,124.4
skills,meta,eog,csm,1,2,2,task_20260106_185201_238_00364ece_8ab4fd80,0.666667,0,214625,104.1
skills,meta,eog,csm,1,2,2,task_20260107_164033_273_a8eea1c0_c0de2fed,0.875,0,138614,111.8
skills,meta,eog,csm,1,2,3,task_20251126_182216_326_66392a82_d3ff64ca,1.0,1,276571,118.4
skills,meta,eog,csm,1,2,3,task_20251201_164641_724_109c89c0_1b29acb9,0.727273,0,524917,160.5
skills,meta,eog,csm,1,2,3,task_20251204_161024_294_46ca2862_1cc82f4c,1.0,1,293893,146.3
skills,meta,eog,csm,1,2,3,task_20251205_194841_224_391f1eff_136bedae,0.0,0,33794,84.1
skills,meta,eog,csm,1,2,3,task_20251210_161511_924_2aa6b0ad_1446c2b4,0.666667,0,111219,72.1
skills,meta,eog,csm,1,2,3,task_20260101_074825_586_a8eea1c0_e596bab2,0.25,0,184758,127.4
skills,meta,eog,csm,1,2,3,task_20260101_191529_659_a8eea1c0_27d3bf1b,0.8,0,234300,120.1
skills,meta,eog,csm,1,2,3,task_20260102_002012_363_00364ece_a3936446,0.8,0,225533,146.0
skills,meta,eog,csm,1,2,3,task_20260102_080409_151_d4a463c3_56c32265,0.8,0,136548,103.1
skills,meta,eog,csm,1,2,3,task_20260106_133642_894_66392a82_3e083fa5,0.5,0,108875,95.8
skills,meta,eog,csm,1,2,3,task_20260106_161859_265_00364ece_0e836ce8,0.5,0,212491,119.3
skills,meta,eog,csm,1,2,3,task_20260106_185201_238_00364ece_8ab4fd80,0.333333,0,250484,137.0
skills,meta,eog,csm,1,2,3,task_20260107_164033_273_a8eea1c0_c0de2fed,0.875,0,108213,107.3
skills,meta,eog,csm,2,1,1,task_20251208_035402_755_ad5a67e3_8ca9a646,0.0,0,136814,102.0
skills,meta,eog,csm,2,1,1,task_20251208_072220_004_99ba2325_74403162,0.4,0,230629,88.6
skills,meta,eog,csm,2,1,1,task_20251208_102635_187_c4ad7a70_43753a9a,0.666667,0,122796,58.0
skills,meta,eog,csm,2,1,1,task_20251208_123126_960_c4ad7a70_f974dae7,0.5,0,110109,66.9
skills,meta,eog,csm,2,1,1,task_20251209_085836_811_a8eea1c0_6bbced3d,0.8,0,275677,157.5
skills,meta,eog,csm,2,1,1,task_20251210_002938_761_897c3e0b_f075229a,0.888889,0,245488,113.5
skills,meta,eog,csm,2,1,1,task_20251212_011224_384_accab84d_4ad9b557,0.6,0,197179,108.8
skills,meta,eog,csm,2,1,1,task_20260102_031908_712_accab84d_886a7365,0.777778,0,400230,125.7
skills,meta,eog,csm,2,1,1,task_20260102_100510_709_66392a82_3d301c18,0.8,0,1623131,190.5
skills,meta,eog,csm,2,1,1,task_20260102_162857_012_391f1eff_39478d55,0.0,0,196922,111.9
skills,meta,eog,csm,2,1,1,task_20260106_073527_320_e6427839_e2e2ac8d,0.5,0,103660,66.1
skills,meta,eog,csm,2,1,1,task_20260121_183027_058_1afb323a_c53cb400,0.6,0,138453,66.5
skills,meta,eog,csm,2,1,2,task_20251208_035402_755_ad5a67e3_8ca9a646,0.0,0,166503,86.3
skills,meta,eog,csm,2,1,2,task_20251208_072220_004_99ba2325_74403162,0.4,0,228568,86.6
skills,meta,eog,csm,2,1,2,task_20251208_102635_187_c4ad7a70_43753a9a,0.666667,0,122097,81.0
skills,meta,eog,csm,2,1,2,task_20251208_123126_960_c4ad7a70_f974dae7,0.5,0,117443,68.9
skills,meta,eog,csm,2,1,2,task_20251209_085836_811_a8eea1c0_6bbced3d,0.8,0,219436,113.8
skills,meta,eog,csm,2,1,2,task_20251210_002938_761_897c3e0b_f075229a,0.888889,0,214716,100.9
skills,meta,eog,csm,2,1,2,task_20251212_011224_384_accab84d_4ad9b557,0.4,0,119504,86.0
skills,meta,eog,csm,2,1,2,task_20260102_031908_712_accab84d_886a7365,0.777778,0,232207,82.9
skills,meta,eog,csm,2,1,2,task_20260102_100510_709_66392a82_3d301c18,0.8,0,1812593,227.8
skills,meta,eog,csm,2,1,2,task_20260102_162857_012_391f1eff_39478d55,0.5,0,88268,70.5
skills,meta,eog,csm,2,1,2,task_20260106_073527_320_e6427839_e2e2ac8d,0.5,0,113997,88.7
skills,meta,eog,csm,2,1,2,task_20260121_183027_058_1afb323a_c53cb400,0.6,0,123937,79.1
skills,meta,eog,csm,2,1,3,task_20251208_035402_755_ad5a67e3_8ca9a646,0.0,0,141373,78.6
skills,meta,eog,csm,2,1,3,task_20251208_072220_004_99ba2325_74403162,0.4,0,256303,125.6
skills,meta,eog,csm,2,1,3,task_20251208_102635_187_c4ad7a70_43753a9a,0.666667,0,144229,78.3
skills,meta,eog,csm,2,1,3,task_20251208_123126_960_c4ad7a70_f974dae7,0.5,0,111900,63.6
skills,meta,eog,csm,2,1,3,task_20251209_085836_811_a8eea1c0_6bbced3d,1.0,1,182940,89.3
skills,meta,eog,csm,2,1,3,task_20251210_002938_761_897c3e0b_f075229a,0.888889,0,255879,90.4
skills,meta,eog,csm,2,1,3,task_20251212_011224_384_accab84d_4ad9b557,0.4,0,176155,102.4
skills,meta,eog,csm,2,1,3,task_20260102_031908_712_accab84d_886a7365,0.777778,0,251513,86.4
skills,meta,eog,csm,2,1,3,task_20260102_100510_709_66392a82_3d301c18,1.0,1,266308,87.4
skills,meta,eog,csm,2,1,3,task_20260102_162857_012_391f1eff_39478d55,0.0,0,96757,54.1
skills,meta,eog,csm,2,1,3,task_20260106_073527_320_e6427839_e2e2ac8d,0.5,0,158995,101.1
skills,meta,eog,csm,2,1,3,task_20260121_183027_058_1afb323a_c53cb400,0.6,0,143943,60.6
skills,meta,eog,csm,2,2,1,task_20251126_182216_326_66392a82_d3ff64ca,1.0,1,178345,88.0
skills,meta,eog,csm,2,2,1,task_20251201_164641_724_109c89c0_1b29acb9,0.727273,0,353626,98.2
skills,meta,eog,csm,2,2,1,task_20251204_161024_294_46ca2862_1cc82f4c,1.0,1,280756,116.1
skills,meta,eog,csm,2,2,1,task_20251205_194841_224_391f1eff_136bedae,0.0,0,38190,73.4
skills,meta,eog,csm,2,2,1,task_20251210_161511_924_2aa6b0ad_1446c2b4,0.666667,0,143517,53.7
skills,meta,eog,csm,2,2,1,task_20260101_074825_586_a8eea1c0_e596bab2,0.25,0,231290,82.5
skills,meta,eog,csm,2,2,1,task_20260101_191529_659_a8eea1c0_27d3bf1b,0.7,0,215792,93.4
skills,meta,eog,csm,2,2,1,task_20260102_002012_363_00364ece_a3936446,1.0,1,221050,70.3
skills,meta,eog,csm,2,2,1,task_20260102_080409_151_d4a463c3_56c32265,0.8,0,132774,73.7
skills,meta,eog,csm,2,2,1,task_20260106_133642_894_66392a82_3e083fa5,0.5,0,117449,71.9
skills,meta,eog,csm,2,2,1,task_20260106_161859_265_00364ece_0e836ce8,0.5,0,317811,114.5
skills,meta,eog,csm,2,2,1,task_20260106_185201_238_00364ece_8ab4fd80,0.333333,0,225874,85.1
skills,meta,eog,csm,2,2,1,task_20260107_164033_273_a8eea1c0_c0de2fed,0.625,0,123322,59.6
skills,meta,eog,csm,2,2,2,task_20251126_182216_326_66392a82_d3ff64ca,1.0,1,220424,91.4
skills,meta,eog,csm,2,2,2,task_20251201_164641_724_109c89c0_1b29acb9,0.727273,0,282942,93.0
skills,meta,eog,csm,2,2,2,task_20251204_161024_294_46ca2862_1cc82f4c,1.0,1,251821,123.4
skills,meta,eog,csm,2,2,2,task_20251205_194841_224_391f1eff_136bedae,0.0,0,64931,58.4
skills,meta,eog,csm,2,2,2,task_20251210_161511_924_2aa6b0ad_1446c2b4,0.666667,0,193179,79.2
skills,meta,eog,csm,2,2,2,task_20260101_074825_586_a8eea1c0_e596bab2,0.75,0,146684,92.6
skills,meta,eog,csm,2,2,2,task_20260101_191529_659_a8eea1c0_27d3bf1b,0.8,0,276123,107.3
skills,meta,eog,csm,2,2,2,task_20260102_002012_363_00364ece_a3936446,1.0,1,236526,110.5
skills,meta,eog,csm,2,2,2,task_20260102_080409_151_d4a463c3_56c32265,0.8,0,137009,64.6
skills,meta,eog,csm,2,2,2,task_20260106_133642_894_66392a82_3e083fa5,0.5,0,157585,72.9
skills,meta,eog,csm,2,2,2,task_20260106_161859_265_00364ece_0e836ce8,0.5,0,257687,102.6
skills,meta,eog,csm,2,2,2,task_20260106_185201_238_00364ece_8ab4fd80,0.333333,0,182034,104.5
skills,meta,eog,csm,2,2,2,task_20260107_164033_273_a8eea1c0_c0de2fed,0.625,0,176152,107.9
skills,meta,eog,csm,2,2,3,task_20251126_182216_326_66392a82_d3ff64ca,1.0,1,141695,114.8
skills,meta,eog,csm,2,2,3,task_20251201_164641_724_109c89c0_1b29acb9,0.727273,0,264936,106.1
skills,meta,eog,csm,2,2,3,task_20251204_161024_294_46ca2862_1cc82f4c,1.0,1,196271,93.6
skills,meta,eog,csm,2,2,3,task_20251205_194841_224_391f1eff_136bedae,0.0,0,36373,61.3
skills,meta,eog,csm,2,2,3,task_20251210_161511_924_2aa6b0ad_1446c2b4,0.666667,0,120410,54.0
skills,meta,eog,csm,2,2,3,task_20260101_074825_586_a8eea1c0_e596bab2,0.25,0,182588,145.7
skills,meta,eog,csm,2,2,3,task_20260101_191529_659_a8eea1c0_27d3bf1b,0.7,0,242428,68.4
skills,meta,eog,csm,2,2,3,task_20260102_002012_363_00364ece_a3936446,1.0,1,182494,108.5
skills,meta,eog,csm,2,2,3,task_20260102_080409_151_d4a463c3_56c32265,0.8,0,140685,84.7
skills,meta,eog,csm,2,2,3,task_20260106_133642_894_66392a82_3e083fa5,0.5,0,181125,108.8
skills,meta,eog,csm,2,2,3,task_20260106_161859_265_00364ece_0e836ce8,0.75,0,284993,85.6
skills,meta,eog,csm,2,2,3,task_20260106_185201_238_00364ece_8ab4fd80,0.0,0,192508,101.0
skills,meta,eog,csm,2,2,3,task_20260107_164033_273_a8eea1c0_c0de2fed,0.625,0,127463,71.6
skills,meta,eog,csm,2,3,1,task_20251125_152842_063_b393a327_9622ac64,0.8,0,366678,901.0
skills,meta,eog,csm,2,3,1,task_20251202_100743_745_109c89c0_958a07c1,0.333333,0,375088,126.2
skills,meta,eog,csm,2,3,1,task_20251205_101915_742_d4a463c3_8eac8077,0.4,0,339433,137.6
skills,meta,eog,csm,2,3,1,task_20251210_113549_827_d4a463c3_47b48a98,0.666667,0,305479,126.6
skills,meta,eog,csm,2,3,1,task_20251210_183114_382_99ba2325_071a72ab,1.0,1,134572,62.3
skills,meta,eog,csm,2,3,1,task_20251212_222304_435_66392a82_815cd745,0.8,0,180974,75.7
skills,meta,eog,csm,2,3,1,task_20260101_122222_300_ad5a67e3_3757206c,0.4,0,191867,88.4
skills,meta,eog,csm,2,3,1,task_20260101_162109_100_a8eea1c0_e88250ef,1.0,1,377300,134.5
skills,meta,eog,csm,2,3,1,task_20260102_172945_725_ad5a67e3_5480e26f,0.6,0,299290,107.7
skills,meta,eog,csm,2,3,1,task_20260106_070321_497_accab84d_6f4a8da8,1.0,1,305102,92.5
skills,meta,eog,csm,2,3,1,task_20260106_145907_700_a8eea1c0_f5bae698,1.0,1,444483,161.3
skills,meta,eog,csm,2,3,2,task_20251125_152842_063_b393a327_9622ac64,0.8,0,162341,98.6
skills,meta,eog,csm,2,3,2,task_20251202_100743_745_109c89c0_958a07c1,0.666667,0,325164,174.8
skills,meta,eog,csm,2,3,2,task_20251205_101915_742_d4a463c3_8eac8077,0.4,0,250546,119.5
skills,meta,eog,csm,2,3,2,task_20251210_113549_827_d4a463c3_47b48a98,0.666667,0,336264,214.8
skills,meta,eog,csm,2,3,2,task_20251210_183114_382_99ba2325_071a72ab,1.0,1,86761,95.9
skills,meta,eog,csm,2,3,2,task_20251212_222304_435_66392a82_815cd745,0.8,0,189991,95.6
skills,meta,eog,csm,2,3,2,task_20260101_122222_300_ad5a67e3_3757206c,0.6,0,211687,166.6
skills,meta,eog,csm,2,3,2,task_20260101_162109_100_a8eea1c0_e88250ef,0.777778,0,361597,157.8
skills,meta,eog,csm,2,3,2,task_20260102_172945_725_ad5a67e3_5480e26f,0.8,0,233592,112.1
skills,meta,eog,csm,2,3,2,task_20260106_070321_497_accab84d_6f4a8da8,1.0,1,381770,109.9
skills,meta,eog,csm,2,3,2,task_20260106_145907_700_a8eea1c0_f5bae698,1.0,1,438484,162.3
skills,meta,eog,csm,2,3,3,task_20251125_152842_063_b393a327_9622ac64,0.8,0,255677,107.6
skills,meta,eog,csm,2,3,3,task_20251202_100743_745_109c89c0_958a07c1,0.666667,0,209507,144.4
skills,meta,eog,csm,2,3,3,task_20251205_101915_742_d4a463c3_8eac8077,0.2,0,223555,167.6
skills,meta,eog,csm,2,3,3,task_20251210_113549_827_d4a463c3_47b48a98,0.666667,0,308751,140.1
skills,meta,eog,csm,2,3,3,task_20251210_183114_382_99ba2325_071a72ab,1.0,1,166204,116.2
skills,meta,eog,csm,2,3,3,task_20251212_222304_435_66392a82_815cd745,0.8,0,192630,81.6
skills,meta,eog,csm,2,3,3,task_20260101_122222_300_ad5a67e3_3757206c,0.4,0,147243,130.4
skills,meta,eog,csm,2,3,3,task_20260101_162109_100_a8eea1c0_e88250ef,0.888889,0,340712,169.6
skills,meta,eog,csm,2,3,3,task_20260102_172945_725_ad5a67e3_5480e26f,1.0,1,257407,106.5
skills,meta,eog,csm,2,3,3,task_20260106_070321_497_accab84d_6f4a8da8,1.0,1,290673,109.0
skills,meta,eog,csm,2,3,3,task_20260106_145907_700_a8eea1c0_f5bae698,1.0,1,396109,136.3
skills,meta,eog,csm,3,1,1,task_20251208_035402_755_ad5a67e3_8ca9a646,0.0,0,198147,98.6
skills,meta,eog,csm,3,1,1,task_20251208_072220_004_99ba2325_74403162,0.4,0,221685,73.1
skills,meta,eog,csm,3,1,1,task_20251208_102635_187_c4ad7a70_43753a9a,0.666667,0,143705,57.5
skills,meta,eog,csm,3,1,1,task_20251208_123126_960_c4ad7a70_f974dae7,0.5,0,111802,67.9
skills,meta,eog,csm,3,1,1,task_20251209_085836_811_a8eea1c0_6bbced3d,1.0,1,277914,106.8
skills,meta,eog,csm,3,1,1,task_20251210_002938_761_897c3e0b_f075229a,0.888889,0,235858,81.5
skills,meta,eog,csm,3,1,1,task_20251212_011224_384_accab84d_4ad9b557,0.4,0,168566,72.1
skills,meta,eog,csm,3,1,1,task_20260102_031908_712_accab84d_886a7365,0.777778,0,315118,95.5
skills,meta,eog,csm,3,1,1,task_20260102_100510_709_66392a82_3d301c18,0.8,0,1914305,201.4
skills,meta,eog,csm,3,1,1,task_20260102_162857_012_391f1eff_39478d55,0.0,0,143219,63.5
skills,meta,eog,csm,3,1,1,task_20260106_073527_320_e6427839_e2e2ac8d,0.5,0,103595,47.5
skills,meta,eog,csm,3,1,1,task_20260121_183027_058_1afb323a_c53cb400,0.6,0,127644,57.2
skills,meta,eog,csm,3,1,2,task_20251208_035402_755_ad5a67e3_8ca9a646,0.0,0,118141,73.4
skills,meta,eog,csm,3,1,2,task_20251208_072220_004_99ba2325_74403162,0.4,0,301069,76.6
skills,meta,eog,csm,3,1,2,task_20251208_102635_187_c4ad7a70_43753a9a,0.666667,0,119547,97.8
skills,meta,eog,csm,3,1,2,task_20251208_123126_960_c4ad7a70_f974dae7,0.5,0,127805,61.9
skills,meta,eog,csm,3,1,2,task_20251209_085836_811_a8eea1c0_6bbced3d,0.8,0,323688,88.7
skills,meta,eog,csm,3,1,2,task_20251210_002938_761_897c3e0b_f075229a,0.888889,0,225759,85.3
skills,meta,eog,csm,3,1,2,task_20251212_011224_384_accab84d_4ad9b557,0.4,0,151061,70.2
skills,meta,eog,csm,3,1,2,task_20260102_031908_712_accab84d_886a7365,0.777778,0,259432,100.8
skills,meta,eog,csm,3,1,2,task_20260102_100510_709_66392a82_3d301c18,0.8,0,1950927,294.4
skills,meta,eog,csm,3,1,2,task_20260102_162857_012_391f1eff_39478d55,0.5,0,127647,73.7
skills,meta,eog,csm,3,1,2,task_20260106_073527_320_e6427839_e2e2ac8d,0.5,0,113336,48.6
skills,meta,eog,csm,3,1,2,task_20260121_183027_058_1afb323a_c53cb400,0.6,0,225742,93.0
skills,meta,eog,csm,3,1,3,task_20251208_035402_755_ad5a67e3_8ca9a646,0.0,0,143119,65.1
skills,meta,eog,csm,3,1,3,task_20251208_072220_004_99ba2325_74403162,0.4,0,217088,91.5
skills,meta,eog,csm,3,1,3,task_20251208_102635_187_c4ad7a70_43753a9a,0.666667,0,114163,70.6
skills,meta,eog,csm,3,1,3,task_20251208_123126_960_c4ad7a70_f974dae7,0.5,0,124712,72.5
skills,meta,eog,csm,3,1,3,task_20251209_085836_811_a8eea1c0_6bbced3d,0.8,0,290993,84.1
skills,meta,eog,csm,3,1,3,task_20251210_002938_761_897c3e0b_f075229a,0.888889,0,219005,78.1
skills,meta,eog,csm,3,1,3,task_20251212_011224_384_accab84d_4ad9b557,0.4,0,136634,67.2
skills,meta,eog,csm,3,1,3,task_20260102_031908_712_accab84d_886a7365,0.777778,0,307332,88.6
skills,meta,eog,csm,3,1,3,task_20260102_100510_709_66392a82_3d301c18,0.8,0,1623415,202.9
skills,meta,eog,csm,3,1,3,task_20260102_162857_012_391f1eff_39478d55,0.0,0,172558,58.0
skills,meta,eog,csm,3,1,3,task_20260106_073527_320_e6427839_e2e2ac8d,0.5,0,147634,74.7
skills,meta,eog,csm,3,1,3,task_20260121_183027_058_1afb323a_c53cb400,0.6,0,161772,74.6
skills,meta,eog,csm,3,2,1,task_20251126_182216_326_66392a82_d3ff64ca,1.0,1,124854,59.1
skills,meta,eog,csm,3,2,1,task_20251201_164641_724_109c89c0_1b29acb9,0.727273,0,409803,132.9
skills,meta,eog,csm,3,2,1,task_20251204_161024_294_46ca2862_1cc82f4c,1.0,1,143341,80.9
skills,meta,eog,csm,3,2,1,task_20251205_194841_224_391f1eff_136bedae,0.0,0,61120,83.0
skills,meta,eog,csm,3,2,1,task_20251210_161511_924_2aa6b0ad_1446c2b4,0.666667,0,125895,60.7
skills,meta,eog,csm,3,2,1,task_20260101_074825_586_a8eea1c0_e596bab2,0.875,0,142523,88.1
skills,meta,eog,csm,3,2,1,task_20260101_191529_659_a8eea1c0_27d3bf1b,0.8,0,230463,81.1
skills,meta,eog,csm,3,2,1,task_20260102_002012_363_00364ece_a3936446,1.0,1,345253,102.2
skills,meta,eog,csm,3,2,1,task_20260102_080409_151_d4a463c3_56c32265,0.8,0,243447,99.7
skills,meta,eog,csm,3,2,1,task_20260106_133642_894_66392a82_3e083fa5,0.5,0,126839,70.6
skills,meta,eog,csm,3,2,1,task_20260106_161859_265_00364ece_0e836ce8,0.25,0,230527,77.7
skills,meta,eog,csm,3,2,1,task_20260106_185201_238_00364ece_8ab4fd80,0.0,0,179027,80.0
skills,meta,eog,csm,3,2,1,task_20260107_164033_273_a8eea1c0_c0de2fed,0.625,0,156245,70.9
skills,meta,eog,csm,3,2,2,task_20251126_182216_326_66392a82_d3ff64ca,1.0,1,194208,76.7
skills,meta,eog,csm,3,2,2,task_20251201_164641_724_109c89c0_1b29acb9,0.727273,0,323299,90.9
skills,meta,eog,csm,3,2,2,task_20251204_161024_294_46ca2862_1cc82f4c,1.0,1,255340,107.5
skills,meta,eog,csm,3,2,2,task_20251205_194841_224_391f1eff_136bedae,0.0,0,76214,64.4
skills,meta,eog,csm,3,2,2,task_20251210_161511_924_2aa6b0ad_1446c2b4,0.666667,0,129882,53.6
skills,meta,eog,csm,3,2,2,task_20260101_074825_586_a8eea1c0_e596bab2,0.25,0,283977,155.6
skills,meta,eog,csm,3,2,2,task_20260101_191529_659_a8eea1c0_27d3bf1b,0.8,0,252035,85.0
skills,meta,eog,csm,3,2,2,task_20260102_002012_363_00364ece_a3936446,1.0,1,197785,96.4
skills,meta,eog,csm,3,2,2,task_20260102_080409_151_d4a463c3_56c32265,0.8,0,136741,92.3
skills,meta,eog,csm,3,2,2,task_20260106_133642_894_66392a82_3e083fa5,0.5,0,228749,80.9
skills,meta,eog,csm,3,2,2,task_20260106_161859_265_00364ece_0e836ce8,0.5,0,251044,79.6
skills,meta,eog,csm,3,2,2,task_20260106_185201_238_00364ece_8ab4fd80,0.333333,0,240095,90.0
skills,meta,eog,csm,3,2,2,task_20260107_164033_273_a8eea1c0_c0de2fed,0.875,0,165859,139.8
skills,meta,eog,csm,3,2,3,task_20251126_182216_326_66392a82_d3ff64ca,1.0,1,149776,89.3
skills,meta,eog,csm,3,2,3,task_20251201_164641_724_109c89c0_1b29acb9,0.727273,0,465092,95.9
skills,meta,eog,csm,3,2,3,task_20251204_161024_294_46ca2862_1cc82f4c,1.0,1,301307,107.5
skills,meta,eog,csm,3,2,3,task_20251205_194841_224_391f1eff_136bedae,0.0,0,68012,63.5
skills,meta,eog,csm,3,2,3,task_20251210_161511_924_2aa6b0ad_1446c2b4,1.0,1,129530,42.2
skills,meta,eog,csm,3,2,3,task_20260101_074825_586_a8eea1c0_e596bab2,0.25,0,167151,85.7
skills,meta,eog,csm,3,2,3,task_20260101_191529_659_a8eea1c0_27d3bf1b,0.8,0,227942,82.1
skills,meta,eog,csm,3,2,3,task_20260102_002012_363_00364ece_a3936446,1.0,1,302660,97.5
skills,meta,eog,csm,3,2,3,task_20260102_080409_151_d4a463c3_56c32265,0.8,0,174306,83.1
skills,meta,eog,csm,3,2,3,task_20260106_133642_894_66392a82_3e083fa5,1.0,1,157241,78.5
skills,meta,eog,csm,3,2,3,task_20260106_161859_265_00364ece_0e836ce8,0.5,0,318737,115.6
skills,meta,eog,csm,3,2,3,task_20260106_185201_238_00364ece_8ab4fd80,0.666667,0,295764,95.3
skills,meta,eog,csm,3,2,3,task_20260107_164033_273_a8eea1c0_c0de2fed,0.875,0,123565,59.4
skills,meta,eog,csm,3,3,1,task_20251125_152842_063_b393a327_9622ac64,0.8,0,210690,98.4
skills,meta,eog,csm,3,3,1,task_20251202_100743_745_109c89c0_958a07c1,0.666667,0,631665,174.6
skills,meta,eog,csm,3,3,1,task_20251205_101915_742_d4a463c3_8eac8077,0.2,0,211060,121.8
skills,meta,eog,csm,3,3,1,task_20251210_113549_827_d4a463c3_47b48a98,0.666667,0,420175,155.7
skills,meta,eog,csm,3,3,1,task_20251210_183114_382_99ba2325_071a72ab,1.0,1,201929,92.5
skills,meta,eog,csm,3,3,1,task_20251212_222304_435_66392a82_815cd745,0.8,0,283826,92.8
skills,meta,eog,csm,3,3,1,task_20260101_122222_300_ad5a67e3_3757206c,0.4,0,210780,151.8
skills,meta,eog,csm,3,3,1,task_20260101_162109_100_a8eea1c0_e88250ef,1.0,1,363378,104.9
skills,meta,eog,csm,3,3,1,task_20260102_172945_725_ad5a67e3_5480e26f,0.6,0,197996,74.7
skills,meta,eog,csm,3,3,1,task_20260106_070321_497_accab84d_6f4a8da8,1.0,1,699939,145.2
skills,meta,eog,csm,3,3,1,task_20260106_145907_700_a8eea1c0_f5bae698,1.0,1,456572,180.5
skills,meta,eog,csm,3,3,2,task_20251125_152842_063_b393a327_9622ac64,0.8,0,239020,144.8
skills,meta,eog,csm,3,3,2,task_20251202_100743_745_109c89c0_958a07c1,0.666667,0,280599,172.3
skills,meta,eog,csm,3,3,2,task_20251205_101915_742_d4a463c3_8eac8077,0.2,0,278064,168.4
skills,meta,eog,csm,3,3,2,task_20251210_113549_827_d4a463c3_47b48a98,0.666667,0,321238,113.9
skills,meta,eog,csm,3,3,2,task_20251210_183114_382_99ba2325_071a72ab,1.0,1,77725,68.8
skills,meta,eog,csm,3,3,2,task_20251212_222304_435_66392a82_815cd745,0.8,0,186068,59.7
skills,meta,eog,csm,3,3,2,task_20260101_122222_300_ad5a67e3_3757206c,0.4,0,150298,102.3
skills,meta,eog,csm,3,3,2,task_20260101_162109_100_a8eea1c0_e88250ef,0.888889,0,452680,188.6
skills,meta,eog,csm,3,3,2,task_20260102_172945_725_ad5a67e3_5480e26f,0.6,0,267652,165.0
skills,meta,eog,csm,3,3,2,task_20260106_070321_497_accab84d_6f4a8da8,1.0,1,653789,165.5
skills,meta,eog,csm,3,3,2,task_20260106_145907_700_a8eea1c0_f5bae698,1.0,1,361952,158.9
skills,meta,eog,csm,3,3,3,task_20251125_152842_063_b393a327_9622ac64,0.8,0,174763,70.4
skills,meta,eog,csm,3,3,3,task_20251202_100743_745_109c89c0_958a07c1,0.666667,0,420631,141.3
skills,meta,eog,csm,3,3,3,task_20251205_101915_742_d4a463c3_8eac8077,0.4,0,359865,119.5
skills,meta,eog,csm,3,3,3,task_20251210_113549_827_d4a463c3_47b48a98,0.666667,0,412775,154.3
skills,meta,eog,csm,3,3,3,task_20251210_183114_382_99ba2325_071a72ab,1.0,1,175928,111.9
skills,meta,eog,csm,3,3,3,task_20251212_222304_435_66392a82_815cd745,0.8,0,277663,91.2
skills,meta,eog,csm,3,3,3,task_20260101_122222_300_ad5a67e3_3757206c,0.4,0,139408,79.7
skills,meta,eog,csm,3,3,3,task_20260101_162109_100_a8eea1c0_e88250ef,0.888889,0,450986,112.0
skills,meta,eog,csm,3,3,3,task_20260102_172945_725_ad5a67e3_5480e26f,0.6,0,256407,85.6
skills,meta,eog,csm,3,3,3,task_20260106_070321_497_accab84d_6f4a8da8,1.0,1,424558,138.6
skills,meta,eog,csm,3,3,3,task_20260106_145907_700_a8eea1c0_f5bae698,1.0,1,407757,196.9
skills,meta,eog,hr,1,1,1,task_20251226_010313_969_accab84d_77306049,0.5,0,102067,56.6
skills,meta,eog,hr,1,1,1,task_20251226_094920_495_99ba2325_627386b2,0.75,0,130966,58.3
skills,meta,eog,hr,1,1,1,task_20260109_133046_369_391f1eff_7e44fdca,0.0,0,99373,96.5
skills,meta,eog,hr,1,1,1,task_20260115_151312_690_57529556_9fca8861,0.75,0,368918,126.0
skills,meta,eog,hr,1,1,1,task_20260116_095609_650_c5cac200_741831a8,1.0,1,149131,78.7
skills,meta,eog,hr,1,1,1,task_20260116_104653_444_99ba2325_320d5ca4,0.75,0,184812,89.6
skills,meta,eog,hr,1,1,1,task_20260116_112336_208_c5cac200_da33db0a,1.0,1,94311,48.9
skills,meta,eog,hr,1,1,1,task_20260116_125449_931_e6427839_50663277,0.666667,0,93653,52.7
skills,meta,eog,hr,1,1,1,task_20260116_160908_725_46ca2862_923e672e,0.0,0,152939,103.3
skills,meta,eog,hr,1,1,1,task_20260116_185136_779_46ca2862_2b77b852,0.666667,0,134909,81.7
skills,meta,eog,hr,1,1,1,task_20260116_203855_584_57529556_7b20a1d8,0.666667,0,160892,92.8
skills,meta,eog,hr,1,1,2,task_20251226_010313_969_accab84d_77306049,0.5,0,95517,54.4
skills,meta,eog,hr,1,1,2,task_20251226_094920_495_99ba2325_627386b2,1.0,1,172795,100.7
skills,meta,eog,hr,1,1,2,task_20260109_133046_369_391f1eff_7e44fdca,0.0,0,76221,95.8
skills,meta,eog,hr,1,1,2,task_20260115_151312_690_57529556_9fca8861,0.75,0,269507,72.8
skills,meta,eog,hr,1,1,2,task_20260116_095609_650_c5cac200_741831a8,1.0,1,227994,98.9
skills,meta,eog,hr,1,1,2,task_20260116_104653_444_99ba2325_320d5ca4,0.75,0,245310,136.0
skills,meta,eog,hr,1,1,2,task_20260116_112336_208_c5cac200_da33db0a,1.0,1,92679,52.7
skills,meta,eog,hr,1,1,2,task_20260116_125449_931_e6427839_50663277,1.0,1,116039,70.4
skills,meta,eog,hr,1,1,2,task_20260116_160908_725_46ca2862_923e672e,0.0,0,159572,84.4
skills,meta,eog,hr,1,1,2,task_20260116_185136_779_46ca2862_2b77b852,0.666667,0,138384,113.6
skills,meta,eog,hr,1,1,2,task_20260116_203855_584_57529556_7b20a1d8,1.0,1,140120,103.0
skills,meta,eog,hr,1,1,3,task_20251226_010313_969_accab84d_77306049,0.5,0,109958,60.0
skills,meta,eog,hr,1,1,3,task_20251226_094920_495_99ba2325_627386b2,1.0,1,122446,101.7
skills,meta,eog,hr,1,1,3,task_20260109_133046_369_391f1eff_7e44fdca,0.0,0,83657,107.7
skills,meta,eog,hr,1,1,3,task_20260115_151312_690_57529556_9fca8861,0.75,0,271731,95.7
skills,meta,eog,hr,1,1,3,task_20260116_095609_650_c5cac200_741831a8,1.0,1,242973,97.4
skills,meta,eog,hr,1,1,3,task_20260116_104653_444_99ba2325_320d5ca4,0.75,0,380211,96.1
skills,meta,eog,hr,1,1,3,task_20260116_112336_208_c5cac200_da33db0a,0.833333,0,92929,55.6
skills,meta,eog,hr,1,1,3,task_20260116_125449_931_e6427839_50663277,0.666667,0,199070,93.0
skills,meta,eog,hr,1,1,3,task_20260116_160908_725_46ca2862_923e672e,0.0,0,78573,69.0
skills,meta,eog,hr,1,1,3,task_20260116_185136_779_46ca2862_2b77b852,0.666667,0,142678,110.3
skills,meta,eog,hr,1,1,3,task_20260116_203855_584_57529556_7b20a1d8,1.0,1,151942,69.4
skills,meta,eog,hr,1,2,1,task_20251212_175622_173_d61a01c6_62164687,0.5,0,214935,125.4
skills,meta,eog,hr,1,2,1,task_20251219_155520_685_a8eea1c0_c6fb88a1,0.6,0,152414,82.4
skills,meta,eog,hr,1,2,1,task_20251224_094258_495_c4ad7a70_42fbe372,0.0,0,138713,92.5
skills,meta,eog,hr,1,2,1,task_20251224_133749_739_c4ad7a70_9df76270,0.0,0,157464,71.3
skills,meta,eog,hr,1,2,1,task_20251226_101143_297_99ba2325_75b99d9a,0.75,0,185342,93.4
skills,meta,eog,hr,1,2,1,task_20251226_114207_539_30600918_6211eb4b,0.333333,0,186415,92.4
skills,meta,eog,hr,1,2,1,task_20251226_121423_362_c4ad7a70_4be55408,0.333333,0,185555,75.8
skills,meta,eog,hr,1,2,1,task_20251226_132052_338_e6427839_727d852c,0.5,0,156143,95.0
skills,meta,eog,hr,1,2,1,task_20251226_153702_699_ad5a67e3_43cd2d47,0.666667,0,778474,197.8
skills,meta,eog,hr,1,2,1,task_20260109_185510_803_a8eea1c0_b51123d7,1.0,1,190297,79.1
skills,meta,eog,hr,1,2,1,task_20260109_192935_678_e6427839_4c081ddc,0.5,0,158594,137.1
skills,meta,eog,hr,1,2,1,task_20260111_151647_667_a8eea1c0_c7c264ba,0.571429,0,269141,118.3
skills,meta,eog,hr,1,2,1,task_20260111_161750_847_a8eea1c0_3649940a,0.666667,0,243815,115.8
skills,meta,eog,hr,1,2,1,task_20260111_190744_927_a8eea1c0_17bea726,0.0,0,262956,115.5
skills,meta,eog,hr,1,2,1,task_20260112_141226_936_7aad91c1_61df8f2b,0.25,0,180031,92.8
skills,meta,eog,hr,1,2,1,task_20260114_172823_954_a8eea1c0_b725e936,1.0,1,250127,105.3
skills,meta,eog,hr,1,2,1,task_20260116_055513_891_99ba2325_849991b8,0.5,0,213225,106.4
skills,meta,eog,hr,1,2,1,task_20260116_085958_358_a8eea1c0_6d7f242a,1.0,1,325312,121.9
skills,meta,eog,hr,1,2,1,task_20260116_094554_219_c5cac200_82f2d2a8,0.8,0,163245,88.9
skills,meta,eog,hr,1,2,1,task_20260116_105748_962_99ba2325_dcc658fa,0.75,0,181314,106.2
skills,meta,eog,hr,1,2,1,task_20260116_134415_018_fa1836dc_d8efb574,0.333333,0,115771,102.6
skills,meta,eog,hr,1,2,1,task_20260116_143750_504_a8eea1c0_7d91efa1,1.0,1,140153,83.2
skills,meta,eog,hr,1,2,2,task_20251212_175622_173_d61a01c6_62164687,0.5,0,181924,106.2
skills,meta,eog,hr,1,2,2,task_20251219_155520_685_a8eea1c0_c6fb88a1,1.0,1,96348,49.4
skills,meta,eog,hr,1,2,2,task_20251224_094258_495_c4ad7a70_42fbe372,0.0,0,143520,90.7
skills,meta,eog,hr,1,2,2,task_20251224_133749_739_c4ad7a70_9df76270,0.0,0,194130,78.5
skills,meta,eog,hr,1,2,2,task_20251226_101143_297_99ba2325_75b99d9a,0.75,0,135901,71.2
skills,meta,eog,hr,1,2,2,task_20251226_114207_539_30600918_6211eb4b,0.333333,0,279352,103.9
skills,meta,eog,hr,1,2,2,task_20251226_121423_362_c4ad7a70_4be55408,0.333333,0,160599,93.6
skills,meta,eog,hr,1,2,2,task_20251226_132052_338_e6427839_727d852c,0.5,0,158055,83.0
skills,meta,eog,hr,1,2,2,task_20251226_153702_699_ad5a67e3_43cd2d47,0.666667,0,142513,92.0
skills,meta,eog,hr,1,2,2,task_20260109_185510_803_a8eea1c0_b51123d7,1.0,1,213176,90.6
skills,meta,eog,hr,1,2,2,task_20260109_192935_678_e6427839_4c081ddc,0.5,0,92236,93.1
skills,meta,eog,hr,1,2,2,task_20260111_151647_667_a8eea1c0_c7c264ba,0.714286,0,257509,112.4
skills,meta,eog,hr,1,2,2,task_20260111_161750_847_a8eea1c0_3649940a,0.666667,0,225249,79.9
skills,meta,eog,hr,1,2,2,task_20260111_190744_927_a8eea1c0_17bea726,0.0,0,241140,93.0
skills,meta,eog,hr,1,2,2,task_20260112_141226_936_7aad91c1_61df8f2b,1.0,1,138990,76.5
skills,meta,eog,hr,1,2,2,task_20260114_172823_954_a8eea1c0_b725e936,0.666667,0,210046,86.3
skills,meta,eog,hr,1,2,2,task_20260116_055513_891_99ba2325_849991b8,0.5,0,281914,137.4
skills,meta,eog,hr,1,2,2,task_20260116_085958_358_a8eea1c0_6d7f242a,1.0,1,357903,109.1
skills,meta,eog,hr,1,2,2,task_20260116_094554_219_c5cac200_82f2d2a8,0.8,0,351191,114.4
skills,meta,eog,hr,1,2,2,task_20260116_105748_962_99ba2325_dcc658fa,0.75,0,249697,124.7
skills,meta,eog,hr,1,2,2,task_20260116_134415_018_fa1836dc_d8efb574,0.333333,0,134695,82.1
skills,meta,eog,hr,1,2,2,task_20260116_143750_504_a8eea1c0_7d91efa1,1.0,1,139807,67.4
skills,meta,eog,hr,1,2,3,task_20251212_175622_173_d61a01c6_62164687,0.5,0,176015,100.7
skills,meta,eog,hr,1,2,3,task_20251219_155520_685_a8eea1c0_c6fb88a1,0.6,0,159410,74.5
skills,meta,eog,hr,1,2,3,task_20251224_094258_495_c4ad7a70_42fbe372,0.0,0,303155,107.4
skills,meta,eog,hr,1,2,3,task_20251224_133749_739_c4ad7a70_9df76270,0.0,0,137648,83.1
skills,meta,eog,hr,1,2,3,task_20251226_101143_297_99ba2325_75b99d9a,0.75,0,251740,102.6
skills,meta,eog,hr,1,2,3,task_20251226_114207_539_30600918_6211eb4b,0.333333,0,238981,108.8
skills,meta,eog,hr,1,2,3,task_20251226_121423_362_c4ad7a70_4be55408,0.333333,0,166549,115.7
skills,meta,eog,hr,1,2,3,task_20251226_132052_338_e6427839_727d852c,0.5,0,141757,74.6
skills,meta,eog,hr,1,2,3,task_20251226_153702_699_ad5a67e3_43cd2d47,0.666667,0,194561,141.9
skills,meta,eog,hr,1,2,3,task_20260109_185510_803_a8eea1c0_b51123d7,1.0,1,359795,125.4
skills,meta,eog,hr,1,2,3,task_20260109_192935_678_e6427839_4c081ddc,0.5,0,161553,112.7
skills,meta,eog,hr,1,2,3,task_20260111_151647_667_a8eea1c0_c7c264ba,0.714286,0,259234,144.4
skills,meta,eog,hr,1,2,3,task_20260111_161750_847_a8eea1c0_3649940a,0.666667,0,210529,114.7
skills,meta,eog,hr,1,2,3,task_20260111_190744_927_a8eea1c0_17bea726,0.0,0,185065,112.6
skills,meta,eog,hr,1,2,3,task_20260112_141226_936_7aad91c1_61df8f2b,1.0,1,98626,75.1
skills,meta,eog,hr,1,2,3,task_20260114_172823_954_a8eea1c0_b725e936,0.666667,0,253687,112.1
skills,meta,eog,hr,1,2,3,task_20260116_055513_891_99ba2325_849991b8,0.5,0,165556,128.8
skills,meta,eog,hr,1,2,3,task_20260116_085958_358_a8eea1c0_6d7f242a,0.666667,0,144664,103.2
skills,meta,eog,hr,1,2,3,task_20260116_094554_219_c5cac200_82f2d2a8,1.0,1,349158,142.6
skills,meta,eog,hr,1,2,3,task_20260116_105748_962_99ba2325_dcc658fa,0.75,0,242555,122.5
skills,meta,eog,hr,1,2,3,task_20260116_134415_018_fa1836dc_d8efb574,0.333333,0,164219,112.2
skills,meta,eog,hr,1,2,3,task_20260116_143750_504_a8eea1c0_7d91efa1,1.0,1,188573,105.3
skills,meta,eog,hr,2,1,1,task_20251226_010313_969_accab84d_77306049,0.5,0,149330,75.1
skills,meta,eog,hr,2,1,1,task_20251226_094920_495_99ba2325_627386b2,0.75,0,130438,91.6
skills,meta,eog,hr,2,1,1,task_20260109_133046_369_391f1eff_7e44fdca,0.0,0,49486,55.8
skills,meta,eog,hr,2,1,1,task_20260115_151312_690_57529556_9fca8861,1.0,1,302846,95.8
skills,meta,eog,hr,2,1,1,task_20260116_095609_650_c5cac200_741831a8,1.0,1,122582,75.1
skills,meta,eog,hr,2,1,1,task_20260116_104653_444_99ba2325_320d5ca4,0.75,0,228284,147.9
skills,meta,eog,hr,2,1,1,task_20260116_112336_208_c5cac200_da33db0a,1.0,1,249695,81.6
skills,meta,eog,hr,2,1,1,task_20260116_125449_931_e6427839_50663277,0.666667,0,93520,50.5
skills,meta,eog,hr,2,1,1,task_20260116_160908_725_46ca2862_923e672e,0.0,0,119858,59.2
skills,meta,eog,hr,2,1,1,task_20260116_185136_779_46ca2862_2b77b852,0.666667,0,127349,126.9
skills,meta,eog,hr,2,1,1,task_20260116_203855_584_57529556_7b20a1d8,0.666667,0,213775,93.8
skills,meta,eog,hr,2,1,2,task_20251226_010313_969_accab84d_77306049,0.5,0,112670,49.7
skills,meta,eog,hr,2,1,2,task_20251226_094920_495_99ba2325_627386b2,1.0,1,140641,93.1
skills,meta,eog,hr,2,1,2,task_20260109_133046_369_391f1eff_7e44fdca,0.0,0,93886,100.3
skills,meta,eog,hr,2,1,2,task_20260115_151312_690_57529556_9fca8861,0.875,0,410129,140.7
skills,meta,eog,hr,2,1,2,task_20260116_095609_650_c5cac200_741831a8,1.0,1,129178,75.1
skills,meta,eog,hr,2,1,2,task_20260116_104653_444_99ba2325_320d5ca4,0.75,0,128072,56.3
skills,meta,eog,hr,2,1,2,task_20260116_112336_208_c5cac200_da33db0a,1.0,1,191469,82.4
skills,meta,eog,hr,2,1,2,task_20260116_125449_931_e6427839_50663277,0.666667,0,78874,60.5
skills,meta,eog,hr,2,1,2,task_20260116_160908_725_46ca2862_923e672e,0.0,0,147670,79.1
skills,meta,eog,hr,2,1,2,task_20260116_185136_779_46ca2862_2b77b852,0.666667,0,98054,65.3
skills,meta,eog,hr,2,1,2,task_20260116_203855_584_57529556_7b20a1d8,0.666667,0,283912,141.0
skills,meta,eog,hr,2,1,3,task_20251226_010313_969_accab84d_77306049,0.5,0,100562,61.5
skills,meta,eog,hr,2,1,3,task_20251226_094920_495_99ba2325_627386b2,0.75,0,92914,72.6
skills,meta,eog,hr,2,1,3,task_20260109_133046_369_391f1eff_7e44fdca,0.0,0,86634,59.9
skills,meta,eog,hr,2,1,3,task_20260115_151312_690_57529556_9fca8861,0.875,0,369096,158.9
skills,meta,eog,hr,2,1,3,task_20260116_095609_650_c5cac200_741831a8,1.0,1,341019,106.4
skills,meta,eog,hr,2,1,3,task_20260116_104653_444_99ba2325_320d5ca4,0.75,0,108863,55.8
skills,meta,eog,hr,2,1,3,task_20260116_112336_208_c5cac200_da33db0a,1.0,1,188225,101.3
skills,meta,eog,hr,2,1,3,task_20260116_125449_931_e6427839_50663277,1.0,1,189134,50.6
skills,meta,eog,hr,2,1,3,task_20260116_160908_725_46ca2862_923e672e,0.0,0,122631,95.7
skills,meta,eog,hr,2,1,3,task_20260116_185136_779_46ca2862_2b77b852,0.666667,0,124990,83.8
skills,meta,eog,hr,2,1,3,task_20260116_203855_584_57529556_7b20a1d8,1.0,1,168745,69.8
skills,meta,eog,hr,2,2,1,task_20251212_175622_173_d61a01c6_62164687,0.0,0,217816,107.1
skills,meta,eog,hr,2,2,1,task_20251219_155520_685_a8eea1c0_c6fb88a1,1.0,1,124516,59.6
skills,meta,eog,hr,2,2,1,task_20251224_094258_495_c4ad7a70_42fbe372,0.0,0,173732,78.7
skills,meta,eog,hr,2,2,1,task_20251224_133749_739_c4ad7a70_9df76270,0.0,0,185715,57.2
skills,meta,eog,hr,2,2,1,task_20251226_101143_297_99ba2325_75b99d9a,0.75,0,147159,70.3
skills,meta,eog,hr,2,2,1,task_20251226_114207_539_30600918_6211eb4b,0.333333,0,255855,124.7
skills,meta,eog,hr,2,2,1,task_20251226_121423_362_c4ad7a70_4be55408,0.333333,0,151219,60.0
skills,meta,eog,hr,2,2,1,task_20251226_132052_338_e6427839_727d852c,0.5,0,128393,81.4
skills,meta,eog,hr,2,2,1,task_20251226_153702_699_ad5a67e3_43cd2d47,0.666667,0,217130,80.6
skills,meta,eog,hr,2,2,1,task_20260109_185510_803_a8eea1c0_b51123d7,1.0,1,176765,93.0
skills,meta,eog,hr,2,2,1,task_20260109_192935_678_e6427839_4c081ddc,0.5,0,246837,113.1
skills,meta,eog,hr,2,2,1,task_20260111_151647_667_a8eea1c0_c7c264ba,0.714286,0,294462,108.1
skills,meta,eog,hr,2,2,1,task_20260111_161750_847_a8eea1c0_3649940a,0.666667,0,216927,128.7
skills,meta,eog,hr,2,2,1,task_20260111_190744_927_a8eea1c0_17bea726,0.0,0,321094,129.4
skills,meta,eog,hr,2,2,1,task_20260112_141226_936_7aad91c1_61df8f2b,0.5,0,184365,83.9
skills,meta,eog,hr,2,2,1,task_20260114_172823_954_a8eea1c0_b725e936,0.666667,0,334168,112.7
skills,meta,eog,hr,2,2,1,task_20260116_055513_891_99ba2325_849991b8,0.333333,0,245591,94.4
skills,meta,eog,hr,2,2,1,task_20260116_085958_358_a8eea1c0_6d7f242a,0.666667,0,242729,123.3
skills,meta,eog,hr,2,2,1,task_20260116_094554_219_c5cac200_82f2d2a8,1.0,1,304047,120.9
skills,meta,eog,hr,2,2,1,task_20260116_105748_962_99ba2325_dcc658fa,0.75,0,147865,91.6
skills,meta,eog,hr,2,2,1,task_20260116_134415_018_fa1836dc_d8efb574,0.333333,0,86155,130.2
skills,meta,eog,hr,2,2,1,task_20260116_143750_504_a8eea1c0_7d91efa1,1.0,1,234625,71.1
skills,meta,eog,hr,2,2,2,task_20251212_175622_173_d61a01c6_62164687,0.0,0,156231,101.3
skills,meta,eog,hr,2,2,2,task_20251219_155520_685_a8eea1c0_c6fb88a1,0.6,0,126805,59.2
skills,meta,eog,hr,2,2,2,task_20251224_094258_495_c4ad7a70_42fbe372,0.0,0,93424,84.4
skills,meta,eog,hr,2,2,2,task_20251224_133749_739_c4ad7a70_9df76270,0.0,0,154338,73.0
skills,meta,eog,hr,2,2,2,task_20251226_101143_297_99ba2325_75b99d9a,0.75,0,268653,76.1
skills,meta,eog,hr,2,2,2,task_20251226_114207_539_30600918_6211eb4b,0.0,0,112094,67.3
skills,meta,eog,hr,2,2,2,task_20251226_121423_362_c4ad7a70_4be55408,0.333333,0,143655,57.9
skills,meta,eog,hr,2,2,2,task_20251226_132052_338_e6427839_727d852c,0.5,0,266900,109.5
skills,meta,eog,hr,2,2,2,task_20251226_153702_699_ad5a67e3_43cd2d47,0.666667,0,195276,78.1
skills,meta,eog,hr,2,2,2,task_20260109_185510_803_a8eea1c0_b51123d7,0.714286,0,290302,122.4
skills,meta,eog,hr,2,2,2,task_20260109_192935_678_e6427839_4c081ddc,0.5,0,173227,107.7
skills,meta,eog,hr,2,2,2,task_20260111_151647_667_a8eea1c0_c7c264ba,0.714286,0,298919,115.6
skills,meta,eog,hr,2,2,2,task_20260111_161750_847_a8eea1c0_3649940a,0.666667,0,189021,82.1
skills,meta,eog,hr,2,2,2,task_20260111_190744_927_a8eea1c0_17bea726,0.0,0,219316,92.1
skills,meta,eog,hr,2,2,2,task_20260112_141226_936_7aad91c1_61df8f2b,0.75,0,99470,61.2
skills,meta,eog,hr,2,2,2,task_20260114_172823_954_a8eea1c0_b725e936,1.0,1,314651,144.2
skills,meta,eog,hr,2,2,2,task_20260116_055513_891_99ba2325_849991b8,0.5,0,217276,81.5
skills,meta,eog,hr,2,2,2,task_20260116_085958_358_a8eea1c0_6d7f242a,1.0,1,280727,74.7
skills,meta,eog,hr,2,2,2,task_20260116_094554_219_c5cac200_82f2d2a8,0.8,0,312216,115.8
skills,meta,eog,hr,2,2,2,task_20260116_105748_962_99ba2325_dcc658fa,0.75,0,241203,108.2
skills,meta,eog,hr,2,2,2,task_20260116_134415_018_fa1836dc_d8efb574,0.333333,0,100675,68.0
skills,meta,eog,hr,2,2,2,task_20260116_143750_504_a8eea1c0_7d91efa1,1.0,1,210267,66.9
skills,meta,eog,hr,2,2,3,task_20251212_175622_173_d61a01c6_62164687,0.5,0,188411,108.2
skills,meta,eog,hr,2,2,3,task_20251219_155520_685_a8eea1c0_c6fb88a1,1.0,1,239436,86.3
skills,meta,eog,hr,2,2,3,task_20251224_094258_495_c4ad7a70_42fbe372,0.25,0,179594,117.4
skills,meta,eog,hr,2,2,3,task_20251224_133749_739_c4ad7a70_9df76270,0.0,0,545902,110.7
skills,meta,eog,hr,2,2,3,task_20251226_101143_297_99ba2325_75b99d9a,0.75,0,269944,124.6
skills,meta,eog,hr,2,2,3,task_20251226_114207_539_30600918_6211eb4b,0.333333,0,273095,80.9
skills,meta,eog,hr,2,2,3,task_20251226_121423_362_c4ad7a70_4be55408,0.333333,0,171096,69.4
skills,meta,eog,hr,2,2,3,task_20251226_132052_338_e6427839_727d852c,0.5,0,220509,69.9
skills,meta,eog,hr,2,2,3,task_20251226_153702_699_ad5a67e3_43cd2d47,0.666667,0,304416,115.8
skills,meta,eog,hr,2,2,3,task_20260109_185510_803_a8eea1c0_b51123d7,1.0,1,331285,120.7
skills,meta,eog,hr,2,2,3,task_20260109_192935_678_e6427839_4c081ddc,0.5,0,167542,121.6
skills,meta,eog,hr,2,2,3,task_20260111_151647_667_a8eea1c0_c7c264ba,0.571429,0,429379,177.4
skills,meta,eog,hr,2,2,3,task_20260111_161750_847_a8eea1c0_3649940a,0.666667,0,297722,124.1
skills,meta,eog,hr,2,2,3,task_20260111_190744_927_a8eea1c0_17bea726,0.0,0,203209,103.3
skills,meta,eog,hr,2,2,3,task_20260112_141226_936_7aad91c1_61df8f2b,1.0,1,101106,67.2
skills,meta,eog,hr,2,2,3,task_20260114_172823_954_a8eea1c0_b725e936,0.0,0,89067,164.9
skills,meta,eog,hr,2,2,3,task_20260116_055513_891_99ba2325_849991b8,0.5,0,230673,139.2
skills,meta,eog,hr,2,2,3,task_20260116_085958_358_a8eea1c0_6d7f242a,1.0,1,329928,136.7
skills,meta,eog,hr,2,2,3,task_20260116_094554_219_c5cac200_82f2d2a8,0.8,0,247022,128.9
skills,meta,eog,hr,2,2,3,task_20260116_105748_962_99ba2325_dcc658fa,0.75,0,255359,120.1
skills,meta,eog,hr,2,2,3,task_20260116_134415_018_fa1836dc_d8efb574,0.333333,0,103787,103.7
skills,meta,eog,hr,2,2,3,task_20260116_143750_504_a8eea1c0_7d91efa1,1.0,1,141713,75.4
skills,meta,eog,hr,2,3,1,task_20251216_123530_079_ec0cb5dd_3b89aab7,0.6,0,240782,77.4
skills,meta,eog,hr,2,3,1,task_20251217_073807_153_761f6b82_cba63024,0.857143,0,291288,99.8
skills,meta,eog,hr,2,3,1,task_20251219_114935_971_a8eea1c0_188fc892,0.25,0,218077,107.8
skills,meta,eog,hr,2,3,1,task_20251219_155215_361_00364ece_c1c6ffc8,0.2,0,96089,72.2
skills,meta,eog,hr,2,3,1,task_20251223_150001_549_d9bcd1e5_475d93ab,0.857143,0,196480,76.4
skills,meta,eog,hr,2,3,1,task_20251223_174414_238_a8eea1c0_0c3b20c1,0.0,0,324280,123.9
skills,meta,eog,hr,2,3,1,task_20251223_184833_888_a8eea1c0_87c53cb9,0.428571,0,115658,78.6
skills,meta,eog,hr,2,3,1,task_20251224_064352_705_ec0cb5dd_46d83d4e,0.461538,0,104221,84.6
skills,meta,eog,hr,2,3,1,task_20251224_150114_483_a8eea1c0_d44f97ad,1.0,1,489559,191.5
skills,meta,eog,hr,2,3,1,task_20251224_234036_267_accab84d_f26a18f7,0.625,0,382568,186.3
skills,meta,eog,hr,2,3,1,task_20251225_062927_003_d9bcd1e5_d996901a,0.75,0,991491,183.5
skills,meta,eog,hr,2,3,1,task_20251225_180047_141_a8eea1c0_002e725f,1.0,1,236281,70.1
skills,meta,eog,hr,2,3,1,task_20251226_041218_355_d9bcd1e5_bc84c9d5,0.777778,0,176337,126.5
skills,meta,eog,hr,2,3,1,task_20251226_104747_127_30600918_559da326,0.5,0,217843,104.8
skills,meta,eog,hr,2,3,1,task_20251226_110144_731_b25153b4_773380f8,1.0,1,611442,195.8
skills,meta,eog,hr,2,3,1,task_20260109_180543_808_391f1eff_02357fea,0.666667,0,116493,102.8
skills,meta,eog,hr,2,3,1,task_20260111_204619_117_a8eea1c0_b69d59bc,0.6,0,254747,117.9
skills,meta,eog,hr,2,3,1,task_20260112_124137_537_761f6b82_9e1a6b99,0.25,0,350332,128.2
skills,meta,eog,hr,2,3,1,task_20260114_180423_838_00364ece_9f2ad35c,0.5,0,345869,131.6
skills,meta,eog,hr,2,3,1,task_20260115_130852_498_a8eea1c0_e9192d7e,0.333333,0,184585,127.8
skills,meta,eog,hr,2,3,2,task_20251216_123530_079_ec0cb5dd_3b89aab7,0.8,0,580945,131.8
skills,meta,eog,hr,2,3,2,task_20251217_073807_153_761f6b82_cba63024,0.857143,0,336225,119.5
skills,meta,eog,hr,2,3,2,task_20251219_114935_971_a8eea1c0_188fc892,0.5,0,223919,95.5
skills,meta,eog,hr,2,3,2,task_20251219_155215_361_00364ece_c1c6ffc8,0.2,0,92648,70.0
skills,meta,eog,hr,2,3,2,task_20251223_150001_549_d9bcd1e5_475d93ab,0.857143,0,188131,95.4
skills,meta,eog,hr,2,3,2,task_20251223_174414_238_a8eea1c0_0c3b20c1,0.333333,0,264184,140.4
skills,meta,eog,hr,2,3,2,task_20251223_184833_888_a8eea1c0_87c53cb9,0.571429,0,253092,145.2
skills,meta,eog,hr,2,3,2,task_20251224_064352_705_ec0cb5dd_46d83d4e,0.846154,0,337328,110.1
skills,meta,eog,hr,2,3,2,task_20251224_150114_483_a8eea1c0_d44f97ad,1.0,1,304467,118.6
skills,meta,eog,hr,2,3,2,task_20251224_234036_267_accab84d_f26a18f7,0.625,0,414162,138.5
skills,meta,eog,hr,2,3,2,task_20251225_062927_003_d9bcd1e5_d996901a,0.75,0,964440,191.6
skills,meta,eog,hr,2,3,2,task_20251225_180047_141_a8eea1c0_002e725f,1.0,1,253141,112.7
skills,meta,eog,hr,2,3,2,task_20251226_041218_355_d9bcd1e5_bc84c9d5,0.777778,0,179097,152.0
skills,meta,eog,hr,2,3,2,task_20251226_104747_127_30600918_559da326,0.5,0,273766,133.5
skills,meta,eog,hr,2,3,2,task_20251226_110144_731_b25153b4_773380f8,0.714286,0,549386,162.7
skills,meta,eog,hr,2,3,2,task_20260109_180543_808_391f1eff_02357fea,0.666667,0,74162,92.8
skills,meta,eog,hr,2,3,2,task_20260111_204619_117_a8eea1c0_b69d59bc,0.6,0,250601,165.1
skills,meta,eog,hr,2,3,2,task_20260112_124137_537_761f6b82_9e1a6b99,0.25,0,269787,121.0
skills,meta,eog,hr,2,3,2,task_20260114_180423_838_00364ece_9f2ad35c,0.75,0,452150,184.4
skills,meta,eog,hr,2,3,2,task_20260115_130852_498_a8eea1c0_e9192d7e,0.5,0,294340,132.1
skills,meta,eog,hr,2,3,3,task_20251216_123530_079_ec0cb5dd_3b89aab7,0.8,0,169951,91.4
skills,meta,eog,hr,2,3,3,task_20251217_073807_153_761f6b82_cba63024,0.714286,0,373185,163.5
skills,meta,eog,hr,2,3,3,task_20251219_114935_971_a8eea1c0_188fc892,1.0,1,310571,158.8
skills,meta,eog,hr,2,3,3,task_20251219_155215_361_00364ece_c1c6ffc8,0.2,0,168795,119.5
skills,meta,eog,hr,2,3,3,task_20251223_150001_549_d9bcd1e5_475d93ab,0.857143,0,173494,127.4
skills,meta,eog,hr,2,3,3,task_20251223_174414_238_a8eea1c0_0c3b20c1,0.0,0,296949,166.0
skills,meta,eog,hr,2,3,3,task_20251223_184833_888_a8eea1c0_87c53cb9,0.428571,0,146292,106.2
skills,meta,eog,hr,2,3,3,task_20251224_064352_705_ec0cb5dd_46d83d4e,0.846154,0,356370,151.5
skills,meta,eog,hr,2,3,3,task_20251224_150114_483_a8eea1c0_d44f97ad,0.75,0,234275,139.2
skills,meta,eog,hr,2,3,3,task_20251224_234036_267_accab84d_f26a18f7,0.25,0,127555,162.8
skills,meta,eog,hr,2,3,3,task_20251225_062927_003_d9bcd1e5_d996901a,0.75,0,1251692,255.3
skills,meta,eog,hr,2,3,3,task_20251225_180047_141_a8eea1c0_002e725f,1.0,1,178100,125.4
skills,meta,eog,hr,2,3,3,task_20251226_041218_355_d9bcd1e5_bc84c9d5,0.777778,0,372496,187.7
skills,meta,eog,hr,2,3,3,task_20251226_104747_127_30600918_559da326,0.5,0,160837,138.9
skills,meta,eog,hr,2,3,3,task_20251226_110144_731_b25153b4_773380f8,0.571429,0,518335,192.9
skills,meta,eog,hr,2,3,3,task_20260109_180543_808_391f1eff_02357fea,0.666667,0,133956,111.3
skills,meta,eog,hr,2,3,3,task_20260111_204619_117_a8eea1c0_b69d59bc,0.6,0,286607,170.3
skills,meta,eog,hr,2,3,3,task_20260112_124137_537_761f6b82_9e1a6b99,0.25,0,236017,127.0
skills,meta,eog,hr,2,3,3,task_20260114_180423_838_00364ece_9f2ad35c,0.5,0,293097,124.7
skills,meta,eog,hr,2,3,3,task_20260115_130852_498_a8eea1c0_e9192d7e,0.5,0,292660,142.8
skills,meta,eog,hr,3,1,1,task_20251226_010313_969_accab84d_77306049,0.5,0,105971,65.8
skills,meta,eog,hr,3,1,1,task_20251226_094920_495_99ba2325_627386b2,1.0,1,115296,96.5
skills,meta,eog,hr,3,1,1,task_20260109_133046_369_391f1eff_7e44fdca,0.0,0,83985,59.6
skills,meta,eog,hr,3,1,1,task_20260115_151312_690_57529556_9fca8861,0.75,0,379361,131.3
skills,meta,eog,hr,3,1,1,task_20260116_095609_650_c5cac200_741831a8,1.0,1,181708,102.3
skills,meta,eog,hr,3,1,1,task_20260116_104653_444_99ba2325_320d5ca4,1.0,1,283749,109.2
skills,meta,eog,hr,3,1,1,task_20260116_112336_208_c5cac200_da33db0a,1.0,1,195024,65.2
skills,meta,eog,hr,3,1,1,task_20260116_125449_931_e6427839_50663277,0.666667,0,102735,105.9
skills,meta,eog,hr,3,1,1,task_20260116_160908_725_46ca2862_923e672e,0.5,0,200524,129.4
skills,meta,eog,hr,3,1,1,task_20260116_185136_779_46ca2862_2b77b852,0.666667,0,151188,82.9
skills,meta,eog,hr,3,1,1,task_20260116_203855_584_57529556_7b20a1d8,1.0,1,157331,81.1
skills,meta,eog,hr,3,1,2,task_20251226_010313_969_accab84d_77306049,0.5,0,124556,63.2
skills,meta,eog,hr,3,1,2,task_20251226_094920_495_99ba2325_627386b2,0.75,0,246767,86.7
skills,meta,eog,hr,3,1,2,task_20260109_133046_369_391f1eff_7e44fdca,0.0,0,114776,90.9
skills,meta,eog,hr,3,1,2,task_20260115_151312_690_57529556_9fca8861,0.875,0,477831,141.4
skills,meta,eog,hr,3,1,2,task_20260116_095609_650_c5cac200_741831a8,1.0,1,296249,95.9
skills,meta,eog,hr,3,1,2,task_20260116_104653_444_99ba2325_320d5ca4,0.75,0,118184,78.8
skills,meta,eog,hr,3,1,2,task_20260116_112336_208_c5cac200_da33db0a,1.0,1,104821,52.7
skills,meta,eog,hr,3,1,2,task_20260116_125449_931_e6427839_50663277,0.666667,0,106872,74.4
skills,meta,eog,hr,3,1,2,task_20260116_160908_725_46ca2862_923e672e,0.5,0,145646,116.1
skills,meta,eog,hr,3,1,2,task_20260116_185136_779_46ca2862_2b77b852,0.666667,0,89729,64.2
skills,meta,eog,hr,3,1,2,task_20260116_203855_584_57529556_7b20a1d8,0.666667,0,198643,94.5
skills,meta,eog,hr,3,1,3,task_20251226_010313_969_accab84d_77306049,0.5,0,104740,49.4
skills,meta,eog,hr,3,1,3,task_20251226_094920_495_99ba2325_627386b2,0.75,0,128979,77.1
skills,meta,eog,hr,3,1,3,task_20260109_133046_369_391f1eff_7e44fdca,0.0,0,137013,128.3
skills,meta,eog,hr,3,1,3,task_20260115_151312_690_57529556_9fca8861,0.875,0,378727,118.9
skills,meta,eog,hr,3,1,3,task_20260116_095609_650_c5cac200_741831a8,1.0,1,279618,96.2
skills,meta,eog,hr,3,1,3,task_20260116_104653_444_99ba2325_320d5ca4,0.75,0,145585,68.5
skills,meta,eog,hr,3,1,3,task_20260116_112336_208_c5cac200_da33db0a,0.833333,0,104143,77.0
skills,meta,eog,hr,3,1,3,task_20260116_125449_931_e6427839_50663277,0.666667,0,90066,56.3
skills,meta,eog,hr,3,1,3,task_20260116_160908_725_46ca2862_923e672e,0.0,0,81738,69.0
skills,meta,eog,hr,3,1,3,task_20260116_185136_779_46ca2862_2b77b852,0.666667,0,118035,110.5
skills,meta,eog,hr,3,1,3,task_20260116_203855_584_57529556_7b20a1d8,0.666667,0,262404,125.4
skills,meta,eog,hr,3,2,1,task_20251212_175622_173_d61a01c6_62164687,0.0,0,120341,104.2
skills,meta,eog,hr,3,2,1,task_20251219_155520_685_a8eea1c0_c6fb88a1,1.0,1,112729,62.6
skills,meta,eog,hr,3,2,1,task_20251224_094258_495_c4ad7a70_42fbe372,0.25,0,167706,105.1
skills,meta,eog,hr,3,2,1,task_20251224_133749_739_c4ad7a70_9df76270,0.25,0,157747,98.5
skills,meta,eog,hr,3,2,1,task_20251226_101143_297_99ba2325_75b99d9a,0.75,0,145009,80.4
skills,meta,eog,hr,3,2,1,task_20251226_114207_539_30600918_6211eb4b,0.333333,0,323639,123.8
skills,meta,eog,hr,3,2,1,task_20251226_121423_362_c4ad7a70_4be55408,0.333333,0,194781,70.8
skills,meta,eog,hr,3,2,1,task_20251226_132052_338_e6427839_727d852c,0.5,0,282917,130.4
skills,meta,eog,hr,3,2,1,task_20251226_153702_699_ad5a67e3_43cd2d47,0.666667,0,245352,102.0
skills,meta,eog,hr,3,2,1,task_20260109_185510_803_a8eea1c0_b51123d7,1.0,1,324373,107.1
skills,meta,eog,hr,3,2,1,task_20260109_192935_678_e6427839_4c081ddc,0.25,0,104658,88.7
skills,meta,eog,hr,3,2,1,task_20260111_151647_667_a8eea1c0_c7c264ba,0.571429,0,274946,121.4
skills,meta,eog,hr,3,2,1,task_20260111_161750_847_a8eea1c0_3649940a,0.666667,0,267660,145.4
skills,meta,eog,hr,3,2,1,task_20260111_190744_927_a8eea1c0_17bea726,0.0,0,270814,118.3
skills,meta,eog,hr,3,2,1,task_20260112_141226_936_7aad91c1_61df8f2b,1.0,1,206396,93.1
skills,meta,eog,hr,3,2,1,task_20260114_172823_954_a8eea1c0_b725e936,1.0,1,231613,148.2
skills,meta,eog,hr,3,2,1,task_20260116_055513_891_99ba2325_849991b8,0.333333,0,276216,143.6
skills,meta,eog,hr,3,2,1,task_20260116_085958_358_a8eea1c0_6d7f242a,1.0,1,383039,105.5
skills,meta,eog,hr,3,2,1,task_20260116_094554_219_c5cac200_82f2d2a8,0.8,0,255073,112.4
skills,meta,eog,hr,3,2,1,task_20260116_105748_962_99ba2325_dcc658fa,0.75,0,231851,91.2
skills,meta,eog,hr,3,2,1,task_20260116_134415_018_fa1836dc_d8efb574,0.333333,0,96601,69.6
skills,meta,eog,hr,3,2,1,task_20260116_143750_504_a8eea1c0_7d91efa1,1.0,1,200645,88.7
skills,meta,eog,hr,3,2,2,task_20251212_175622_173_d61a01c6_62164687,1.0,1,134602,102.6
skills,meta,eog,hr,3,2,2,task_20251219_155520_685_a8eea1c0_c6fb88a1,1.0,1,256066,122.4
skills,meta,eog,hr,3,2,2,task_20251224_094258_495_c4ad7a70_42fbe372,0.0,0,124645,118.6
skills,meta,eog,hr,3,2,2,task_20251224_133749_739_c4ad7a70_9df76270,0.0,0,238614,108.6
skills,meta,eog,hr,3,2,2,task_20251226_101143_297_99ba2325_75b99d9a,0.75,0,156464,124.2
skills,meta,eog,hr,3,2,2,task_20251226_114207_539_30600918_6211eb4b,0.333333,0,171853,64.7
skills,meta,eog,hr,3,2,2,task_20251226_121423_362_c4ad7a70_4be55408,0.0,0,174339,94.1
skills,meta,eog,hr,3,2,2,task_20251226_132052_338_e6427839_727d852c,0.5,0,285862,145.6
skills,meta,eog,hr,3,2,2,task_20251226_153702_699_ad5a67e3_43cd2d47,0.666667,0,195996,91.0
skills,meta,eog,hr,3,2,2,task_20260109_185510_803_a8eea1c0_b51123d7,1.0,1,227105,74.9
skills,meta,eog,hr,3,2,2,task_20260109_192935_678_e6427839_4c081ddc,0.5,0,108813,103.6
skills,meta,eog,hr,3,2,2,task_20260111_151647_667_a8eea1c0_c7c264ba,0.714286,0,263036,124.9
skills,meta,eog,hr,3,2,2,task_20260111_161750_847_a8eea1c0_3649940a,0.666667,0,243941,149.8
skills,meta,eog,hr,3,2,2,task_20260111_190744_927_a8eea1c0_17bea726,0.0,0,199416,142.0
skills,meta,eog,hr,3,2,2,task_20260112_141226_936_7aad91c1_61df8f2b,0.75,0,271242,142.9
skills,meta,eog,hr,3,2,2,task_20260114_172823_954_a8eea1c0_b725e936,0.666667,0,239034,115.0
skills,meta,eog,hr,3,2,2,task_20260116_055513_891_99ba2325_849991b8,0.5,0,191247,143.5
skills,meta,eog,hr,3,2,2,task_20260116_085958_358_a8eea1c0_6d7f242a,1.0,1,285005,91.1
skills,meta,eog,hr,3,2,2,task_20260116_094554_219_c5cac200_82f2d2a8,0.8,0,169328,153.9
skills,meta,eog,hr,3,2,2,task_20260116_105748_962_99ba2325_dcc658fa,0.75,0,226788,164.7
skills,meta,eog,hr,3,2,2,task_20260116_134415_018_fa1836dc_d8efb574,0.333333,0,110655,94.8
skills,meta,eog,hr,3,2,2,task_20260116_143750_504_a8eea1c0_7d91efa1,1.0,1,197795,88.8
skills,meta,eog,hr,3,2,3,task_20251212_175622_173_d61a01c6_62164687,0.5,0,154890,91.9
skills,meta,eog,hr,3,2,3,task_20251219_155520_685_a8eea1c0_c6fb88a1,1.0,1,224435,116.2
skills,meta,eog,hr,3,2,3,task_20251224_094258_495_c4ad7a70_42fbe372,0.0,0,138173,74.7
skills,meta,eog,hr,3,2,3,task_20251224_133749_739_c4ad7a70_9df76270,0.0,0,247368,102.5
skills,meta,eog,hr,3,2,3,task_20251226_101143_297_99ba2325_75b99d9a,0.75,0,186364,86.1
skills,meta,eog,hr,3,2,3,task_20251226_114207_539_30600918_6211eb4b,0.333333,0,238132,68.7
skills,meta,eog,hr,3,2,3,task_20251226_121423_362_c4ad7a70_4be55408,0.0,0,184463,120.6
skills,meta,eog,hr,3,2,3,task_20251226_132052_338_e6427839_727d852c,0.5,0,173704,77.2
skills,meta,eog,hr,3,2,3,task_20251226_153702_699_ad5a67e3_43cd2d47,0.666667,0,241533,112.3
skills,meta,eog,hr,3,2,3,task_20260109_185510_803_a8eea1c0_b51123d7,1.0,1,201098,116.7
skills,meta,eog,hr,3,2,3,task_20260109_192935_678_e6427839_4c081ddc,0.5,0,123372,98.1
skills,meta,eog,hr,3,2,3,task_20260111_151647_667_a8eea1c0_c7c264ba,0.714286,0,257683,132.0
skills,meta,eog,hr,3,2,3,task_20260111_161750_847_a8eea1c0_3649940a,0.666667,0,261996,98.1
skills,meta,eog,hr,3,2,3,task_20260111_190744_927_a8eea1c0_17bea726,0.0,0,265023,129.5
skills,meta,eog,hr,3,2,3,task_20260112_141226_936_7aad91c1_61df8f2b,1.0,1,232011,122.2
skills,meta,eog,hr,3,2,3,task_20260114_172823_954_a8eea1c0_b725e936,0.666667,0,469352,141.1
skills,meta,eog,hr,3,2,3,task_20260116_055513_891_99ba2325_849991b8,0.5,0,205606,107.3
skills,meta,eog,hr,3,2,3,task_20260116_085958_358_a8eea1c0_6d7f242a,1.0,1,441824,114.2
skills,meta,eog,hr,3,2,3,task_20260116_094554_219_c5cac200_82f2d2a8,0.8,0,209547,94.7
skills,meta,eog,hr,3,2,3,task_20260116_105748_962_99ba2325_dcc658fa,0.75,0,304155,127.3
skills,meta,eog,hr,3,2,3,task_20260116_134415_018_fa1836dc_d8efb574,0.333333,0,143244,91.1
skills,meta,eog,hr,3,2,3,task_20260116_143750_504_a8eea1c0_7d91efa1,1.0,1,171994,89.9
skills,meta,eog,hr,3,3,1,task_20251216_123530_079_ec0cb5dd_3b89aab7,0.8,0,211763,101.2
skills,meta,eog,hr,3,3,1,task_20251217_073807_153_761f6b82_cba63024,0.857143,0,779427,137.6
skills,meta,eog,hr,3,3,1,task_20251219_114935_971_a8eea1c0_188fc892,0.5,0,173986,117.2
skills,meta,eog,hr,3,3,1,task_20251219_155215_361_00364ece_c1c6ffc8,0.2,0,119220,84.3
skills,meta,eog,hr,3,3,1,task_20251223_150001_549_d9bcd1e5_475d93ab,0.857143,0,245328,74.0
skills,meta,eog,hr,3,3,1,task_20251223_174414_238_a8eea1c0_0c3b20c1,0.333333,0,161185,145.1
skills,meta,eog,hr,3,3,1,task_20251223_184833_888_a8eea1c0_87c53cb9,0.428571,0,185211,123.9
skills,meta,eog,hr,3,3,1,task_20251224_064352_705_ec0cb5dd_46d83d4e,0.846154,0,284021,129.5
skills,meta,eog,hr,3,3,1,task_20251224_150114_483_a8eea1c0_d44f97ad,0.75,0,317724,119.2
skills,meta,eog,hr,3,3,1,task_20251224_234036_267_accab84d_f26a18f7,0.625,0,344064,152.1
skills,meta,eog,hr,3,3,1,task_20251225_062927_003_d9bcd1e5_d996901a,0.75,0,1053678,178.3
skills,meta,eog,hr,3,3,1,task_20251225_180047_141_a8eea1c0_002e725f,1.0,1,242247,81.4
skills,meta,eog,hr,3,3,1,task_20251226_041218_355_d9bcd1e5_bc84c9d5,0.777778,0,232037,134.5
skills,meta,eog,hr,3,3,1,task_20251226_104747_127_30600918_559da326,0.5,0,298107,118.6
skills,meta,eog,hr,3,3,1,task_20251226_110144_731_b25153b4_773380f8,1.0,1,586557,165.1
skills,meta,eog,hr,3,3,1,task_20260109_180543_808_391f1eff_02357fea,0.666667,0,81813,64.7
skills,meta,eog,hr,3,3,1,task_20260111_204619_117_a8eea1c0_b69d59bc,0.6,0,167953,131.9
skills,meta,eog,hr,3,3,1,task_20260112_124137_537_761f6b82_9e1a6b99,0.25,0,297805,128.2
skills,meta,eog,hr,3,3,1,task_20260114_180423_838_00364ece_9f2ad35c,0.5,0,441787,120.7
skills,meta,eog,hr,3,3,1,task_20260115_130852_498_a8eea1c0_e9192d7e,0.5,0,289794,116.1
skills,meta,eog,hr,3,3,2,task_20251216_123530_079_ec0cb5dd_3b89aab7,0.8,0,300048,124.3
skills,meta,eog,hr,3,3,2,task_20251217_073807_153_761f6b82_cba63024,0.857143,0,390136,135.7
skills,meta,eog,hr,3,3,2,task_20251219_114935_971_a8eea1c0_188fc892,0.5,0,640626,161.3
skills,meta,eog,hr,3,3,2,task_20251219_155215_361_00364ece_c1c6ffc8,0.4,0,211685,71.6
skills,meta,eog,hr,3,3,2,task_20251223_150001_549_d9bcd1e5_475d93ab,0.857143,0,258624,95.9
skills,meta,eog,hr,3,3,2,task_20251223_174414_238_a8eea1c0_0c3b20c1,0.833333,0,159607,97.0
skills,meta,eog,hr,3,3,2,task_20251223_184833_888_a8eea1c0_87c53cb9,1.0,1,194213,85.5
skills,meta,eog,hr,3,3,2,task_20251224_064352_705_ec0cb5dd_46d83d4e,0.461538,0,42096,63.9
skills,meta,eog,hr,3,3,2,task_20251224_150114_483_a8eea1c0_d44f97ad,0.75,0,304448,134.1
skills,meta,eog,hr,3,3,2,task_20251224_234036_267_accab84d_f26a18f7,0.5,0,300479,110.5
skills,meta,eog,hr,3,3,2,task_20251225_062927_003_d9bcd1e5_d996901a,0.75,0,876221,188.5
skills,meta,eog,hr,3,3,2,task_20251225_180047_141_a8eea1c0_002e725f,1.0,1,145332,58.8
skills,meta,eog,hr,3,3,2,task_20251226_041218_355_d9bcd1e5_bc84c9d5,0.777778,0,298753,130.6
skills,meta,eog,hr,3,3,2,task_20251226_104747_127_30600918_559da326,0.25,0,203316,122.4
skills,meta,eog,hr,3,3,2,task_20251226_110144_731_b25153b4_773380f8,0.714286,0,551159,163.9
skills,meta,eog,hr,3,3,2,task_20260109_180543_808_391f1eff_02357fea,0.666667,0,122545,105.7
skills,meta,eog,hr,3,3,2,task_20260111_204619_117_a8eea1c0_b69d59bc,0.6,0,320662,144.7
skills,meta,eog,hr,3,3,2,task_20260112_124137_537_761f6b82_9e1a6b99,0.25,0,255867,133.2
skills,meta,eog,hr,3,3,2,task_20260114_180423_838_00364ece_9f2ad35c,0.5,0,428727,133.9
skills,meta,eog,hr,3,3,2,task_20260115_130852_498_a8eea1c0_e9192d7e,0.333333,0,219463,169.1
skills,meta,eog,hr,3,3,3,task_20251216_123530_079_ec0cb5dd_3b89aab7,0.6,0,277159,140.3
skills,meta,eog,hr,3,3,3,task_20251217_073807_153_761f6b82_cba63024,1.0,1,394674,157.5
skills,meta,eog,hr,3,3,3,task_20251219_114935_971_a8eea1c0_188fc892,0.5,0,187036,166.8
skills,meta,eog,hr,3,3,3,task_20251219_155215_361_00364ece_c1c6ffc8,0.2,0,164376,80.1
skills,meta,eog,hr,3,3,3,task_20251223_150001_549_d9bcd1e5_475d93ab,0.857143,0,177598,67.5
skills,meta,eog,hr,3,3,3,task_20251223_174414_238_a8eea1c0_0c3b20c1,0.0,0,265574,137.7
skills,meta,eog,hr,3,3,3,task_20251223_184833_888_a8eea1c0_87c53cb9,0.571429,0,152303,141.4
skills,meta,eog,hr,3,3,3,task_20251224_064352_705_ec0cb5dd_46d83d4e,0.846154,0,342799,167.8
skills,meta,eog,hr,3,3,3,task_20251224_150114_483_a8eea1c0_d44f97ad,1.0,1,288700,118.8
skills,meta,eog,hr,3,3,3,task_20251224_234036_267_accab84d_f26a18f7,0.625,0,349254,158.6
skills,meta,eog,hr,3,3,3,task_20251225_062927_003_d9bcd1e5_d996901a,0.75,0,823574,171.9
skills,meta,eog,hr,3,3,3,task_20251225_180047_141_a8eea1c0_002e725f,1.0,1,183134,95.3
skills,meta,eog,hr,3,3,3,task_20251226_041218_355_d9bcd1e5_bc84c9d5,0.777778,0,227449,120.8
skills,meta,eog,hr,3,3,3,task_20251226_104747_127_30600918_559da326,0.5,0,403279,143.9
skills,meta,eog,hr,3,3,3,task_20251226_110144_731_b25153b4_773380f8,0.714286,0,500124,196.2
skills,meta,eog,hr,3,3,3,task_20260109_180543_808_391f1eff_02357fea,0.666667,0,80368,88.4
skills,meta,eog,hr,3,3,3,task_20260111_204619_117_a8eea1c0_b69d59bc,0.6,0,202286,95.9
skills,meta,eog,hr,3,3,3,task_20260112_124137_537_761f6b82_9e1a6b99,0.25,0,201685,103.1
skills,meta,eog,hr,3,3,3,task_20260114_180423_838_00364ece_9f2ad35c,0.5,0,301175,147.5
skills,meta,eog,hr,3,3,3,task_20260115_130852_498_a8eea1c0_e9192d7e,0.333333,0,229488,103.5
skills,meta,eog,itsm,1,1,1,task_20251218_164829_676_97d7df7d_893f6b2c,0.666667,0,272390,90.5
skills,meta,eog,itsm,1,1,1,task_20251218_183102_136_391f1eff_ac9a6986,0.5,0,69355,58.7
skills,meta,eog,itsm,1,1,1,task_20251218_193035_592_391f1eff_5293f595,0.0,0,70213,58.1
skills,meta,eog,itsm,1,1,1,task_20251219_091707_306_ad5a67e3_a76dbe57,0.0,0,46842,41.4
skills,meta,eog,itsm,1,1,1,task_20251221_191123_397_97d7df7d_7196ef19,0.333333,0,349467,115.7
skills,meta,eog,itsm,1,1,1,task_20251222_105710_498_391f1eff_8b25dbef,0.5,0,101579,48.8
skills,meta,eog,itsm,1,1,1,task_20251222_195853_743_0be70e35_0916fba8,0.5,0,138151,79.6
skills,meta,eog,itsm,1,1,1,task_20251223_081019_100_d4a463c3_f8774fe4,0.5,0,70611,57.0
skills,meta,eog,itsm,1,1,1,task_20251223_135402_072_c5ca08eb_67009578,0.0,0,54639,44.9
skills,meta,eog,itsm,1,1,1,task_20251223_224508_138_97d7df7d_b4505336,0.5,0,147749,49.5
skills,meta,eog,itsm,1,1,1,task_20260113_125933_225_accab84d_d7ec710e,0.0,0,461740,247.3
skills,meta,eog,itsm,1,1,1,task_20260114_134336_659_e6427839_91142068,0.6,0,265074,90.4
skills,meta,eog,itsm,1,1,1,task_20260116_101840_488_e6427839_81df8ba3,0.5,0,173164,88.2
skills,meta,eog,itsm,1,1,2,task_20251218_164829_676_97d7df7d_893f6b2c,1.0,1,266274,261.3
skills,meta,eog,itsm,1,1,2,task_20251218_183102_136_391f1eff_ac9a6986,0.0,0,70122,44.9
skills,meta,eog,itsm,1,1,2,task_20251218_193035_592_391f1eff_5293f595,0.0,0,69581,64.6
skills,meta,eog,itsm,1,1,2,task_20251219_091707_306_ad5a67e3_a76dbe57,0.0,0,98711,91.9
skills,meta,eog,itsm,1,1,2,task_20251221_191123_397_97d7df7d_7196ef19,1.0,1,253688,67.1
skills,meta,eog,itsm,1,1,2,task_20251222_105710_498_391f1eff_8b25dbef,0.0,0,90971,58.7
skills,meta,eog,itsm,1,1,2,task_20251222_195853_743_0be70e35_0916fba8,0.5,0,118618,82.3
skills,meta,eog,itsm,1,1,2,task_20251223_081019_100_d4a463c3_f8774fe4,0.5,0,71214,57.0
skills,meta,eog,itsm,1,1,2,task_20251223_135402_072_c5ca08eb_67009578,0.0,0,53360,34.3
skills,meta,eog,itsm,1,1,2,task_20251223_224508_138_97d7df7d_b4505336,0.5,0,163998,112.0
skills,meta,eog,itsm,1,1,2,task_20260113_125933_225_accab84d_d7ec710e,0.666667,0,324182,171.3
skills,meta,eog,itsm,1,1,2,task_20260114_134336_659_e6427839_91142068,0.6,0,254032,86.1
skills,meta,eog,itsm,1,1,2,task_20260116_101840_488_e6427839_81df8ba3,0.5,0,179785,67.4
skills,meta,eog,itsm,1,1,3,task_20251218_164829_676_97d7df7d_893f6b2c,0.0,0,267679,143.1
skills,meta,eog,itsm,1,1,3,task_20251218_183102_136_391f1eff_ac9a6986,0.5,0,70220,50.8
skills,meta,eog,itsm,1,1,3,task_20251218_193035_592_391f1eff_5293f595,0.0,0,74424,56.1
skills,meta,eog,itsm,1,1,3,task_20251219_091707_306_ad5a67e3_a76dbe57,0.0,0,46226,38.5
skills,meta,eog,itsm,1,1,3,task_20251221_191123_397_97d7df7d_7196ef19,0.333333,0,278962,95.6
skills,meta,eog,itsm,1,1,3,task_20251222_105710_498_391f1eff_8b25dbef,0.5,0,194762,86.5
skills,meta,eog,itsm,1,1,3,task_20251222_195853_743_0be70e35_0916fba8,0.5,0,118584,53.4
skills,meta,eog,itsm,1,1,3,task_20251223_081019_100_d4a463c3_f8774fe4,0.5,0,165927,66.2
skills,meta,eog,itsm,1,1,3,task_20251223_135402_072_c5ca08eb_67009578,0.0,0,53373,37.6
skills,meta,eog,itsm,1,1,3,task_20251223_224508_138_97d7df7d_b4505336,0.5,0,143388,46.4
skills,meta,eog,itsm,1,1,3,task_20260113_125933_225_accab84d_d7ec710e,0.0,0,203576,135.9
skills,meta,eog,itsm,1,1,3,task_20260114_134336_659_e6427839_91142068,0.6,0,281467,69.8
skills,meta,eog,itsm,1,1,3,task_20260116_101840_488_e6427839_81df8ba3,0.5,0,149115,64.6
skills,meta,eog,itsm,1,2,1,task_20251216_131651_690_764e5ead_f8619b02,0.666667,0,179543,82.1
skills,meta,eog,itsm,1,2,1,task_20251217_030654_663_99ba2325_f931fd42,0.0,0,57496,69.3
skills,meta,eog,itsm,1,2,1,task_20251218_082708_201_99ba2325_51726f9c,1.0,1,88992,70.9
skills,meta,eog,itsm,1,2,1,task_20251218_093719_611_764e5ead_5817d09a,1.0,1,462603,121.7
skills,meta,eog,itsm,1,2,1,task_20251218_104259_233_66392a82_74b17170,0.666667,0,117198,75.4
skills,meta,eog,itsm,1,2,1,task_20251218_124419_383_66392a82_52c8290e,0.5,0,75523,74.6
skills,meta,eog,itsm,1,2,1,task_20251218_155314_617_c5ca08eb_3ce3c52f,0.666667,0,63062,64.2
skills,meta,eog,itsm,1,2,1,task_20251218_171924_336_ad5a67e3_af252cf6,0.0,0,217017,154.7
skills,meta,eog,itsm,1,2,1,task_20251218_220134_063_391f1eff_30369342,0.5,0,70408,51.3
skills,meta,eog,itsm,1,2,1,task_20251218_234602_633_391f1eff_09a746e7,0.0,0,88083,66.0
skills,meta,eog,itsm,1,2,1,task_20251219_115925_475_1d219d93_53d34d23,1.0,1,224783,93.4
skills,meta,eog,itsm,1,2,1,task_20251222_140957_029_c5ca08eb_3c4271f0,0.5,0,120162,93.7
skills,meta,eog,itsm,1,2,1,task_20251223_064316_340_01395ded_9c6f3e01,0.75,0,328733,136.3
skills,meta,eog,itsm,1,2,1,task_20251223_153021_454_66392a82_0d6d8897,0.75,0,343698,129.1
skills,meta,eog,itsm,1,2,1,task_20260113_153008_006_46ca2862_c5083638,0.5,0,193963,116.7
skills,meta,eog,itsm,1,2,1,task_20260114_173716_566_46ca2862_301e0b47,0.833333,0,216793,109.4
skills,meta,eog,itsm,1,2,1,task_20260115_152733_296_46ca2862_55f848d3,0.6,0,250399,102.1
skills,meta,eog,itsm,1,2,1,task_20260116_081645_096_66392a82_fd509f97,0.6,0,306260,101.6
skills,meta,eog,itsm,1,2,1,task_20260116_091935_817_d4a463c3_3f20bdca,0.666667,0,61128,74.9
skills,meta,eog,itsm,1,2,1,task_20260116_224538_330_66392a82_10d0806e,0.8,0,769925,168.6
skills,meta,eog,itsm,1,2,2,task_20251216_131651_690_764e5ead_f8619b02,0.666667,0,137927,80.4
skills,meta,eog,itsm,1,2,2,task_20251217_030654_663_99ba2325_f931fd42,0.0,0,70126,111.1
skills,meta,eog,itsm,1,2,2,task_20251218_082708_201_99ba2325_51726f9c,1.0,1,161523,73.7
skills,meta,eog,itsm,1,2,2,task_20251218_093719_611_764e5ead_5817d09a,1.0,1,239022,126.4
skills,meta,eog,itsm,1,2,2,task_20251218_104259_233_66392a82_74b17170,0.666667,0,143949,79.6
skills,meta,eog,itsm,1,2,2,task_20251218_124419_383_66392a82_52c8290e,0.5,0,159590,82.1
skills,meta,eog,itsm,1,2,2,task_20251218_155314_617_c5ca08eb_3ce3c52f,0.666667,0,77620,66.0
skills,meta,eog,itsm,1,2,2,task_20251218_171924_336_ad5a67e3_af252cf6,0.666667,0,179956,141.5
skills,meta,eog,itsm,1,2,2,task_20251218_220134_063_391f1eff_30369342,0.5,0,66832,45.6
skills,meta,eog,itsm,1,2,2,task_20251218_234602_633_391f1eff_09a746e7,0.0,0,87077,57.9
skills,meta,eog,itsm,1,2,2,task_20251219_115925_475_1d219d93_53d34d23,1.0,1,221611,124.5
skills,meta,eog,itsm,1,2,2,task_20251222_140957_029_c5ca08eb_3c4271f0,0.5,0,128921,70.2
skills,meta,eog,itsm,1,2,2,task_20251223_064316_340_01395ded_9c6f3e01,0.75,0,139902,92.8
skills,meta,eog,itsm,1,2,2,task_20251223_153021_454_66392a82_0d6d8897,0.75,0,426758,147.4
skills,meta,eog,itsm,1,2,2,task_20260113_153008_006_46ca2862_c5083638,0.5,0,173684,123.1
skills,meta,eog,itsm,1,2,2,task_20260114_173716_566_46ca2862_301e0b47,0.833333,0,277620,128.9
skills,meta,eog,itsm,1,2,2,task_20260115_152733_296_46ca2862_55f848d3,0.6,0,199789,107.2
skills,meta,eog,itsm,1,2,2,task_20260116_081645_096_66392a82_fd509f97,0.6,0,196741,86.8
skills,meta,eog,itsm,1,2,2,task_20260116_091935_817_d4a463c3_3f20bdca,0.666667,0,89934,96.9
skills,meta,eog,itsm,1,2,2,task_20260116_224538_330_66392a82_10d0806e,0.8,0,741317,166.3
skills,meta,eog,itsm,1,2,3,task_20251216_131651_690_764e5ead_f8619b02,0.666667,0,245048,108.9
skills,meta,eog,itsm,1,2,3,task_20251217_030654_663_99ba2325_f931fd42,0.0,0,27404,79.7
skills,meta,eog,itsm,1,2,3,task_20251218_082708_201_99ba2325_51726f9c,1.0,1,216634,119.5
skills,meta,eog,itsm,1,2,3,task_20251218_093719_611_764e5ead_5817d09a,1.0,1,326243,185.5
skills,meta,eog,itsm,1,2,3,task_20251218_104259_233_66392a82_74b17170,0.666667,0,128659,116.6
skills,meta,eog,itsm,1,2,3,task_20251218_124419_383_66392a82_52c8290e,0.5,0,70569,72.3
skills,meta,eog,itsm,1,2,3,task_20251218_155314_617_c5ca08eb_3ce3c52f,0.333333,0,63025,77.4
skills,meta,eog,itsm,1,2,3,task_20251218_171924_336_ad5a67e3_af252cf6,0.666667,0,188769,249.0
skills,meta,eog,itsm,1,2,3,task_20251218_220134_063_391f1eff_30369342,0.5,0,68903,59.7
skills,meta,eog,itsm,1,2,3,task_20251218_234602_633_391f1eff_09a746e7,0.0,0,115705,105.9
skills,meta,eog,itsm,1,2,3,task_20251219_115925_475_1d219d93_53d34d23,1.0,1,269772,110.7
skills,meta,eog,itsm,1,2,3,task_20251222_140957_029_c5ca08eb_3c4271f0,0.5,0,118602,85.8
skills,meta,eog,itsm,1,2,3,task_20251223_064316_340_01395ded_9c6f3e01,0.75,0,194524,156.8
skills,meta,eog,itsm,1,2,3,task_20251223_153021_454_66392a82_0d6d8897,0.75,0,311512,143.9
skills,meta,eog,itsm,1,2,3,task_20260113_153008_006_46ca2862_c5083638,1.0,1,180499,116.9
skills,meta,eog,itsm,1,2,3,task_20260114_173716_566_46ca2862_301e0b47,1.0,1,423349,184.2
skills,meta,eog,itsm,1,2,3,task_20260115_152733_296_46ca2862_55f848d3,0.6,0,151503,113.7
skills,meta,eog,itsm,1,2,3,task_20260116_081645_096_66392a82_fd509f97,0.8,0,341573,198.6
skills,meta,eog,itsm,1,2,3,task_20260116_091935_817_d4a463c3_3f20bdca,0.666667,0,113878,127.5
skills,meta,eog,itsm,1,2,3,task_20260116_224538_330_66392a82_10d0806e,0.8,0,653737,209.3
skills,meta,eog,itsm,2,1,1,task_20251218_164829_676_97d7df7d_893f6b2c,0.666667,0,230349,80.3
skills,meta,eog,itsm,2,1,1,task_20251218_183102_136_391f1eff_ac9a6986,0.5,0,80946,47.7
skills,meta,eog,itsm,2,1,1,task_20251218_193035_592_391f1eff_5293f595,0.0,0,101494,79.5
skills,meta,eog,itsm,2,1,1,task_20251219_091707_306_ad5a67e3_a76dbe57,0.0,0,55495,43.4
skills,meta,eog,itsm,2,1,1,task_20251221_191123_397_97d7df7d_7196ef19,0.333333,0,307144,100.0
skills,meta,eog,itsm,2,1,1,task_20251222_105710_498_391f1eff_8b25dbef,0.5,0,106845,68.6
skills,meta,eog,itsm,2,1,1,task_20251222_195853_743_0be70e35_0916fba8,0.5,0,159916,71.6
skills,meta,eog,itsm,2,1,1,task_20251223_081019_100_d4a463c3_f8774fe4,0.5,0,100379,58.8
skills,meta,eog,itsm,2,1,1,task_20251223_135402_072_c5ca08eb_67009578,0.0,0,66225,43.5
skills,meta,eog,itsm,2,1,1,task_20251223_224508_138_97d7df7d_b4505336,1.0,1,174561,68.8
skills,meta,eog,itsm,2,1,1,task_20260113_125933_225_accab84d_d7ec710e,0.0,0,214098,137.2
skills,meta,eog,itsm,2,1,1,task_20260114_134336_659_e6427839_91142068,0.6,0,405242,97.9
skills,meta,eog,itsm,2,1,1,task_20260116_101840_488_e6427839_81df8ba3,0.5,0,210038,137.2
skills,meta,eog,itsm,2,1,2,task_20251218_164829_676_97d7df7d_893f6b2c,0.666667,0,227432,80.7
skills,meta,eog,itsm,2,1,2,task_20251218_183102_136_391f1eff_ac9a6986,0.0,0,114582,64.5
skills,meta,eog,itsm,2,1,2,task_20251218_193035_592_391f1eff_5293f595,0.0,0,80467,38.1
skills,meta,eog,itsm,2,1,2,task_20251219_091707_306_ad5a67e3_a76dbe57,0.0,0,54058,47.2
skills,meta,eog,itsm,2,1,2,task_20251221_191123_397_97d7df7d_7196ef19,1.0,1,295391,65.3
skills,meta,eog,itsm,2,1,2,task_20251222_105710_498_391f1eff_8b25dbef,0.5,0,106970,50.7
skills,meta,eog,itsm,2,1,2,task_20251222_195853_743_0be70e35_0916fba8,0.5,0,159361,59.6
skills,meta,eog,itsm,2,1,2,task_20251223_081019_100_d4a463c3_f8774fe4,0.5,0,83417,37.7
skills,meta,eog,itsm,2,1,2,task_20251223_135402_072_c5ca08eb_67009578,0.0,0,64439,50.5
skills,meta,eog,itsm,2,1,2,task_20251223_224508_138_97d7df7d_b4505336,0.5,0,258312,73.0
skills,meta,eog,itsm,2,1,2,task_20260113_125933_225_accab84d_d7ec710e,0.0,0,155887,144.0
skills,meta,eog,itsm,2,1,2,task_20260114_134336_659_e6427839_91142068,0.6,0,275985,71.1
skills,meta,eog,itsm,2,1,2,task_20260116_101840_488_e6427839_81df8ba3,0.5,0,209309,60.9
skills,meta,eog,itsm,2,1,3,task_20251218_164829_676_97d7df7d_893f6b2c,0.666667,0,296856,66.1
skills,meta,eog,itsm,2,1,3,task_20251218_183102_136_391f1eff_ac9a6986,0.5,0,100091,50.2
skills,meta,eog,itsm,2,1,3,task_20251218_193035_592_391f1eff_5293f595,0.0,0,84721,53.5
skills,meta,eog,itsm,2,1,3,task_20251219_091707_306_ad5a67e3_a76dbe57,0.0,0,96929,51.9
skills,meta,eog,itsm,2,1,3,task_20251221_191123_397_97d7df7d_7196ef19,1.0,1,299651,77.8
skills,meta,eog,itsm,2,1,3,task_20251222_105710_498_391f1eff_8b25dbef,0.5,0,147776,51.0
skills,meta,eog,itsm,2,1,3,task_20251222_195853_743_0be70e35_0916fba8,0.5,0,182053,84.8
skills,meta,eog,itsm,2,1,3,task_20251223_081019_100_d4a463c3_f8774fe4,0.5,0,88168,54.8
skills,meta,eog,itsm,2,1,3,task_20251223_135402_072_c5ca08eb_67009578,0.0,0,65211,36.3
skills,meta,eog,itsm,2,1,3,task_20251223_224508_138_97d7df7d_b4505336,1.0,1,170289,55.4
skills,meta,eog,itsm,2,1,3,task_20260113_125933_225_accab84d_d7ec710e,0.0,0,309811,149.0
skills,meta,eog,itsm,2,1,3,task_20260114_134336_659_e6427839_91142068,0.6,0,464104,86.9
skills,meta,eog,itsm,2,1,3,task_20260116_101840_488_e6427839_81df8ba3,0.75,0,175771,51.3
skills,meta,eog,itsm,2,2,1,task_20251216_131651_690_764e5ead_f8619b02,0.666667,0,161687,61.0
skills,meta,eog,itsm,2,2,1,task_20251217_030654_663_99ba2325_f931fd42,0.0,0,67262,47.3
skills,meta,eog,itsm,2,2,1,task_20251218_082708_201_99ba2325_51726f9c,1.0,1,122336,60.0
skills,meta,eog,itsm,2,2,1,task_20251218_093719_611_764e5ead_5817d09a,1.0,1,256238,75.2
skills,meta,eog,itsm,2,2,1,task_20251218_104259_233_66392a82_74b17170,0.666667,0,155894,72.1
skills,meta,eog,itsm,2,2,1,task_20251218_124419_383_66392a82_52c8290e,1.0,1,103934,55.3
skills,meta,eog,itsm,2,2,1,task_20251218_155314_617_c5ca08eb_3ce3c52f,1.0,1,93129,71.8
skills,meta,eog,itsm,2,2,1,task_20251218_171924_336_ad5a67e3_af252cf6,0.0,0,99708,102.4
skills,meta,eog,itsm,2,2,1,task_20251218_220134_063_391f1eff_30369342,0.5,0,114053,46.6
skills,meta,eog,itsm,2,2,1,task_20251218_234602_633_391f1eff_09a746e7,0.0,0,136065,79.2
skills,meta,eog,itsm,2,2,1,task_20251219_115925_475_1d219d93_53d34d23,1.0,1,399778,86.6
skills,meta,eog,itsm,2,2,1,task_20251222_140957_029_c5ca08eb_3c4271f0,0.5,0,157880,97.4
skills,meta,eog,itsm,2,2,1,task_20251223_064316_340_01395ded_9c6f3e01,0.75,0,257309,85.3
skills,meta,eog,itsm,2,2,1,task_20251223_153021_454_66392a82_0d6d8897,0.75,0,324742,115.3
skills,meta,eog,itsm,2,2,1,task_20260113_153008_006_46ca2862_c5083638,0.5,0,191235,93.7
skills,meta,eog,itsm,2,2,1,task_20260114_173716_566_46ca2862_301e0b47,0.833333,0,398100,156.7
skills,meta,eog,itsm,2,2,1,task_20260115_152733_296_46ca2862_55f848d3,0.6,0,278314,124.8
skills,meta,eog,itsm,2,2,1,task_20260116_081645_096_66392a82_fd509f97,0.6,0,237995,114.2
skills,meta,eog,itsm,2,2,1,task_20260116_091935_817_d4a463c3_3f20bdca,0.666667,0,70458,47.4
skills,meta,eog,itsm,2,2,1,task_20260116_224538_330_66392a82_10d0806e,0.8,0,864882,201.5
skills,meta,eog,itsm,2,2,2,task_20251216_131651_690_764e5ead_f8619b02,0.666667,0,167247,69.9
skills,meta,eog,itsm,2,2,2,task_20251217_030654_663_99ba2325_f931fd42,0.0,0,70808,62.3
skills,meta,eog,itsm,2,2,2,task_20251218_082708_201_99ba2325_51726f9c,1.0,1,213903,60.8
skills,meta,eog,itsm,2,2,2,task_20251218_093719_611_764e5ead_5817d09a,1.0,1,284331,121.2
skills,meta,eog,itsm,2,2,2,task_20251218_104259_233_66392a82_74b17170,0.666667,0,109608,72.7
skills,meta,eog,itsm,2,2,2,task_20251218_124419_383_66392a82_52c8290e,1.0,1,104350,72.7
skills,meta,eog,itsm,2,2,2,task_20251218_155314_617_c5ca08eb_3ce3c52f,1.0,1,96663,49.4
skills,meta,eog,itsm,2,2,2,task_20251218_171924_336_ad5a67e3_af252cf6,0.333333,0,142096,59.1
skills,meta,eog,itsm,2,2,2,task_20251218_220134_063_391f1eff_30369342,0.5,0,118462,42.6
skills,meta,eog,itsm,2,2,2,task_20251218_234602_633_391f1eff_09a746e7,0.0,0,120236,63.9
skills,meta,eog,itsm,2,2,2,task_20251219_115925_475_1d219d93_53d34d23,1.0,1,404065,121.9
skills,meta,eog,itsm,2,2,2,task_20251222_140957_029_c5ca08eb_3c4271f0,0.5,0,123398,65.3
skills,meta,eog,itsm,2,2,2,task_20251223_064316_340_01395ded_9c6f3e01,0.75,0,169467,71.7
skills,meta,eog,itsm,2,2,2,task_20251223_153021_454_66392a82_0d6d8897,0.75,0,440809,109.4
skills,meta,eog,itsm,2,2,2,task_20260113_153008_006_46ca2862_c5083638,0.5,0,193760,359.5
skills,meta,eog,itsm,2,2,2,task_20260114_173716_566_46ca2862_301e0b47,0.833333,0,247081,79.3
skills,meta,eog,itsm,2,2,2,task_20260115_152733_296_46ca2862_55f848d3,0.6,0,302632,77.0
skills,meta,eog,itsm,2,2,2,task_20260116_081645_096_66392a82_fd509f97,0.8,0,250388,114.2
skills,meta,eog,itsm,2,2,2,task_20260116_091935_817_d4a463c3_3f20bdca,1.0,1,107076,64.0
skills,meta,eog,itsm,2,2,2,task_20260116_224538_330_66392a82_10d0806e,0.8,0,1101735,170.5
skills,meta,eog,itsm,2,2,3,task_20251216_131651_690_764e5ead_f8619b02,0.666667,0,280482,121.4
skills,meta,eog,itsm,2,2,3,task_20251217_030654_663_99ba2325_f931fd42,0.0,0,101287,60.1
skills,meta,eog,itsm,2,2,3,task_20251218_082708_201_99ba2325_51726f9c,1.0,1,106456,55.1
skills,meta,eog,itsm,2,2,3,task_20251218_093719_611_764e5ead_5817d09a,1.0,1,284406,104.4
skills,meta,eog,itsm,2,2,3,task_20251218_104259_233_66392a82_74b17170,0.666667,0,143243,89.4
skills,meta,eog,itsm,2,2,3,task_20251218_124419_383_66392a82_52c8290e,1.0,1,87195,55.7
skills,meta,eog,itsm,2,2,3,task_20251218_155314_617_c5ca08eb_3ce3c52f,0.333333,0,73956,44.7
skills,meta,eog,itsm,2,2,3,task_20251218_171924_336_ad5a67e3_af252cf6,0.666667,0,192764,88.0
skills,meta,eog,itsm,2,2,3,task_20251218_220134_063_391f1eff_30369342,0.5,0,84740,61.8
skills,meta,eog,itsm,2,2,3,task_20251218_234602_633_391f1eff_09a746e7,0.0,0,106441,46.4
skills,meta,eog,itsm,2,2,3,task_20251219_115925_475_1d219d93_53d34d23,1.0,1,276427,79.3
skills,meta,eog,itsm,2,2,3,task_20251222_140957_029_c5ca08eb_3c4271f0,0.5,0,160607,82.2
skills,meta,eog,itsm,2,2,3,task_20251223_064316_340_01395ded_9c6f3e01,0.75,0,191486,78.5
skills,meta,eog,itsm,2,2,3,task_20251223_153021_454_66392a82_0d6d8897,0.75,0,292399,72.2
skills,meta,eog,itsm,2,2,3,task_20260113_153008_006_46ca2862_c5083638,0.5,0,193923,85.6
skills,meta,eog,itsm,2,2,3,task_20260114_173716_566_46ca2862_301e0b47,0.833333,0,252099,115.9
skills,meta,eog,itsm,2,2,3,task_20260115_152733_296_46ca2862_55f848d3,0.6,0,301658,81.9
skills,meta,eog,itsm,2,2,3,task_20260116_081645_096_66392a82_fd509f97,0.8,0,224761,95.7
skills,meta,eog,itsm,2,2,3,task_20260116_091935_817_d4a463c3_3f20bdca,1.0,1,71036,56.9
skills,meta,eog,itsm,2,2,3,task_20260116_224538_330_66392a82_10d0806e,0.8,0,1015952,173.3
skills,meta,eog,itsm,2,3,1,task_20251212_172511_458_e6427839_47076c15,0.0,0,73655,56.1
skills,meta,eog,itsm,2,3,1,task_20251212_191411_655_391f1eff_2fef896f,0.333333,0,182842,90.6
skills,meta,eog,itsm,2,3,1,task_20251212_191815_314_391f1eff_c23d76df,0.333333,0,198260,132.6
skills,meta,eog,itsm,2,3,1,task_20251218_121722_423_1d219d93_8218da6c,0.857143,0,286893,110.6
skills,meta,eog,itsm,2,3,1,task_20251219_111447_756_66392a82_1c69521d,1.0,1,197760,70.9
skills,meta,eog,itsm,2,3,1,task_20251219_130920_558_99ba2325_7f9481df,1.0,1,143832,77.0
skills,meta,eog,itsm,2,3,1,task_20251221_045452_579_99ba2325_0e601eac,0.4,0,164918,68.0
skills,meta,eog,itsm,2,3,1,task_20251221_233237_652_66392a82_c1a599bb,0.333333,0,69531,69.8
skills,meta,eog,itsm,2,3,1,task_20251222_075116_761_30600918_a7f0a69a,0.0,0,108277,66.5
skills,meta,eog,itsm,2,3,1,task_20251222_190928_391_391f1eff_8cb006f5,0.0,0,144881,59.4
skills,meta,eog,itsm,2,3,1,task_20260112_183416_157_a8eea1c0_0d6acfd0,0.6,0,111027,63.2
skills,meta,eog,itsm,2,3,1,task_20260112_194743_238_a8eea1c0_a4b1468a,0.833333,0,313575,112.4
skills,meta,eog,itsm,2,3,1,task_20260113_182216_716_a8eea1c0_7a0619e9,0.666667,0,108098,64.6
skills,meta,eog,itsm,2,3,1,task_20260113_183935_893_e6427839_03a04c19,1.0,1,126429,65.0
skills,meta,eog,itsm,2,3,1,task_20260115_125430_649_fa1836dc_e02d5824,1.0,1,217050,100.1
skills,meta,eog,itsm,2,3,2,task_20251212_172511_458_e6427839_47076c15,0.0,0,70700,61.2
skills,meta,eog,itsm,2,3,2,task_20251212_191411_655_391f1eff_2fef896f,0.333333,0,259572,114.2
skills,meta,eog,itsm,2,3,2,task_20251212_191815_314_391f1eff_c23d76df,0.333333,0,110257,77.4
skills,meta,eog,itsm,2,3,2,task_20251218_121722_423_1d219d93_8218da6c,1.0,1,295379,127.8
skills,meta,eog,itsm,2,3,2,task_20251219_111447_756_66392a82_1c69521d,0.0,0,66019,93.8
skills,meta,eog,itsm,2,3,2,task_20251219_130920_558_99ba2325_7f9481df,0.666667,0,98942,60.2
skills,meta,eog,itsm,2,3,2,task_20251221_045452_579_99ba2325_0e601eac,0.4,0,144702,82.7
skills,meta,eog,itsm,2,3,2,task_20251221_233237_652_66392a82_c1a599bb,0.0,0,34318,63.8
skills,meta,eog,itsm,2,3,2,task_20251222_075116_761_30600918_a7f0a69a,0.0,0,89298,50.7
skills,meta,eog,itsm,2,3,2,task_20251222_190928_391_391f1eff_8cb006f5,0.0,0,290048,109.1
skills,meta,eog,itsm,2,3,2,task_20260112_183416_157_a8eea1c0_0d6acfd0,0.4,0,106703,86.0
skills,meta,eog,itsm,2,3,2,task_20260112_194743_238_a8eea1c0_a4b1468a,0.833333,0,255500,121.2
skills,meta,eog,itsm,2,3,2,task_20260113_182216_716_a8eea1c0_7a0619e9,0.333333,0,125524,71.4
skills,meta,eog,itsm,2,3,2,task_20260113_183935_893_e6427839_03a04c19,1.0,1,122705,57.3
skills,meta,eog,itsm,2,3,2,task_20260115_125430_649_fa1836dc_e02d5824,0.833333,0,210168,90.0
skills,meta,eog,itsm,2,3,3,task_20251212_172511_458_e6427839_47076c15,0.0,0,72114,92.7
skills,meta,eog,itsm,2,3,3,task_20251212_191411_655_391f1eff_2fef896f,0.333333,0,211514,130.6
skills,meta,eog,itsm,2,3,3,task_20251212_191815_314_391f1eff_c23d76df,0.333333,0,151745,90.2
skills,meta,eog,itsm,2,3,3,task_20251218_121722_423_1d219d93_8218da6c,1.0,1,269291,189.5
skills,meta,eog,itsm,2,3,3,task_20251219_111447_756_66392a82_1c69521d,0.666667,0,309947,900.8
skills,meta,eog,itsm,2,3,3,task_20251219_130920_558_99ba2325_7f9481df,0.666667,0,83395,77.1
skills,meta,eog,itsm,2,3,3,task_20251221_045452_579_99ba2325_0e601eac,0.6,0,176559,87.0
skills,meta,eog,itsm,2,3,3,task_20251221_233237_652_66392a82_c1a599bb,0.333333,0,82594,100.3
skills,meta,eog,itsm,2,3,3,task_20251222_075116_761_30600918_a7f0a69a,0.0,0,139744,57.3
skills,meta,eog,itsm,2,3,3,task_20251222_190928_391_391f1eff_8cb006f5,0.0,0,158005,127.5
skills,meta,eog,itsm,2,3,3,task_20260112_183416_157_a8eea1c0_0d6acfd0,0.6,0,108788,97.9
skills,meta,eog,itsm,2,3,3,task_20260112_194743_238_a8eea1c0_a4b1468a,0.166667,0,200802,97.3
skills,meta,eog,itsm,2,3,3,task_20260113_182216_716_a8eea1c0_7a0619e9,1.0,1,222710,131.8
skills,meta,eog,itsm,2,3,3,task_20260113_183935_893_e6427839_03a04c19,1.0,1,125077,98.7
skills,meta,eog,itsm,2,3,3,task_20260115_125430_649_fa1836dc_e02d5824,0.833333,0,214168,106.1
skills,meta,eog,itsm,3,1,1,task_20251218_164829_676_97d7df7d_893f6b2c,0.666667,0,315558,131.0
skills,meta,eog,itsm,3,1,1,task_20251218_183102_136_391f1eff_ac9a6986,0.5,0,99884,50.9
skills,meta,eog,itsm,3,1,1,task_20251218_193035_592_391f1eff_5293f595,0.0,0,99738,40.6
skills,meta,eog,itsm,3,1,1,task_20251219_091707_306_ad5a67e3_a76dbe57,0.0,0,65403,38.3
skills,meta,eog,itsm,3,1,1,task_20251221_191123_397_97d7df7d_7196ef19,0.333333,0,347700,99.5
skills,meta,eog,itsm,3,1,1,task_20251222_105710_498_391f1eff_8b25dbef,0.5,0,128038,92.0
skills,meta,eog,itsm,3,1,1,task_20251222_195853_743_0be70e35_0916fba8,0.5,0,183556,97.0
skills,meta,eog,itsm,3,1,1,task_20251223_081019_100_d4a463c3_f8774fe4,0.5,0,102615,60.9
skills,meta,eog,itsm,3,1,1,task_20251223_135402_072_c5ca08eb_67009578,0.0,0,78072,50.6
skills,meta,eog,itsm,3,1,1,task_20251223_224508_138_97d7df7d_b4505336,1.0,1,203378,111.1
skills,meta,eog,itsm,3,1,1,task_20260113_125933_225_accab84d_d7ec710e,0.333333,0,503266,233.6
skills,meta,eog,itsm,3,1,1,task_20260114_134336_659_e6427839_91142068,0.6,0,331590,118.7
skills,meta,eog,itsm,3,1,1,task_20260116_101840_488_e6427839_81df8ba3,0.5,0,209209,96.3
skills,meta,eog,itsm,3,1,2,task_20251218_164829_676_97d7df7d_893f6b2c,0.666667,0,356128,86.6
skills,meta,eog,itsm,3,1,2,task_20251218_183102_136_391f1eff_ac9a6986,0.0,0,97313,40.2
skills,meta,eog,itsm,3,1,2,task_20251218_193035_592_391f1eff_5293f595,0.0,0,100741,39.1
skills,meta,eog,itsm,3,1,2,task_20251219_091707_306_ad5a67e3_a76dbe57,0.0,0,62816,31.0
skills,meta,eog,itsm,3,1,2,task_20251221_191123_397_97d7df7d_7196ef19,0.333333,0,346269,90.8
skills,meta,eog,itsm,3,1,2,task_20251222_105710_498_391f1eff_8b25dbef,0.0,0,125078,51.4
skills,meta,eog,itsm,3,1,2,task_20251222_195853_743_0be70e35_0916fba8,0.5,0,159348,70.6
skills,meta,eog,itsm,3,1,2,task_20251223_081019_100_d4a463c3_f8774fe4,0.5,0,99840,48.9
skills,meta,eog,itsm,3,1,2,task_20251223_135402_072_c5ca08eb_67009578,0.0,0,95374,34.3
skills,meta,eog,itsm,3,1,2,task_20251223_224508_138_97d7df7d_b4505336,0.5,0,272517,61.8
skills,meta,eog,itsm,3,1,2,task_20260113_125933_225_accab84d_d7ec710e,1.0,1,387990,110.3
skills,meta,eog,itsm,3,1,2,task_20260114_134336_659_e6427839_91142068,0.6,0,417324,71.1
skills,meta,eog,itsm,3,1,2,task_20260116_101840_488_e6427839_81df8ba3,0.5,0,156324,74.9
skills,meta,eog,itsm,3,1,3,task_20251218_164829_676_97d7df7d_893f6b2c,0.666667,0,349754,191.3
skills,meta,eog,itsm,3,1,3,task_20251218_183102_136_391f1eff_ac9a6986,0.0,0,100781,61.8
skills,meta,eog,itsm,3,1,3,task_20251218_193035_592_391f1eff_5293f595,0.0,0,96936,29.4
skills,meta,eog,itsm,3,1,3,task_20251219_091707_306_ad5a67e3_a76dbe57,0.0,0,64150,50.1
skills,meta,eog,itsm,3,1,3,task_20251221_191123_397_97d7df7d_7196ef19,1.0,1,341843,98.8
skills,meta,eog,itsm,3,1,3,task_20251222_105710_498_391f1eff_8b25dbef,0.5,0,126394,64.9
skills,meta,eog,itsm,3,1,3,task_20251222_195853_743_0be70e35_0916fba8,0.5,0,186725,69.3
skills,meta,eog,itsm,3,1,3,task_20251223_081019_100_d4a463c3_f8774fe4,0.5,0,139426,48.6
skills,meta,eog,itsm,3,1,3,task_20251223_135402_072_c5ca08eb_67009578,0.0,0,77568,44.8
skills,meta,eog,itsm,3,1,3,task_20251223_224508_138_97d7df7d_b4505336,0.5,0,241595,77.0
skills,meta,eog,itsm,3,1,3,task_20260113_125933_225_accab84d_d7ec710e,0.666667,0,415364,153.8
skills,meta,eog,itsm,3,1,3,task_20260114_134336_659_e6427839_91142068,0.6,0,467959,210.6
skills,meta,eog,itsm,3,1,3,task_20260116_101840_488_e6427839_81df8ba3,0.5,0,365678,74.9
skills,meta,eog,itsm,3,2,1,task_20251216_131651_690_764e5ead_f8619b02,1.0,1,253448,137.4
skills,meta,eog,itsm,3,2,1,task_20251217_030654_663_99ba2325_f931fd42,0.0,0,82393,86.2
skills,meta,eog,itsm,3,2,1,task_20251218_082708_201_99ba2325_51726f9c,1.0,1,148863,66.6
skills,meta,eog,itsm,3,2,1,task_20251218_093719_611_764e5ead_5817d09a,1.0,1,372000,96.8
skills,meta,eog,itsm,3,2,1,task_20251218_104259_233_66392a82_74b17170,0.666667,0,185102,147.6
skills,meta,eog,itsm,3,2,1,task_20251218_124419_383_66392a82_52c8290e,1.0,1,166766,113.6
skills,meta,eog,itsm,3,2,1,task_20251218_155314_617_c5ca08eb_3ce3c52f,0.333333,0,180153,150.4
skills,meta,eog,itsm,3,2,1,task_20251218_171924_336_ad5a67e3_af252cf6,0.0,0,197346,174.2
skills,meta,eog,itsm,3,2,1,task_20251218_220134_063_391f1eff_30369342,0.5,0,98875,81.8
skills,meta,eog,itsm,3,2,1,task_20251218_234602_633_391f1eff_09a746e7,0.0,0,122039,77.4
skills,meta,eog,itsm,3,2,1,task_20251219_115925_475_1d219d93_53d34d23,1.0,1,284450,106.0
skills,meta,eog,itsm,3,2,1,task_20251222_140957_029_c5ca08eb_3c4271f0,0.5,0,168339,89.4
skills,meta,eog,itsm,3,2,1,task_20251223_064316_340_01395ded_9c6f3e01,0.75,0,261509,119.1
skills,meta,eog,itsm,3,2,1,task_20251223_153021_454_66392a82_0d6d8897,0.75,0,325423,97.8
skills,meta,eog,itsm,3,2,1,task_20260113_153008_006_46ca2862_c5083638,0.5,0,246782,136.2
skills,meta,eog,itsm,3,2,1,task_20260114_173716_566_46ca2862_301e0b47,0.833333,0,288635,137.9
skills,meta,eog,itsm,3,2,1,task_20260115_152733_296_46ca2862_55f848d3,0.6,0,223816,113.1
skills,meta,eog,itsm,3,2,1,task_20260116_081645_096_66392a82_fd509f97,0.6,0,255287,105.8
skills,meta,eog,itsm,3,2,1,task_20260116_091935_817_d4a463c3_3f20bdca,0.666667,0,107481,75.2
skills,meta,eog,itsm,3,2,1,task_20260116_224538_330_66392a82_10d0806e,0.8,0,1104916,230.6
skills,meta,eog,itsm,3,2,2,task_20251216_131651_690_764e5ead_f8619b02,0.666667,0,166403,47.0
skills,meta,eog,itsm,3,2,2,task_20251217_030654_663_99ba2325_f931fd42,0.0,0,147079,63.7
skills,meta,eog,itsm,3,2,2,task_20251218_082708_201_99ba2325_51726f9c,1.0,1,151041,88.1
skills,meta,eog,itsm,3,2,2,task_20251218_093719_611_764e5ead_5817d09a,1.0,1,282913,75.8
skills,meta,eog,itsm,3,2,2,task_20251218_104259_233_66392a82_74b17170,0.666667,0,149376,55.2
skills,meta,eog,itsm,3,2,2,task_20251218_124419_383_66392a82_52c8290e,0.5,0,105519,68.2
skills,meta,eog,itsm,3,2,2,task_20251218_155314_617_c5ca08eb_3ce3c52f,0.0,0,141718,86.8
skills,meta,eog,itsm,3,2,2,task_20251218_171924_336_ad5a67e3_af252cf6,0.666667,0,166433,97.7
skills,meta,eog,itsm,3,2,2,task_20251218_220134_063_391f1eff_30369342,0.5,0,100296,37.9
skills,meta,eog,itsm,3,2,2,task_20251218_234602_633_391f1eff_09a746e7,0.0,0,107297,47.8
skills,meta,eog,itsm,3,2,2,task_20251219_115925_475_1d219d93_53d34d23,1.0,1,298705,80.7
skills,meta,eog,itsm,3,2,2,task_20251222_140957_029_c5ca08eb_3c4271f0,0.5,0,143119,84.1
skills,meta,eog,itsm,3,2,2,task_20251223_064316_340_01395ded_9c6f3e01,0.75,0,221291,58.3
skills,meta,eog,itsm,3,2,2,task_20251223_153021_454_66392a82_0d6d8897,0.75,0,303553,64.4
skills,meta,eog,itsm,3,2,2,task_20260113_153008_006_46ca2862_c5083638,1.0,1,185421,71.1
skills,meta,eog,itsm,3,2,2,task_20260114_173716_566_46ca2862_301e0b47,0.833333,0,297558,99.4
skills,meta,eog,itsm,3,2,2,task_20260115_152733_296_46ca2862_55f848d3,0.6,0,225936,93.3
skills,meta,eog,itsm,3,2,2,task_20260116_081645_096_66392a82_fd509f97,0.6,0,296318,107.9
skills,meta,eog,itsm,3,2,2,task_20260116_091935_817_d4a463c3_3f20bdca,1.0,1,85909,56.0
skills,meta,eog,itsm,3,2,2,task_20260116_224538_330_66392a82_10d0806e,0.8,0,561053,117.9
skills,meta,eog,itsm,3,2,3,task_20251216_131651_690_764e5ead_f8619b02,0.666667,0,237181,93.9
skills,meta,eog,itsm,3,2,3,task_20251217_030654_663_99ba2325_f931fd42,0.0,0,102213,97.7
skills,meta,eog,itsm,3,2,3,task_20251218_082708_201_99ba2325_51726f9c,1.0,1,150702,82.3
skills,meta,eog,itsm,3,2,3,task_20251218_093719_611_764e5ead_5817d09a,1.0,1,378647,185.7
skills,meta,eog,itsm,3,2,3,task_20251218_104259_233_66392a82_74b17170,0.666667,0,165393,65.7
skills,meta,eog,itsm,3,2,3,task_20251218_124419_383_66392a82_52c8290e,0.5,0,104763,61.5
skills,meta,eog,itsm,3,2,3,task_20251218_155314_617_c5ca08eb_3ce3c52f,0.666667,0,183526,95.2
skills,meta,eog,itsm,3,2,3,task_20251218_171924_336_ad5a67e3_af252cf6,0.333333,0,160094,64.6
skills,meta,eog,itsm,3,2,3,task_20251218_220134_063_391f1eff_30369342,1.0,1,98149,51.0
skills,meta,eog,itsm,3,2,3,task_20251218_234602_633_391f1eff_09a746e7,0.0,0,103037,65.9
skills,meta,eog,itsm,3,2,3,task_20251219_115925_475_1d219d93_53d34d23,1.0,1,360695,113.0
skills,meta,eog,itsm,3,2,3,task_20251222_140957_029_c5ca08eb_3c4271f0,0.5,0,140153,62.5
skills,meta,eog,itsm,3,2,3,task_20251223_064316_340_01395ded_9c6f3e01,0.75,0,223109,104.5
skills,meta,eog,itsm,3,2,3,task_20251223_153021_454_66392a82_0d6d8897,0.75,0,352656,97.3
skills,meta,eog,itsm,3,2,3,task_20260113_153008_006_46ca2862_c5083638,0.5,0,325394,102.5
skills,meta,eog,itsm,3,2,3,task_20260114_173716_566_46ca2862_301e0b47,0.833333,0,284097,81.0
skills,meta,eog,itsm,3,2,3,task_20260115_152733_296_46ca2862_55f848d3,0.6,0,224345,91.5
skills,meta,eog,itsm,3,2,3,task_20260116_081645_096_66392a82_fd509f97,0.8,0,266610,78.6
skills,meta,eog,itsm,3,2,3,task_20260116_091935_817_d4a463c3_3f20bdca,0.666667,0,82785,61.3
skills,meta,eog,itsm,3,2,3,task_20260116_224538_330_66392a82_10d0806e,0.8,0,1124988,148.8
skills,meta,eog,itsm,3,3,1,task_20251212_172511_458_e6427839_47076c15,0.0,0,126618,94.6
skills,meta,eog,itsm,3,3,1,task_20251212_191411_655_391f1eff_2fef896f,0.333333,0,341131,78.1
skills,meta,eog,itsm,3,3,1,task_20251212_191815_314_391f1eff_c23d76df,0.333333,0,106226,102.3
skills,meta,eog,itsm,3,3,1,task_20251218_121722_423_1d219d93_8218da6c,1.0,1,332958,89.8
skills,meta,eog,itsm,3,3,1,task_20251219_111447_756_66392a82_1c69521d,0.0,0,38452,73.6
skills,meta,eog,itsm,3,3,1,task_20251219_130920_558_99ba2325_7f9481df,1.0,1,142601,62.7
skills,meta,eog,itsm,3,3,1,task_20251221_045452_579_99ba2325_0e601eac,0.6,0,237442,88.5
skills,meta,eog,itsm,3,3,1,task_20251221_233237_652_66392a82_c1a599bb,1.0,1,159332,96.6
skills,meta,eog,itsm,3,3,1,task_20251222_075116_761_30600918_a7f0a69a,0.0,0,100985,52.9
skills,meta,eog,itsm,3,3,1,task_20251222_190928_391_391f1eff_8cb006f5,0.0,0,327990,146.3
skills,meta,eog,itsm,3,3,1,task_20260112_183416_157_a8eea1c0_0d6acfd0,0.6,0,125849,61.8
skills,meta,eog,itsm,3,3,1,task_20260112_194743_238_a8eea1c0_a4b1468a,0.166667,0,233519,105.4
skills,meta,eog,itsm,3,3,1,task_20260113_182216_716_a8eea1c0_7a0619e9,0.666667,0,206563,63.0
skills,meta,eog,itsm,3,3,1,task_20260113_183935_893_e6427839_03a04c19,1.0,1,144243,71.5
skills,meta,eog,itsm,3,3,1,task_20260115_125430_649_fa1836dc_e02d5824,0.833333,0,389712,152.0
skills,meta,eog,itsm,3,3,2,task_20251212_172511_458_e6427839_47076c15,0.0,0,143038,88.6
skills,meta,eog,itsm,3,3,2,task_20251212_191411_655_391f1eff_2fef896f,0.333333,0,236146,104.4
skills,meta,eog,itsm,3,3,2,task_20251212_191815_314_391f1eff_c23d76df,0.333333,0,179273,139.5
skills,meta,eog,itsm,3,3,2,task_20251218_121722_423_1d219d93_8218da6c,1.0,1,329979,80.6
skills,meta,eog,itsm,3,3,2,task_20251219_111447_756_66392a82_1c69521d,0.666667,0,238885,64.5
skills,meta,eog,itsm,3,3,2,task_20251219_130920_558_99ba2325_7f9481df,1.0,1,142631,59.2
skills,meta,eog,itsm,3,3,2,task_20251221_045452_579_99ba2325_0e601eac,0.4,0,188204,70.1
skills,meta,eog,itsm,3,3,2,task_20251221_233237_652_66392a82_c1a599bb,0.333333,0,79349,61.0
skills,meta,eog,itsm,3,3,2,task_20251222_075116_761_30600918_a7f0a69a,0.0,0,100978,63.2
skills,meta,eog,itsm,3,3,2,task_20251222_190928_391_391f1eff_8cb006f5,0.25,0,255535,89.1
skills,meta,eog,itsm,3,3,2,task_20260112_183416_157_a8eea1c0_0d6acfd0,0.6,0,126334,81.2
skills,meta,eog,itsm,3,3,2,task_20260112_194743_238_a8eea1c0_a4b1468a,0.833333,0,230624,60.9
skills,meta,eog,itsm,3,3,2,task_20260113_182216_716_a8eea1c0_7a0619e9,1.0,1,186116,122.9
skills,meta,eog,itsm,3,3,2,task_20260113_183935_893_e6427839_03a04c19,1.0,1,143235,59.8
skills,meta,eog,itsm,3,3,2,task_20260115_125430_649_fa1836dc_e02d5824,1.0,1,430811,104.4
skills,meta,eog,itsm,3,3,3,task_20251212_172511_458_e6427839_47076c15,0.0,0,129671,107.6
skills,meta,eog,itsm,3,3,3,task_20251212_191411_655_391f1eff_2fef896f,0.333333,0,196258,78.3
skills,meta,eog,itsm,3,3,3,task_20251212_191815_314_391f1eff_c23d76df,0.333333,0,134236,85.6
skills,meta,eog,itsm,3,3,3,task_20251218_121722_423_1d219d93_8218da6c,0.857143,0,284629,114.2
skills,meta,eog,itsm,3,3,3,task_20251219_111447_756_66392a82_1c69521d,0.666667,0,233166,98.9
skills,meta,eog,itsm,3,3,3,task_20251219_130920_558_99ba2325_7f9481df,0.666667,0,99127,55.9
skills,meta,eog,itsm,3,3,3,task_20251221_045452_579_99ba2325_0e601eac,0.8,0,222472,53.0
skills,meta,eog,itsm,3,3,3,task_20251221_233237_652_66392a82_c1a599bb,0.666667,0,159092,51.6
skills,meta,eog,itsm,3,3,3,task_20251222_075116_761_30600918_a7f0a69a,0.0,0,105681,43.0
skills,meta,eog,itsm,3,3,3,task_20251222_190928_391_391f1eff_8cb006f5,0.75,0,279568,142.4
skills,meta,eog,itsm,3,3,3,task_20260112_183416_157_a8eea1c0_0d6acfd0,0.6,0,129935,83.7
skills,meta,eog,itsm,3,3,3,task_20260112_194743_238_a8eea1c0_a4b1468a,0.833333,0,248215,75.5
skills,meta,eog,itsm,3,3,3,task_20260113_182216_716_a8eea1c0_7a0619e9,1.0,1,212432,114.0
skills,meta,eog,itsm,3,3,3,task_20260113_183935_893_e6427839_03a04c19,1.0,1,141162,40.1
skills,meta,eog,itsm,3,3,3,task_20260115_125430_649_fa1836dc_e02d5824,1.0,1,219158,62.4
skills,meta,eog,itsm,3,4,1,task_20251217_183416_700_764e5ead_4c46beb0,1.0,1,268126,116.7
skills,meta,eog,itsm,3,4,1,task_20251217_205244_161_764e5ead_20429ef8,0.875,0,561562,119.1
skills,meta,eog,itsm,3,4,1,task_20251218_061956_641_109c89c0_423ed8ee,0.333333,0,466733,160.5
skills,meta,eog,itsm,3,4,1,task_20251218_114039_038_66392a82_c66d4f22,0.666667,0,246153,112.5
skills,meta,eog,itsm,3,4,1,task_20251218_143555_095_97d7df7d_ece487bd,0.5,0,214399,74.3
skills,meta,eog,itsm,3,4,1,task_20251219_174851_846_764e5ead_250f05e1,0.571429,0,358688,133.3
skills,meta,eog,itsm,3,4,1,task_20251221_222834_884_97d7df7d_c088062a,0.666667,0,186848,82.2
skills,meta,eog,itsm,3,4,1,task_20251222_084449_326_66392a82_cadddb04,0.5,0,160814,80.2
skills,meta,eog,itsm,3,4,1,task_20260112_181636_272_c4ad7a70_c9cdfa29,0.75,0,135370,98.0
skills,meta,eog,itsm,3,4,1,task_20260113_151550_104_a8eea1c0_7e9733a5,0.333333,0,231086,101.4
skills,meta,eog,itsm,3,4,1,task_20260116_235649_372_66392a82_ccb66a9a,0.5,0,338295,150.8
skills,meta,eog,itsm,3,4,2,task_20251217_183416_700_764e5ead_4c46beb0,1.0,1,219256,100.3
skills,meta,eog,itsm,3,4,2,task_20251217_205244_161_764e5ead_20429ef8,0.875,0,304037,116.4
skills,meta,eog,itsm,3,4,2,task_20251218_061956_641_109c89c0_423ed8ee,0.166667,0,470609,168.5
skills,meta,eog,itsm,3,4,2,task_20251218_114039_038_66392a82_c66d4f22,0.666667,0,217223,106.9
skills,meta,eog,itsm,3,4,2,task_20251218_143555_095_97d7df7d_ece487bd,0.5,0,189777,89.7
skills,meta,eog,itsm,3,4,2,task_20251219_174851_846_764e5ead_250f05e1,0.571429,0,346333,124.3
skills,meta,eog,itsm,3,4,2,task_20251221_222834_884_97d7df7d_c088062a,0.666667,0,162329,131.9
skills,meta,eog,itsm,3,4,2,task_20251222_084449_326_66392a82_cadddb04,0.5,0,140697,86.4
skills,meta,eog,itsm,3,4,2,task_20260112_181636_272_c4ad7a70_c9cdfa29,1.0,1,149572,87.2
skills,meta,eog,itsm,3,4,2,task_20260113_151550_104_a8eea1c0_7e9733a5,0.333333,0,234923,111.4
skills,meta,eog,itsm,3,4,2,task_20260116_235649_372_66392a82_ccb66a9a,0.5,0,277777,137.7
skills,meta,eog,itsm,3,4,3,task_20251217_183416_700_764e5ead_4c46beb0,1.0,1,402908,162.0
skills,meta,eog,itsm,3,4,3,task_20251217_205244_161_764e5ead_20429ef8,0.875,0,351676,97.2
skills,meta,eog,itsm,3,4,3,task_20251218_061956_641_109c89c0_423ed8ee,0.166667,0,453945,110.3
skills,meta,eog,itsm,3,4,3,task_20251218_114039_038_66392a82_c66d4f22,0.666667,0,232198,91.1
skills,meta,eog,itsm,3,4,3,task_20251218_143555_095_97d7df7d_ece487bd,0.5,0,171177,82.7
skills,meta,eog,itsm,3,4,3,task_20251219_174851_846_764e5ead_250f05e1,0.714286,0,373466,111.5
skills,meta,eog,itsm,3,4,3,task_20251221_222834_884_97d7df7d_c088062a,0.666667,0,204153,80.4
skills,meta,eog,itsm,3,4,3,task_20251222_084449_326_66392a82_cadddb04,0.0,0,141302,93.0
skills,meta,eog,itsm,3,4,3,task_20260112_181636_272_c4ad7a70_c9cdfa29,1.0,1,167328,70.8
skills,meta,eog,itsm,3,4,3,task_20260113_151550_104_a8eea1c0_7e9733a5,0.333333,0,184790,125.8
skills,meta,eog,itsm,3,4,3,task_20260116_235649_372_66392a82_ccb66a9a,0.0,0,210245,114.5
skills,meta,eog,itsm,4,1,1,task_20251218_164829_676_97d7df7d_893f6b2c,0.666667,0,281038,71.8
skills,meta,eog,itsm,4,1,1,task_20251218_183102_136_391f1eff_ac9a6986,0.0,0,100627,73.3
skills,meta,eog,itsm,4,1,1,task_20251218_193035_592_391f1eff_5293f595,0.0,0,98748,54.2
skills,meta,eog,itsm,4,1,1,task_20251219_091707_306_ad5a67e3_a76dbe57,0.0,0,63416,46.5
skills,meta,eog,itsm,4,1,1,task_20251221_191123_397_97d7df7d_7196ef19,0.333333,0,348938,91.4
skills,meta,eog,itsm,4,1,1,task_20251222_105710_498_391f1eff_8b25dbef,0.5,0,131423,81.6
skills,meta,eog,itsm,4,1,1,task_20251222_195853_743_0be70e35_0916fba8,0.5,0,160192,79.7
skills,meta,eog,itsm,4,1,1,task_20251223_081019_100_d4a463c3_f8774fe4,0.5,0,119185,57.7
skills,meta,eog,itsm,4,1,1,task_20251223_135402_072_c5ca08eb_67009578,0.0,0,77302,37.4
skills,meta,eog,itsm,4,1,1,task_20251223_224508_138_97d7df7d_b4505336,1.0,1,219952,65.9
skills,meta,eog,itsm,4,1,1,task_20260113_125933_225_accab84d_d7ec710e,0.333333,0,420189,169.7
skills,meta,eog,itsm,4,1,1,task_20260114_134336_659_e6427839_91142068,0.6,0,349860,87.3
skills,meta,eog,itsm,4,1,1,task_20260116_101840_488_e6427839_81df8ba3,0.75,0,280083,144.2
skills,meta,eog,itsm,4,1,2,task_20251218_164829_676_97d7df7d_893f6b2c,0.333333,0,454296,213.3
skills,meta,eog,itsm,4,1,2,task_20251218_183102_136_391f1eff_ac9a6986,0.5,0,98247,61.9
skills,meta,eog,itsm,4,1,2,task_20251218_193035_592_391f1eff_5293f595,0.0,0,101970,46.3
skills,meta,eog,itsm,4,1,2,task_20251219_091707_306_ad5a67e3_a76dbe57,0.0,0,66564,72.3
skills,meta,eog,itsm,4,1,2,task_20251221_191123_397_97d7df7d_7196ef19,1.0,1,352534,67.0
skills,meta,eog,itsm,4,1,2,task_20251222_105710_498_391f1eff_8b25dbef,0.0,0,107028,45.3
skills,meta,eog,itsm,4,1,2,task_20251222_195853_743_0be70e35_0916fba8,0.5,0,215223,61.9
skills,meta,eog,itsm,4,1,2,task_20251223_081019_100_d4a463c3_f8774fe4,0.5,0,102965,46.4
skills,meta,eog,itsm,4,1,2,task_20251223_135402_072_c5ca08eb_67009578,0.0,0,79461,41.0
skills,meta,eog,itsm,4,1,2,task_20251223_224508_138_97d7df7d_b4505336,0.5,0,228310,71.6
skills,meta,eog,itsm,4,1,2,task_20260113_125933_225_accab84d_d7ec710e,0.333333,0,484294,166.5
skills,meta,eog,itsm,4,1,2,task_20260114_134336_659_e6427839_91142068,0.6,0,338961,86.4
skills,meta,eog,itsm,4,1,2,task_20260116_101840_488_e6427839_81df8ba3,0.5,0,234110,69.6
skills,meta,eog,itsm,4,1,3,task_20251218_164829_676_97d7df7d_893f6b2c,1.0,1,321892,156.0
skills,meta,eog,itsm,4,1,3,task_20251218_183102_136_391f1eff_ac9a6986,0.0,0,120015,74.4
skills,meta,eog,itsm,4,1,3,task_20251218_193035_592_391f1eff_5293f595,0.0,0,119179,52.7
skills,meta,eog,itsm,4,1,3,task_20251219_091707_306_ad5a67e3_a76dbe57,0.0,0,64130,46.6
skills,meta,eog,itsm,4,1,3,task_20251221_191123_397_97d7df7d_7196ef19,0.333333,0,343378,100.5
skills,meta,eog,itsm,4,1,3,task_20251222_105710_498_391f1eff_8b25dbef,0.5,0,131018,54.8
skills,meta,eog,itsm,4,1,3,task_20251222_195853_743_0be70e35_0916fba8,0.5,0,209771,91.8
skills,meta,eog,itsm,4,1,3,task_20251223_081019_100_d4a463c3_f8774fe4,0.5,0,122707,48.3
skills,meta,eog,itsm,4,1,3,task_20251223_135402_072_c5ca08eb_67009578,0.0,0,78758,49.9
skills,meta,eog,itsm,4,1,3,task_20251223_224508_138_97d7df7d_b4505336,0.5,0,239492,73.1
skills,meta,eog,itsm,4,1,3,task_20260113_125933_225_accab84d_d7ec710e,0.0,0,424561,119.2
skills,meta,eog,itsm,4,1,3,task_20260114_134336_659_e6427839_91142068,0.6,0,334002,62.9
skills,meta,eog,itsm,4,1,3,task_20260116_101840_488_e6427839_81df8ba3,0.5,0,219999,50.0
skills,meta,eog,itsm,4,2,1,task_20251216_131651_690_764e5ead_f8619b02,0.666667,0,190597,96.8
skills,meta,eog,itsm,4,2,1,task_20251217_030654_663_99ba2325_f931fd42,0.0,0,123378,89.7
skills,meta,eog,itsm,4,2,1,task_20251218_082708_201_99ba2325_51726f9c,0.5,0,150693,74.6
skills,meta,eog,itsm,4,2,1,task_20251218_093719_611_764e5ead_5817d09a,1.0,1,333749,77.5
skills,meta,eog,itsm,4,2,1,task_20251218_104259_233_66392a82_74b17170,0.666667,0,170819,87.9
skills,meta,eog,itsm,4,2,1,task_20251218_124419_383_66392a82_52c8290e,0.5,0,105047,55.8
skills,meta,eog,itsm,4,2,1,task_20251218_155314_617_c5ca08eb_3ce3c52f,0.333333,0,164895,87.4
skills,meta,eog,itsm,4,2,1,task_20251218_171924_336_ad5a67e3_af252cf6,0.666667,0,199699,108.6
skills,meta,eog,itsm,4,2,1,task_20251218_220134_063_391f1eff_30369342,0.5,0,101705,41.3
skills,meta,eog,itsm,4,2,1,task_20251218_234602_633_391f1eff_09a746e7,0.0,0,129928,92.9
skills,meta,eog,itsm,4,2,1,task_20251219_115925_475_1d219d93_53d34d23,1.0,1,260645,83.8
skills,meta,eog,itsm,4,2,1,task_20251222_140957_029_c5ca08eb_3c4271f0,0.5,0,263896,123.6
skills,meta,eog,itsm,4,2,1,task_20251223_064316_340_01395ded_9c6f3e01,0.75,0,269796,101.8
skills,meta,eog,itsm,4,2,1,task_20251223_153021_454_66392a82_0d6d8897,0.75,0,299463,88.6
skills,meta,eog,itsm,4,2,1,task_20260113_153008_006_46ca2862_c5083638,0.25,0,158253,64.9
skills,meta,eog,itsm,4,2,1,task_20260114_173716_566_46ca2862_301e0b47,0.833333,0,347616,116.0
skills,meta,eog,itsm,4,2,1,task_20260115_152733_296_46ca2862_55f848d3,0.6,0,222332,83.6
skills,meta,eog,itsm,4,2,1,task_20260116_081645_096_66392a82_fd509f97,0.8,0,263389,141.0
skills,meta,eog,itsm,4,2,1,task_20260116_091935_817_d4a463c3_3f20bdca,1.0,1,84422,81.2
skills,meta,eog,itsm,4,2,1,task_20260116_224538_330_66392a82_10d0806e,0.8,0,1916882,191.1
skills,meta,eog,itsm,4,2,2,task_20251216_131651_690_764e5ead_f8619b02,0.666667,0,214801,72.0
skills,meta,eog,itsm,4,2,2,task_20251217_030654_663_99ba2325_f931fd42,0.0,0,82749,47.7
skills,meta,eog,itsm,4,2,2,task_20251218_082708_201_99ba2325_51726f9c,1.0,1,131521,59.8
skills,meta,eog,itsm,4,2,2,task_20251218_093719_611_764e5ead_5817d09a,1.0,1,336295,103.5
skills,meta,eog,itsm,4,2,2,task_20251218_104259_233_66392a82_74b17170,0.666667,0,126582,65.9
skills,meta,eog,itsm,4,2,2,task_20251218_124419_383_66392a82_52c8290e,1.0,1,103897,60.5
skills,meta,eog,itsm,4,2,2,task_20251218_155314_617_c5ca08eb_3ce3c52f,0.333333,0,158206,55.6
skills,meta,eog,itsm,4,2,2,task_20251218_171924_336_ad5a67e3_af252cf6,0.0,0,144243,117.5
skills,meta,eog,itsm,4,2,2,task_20251218_220134_063_391f1eff_30369342,0.5,0,141384,48.5
skills,meta,eog,itsm,4,2,2,task_20251218_234602_633_391f1eff_09a746e7,0.0,0,109447,58.2
skills,meta,eog,itsm,4,2,2,task_20251219_115925_475_1d219d93_53d34d23,1.0,1,332789,65.8
skills,meta,eog,itsm,4,2,2,task_20251222_140957_029_c5ca08eb_3c4271f0,0.5,0,192670,85.4
skills,meta,eog,itsm,4,2,2,task_20251223_064316_340_01395ded_9c6f3e01,0.75,0,264140,113.6
skills,meta,eog,itsm,4,2,2,task_20251223_153021_454_66392a82_0d6d8897,0.75,0,337091,99.9
skills,meta,eog,itsm,4,2,2,task_20260113_153008_006_46ca2862_c5083638,0.25,0,202477,85.7
skills,meta,eog,itsm,4,2,2,task_20260114_173716_566_46ca2862_301e0b47,0.833333,0,292163,90.0
skills,meta,eog,itsm,4,2,2,task_20260115_152733_296_46ca2862_55f848d3,0.6,0,192818,89.8
skills,meta,eog,itsm,4,2,2,task_20260116_081645_096_66392a82_fd509f97,0.8,0,362842,70.5
skills,meta,eog,itsm,4,2,2,task_20260116_091935_817_d4a463c3_3f20bdca,0.666667,0,86248,42.1
skills,meta,eog,itsm,4,2,2,task_20260116_224538_330_66392a82_10d0806e,0.8,0,941616,183.7
skills,meta,eog,itsm,4,2,3,task_20251216_131651_690_764e5ead_f8619b02,0.666667,0,169453,59.7
skills,meta,eog,itsm,4,2,3,task_20251217_030654_663_99ba2325_f931fd42,0.0,0,124592,79.9
skills,meta,eog,itsm,4,2,3,task_20251218_082708_201_99ba2325_51726f9c,1.0,1,127670,61.2
skills,meta,eog,itsm,4,2,3,task_20251218_093719_611_764e5ead_5817d09a,1.0,1,370288,112.3
skills,meta,eog,itsm,4,2,3,task_20251218_104259_233_66392a82_74b17170,0.666667,0,147433,59.2
skills,meta,eog,itsm,4,2,3,task_20251218_124419_383_66392a82_52c8290e,1.0,1,106988,98.0
skills,meta,eog,itsm,4,2,3,task_20251218_155314_617_c5ca08eb_3ce3c52f,0.333333,0,165229,60.5
skills,meta,eog,itsm,4,2,3,task_20251218_171924_336_ad5a67e3_af252cf6,0.666667,0,162462,61.9
skills,meta,eog,itsm,4,2,3,task_20251218_220134_063_391f1eff_30369342,0.5,0,101948,44.8
skills,meta,eog,itsm,4,2,3,task_20251218_234602_633_391f1eff_09a746e7,0.0,0,105305,51.1
skills,meta,eog,itsm,4,2,3,task_20251219_115925_475_1d219d93_53d34d23,1.0,1,290532,73.9
skills,meta,eog,itsm,4,2,3,task_20251222_140957_029_c5ca08eb_3c4271f0,0.5,0,264450,86.2
skills,meta,eog,itsm,4,2,3,task_20251223_064316_340_01395ded_9c6f3e01,0.75,0,301434,115.1
skills,meta,eog,itsm,4,2,3,task_20251223_153021_454_66392a82_0d6d8897,0.75,0,335152,98.4
skills,meta,eog,itsm,4,2,3,task_20260113_153008_006_46ca2862_c5083638,0.5,0,239134,128.6
skills,meta,eog,itsm,4,2,3,task_20260114_173716_566_46ca2862_301e0b47,0.833333,0,378352,115.7
skills,meta,eog,itsm,4,2,3,task_20260115_152733_296_46ca2862_55f848d3,0.6,0,341782,111.0
skills,meta,eog,itsm,4,2,3,task_20260116_081645_096_66392a82_fd509f97,0.8,0,267813,89.5
skills,meta,eog,itsm,4,2,3,task_20260116_091935_817_d4a463c3_3f20bdca,1.0,1,155239,99.1
skills,meta,eog,itsm,4,2,3,task_20260116_224538_330_66392a82_10d0806e,0.8,0,559486,128.9
skills,meta,eog,itsm,4,3,1,task_20251212_172511_458_e6427839_47076c15,0.0,0,61491,35.6
skills,meta,eog,itsm,4,3,1,task_20251212_191411_655_391f1eff_2fef896f,0.333333,0,271173,72.4
skills,meta,eog,itsm,4,3,1,task_20251212_191815_314_391f1eff_c23d76df,0.666667,0,324462,89.2
skills,meta,eog,itsm,4,3,1,task_20251218_121722_423_1d219d93_8218da6c,1.0,1,301508,77.1
skills,meta,eog,itsm,4,3,1,task_20251219_111447_756_66392a82_1c69521d,0.666667,0,225328,57.3
skills,meta,eog,itsm,4,3,1,task_20251219_130920_558_99ba2325_7f9481df,1.0,1,210951,60.1
skills,meta,eog,itsm,4,3,1,task_20251221_045452_579_99ba2325_0e601eac,0.6,0,174846,74.5
skills,meta,eog,itsm,4,3,1,task_20251221_233237_652_66392a82_c1a599bb,0.333333,0,81204,78.4
skills,meta,eog,itsm,4,3,1,task_20251222_075116_761_30600918_a7f0a69a,0.0,0,105275,39.3
skills,meta,eog,itsm,4,3,1,task_20251222_190928_391_391f1eff_8cb006f5,0.75,0,297105,83.5
skills,meta,eog,itsm,4,3,1,task_20260112_183416_157_a8eea1c0_0d6acfd0,0.6,0,245600,116.4
skills,meta,eog,itsm,4,3,1,task_20260112_194743_238_a8eea1c0_a4b1468a,0.166667,0,246355,140.1
skills,meta,eog,itsm,4,3,1,task_20260113_182216_716_a8eea1c0_7a0619e9,0.666667,0,126533,45.4
skills,meta,eog,itsm,4,3,1,task_20260113_183935_893_e6427839_03a04c19,1.0,1,146467,48.5
skills,meta,eog,itsm,4,3,1,task_20260115_125430_649_fa1836dc_e02d5824,1.0,1,221983,122.5
skills,meta,eog,itsm,4,3,2,task_20251212_172511_458_e6427839_47076c15,0.0,0,61616,44.1
skills,meta,eog,itsm,4,3,2,task_20251212_191411_655_391f1eff_2fef896f,0.333333,0,182763,67.0
skills,meta,eog,itsm,4,3,2,task_20251212_191815_314_391f1eff_c23d76df,0.333333,0,182672,59.0
skills,meta,eog,itsm,4,3,2,task_20251218_121722_423_1d219d93_8218da6c,1.0,1,333567,65.8
skills,meta,eog,itsm,4,3,2,task_20251219_111447_756_66392a82_1c69521d,0.0,0,41757,69.5
skills,meta,eog,itsm,4,3,2,task_20251219_130920_558_99ba2325_7f9481df,1.0,1,149746,58.2
skills,meta,eog,itsm,4,3,2,task_20251221_045452_579_99ba2325_0e601eac,0.4,0,190407,49.0
skills,meta,eog,itsm,4,3,2,task_20251221_233237_652_66392a82_c1a599bb,0.333333,0,101774,75.1
skills,meta,eog,itsm,4,3,2,task_20251222_075116_761_30600918_a7f0a69a,0.0,0,104598,34.0
skills,meta,eog,itsm,4,3,2,task_20251222_190928_391_391f1eff_8cb006f5,0.25,0,336810,89.6
skills,meta,eog,itsm,4,3,2,task_20260112_183416_157_a8eea1c0_0d6acfd0,0.4,0,129709,62.5
skills,meta,eog,itsm,4,3,2,task_20260112_194743_238_a8eea1c0_a4b1468a,0.833333,0,297429,63.9
skills,meta,eog,itsm,4,3,2,task_20260113_182216_716_a8eea1c0_7a0619e9,1.0,1,124536,49.6
skills,meta,eog,itsm,4,3,2,task_20260113_183935_893_e6427839_03a04c19,1.0,1,166451,50.7
skills,meta,eog,itsm,4,3,2,task_20260115_125430_649_fa1836dc_e02d5824,1.0,1,194434,67.8
skills,meta,eog,itsm,4,3,3,task_20251212_172511_458_e6427839_47076c15,0.0,0,62205,76.1
skills,meta,eog,itsm,4,3,3,task_20251212_191411_655_391f1eff_2fef896f,0.333333,0,176879,61.4
skills,meta,eog,itsm,4,3,3,task_20251212_191815_314_391f1eff_c23d76df,0.666667,0,182716,81.9
skills,meta,eog,itsm,4,3,3,task_20251218_121722_423_1d219d93_8218da6c,1.0,1,296731,87.3
skills,meta,eog,itsm,4,3,3,task_20251219_111447_756_66392a82_1c69521d,0.666667,0,222702,74.0
skills,meta,eog,itsm,4,3,3,task_20251219_130920_558_99ba2325_7f9481df,0.666667,0,122312,62.9
skills,meta,eog,itsm,4,3,3,task_20251221_045452_579_99ba2325_0e601eac,0.4,0,233925,58.1
skills,meta,eog,itsm,4,3,3,task_20251221_233237_652_66392a82_c1a599bb,0.333333,0,100813,52.9
skills,meta,eog,itsm,4,3,3,task_20251222_075116_761_30600918_a7f0a69a,0.0,0,126990,68.2
skills,meta,eog,itsm,4,3,3,task_20251222_190928_391_391f1eff_8cb006f5,0.25,0,129557,58.1
skills,meta,eog,itsm,4,3,3,task_20260112_183416_157_a8eea1c0_0d6acfd0,0.6,0,127926,74.1
skills,meta,eog,itsm,4,3,3,task_20260112_194743_238_a8eea1c0_a4b1468a,0.166667,0,264117,85.4
skills,meta,eog,itsm,4,3,3,task_20260113_182216_716_a8eea1c0_7a0619e9,0.666667,0,145663,64.7
skills,meta,eog,itsm,4,3,3,task_20260113_183935_893_e6427839_03a04c19,0.5,0,144623,75.4
skills,meta,eog,itsm,4,3,3,task_20260115_125430_649_fa1836dc_e02d5824,0.833333,0,261912,77.7
skills,meta,eog,itsm,4,4,1,task_20251217_183416_700_764e5ead_4c46beb0,1.0,1,314685,91.9
skills,meta,eog,itsm,4,4,1,task_20251217_205244_161_764e5ead_20429ef8,0.75,0,362477,113.7
skills,meta,eog,itsm,4,4,1,task_20251218_061956_641_109c89c0_423ed8ee,0.0,0,458974,109.1
skills,meta,eog,itsm,4,4,1,task_20251218_114039_038_66392a82_c66d4f22,0.666667,0,118079,73.9
skills,meta,eog,itsm,4,4,1,task_20251218_143555_095_97d7df7d_ece487bd,1.0,1,169780,80.1
skills,meta,eog,itsm,4,4,1,task_20251219_174851_846_764e5ead_250f05e1,0.714286,0,409528,142.9
skills,meta,eog,itsm,4,4,1,task_20251221_222834_884_97d7df7d_c088062a,0.666667,0,305429,119.5
skills,meta,eog,itsm,4,4,1,task_20251222_084449_326_66392a82_cadddb04,0.5,0,204268,52.4
skills,meta,eog,itsm,4,4,1,task_20260112_181636_272_c4ad7a70_c9cdfa29,1.0,1,160288,102.1
skills,meta,eog,itsm,4,4,1,task_20260113_151550_104_a8eea1c0_7e9733a5,0.333333,0,206100,128.2
skills,meta,eog,itsm,4,4,1,task_20260116_235649_372_66392a82_ccb66a9a,0.5,0,318915,83.1
skills,meta,eog,itsm,4,4,2,task_20251217_183416_700_764e5ead_4c46beb0,1.0,1,273686,112.6
skills,meta,eog,itsm,4,4,2,task_20251217_205244_161_764e5ead_20429ef8,1.0,1,285437,59.3
skills,meta,eog,itsm,4,4,2,task_20251218_061956_641_109c89c0_423ed8ee,0.166667,0,558924,113.4
skills,meta,eog,itsm,4,4,2,task_20251218_114039_038_66392a82_c66d4f22,0.666667,0,116749,50.5
skills,meta,eog,itsm,4,4,2,task_20251218_143555_095_97d7df7d_ece487bd,1.0,1,220019,100.9
skills,meta,eog,itsm,4,4,2,task_20251219_174851_846_764e5ead_250f05e1,0.714286,0,403030,85.0
skills,meta,eog,itsm,4,4,2,task_20251221_222834_884_97d7df7d_c088062a,0.666667,0,189687,79.0
skills,meta,eog,itsm,4,4,2,task_20251222_084449_326_66392a82_cadddb04,0.0,0,163224,57.9
skills,meta,eog,itsm,4,4,2,task_20260112_181636_272_c4ad7a70_c9cdfa29,1.0,1,153550,56.2
skills,meta,eog,itsm,4,4,2,task_20260113_151550_104_a8eea1c0_7e9733a5,0.333333,0,209495,113.0
skills,meta,eog,itsm,4,4,2,task_20260116_235649_372_66392a82_ccb66a9a,0.5,0,380790,121.0
skills,meta,eog,itsm,4,4,3,task_20251217_183416_700_764e5ead_4c46beb0,0.0,0,185014,70.9
skills,meta,eog,itsm,4,4,3,task_20251217_205244_161_764e5ead_20429ef8,0.75,0,457733,95.0
skills,meta,eog,itsm,4,4,3,task_20251218_061956_641_109c89c0_423ed8ee,0.166667,0,434766,76.8
skills,meta,eog,itsm,4,4,3,task_20251218_114039_038_66392a82_c66d4f22,0.666667,0,186605,65.4
skills,meta,eog,itsm,4,4,3,task_20251218_143555_095_97d7df7d_ece487bd,1.0,1,187974,58.6
skills,meta,eog,itsm,4,4,3,task_20251219_174851_846_764e5ead_250f05e1,0.571429,0,333573,93.8
skills,meta,eog,itsm,4,4,3,task_20251221_222834_884_97d7df7d_c088062a,0.666667,0,232167,52.5
skills,meta,eog,itsm,4,4,3,task_20251222_084449_326_66392a82_cadddb04,0.5,0,167060,77.2
skills,meta,eog,itsm,4,4,3,task_20260112_181636_272_c4ad7a70_c9cdfa29,0.75,0,151689,74.1
skills,meta,eog,itsm,4,4,3,task_20260113_151550_104_a8eea1c0_7e9733a5,0.333333,0,232281,95.2
skills,meta,eog,itsm,4,4,3,task_20260116_235649_372_66392a82_ccb66a9a,0.0,0,162060,74.9
