track,arm,benchmark,stream,adapt_stage,eval_cohort,run,task_id,score,success,recorded_tokens,recorded_seconds
skills,gepa,ale,ale,1,1,1,business_finance/digital_marketing_audience_segmentation_1,0.8667,0,392696,189.2
skills,gepa,ale,ale,1,1,1,business_finance/ff5_public_reconstruction,0.0,0,2550508,1514.8
skills,gepa,ale,ale,1,1,1,business_finance/pe_screening_memo_1,0.7375,0,406782,208.6
skills,gepa,ale,ale,1,1,1,computing_math/os_log_permission_guard_v1,1.0,1,260758,150.1
skills,gepa,ale,ale,1,1,1,computing_math/ranking_node_feature_parity_recovery_instance_1,0.0,0,2187427,595.0
skills,gepa,ale,ale,1,1,1,education_info/homework_grading_numerical_pdes_instance_02,0.733152,0,537134,210.3
skills,gepa,ale,ale,1,1,1,engineering/abb_irb6700_asset_to_urdf_instance_1,0.4741,0,152737,165.1
skills,gepa,ale,ale,1,1,1,engineering/chisel_verilog_alignment_seq_1,0.2,0,385306,210.0
skills,gepa,ale,ale,1,1,1,health_medicine/healthcare_variant_annotation_pipeline,1.0,1,876643,339.2
skills,gepa,ale,ale,1,1,1,health_medicine/scene3_skullstrip_qc,1.0,1,182317,170.8
skills,gepa,ale,ale,1,1,2,business_finance/digital_marketing_audience_segmentation_1,0.9042,0,514424,200.2
skills,gepa,ale,ale,1,1,2,business_finance/ff5_public_reconstruction,0.0,0,3305201,965.3
skills,gepa,ale,ale,1,1,2,business_finance/pe_screening_memo_1,0.61875,0,284105,228.0
skills,gepa,ale,ale,1,1,2,computing_math/os_log_permission_guard_v1,1.0,1,421451,229.4
skills,gepa,ale,ale,1,1,2,computing_math/ranking_node_feature_parity_recovery_instance_1,0.0,0,848459,284.5
skills,gepa,ale,ale,1,1,2,education_info/homework_grading_numerical_pdes_instance_02,0.643818,0,245613,329.4
skills,gepa,ale,ale,1,1,2,engineering/abb_irb6700_asset_to_urdf_instance_1,0.4741,0,931145,295.1
skills,gepa,ale,ale,1,1,2,engineering/chisel_verilog_alignment_seq_1,0.2,0,395540,155.2
skills,gepa,ale,ale,1,1,2,health_medicine/healthcare_variant_annotation_pipeline,0.999,0,2995760,570.3
skills,gepa,ale,ale,1,1,2,health_medicine/scene3_skullstrip_qc,1.0,1,92669,96.1
skills,gepa,ale,ale,1,1,3,business_finance/digital_marketing_audience_segmentation_1,0.8667,0,402225,242.0
skills,gepa,ale,ale,1,1,3,business_finance/ff5_public_reconstruction,0.0,0,1192917,462.2
skills,gepa,ale,ale,1,1,3,business_finance/pe_screening_memo_1,0.63125,0,395372,403.3
skills,gepa,ale,ale,1,1,3,computing_math/os_log_permission_guard_v1,1.0,1,342814,162.4
skills,gepa,ale,ale,1,1,3,computing_math/ranking_node_feature_parity_recovery_instance_1,0.0,0,349928,242.3
skills,gepa,ale,ale,1,1,3,education_info/homework_grading_numerical_pdes_instance_02,0.712485,0,440052,287.0
skills,gepa,ale,ale,1,1,3,engineering/abb_irb6700_asset_to_urdf_instance_1,0.4741,0,372744,302.6
skills,gepa,ale,ale,1,1,3,engineering/chisel_verilog_alignment_seq_1,0.2,0,1233274,316.5
skills,gepa,ale,ale,1,1,3,health_medicine/healthcare_variant_annotation_pipeline,0.999,0,426506,212.2
skills,gepa,ale,ale,1,1,3,health_medicine/scene3_skullstrip_qc,1.0,1,173689,138.1
skills,gepa,ale,ale,1,2,1,business_finance/basel_operational_risk_bia_cn,0.0,0,1566531,615.9
skills,gepa,ale,ale,1,2,1,computing_math/k3_abelian_extensions,0.0,0,3222641,1522.1
skills,gepa,ale,ale,1,2,1,education_info/moodle_gradebook_closeout_reconciliation,0.0,0,1223852,520.3
skills,gepa,ale,ale,1,2,1,engineering/openroad_sky130_ibex_pnr_signoff,0.0,0,807734,328.5
skills,gepa,ale,ale,1,2,1,engineering/power_10kv_feeder_reliability_001,0.0,0,641228,307.9
skills,gepa,ale,ale,1,2,1,health_medicine/public_health_mask_mandate_ratio,0.0,0,4476079,3422.3
skills,gepa,ale,ale,1,2,1,legal/agora_governance_classify_instance_1,0.033333,0,827326,361.4
skills,gepa,ale,ale,1,2,2,business_finance/basel_operational_risk_bia_cn,0.0,0,748703,443.7
skills,gepa,ale,ale,1,2,2,computing_math/k3_abelian_extensions,1.0,1,1505836,1194.2
skills,gepa,ale,ale,1,2,2,education_info/moodle_gradebook_closeout_reconciliation,0.0,0,1440093,542.2
skills,gepa,ale,ale,1,2,2,engineering/openroad_sky130_ibex_pnr_signoff,0.0,0,751559,299.6
skills,gepa,ale,ale,1,2,2,engineering/power_10kv_feeder_reliability_001,0.0,0,655689,238.0
skills,gepa,ale,ale,1,2,2,health_medicine/public_health_mask_mandate_ratio,0.0,0,1689855,837.5
skills,gepa,ale,ale,1,2,2,legal/agora_governance_classify_instance_1,0.343069,0,1508721,545.9
skills,gepa,ale,ale,1,2,3,business_finance/basel_operational_risk_bia_cn,0.0,0,1021672,636.4
skills,gepa,ale,ale,1,2,3,computing_math/k3_abelian_extensions,1.0,1,645080,731.3
skills,gepa,ale,ale,1,2,3,education_info/moodle_gradebook_closeout_reconciliation,0.0,0,1382606,466.5
skills,gepa,ale,ale,1,2,3,engineering/openroad_sky130_ibex_pnr_signoff,0.0,0,606081,286.6
skills,gepa,ale,ale,1,2,3,engineering/power_10kv_feeder_reliability_001,0.001548,0,1043373,339.8
skills,gepa,ale,ale,1,2,3,health_medicine/public_health_mask_mandate_ratio,0.333333,0,2345857,939.9
skills,gepa,ale,ale,1,2,3,legal/agora_governance_classify_instance_1,0.066667,0,753416,404.9
skills,gepa,ale,ale,2,1,1,business_finance/digital_marketing_audience_segmentation_1,0.9042,0,378388,259.8
skills,gepa,ale,ale,2,1,1,business_finance/ff5_public_reconstruction,0.0,0,516967,542.7
skills,gepa,ale,ale,2,1,1,business_finance/pe_screening_memo_1,0.73125,0,457590,190.9
skills,gepa,ale,ale,2,1,1,computing_math/os_log_permission_guard_v1,1.0,1,275786,129.4
skills,gepa,ale,ale,2,1,1,computing_math/ranking_node_feature_parity_recovery_instance_1,0.0,0,3706318,673.5
skills,gepa,ale,ale,2,1,1,education_info/homework_grading_numerical_pdes_instance_02,0.716485,0,1347245,590.4
skills,gepa,ale,ale,2,1,1,engineering/abb_irb6700_asset_to_urdf_instance_1,0.0,0,310776,229.6
skills,gepa,ale,ale,2,1,1,engineering/chisel_verilog_alignment_seq_1,0.2,0,1206967,240.4
skills,gepa,ale,ale,2,1,1,health_medicine/healthcare_variant_annotation_pipeline,0.999,0,2172333,529.9
skills,gepa,ale,ale,2,1,1,health_medicine/scene3_skullstrip_qc,1.0,1,596084,271.1
skills,gepa,ale,ale,2,1,2,business_finance/digital_marketing_audience_segmentation_1,0.9042,0,1265652,641.6
skills,gepa,ale,ale,2,1,2,business_finance/ff5_public_reconstruction,0.0,0,627823,186.7
skills,gepa,ale,ale,2,1,2,business_finance/pe_screening_memo_1,0.70625,0,274279,242.8
skills,gepa,ale,ale,2,1,2,computing_math/os_log_permission_guard_v1,0.0,0,258435,186.8
skills,gepa,ale,ale,2,1,2,computing_math/ranking_node_feature_parity_recovery_instance_1,0.0,0,2093684,580.9
skills,gepa,ale,ale,2,1,2,education_info/homework_grading_numerical_pdes_instance_02,0.712485,0,710215,337.1
skills,gepa,ale,ale,2,1,2,engineering/abb_irb6700_asset_to_urdf_instance_1,0.0,0,313494,196.2
skills,gepa,ale,ale,2,1,2,engineering/chisel_verilog_alignment_seq_1,0.2,0,902911,297.0
skills,gepa,ale,ale,2,1,2,health_medicine/healthcare_variant_annotation_pipeline,1.0,1,960055,380.7
skills,gepa,ale,ale,2,1,2,health_medicine/scene3_skullstrip_qc,1.0,1,410155,247.8
skills,gepa,ale,ale,2,1,3,business_finance/digital_marketing_audience_segmentation_1,0.7245,0,482832,306.1
skills,gepa,ale,ale,2,1,3,business_finance/ff5_public_reconstruction,0.0,0,787658,641.2
skills,gepa,ale,ale,2,1,3,business_finance/pe_screening_memo_1,0.66875,0,312245,206.8
skills,gepa,ale,ale,2,1,3,computing_math/os_log_permission_guard_v1,0.0,0,331583,161.6
skills,gepa,ale,ale,2,1,3,computing_math/ranking_node_feature_parity_recovery_instance_1,0.0,0,1705995,481.5
skills,gepa,ale,ale,2,1,3,education_info/homework_grading_numerical_pdes_instance_02,0.0,0,252459,210.4
skills,gepa,ale,ale,2,1,3,engineering/abb_irb6700_asset_to_urdf_instance_1,0.0,0,328230,181.5
skills,gepa,ale,ale,2,1,3,engineering/chisel_verilog_alignment_seq_1,0.2,0,443365,210.3
skills,gepa,ale,ale,2,1,3,health_medicine/healthcare_variant_annotation_pipeline,1.0,1,417999,315.1
skills,gepa,ale,ale,2,1,3,health_medicine/scene3_skullstrip_qc,1.0,1,237005,155.8
skills,gepa,ale,ale,2,2,1,business_finance/basel_operational_risk_bia_cn,0.0,0,703563,254.5
skills,gepa,ale,ale,2,2,1,computing_math/k3_abelian_extensions,1.0,1,1142665,510.1
skills,gepa,ale,ale,2,2,1,education_info/moodle_gradebook_closeout_reconciliation,0.0,0,3338745,1158.3
skills,gepa,ale,ale,2,2,1,engineering/openroad_sky130_ibex_pnr_signoff,0.0,0,374557,145.3
skills,gepa,ale,ale,2,2,1,engineering/power_10kv_feeder_reliability_001,0.0,0,1358127,235.1
skills,gepa,ale,ale,2,2,1,health_medicine/public_health_mask_mandate_ratio,0.0,0,2595760,1279.5
skills,gepa,ale,ale,2,2,1,legal/agora_governance_classify_instance_1,0.443875,0,2783176,245.0
skills,gepa,ale,ale,2,2,2,business_finance/basel_operational_risk_bia_cn,0.0,0,1048322,371.0
skills,gepa,ale,ale,2,2,2,computing_math/k3_abelian_extensions,0.0,0,929503,716.0
skills,gepa,ale,ale,2,2,2,education_info/moodle_gradebook_closeout_reconciliation,0.0,0,1340554,394.6
skills,gepa,ale,ale,2,2,2,engineering/openroad_sky130_ibex_pnr_signoff,0.0,0,1594487,296.3
skills,gepa,ale,ale,2,2,2,engineering/power_10kv_feeder_reliability_001,0.001548,0,670581,261.1
skills,gepa,ale,ale,2,2,2,health_medicine/public_health_mask_mandate_ratio,0.333333,0,2050815,906.1
skills,gepa,ale,ale,2,2,2,legal/agora_governance_classify_instance_1,0.133333,0,1060315,361.0
skills,gepa,ale,ale,2,2,3,business_finance/basel_operational_risk_bia_cn,0.0,0,601107,219.4
skills,gepa,ale,ale,2,2,3,computing_math/k3_abelian_extensions,0.0,0,1187110,699.9
skills,gepa,ale,ale,2,2,3,education_info/moodle_gradebook_closeout_reconciliation,0.0,0,2344959,1347.0
skills,gepa,ale,ale,2,2,3,engineering/openroad_sky130_ibex_pnr_signoff,0.0,0,642868,544.6
skills,gepa,ale,ale,2,2,3,engineering/power_10kv_feeder_reliability_001,0.001548,0,1250286,309.4
skills,gepa,ale,ale,2,2,3,health_medicine/public_health_mask_mandate_ratio,0.333333,0,3289755,1596.8
skills,gepa,ale,ale,2,2,3,legal/agora_governance_classify_instance_1,0.033333,0,949674,349.9
skills,gepa,ale,ale,2,3,1,business_finance/digital_marketing_ab_test_analysis_1,0.0,0,659517,479.3
skills,gepa,ale,ale,2,3,1,business_finance/financial_stmt_reconstruction_aapl_fy2024,1.0,1,889816,382.8
skills,gepa,ale,ale,2,3,1,business_finance/legal_ma_consistency_audit_01,0.0,0,2320092,738.1
skills,gepa,ale,ale,2,3,1,computing_math/k8s_migration_1,0.5,0,1574753,411.7
skills,gepa,ale,ale,2,3,1,computing_math/k8s_payment_api_root_cause_analysis,0.563889,0,172267,278.9
skills,gepa,ale,ale,2,3,1,health_medicine/simglucose_safe_basal_control_instance_1,0.0,0,1034737,500.7
skills,gepa,ale,ale,2,3,1,legal/legal_dr_fees_01,0.0,0,892086,687.1
skills,gepa,ale,ale,2,3,1,life_sciences/hg002_chr22_germline_variant_pipeline,0.0,0,1746172,589.3
skills,gepa,ale,ale,2,3,1,life_sciences/rgi_mcr1_colistin_v2,0.0,0,587431,657.6
skills,gepa,ale,ale,2,3,1,life_sciences/tms_marrow_cell_type_annotation_instance_1,0.0,0,576883,914.7
skills,gepa,ale,ale,2,3,2,business_finance/digital_marketing_ab_test_analysis_1,0.0,0,2811823,689.1
skills,gepa,ale,ale,2,3,2,business_finance/financial_stmt_reconstruction_aapl_fy2024,1.0,1,972455,573.1
skills,gepa,ale,ale,2,3,2,business_finance/legal_ma_consistency_audit_01,0.0,0,3609222,838.8
skills,gepa,ale,ale,2,3,2,computing_math/k8s_migration_1,0.479167,0,947080,394.7
skills,gepa,ale,ale,2,3,2,computing_math/k8s_payment_api_root_cause_analysis,0.78,0,270898,584.1
skills,gepa,ale,ale,2,3,2,health_medicine/simglucose_safe_basal_control_instance_1,0.0,0,1115269,1084.0
skills,gepa,ale,ale,2,3,2,legal/legal_dr_fees_01,0.3,0,1288499,643.4
skills,gepa,ale,ale,2,3,2,life_sciences/hg002_chr22_germline_variant_pipeline,0.0,0,1546160,723.8
skills,gepa,ale,ale,2,3,2,life_sciences/rgi_mcr1_colistin_v2,0.0,0,895210,881.2
skills,gepa,ale,ale,2,3,2,life_sciences/tms_marrow_cell_type_annotation_instance_1,0.0,0,860460,1187.7
skills,gepa,ale,ale,2,3,3,business_finance/digital_marketing_ab_test_analysis_1,0.0,0,2587966,564.2
skills,gepa,ale,ale,2,3,3,business_finance/financial_stmt_reconstruction_aapl_fy2024,1.0,1,1810105,439.4
skills,gepa,ale,ale,2,3,3,business_finance/legal_ma_consistency_audit_01,0.0,0,3332725,670.2
skills,gepa,ale,ale,2,3,3,computing_math/k8s_migration_1,0.7,0,1442652,380.1
skills,gepa,ale,ale,2,3,3,computing_math/k8s_payment_api_root_cause_analysis,0.672727,0,291894,170.7
skills,gepa,ale,ale,2,3,3,health_medicine/simglucose_safe_basal_control_instance_1,0.0,0,816073,464.1
skills,gepa,ale,ale,2,3,3,legal/legal_dr_fees_01,0.0,0,1824243,824.1
skills,gepa,ale,ale,2,3,3,life_sciences/hg002_chr22_germline_variant_pipeline,0.0,0,1362848,342.1
skills,gepa,ale,ale,2,3,3,life_sciences/rgi_mcr1_colistin_v2,1.0,1,1023388,394.4
skills,gepa,ale,ale,2,3,3,life_sciences/tms_marrow_cell_type_annotation_instance_1,0.0,0,925081,784.5
skills,gepa,ale,ale,3,1,1,business_finance/digital_marketing_audience_segmentation_1,0.8667,0,368189,295.5
skills,gepa,ale,ale,3,1,1,business_finance/ff5_public_reconstruction,0.0,0,769784,807.1
skills,gepa,ale,ale,3,1,1,business_finance/pe_screening_memo_1,0.446875,0,479707,403.0
skills,gepa,ale,ale,3,1,1,computing_math/os_log_permission_guard_v1,1.0,1,346064,199.7
skills,gepa,ale,ale,3,1,1,computing_math/ranking_node_feature_parity_recovery_instance_1,0.0,0,969491,354.8
skills,gepa,ale,ale,3,1,1,education_info/homework_grading_numerical_pdes_instance_02,0.627636,0,624968,340.6
skills,gepa,ale,ale,3,1,1,engineering/abb_irb6700_asset_to_urdf_instance_1,0.4741,0,251883,135.6
skills,gepa,ale,ale,3,1,1,engineering/chisel_verilog_alignment_seq_1,0.2,0,769797,260.6
skills,gepa,ale,ale,3,1,1,health_medicine/healthcare_variant_annotation_pipeline,0.999,0,2758811,720.3
skills,gepa,ale,ale,3,1,1,health_medicine/scene3_skullstrip_qc,1.0,1,136297,111.5
skills,gepa,ale,ale,3,1,2,business_finance/digital_marketing_audience_segmentation_1,0.9042,0,460369,320.7
skills,gepa,ale,ale,3,1,2,business_finance/ff5_public_reconstruction,0.0,0,1235622,594.8
skills,gepa,ale,ale,3,1,2,business_finance/pe_screening_memo_1,0.69375,0,262520,283.3
skills,gepa,ale,ale,3,1,2,computing_math/os_log_permission_guard_v1,1.0,1,266044,112.4
skills,gepa,ale,ale,3,1,2,computing_math/ranking_node_feature_parity_recovery_instance_1,0.0,0,729271,327.2
skills,gepa,ale,ale,3,1,2,education_info/homework_grading_numerical_pdes_instance_02,0.689152,0,1332614,642.2
skills,gepa,ale,ale,3,1,2,engineering/abb_irb6700_asset_to_urdf_instance_1,0.4741,0,376519,157.4
skills,gepa,ale,ale,3,1,2,engineering/chisel_verilog_alignment_seq_1,0.2,0,476368,177.1
skills,gepa,ale,ale,3,1,2,health_medicine/healthcare_variant_annotation_pipeline,0.999,0,1016840,326.9
skills,gepa,ale,ale,3,1,2,health_medicine/scene3_skullstrip_qc,1.0,1,143224,198.1
skills,gepa,ale,ale,3,1,3,business_finance/digital_marketing_audience_segmentation_1,0.9042,0,594060,430.4
skills,gepa,ale,ale,3,1,3,business_finance/ff5_public_reconstruction,0.0,0,2072184,510.0
skills,gepa,ale,ale,3,1,3,business_finance/pe_screening_memo_1,0.74375,0,703851,346.0
skills,gepa,ale,ale,3,1,3,computing_math/os_log_permission_guard_v1,1.0,1,231525,181.2
skills,gepa,ale,ale,3,1,3,computing_math/ranking_node_feature_parity_recovery_instance_1,0.0,0,426677,335.9
skills,gepa,ale,ale,3,1,3,education_info/homework_grading_numerical_pdes_instance_02,0.643818,0,324701,331.4
skills,gepa,ale,ale,3,1,3,engineering/abb_irb6700_asset_to_urdf_instance_1,0.4741,0,360108,338.2
skills,gepa,ale,ale,3,1,3,engineering/chisel_verilog_alignment_seq_1,0.2,0,413912,176.2
skills,gepa,ale,ale,3,1,3,health_medicine/healthcare_variant_annotation_pipeline,0.799,0,1164723,547.0
skills,gepa,ale,ale,3,1,3,health_medicine/scene3_skullstrip_qc,1.0,1,304600,340.9
skills,gepa,ale,ale,3,2,1,business_finance/basel_operational_risk_bia_cn,0.0,0,953384,530.3
skills,gepa,ale,ale,3,2,1,computing_math/k3_abelian_extensions,1.0,1,845973,540.5
skills,gepa,ale,ale,3,2,1,education_info/moodle_gradebook_closeout_reconciliation,0.0,0,1253928,473.5
skills,gepa,ale,ale,3,2,1,engineering/openroad_sky130_ibex_pnr_signoff,0.0,0,535312,240.7
skills,gepa,ale,ale,3,2,1,engineering/power_10kv_feeder_reliability_001,0.0,0,1176751,443.6
skills,gepa,ale,ale,3,2,1,health_medicine/public_health_mask_mandate_ratio,0.0,0,2784251,1645.6
skills,gepa,ale,ale,3,2,1,legal/agora_governance_classify_instance_1,0.297314,0,485703,464.0
skills,gepa,ale,ale,3,2,2,business_finance/basel_operational_risk_bia_cn,0.0,0,626209,230.8
skills,gepa,ale,ale,3,2,2,computing_math/k3_abelian_extensions,1.0,1,961421,615.5
skills,gepa,ale,ale,3,2,2,education_info/moodle_gradebook_closeout_reconciliation,0.0,0,1763770,305.6
skills,gepa,ale,ale,3,2,2,engineering/openroad_sky130_ibex_pnr_signoff,0.0,0,1140131,355.9
skills,gepa,ale,ale,3,2,2,engineering/power_10kv_feeder_reliability_001,0.0,0,1684535,290.5
skills,gepa,ale,ale,3,2,2,health_medicine/public_health_mask_mandate_ratio,0.0,0,3461288,1020.5
skills,gepa,ale,ale,3,2,2,legal/agora_governance_classify_instance_1,0.524786,0,373119,260.9
skills,gepa,ale,ale,3,2,3,business_finance/basel_operational_risk_bia_cn,0.0,0,1201977,448.9
skills,gepa,ale,ale,3,2,3,computing_math/k3_abelian_extensions,0.0,0,1234295,1025.9
skills,gepa,ale,ale,3,2,3,education_info/moodle_gradebook_closeout_reconciliation,0.0,0,4504666,520.4
skills,gepa,ale,ale,3,2,3,engineering/openroad_sky130_ibex_pnr_signoff,0.0,0,497032,179.5
skills,gepa,ale,ale,3,2,3,engineering/power_10kv_feeder_reliability_001,0.0,0,1818186,384.3
skills,gepa,ale,ale,3,2,3,health_medicine/public_health_mask_mandate_ratio,0.0,0,1685945,2367.2
skills,gepa,ale,ale,3,2,3,legal/agora_governance_classify_instance_1,0.160488,0,583282,319.2
skills,gepa,ale,ale,3,3,1,business_finance/digital_marketing_ab_test_analysis_1,0.0,0,3349342,893.4
skills,gepa,ale,ale,3,3,1,business_finance/financial_stmt_reconstruction_aapl_fy2024,1.0,1,981883,280.4
skills,gepa,ale,ale,3,3,1,business_finance/legal_ma_consistency_audit_01,0.0,0,1620461,283.1
skills,gepa,ale,ale,3,3,1,computing_math/k8s_migration_1,0.658333,0,1332795,520.4
skills,gepa,ale,ale,3,3,1,computing_math/k8s_payment_api_root_cause_analysis,0.63,0,352227,213.6
skills,gepa,ale,ale,3,3,1,health_medicine/simglucose_safe_basal_control_instance_1,0.0,0,760575,434.0
skills,gepa,ale,ale,3,3,1,legal/legal_dr_fees_01,0.06,0,1139133,998.0
skills,gepa,ale,ale,3,3,1,life_sciences/hg002_chr22_germline_variant_pipeline,0.0,0,1386417,308.2
skills,gepa,ale,ale,3,3,1,life_sciences/rgi_mcr1_colistin_v2,0.0,0,289004,231.9
skills,gepa,ale,ale,3,3,1,life_sciences/tms_marrow_cell_type_annotation_instance_1,0.0,0,1030206,1167.1
skills,gepa,ale,ale,3,3,2,business_finance/digital_marketing_ab_test_analysis_1,0.0,0,1483541,391.4
skills,gepa,ale,ale,3,3,2,business_finance/financial_stmt_reconstruction_aapl_fy2024,1.0,1,474166,176.7
skills,gepa,ale,ale,3,3,2,business_finance/legal_ma_consistency_audit_01,0.0,0,389370,311.6
skills,gepa,ale,ale,3,3,2,computing_math/k8s_migration_1,0.679167,0,723290,250.7
skills,gepa,ale,ale,3,3,2,computing_math/k8s_payment_api_root_cause_analysis,0.588889,0,380598,240.9
skills,gepa,ale,ale,3,3,2,health_medicine/simglucose_safe_basal_control_instance_1,0.0,0,601743,395.1
skills,gepa,ale,ale,3,3,2,legal/legal_dr_fees_01,0.4,0,1840798,1015.7
skills,gepa,ale,ale,3,3,2,life_sciences/hg002_chr22_germline_variant_pipeline,0.0,0,1366907,365.9
skills,gepa,ale,ale,3,3,2,life_sciences/rgi_mcr1_colistin_v2,1.0,1,1382316,731.9
skills,gepa,ale,ale,3,3,2,life_sciences/tms_marrow_cell_type_annotation_instance_1,0.0,0,572318,1087.9
skills,gepa,ale,ale,3,3,3,business_finance/digital_marketing_ab_test_analysis_1,0.0,0,1691579,530.4
skills,gepa,ale,ale,3,3,3,business_finance/financial_stmt_reconstruction_aapl_fy2024,1.0,1,2718622,435.6
skills,gepa,ale,ale,3,3,3,business_finance/legal_ma_consistency_audit_01,0.0,0,621819,379.6
skills,gepa,ale,ale,3,3,3,computing_math/k8s_migration_1,0.458333,0,1173841,269.6
skills,gepa,ale,ale,3,3,3,computing_math/k8s_payment_api_root_cause_analysis,0.73,0,107394,229.2
skills,gepa,ale,ale,3,3,3,health_medicine/simglucose_safe_basal_control_instance_1,0.0,0,793669,309.6
skills,gepa,ale,ale,3,3,3,legal/legal_dr_fees_01,0.0,0,879449,270.2
skills,gepa,ale,ale,3,3,3,life_sciences/hg002_chr22_germline_variant_pipeline,0.0,0,2547370,440.7
skills,gepa,ale,ale,3,3,3,life_sciences/rgi_mcr1_colistin_v2,0.0,0,347537,189.4
skills,gepa,ale,ale,3,3,3,life_sciences/tms_marrow_cell_type_annotation_instance_1,0.0,0,1426777,801.7
skills,gepa,ale,ale,3,4,1,computing_math/cfr_game_theory_equilibrium,0.33,0,1464445,751.7
skills,gepa,ale,ale,3,4,1,computing_math/ising_post_measurement_1,0.0,0,442180,363.5
skills,gepa,ale,ale,3,4,1,computing_math/paper_reproduction_instance_1,0.8,0,585126,347.0
skills,gepa,ale,ale,3,4,1,computing_math/recsys_cold_start_instance_1,0.5,0,2888691,862.3
skills,gepa,ale,ale,3,4,1,computing_math/synthetic_causal_structure_inference,0.276804,0,541095,674.1
skills,gepa,ale,ale,3,4,1,engineering/aerospace_low_thrust_trajectory,0.0,0,642805,338.6
skills,gepa,ale,ale,3,4,1,health_medicine/Clinical_Variant_Annotation,0.6,0,686942,291.8
skills,gepa,ale,ale,3,4,1,health_medicine/causal_ihdp_ite_estimation_6a_v1,0.155123,0,980965,1013.7
skills,gepa,ale,ale,3,4,1,health_medicine/crf_sdtm_mapping_4,0.4115,0,1105462,349.3
skills,gepa,ale,ale,3,4,1,health_medicine/epidemiology_forecast,0.0,0,889497,615.2
skills,gepa,ale,ale,3,4,1,health_medicine/flusight_offline_hosp_forecast_2024_12_14,0.601663,0,929178,306.4
skills,gepa,ale,ale,3,4,1,health_medicine/healthcare_bias_audit_27a_public_replication_v1,0.0,0,6002022,1902.5
skills,gepa,ale,ale,3,4,1,health_medicine/nhanes_confounder_sensitivity_analysis,0.537861,0,1125817,481.0
skills,gepa,ale,ale,3,4,1,health_medicine/nsclc_radiomics_cox_signature_v1,0.0,0,1698176,3867.9
skills,gepa,ale,ale,3,4,1,life_sciences/WGS_Variant_Calling,0.4,0,955172,446.1
skills,gepa,ale,ale,3,4,1,life_sciences/cell_translocation_analysis,0.0,0,0,7258.8
skills,gepa,ale,ale,3,4,1,life_sciences/protein_function_annotation_instance_1,0.0,0,0,7268.9
skills,gepa,ale,ale,3,4,1,physical_sciences/adapt_vqe_molecular_energy,0.333333,0,756522,862.0
skills,gepa,ale,ale,3,4,1,physical_sciences/climate_prediction,0.7693,0,792614,1164.5
skills,gepa,ale,ale,3,4,1,transport_safety/fds_single_compartment_detector_reconstruction,0.0,0,3633927,753.8
skills,gepa,ale,ale,3,4,2,computing_math/cfr_game_theory_equilibrium,0.0,0,2812795,7286.0
skills,gepa,ale,ale,3,4,2,computing_math/ising_post_measurement_1,1.0,1,547466,1164.2
skills,gepa,ale,ale,3,4,2,computing_math/paper_reproduction_instance_1,0.53,0,1538275,512.3
skills,gepa,ale,ale,3,4,2,computing_math/recsys_cold_start_instance_1,0.333333,0,2974420,1202.8
skills,gepa,ale,ale,3,4,2,computing_math/synthetic_causal_structure_inference,0.140041,0,953182,753.1
skills,gepa,ale,ale,3,4,2,engineering/aerospace_low_thrust_trajectory,0.0,0,710973,437.1
skills,gepa,ale,ale,3,4,2,health_medicine/Clinical_Variant_Annotation,0.8,0,1971754,634.1
skills,gepa,ale,ale,3,4,2,health_medicine/causal_ihdp_ite_estimation_6a_v1,0.0,0,2200169,893.9
skills,gepa,ale,ale,3,4,2,health_medicine/crf_sdtm_mapping_4,0.5478,0,2208658,325.9
skills,gepa,ale,ale,3,4,2,health_medicine/epidemiology_forecast,0.0,0,863470,579.1
skills,gepa,ale,ale,3,4,2,health_medicine/flusight_offline_hosp_forecast_2024_12_14,0.158982,0,815507,340.0
skills,gepa,ale,ale,3,4,2,health_medicine/healthcare_bias_audit_27a_public_replication_v1,0.0,0,5238832,4078.3
skills,gepa,ale,ale,3,4,2,health_medicine/nhanes_confounder_sensitivity_analysis,0.554549,0,341158,346.9
skills,gepa,ale,ale,3,4,2,health_medicine/nsclc_radiomics_cox_signature_v1,0.0,0,0,7269.4
skills,gepa,ale,ale,3,4,2,life_sciences/WGS_Variant_Calling,0.4,0,610228,191.1
skills,gepa,ale,ale,3,4,2,life_sciences/cell_translocation_analysis,0.0,0,1070141,377.0
skills,gepa,ale,ale,3,4,2,life_sciences/protein_function_annotation_instance_1,0.0,0,709773,251.1
skills,gepa,ale,ale,3,4,2,physical_sciences/adapt_vqe_molecular_energy,0.0,0,0,7240.4
skills,gepa,ale,ale,3,4,2,physical_sciences/climate_prediction,0.1502,0,1908401,1212.9
skills,gepa,ale,ale,3,4,2,transport_safety/fds_single_compartment_detector_reconstruction,0.0,0,1957347,530.9
skills,gepa,ale,ale,3,4,3,computing_math/cfr_game_theory_equilibrium,0.0,0,978083,617.1
skills,gepa,ale,ale,3,4,3,computing_math/ising_post_measurement_1,0.0,0,476632,860.3
skills,gepa,ale,ale,3,4,3,computing_math/paper_reproduction_instance_1,0.785,0,573902,182.2
skills,gepa,ale,ale,3,4,3,computing_math/recsys_cold_start_instance_1,0.5,0,5560024,787.6
skills,gepa,ale,ale,3,4,3,computing_math/synthetic_causal_structure_inference,0.0,0,0,7531.2
skills,gepa,ale,ale,3,4,3,engineering/aerospace_low_thrust_trajectory,0.0,0,604342,252.7
skills,gepa,ale,ale,3,4,3,health_medicine/Clinical_Variant_Annotation,0.8,0,362809,138.8
skills,gepa,ale,ale,3,4,3,health_medicine/causal_ihdp_ite_estimation_6a_v1,0.0,0,1356784,770.1
skills,gepa,ale,ale,3,4,3,health_medicine/crf_sdtm_mapping_4,0.3397,0,2047402,614.9
skills,gepa,ale,ale,3,4,3,health_medicine/epidemiology_forecast,0.0,0,790005,7239.5
skills,gepa,ale,ale,3,4,3,health_medicine/flusight_offline_hosp_forecast_2024_12_14,0.45457,0,635373,259.3
skills,gepa,ale,ale,3,4,3,health_medicine/healthcare_bias_audit_27a_public_replication_v1,0.0,0,3716247,1174.6
skills,gepa,ale,ale,3,4,3,health_medicine/nhanes_confounder_sensitivity_analysis,0.538542,0,643874,548.7
skills,gepa,ale,ale,3,4,3,health_medicine/nsclc_radiomics_cox_signature_v1,0.0,0,1576456,1448.3
skills,gepa,ale,ale,3,4,3,life_sciences/WGS_Variant_Calling,0.4,0,0,7239.9
skills,gepa,ale,ale,3,4,3,life_sciences/cell_translocation_analysis,0.0,0,754402,475.1
skills,gepa,ale,ale,3,4,3,life_sciences/protein_function_annotation_instance_1,0.0,0,621287,383.7
skills,gepa,ale,ale,3,4,3,physical_sciences/adapt_vqe_molecular_energy,0.0,0,1579687,1233.0
skills,gepa,ale,ale,3,4,3,physical_sciences/climate_prediction,0.0,0,960062,1048.2
skills,gepa,ale,ale,3,4,3,transport_safety/fds_single_compartment_detector_reconstruction,0.0,0,864031,378.1
skills,gepa,ale,ale,4,1,1,business_finance/digital_marketing_audience_segmentation_1,0.9042,0,640074,340.7
skills,gepa,ale,ale,4,1,1,business_finance/ff5_public_reconstruction,0.0,0,916337,355.4
skills,gepa,ale,ale,4,1,1,business_finance/pe_screening_memo_1,0.0,0,522169,201.9
skills,gepa,ale,ale,4,1,1,computing_math/os_log_permission_guard_v1,1.0,1,594423,296.0
skills,gepa,ale,ale,4,1,1,computing_math/ranking_node_feature_parity_recovery_instance_1,0.0,0,472279,185.9
skills,gepa,ale,ale,4,1,1,education_info/homework_grading_numerical_pdes_instance_02,0.446667,0,1407559,396.1
skills,gepa,ale,ale,4,1,1,engineering/abb_irb6700_asset_to_urdf_instance_1,0.4741,0,262662,191.2
skills,gepa,ale,ale,4,1,1,engineering/chisel_verilog_alignment_seq_1,0.2,0,824609,285.1
skills,gepa,ale,ale,4,1,1,health_medicine/healthcare_variant_annotation_pipeline,1.0,1,227072,190.8
skills,gepa,ale,ale,4,1,1,health_medicine/scene3_skullstrip_qc,1.0,1,239695,121.9
skills,gepa,ale,ale,4,1,2,business_finance/digital_marketing_audience_segmentation_1,0.9042,0,430769,309.3
skills,gepa,ale,ale,4,1,2,business_finance/ff5_public_reconstruction,0.0,0,813863,320.9
skills,gepa,ale,ale,4,1,2,business_finance/pe_screening_memo_1,0.75625,0,474195,267.8
skills,gepa,ale,ale,4,1,2,computing_math/os_log_permission_guard_v1,1.0,1,152988,165.8
skills,gepa,ale,ale,4,1,2,computing_math/ranking_node_feature_parity_recovery_instance_1,0.0,0,1319386,575.6
skills,gepa,ale,ale,4,1,2,education_info/homework_grading_numerical_pdes_instance_02,0.739818,0,493426,280.9
skills,gepa,ale,ale,4,1,2,engineering/abb_irb6700_asset_to_urdf_instance_1,0.4741,0,447362,230.4
skills,gepa,ale,ale,4,1,2,engineering/chisel_verilog_alignment_seq_1,0.2,0,545881,270.7
skills,gepa,ale,ale,4,1,2,health_medicine/healthcare_variant_annotation_pipeline,0.999,0,655273,464.9
skills,gepa,ale,ale,4,1,2,health_medicine/scene3_skullstrip_qc,1.0,1,300538,321.7
skills,gepa,ale,ale,4,1,3,business_finance/digital_marketing_audience_segmentation_1,0.0,0,1957383,705.4
skills,gepa,ale,ale,4,1,3,business_finance/ff5_public_reconstruction,0.0,0,1196540,554.2
skills,gepa,ale,ale,4,1,3,business_finance/pe_screening_memo_1,0.58125,0,332230,253.1
skills,gepa,ale,ale,4,1,3,computing_math/os_log_permission_guard_v1,0.0,0,328896,192.0
skills,gepa,ale,ale,4,1,3,computing_math/ranking_node_feature_parity_recovery_instance_1,0.0,0,371417,177.1
skills,gepa,ale,ale,4,1,3,education_info/homework_grading_numerical_pdes_instance_02,0.390303,0,680243,191.7
skills,gepa,ale,ale,4,1,3,engineering/abb_irb6700_asset_to_urdf_instance_1,0.4626,0,136113,176.7
skills,gepa,ale,ale,4,1,3,engineering/chisel_verilog_alignment_seq_1,0.2,0,265313,171.2
skills,gepa,ale,ale,4,1,3,health_medicine/healthcare_variant_annotation_pipeline,0.8,0,581440,361.7
skills,gepa,ale,ale,4,1,3,health_medicine/scene3_skullstrip_qc,1.0,1,225638,182.8
skills,gepa,ale,ale,4,2,1,business_finance/basel_operational_risk_bia_cn,0.0,0,1674260,369.8
skills,gepa,ale,ale,4,2,1,computing_math/k3_abelian_extensions,1.0,1,1040467,580.2
skills,gepa,ale,ale,4,2,1,education_info/moodle_gradebook_closeout_reconciliation,0.0,0,1514273,418.1
skills,gepa,ale,ale,4,2,1,engineering/openroad_sky130_ibex_pnr_signoff,0.0,0,427107,150.3
skills,gepa,ale,ale,4,2,1,engineering/power_10kv_feeder_reliability_001,0.0,0,974225,229.9
skills,gepa,ale,ale,4,2,1,health_medicine/public_health_mask_mandate_ratio,0.0,0,1621879,790.0
skills,gepa,ale,ale,4,2,1,legal/agora_governance_classify_instance_1,0.421652,0,511001,400.1
skills,gepa,ale,ale,4,2,2,business_finance/basel_operational_risk_bia_cn,0.0,0,506932,262.6
skills,gepa,ale,ale,4,2,2,computing_math/k3_abelian_extensions,1.0,1,1393218,833.1
skills,gepa,ale,ale,4,2,2,education_info/moodle_gradebook_closeout_reconciliation,0.0,0,2193963,405.6
skills,gepa,ale,ale,4,2,2,engineering/openroad_sky130_ibex_pnr_signoff,0.0,0,1285119,283.2
skills,gepa,ale,ale,4,2,2,engineering/power_10kv_feeder_reliability_001,0.00152,0,858680,232.9
skills,gepa,ale,ale,4,2,2,health_medicine/public_health_mask_mandate_ratio,0.333333,0,2816915,1953.3
skills,gepa,ale,ale,4,2,2,legal/agora_governance_classify_instance_1,0.033333,0,632298,273.1
skills,gepa,ale,ale,4,2,3,business_finance/basel_operational_risk_bia_cn,0.0,0,827301,338.7
skills,gepa,ale,ale,4,2,3,computing_math/k3_abelian_extensions,1.0,1,1134507,629.4
skills,gepa,ale,ale,4,2,3,education_info/moodle_gradebook_closeout_reconciliation,0.0,0,1663408,400.7
skills,gepa,ale,ale,4,2,3,engineering/openroad_sky130_ibex_pnr_signoff,0.0,0,671269,209.9
skills,gepa,ale,ale,4,2,3,engineering/power_10kv_feeder_reliability_001,0.00153,0,2489226,348.5
skills,gepa,ale,ale,4,2,3,health_medicine/public_health_mask_mandate_ratio,0.333333,0,1244900,1654.5
skills,gepa,ale,ale,4,2,3,legal/agora_governance_classify_instance_1,0.611111,0,1303319,639.4
skills,gepa,ale,ale,4,3,1,business_finance/digital_marketing_ab_test_analysis_1,0.0,0,1867026,1037.9
skills,gepa,ale,ale,4,3,1,business_finance/financial_stmt_reconstruction_aapl_fy2024,1.0,1,1069685,242.3
skills,gepa,ale,ale,4,3,1,business_finance/legal_ma_consistency_audit_01,0.0,0,1144023,376.6
skills,gepa,ale,ale,4,3,1,computing_math/k8s_migration_1,0.545833,0,1225911,346.5
skills,gepa,ale,ale,4,3,1,computing_math/k8s_payment_api_root_cause_analysis,0.722727,0,168899,150.6
skills,gepa,ale,ale,4,3,1,health_medicine/simglucose_safe_basal_control_instance_1,0.0,0,799529,378.9
skills,gepa,ale,ale,4,3,1,legal/legal_dr_fees_01,0.24,0,872754,507.2
skills,gepa,ale,ale,4,3,1,life_sciences/hg002_chr22_germline_variant_pipeline,0.0,0,2136620,421.6
skills,gepa,ale,ale,4,3,1,life_sciences/rgi_mcr1_colistin_v2,0.0,0,244306,172.4
skills,gepa,ale,ale,4,3,1,life_sciences/tms_marrow_cell_type_annotation_instance_1,0.0,0,255848,431.6
skills,gepa,ale,ale,4,3,2,business_finance/digital_marketing_ab_test_analysis_1,0.0,0,365692,210.9
skills,gepa,ale,ale,4,3,2,business_finance/financial_stmt_reconstruction_aapl_fy2024,0.933333,0,781243,390.4
skills,gepa,ale,ale,4,3,2,business_finance/legal_ma_consistency_audit_01,0.0,0,618323,299.6
skills,gepa,ale,ale,4,3,2,computing_math/k8s_migration_1,0.458333,0,1721944,475.1
skills,gepa,ale,ale,4,3,2,computing_math/k8s_payment_api_root_cause_analysis,0.722727,0,188510,200.1
skills,gepa,ale,ale,4,3,2,health_medicine/simglucose_safe_basal_control_instance_1,0.0,0,895126,221.0
skills,gepa,ale,ale,4,3,2,legal/legal_dr_fees_01,0.24,0,1592885,601.0
skills,gepa,ale,ale,4,3,2,life_sciences/hg002_chr22_germline_variant_pipeline,0.0,0,1240675,285.1
skills,gepa,ale,ale,4,3,2,life_sciences/rgi_mcr1_colistin_v2,1.0,1,1200861,360.1
skills,gepa,ale,ale,4,3,2,life_sciences/tms_marrow_cell_type_annotation_instance_1,0.0,0,2199401,965.2
skills,gepa,ale,ale,4,3,3,business_finance/digital_marketing_ab_test_analysis_1,0.0,0,1391102,291.3
skills,gepa,ale,ale,4,3,3,business_finance/financial_stmt_reconstruction_aapl_fy2024,0.966667,0,972726,429.8
skills,gepa,ale,ale,4,3,3,business_finance/legal_ma_consistency_audit_01,0.0,0,804091,266.4
skills,gepa,ale,ale,4,3,3,computing_math/k8s_migration_1,0.479167,0,1471757,565.8
skills,gepa,ale,ale,4,3,3,computing_math/k8s_payment_api_root_cause_analysis,0.672727,0,359175,330.7
skills,gepa,ale,ale,4,3,3,health_medicine/simglucose_safe_basal_control_instance_1,0.0,0,447501,200.7
skills,gepa,ale,ale,4,3,3,legal/legal_dr_fees_01,0.0,0,1661829,601.4
skills,gepa,ale,ale,4,3,3,life_sciences/hg002_chr22_germline_variant_pipeline,0.0,0,1339715,390.8
skills,gepa,ale,ale,4,3,3,life_sciences/rgi_mcr1_colistin_v2,1.0,1,1360172,520.7
skills,gepa,ale,ale,4,3,3,life_sciences/tms_marrow_cell_type_annotation_instance_1,0.0,0,740391,775.4
skills,gepa,ale,ale,4,4,1,computing_math/cfr_game_theory_equilibrium,0.0,0,938134,698.3
skills,gepa,ale,ale,4,4,1,computing_math/ising_post_measurement_1,1.0,1,690161,1012.2
skills,gepa,ale,ale,4,4,1,computing_math/paper_reproduction_instance_1,0.785,0,1718982,414.0
skills,gepa,ale,ale,4,4,1,computing_math/recsys_cold_start_instance_1,0.5,0,1898719,571.7
skills,gepa,ale,ale,4,4,1,computing_math/synthetic_causal_structure_inference,0.140041,0,1226451,784.0
skills,gepa,ale,ale,4,4,1,engineering/aerospace_low_thrust_trajectory,0.0,0,747751,275.6
skills,gepa,ale,ale,4,4,1,health_medicine/Clinical_Variant_Annotation,0.6,0,383835,141.6
skills,gepa,ale,ale,4,4,1,health_medicine/causal_ihdp_ite_estimation_6a_v1,0.0,0,1135870,570.4
skills,gepa,ale,ale,4,4,1,health_medicine/crf_sdtm_mapping_4,0.3254,0,2188469,421.6
skills,gepa,ale,ale,4,4,1,health_medicine/epidemiology_forecast,0.0,0,1399978,648.9
skills,gepa,ale,ale,4,4,1,health_medicine/flusight_offline_hosp_forecast_2024_12_14,0.034405,0,1134599,347.0
skills,gepa,ale,ale,4,4,1,health_medicine/healthcare_bias_audit_27a_public_replication_v1,0.0,0,7211262,1550.7
skills,gepa,ale,ale,4,4,1,health_medicine/nhanes_confounder_sensitivity_analysis,0.975,0,1258465,741.9
skills,gepa,ale,ale,4,4,1,health_medicine/nsclc_radiomics_cox_signature_v1,0.0,0,1987735,2404.6
skills,gepa,ale,ale,4,4,1,life_sciences/WGS_Variant_Calling,0.4,0,1265555,347.4
skills,gepa,ale,ale,4,4,1,life_sciences/cell_translocation_analysis,0.0,0,1341125,579.0
skills,gepa,ale,ale,4,4,1,life_sciences/protein_function_annotation_instance_1,0.0,0,2400317,438.0
skills,gepa,ale,ale,4,4,1,physical_sciences/adapt_vqe_molecular_energy,1.0,1,1001353,380.7
skills,gepa,ale,ale,4,4,1,physical_sciences/climate_prediction,0.4467,0,1926290,1442.0
skills,gepa,ale,ale,4,4,1,transport_safety/fds_single_compartment_detector_reconstruction,0.0,0,1146229,419.6
skills,gepa,ale,ale,4,4,2,computing_math/cfr_game_theory_equilibrium,0.0,0,3748335,1082.9
skills,gepa,ale,ale,4,4,2,computing_math/ising_post_measurement_1,0.0,0,520910,993.9
skills,gepa,ale,ale,4,4,2,computing_math/paper_reproduction_instance_1,0.53,0,1127600,351.4
skills,gepa,ale,ale,4,4,2,computing_math/recsys_cold_start_instance_1,0.333333,0,602496,350.6
skills,gepa,ale,ale,4,4,2,computing_math/synthetic_causal_structure_inference,0.292977,0,1139046,560.5
skills,gepa,ale,ale,4,4,2,engineering/aerospace_low_thrust_trajectory,0.0,0,1619794,951.1
skills,gepa,ale,ale,4,4,2,health_medicine/Clinical_Variant_Annotation,0.4,0,386174,188.5
skills,gepa,ale,ale,4,4,2,health_medicine/causal_ihdp_ite_estimation_6a_v1,0.0,0,2754758,773.0
skills,gepa,ale,ale,4,4,2,health_medicine/crf_sdtm_mapping_4,0.488,0,3178598,558.8
skills,gepa,ale,ale,4,4,2,health_medicine/epidemiology_forecast,0.0,0,497930,296.3
skills,gepa,ale,ale,4,4,2,health_medicine/flusight_offline_hosp_forecast_2024_12_14,0.188088,0,336271,178.9
skills,gepa,ale,ale,4,4,2,health_medicine/healthcare_bias_audit_27a_public_replication_v1,0.0,0,4524304,1018.1
skills,gepa,ale,ale,4,4,2,health_medicine/nhanes_confounder_sensitivity_analysis,0.570949,0,867038,450.5
skills,gepa,ale,ale,4,4,2,health_medicine/nsclc_radiomics_cox_signature_v1,0.0,0,1124029,686.8
skills,gepa,ale,ale,4,4,2,life_sciences/WGS_Variant_Calling,0.3,0,527434,279.2
skills,gepa,ale,ale,4,4,2,life_sciences/cell_translocation_analysis,0.0,0,627825,337.7
skills,gepa,ale,ale,4,4,2,life_sciences/protein_function_annotation_instance_1,0.0,0,675156,302.1
skills,gepa,ale,ale,4,4,2,physical_sciences/adapt_vqe_molecular_energy,0.333333,0,2432033,974.0
skills,gepa,ale,ale,4,4,2,physical_sciences/climate_prediction,0.25,0,1026215,1076.0
skills,gepa,ale,ale,4,4,2,transport_safety/fds_single_compartment_detector_reconstruction,0.0,0,1842643,537.4
skills,gepa,ale,ale,4,4,3,computing_math/cfr_game_theory_equilibrium,0.0,0,1429953,647.1
skills,gepa,ale,ale,4,4,3,computing_math/ising_post_measurement_1,0.0,0,567161,885.2
skills,gepa,ale,ale,4,4,3,computing_math/paper_reproduction_instance_1,0.8,0,945478,278.0
skills,gepa,ale,ale,4,4,3,computing_math/recsys_cold_start_instance_1,0.5,0,2069159,1009.9
skills,gepa,ale,ale,4,4,3,computing_math/synthetic_causal_structure_inference,0.298544,0,879587,575.4
skills,gepa,ale,ale,4,4,3,engineering/aerospace_low_thrust_trajectory,0.0,0,703262,530.2
skills,gepa,ale,ale,4,4,3,health_medicine/Clinical_Variant_Annotation,0.8,0,424994,227.7
skills,gepa,ale,ale,4,4,3,health_medicine/causal_ihdp_ite_estimation_6a_v1,0.161086,0,1132858,627.1
skills,gepa,ale,ale,4,4,3,health_medicine/crf_sdtm_mapping_4,0.3062,0,7704835,950.7
skills,gepa,ale,ale,4,4,3,health_medicine/epidemiology_forecast,0.0,0,509492,325.0
skills,gepa,ale,ale,4,4,3,health_medicine/flusight_offline_hosp_forecast_2024_12_14,0.052709,0,515880,189.7
skills,gepa,ale,ale,4,4,3,health_medicine/healthcare_bias_audit_27a_public_replication_v1,0.0,0,1863285,847.5
skills,gepa,ale,ale,4,4,3,health_medicine/nhanes_confounder_sensitivity_analysis,0.596215,0,2787099,790.2
skills,gepa,ale,ale,4,4,3,health_medicine/nsclc_radiomics_cox_signature_v1,0.0,0,2659592,1615.6
skills,gepa,ale,ale,4,4,3,life_sciences/WGS_Variant_Calling,0.4,0,1158341,400.3
skills,gepa,ale,ale,4,4,3,life_sciences/cell_translocation_analysis,0.0,0,971324,426.6
skills,gepa,ale,ale,4,4,3,life_sciences/protein_function_annotation_instance_1,0.0,0,2133676,604.7
skills,gepa,ale,ale,4,4,3,physical_sciences/adapt_vqe_molecular_energy,0.0,0,5255085,2409.8
skills,gepa,ale,ale,4,4,3,physical_sciences/climate_prediction,0.25,0,1374549,1144.0
skills,gepa,ale,ale,4,4,3,transport_safety/fds_single_compartment_detector_reconstruction,0.0,0,752476,295.0
skills,gepa,ale,ale,4,5,1,business_finance/bpmn_supply_disruption_l3,0.0,0,0,7246.2
skills,gepa,ale,ale,4,5,1,health_medicine/healthcare_tcga_luad_survival_kras,0.0,0,930072,456.5
skills,gepa,ale,ale,4,5,1,psychology_neuro/scene2_resample,0.0,0,393703,537.1
skills,gepa,ale,ale,4,5,2,business_finance/bpmn_supply_disruption_l3,0.0,0,2603409,793.1
skills,gepa,ale,ale,4,5,2,health_medicine/healthcare_tcga_luad_survival_kras,0.0,0,5139861,5286.5
skills,gepa,ale,ale,4,5,2,psychology_neuro/scene2_resample,0.0,0,0,7252.3
skills,gepa,ale,ale,4,5,3,business_finance/bpmn_supply_disruption_l3,0.0,0,1667979,596.2
skills,gepa,ale,ale,4,5,3,health_medicine/healthcare_tcga_luad_survival_kras,0.0,0,1590124,2091.6
skills,gepa,ale,ale,4,5,3,psychology_neuro/scene2_resample,0.0,0,1216751,7247.2
skills,gepa,ale,ale,5,1,1,business_finance/digital_marketing_audience_segmentation_1,0.5861,0,931148,347.3
skills,gepa,ale,ale,5,1,1,business_finance/ff5_public_reconstruction,0.0,0,2006361,838.1
skills,gepa,ale,ale,5,1,1,business_finance/pe_screening_memo_1,0.625,0,664087,259.5
skills,gepa,ale,ale,5,1,1,computing_math/os_log_permission_guard_v1,1.0,1,357735,202.6
skills,gepa,ale,ale,5,1,1,computing_math/ranking_node_feature_parity_recovery_instance_1,0.0,0,772247,293.2
skills,gepa,ale,ale,5,1,1,education_info/homework_grading_numerical_pdes_instance_02,0.720485,0,457683,263.2
skills,gepa,ale,ale,5,1,1,engineering/abb_irb6700_asset_to_urdf_instance_1,0.5752,0,266840,258.2
skills,gepa,ale,ale,5,1,1,engineering/chisel_verilog_alignment_seq_1,0.0,0,1421476,368.1
skills,gepa,ale,ale,5,1,1,health_medicine/healthcare_variant_annotation_pipeline,1.0,1,425224,192.9
skills,gepa,ale,ale,5,1,1,health_medicine/scene3_skullstrip_qc,1.0,1,135647,158.9
skills,gepa,ale,ale,5,1,2,business_finance/digital_marketing_audience_segmentation_1,0.8458,0,376385,271.0
skills,gepa,ale,ale,5,1,2,business_finance/ff5_public_reconstruction,0.0,0,3049110,641.6
skills,gepa,ale,ale,5,1,2,business_finance/pe_screening_memo_1,0.60625,0,438933,233.3
skills,gepa,ale,ale,5,1,2,computing_math/os_log_permission_guard_v1,1.0,1,387593,156.9
skills,gepa,ale,ale,5,1,2,computing_math/ranking_node_feature_parity_recovery_instance_1,0.0,0,2567923,367.2
skills,gepa,ale,ale,5,1,2,education_info/homework_grading_numerical_pdes_instance_02,0.710485,0,1275084,257.1
skills,gepa,ale,ale,5,1,2,engineering/abb_irb6700_asset_to_urdf_instance_1,0.4741,0,138247,156.9
skills,gepa,ale,ale,5,1,2,engineering/chisel_verilog_alignment_seq_1,0.2,0,288022,177.0
skills,gepa,ale,ale,5,1,2,health_medicine/healthcare_variant_annotation_pipeline,1.0,1,357919,186.5
skills,gepa,ale,ale,5,1,2,health_medicine/scene3_skullstrip_qc,1.0,1,370114,197.9
skills,gepa,ale,ale,5,1,3,business_finance/digital_marketing_audience_segmentation_1,0.6028,0,549064,334.0
skills,gepa,ale,ale,5,1,3,business_finance/ff5_public_reconstruction,0.0,0,1274543,486.2
skills,gepa,ale,ale,5,1,3,business_finance/pe_screening_memo_1,0.6375,0,383564,196.2
skills,gepa,ale,ale,5,1,3,computing_math/os_log_permission_guard_v1,1.0,1,337489,230.1
skills,gepa,ale,ale,5,1,3,computing_math/ranking_node_feature_parity_recovery_instance_1,0.0,0,707403,244.6
skills,gepa,ale,ale,5,1,3,education_info/homework_grading_numerical_pdes_instance_02,0.653818,0,259472,230.1
skills,gepa,ale,ale,5,1,3,engineering/abb_irb6700_asset_to_urdf_instance_1,0.4741,0,250273,170.0
skills,gepa,ale,ale,5,1,3,engineering/chisel_verilog_alignment_seq_1,0.2,0,428339,190.0
skills,gepa,ale,ale,5,1,3,health_medicine/healthcare_variant_annotation_pipeline,1.0,1,242565,164.2
skills,gepa,ale,ale,5,1,3,health_medicine/scene3_skullstrip_qc,1.0,1,317314,135.9
skills,gepa,ale,ale,5,2,1,business_finance/basel_operational_risk_bia_cn,0.0,0,493662,200.9
skills,gepa,ale,ale,5,2,1,computing_math/k3_abelian_extensions,0.0,0,2301009,760.9
skills,gepa,ale,ale,5,2,1,education_info/moodle_gradebook_closeout_reconciliation,0.0,0,1316203,388.8
skills,gepa,ale,ale,5,2,1,engineering/openroad_sky130_ibex_pnr_signoff,0.0,0,860516,295.7
skills,gepa,ale,ale,5,2,1,engineering/power_10kv_feeder_reliability_001,0.0,0,1452750,365.9
skills,gepa,ale,ale,5,2,1,health_medicine/public_health_mask_mandate_ratio,0.333333,0,2897799,1321.7
skills,gepa,ale,ale,5,2,1,legal/agora_governance_classify_instance_1,0.624257,0,743299,220.9
skills,gepa,ale,ale,5,2,2,business_finance/basel_operational_risk_bia_cn,0.0,0,555111,220.9
skills,gepa,ale,ale,5,2,2,computing_math/k3_abelian_extensions,1.0,1,1328357,490.9
skills,gepa,ale,ale,5,2,2,education_info/moodle_gradebook_closeout_reconciliation,0.0,0,1930200,424.4
skills,gepa,ale,ale,5,2,2,engineering/openroad_sky130_ibex_pnr_signoff,0.0,0,647185,211.7
skills,gepa,ale,ale,5,2,2,engineering/power_10kv_feeder_reliability_001,0.00076,0,752016,176.0
skills,gepa,ale,ale,5,2,2,health_medicine/public_health_mask_mandate_ratio,0.333333,0,3415156,1776.5
skills,gepa,ale,ale,5,2,2,legal/agora_governance_classify_instance_1,0.066667,0,846970,256.5
skills,gepa,ale,ale,5,2,3,business_finance/basel_operational_risk_bia_cn,0.0,0,1206546,344.5
skills,gepa,ale,ale,5,2,3,computing_math/k3_abelian_extensions,0.0,0,991779,494.5
skills,gepa,ale,ale,5,2,3,education_info/moodle_gradebook_closeout_reconciliation,0.0,0,2005552,443.0
skills,gepa,ale,ale,5,2,3,engineering/openroad_sky130_ibex_pnr_signoff,0.0,0,505330,159.6
skills,gepa,ale,ale,5,2,3,engineering/power_10kv_feeder_reliability_001,0.0,0,1183663,319.5
skills,gepa,ale,ale,5,2,3,health_medicine/public_health_mask_mandate_ratio,0.333333,0,3059445,834.5
skills,gepa,ale,ale,5,2,3,legal/agora_governance_classify_instance_1,0.571746,0,675712,334.7
skills,gepa,ale,ale,5,3,1,business_finance/digital_marketing_ab_test_analysis_1,0.0,0,555789,237.2
skills,gepa,ale,ale,5,3,1,business_finance/financial_stmt_reconstruction_aapl_fy2024,1.0,1,800701,327.7
skills,gepa,ale,ale,5,3,1,business_finance/legal_ma_consistency_audit_01,0.0,0,730304,316.6
skills,gepa,ale,ale,5,3,1,computing_math/k8s_migration_1,0.458333,0,705444,282.4
skills,gepa,ale,ale,5,3,1,computing_math/k8s_payment_api_root_cause_analysis,0.655,0,187395,287.0
skills,gepa,ale,ale,5,3,1,health_medicine/simglucose_safe_basal_control_instance_1,0.0,0,1609742,836.4
skills,gepa,ale,ale,5,3,1,legal/legal_dr_fees_01,0.0,0,1245304,377.1
skills,gepa,ale,ale,5,3,1,life_sciences/hg002_chr22_germline_variant_pipeline,0.0,0,1543508,382.3
skills,gepa,ale,ale,5,3,1,life_sciences/rgi_mcr1_colistin_v2,1.0,1,1108152,311.4
skills,gepa,ale,ale,5,3,1,life_sciences/tms_marrow_cell_type_annotation_instance_1,0.0,0,1143001,666.0
skills,gepa,ale,ale,5,3,2,business_finance/digital_marketing_ab_test_analysis_1,0.0,0,1421100,284.1
skills,gepa,ale,ale,5,3,2,business_finance/financial_stmt_reconstruction_aapl_fy2024,1.0,1,1154259,386.6
skills,gepa,ale,ale,5,3,2,business_finance/legal_ma_consistency_audit_01,0.0,0,1450494,376.6
skills,gepa,ale,ale,5,3,2,computing_math/k8s_migration_1,0.525,0,1391118,279.2
skills,gepa,ale,ale,5,3,2,computing_math/k8s_payment_api_root_cause_analysis,0.588889,0,321391,274.8
skills,gepa,ale,ale,5,3,2,health_medicine/simglucose_safe_basal_control_instance_1,0.0,0,740753,351.0
skills,gepa,ale,ale,5,3,2,legal/legal_dr_fees_01,0.8,0,865427,389.2
skills,gepa,ale,ale,5,3,2,life_sciences/hg002_chr22_germline_variant_pipeline,0.0,0,2019749,455.0
skills,gepa,ale,ale,5,3,2,life_sciences/rgi_mcr1_colistin_v2,0.0,0,820522,311.0
skills,gepa,ale,ale,5,3,2,life_sciences/tms_marrow_cell_type_annotation_instance_1,0.0,0,346878,650.6
skills,gepa,ale,ale,5,3,3,business_finance/digital_marketing_ab_test_analysis_1,0.0,0,732955,215.6
skills,gepa,ale,ale,5,3,3,business_finance/financial_stmt_reconstruction_aapl_fy2024,1.0,1,1718693,439.7
skills,gepa,ale,ale,5,3,3,business_finance/legal_ma_consistency_audit_01,0.0,0,1342896,289.7
skills,gepa,ale,ale,5,3,3,computing_math/k8s_migration_1,0.679167,0,1247100,269.1
skills,gepa,ale,ale,5,3,3,computing_math/k8s_payment_api_root_cause_analysis,0.647727,0,347059,164.0
skills,gepa,ale,ale,5,3,3,health_medicine/simglucose_safe_basal_control_instance_1,0.0,0,851031,180.6
skills,gepa,ale,ale,5,3,3,legal/legal_dr_fees_01,0.0,0,959115,489.7
skills,gepa,ale,ale,5,3,3,life_sciences/hg002_chr22_germline_variant_pipeline,0.0,0,1080074,313.6
skills,gepa,ale,ale,5,3,3,life_sciences/rgi_mcr1_colistin_v2,0.0,0,2216199,584.4
skills,gepa,ale,ale,5,3,3,life_sciences/tms_marrow_cell_type_annotation_instance_1,0.0,0,840642,379.7
skills,gepa,ale,ale,5,4,1,computing_math/cfr_game_theory_equilibrium,0.33,0,2153259,838.0
skills,gepa,ale,ale,5,4,1,computing_math/ising_post_measurement_1,0.0,0,557140,307.1
skills,gepa,ale,ale,5,4,1,computing_math/paper_reproduction_instance_1,0.785,0,903068,260.5
skills,gepa,ale,ale,5,4,1,computing_math/recsys_cold_start_instance_1,0.5,0,2131060,553.6
skills,gepa,ale,ale,5,4,1,computing_math/synthetic_causal_structure_inference,0.140041,0,887973,358.9
skills,gepa,ale,ale,5,4,1,engineering/aerospace_low_thrust_trajectory,0.0,0,1536150,514.2
skills,gepa,ale,ale,5,4,1,health_medicine/Clinical_Variant_Annotation,0.2,0,1988680,508.7
skills,gepa,ale,ale,5,4,1,health_medicine/causal_ihdp_ite_estimation_6a_v1,0.142351,0,1189039,681.8
skills,gepa,ale,ale,5,4,1,health_medicine/crf_sdtm_mapping_4,0.4809,0,1036805,255.4
skills,gepa,ale,ale,5,4,1,health_medicine/epidemiology_forecast,0.0,0,4191205,763.3
skills,gepa,ale,ale,5,4,1,health_medicine/flusight_offline_hosp_forecast_2024_12_14,0.373678,0,884106,252.0
skills,gepa,ale,ale,5,4,1,health_medicine/healthcare_bias_audit_27a_public_replication_v1,0.0,0,4084869,1614.6
skills,gepa,ale,ale,5,4,1,health_medicine/nhanes_confounder_sensitivity_analysis,0.610817,0,718181,281.7
skills,gepa,ale,ale,5,4,1,health_medicine/nsclc_radiomics_cox_signature_v1,0.0,0,2505355,842.0
skills,gepa,ale,ale,5,4,1,life_sciences/WGS_Variant_Calling,0.4,0,693449,329.1
skills,gepa,ale,ale,5,4,1,life_sciences/cell_translocation_analysis,0.0,0,921538,471.8
skills,gepa,ale,ale,5,4,1,life_sciences/protein_function_annotation_instance_1,0.0,0,621405,369.0
skills,gepa,ale,ale,5,4,1,physical_sciences/adapt_vqe_molecular_energy,0.0,0,1907539,505.5
skills,gepa,ale,ale,5,4,1,physical_sciences/climate_prediction,0.4462,0,1582281,1255.0
skills,gepa,ale,ale,5,4,1,transport_safety/fds_single_compartment_detector_reconstruction,0.0,0,4080683,637.8
skills,gepa,ale,ale,5,4,2,computing_math/cfr_game_theory_equilibrium,0.0,0,904645,655.9
skills,gepa,ale,ale,5,4,2,computing_math/ising_post_measurement_1,1.0,1,668440,384.9
skills,gepa,ale,ale,5,4,2,computing_math/paper_reproduction_instance_1,0.785,0,609055,231.9
skills,gepa,ale,ale,5,4,2,computing_math/recsys_cold_start_instance_1,0.333333,0,3807850,1355.6
skills,gepa,ale,ale,5,4,2,computing_math/synthetic_causal_structure_inference,0.246495,0,1031520,302.6
skills,gepa,ale,ale,5,4,2,engineering/aerospace_low_thrust_trajectory,0.0,0,776515,303.1
skills,gepa,ale,ale,5,4,2,health_medicine/Clinical_Variant_Annotation,0.6,0,641775,263.1
skills,gepa,ale,ale,5,4,2,health_medicine/causal_ihdp_ite_estimation_6a_v1,0.146437,0,753975,520.7
skills,gepa,ale,ale,5,4,2,health_medicine/crf_sdtm_mapping_4,0.3971,0,1130413,279.9
skills,gepa,ale,ale,5,4,2,health_medicine/epidemiology_forecast,0.0,0,425005,291.5
skills,gepa,ale,ale,5,4,2,health_medicine/flusight_offline_hosp_forecast_2024_12_14,0.0,0,489690,193.1
skills,gepa,ale,ale,5,4,2,health_medicine/healthcare_bias_audit_27a_public_replication_v1,0.0,0,8339128,2258.3
skills,gepa,ale,ale,5,4,2,health_medicine/nhanes_confounder_sensitivity_analysis,0.596875,0,572654,260.4
skills,gepa,ale,ale,5,4,2,health_medicine/nsclc_radiomics_cox_signature_v1,0.0,0,1617196,1055.9
skills,gepa,ale,ale,5,4,2,life_sciences/WGS_Variant_Calling,0.4,0,556980,263.8
skills,gepa,ale,ale,5,4,2,life_sciences/cell_translocation_analysis,0.0,0,1003293,510.3
skills,gepa,ale,ale,5,4,2,life_sciences/protein_function_annotation_instance_1,0.0,0,1048232,324.7
skills,gepa,ale,ale,5,4,2,physical_sciences/adapt_vqe_molecular_energy,1.0,1,1108263,510.5
skills,gepa,ale,ale,5,4,2,physical_sciences/climate_prediction,0.4484,0,902597,1111.8
skills,gepa,ale,ale,5,4,2,transport_safety/fds_single_compartment_detector_reconstruction,0.0,0,717326,280.7
skills,gepa,ale,ale,5,4,3,computing_math/cfr_game_theory_equilibrium,0.0,0,2577044,831.8
skills,gepa,ale,ale,5,4,3,computing_math/ising_post_measurement_1,0.0,0,747630,436.5
skills,gepa,ale,ale,5,4,3,computing_math/paper_reproduction_instance_1,0.8,0,1045421,294.7
skills,gepa,ale,ale,5,4,3,computing_math/recsys_cold_start_instance_1,0.333333,0,1130080,507.1
skills,gepa,ale,ale,5,4,3,computing_math/synthetic_causal_structure_inference,0.349003,0,859382,561.5
skills,gepa,ale,ale,5,4,3,engineering/aerospace_low_thrust_trajectory,0.0,0,1207803,438.2
skills,gepa,ale,ale,5,4,3,health_medicine/Clinical_Variant_Annotation,0.4,0,338214,175.6
skills,gepa,ale,ale,5,4,3,health_medicine/causal_ihdp_ite_estimation_6a_v1,0.142351,0,1791865,726.7
skills,gepa,ale,ale,5,4,3,health_medicine/crf_sdtm_mapping_4,0.0598,0,1948557,425.2
skills,gepa,ale,ale,5,4,3,health_medicine/epidemiology_forecast,0.0,0,751521,384.5
skills,gepa,ale,ale,5,4,3,health_medicine/flusight_offline_hosp_forecast_2024_12_14,0.195459,0,790660,212.5
skills,gepa,ale,ale,5,4,3,health_medicine/healthcare_bias_audit_27a_public_replication_v1,0.0,0,6100339,972.1
skills,gepa,ale,ale,5,4,3,health_medicine/nhanes_confounder_sensitivity_analysis,0.537882,0,476294,268.6
skills,gepa,ale,ale,5,4,3,health_medicine/nsclc_radiomics_cox_signature_v1,0.0,0,2964414,2112.6
skills,gepa,ale,ale,5,4,3,life_sciences/WGS_Variant_Calling,0.4,0,697296,293.3
skills,gepa,ale,ale,5,4,3,life_sciences/cell_translocation_analysis,0.0,0,1109276,515.3
skills,gepa,ale,ale,5,4,3,life_sciences/protein_function_annotation_instance_1,0.0,0,1028883,498.4
skills,gepa,ale,ale,5,4,3,physical_sciences/adapt_vqe_molecular_energy,0.0,0,1841872,968.5
skills,gepa,ale,ale,5,4,3,physical_sciences/climate_prediction,0.6,0,606245,962.0
skills,gepa,ale,ale,5,4,3,transport_safety/fds_single_compartment_detector_reconstruction,0.0,0,1927467,789.6
skills,gepa,ale,ale,5,5,1,business_finance/bpmn_supply_disruption_l3,0.0,0,1393294,385.1
skills,gepa,ale,ale,5,5,1,health_medicine/healthcare_tcga_luad_survival_kras,0.0,0,558958,909.2
skills,gepa,ale,ale,5,5,1,psychology_neuro/scene2_resample,0.0,0,454594,322.0
skills,gepa,ale,ale,5,5,2,business_finance/bpmn_supply_disruption_l3,0.0,0,1985186,720.8
skills,gepa,ale,ale,5,5,2,health_medicine/healthcare_tcga_luad_survival_kras,0.0,0,1109168,1785.9
skills,gepa,ale,ale,5,5,2,psychology_neuro/scene2_resample,0.0,0,541933,472.8
skills,gepa,ale,ale,5,5,3,business_finance/bpmn_supply_disruption_l3,0.7538,0,2855815,846.4
skills,gepa,ale,ale,5,5,3,health_medicine/healthcare_tcga_luad_survival_kras,0.0,0,1137045,877.0
skills,gepa,ale,ale,5,5,3,psychology_neuro/scene2_resample,0.0,0,889404,578.5
skills,gepa,ale,ale,5,6,1,business_finance/sec_10k_financial_parsing,0.3714,0,0,7291.0
skills,gepa,ale,ale,5,6,1,computing_math/branch_bound_atsp,0.625,0,1088864,971.2
skills,gepa,ale,ale,5,6,1,computing_math/cp_test_gen_1,0.7,0,351443,319.0
skills,gepa,ale,ale,5,6,1,computing_math/particle_filter_nonlinear_tracking,0.0,0,680846,281.5
skills,gepa,ale,ale,5,6,1,health_medicine/healthcare_sap_group_sequential_nsclc,0.0,0,987986,1709.1
skills,gepa,ale,ale,5,6,1,health_medicine/obermeyer_bias_reproduction,0.0,0,446343,256.2
skills,gepa,ale,ale,5,6,1,health_medicine/prostate_imrt_matrad_reproduction,0.0,0,5411217,844.9
skills,gepa,ale,ale,5,6,1,health_medicine/wsi_tumor_localization_1,0.0,0,685247,1266.6
skills,gepa,ale,ale,5,6,1,life_sciences/amber_three_stage_mmgbsa_workflow_instance_1,0.0,0,844413,821.0
skills,gepa,ale,ale,5,6,1,life_sciences/genomic_interval_processing_1,0.15,0,451302,155.2
skills,gepa,ale,ale,5,6,1,life_sciences/pseudotime_de,1.0,1,3057438,5137.1
skills,gepa,ale,ale,5,6,1,physical_sciences/computational_materials_science,0.0,0,1077822,735.9
skills,gepa,ale,ale,5,6,1,physical_sciences/exact_diag_heisenberg_j1j2,0.0,0,2247051,772.9
skills,gepa,ale,ale,5,6,1,physical_sciences/gillespie_gene_regulatory_network,0.56,0,1550262,559.9
skills,gepa,ale,ale,5,6,1,physical_sciences/hst_acs_wfc_visit_reduction,0.0,0,3107053,1009.6
skills,gepa,ale,ale,5,6,1,physical_sciences/mose2_bse_absorption_soc,0.0,0,206052,185.9
skills,gepa,ale,ale,5,6,1,physical_sciences/silicon_bse_absorption,0.0,0,415383,310.9
skills,gepa,ale,ale,5,6,1,transport_safety/abm_hangzhou_metro,0.0,0,2042179,1142.6
skills,gepa,ale,ale,5,6,2,business_finance/sec_10k_financial_parsing,0.0,0,2084471,915.9
skills,gepa,ale,ale,5,6,2,computing_math/branch_bound_atsp,0.0,0,652753,1733.9
skills,gepa,ale,ale,5,6,2,computing_math/cp_test_gen_1,0.1,0,1827262,624.3
skills,gepa,ale,ale,5,6,2,computing_math/particle_filter_nonlinear_tracking,0.0,0,697924,386.3
skills,gepa,ale,ale,5,6,2,health_medicine/healthcare_sap_group_sequential_nsclc,0.0,0,1120578,757.1
skills,gepa,ale,ale,5,6,2,health_medicine/obermeyer_bias_reproduction,0.0,0,497645,232.0
skills,gepa,ale,ale,5,6,2,health_medicine/prostate_imrt_matrad_reproduction,0.0,0,17301078,1489.2
skills,gepa,ale,ale,5,6,2,health_medicine/wsi_tumor_localization_1,0.0,0,385239,180.7
skills,gepa,ale,ale,5,6,2,life_sciences/amber_three_stage_mmgbsa_workflow_instance_1,0.0,0,1231615,656.3
skills,gepa,ale,ale,5,6,2,life_sciences/genomic_interval_processing_1,0.25,0,408873,237.6
skills,gepa,ale,ale,5,6,2,life_sciences/pseudotime_de,0.0,0,480619,250.4
skills,gepa,ale,ale,5,6,2,physical_sciences/computational_materials_science,0.0,0,944107,435.7
skills,gepa,ale,ale,5,6,2,physical_sciences/exact_diag_heisenberg_j1j2,1.0,1,1224307,1505.9
skills,gepa,ale,ale,5,6,2,physical_sciences/gillespie_gene_regulatory_network,0.57,0,1749290,746.9
skills,gepa,ale,ale,5,6,2,physical_sciences/hst_acs_wfc_visit_reduction,0.0,0,919954,394.0
skills,gepa,ale,ale,5,6,2,physical_sciences/mose2_bse_absorption_soc,0.0,0,2535359,769.6
skills,gepa,ale,ale,5,6,2,physical_sciences/silicon_bse_absorption,0.0,0,238418,190.7
skills,gepa,ale,ale,5,6,2,transport_safety/abm_hangzhou_metro,0.0,0,1009805,749.2
skills,gepa,ale,ale,5,6,3,business_finance/sec_10k_financial_parsing,0.15,0,1539460,895.9
skills,gepa,ale,ale,5,6,3,computing_math/branch_bound_atsp,0.9,0,4353389,1450.3
skills,gepa,ale,ale,5,6,3,computing_math/cp_test_gen_1,0.6,0,770008,510.4
skills,gepa,ale,ale,5,6,3,computing_math/particle_filter_nonlinear_tracking,0.0,0,680062,524.5
skills,gepa,ale,ale,5,6,3,health_medicine/healthcare_sap_group_sequential_nsclc,0.35,0,2404357,835.4
skills,gepa,ale,ale,5,6,3,health_medicine/obermeyer_bias_reproduction,0.0,0,780132,755.6
skills,gepa,ale,ale,5,6,3,health_medicine/prostate_imrt_matrad_reproduction,0.0,0,6539240,1045.7
skills,gepa,ale,ale,5,6,3,health_medicine/wsi_tumor_localization_1,0.0,0,573363,309.8
skills,gepa,ale,ale,5,6,3,life_sciences/amber_three_stage_mmgbsa_workflow_instance_1,0.0,0,838253,331.2
skills,gepa,ale,ale,5,6,3,life_sciences/genomic_interval_processing_1,0.15,0,706554,263.4
skills,gepa,ale,ale,5,6,3,life_sciences/pseudotime_de,0.0,0,2749429,2150.5
skills,gepa,ale,ale,5,6,3,physical_sciences/computational_materials_science,0.0,0,2467479,455.8
skills,gepa,ale,ale,5,6,3,physical_sciences/exact_diag_heisenberg_j1j2,0.666667,0,1803449,3406.1
skills,gepa,ale,ale,5,6,3,physical_sciences/gillespie_gene_regulatory_network,0.79,0,1264696,630.5
skills,gepa,ale,ale,5,6,3,physical_sciences/hst_acs_wfc_visit_reduction,0.0,0,1029725,645.1
skills,gepa,ale,ale,5,6,3,physical_sciences/mose2_bse_absorption_soc,0.0,0,769065,465.6
skills,gepa,ale,ale,5,6,3,physical_sciences/silicon_bse_absorption,0.0,0,458482,535.7
skills,gepa,ale,ale,5,6,3,transport_safety/abm_hangzhou_metro,0.0,0,1320174,1094.5
skills,gepa,ale,ale,6,1,1,business_finance/digital_marketing_audience_segmentation_1,0.7162,0,625162,288.0
skills,gepa,ale,ale,6,1,1,business_finance/ff5_public_reconstruction,0.0,0,1324376,222.3
skills,gepa,ale,ale,6,1,1,business_finance/pe_screening_memo_1,0.7,0,322009,170.0
skills,gepa,ale,ale,6,1,1,computing_math/os_log_permission_guard_v1,1.0,1,222694,142.6
skills,gepa,ale,ale,6,1,1,computing_math/ranking_node_feature_parity_recovery_instance_1,0.0,0,612204,238.1
skills,gepa,ale,ale,6,1,1,education_info/homework_grading_numerical_pdes_instance_02,0.692,0,1799432,413.2
skills,gepa,ale,ale,6,1,1,engineering/abb_irb6700_asset_to_urdf_instance_1,0.4741,0,156829,162.9
skills,gepa,ale,ale,6,1,1,engineering/chisel_verilog_alignment_seq_1,0.2,0,454574,162.4
skills,gepa,ale,ale,6,1,1,health_medicine/healthcare_variant_annotation_pipeline,0.999,0,1402440,292.6
skills,gepa,ale,ale,6,1,1,health_medicine/scene3_skullstrip_qc,1.0,1,133856,109.0
skills,gepa,ale,ale,6,1,2,business_finance/digital_marketing_audience_segmentation_1,0.762,0,448477,339.5
skills,gepa,ale,ale,6,1,2,business_finance/ff5_public_reconstruction,0.0,0,333812,129.2
skills,gepa,ale,ale,6,1,2,business_finance/pe_screening_memo_1,0.66875,0,195146,210.6
skills,gepa,ale,ale,6,1,2,computing_math/os_log_permission_guard_v1,1.0,1,533346,230.1
skills,gepa,ale,ale,6,1,2,computing_math/ranking_node_feature_parity_recovery_instance_1,0.0,0,671518,239.8
skills,gepa,ale,ale,6,1,2,education_info/homework_grading_numerical_pdes_instance_02,0.716485,0,1187817,400.1
skills,gepa,ale,ale,6,1,2,engineering/abb_irb6700_asset_to_urdf_instance_1,0.4741,0,325705,230.1
skills,gepa,ale,ale,6,1,2,engineering/chisel_verilog_alignment_seq_1,0.2,0,611600,220.0
skills,gepa,ale,ale,6,1,2,health_medicine/healthcare_variant_annotation_pipeline,0.999,0,2355912,565.1
skills,gepa,ale,ale,6,1,2,health_medicine/scene3_skullstrip_qc,1.0,1,173036,150.8
skills,gepa,ale,ale,6,1,3,business_finance/digital_marketing_audience_segmentation_1,0.9042,0,416950,334.7
skills,gepa,ale,ale,6,1,3,business_finance/ff5_public_reconstruction,0.0,0,1259022,658.1
skills,gepa,ale,ale,6,1,3,business_finance/pe_screening_memo_1,0.61875,0,433638,346.5
skills,gepa,ale,ale,6,1,3,computing_math/os_log_permission_guard_v1,1.0,1,228267,160.2
skills,gepa,ale,ale,6,1,3,computing_math/ranking_node_feature_parity_recovery_instance_1,0.0,0,1373251,459.9
skills,gepa,ale,ale,6,1,3,education_info/homework_grading_numerical_pdes_instance_02,0.736485,0,500900,220.4
skills,gepa,ale,ale,6,1,3,engineering/abb_irb6700_asset_to_urdf_instance_1,0.5752,0,586599,210.0
skills,gepa,ale,ale,6,1,3,engineering/chisel_verilog_alignment_seq_1,0.2,0,583123,220.2
skills,gepa,ale,ale,6,1,3,health_medicine/healthcare_variant_annotation_pipeline,0.794,0,1637281,310.3
skills,gepa,ale,ale,6,1,3,health_medicine/scene3_skullstrip_qc,1.0,1,173000,121.2
skills,gepa,ale,ale,6,2,1,business_finance/basel_operational_risk_bia_cn,0.0,0,968497,360.3
skills,gepa,ale,ale,6,2,1,computing_math/k3_abelian_extensions,0.0,0,1002334,475.4
skills,gepa,ale,ale,6,2,1,education_info/moodle_gradebook_closeout_reconciliation,0.0,0,2302448,281.4
skills,gepa,ale,ale,6,2,1,engineering/openroad_sky130_ibex_pnr_signoff,0.0,0,1015994,260.7
skills,gepa,ale,ale,6,2,1,engineering/power_10kv_feeder_reliability_001,0.0,0,1972333,290.1
skills,gepa,ale,ale,6,2,1,health_medicine/public_health_mask_mandate_ratio,0.333333,0,1990446,1175.4
skills,gepa,ale,ale,6,2,1,legal/agora_governance_classify_instance_1,0.45619,0,593160,300.1
skills,gepa,ale,ale,6,2,2,business_finance/basel_operational_risk_bia_cn,0.0,0,512425,270.2
skills,gepa,ale,ale,6,2,2,computing_math/k3_abelian_extensions,0.0,0,506348,468.4
skills,gepa,ale,ale,6,2,2,education_info/moodle_gradebook_closeout_reconciliation,0.0,0,2238494,583.3
skills,gepa,ale,ale,6,2,2,engineering/openroad_sky130_ibex_pnr_signoff,0.0,0,640585,235.5
skills,gepa,ale,ale,6,2,2,engineering/power_10kv_feeder_reliability_001,0.001548,0,1284014,250.5
skills,gepa,ale,ale,6,2,2,health_medicine/public_health_mask_mandate_ratio,0.333333,0,1371100,1075.2
skills,gepa,ale,ale,6,2,2,legal/agora_governance_classify_instance_1,0.0,0,287984,229.7
skills,gepa,ale,ale,6,2,3,business_finance/basel_operational_risk_bia_cn,0.0,0,823913,390.6
skills,gepa,ale,ale,6,2,3,computing_math/k3_abelian_extensions,0.0,0,2912068,860.1
skills,gepa,ale,ale,6,2,3,education_info/moodle_gradebook_closeout_reconciliation,0.0,0,4111889,838.3
skills,gepa,ale,ale,6,2,3,engineering/openroad_sky130_ibex_pnr_signoff,0.0,0,571433,220.4
skills,gepa,ale,ale,6,2,3,engineering/power_10kv_feeder_reliability_001,0.0,0,1676028,270.3
skills,gepa,ale,ale,6,2,3,health_medicine/public_health_mask_mandate_ratio,0.0,0,4030597,2265.4
skills,gepa,ale,ale,6,2,3,legal/agora_governance_classify_instance_1,0.345462,0,692685,289.7
skills,gepa,ale,ale,6,3,1,business_finance/digital_marketing_ab_test_analysis_1,1.0,1,676237,200.1
skills,gepa,ale,ale,6,3,1,business_finance/financial_stmt_reconstruction_aapl_fy2024,0.966667,0,1142256,315.0
skills,gepa,ale,ale,6,3,1,business_finance/legal_ma_consistency_audit_01,0.0,0,98233,141.3
skills,gepa,ale,ale,6,3,1,computing_math/k8s_migration_1,0.5,0,1023088,255.2
skills,gepa,ale,ale,6,3,1,computing_math/k8s_payment_api_root_cause_analysis,0.772727,0,346634,166.3
skills,gepa,ale,ale,6,3,1,health_medicine/simglucose_safe_basal_control_instance_1,0.0,0,758915,251.3
skills,gepa,ale,ale,6,3,1,legal/legal_dr_fees_01,0.0,0,445745,245.0
skills,gepa,ale,ale,6,3,1,life_sciences/hg002_chr22_germline_variant_pipeline,0.0,0,920978,289.3
skills,gepa,ale,ale,6,3,1,life_sciences/rgi_mcr1_colistin_v2,0.625,0,0,465.4
skills,gepa,ale,ale,6,3,1,life_sciences/tms_marrow_cell_type_annotation_instance_1,0.0,0,868600,541.7
skills,gepa,ale,ale,6,3,2,business_finance/digital_marketing_ab_test_analysis_1,1.0,1,1416741,551.1
skills,gepa,ale,ale,6,3,2,business_finance/financial_stmt_reconstruction_aapl_fy2024,1.0,1,274943,276.9
skills,gepa,ale,ale,6,3,2,business_finance/legal_ma_consistency_audit_01,0.0,0,3070988,822.4
skills,gepa,ale,ale,6,3,2,computing_math/k8s_migration_1,0.679167,0,592627,271.2
skills,gepa,ale,ale,6,3,2,computing_math/k8s_payment_api_root_cause_analysis,0.672727,0,111699,257.8
skills,gepa,ale,ale,6,3,2,health_medicine/simglucose_safe_basal_control_instance_1,0.0,0,726651,196.7
skills,gepa,ale,ale,6,3,2,legal/legal_dr_fees_01,0.0,0,469007,307.0
skills,gepa,ale,ale,6,3,2,life_sciences/hg002_chr22_germline_variant_pipeline,0.0,0,1800696,472.9
skills,gepa,ale,ale,6,3,2,life_sciences/rgi_mcr1_colistin_v2,1.0,1,780969,302.2
skills,gepa,ale,ale,6,3,2,life_sciences/tms_marrow_cell_type_annotation_instance_1,0.0,0,1149979,758.7
skills,gepa,ale,ale,6,3,3,business_finance/digital_marketing_ab_test_analysis_1,0.0,0,375503,230.4
skills,gepa,ale,ale,6,3,3,business_finance/financial_stmt_reconstruction_aapl_fy2024,1.0,1,865623,364.7
skills,gepa,ale,ale,6,3,3,business_finance/legal_ma_consistency_audit_01,0.0,0,1149460,500.0
skills,gepa,ale,ale,6,3,3,computing_math/k8s_migration_1,0.7,0,1696430,630.5
skills,gepa,ale,ale,6,3,3,computing_math/k8s_payment_api_root_cause_analysis,0.705,0,152755,229.2
skills,gepa,ale,ale,6,3,3,health_medicine/simglucose_safe_basal_control_instance_1,0.0,0,3291897,539.9
skills,gepa,ale,ale,6,3,3,legal/legal_dr_fees_01,0.0,0,943935,579.2
skills,gepa,ale,ale,6,3,3,life_sciences/hg002_chr22_germline_variant_pipeline,0.0,0,1481102,515.9
skills,gepa,ale,ale,6,3,3,life_sciences/rgi_mcr1_colistin_v2,0.875,0,1750528,615.8
skills,gepa,ale,ale,6,3,3,life_sciences/tms_marrow_cell_type_annotation_instance_1,0.0,0,702290,490.2
skills,gepa,ale,ale,6,4,1,computing_math/cfr_game_theory_equilibrium,0.0,0,1295421,581.6
skills,gepa,ale,ale,6,4,1,computing_math/ising_post_measurement_1,1.0,1,569630,306.3
skills,gepa,ale,ale,6,4,1,computing_math/paper_reproduction_instance_1,0.785,0,831098,695.2
skills,gepa,ale,ale,6,4,1,computing_math/recsys_cold_start_instance_1,0.333333,0,2072370,1033.5
skills,gepa,ale,ale,6,4,1,computing_math/synthetic_causal_structure_inference,0.338045,0,1098277,609.3
skills,gepa,ale,ale,6,4,1,engineering/aerospace_low_thrust_trajectory,0.0,0,642035,276.6
skills,gepa,ale,ale,6,4,1,health_medicine/Clinical_Variant_Annotation,0.6,0,315954,150.7
skills,gepa,ale,ale,6,4,1,health_medicine/causal_ihdp_ite_estimation_6a_v1,0.0,0,1490392,459.6
skills,gepa,ale,ale,6,4,1,health_medicine/crf_sdtm_mapping_4,0.4545,0,1093654,364.8
skills,gepa,ale,ale,6,4,1,health_medicine/epidemiology_forecast,0.0,0,514846,332.6
skills,gepa,ale,ale,6,4,1,health_medicine/flusight_offline_hosp_forecast_2024_12_14,0.052637,0,896255,168.2
skills,gepa,ale,ale,6,4,1,health_medicine/healthcare_bias_audit_27a_public_replication_v1,0.0,0,3932451,784.0
skills,gepa,ale,ale,6,4,1,health_medicine/nhanes_confounder_sensitivity_analysis,0.975,0,535299,277.9
skills,gepa,ale,ale,6,4,1,health_medicine/nsclc_radiomics_cox_signature_v1,0.0,0,3409194,2318.5
skills,gepa,ale,ale,6,4,1,life_sciences/WGS_Variant_Calling,0.4,0,769529,227.5
skills,gepa,ale,ale,6,4,1,life_sciences/cell_translocation_analysis,0.0,0,1448498,665.0
skills,gepa,ale,ale,6,4,1,life_sciences/protein_function_annotation_instance_1,0.0,0,914926,288.7
skills,gepa,ale,ale,6,4,1,physical_sciences/adapt_vqe_molecular_energy,0.666667,0,3205588,992.6
skills,gepa,ale,ale,6,4,1,physical_sciences/climate_prediction,0.25,0,1870876,1240.4
skills,gepa,ale,ale,6,4,1,transport_safety/fds_single_compartment_detector_reconstruction,0.0,0,944350,296.5
skills,gepa,ale,ale,6,4,2,computing_math/cfr_game_theory_equilibrium,0.0,0,3824081,1527.4
skills,gepa,ale,ale,6,4,2,computing_math/ising_post_measurement_1,1.0,1,366817,286.4
skills,gepa,ale,ale,6,4,2,computing_math/paper_reproduction_instance_1,0.785,0,891812,244.7
skills,gepa,ale,ale,6,4,2,computing_math/recsys_cold_start_instance_1,0.333333,0,875496,748.7
skills,gepa,ale,ale,6,4,2,computing_math/synthetic_causal_structure_inference,0.283595,0,744802,245.7
skills,gepa,ale,ale,6,4,2,engineering/aerospace_low_thrust_trajectory,0.0,0,1632622,644.0
skills,gepa,ale,ale,6,4,2,health_medicine/Clinical_Variant_Annotation,0.4,0,291073,165.6
skills,gepa,ale,ale,6,4,2,health_medicine/causal_ihdp_ite_estimation_6a_v1,0.0,0,2312857,816.6
skills,gepa,ale,ale,6,4,2,health_medicine/crf_sdtm_mapping_4,0.5598,0,1311713,397.1
skills,gepa,ale,ale,6,4,2,health_medicine/epidemiology_forecast,0.0,0,491168,342.9
skills,gepa,ale,ale,6,4,2,health_medicine/flusight_offline_hosp_forecast_2024_12_14,0.05199,0,595325,230.7
skills,gepa,ale,ale,6,4,2,health_medicine/healthcare_bias_audit_27a_public_replication_v1,0.0,0,3876746,783.0
skills,gepa,ale,ale,6,4,2,health_medicine/nhanes_confounder_sensitivity_analysis,0.546875,0,872802,603.3
skills,gepa,ale,ale,6,4,2,health_medicine/nsclc_radiomics_cox_signature_v1,0.0,0,1330760,658.6
skills,gepa,ale,ale,6,4,2,life_sciences/WGS_Variant_Calling,0.4,0,1784015,490.9
skills,gepa,ale,ale,6,4,2,life_sciences/cell_translocation_analysis,0.0,0,1394577,974.8
skills,gepa,ale,ale,6,4,2,life_sciences/protein_function_annotation_instance_1,0.0,0,735664,277.2
skills,gepa,ale,ale,6,4,2,physical_sciences/adapt_vqe_molecular_energy,1.0,1,1557670,1125.0
skills,gepa,ale,ale,6,4,2,physical_sciences/climate_prediction,0.15,0,2495740,1573.3
skills,gepa,ale,ale,6,4,2,transport_safety/fds_single_compartment_detector_reconstruction,0.0,0,936220,973.6
skills,gepa,ale,ale,6,4,3,computing_math/cfr_game_theory_equilibrium,0.33,0,1586125,1551.8
skills,gepa,ale,ale,6,4,3,computing_math/ising_post_measurement_1,1.0,1,306247,378.4
skills,gepa,ale,ale,6,4,3,computing_math/paper_reproduction_instance_1,0.785,0,863496,260.7
skills,gepa,ale,ale,6,4,3,computing_math/recsys_cold_start_instance_1,0.5,0,630184,544.1
skills,gepa,ale,ale,6,4,3,computing_math/synthetic_causal_structure_inference,0.364833,0,991031,598.8
skills,gepa,ale,ale,6,4,3,engineering/aerospace_low_thrust_trajectory,0.0,0,570394,297.7
skills,gepa,ale,ale,6,4,3,health_medicine/Clinical_Variant_Annotation,0.4,0,306998,205.3
skills,gepa,ale,ale,6,4,3,health_medicine/causal_ihdp_ite_estimation_6a_v1,0.0,0,1199276,584.7
skills,gepa,ale,ale,6,4,3,health_medicine/crf_sdtm_mapping_4,0.4402,0,1189616,360.8
skills,gepa,ale,ale,6,4,3,health_medicine/epidemiology_forecast,0.0,0,588419,432.1
skills,gepa,ale,ale,6,4,3,health_medicine/flusight_offline_hosp_forecast_2024_12_14,0.0,0,599185,235.4
skills,gepa,ale,ale,6,4,3,health_medicine/healthcare_bias_audit_27a_public_replication_v1,0.0,0,4798244,1073.5
skills,gepa,ale,ale,6,4,3,health_medicine/nhanes_confounder_sensitivity_analysis,0.571153,0,743707,275.3
skills,gepa,ale,ale,6,4,3,health_medicine/nsclc_radiomics_cox_signature_v1,0.0,0,1766912,2031.5
skills,gepa,ale,ale,6,4,3,life_sciences/WGS_Variant_Calling,0.4,0,377773,287.0
skills,gepa,ale,ale,6,4,3,life_sciences/cell_translocation_analysis,0.0,0,991191,626.7
skills,gepa,ale,ale,6,4,3,life_sciences/protein_function_annotation_instance_1,0.0,0,1871982,481.6
skills,gepa,ale,ale,6,4,3,physical_sciences/adapt_vqe_molecular_energy,0.666667,0,8292700,4192.9
skills,gepa,ale,ale,6,4,3,physical_sciences/climate_prediction,0.7693,0,888701,1254.1
skills,gepa,ale,ale,6,4,3,transport_safety/fds_single_compartment_detector_reconstruction,0.0,0,522483,266.9
skills,gepa,ale,ale,6,5,1,business_finance/bpmn_supply_disruption_l3,0.0,0,1509199,868.1
skills,gepa,ale,ale,6,5,1,health_medicine/healthcare_tcga_luad_survival_kras,0.0,0,464034,363.1
skills,gepa,ale,ale,6,5,1,psychology_neuro/scene2_resample,0.0,0,271492,259.1
skills,gepa,ale,ale,6,5,2,business_finance/bpmn_supply_disruption_l3,0.7005,0,1802285,436.9
skills,gepa,ale,ale,6,5,2,health_medicine/healthcare_tcga_luad_survival_kras,0.0,0,1073494,2095.8
skills,gepa,ale,ale,6,5,2,psychology_neuro/scene2_resample,0.0,0,413269,397.9
skills,gepa,ale,ale,6,5,3,business_finance/bpmn_supply_disruption_l3,0.739,0,908485,406.2
skills,gepa,ale,ale,6,5,3,health_medicine/healthcare_tcga_luad_survival_kras,0.0,0,720315,326.1
skills,gepa,ale,ale,6,5,3,psychology_neuro/scene2_resample,0.0,0,1434572,828.5
skills,gepa,ale,ale,6,6,1,business_finance/sec_10k_financial_parsing,0.0766,0,6522187,2013.3
skills,gepa,ale,ale,6,6,1,computing_math/branch_bound_atsp,0.95,0,6132872,4571.9
skills,gepa,ale,ale,6,6,1,computing_math/cp_test_gen_1,0.3,0,604090,352.8
skills,gepa,ale,ale,6,6,1,computing_math/particle_filter_nonlinear_tracking,0.5,0,1050139,570.6
skills,gepa,ale,ale,6,6,1,health_medicine/healthcare_sap_group_sequential_nsclc,0.0,0,1227687,714.0
skills,gepa,ale,ale,6,6,1,health_medicine/obermeyer_bias_reproduction,0.0,0,543229,266.8
skills,gepa,ale,ale,6,6,1,health_medicine/prostate_imrt_matrad_reproduction,0.0,0,3327562,630.7
skills,gepa,ale,ale,6,6,1,health_medicine/wsi_tumor_localization_1,0.0,0,406243,270.4
skills,gepa,ale,ale,6,6,1,life_sciences/amber_three_stage_mmgbsa_workflow_instance_1,0.0,0,475400,371.8
skills,gepa,ale,ale,6,6,1,life_sciences/genomic_interval_processing_1,0.25,0,947928,468.4
skills,gepa,ale,ale,6,6,1,life_sciences/pseudotime_de,0.0,0,3320742,1553.2
skills,gepa,ale,ale,6,6,1,physical_sciences/computational_materials_science,0.0,0,5587530,871.9
skills,gepa,ale,ale,6,6,1,physical_sciences/exact_diag_heisenberg_j1j2,0.0,0,2456511,2072.8
skills,gepa,ale,ale,6,6,1,physical_sciences/gillespie_gene_regulatory_network,0.0,0,621304,322.7
skills,gepa,ale,ale,6,6,1,physical_sciences/hst_acs_wfc_visit_reduction,0.0,0,4154005,961.0
skills,gepa,ale,ale,6,6,1,physical_sciences/mose2_bse_absorption_soc,0.0,0,1270563,598.1
skills,gepa,ale,ale,6,6,1,physical_sciences/silicon_bse_absorption,0.0,0,1443413,467.8
skills,gepa,ale,ale,6,6,1,transport_safety/abm_hangzhou_metro,0.0,0,1740407,625.5
skills,gepa,ale,ale,6,6,2,business_finance/sec_10k_financial_parsing,0.1231,0,2751556,2642.5
skills,gepa,ale,ale,6,6,2,computing_math/branch_bound_atsp,0.0,0,4088456,1395.4
skills,gepa,ale,ale,6,6,2,computing_math/cp_test_gen_1,0.8,0,271909,348.1
skills,gepa,ale,ale,6,6,2,computing_math/particle_filter_nonlinear_tracking,0.0,0,399209,526.9
skills,gepa,ale,ale,6,6,2,health_medicine/healthcare_sap_group_sequential_nsclc,0.35,0,2822139,529.8
skills,gepa,ale,ale,6,6,2,health_medicine/obermeyer_bias_reproduction,0.683225,0,1047632,563.2
skills,gepa,ale,ale,6,6,2,health_medicine/prostate_imrt_matrad_reproduction,0.0,0,5333272,956.3
skills,gepa,ale,ale,6,6,2,health_medicine/wsi_tumor_localization_1,0.0,0,806206,290.5
skills,gepa,ale,ale,6,6,2,life_sciences/amber_three_stage_mmgbsa_workflow_instance_1,0.0,0,2111943,584.8
skills,gepa,ale,ale,6,6,2,life_sciences/genomic_interval_processing_1,0.25,0,418751,198.3
skills,gepa,ale,ale,6,6,2,life_sciences/pseudotime_de,0.0,0,5942780,2581.8
skills,gepa,ale,ale,6,6,2,physical_sciences/computational_materials_science,0.0,0,2732439,1110.0
skills,gepa,ale,ale,6,6,2,physical_sciences/exact_diag_heisenberg_j1j2,0.0,0,496628,472.4
skills,gepa,ale,ale,6,6,2,physical_sciences/gillespie_gene_regulatory_network,0.0,0,5928717,903.3
skills,gepa,ale,ale,6,6,2,physical_sciences/hst_acs_wfc_visit_reduction,0.0,0,442202,246.9
skills,gepa,ale,ale,6,6,2,physical_sciences/mose2_bse_absorption_soc,0.0,0,1643789,691.0
skills,gepa,ale,ale,6,6,2,physical_sciences/silicon_bse_absorption,0.0,0,479960,612.3
skills,gepa,ale,ale,6,6,2,transport_safety/abm_hangzhou_metro,0.0,0,2265805,739.3
skills,gepa,ale,ale,6,6,3,business_finance/sec_10k_financial_parsing,0.0,0,2698785,1356.0
skills,gepa,ale,ale,6,6,3,computing_math/branch_bound_atsp,0.0,0,2169871,1946.1
skills,gepa,ale,ale,6,6,3,computing_math/cp_test_gen_1,0.4,0,612026,305.5
skills,gepa,ale,ale,6,6,3,computing_math/particle_filter_nonlinear_tracking,0.0,0,988925,591.7
skills,gepa,ale,ale,6,6,3,health_medicine/healthcare_sap_group_sequential_nsclc,0.296667,0,2273322,945.4
skills,gepa,ale,ale,6,6,3,health_medicine/obermeyer_bias_reproduction,0.711082,0,454119,423.5
skills,gepa,ale,ale,6,6,3,health_medicine/prostate_imrt_matrad_reproduction,0.0,0,5611151,822.2
skills,gepa,ale,ale,6,6,3,health_medicine/wsi_tumor_localization_1,0.0,0,1046589,279.3
skills,gepa,ale,ale,6,6,3,life_sciences/amber_three_stage_mmgbsa_workflow_instance_1,0.0,0,2440902,686.9
skills,gepa,ale,ale,6,6,3,life_sciences/genomic_interval_processing_1,0.21,0,1253901,365.4
skills,gepa,ale,ale,6,6,3,life_sciences/pseudotime_de,0.0,0,4962723,1709.5
skills,gepa,ale,ale,6,6,3,physical_sciences/computational_materials_science,0.0,0,3474630,1220.2
skills,gepa,ale,ale,6,6,3,physical_sciences/exact_diag_heisenberg_j1j2,0.666667,0,1199830,1932.4
skills,gepa,ale,ale,6,6,3,physical_sciences/gillespie_gene_regulatory_network,0.62,0,829701,462.7
skills,gepa,ale,ale,6,6,3,physical_sciences/hst_acs_wfc_visit_reduction,0.0,0,623592,284.3
skills,gepa,ale,ale,6,6,3,physical_sciences/mose2_bse_absorption_soc,0.0,0,1017220,596.7
skills,gepa,ale,ale,6,6,3,physical_sciences/silicon_bse_absorption,0.0,0,1643533,697.3
skills,gepa,ale,ale,6,6,3,transport_safety/abm_hangzhou_metro,0.0,0,2681204,779.8
skills,gepa,eog,csm,1,1,1,task_20251208_035402_755_ad5a67e3_8ca9a646,0.0,0,178369,113.4
skills,gepa,eog,csm,1,1,1,task_20251208_072220_004_99ba2325_74403162,0.4,0,190673,79.8
skills,gepa,eog,csm,1,1,1,task_20251208_102635_187_c4ad7a70_43753a9a,0.666667,0,144731,72.7
skills,gepa,eog,csm,1,1,1,task_20251208_123126_960_c4ad7a70_f974dae7,0.5,0,97269,59.3
skills,gepa,eog,csm,1,1,1,task_20251209_085836_811_a8eea1c0_6bbced3d,0.4,0,139262,89.6
skills,gepa,eog,csm,1,1,1,task_20251210_002938_761_897c3e0b_f075229a,0.888889,0,270024,129.3
skills,gepa,eog,csm,1,1,1,task_20251212_011224_384_accab84d_4ad9b557,0.6,0,188768,102.5
skills,gepa,eog,csm,1,1,1,task_20260102_031908_712_accab84d_886a7365,0.777778,0,300887,83.7
skills,gepa,eog,csm,1,1,1,task_20260102_100510_709_66392a82_3d301c18,0.8,0,369242,86.4
skills,gepa,eog,csm,1,1,1,task_20260102_162857_012_391f1eff_39478d55,0.5,0,149815,67.6
skills,gepa,eog,csm,1,1,1,task_20260106_073527_320_e6427839_e2e2ac8d,0.5,0,97061,49.6
skills,gepa,eog,csm,1,1,1,task_20260121_183027_058_1afb323a_c53cb400,0.6,0,249189,127.2
skills,gepa,eog,csm,1,1,2,task_20251208_035402_755_ad5a67e3_8ca9a646,0.0,0,104201,79.3
skills,gepa,eog,csm,1,1,2,task_20251208_072220_004_99ba2325_74403162,0.2,0,271726,106.6
skills,gepa,eog,csm,1,1,2,task_20251208_102635_187_c4ad7a70_43753a9a,0.666667,0,105428,75.8
skills,gepa,eog,csm,1,1,2,task_20251208_123126_960_c4ad7a70_f974dae7,0.5,0,105493,70.2
skills,gepa,eog,csm,1,1,2,task_20251209_085836_811_a8eea1c0_6bbced3d,0.6,0,139947,102.1
skills,gepa,eog,csm,1,1,2,task_20251210_002938_761_897c3e0b_f075229a,0.111111,0,194662,83.1
skills,gepa,eog,csm,1,1,2,task_20251212_011224_384_accab84d_4ad9b557,0.4,0,122479,78.9
skills,gepa,eog,csm,1,1,2,task_20260102_031908_712_accab84d_886a7365,0.777778,0,233749,87.1
skills,gepa,eog,csm,1,1,2,task_20260102_100510_709_66392a82_3d301c18,0.8,0,1704195,178.7
skills,gepa,eog,csm,1,1,2,task_20260102_162857_012_391f1eff_39478d55,0.5,0,109195,61.9
skills,gepa,eog,csm,1,1,2,task_20260106_073527_320_e6427839_e2e2ac8d,0.5,0,173346,101.1
skills,gepa,eog,csm,1,1,2,task_20260121_183027_058_1afb323a_c53cb400,0.6,0,125741,70.2
skills,gepa,eog,csm,1,1,3,task_20251208_035402_755_ad5a67e3_8ca9a646,0.0,0,129300,86.9
skills,gepa,eog,csm,1,1,3,task_20251208_072220_004_99ba2325_74403162,0.4,0,236902,89.9
skills,gepa,eog,csm,1,1,3,task_20251208_102635_187_c4ad7a70_43753a9a,0.666667,0,143470,91.6
skills,gepa,eog,csm,1,1,3,task_20251208_123126_960_c4ad7a70_f974dae7,0.5,0,105972,71.6
skills,gepa,eog,csm,1,1,3,task_20251209_085836_811_a8eea1c0_6bbced3d,0.8,0,193406,87.6
skills,gepa,eog,csm,1,1,3,task_20251210_002938_761_897c3e0b_f075229a,0.888889,0,273983,87.9
skills,gepa,eog,csm,1,1,3,task_20251212_011224_384_accab84d_4ad9b557,0.6,0,159250,81.9
skills,gepa,eog,csm,1,1,3,task_20260102_031908_712_accab84d_886a7365,0.777778,0,278127,105.6
skills,gepa,eog,csm,1,1,3,task_20260102_100510_709_66392a82_3d301c18,0.8,0,1719694,190.9
skills,gepa,eog,csm,1,1,3,task_20260102_162857_012_391f1eff_39478d55,0.0,0,168460,89.0
skills,gepa,eog,csm,1,1,3,task_20260106_073527_320_e6427839_e2e2ac8d,0.5,0,94110,61.0
skills,gepa,eog,csm,1,1,3,task_20260121_183027_058_1afb323a_c53cb400,0.6,0,124896,60.0
skills,gepa,eog,csm,1,2,1,task_20251126_182216_326_66392a82_d3ff64ca,1.0,1,148438,108.8
skills,gepa,eog,csm,1,2,1,task_20251201_164641_724_109c89c0_1b29acb9,0.727273,0,339402,131.2
skills,gepa,eog,csm,1,2,1,task_20251204_161024_294_46ca2862_1cc82f4c,1.0,1,258235,133.7
skills,gepa,eog,csm,1,2,1,task_20251205_194841_224_391f1eff_136bedae,0.0,0,35063,78.6
skills,gepa,eog,csm,1,2,1,task_20251210_161511_924_2aa6b0ad_1446c2b4,0.666667,0,131754,103.2
skills,gepa,eog,csm,1,2,1,task_20260101_074825_586_a8eea1c0_e596bab2,0.25,0,202015,113.0
skills,gepa,eog,csm,1,2,1,task_20260101_191529_659_a8eea1c0_27d3bf1b,0.7,0,347357,127.1
skills,gepa,eog,csm,1,2,1,task_20260102_002012_363_00364ece_a3936446,1.0,1,177474,95.1
skills,gepa,eog,csm,1,2,1,task_20260102_080409_151_d4a463c3_56c32265,0.8,0,116530,126.0
skills,gepa,eog,csm,1,2,1,task_20260106_133642_894_66392a82_3e083fa5,0.5,0,126206,92.5
skills,gepa,eog,csm,1,2,1,task_20260106_161859_265_00364ece_0e836ce8,0.5,0,288407,109.5
skills,gepa,eog,csm,1,2,1,task_20260106_185201_238_00364ece_8ab4fd80,0.333333,0,170466,102.8
skills,gepa,eog,csm,1,2,1,task_20260107_164033_273_a8eea1c0_c0de2fed,0.625,0,106889,89.0
skills,gepa,eog,csm,1,2,2,task_20251126_182216_326_66392a82_d3ff64ca,1.0,1,206381,100.8
skills,gepa,eog,csm,1,2,2,task_20251201_164641_724_109c89c0_1b29acb9,0.727273,0,352018,136.1
skills,gepa,eog,csm,1,2,2,task_20251204_161024_294_46ca2862_1cc82f4c,1.0,1,259345,129.9
skills,gepa,eog,csm,1,2,2,task_20251205_194841_224_391f1eff_136bedae,0.0,0,58176,72.6
skills,gepa,eog,csm,1,2,2,task_20251210_161511_924_2aa6b0ad_1446c2b4,0.666667,0,119911,59.7
skills,gepa,eog,csm,1,2,2,task_20260101_074825_586_a8eea1c0_e596bab2,0.625,0,130131,116.8
skills,gepa,eog,csm,1,2,2,task_20260101_191529_659_a8eea1c0_27d3bf1b,0.8,0,242360,88.5
skills,gepa,eog,csm,1,2,2,task_20260102_002012_363_00364ece_a3936446,0.8,0,168658,95.7
skills,gepa,eog,csm,1,2,2,task_20260102_080409_151_d4a463c3_56c32265,1.0,1,174089,106.5
skills,gepa,eog,csm,1,2,2,task_20260106_133642_894_66392a82_3e083fa5,0.5,0,137995,95.9
skills,gepa,eog,csm,1,2,2,task_20260106_161859_265_00364ece_0e836ce8,0.5,0,260904,105.5
skills,gepa,eog,csm,1,2,2,task_20260106_185201_238_00364ece_8ab4fd80,0.666667,0,236289,146.6
skills,gepa,eog,csm,1,2,2,task_20260107_164033_273_a8eea1c0_c0de2fed,0.625,0,165737,89.1
skills,gepa,eog,csm,1,2,3,task_20251126_182216_326_66392a82_d3ff64ca,1.0,1,140093,82.6
skills,gepa,eog,csm,1,2,3,task_20251201_164641_724_109c89c0_1b29acb9,0.727273,0,302902,91.0
skills,gepa,eog,csm,1,2,3,task_20251204_161024_294_46ca2862_1cc82f4c,1.0,1,247752,160.4
skills,gepa,eog,csm,1,2,3,task_20251205_194841_224_391f1eff_136bedae,0.0,0,36946,73.8
skills,gepa,eog,csm,1,2,3,task_20251210_161511_924_2aa6b0ad_1446c2b4,0.666667,0,118873,46.5
skills,gepa,eog,csm,1,2,3,task_20260101_074825_586_a8eea1c0_e596bab2,0.25,0,166949,71.5
skills,gepa,eog,csm,1,2,3,task_20260101_191529_659_a8eea1c0_27d3bf1b,0.8,0,233892,103.8
skills,gepa,eog,csm,1,2,3,task_20260102_002012_363_00364ece_a3936446,1.0,1,292969,170.4
skills,gepa,eog,csm,1,2,3,task_20260102_080409_151_d4a463c3_56c32265,0.8,0,137509,71.1
skills,gepa,eog,csm,1,2,3,task_20260106_133642_894_66392a82_3e083fa5,0.5,0,133421,75.0
skills,gepa,eog,csm,1,2,3,task_20260106_161859_265_00364ece_0e836ce8,0.5,0,358464,111.1
skills,gepa,eog,csm,1,2,3,task_20260106_185201_238_00364ece_8ab4fd80,0.0,0,144752,57.8
skills,gepa,eog,csm,1,2,3,task_20260107_164033_273_a8eea1c0_c0de2fed,0.625,0,111709,65.7
skills,gepa,eog,csm,2,1,1,task_20251208_035402_755_ad5a67e3_8ca9a646,0.0,0,134670,74.8
skills,gepa,eog,csm,2,1,1,task_20251208_072220_004_99ba2325_74403162,0.2,0,201256,102.4
skills,gepa,eog,csm,2,1,1,task_20251208_102635_187_c4ad7a70_43753a9a,0.666667,0,143890,90.5
skills,gepa,eog,csm,2,1,1,task_20251208_123126_960_c4ad7a70_f974dae7,0.5,0,93904,50.3
skills,gepa,eog,csm,2,1,1,task_20251209_085836_811_a8eea1c0_6bbced3d,0.8,0,307974,109.7
skills,gepa,eog,csm,2,1,1,task_20251210_002938_761_897c3e0b_f075229a,0.888889,0,217574,95.4
skills,gepa,eog,csm,2,1,1,task_20251212_011224_384_accab84d_4ad9b557,0.4,0,152011,96.7
skills,gepa,eog,csm,2,1,1,task_20260102_031908_712_accab84d_886a7365,0.777778,0,233440,87.5
skills,gepa,eog,csm,2,1,1,task_20260102_100510_709_66392a82_3d301c18,0.8,0,1877630,214.8
skills,gepa,eog,csm,2,1,1,task_20260102_162857_012_391f1eff_39478d55,0.0,0,166260,72.2
skills,gepa,eog,csm,2,1,1,task_20260106_073527_320_e6427839_e2e2ac8d,0.5,0,137792,65.4
skills,gepa,eog,csm,2,1,1,task_20260121_183027_058_1afb323a_c53cb400,0.6,0,123706,78.8
skills,gepa,eog,csm,2,1,2,task_20251208_035402_755_ad5a67e3_8ca9a646,0.0,0,119775,56.0
skills,gepa,eog,csm,2,1,2,task_20251208_072220_004_99ba2325_74403162,0.4,0,233850,79.6
skills,gepa,eog,csm,2,1,2,task_20251208_102635_187_c4ad7a70_43753a9a,0.666667,0,147841,87.5
skills,gepa,eog,csm,2,1,2,task_20251208_123126_960_c4ad7a70_f974dae7,0.5,0,105950,58.1
skills,gepa,eog,csm,2,1,2,task_20251209_085836_811_a8eea1c0_6bbced3d,0.8,0,207532,119.0
skills,gepa,eog,csm,2,1,2,task_20251210_002938_761_897c3e0b_f075229a,0.888889,0,228640,84.3
skills,gepa,eog,csm,2,1,2,task_20251212_011224_384_accab84d_4ad9b557,0.4,0,129019,79.0
skills,gepa,eog,csm,2,1,2,task_20260102_031908_712_accab84d_886a7365,0.777778,0,241755,75.6
skills,gepa,eog,csm,2,1,2,task_20260102_100510_709_66392a82_3d301c18,0.8,0,1660685,203.2
skills,gepa,eog,csm,2,1,2,task_20260102_162857_012_391f1eff_39478d55,0.0,0,112170,73.1
skills,gepa,eog,csm,2,1,2,task_20260106_073527_320_e6427839_e2e2ac8d,0.5,0,100845,74.9
skills,gepa,eog,csm,2,1,2,task_20260121_183027_058_1afb323a_c53cb400,0.6,0,161189,69.3
skills,gepa,eog,csm,2,1,3,task_20251208_035402_755_ad5a67e3_8ca9a646,0.0,0,123287,119.4
skills,gepa,eog,csm,2,1,3,task_20251208_072220_004_99ba2325_74403162,0.2,0,312330,127.4
skills,gepa,eog,csm,2,1,3,task_20251208_102635_187_c4ad7a70_43753a9a,0.666667,0,140218,66.0
skills,gepa,eog,csm,2,1,3,task_20251208_123126_960_c4ad7a70_f974dae7,0.5,0,114422,62.3
skills,gepa,eog,csm,2,1,3,task_20251209_085836_811_a8eea1c0_6bbced3d,0.2,0,181272,105.4
skills,gepa,eog,csm,2,1,3,task_20251210_002938_761_897c3e0b_f075229a,0.888889,0,235827,115.0
skills,gepa,eog,csm,2,1,3,task_20251212_011224_384_accab84d_4ad9b557,0.6,0,223746,83.3
skills,gepa,eog,csm,2,1,3,task_20260102_031908_712_accab84d_886a7365,0.777778,0,236724,96.0
skills,gepa,eog,csm,2,1,3,task_20260102_100510_709_66392a82_3d301c18,0.8,0,1573570,192.4
skills,gepa,eog,csm,2,1,3,task_20260102_162857_012_391f1eff_39478d55,0.0,0,145385,84.7
skills,gepa,eog,csm,2,1,3,task_20260106_073527_320_e6427839_e2e2ac8d,0.5,0,108250,60.8
skills,gepa,eog,csm,2,1,3,task_20260121_183027_058_1afb323a_c53cb400,0.6,0,212628,76.4
skills,gepa,eog,csm,2,2,1,task_20251126_182216_326_66392a82_d3ff64ca,1.0,1,130621,68.9
skills,gepa,eog,csm,2,2,1,task_20251201_164641_724_109c89c0_1b29acb9,0.727273,0,379450,111.4
skills,gepa,eog,csm,2,2,1,task_20251204_161024_294_46ca2862_1cc82f4c,1.0,1,224349,86.9
skills,gepa,eog,csm,2,2,1,task_20251205_194841_224_391f1eff_136bedae,0.0,0,35784,70.0
skills,gepa,eog,csm,2,2,1,task_20251210_161511_924_2aa6b0ad_1446c2b4,0.666667,0,136141,53.8
skills,gepa,eog,csm,2,2,1,task_20260101_074825_586_a8eea1c0_e596bab2,0.25,0,148557,79.5
skills,gepa,eog,csm,2,2,1,task_20260101_191529_659_a8eea1c0_27d3bf1b,0.8,0,193998,75.6
skills,gepa,eog,csm,2,2,1,task_20260102_002012_363_00364ece_a3936446,1.0,1,186271,72.9
skills,gepa,eog,csm,2,2,1,task_20260102_080409_151_d4a463c3_56c32265,0.8,0,130470,83.2
skills,gepa,eog,csm,2,2,1,task_20260106_133642_894_66392a82_3e083fa5,1.0,1,192067,86.9
skills,gepa,eog,csm,2,2,1,task_20260106_161859_265_00364ece_0e836ce8,0.5,0,303662,77.7
skills,gepa,eog,csm,2,2,1,task_20260106_185201_238_00364ece_8ab4fd80,0.333333,0,165680,71.3
skills,gepa,eog,csm,2,2,1,task_20260107_164033_273_a8eea1c0_c0de2fed,0.625,0,172880,104.3
skills,gepa,eog,csm,2,2,2,task_20251126_182216_326_66392a82_d3ff64ca,1.0,1,185218,81.3
skills,gepa,eog,csm,2,2,2,task_20251201_164641_724_109c89c0_1b29acb9,0.727273,0,309590,128.0
skills,gepa,eog,csm,2,2,2,task_20251204_161024_294_46ca2862_1cc82f4c,1.0,1,337300,159.5
skills,gepa,eog,csm,2,2,2,task_20251205_194841_224_391f1eff_136bedae,0.0,0,46933,72.4
skills,gepa,eog,csm,2,2,2,task_20251210_161511_924_2aa6b0ad_1446c2b4,0.666667,0,128380,115.1
skills,gepa,eog,csm,2,2,2,task_20260101_074825_586_a8eea1c0_e596bab2,0.25,0,254215,104.4
skills,gepa,eog,csm,2,2,2,task_20260101_191529_659_a8eea1c0_27d3bf1b,0.8,0,261244,79.6
skills,gepa,eog,csm,2,2,2,task_20260102_002012_363_00364ece_a3936446,1.0,1,259649,123.0
skills,gepa,eog,csm,2,2,2,task_20260102_080409_151_d4a463c3_56c32265,1.0,1,244182,98.5
skills,gepa,eog,csm,2,2,2,task_20260106_133642_894_66392a82_3e083fa5,1.0,1,115744,67.7
skills,gepa,eog,csm,2,2,2,task_20260106_161859_265_00364ece_0e836ce8,0.5,0,266476,97.0
skills,gepa,eog,csm,2,2,2,task_20260106_185201_238_00364ece_8ab4fd80,0.333333,0,188108,93.5
skills,gepa,eog,csm,2,2,2,task_20260107_164033_273_a8eea1c0_c0de2fed,0.875,0,106763,60.7
skills,gepa,eog,csm,2,2,3,task_20251126_182216_326_66392a82_d3ff64ca,1.0,1,133195,68.1
skills,gepa,eog,csm,2,2,3,task_20251201_164641_724_109c89c0_1b29acb9,0.727273,0,295279,101.6
skills,gepa,eog,csm,2,2,3,task_20251204_161024_294_46ca2862_1cc82f4c,1.0,1,253893,111.4
skills,gepa,eog,csm,2,2,3,task_20251205_194841_224_391f1eff_136bedae,0.0,0,47408,64.4
skills,gepa,eog,csm,2,2,3,task_20251210_161511_924_2aa6b0ad_1446c2b4,1.0,1,129863,59.3
skills,gepa,eog,csm,2,2,3,task_20260101_074825_586_a8eea1c0_e596bab2,0.25,0,173512,92.9
skills,gepa,eog,csm,2,2,3,task_20260101_191529_659_a8eea1c0_27d3bf1b,0.7,0,199920,98.9
skills,gepa,eog,csm,2,2,3,task_20260102_002012_363_00364ece_a3936446,1.0,1,200864,89.3
skills,gepa,eog,csm,2,2,3,task_20260102_080409_151_d4a463c3_56c32265,0.8,0,121601,91.0
skills,gepa,eog,csm,2,2,3,task_20260106_133642_894_66392a82_3e083fa5,0.5,0,225108,101.0
skills,gepa,eog,csm,2,2,3,task_20260106_161859_265_00364ece_0e836ce8,0.5,0,226340,135.5
skills,gepa,eog,csm,2,2,3,task_20260106_185201_238_00364ece_8ab4fd80,0.333333,0,179922,76.3
skills,gepa,eog,csm,2,2,3,task_20260107_164033_273_a8eea1c0_c0de2fed,0.875,0,144807,66.9
skills,gepa,eog,csm,2,3,1,task_20251125_152842_063_b393a327_9622ac64,0.8,0,151644,89.0
skills,gepa,eog,csm,2,3,1,task_20251202_100743_745_109c89c0_958a07c1,0.666667,0,263515,172.9
skills,gepa,eog,csm,2,3,1,task_20251205_101915_742_d4a463c3_8eac8077,0.6,0,281544,163.1
skills,gepa,eog,csm,2,3,1,task_20251210_113549_827_d4a463c3_47b48a98,0.666667,0,430750,222.7
skills,gepa,eog,csm,2,3,1,task_20251210_183114_382_99ba2325_071a72ab,1.0,1,99718,86.3
skills,gepa,eog,csm,2,3,1,task_20251212_222304_435_66392a82_815cd745,1.0,1,218717,128.5
skills,gepa,eog,csm,2,3,1,task_20260101_122222_300_ad5a67e3_3757206c,0.4,0,131118,76.3
skills,gepa,eog,csm,2,3,1,task_20260101_162109_100_a8eea1c0_e88250ef,0.888889,0,335283,125.5
skills,gepa,eog,csm,2,3,1,task_20260102_172945_725_ad5a67e3_5480e26f,0.6,0,230488,98.1
skills,gepa,eog,csm,2,3,1,task_20260106_070321_497_accab84d_6f4a8da8,1.0,1,309203,109.8
skills,gepa,eog,csm,2,3,1,task_20260106_145907_700_a8eea1c0_f5bae698,1.0,1,383162,194.4
skills,gepa,eog,csm,2,3,2,task_20251125_152842_063_b393a327_9622ac64,0.8,0,328116,109.1
skills,gepa,eog,csm,2,3,2,task_20251202_100743_745_109c89c0_958a07c1,0.666667,0,407787,239.5
skills,gepa,eog,csm,2,3,2,task_20251205_101915_742_d4a463c3_8eac8077,0.4,0,391475,227.5
skills,gepa,eog,csm,2,3,2,task_20251210_113549_827_d4a463c3_47b48a98,0.833333,0,306382,126.9
skills,gepa,eog,csm,2,3,2,task_20251210_183114_382_99ba2325_071a72ab,1.0,1,76868,54.5
skills,gepa,eog,csm,2,3,2,task_20251212_222304_435_66392a82_815cd745,0.8,0,190681,90.3
skills,gepa,eog,csm,2,3,2,task_20260101_122222_300_ad5a67e3_3757206c,0.4,0,145078,87.7
skills,gepa,eog,csm,2,3,2,task_20260101_162109_100_a8eea1c0_e88250ef,0.888889,0,331067,118.8
skills,gepa,eog,csm,2,3,2,task_20260102_172945_725_ad5a67e3_5480e26f,0.6,0,231185,108.0
skills,gepa,eog,csm,2,3,2,task_20260106_070321_497_accab84d_6f4a8da8,1.0,1,349827,116.6
skills,gepa,eog,csm,2,3,2,task_20260106_145907_700_a8eea1c0_f5bae698,1.0,1,576418,171.8
skills,gepa,eog,csm,2,3,3,task_20251125_152842_063_b393a327_9622ac64,0.8,0,169257,78.6
skills,gepa,eog,csm,2,3,3,task_20251202_100743_745_109c89c0_958a07c1,0.666667,0,205983,113.3
skills,gepa,eog,csm,2,3,3,task_20251205_101915_742_d4a463c3_8eac8077,0.2,0,263197,156.2
skills,gepa,eog,csm,2,3,3,task_20251210_113549_827_d4a463c3_47b48a98,0.666667,0,349134,138.8
skills,gepa,eog,csm,2,3,3,task_20251210_183114_382_99ba2325_071a72ab,1.0,1,88547,53.3
skills,gepa,eog,csm,2,3,3,task_20251212_222304_435_66392a82_815cd745,1.0,1,218139,82.1
skills,gepa,eog,csm,2,3,3,task_20260101_122222_300_ad5a67e3_3757206c,0.4,0,148216,93.2
skills,gepa,eog,csm,2,3,3,task_20260101_162109_100_a8eea1c0_e88250ef,0.666667,0,333694,143.5
skills,gepa,eog,csm,2,3,3,task_20260102_172945_725_ad5a67e3_5480e26f,0.6,0,245263,110.5
skills,gepa,eog,csm,2,3,3,task_20260106_070321_497_accab84d_6f4a8da8,1.0,1,402132,162.0
skills,gepa,eog,csm,2,3,3,task_20260106_145907_700_a8eea1c0_f5bae698,1.0,1,357665,162.4
skills,gepa,eog,csm,3,1,1,task_20251208_035402_755_ad5a67e3_8ca9a646,0.0,0,261305,89.6
skills,gepa,eog,csm,3,1,1,task_20251208_072220_004_99ba2325_74403162,0.2,0,262503,107.6
skills,gepa,eog,csm,3,1,1,task_20251208_102635_187_c4ad7a70_43753a9a,0.666667,0,213094,85.8
skills,gepa,eog,csm,3,1,1,task_20251208_123126_960_c4ad7a70_f974dae7,0.5,0,144705,72.8
skills,gepa,eog,csm,3,1,1,task_20251209_085836_811_a8eea1c0_6bbced3d,0.6,0,427255,150.4
skills,gepa,eog,csm,3,1,1,task_20251210_002938_761_897c3e0b_f075229a,0.888889,0,323859,101.6
skills,gepa,eog,csm,3,1,1,task_20251212_011224_384_accab84d_4ad9b557,0.4,0,230023,94.2
skills,gepa,eog,csm,3,1,1,task_20260102_031908_712_accab84d_886a7365,0.777778,0,516834,137.4
skills,gepa,eog,csm,3,1,1,task_20260102_100510_709_66392a82_3d301c18,0.8,0,1589858,193.4
skills,gepa,eog,csm,3,1,1,task_20260102_162857_012_391f1eff_39478d55,1.0,1,116685,75.9
skills,gepa,eog,csm,3,1,1,task_20260106_073527_320_e6427839_e2e2ac8d,0.0,0,219523,95.3
skills,gepa,eog,csm,3,1,1,task_20260121_183027_058_1afb323a_c53cb400,0.8,0,240924,97.1
skills,gepa,eog,csm,3,1,2,task_20251208_035402_755_ad5a67e3_8ca9a646,0.0,0,179222,95.1
skills,gepa,eog,csm,3,1,2,task_20251208_072220_004_99ba2325_74403162,0.6,0,245167,87.6
skills,gepa,eog,csm,3,1,2,task_20251208_102635_187_c4ad7a70_43753a9a,0.666667,0,168599,62.0
skills,gepa,eog,csm,3,1,2,task_20251208_123126_960_c4ad7a70_f974dae7,0.5,0,137774,120.9
skills,gepa,eog,csm,3,1,2,task_20251209_085836_811_a8eea1c0_6bbced3d,0.6,0,307368,108.9
skills,gepa,eog,csm,3,1,2,task_20251210_002938_761_897c3e0b_f075229a,0.888889,0,327317,112.8
skills,gepa,eog,csm,3,1,2,task_20251212_011224_384_accab84d_4ad9b557,0.4,0,228191,83.2
skills,gepa,eog,csm,3,1,2,task_20260102_031908_712_accab84d_886a7365,0.777778,0,450411,158.8
skills,gepa,eog,csm,3,1,2,task_20260102_100510_709_66392a82_3d301c18,0.8,0,2097114,201.7
skills,gepa,eog,csm,3,1,2,task_20260102_162857_012_391f1eff_39478d55,1.0,1,124723,50.1
skills,gepa,eog,csm,3,1,2,task_20260106_073527_320_e6427839_e2e2ac8d,0.0,0,227593,110.5
skills,gepa,eog,csm,3,1,2,task_20260121_183027_058_1afb323a_c53cb400,0.6,0,302895,130.5
skills,gepa,eog,csm,3,1,3,task_20251208_035402_755_ad5a67e3_8ca9a646,0.0,0,205382,59.9
skills,gepa,eog,csm,3,1,3,task_20251208_072220_004_99ba2325_74403162,0.2,0,226680,70.4
skills,gepa,eog,csm,3,1,3,task_20251208_102635_187_c4ad7a70_43753a9a,0.666667,0,225478,102.1
skills,gepa,eog,csm,3,1,3,task_20251208_123126_960_c4ad7a70_f974dae7,0.5,0,112251,81.0
skills,gepa,eog,csm,3,1,3,task_20251209_085836_811_a8eea1c0_6bbced3d,0.4,0,280638,118.3
skills,gepa,eog,csm,3,1,3,task_20251210_002938_761_897c3e0b_f075229a,0.888889,0,268037,120.3
skills,gepa,eog,csm,3,1,3,task_20251212_011224_384_accab84d_4ad9b557,0.4,0,204050,78.2
skills,gepa,eog,csm,3,1,3,task_20260102_031908_712_accab84d_886a7365,0.777778,0,334516,107.5
skills,gepa,eog,csm,3,1,3,task_20260102_100510_709_66392a82_3d301c18,0.8,0,946178,132.8
skills,gepa,eog,csm,3,1,3,task_20260102_162857_012_391f1eff_39478d55,0.5,0,176115,76.4
skills,gepa,eog,csm,3,1,3,task_20260106_073527_320_e6427839_e2e2ac8d,0.0,0,249785,76.8
skills,gepa,eog,csm,3,1,3,task_20260121_183027_058_1afb323a_c53cb400,0.8,0,336103,98.7
skills,gepa,eog,csm,3,2,1,task_20251126_182216_326_66392a82_d3ff64ca,1.0,1,283637,117.5
skills,gepa,eog,csm,3,2,1,task_20251201_164641_724_109c89c0_1b29acb9,0.5,0,582643,137.7
skills,gepa,eog,csm,3,2,1,task_20251204_161024_294_46ca2862_1cc82f4c,1.0,1,355786,103.1
skills,gepa,eog,csm,3,2,1,task_20251205_194841_224_391f1eff_136bedae,0.0,0,64540,94.0
skills,gepa,eog,csm,3,2,1,task_20251210_161511_924_2aa6b0ad_1446c2b4,1.0,1,243206,73.4
skills,gepa,eog,csm,3,2,1,task_20260101_074825_586_a8eea1c0_e596bab2,0.25,0,286992,98.9
skills,gepa,eog,csm,3,2,1,task_20260101_191529_659_a8eea1c0_27d3bf1b,0.8,0,352741,90.1
skills,gepa,eog,csm,3,2,1,task_20260102_002012_363_00364ece_a3936446,1.0,1,297798,158.2
skills,gepa,eog,csm,3,2,1,task_20260102_080409_151_d4a463c3_56c32265,0.8,0,315643,77.0
skills,gepa,eog,csm,3,2,1,task_20260106_133642_894_66392a82_3e083fa5,0.5,0,265421,98.3
skills,gepa,eog,csm,3,2,1,task_20260106_161859_265_00364ece_0e836ce8,0.5,0,282191,76.3
skills,gepa,eog,csm,3,2,1,task_20260106_185201_238_00364ece_8ab4fd80,0.666667,0,256387,82.8
skills,gepa,eog,csm,3,2,1,task_20260107_164033_273_a8eea1c0_c0de2fed,1.0,1,213809,75.5
skills,gepa,eog,csm,3,2,2,task_20251126_182216_326_66392a82_d3ff64ca,1.0,1,185477,83.5
skills,gepa,eog,csm,3,2,2,task_20251201_164641_724_109c89c0_1b29acb9,0.5,0,566736,129.3
skills,gepa,eog,csm,3,2,2,task_20251204_161024_294_46ca2862_1cc82f4c,1.0,1,414400,133.0
skills,gepa,eog,csm,3,2,2,task_20251205_194841_224_391f1eff_136bedae,0.0,0,62799,69.7
skills,gepa,eog,csm,3,2,2,task_20251210_161511_924_2aa6b0ad_1446c2b4,0.666667,0,153854,64.0
skills,gepa,eog,csm,3,2,2,task_20260101_074825_586_a8eea1c0_e596bab2,0.25,0,268268,90.4
skills,gepa,eog,csm,3,2,2,task_20260101_191529_659_a8eea1c0_27d3bf1b,0.8,0,300675,103.6
skills,gepa,eog,csm,3,2,2,task_20260102_002012_363_00364ece_a3936446,1.0,1,260857,95.6
skills,gepa,eog,csm,3,2,2,task_20260102_080409_151_d4a463c3_56c32265,1.0,1,261363,89.4
skills,gepa,eog,csm,3,2,2,task_20260106_133642_894_66392a82_3e083fa5,0.5,0,242340,96.0
skills,gepa,eog,csm,3,2,2,task_20260106_161859_265_00364ece_0e836ce8,0.75,0,297418,77.5
skills,gepa,eog,csm,3,2,2,task_20260106_185201_238_00364ece_8ab4fd80,0.666667,0,281801,112.4
skills,gepa,eog,csm,3,2,2,task_20260107_164033_273_a8eea1c0_c0de2fed,1.0,1,228552,144.5
skills,gepa,eog,csm,3,2,3,task_20251126_182216_326_66392a82_d3ff64ca,1.0,1,322896,85.9
skills,gepa,eog,csm,3,2,3,task_20251201_164641_724_109c89c0_1b29acb9,0.613636,0,608042,139.6
skills,gepa,eog,csm,3,2,3,task_20251204_161024_294_46ca2862_1cc82f4c,1.0,1,356358,148.7
skills,gepa,eog,csm,3,2,3,task_20251205_194841_224_391f1eff_136bedae,0.0,0,95409,98.0
skills,gepa,eog,csm,3,2,3,task_20251210_161511_924_2aa6b0ad_1446c2b4,0.666667,0,203528,58.0
skills,gepa,eog,csm,3,2,3,task_20260101_074825_586_a8eea1c0_e596bab2,0.25,0,308559,95.7
skills,gepa,eog,csm,3,2,3,task_20260101_191529_659_a8eea1c0_27d3bf1b,0.8,0,289057,87.0
skills,gepa,eog,csm,3,2,3,task_20260102_002012_363_00364ece_a3936446,1.0,1,248541,87.4
skills,gepa,eog,csm,3,2,3,task_20260102_080409_151_d4a463c3_56c32265,1.0,1,251803,83.4
skills,gepa,eog,csm,3,2,3,task_20260106_133642_894_66392a82_3e083fa5,0.5,0,155614,67.7
skills,gepa,eog,csm,3,2,3,task_20260106_161859_265_00364ece_0e836ce8,0.75,0,338979,86.4
skills,gepa,eog,csm,3,2,3,task_20260106_185201_238_00364ece_8ab4fd80,0.666667,0,296646,82.7
skills,gepa,eog,csm,3,2,3,task_20260107_164033_273_a8eea1c0_c0de2fed,1.0,1,221187,99.5
skills,gepa,eog,csm,3,3,1,task_20251125_152842_063_b393a327_9622ac64,0.8,0,190522,85.3
skills,gepa,eog,csm,3,3,1,task_20251202_100743_745_109c89c0_958a07c1,0.333333,0,221165,98.5
skills,gepa,eog,csm,3,3,1,task_20251205_101915_742_d4a463c3_8eac8077,0.2,0,427765,143.2
skills,gepa,eog,csm,3,3,1,task_20251210_113549_827_d4a463c3_47b48a98,0.666667,0,490798,138.8
skills,gepa,eog,csm,3,3,1,task_20251210_183114_382_99ba2325_071a72ab,0.5,0,181360,84.8
skills,gepa,eog,csm,3,3,1,task_20251212_222304_435_66392a82_815cd745,1.0,1,346096,80.7
skills,gepa,eog,csm,3,3,1,task_20260101_122222_300_ad5a67e3_3757206c,0.4,0,310800,120.6
skills,gepa,eog,csm,3,3,1,task_20260101_162109_100_a8eea1c0_e88250ef,1.0,1,604893,184.6
skills,gepa,eog,csm,3,3,1,task_20260102_172945_725_ad5a67e3_5480e26f,0.6,0,224007,98.3
skills,gepa,eog,csm,3,3,1,task_20260106_070321_497_accab84d_6f4a8da8,1.0,1,380899,85.3
skills,gepa,eog,csm,3,3,1,task_20260106_145907_700_a8eea1c0_f5bae698,0.857143,0,587283,147.2
skills,gepa,eog,csm,3,3,2,task_20251125_152842_063_b393a327_9622ac64,0.8,0,359981,105.0
skills,gepa,eog,csm,3,3,2,task_20251202_100743_745_109c89c0_958a07c1,0.666667,0,355904,158.2
skills,gepa,eog,csm,3,3,2,task_20251205_101915_742_d4a463c3_8eac8077,0.2,0,337372,119.2
skills,gepa,eog,csm,3,3,2,task_20251210_113549_827_d4a463c3_47b48a98,0.666667,0,441775,117.8
skills,gepa,eog,csm,3,3,2,task_20251210_183114_382_99ba2325_071a72ab,1.0,1,186942,86.7
skills,gepa,eog,csm,3,3,2,task_20251212_222304_435_66392a82_815cd745,1.0,1,323200,93.5
skills,gepa,eog,csm,3,3,2,task_20260101_122222_300_ad5a67e3_3757206c,0.4,0,278123,98.8
skills,gepa,eog,csm,3,3,2,task_20260101_162109_100_a8eea1c0_e88250ef,0.666667,0,576473,137.2
skills,gepa,eog,csm,3,3,2,task_20260102_172945_725_ad5a67e3_5480e26f,0.6,0,312071,93.6
skills,gepa,eog,csm,3,3,2,task_20260106_070321_497_accab84d_6f4a8da8,1.0,1,668480,146.2
skills,gepa,eog,csm,3,3,2,task_20260106_145907_700_a8eea1c0_f5bae698,0.857143,0,558581,241.2
skills,gepa,eog,csm,3,3,3,task_20251125_152842_063_b393a327_9622ac64,0.8,0,168454,67.1
skills,gepa,eog,csm,3,3,3,task_20251202_100743_745_109c89c0_958a07c1,0.666667,0,560931,132.0
skills,gepa,eog,csm,3,3,3,task_20251205_101915_742_d4a463c3_8eac8077,0.0,0,303389,141.3
skills,gepa,eog,csm,3,3,3,task_20251210_113549_827_d4a463c3_47b48a98,0.666667,0,410479,113.0
skills,gepa,eog,csm,3,3,3,task_20251210_183114_382_99ba2325_071a72ab,0.5,0,168175,61.5
skills,gepa,eog,csm,3,3,3,task_20251212_222304_435_66392a82_815cd745,1.0,1,285058,83.5
skills,gepa,eog,csm,3,3,3,task_20260101_122222_300_ad5a67e3_3757206c,0.4,0,215672,99.3
skills,gepa,eog,csm,3,3,3,task_20260101_162109_100_a8eea1c0_e88250ef,1.0,1,524515,124.0
skills,gepa,eog,csm,3,3,3,task_20260102_172945_725_ad5a67e3_5480e26f,0.6,0,249141,74.5
skills,gepa,eog,csm,3,3,3,task_20260106_070321_497_accab84d_6f4a8da8,1.0,1,380475,96.8
skills,gepa,eog,csm,3,3,3,task_20260106_145907_700_a8eea1c0_f5bae698,0.857143,0,391999,117.2
skills,gepa,eog,hr,1,1,1,task_20251226_010313_969_accab84d_77306049,0.5,0,117486,74.8
skills,gepa,eog,hr,1,1,1,task_20251226_094920_495_99ba2325_627386b2,0.75,0,168741,92.2
skills,gepa,eog,hr,1,1,1,task_20260109_133046_369_391f1eff_7e44fdca,0.0,0,74539,107.0
skills,gepa,eog,hr,1,1,1,task_20260115_151312_690_57529556_9fca8861,0.875,0,266342,82.8
skills,gepa,eog,hr,1,1,1,task_20260116_095609_650_c5cac200_741831a8,1.0,1,251466,120.0
skills,gepa,eog,hr,1,1,1,task_20260116_104653_444_99ba2325_320d5ca4,1.0,1,416031,112.2
skills,gepa,eog,hr,1,1,1,task_20260116_112336_208_c5cac200_da33db0a,1.0,1,92089,49.5
skills,gepa,eog,hr,1,1,1,task_20260116_125449_931_e6427839_50663277,0.666667,0,95383,72.7
skills,gepa,eog,hr,1,1,1,task_20260116_160908_725_46ca2862_923e672e,0.5,0,158736,99.6
skills,gepa,eog,hr,1,1,1,task_20260116_185136_779_46ca2862_2b77b852,0.666667,0,1366163,278.2
skills,gepa,eog,hr,1,1,1,task_20260116_203855_584_57529556_7b20a1d8,1.0,1,221501,122.8
skills,gepa,eog,hr,1,1,2,task_20251226_010313_969_accab84d_77306049,0.5,0,97651,47.9
skills,gepa,eog,hr,1,1,2,task_20251226_094920_495_99ba2325_627386b2,0.75,0,102473,69.0
skills,gepa,eog,hr,1,1,2,task_20260109_133046_369_391f1eff_7e44fdca,0.0,0,108024,88.7
skills,gepa,eog,hr,1,1,2,task_20260115_151312_690_57529556_9fca8861,0.75,0,298261,89.3
skills,gepa,eog,hr,1,1,2,task_20260116_095609_650_c5cac200_741831a8,1.0,1,109545,60.2
skills,gepa,eog,hr,1,1,2,task_20260116_104653_444_99ba2325_320d5ca4,1.0,1,208662,88.2
skills,gepa,eog,hr,1,1,2,task_20260116_112336_208_c5cac200_da33db0a,1.0,1,150284,56.4
skills,gepa,eog,hr,1,1,2,task_20260116_125449_931_e6427839_50663277,1.0,1,153448,101.2
skills,gepa,eog,hr,1,1,2,task_20260116_160908_725_46ca2862_923e672e,0.0,0,81449,96.3
skills,gepa,eog,hr,1,1,2,task_20260116_185136_779_46ca2862_2b77b852,0.666667,0,216306,98.0
skills,gepa,eog,hr,1,1,2,task_20260116_203855_584_57529556_7b20a1d8,0.666667,0,309129,152.7
skills,gepa,eog,hr,1,1,3,task_20251226_010313_969_accab84d_77306049,0.5,0,122862,53.4
skills,gepa,eog,hr,1,1,3,task_20251226_094920_495_99ba2325_627386b2,0.75,0,142683,77.9
skills,gepa,eog,hr,1,1,3,task_20260109_133046_369_391f1eff_7e44fdca,0.0,0,92295,100.5
skills,gepa,eog,hr,1,1,3,task_20260115_151312_690_57529556_9fca8861,0.75,0,415766,141.0
skills,gepa,eog,hr,1,1,3,task_20260116_095609_650_c5cac200_741831a8,1.0,1,196026,75.9
skills,gepa,eog,hr,1,1,3,task_20260116_104653_444_99ba2325_320d5ca4,0.75,0,129660,73.8
skills,gepa,eog,hr,1,1,3,task_20260116_112336_208_c5cac200_da33db0a,1.0,1,113118,91.6
skills,gepa,eog,hr,1,1,3,task_20260116_125449_931_e6427839_50663277,0.333333,0,111432,97.1
skills,gepa,eog,hr,1,1,3,task_20260116_160908_725_46ca2862_923e672e,0.0,0,125526,60.8
skills,gepa,eog,hr,1,1,3,task_20260116_185136_779_46ca2862_2b77b852,0.666667,0,150758,85.3
skills,gepa,eog,hr,1,1,3,task_20260116_203855_584_57529556_7b20a1d8,1.0,1,172136,85.2
skills,gepa,eog,hr,1,2,1,task_20251212_175622_173_d61a01c6_62164687,0.5,0,151476,100.7
skills,gepa,eog,hr,1,2,1,task_20251219_155520_685_a8eea1c0_c6fb88a1,1.0,1,117845,107.5
skills,gepa,eog,hr,1,2,1,task_20251224_094258_495_c4ad7a70_42fbe372,0.0,0,112767,93.8
skills,gepa,eog,hr,1,2,1,task_20251224_133749_739_c4ad7a70_9df76270,0.25,0,157883,88.4
skills,gepa,eog,hr,1,2,1,task_20251226_101143_297_99ba2325_75b99d9a,0.75,0,168119,132.9
skills,gepa,eog,hr,1,2,1,task_20251226_114207_539_30600918_6211eb4b,0.333333,0,292597,147.2
skills,gepa,eog,hr,1,2,1,task_20251226_121423_362_c4ad7a70_4be55408,0.333333,0,213928,99.9
skills,gepa,eog,hr,1,2,1,task_20251226_132052_338_e6427839_727d852c,0.5,0,181062,114.2
skills,gepa,eog,hr,1,2,1,task_20251226_153702_699_ad5a67e3_43cd2d47,0.333333,0,205814,136.9
skills,gepa,eog,hr,1,2,1,task_20260109_185510_803_a8eea1c0_b51123d7,1.0,1,294771,141.3
skills,gepa,eog,hr,1,2,1,task_20260109_192935_678_e6427839_4c081ddc,0.5,0,160611,85.8
skills,gepa,eog,hr,1,2,1,task_20260111_151647_667_a8eea1c0_c7c264ba,0.571429,0,238947,137.4
skills,gepa,eog,hr,1,2,1,task_20260111_161750_847_a8eea1c0_3649940a,0.666667,0,180575,141.4
skills,gepa,eog,hr,1,2,1,task_20260111_190744_927_a8eea1c0_17bea726,0.0,0,222301,116.6
skills,gepa,eog,hr,1,2,1,task_20260112_141226_936_7aad91c1_61df8f2b,0.75,0,141563,72.4
skills,gepa,eog,hr,1,2,1,task_20260114_172823_954_a8eea1c0_b725e936,0.666667,0,210025,139.9
skills,gepa,eog,hr,1,2,1,task_20260116_055513_891_99ba2325_849991b8,0.333333,0,221646,103.6
skills,gepa,eog,hr,1,2,1,task_20260116_085958_358_a8eea1c0_6d7f242a,0.666667,0,208765,133.9
skills,gepa,eog,hr,1,2,1,task_20260116_094554_219_c5cac200_82f2d2a8,0.8,0,268853,134.4
skills,gepa,eog,hr,1,2,1,task_20260116_105748_962_99ba2325_dcc658fa,0.75,0,189339,133.6
skills,gepa,eog,hr,1,2,1,task_20260116_134415_018_fa1836dc_d8efb574,0.333333,0,76303,89.8
skills,gepa,eog,hr,1,2,1,task_20260116_143750_504_a8eea1c0_7d91efa1,1.0,1,154565,92.2
skills,gepa,eog,hr,1,2,2,task_20251212_175622_173_d61a01c6_62164687,0.5,0,149079,91.5
skills,gepa,eog,hr,1,2,2,task_20251219_155520_685_a8eea1c0_c6fb88a1,1.0,1,119068,94.4
skills,gepa,eog,hr,1,2,2,task_20251224_094258_495_c4ad7a70_42fbe372,0.0,0,151350,67.0
skills,gepa,eog,hr,1,2,2,task_20251224_133749_739_c4ad7a70_9df76270,0.0,0,141142,69.5
skills,gepa,eog,hr,1,2,2,task_20251226_101143_297_99ba2325_75b99d9a,0.75,0,179670,108.0
skills,gepa,eog,hr,1,2,2,task_20251226_114207_539_30600918_6211eb4b,0.333333,0,240579,147.4
skills,gepa,eog,hr,1,2,2,task_20251226_121423_362_c4ad7a70_4be55408,0.333333,0,333208,95.8
skills,gepa,eog,hr,1,2,2,task_20251226_132052_338_e6427839_727d852c,0.5,0,193159,66.1
skills,gepa,eog,hr,1,2,2,task_20251226_153702_699_ad5a67e3_43cd2d47,0.333333,0,176885,111.3
skills,gepa,eog,hr,1,2,2,task_20260109_185510_803_a8eea1c0_b51123d7,1.0,1,165762,91.4
skills,gepa,eog,hr,1,2,2,task_20260109_192935_678_e6427839_4c081ddc,0.25,0,193004,124.7
skills,gepa,eog,hr,1,2,2,task_20260111_151647_667_a8eea1c0_c7c264ba,0.714286,0,235389,121.6
skills,gepa,eog,hr,1,2,2,task_20260111_161750_847_a8eea1c0_3649940a,0.666667,0,217158,93.0
skills,gepa,eog,hr,1,2,2,task_20260111_190744_927_a8eea1c0_17bea726,0.0,0,295778,159.4
skills,gepa,eog,hr,1,2,2,task_20260112_141226_936_7aad91c1_61df8f2b,1.0,1,100634,67.9
skills,gepa,eog,hr,1,2,2,task_20260114_172823_954_a8eea1c0_b725e936,0.666667,0,235400,107.6
skills,gepa,eog,hr,1,2,2,task_20260116_055513_891_99ba2325_849991b8,0.5,0,155618,110.2
skills,gepa,eog,hr,1,2,2,task_20260116_085958_358_a8eea1c0_6d7f242a,1.0,1,358794,125.2
skills,gepa,eog,hr,1,2,2,task_20260116_094554_219_c5cac200_82f2d2a8,1.0,1,226179,96.7
skills,gepa,eog,hr,1,2,2,task_20260116_105748_962_99ba2325_dcc658fa,0.75,0,281170,72.8
skills,gepa,eog,hr,1,2,2,task_20260116_134415_018_fa1836dc_d8efb574,0.333333,0,168684,120.7
skills,gepa,eog,hr,1,2,2,task_20260116_143750_504_a8eea1c0_7d91efa1,0.6,0,131455,93.2
skills,gepa,eog,hr,1,2,3,task_20251212_175622_173_d61a01c6_62164687,0.0,0,139938,90.1
skills,gepa,eog,hr,1,2,3,task_20251219_155520_685_a8eea1c0_c6fb88a1,1.0,1,128122,86.7
skills,gepa,eog,hr,1,2,3,task_20251224_094258_495_c4ad7a70_42fbe372,0.0,0,127456,66.3
skills,gepa,eog,hr,1,2,3,task_20251224_133749_739_c4ad7a70_9df76270,0.0,0,89743,80.9
skills,gepa,eog,hr,1,2,3,task_20251226_101143_297_99ba2325_75b99d9a,0.75,0,142576,70.1
skills,gepa,eog,hr,1,2,3,task_20251226_114207_539_30600918_6211eb4b,0.333333,0,218111,83.2
skills,gepa,eog,hr,1,2,3,task_20251226_121423_362_c4ad7a70_4be55408,0.333333,0,231962,128.8
skills,gepa,eog,hr,1,2,3,task_20251226_132052_338_e6427839_727d852c,0.5,0,289076,100.4
skills,gepa,eog,hr,1,2,3,task_20251226_153702_699_ad5a67e3_43cd2d47,0.333333,0,218030,139.8
skills,gepa,eog,hr,1,2,3,task_20260109_185510_803_a8eea1c0_b51123d7,1.0,1,234935,105.4
skills,gepa,eog,hr,1,2,3,task_20260109_192935_678_e6427839_4c081ddc,0.5,0,140567,95.0
skills,gepa,eog,hr,1,2,3,task_20260111_151647_667_a8eea1c0_c7c264ba,0.571429,0,254551,130.8
skills,gepa,eog,hr,1,2,3,task_20260111_161750_847_a8eea1c0_3649940a,0.666667,0,204394,154.4
skills,gepa,eog,hr,1,2,3,task_20260111_190744_927_a8eea1c0_17bea726,0.0,0,239763,161.9
skills,gepa,eog,hr,1,2,3,task_20260112_141226_936_7aad91c1_61df8f2b,1.0,1,146685,80.2
skills,gepa,eog,hr,1,2,3,task_20260114_172823_954_a8eea1c0_b725e936,0.666667,0,215722,168.6
skills,gepa,eog,hr,1,2,3,task_20260116_055513_891_99ba2325_849991b8,0.5,0,188953,671.3
skills,gepa,eog,hr,1,2,3,task_20260116_085958_358_a8eea1c0_6d7f242a,0.666667,0,196335,130.4
skills,gepa,eog,hr,1,2,3,task_20260116_094554_219_c5cac200_82f2d2a8,0.8,0,324501,152.1
skills,gepa,eog,hr,1,2,3,task_20260116_105748_962_99ba2325_dcc658fa,0.75,0,192428,129.0
skills,gepa,eog,hr,1,2,3,task_20260116_134415_018_fa1836dc_d8efb574,0.333333,0,115391,111.7
skills,gepa,eog,hr,1,2,3,task_20260116_143750_504_a8eea1c0_7d91efa1,1.0,1,151599,90.4
skills,gepa,eog,hr,2,1,1,task_20251226_010313_969_accab84d_77306049,0.5,0,182043,87.8
skills,gepa,eog,hr,2,1,1,task_20251226_094920_495_99ba2325_627386b2,1.0,1,219942,86.7
skills,gepa,eog,hr,2,1,1,task_20260109_133046_369_391f1eff_7e44fdca,0.0,0,47096,77.4
skills,gepa,eog,hr,2,1,1,task_20260115_151312_690_57529556_9fca8861,0.625,0,322171,124.5
skills,gepa,eog,hr,2,1,1,task_20260116_095609_650_c5cac200_741831a8,1.0,1,314710,102.4
skills,gepa,eog,hr,2,1,1,task_20260116_104653_444_99ba2325_320d5ca4,1.0,1,782588,120.8
skills,gepa,eog,hr,2,1,1,task_20260116_112336_208_c5cac200_da33db0a,1.0,1,256340,114.5
skills,gepa,eog,hr,2,1,1,task_20260116_125449_931_e6427839_50663277,0.666667,0,304128,102.4
skills,gepa,eog,hr,2,1,1,task_20260116_160908_725_46ca2862_923e672e,1.0,1,173367,58.7
skills,gepa,eog,hr,2,1,1,task_20260116_185136_779_46ca2862_2b77b852,1.0,1,195702,102.8
skills,gepa,eog,hr,2,1,1,task_20260116_203855_584_57529556_7b20a1d8,1.0,1,247804,99.1
skills,gepa,eog,hr,2,1,2,task_20251226_010313_969_accab84d_77306049,0.5,0,185347,87.2
skills,gepa,eog,hr,2,1,2,task_20251226_094920_495_99ba2325_627386b2,1.0,1,390182,88.2
skills,gepa,eog,hr,2,1,2,task_20260109_133046_369_391f1eff_7e44fdca,0.0,0,46206,69.3
skills,gepa,eog,hr,2,1,2,task_20260115_151312_690_57529556_9fca8861,0.0,0,386214,91.4
skills,gepa,eog,hr,2,1,2,task_20260116_095609_650_c5cac200_741831a8,1.0,1,239283,85.8
skills,gepa,eog,hr,2,1,2,task_20260116_104653_444_99ba2325_320d5ca4,1.0,1,3218721,295.7
skills,gepa,eog,hr,2,1,2,task_20260116_112336_208_c5cac200_da33db0a,1.0,1,333733,98.8
skills,gepa,eog,hr,2,1,2,task_20260116_125449_931_e6427839_50663277,0.666667,0,311557,78.3
skills,gepa,eog,hr,2,1,2,task_20260116_160908_725_46ca2862_923e672e,1.0,1,143941,75.9
skills,gepa,eog,hr,2,1,2,task_20260116_185136_779_46ca2862_2b77b852,1.0,1,212121,113.1
skills,gepa,eog,hr,2,1,2,task_20260116_203855_584_57529556_7b20a1d8,0.666667,0,285768,114.5
skills,gepa,eog,hr,2,1,3,task_20251226_010313_969_accab84d_77306049,0.5,0,213801,89.0
skills,gepa,eog,hr,2,1,3,task_20251226_094920_495_99ba2325_627386b2,1.0,1,305519,96.6
skills,gepa,eog,hr,2,1,3,task_20260109_133046_369_391f1eff_7e44fdca,0.0,0,46634,55.7
skills,gepa,eog,hr,2,1,3,task_20260115_151312_690_57529556_9fca8861,0.5,0,310295,138.8
skills,gepa,eog,hr,2,1,3,task_20260116_095609_650_c5cac200_741831a8,1.0,1,344347,122.0
skills,gepa,eog,hr,2,1,3,task_20260116_104653_444_99ba2325_320d5ca4,1.0,1,262855,82.1
skills,gepa,eog,hr,2,1,3,task_20260116_112336_208_c5cac200_da33db0a,1.0,1,284708,129.6
skills,gepa,eog,hr,2,1,3,task_20260116_125449_931_e6427839_50663277,0.666667,0,232168,102.5
skills,gepa,eog,hr,2,1,3,task_20260116_160908_725_46ca2862_923e672e,1.0,1,187845,83.4
skills,gepa,eog,hr,2,1,3,task_20260116_185136_779_46ca2862_2b77b852,1.0,1,181161,74.5
skills,gepa,eog,hr,2,1,3,task_20260116_203855_584_57529556_7b20a1d8,1.0,1,258598,99.7
skills,gepa,eog,hr,2,2,1,task_20251212_175622_173_d61a01c6_62164687,0.5,0,143658,94.6
skills,gepa,eog,hr,2,2,1,task_20251219_155520_685_a8eea1c0_c6fb88a1,1.0,1,354500,97.9
skills,gepa,eog,hr,2,2,1,task_20251224_094258_495_c4ad7a70_42fbe372,0.25,0,178548,123.1
skills,gepa,eog,hr,2,2,1,task_20251224_133749_739_c4ad7a70_9df76270,0.25,0,188875,57.5
skills,gepa,eog,hr,2,2,1,task_20251226_101143_297_99ba2325_75b99d9a,0.75,0,267360,75.5
skills,gepa,eog,hr,2,2,1,task_20251226_114207_539_30600918_6211eb4b,0.666667,0,351945,106.8
skills,gepa,eog,hr,2,2,1,task_20251226_121423_362_c4ad7a70_4be55408,0.333333,0,232092,102.3
skills,gepa,eog,hr,2,2,1,task_20251226_132052_338_e6427839_727d852c,0.5,0,169116,87.2
skills,gepa,eog,hr,2,2,1,task_20251226_153702_699_ad5a67e3_43cd2d47,0.333333,0,118017,62.8
skills,gepa,eog,hr,2,2,1,task_20260109_185510_803_a8eea1c0_b51123d7,1.0,1,394679,114.0
skills,gepa,eog,hr,2,2,1,task_20260109_192935_678_e6427839_4c081ddc,0.5,0,255846,92.3
skills,gepa,eog,hr,2,2,1,task_20260111_151647_667_a8eea1c0_c7c264ba,0.571429,0,448694,115.5
skills,gepa,eog,hr,2,2,1,task_20260111_161750_847_a8eea1c0_3649940a,0.777778,0,339102,142.4
skills,gepa,eog,hr,2,2,1,task_20260111_190744_927_a8eea1c0_17bea726,0.0,0,304126,103.4
skills,gepa,eog,hr,2,2,1,task_20260112_141226_936_7aad91c1_61df8f2b,1.0,1,572276,115.8
skills,gepa,eog,hr,2,2,1,task_20260114_172823_954_a8eea1c0_b725e936,0.166667,0,337859,123.5
skills,gepa,eog,hr,2,2,1,task_20260116_055513_891_99ba2325_849991b8,0.333333,0,251718,123.3
skills,gepa,eog,hr,2,2,1,task_20260116_085958_358_a8eea1c0_6d7f242a,0.666667,0,394039,101.6
skills,gepa,eog,hr,2,2,1,task_20260116_094554_219_c5cac200_82f2d2a8,1.0,1,277885,95.7
skills,gepa,eog,hr,2,2,1,task_20260116_105748_962_99ba2325_dcc658fa,0.75,0,293040,108.4
skills,gepa,eog,hr,2,2,1,task_20260116_134415_018_fa1836dc_d8efb574,0.333333,0,170204,69.9
skills,gepa,eog,hr,2,2,1,task_20260116_143750_504_a8eea1c0_7d91efa1,0.6,0,171737,81.5
skills,gepa,eog,hr,2,2,2,task_20251212_175622_173_d61a01c6_62164687,0.5,0,261748,119.5
skills,gepa,eog,hr,2,2,2,task_20251219_155520_685_a8eea1c0_c6fb88a1,1.0,1,223781,105.3
skills,gepa,eog,hr,2,2,2,task_20251224_094258_495_c4ad7a70_42fbe372,0.25,0,196179,84.1
skills,gepa,eog,hr,2,2,2,task_20251224_133749_739_c4ad7a70_9df76270,0.25,0,213496,86.5
skills,gepa,eog,hr,2,2,2,task_20251226_101143_297_99ba2325_75b99d9a,0.75,0,578713,106.9
skills,gepa,eog,hr,2,2,2,task_20251226_114207_539_30600918_6211eb4b,0.666667,0,451374,96.2
skills,gepa,eog,hr,2,2,2,task_20251226_121423_362_c4ad7a70_4be55408,0.333333,0,234860,81.4
skills,gepa,eog,hr,2,2,2,task_20251226_132052_338_e6427839_727d852c,0.5,0,218619,82.6
skills,gepa,eog,hr,2,2,2,task_20251226_153702_699_ad5a67e3_43cd2d47,0.333333,0,468228,96.3
skills,gepa,eog,hr,2,2,2,task_20260109_185510_803_a8eea1c0_b51123d7,1.0,1,389863,107.6
skills,gepa,eog,hr,2,2,2,task_20260109_192935_678_e6427839_4c081ddc,0.5,0,241296,106.8
skills,gepa,eog,hr,2,2,2,task_20260111_151647_667_a8eea1c0_c7c264ba,0.571429,0,398939,141.3
skills,gepa,eog,hr,2,2,2,task_20260111_161750_847_a8eea1c0_3649940a,0.777778,0,365168,115.6
skills,gepa,eog,hr,2,2,2,task_20260111_190744_927_a8eea1c0_17bea726,0.0,0,353517,122.2
skills,gepa,eog,hr,2,2,2,task_20260112_141226_936_7aad91c1_61df8f2b,1.0,1,260478,120.8
skills,gepa,eog,hr,2,2,2,task_20260114_172823_954_a8eea1c0_b725e936,0.0,0,399033,207.1
skills,gepa,eog,hr,2,2,2,task_20260116_055513_891_99ba2325_849991b8,0.333333,0,268079,156.4
skills,gepa,eog,hr,2,2,2,task_20260116_085958_358_a8eea1c0_6d7f242a,1.0,1,407444,132.7
skills,gepa,eog,hr,2,2,2,task_20260116_094554_219_c5cac200_82f2d2a8,1.0,1,238054,97.0
skills,gepa,eog,hr,2,2,2,task_20260116_105748_962_99ba2325_dcc658fa,0.75,0,716062,124.3
skills,gepa,eog,hr,2,2,2,task_20260116_134415_018_fa1836dc_d8efb574,0.333333,0,255701,83.8
skills,gepa,eog,hr,2,2,2,task_20260116_143750_504_a8eea1c0_7d91efa1,1.0,1,181943,57.4
skills,gepa,eog,hr,2,2,3,task_20251212_175622_173_d61a01c6_62164687,0.5,0,758954,156.2
skills,gepa,eog,hr,2,2,3,task_20251219_155520_685_a8eea1c0_c6fb88a1,1.0,1,302995,63.2
skills,gepa,eog,hr,2,2,3,task_20251224_094258_495_c4ad7a70_42fbe372,0.25,0,176644,71.4
skills,gepa,eog,hr,2,2,3,task_20251224_133749_739_c4ad7a70_9df76270,0.25,0,248441,87.4
skills,gepa,eog,hr,2,2,3,task_20251226_101143_297_99ba2325_75b99d9a,0.75,0,625942,114.0
skills,gepa,eog,hr,2,2,3,task_20251226_114207_539_30600918_6211eb4b,0.666667,0,460007,128.3
skills,gepa,eog,hr,2,2,3,task_20251226_121423_362_c4ad7a70_4be55408,0.333333,0,194653,72.6
skills,gepa,eog,hr,2,2,3,task_20251226_132052_338_e6427839_727d852c,0.5,0,314601,126.8
skills,gepa,eog,hr,2,2,3,task_20251226_153702_699_ad5a67e3_43cd2d47,0.333333,0,136310,62.8
skills,gepa,eog,hr,2,2,3,task_20260109_185510_803_a8eea1c0_b51123d7,1.0,1,256209,106.7
skills,gepa,eog,hr,2,2,3,task_20260109_192935_678_e6427839_4c081ddc,0.5,0,157705,89.4
skills,gepa,eog,hr,2,2,3,task_20260111_151647_667_a8eea1c0_c7c264ba,0.571429,0,406499,132.3
skills,gepa,eog,hr,2,2,3,task_20260111_161750_847_a8eea1c0_3649940a,0.777778,0,246093,86.4
skills,gepa,eog,hr,2,2,3,task_20260111_190744_927_a8eea1c0_17bea726,0.0,0,291021,106.0
skills,gepa,eog,hr,2,2,3,task_20260112_141226_936_7aad91c1_61df8f2b,1.0,1,221342,104.9
skills,gepa,eog,hr,2,2,3,task_20260114_172823_954_a8eea1c0_b725e936,0.0,0,266453,157.3
skills,gepa,eog,hr,2,2,3,task_20260116_055513_891_99ba2325_849991b8,0.333333,0,221318,113.6
skills,gepa,eog,hr,2,2,3,task_20260116_085958_358_a8eea1c0_6d7f242a,1.0,1,409881,98.9
skills,gepa,eog,hr,2,2,3,task_20260116_094554_219_c5cac200_82f2d2a8,1.0,1,195554,77.7
skills,gepa,eog,hr,2,2,3,task_20260116_105748_962_99ba2325_dcc658fa,0.75,0,740458,137.1
skills,gepa,eog,hr,2,2,3,task_20260116_134415_018_fa1836dc_d8efb574,0.333333,0,269047,93.0
skills,gepa,eog,hr,2,2,3,task_20260116_143750_504_a8eea1c0_7d91efa1,1.0,1,206092,82.0
skills,gepa,eog,hr,2,3,1,task_20251216_123530_079_ec0cb5dd_3b89aab7,0.6,0,305594,106.5
skills,gepa,eog,hr,2,3,1,task_20251217_073807_153_761f6b82_cba63024,0.714286,0,1126111,385.8
skills,gepa,eog,hr,2,3,1,task_20251219_114935_971_a8eea1c0_188fc892,1.0,1,198895,86.8
skills,gepa,eog,hr,2,3,1,task_20251219_155215_361_00364ece_c1c6ffc8,0.4,0,360666,113.6
skills,gepa,eog,hr,2,3,1,task_20251223_150001_549_d9bcd1e5_475d93ab,0.857143,0,262265,103.7
skills,gepa,eog,hr,2,3,1,task_20251223_174414_238_a8eea1c0_0c3b20c1,0.333333,0,175349,136.3
skills,gepa,eog,hr,2,3,1,task_20251223_184833_888_a8eea1c0_87c53cb9,0.571429,0,153670,126.1
skills,gepa,eog,hr,2,3,1,task_20251224_064352_705_ec0cb5dd_46d83d4e,0.846154,0,344439,100.8
skills,gepa,eog,hr,2,3,1,task_20251224_150114_483_a8eea1c0_d44f97ad,0.75,0,329987,129.0
skills,gepa,eog,hr,2,3,1,task_20251224_234036_267_accab84d_f26a18f7,0.5,0,590550,189.0
skills,gepa,eog,hr,2,3,1,task_20251225_062927_003_d9bcd1e5_d996901a,0.75,0,1319394,201.1
skills,gepa,eog,hr,2,3,1,task_20251225_180047_141_a8eea1c0_002e725f,1.0,1,215187,95.9
skills,gepa,eog,hr,2,3,1,task_20251226_041218_355_d9bcd1e5_bc84c9d5,0.777778,0,328312,477.7
skills,gepa,eog,hr,2,3,1,task_20251226_104747_127_30600918_559da326,0.5,0,317029,231.7
skills,gepa,eog,hr,2,3,1,task_20251226_110144_731_b25153b4_773380f8,0.714286,0,623598,165.2
skills,gepa,eog,hr,2,3,1,task_20260109_180543_808_391f1eff_02357fea,0.666667,0,115503,79.8
skills,gepa,eog,hr,2,3,1,task_20260111_204619_117_a8eea1c0_b69d59bc,0.6,0,286657,205.4
skills,gepa,eog,hr,2,3,1,task_20260112_124137_537_761f6b82_9e1a6b99,0.25,0,298197,180.5
skills,gepa,eog,hr,2,3,1,task_20260114_180423_838_00364ece_9f2ad35c,0.5,0,418902,152.5
skills,gepa,eog,hr,2,3,1,task_20260115_130852_498_a8eea1c0_e9192d7e,0.833333,0,375085,150.9
skills,gepa,eog,hr,2,3,2,task_20251216_123530_079_ec0cb5dd_3b89aab7,0.6,0,998474,409.7
skills,gepa,eog,hr,2,3,2,task_20251217_073807_153_761f6b82_cba63024,0.714286,0,666535,152.8
skills,gepa,eog,hr,2,3,2,task_20251219_114935_971_a8eea1c0_188fc892,1.0,1,196626,82.8
skills,gepa,eog,hr,2,3,2,task_20251219_155215_361_00364ece_c1c6ffc8,0.4,0,158530,257.9
skills,gepa,eog,hr,2,3,2,task_20251223_150001_549_d9bcd1e5_475d93ab,0.857143,0,218934,104.9
skills,gepa,eog,hr,2,3,2,task_20251223_174414_238_a8eea1c0_0c3b20c1,0.0,0,223089,168.3
skills,gepa,eog,hr,2,3,2,task_20251223_184833_888_a8eea1c0_87c53cb9,0.428571,0,236219,140.2
skills,gepa,eog,hr,2,3,2,task_20251224_064352_705_ec0cb5dd_46d83d4e,0.846154,0,488482,143.9
skills,gepa,eog,hr,2,3,2,task_20251224_150114_483_a8eea1c0_d44f97ad,1.0,1,410549,137.9
skills,gepa,eog,hr,2,3,2,task_20251224_234036_267_accab84d_f26a18f7,0.5,0,448464,218.4
skills,gepa,eog,hr,2,3,2,task_20251225_062927_003_d9bcd1e5_d996901a,0.75,0,1339387,155.6
skills,gepa,eog,hr,2,3,2,task_20251225_180047_141_a8eea1c0_002e725f,1.0,1,175319,61.8
skills,gepa,eog,hr,2,3,2,task_20251226_041218_355_d9bcd1e5_bc84c9d5,0.777778,0,355169,199.6
skills,gepa,eog,hr,2,3,2,task_20251226_104747_127_30600918_559da326,0.5,0,257892,145.1
skills,gepa,eog,hr,2,3,2,task_20251226_110144_731_b25153b4_773380f8,0.571429,0,719707,185.2
skills,gepa,eog,hr,2,3,2,task_20260109_180543_808_391f1eff_02357fea,0.666667,0,158511,297.0
skills,gepa,eog,hr,2,3,2,task_20260111_204619_117_a8eea1c0_b69d59bc,0.6,0,295700,129.9
skills,gepa,eog,hr,2,3,2,task_20260112_124137_537_761f6b82_9e1a6b99,0.25,0,277018,140.1
skills,gepa,eog,hr,2,3,2,task_20260114_180423_838_00364ece_9f2ad35c,0.5,0,428701,132.1
skills,gepa,eog,hr,2,3,2,task_20260115_130852_498_a8eea1c0_e9192d7e,0.833333,0,337119,118.6
skills,gepa,eog,hr,2,3,3,task_20251216_123530_079_ec0cb5dd_3b89aab7,0.6,0,417138,108.6
skills,gepa,eog,hr,2,3,3,task_20251217_073807_153_761f6b82_cba63024,0.714286,0,1090731,167.9
skills,gepa,eog,hr,2,3,3,task_20251219_114935_971_a8eea1c0_188fc892,1.0,1,185913,81.5
skills,gepa,eog,hr,2,3,3,task_20251219_155215_361_00364ece_c1c6ffc8,0.4,0,160474,75.3
skills,gepa,eog,hr,2,3,3,task_20251223_150001_549_d9bcd1e5_475d93ab,0.857143,0,287552,78.7
skills,gepa,eog,hr,2,3,3,task_20251223_174414_238_a8eea1c0_0c3b20c1,0.0,0,222129,143.3
skills,gepa,eog,hr,2,3,3,task_20251223_184833_888_a8eea1c0_87c53cb9,0.428571,0,149136,78.7
skills,gepa,eog,hr,2,3,3,task_20251224_064352_705_ec0cb5dd_46d83d4e,0.846154,0,467497,155.4
skills,gepa,eog,hr,2,3,3,task_20251224_150114_483_a8eea1c0_d44f97ad,0.625,0,349862,131.8
skills,gepa,eog,hr,2,3,3,task_20251224_234036_267_accab84d_f26a18f7,0.625,0,359194,154.0
skills,gepa,eog,hr,2,3,3,task_20251225_062927_003_d9bcd1e5_d996901a,0.75,0,1217496,374.1
skills,gepa,eog,hr,2,3,3,task_20251225_180047_141_a8eea1c0_002e725f,1.0,1,221748,83.1
skills,gepa,eog,hr,2,3,3,task_20251226_041218_355_d9bcd1e5_bc84c9d5,0.777778,0,489726,144.7
skills,gepa,eog,hr,2,3,3,task_20251226_104747_127_30600918_559da326,0.5,0,232819,92.6
skills,gepa,eog,hr,2,3,3,task_20251226_110144_731_b25153b4_773380f8,1.0,1,819705,156.2
skills,gepa,eog,hr,2,3,3,task_20260109_180543_808_391f1eff_02357fea,0.666667,0,118120,55.7
skills,gepa,eog,hr,2,3,3,task_20260111_204619_117_a8eea1c0_b69d59bc,0.6,0,280670,126.3
skills,gepa,eog,hr,2,3,3,task_20260112_124137_537_761f6b82_9e1a6b99,0.25,0,365430,139.1
skills,gepa,eog,hr,2,3,3,task_20260114_180423_838_00364ece_9f2ad35c,0.5,0,407328,140.6
skills,gepa,eog,hr,2,3,3,task_20260115_130852_498_a8eea1c0_e9192d7e,0.833333,0,310642,150.6
skills,gepa,eog,hr,3,1,1,task_20251226_010313_969_accab84d_77306049,0.5,0,183334,92.8
skills,gepa,eog,hr,3,1,1,task_20251226_094920_495_99ba2325_627386b2,1.0,1,264222,61.9
skills,gepa,eog,hr,3,1,1,task_20260109_133046_369_391f1eff_7e44fdca,0.0,0,52991,65.0
skills,gepa,eog,hr,3,1,1,task_20260115_151312_690_57529556_9fca8861,0.875,0,1048840,155.6
skills,gepa,eog,hr,3,1,1,task_20260116_095609_650_c5cac200_741831a8,1.0,1,211906,95.5
skills,gepa,eog,hr,3,1,1,task_20260116_104653_444_99ba2325_320d5ca4,1.0,1,297631,101.1
skills,gepa,eog,hr,3,1,1,task_20260116_112336_208_c5cac200_da33db0a,1.0,1,263565,90.1
skills,gepa,eog,hr,3,1,1,task_20260116_125449_931_e6427839_50663277,0.666667,0,225742,62.8
skills,gepa,eog,hr,3,1,1,task_20260116_160908_725_46ca2862_923e672e,1.0,1,240637,91.2
skills,gepa,eog,hr,3,1,1,task_20260116_185136_779_46ca2862_2b77b852,1.0,1,173663,93.4
skills,gepa,eog,hr,3,1,1,task_20260116_203855_584_57529556_7b20a1d8,1.0,1,316161,117.2
skills,gepa,eog,hr,3,1,2,task_20251226_010313_969_accab84d_77306049,0.5,0,236462,106.8
skills,gepa,eog,hr,3,1,2,task_20251226_094920_495_99ba2325_627386b2,1.0,1,254020,89.1
skills,gepa,eog,hr,3,1,2,task_20260109_133046_369_391f1eff_7e44fdca,0.0,0,52815,61.9
skills,gepa,eog,hr,3,1,2,task_20260115_151312_690_57529556_9fca8861,0.625,0,396126,98.3
skills,gepa,eog,hr,3,1,2,task_20260116_095609_650_c5cac200_741831a8,1.0,1,156308,84.0
skills,gepa,eog,hr,3,1,2,task_20260116_104653_444_99ba2325_320d5ca4,1.0,1,235702,84.0
skills,gepa,eog,hr,3,1,2,task_20260116_112336_208_c5cac200_da33db0a,1.0,1,289244,80.6
skills,gepa,eog,hr,3,1,2,task_20260116_125449_931_e6427839_50663277,0.666667,0,276557,104.6
skills,gepa,eog,hr,3,1,2,task_20260116_160908_725_46ca2862_923e672e,1.0,1,171901,93.6
skills,gepa,eog,hr,3,1,2,task_20260116_185136_779_46ca2862_2b77b852,1.0,1,197903,92.0
skills,gepa,eog,hr,3,1,2,task_20260116_203855_584_57529556_7b20a1d8,0.666667,0,213392,108.7
skills,gepa,eog,hr,3,1,3,task_20251226_010313_969_accab84d_77306049,0.5,0,270394,86.8
skills,gepa,eog,hr,3,1,3,task_20251226_094920_495_99ba2325_627386b2,1.0,1,214332,79.0
skills,gepa,eog,hr,3,1,3,task_20260109_133046_369_391f1eff_7e44fdca,0.0,0,80914,77.8
skills,gepa,eog,hr,3,1,3,task_20260115_151312_690_57529556_9fca8861,0.875,0,458282,109.2
skills,gepa,eog,hr,3,1,3,task_20260116_095609_650_c5cac200_741831a8,1.0,1,211841,80.5
skills,gepa,eog,hr,3,1,3,task_20260116_104653_444_99ba2325_320d5ca4,1.0,1,366463,88.8
skills,gepa,eog,hr,3,1,3,task_20260116_112336_208_c5cac200_da33db0a,1.0,1,231405,97.5
skills,gepa,eog,hr,3,1,3,task_20260116_125449_931_e6427839_50663277,0.666667,0,289067,73.0
skills,gepa,eog,hr,3,1,3,task_20260116_160908_725_46ca2862_923e672e,1.0,1,216199,57.5
skills,gepa,eog,hr,3,1,3,task_20260116_185136_779_46ca2862_2b77b852,1.0,1,205198,78.6
skills,gepa,eog,hr,3,1,3,task_20260116_203855_584_57529556_7b20a1d8,0.666667,0,291315,100.4
skills,gepa,eog,hr,3,2,1,task_20251212_175622_173_d61a01c6_62164687,0.5,0,484977,117.1
skills,gepa,eog,hr,3,2,1,task_20251219_155520_685_a8eea1c0_c6fb88a1,1.0,1,228453,82.3
skills,gepa,eog,hr,3,2,1,task_20251224_094258_495_c4ad7a70_42fbe372,0.25,0,331232,91.5
skills,gepa,eog,hr,3,2,1,task_20251224_133749_739_c4ad7a70_9df76270,0.25,0,253586,79.1
skills,gepa,eog,hr,3,2,1,task_20251226_101143_297_99ba2325_75b99d9a,0.75,0,240085,81.9
skills,gepa,eog,hr,3,2,1,task_20251226_114207_539_30600918_6211eb4b,0.666667,0,361072,81.1
skills,gepa,eog,hr,3,2,1,task_20251226_121423_362_c4ad7a70_4be55408,0.333333,0,150420,76.9
skills,gepa,eog,hr,3,2,1,task_20251226_132052_338_e6427839_727d852c,0.5,0,442417,110.1
skills,gepa,eog,hr,3,2,1,task_20251226_153702_699_ad5a67e3_43cd2d47,0.333333,0,151215,87.1
skills,gepa,eog,hr,3,2,1,task_20260109_185510_803_a8eea1c0_b51123d7,1.0,1,374272,112.2
skills,gepa,eog,hr,3,2,1,task_20260109_192935_678_e6427839_4c081ddc,0.5,0,243276,96.9
skills,gepa,eog,hr,3,2,1,task_20260111_151647_667_a8eea1c0_c7c264ba,0.714286,0,428962,110.2
skills,gepa,eog,hr,3,2,1,task_20260111_161750_847_a8eea1c0_3649940a,0.777778,0,282511,89.6
skills,gepa,eog,hr,3,2,1,task_20260111_190744_927_a8eea1c0_17bea726,0.0,0,376339,100.6
skills,gepa,eog,hr,3,2,1,task_20260112_141226_936_7aad91c1_61df8f2b,1.0,1,307786,90.9
skills,gepa,eog,hr,3,2,1,task_20260114_172823_954_a8eea1c0_b725e936,0.666667,0,396284,120.5
skills,gepa,eog,hr,3,2,1,task_20260116_055513_891_99ba2325_849991b8,0.333333,0,316570,99.8
skills,gepa,eog,hr,3,2,1,task_20260116_085958_358_a8eea1c0_6d7f242a,0.666667,0,362881,117.9
skills,gepa,eog,hr,3,2,1,task_20260116_094554_219_c5cac200_82f2d2a8,1.0,1,973185,153.8
skills,gepa,eog,hr,3,2,1,task_20260116_105748_962_99ba2325_dcc658fa,0.75,0,255540,105.0
skills,gepa,eog,hr,3,2,1,task_20260116_134415_018_fa1836dc_d8efb574,0.333333,0,1260144,171.8
skills,gepa,eog,hr,3,2,1,task_20260116_143750_504_a8eea1c0_7d91efa1,1.0,1,246848,84.0
skills,gepa,eog,hr,3,2,2,task_20251212_175622_173_d61a01c6_62164687,0.5,0,209826,96.3
skills,gepa,eog,hr,3,2,2,task_20251219_155520_685_a8eea1c0_c6fb88a1,1.0,1,282599,83.5
skills,gepa,eog,hr,3,2,2,task_20251224_094258_495_c4ad7a70_42fbe372,0.25,0,188228,86.0
skills,gepa,eog,hr,3,2,2,task_20251224_133749_739_c4ad7a70_9df76270,0.25,0,230339,74.6
skills,gepa,eog,hr,3,2,2,task_20251226_101143_297_99ba2325_75b99d9a,0.75,0,337362,95.4
skills,gepa,eog,hr,3,2,2,task_20251226_114207_539_30600918_6211eb4b,0.666667,0,514394,102.7
skills,gepa,eog,hr,3,2,2,task_20251226_121423_362_c4ad7a70_4be55408,0.333333,0,152381,75.3
skills,gepa,eog,hr,3,2,2,task_20251226_132052_338_e6427839_727d852c,0.5,0,687289,141.9
skills,gepa,eog,hr,3,2,2,task_20251226_153702_699_ad5a67e3_43cd2d47,0.333333,0,509064,101.9
skills,gepa,eog,hr,3,2,2,task_20260109_185510_803_a8eea1c0_b51123d7,1.0,1,339481,96.8
skills,gepa,eog,hr,3,2,2,task_20260109_192935_678_e6427839_4c081ddc,0.5,0,315484,122.1
skills,gepa,eog,hr,3,2,2,task_20260111_151647_667_a8eea1c0_c7c264ba,0.714286,0,555403,179.1
skills,gepa,eog,hr,3,2,2,task_20260111_161750_847_a8eea1c0_3649940a,0.777778,0,456162,157.1
skills,gepa,eog,hr,3,2,2,task_20260111_190744_927_a8eea1c0_17bea726,0.0,0,341110,119.8
skills,gepa,eog,hr,3,2,2,task_20260112_141226_936_7aad91c1_61df8f2b,1.0,1,245884,94.5
skills,gepa,eog,hr,3,2,2,task_20260114_172823_954_a8eea1c0_b725e936,0.0,0,296269,139.3
skills,gepa,eog,hr,3,2,2,task_20260116_055513_891_99ba2325_849991b8,0.333333,0,262519,127.4
skills,gepa,eog,hr,3,2,2,task_20260116_085958_358_a8eea1c0_6d7f242a,1.0,1,494006,140.5
skills,gepa,eog,hr,3,2,2,task_20260116_094554_219_c5cac200_82f2d2a8,1.0,1,307078,94.9
skills,gepa,eog,hr,3,2,2,task_20260116_105748_962_99ba2325_dcc658fa,0.75,0,298171,97.9
skills,gepa,eog,hr,3,2,2,task_20260116_134415_018_fa1836dc_d8efb574,0.333333,0,225021,121.3
skills,gepa,eog,hr,3,2,2,task_20260116_143750_504_a8eea1c0_7d91efa1,0.6,0,210496,69.3
skills,gepa,eog,hr,3,2,3,task_20251212_175622_173_d61a01c6_62164687,0.5,0,347994,116.3
skills,gepa,eog,hr,3,2,3,task_20251219_155520_685_a8eea1c0_c6fb88a1,1.0,1,296092,83.2
skills,gepa,eog,hr,3,2,3,task_20251224_094258_495_c4ad7a70_42fbe372,0.25,0,214780,81.7
skills,gepa,eog,hr,3,2,3,task_20251224_133749_739_c4ad7a70_9df76270,0.25,0,220593,59.7
skills,gepa,eog,hr,3,2,3,task_20251226_101143_297_99ba2325_75b99d9a,0.75,0,475748,113.8
skills,gepa,eog,hr,3,2,3,task_20251226_114207_539_30600918_6211eb4b,0.666667,0,418934,100.0
skills,gepa,eog,hr,3,2,3,task_20251226_121423_362_c4ad7a70_4be55408,0.333333,0,185642,66.2
skills,gepa,eog,hr,3,2,3,task_20251226_132052_338_e6427839_727d852c,0.5,0,548116,110.8
skills,gepa,eog,hr,3,2,3,task_20251226_153702_699_ad5a67e3_43cd2d47,0.333333,0,555826,105.8
skills,gepa,eog,hr,3,2,3,task_20260109_185510_803_a8eea1c0_b51123d7,1.0,1,333460,75.1
skills,gepa,eog,hr,3,2,3,task_20260109_192935_678_e6427839_4c081ddc,0.5,0,250073,110.2
skills,gepa,eog,hr,3,2,3,task_20260111_151647_667_a8eea1c0_c7c264ba,0.714286,0,353378,106.6
skills,gepa,eog,hr,3,2,3,task_20260111_161750_847_a8eea1c0_3649940a,0.777778,0,274492,90.5
skills,gepa,eog,hr,3,2,3,task_20260111_190744_927_a8eea1c0_17bea726,0.0,0,333454,102.1
skills,gepa,eog,hr,3,2,3,task_20260112_141226_936_7aad91c1_61df8f2b,1.0,1,449224,153.4
skills,gepa,eog,hr,3,2,3,task_20260114_172823_954_a8eea1c0_b725e936,0.666667,0,384843,92.1
skills,gepa,eog,hr,3,2,3,task_20260116_055513_891_99ba2325_849991b8,0.333333,0,354853,123.7
skills,gepa,eog,hr,3,2,3,task_20260116_085958_358_a8eea1c0_6d7f242a,1.0,1,538294,123.7
skills,gepa,eog,hr,3,2,3,task_20260116_094554_219_c5cac200_82f2d2a8,1.0,1,338156,124.8
skills,gepa,eog,hr,3,2,3,task_20260116_105748_962_99ba2325_dcc658fa,0.75,0,276849,126.4
skills,gepa,eog,hr,3,2,3,task_20260116_134415_018_fa1836dc_d8efb574,0.333333,0,576053,122.8
skills,gepa,eog,hr,3,2,3,task_20260116_143750_504_a8eea1c0_7d91efa1,0.6,0,204366,95.4
skills,gepa,eog,hr,3,3,1,task_20251216_123530_079_ec0cb5dd_3b89aab7,0.6,0,300658,64.3
skills,gepa,eog,hr,3,3,1,task_20251217_073807_153_761f6b82_cba63024,0.714286,0,1238869,167.4
skills,gepa,eog,hr,3,3,1,task_20251219_114935_971_a8eea1c0_188fc892,1.0,1,953986,157.4
skills,gepa,eog,hr,3,3,1,task_20251219_155215_361_00364ece_c1c6ffc8,0.4,0,172258,67.2
skills,gepa,eog,hr,3,3,1,task_20251223_150001_549_d9bcd1e5_475d93ab,0.857143,0,293695,74.9
skills,gepa,eog,hr,3,3,1,task_20251223_174414_238_a8eea1c0_0c3b20c1,0.0,0,279641,131.4
skills,gepa,eog,hr,3,3,1,task_20251223_184833_888_a8eea1c0_87c53cb9,0.428571,0,162808,85.3
skills,gepa,eog,hr,3,3,1,task_20251224_064352_705_ec0cb5dd_46d83d4e,0.769231,0,492159,147.0
skills,gepa,eog,hr,3,3,1,task_20251224_150114_483_a8eea1c0_d44f97ad,0.75,0,411810,104.2
skills,gepa,eog,hr,3,3,1,task_20251224_234036_267_accab84d_f26a18f7,0.625,0,319832,115.4
skills,gepa,eog,hr,3,3,1,task_20251225_062927_003_d9bcd1e5_d996901a,0.75,0,1697533,180.7
skills,gepa,eog,hr,3,3,1,task_20251225_180047_141_a8eea1c0_002e725f,1.0,1,215043,59.0
skills,gepa,eog,hr,3,3,1,task_20251226_041218_355_d9bcd1e5_bc84c9d5,0.777778,0,639320,135.5
skills,gepa,eog,hr,3,3,1,task_20251226_104747_127_30600918_559da326,0.5,0,388833,148.7
skills,gepa,eog,hr,3,3,1,task_20251226_110144_731_b25153b4_773380f8,0.571429,0,663302,124.5
skills,gepa,eog,hr,3,3,1,task_20260109_180543_808_391f1eff_02357fea,0.666667,0,143102,73.4
skills,gepa,eog,hr,3,3,1,task_20260111_204619_117_a8eea1c0_b69d59bc,0.6,0,253771,118.2
skills,gepa,eog,hr,3,3,1,task_20260112_124137_537_761f6b82_9e1a6b99,0.25,0,290558,125.6
skills,gepa,eog,hr,3,3,1,task_20260114_180423_838_00364ece_9f2ad35c,0.5,0,452572,124.8
skills,gepa,eog,hr,3,3,1,task_20260115_130852_498_a8eea1c0_e9192d7e,0.333333,0,229652,109.4
skills,gepa,eog,hr,3,3,2,task_20251216_123530_079_ec0cb5dd_3b89aab7,0.6,0,508407,128.5
skills,gepa,eog,hr,3,3,2,task_20251217_073807_153_761f6b82_cba63024,0.714286,0,535173,144.5
skills,gepa,eog,hr,3,3,2,task_20251219_114935_971_a8eea1c0_188fc892,1.0,1,365455,121.5
skills,gepa,eog,hr,3,3,2,task_20251219_155215_361_00364ece_c1c6ffc8,0.4,0,354060,80.6
skills,gepa,eog,hr,3,3,2,task_20251223_150001_549_d9bcd1e5_475d93ab,0.857143,0,295996,98.2
skills,gepa,eog,hr,3,3,2,task_20251223_174414_238_a8eea1c0_0c3b20c1,1.0,1,388131,141.8
skills,gepa,eog,hr,3,3,2,task_20251223_184833_888_a8eea1c0_87c53cb9,0.571429,0,173272,84.4
skills,gepa,eog,hr,3,3,2,task_20251224_064352_705_ec0cb5dd_46d83d4e,0.461538,0,114621,85.3
skills,gepa,eog,hr,3,3,2,task_20251224_150114_483_a8eea1c0_d44f97ad,0.75,0,351013,118.8
skills,gepa,eog,hr,3,3,2,task_20251224_234036_267_accab84d_f26a18f7,0.0,0,146990,195.3
skills,gepa,eog,hr,3,3,2,task_20251225_062927_003_d9bcd1e5_d996901a,0.875,0,1482981,202.3
skills,gepa,eog,hr,3,3,2,task_20251225_180047_141_a8eea1c0_002e725f,1.0,1,223301,61.3
skills,gepa,eog,hr,3,3,2,task_20251226_041218_355_d9bcd1e5_bc84c9d5,0.777778,0,790741,119.2
skills,gepa,eog,hr,3,3,2,task_20251226_104747_127_30600918_559da326,0.5,0,284251,99.0
skills,gepa,eog,hr,3,3,2,task_20251226_110144_731_b25153b4_773380f8,0.714286,0,742531,145.9
skills,gepa,eog,hr,3,3,2,task_20260109_180543_808_391f1eff_02357fea,0.666667,0,109882,88.4
skills,gepa,eog,hr,3,3,2,task_20260111_204619_117_a8eea1c0_b69d59bc,0.6,0,510350,128.8
skills,gepa,eog,hr,3,3,2,task_20260112_124137_537_761f6b82_9e1a6b99,0.25,0,312267,89.6
skills,gepa,eog,hr,3,3,2,task_20260114_180423_838_00364ece_9f2ad35c,0.5,0,384223,113.4
skills,gepa,eog,hr,3,3,2,task_20260115_130852_498_a8eea1c0_e9192d7e,0.333333,0,250583,95.3
skills,gepa,eog,hr,3,3,3,task_20251216_123530_079_ec0cb5dd_3b89aab7,0.6,0,466367,106.7
skills,gepa,eog,hr,3,3,3,task_20251217_073807_153_761f6b82_cba63024,0.714286,0,577407,135.7
skills,gepa,eog,hr,3,3,3,task_20251219_114935_971_a8eea1c0_188fc892,1.0,1,190941,64.7
skills,gepa,eog,hr,3,3,3,task_20251219_155215_361_00364ece_c1c6ffc8,0.4,0,307803,85.3
skills,gepa,eog,hr,3,3,3,task_20251223_150001_549_d9bcd1e5_475d93ab,0.857143,0,255116,84.7
skills,gepa,eog,hr,3,3,3,task_20251223_174414_238_a8eea1c0_0c3b20c1,0.5,0,251803,102.7
skills,gepa,eog,hr,3,3,3,task_20251223_184833_888_a8eea1c0_87c53cb9,0.428571,0,155578,94.9
skills,gepa,eog,hr,3,3,3,task_20251224_064352_705_ec0cb5dd_46d83d4e,0.461538,0,303996,88.1
skills,gepa,eog,hr,3,3,3,task_20251224_150114_483_a8eea1c0_d44f97ad,0.75,0,307377,112.5
skills,gepa,eog,hr,3,3,3,task_20251224_234036_267_accab84d_f26a18f7,0.5,0,291019,130.0
skills,gepa,eog,hr,3,3,3,task_20251225_062927_003_d9bcd1e5_d996901a,0.875,0,1280328,151.7
skills,gepa,eog,hr,3,3,3,task_20251225_180047_141_a8eea1c0_002e725f,1.0,1,306817,97.0
skills,gepa,eog,hr,3,3,3,task_20251226_041218_355_d9bcd1e5_bc84c9d5,0.777778,0,298542,109.4
skills,gepa,eog,hr,3,3,3,task_20251226_104747_127_30600918_559da326,0.5,0,323201,87.6
skills,gepa,eog,hr,3,3,3,task_20251226_110144_731_b25153b4_773380f8,1.0,1,734160,160.2
skills,gepa,eog,hr,3,3,3,task_20260109_180543_808_391f1eff_02357fea,0.666667,0,127141,88.9
skills,gepa,eog,hr,3,3,3,task_20260111_204619_117_a8eea1c0_b69d59bc,0.6,0,280625,108.1
skills,gepa,eog,hr,3,3,3,task_20260112_124137_537_761f6b82_9e1a6b99,0.25,0,298608,112.3
skills,gepa,eog,hr,3,3,3,task_20260114_180423_838_00364ece_9f2ad35c,0.5,0,401542,113.1
skills,gepa,eog,hr,3,3,3,task_20260115_130852_498_a8eea1c0_e9192d7e,0.333333,0,203164,90.7
skills,gepa,eog,itsm,1,1,1,task_20251218_164829_676_97d7df7d_893f6b2c,1.0,1,258013,147.2
skills,gepa,eog,itsm,1,1,1,task_20251218_183102_136_391f1eff_ac9a6986,0.0,0,140504,63.4
skills,gepa,eog,itsm,1,1,1,task_20251218_193035_592_391f1eff_5293f595,0.0,0,139296,74.5
skills,gepa,eog,itsm,1,1,1,task_20251219_091707_306_ad5a67e3_a76dbe57,0.0,0,46725,35.5
skills,gepa,eog,itsm,1,1,1,task_20251221_191123_397_97d7df7d_7196ef19,1.0,1,287237,97.1
skills,gepa,eog,itsm,1,1,1,task_20251222_105710_498_391f1eff_8b25dbef,0.5,0,131696,107.3
skills,gepa,eog,itsm,1,1,1,task_20251222_195853_743_0be70e35_0916fba8,0.5,0,213981,91.3
skills,gepa,eog,itsm,1,1,1,task_20251223_081019_100_d4a463c3_f8774fe4,0.5,0,157102,98.4
skills,gepa,eog,itsm,1,1,1,task_20251223_135402_072_c5ca08eb_67009578,0.0,0,64802,55.0
skills,gepa,eog,itsm,1,1,1,task_20251223_224508_138_97d7df7d_b4505336,1.0,1,177567,80.9
skills,gepa,eog,itsm,1,1,1,task_20260113_125933_225_accab84d_d7ec710e,0.0,0,188054,117.1
skills,gepa,eog,itsm,1,1,1,task_20260114_134336_659_e6427839_91142068,0.6,0,245264,100.1
skills,gepa,eog,itsm,1,1,1,task_20260116_101840_488_e6427839_81df8ba3,0.5,0,199409,93.8
skills,gepa,eog,itsm,1,1,2,task_20251218_164829_676_97d7df7d_893f6b2c,0.666667,0,343341,167.9
skills,gepa,eog,itsm,1,1,2,task_20251218_183102_136_391f1eff_ac9a6986,0.0,0,71035,60.4
skills,gepa,eog,itsm,1,1,2,task_20251218_193035_592_391f1eff_5293f595,0.0,0,85576,58.7
skills,gepa,eog,itsm,1,1,2,task_20251219_091707_306_ad5a67e3_a76dbe57,0.0,0,96340,63.5
skills,gepa,eog,itsm,1,1,2,task_20251221_191123_397_97d7df7d_7196ef19,1.0,1,316341,89.3
skills,gepa,eog,itsm,1,1,2,task_20251222_105710_498_391f1eff_8b25dbef,0.5,0,106613,63.9
skills,gepa,eog,itsm,1,1,2,task_20251222_195853_743_0be70e35_0916fba8,0.5,0,158388,112.8
skills,gepa,eog,itsm,1,1,2,task_20251223_081019_100_d4a463c3_f8774fe4,0.5,0,74315,55.2
skills,gepa,eog,itsm,1,1,2,task_20251223_135402_072_c5ca08eb_67009578,0.0,0,54702,58.6
skills,gepa,eog,itsm,1,1,2,task_20251223_224508_138_97d7df7d_b4505336,1.0,1,220155,88.9
skills,gepa,eog,itsm,1,1,2,task_20260113_125933_225_accab84d_d7ec710e,0.0,0,137993,117.5
skills,gepa,eog,itsm,1,1,2,task_20260114_134336_659_e6427839_91142068,0.6,0,262073,90.1
skills,gepa,eog,itsm,1,1,2,task_20260116_101840_488_e6427839_81df8ba3,0.5,0,185167,82.6
skills,gepa,eog,itsm,1,1,3,task_20251218_164829_676_97d7df7d_893f6b2c,0.666667,0,249882,116.4
skills,gepa,eog,itsm,1,1,3,task_20251218_183102_136_391f1eff_ac9a6986,0.0,0,124220,60.9
skills,gepa,eog,itsm,1,1,3,task_20251218_193035_592_391f1eff_5293f595,0.0,0,81549,69.8
skills,gepa,eog,itsm,1,1,3,task_20251219_091707_306_ad5a67e3_a76dbe57,0.0,0,75511,45.5
skills,gepa,eog,itsm,1,1,3,task_20251221_191123_397_97d7df7d_7196ef19,1.0,1,289681,96.5
skills,gepa,eog,itsm,1,1,3,task_20251222_105710_498_391f1eff_8b25dbef,0.5,0,74010,55.7
skills,gepa,eog,itsm,1,1,3,task_20251222_195853_743_0be70e35_0916fba8,0.5,0,232716,97.4
skills,gepa,eog,itsm,1,1,3,task_20251223_081019_100_d4a463c3_f8774fe4,0.5,0,85065,57.1
skills,gepa,eog,itsm,1,1,3,task_20251223_135402_072_c5ca08eb_67009578,0.0,0,57125,48.1
skills,gepa,eog,itsm,1,1,3,task_20251223_224508_138_97d7df7d_b4505336,1.0,1,206036,73.0
skills,gepa,eog,itsm,1,1,3,task_20260113_125933_225_accab84d_d7ec710e,0.0,0,148497,88.9
skills,gepa,eog,itsm,1,1,3,task_20260114_134336_659_e6427839_91142068,0.6,0,323403,84.4
skills,gepa,eog,itsm,1,1,3,task_20260116_101840_488_e6427839_81df8ba3,0.5,0,126864,62.5
skills,gepa,eog,itsm,1,2,1,task_20251216_131651_690_764e5ead_f8619b02,0.666667,0,180599,116.7
skills,gepa,eog,itsm,1,2,1,task_20251217_030654_663_99ba2325_f931fd42,0.0,0,72398,108.0
skills,gepa,eog,itsm,1,2,1,task_20251218_082708_201_99ba2325_51726f9c,0.5,0,171097,123.6
skills,gepa,eog,itsm,1,2,1,task_20251218_093719_611_764e5ead_5817d09a,1.0,1,278518,160.9
skills,gepa,eog,itsm,1,2,1,task_20251218_104259_233_66392a82_74b17170,0.666667,0,147270,90.5
skills,gepa,eog,itsm,1,2,1,task_20251218_124419_383_66392a82_52c8290e,1.0,1,75092,102.2
skills,gepa,eog,itsm,1,2,1,task_20251218_155314_617_c5ca08eb_3ce3c52f,1.0,1,64253,109.3
skills,gepa,eog,itsm,1,2,1,task_20251218_171924_336_ad5a67e3_af252cf6,0.0,0,339002,273.2
skills,gepa,eog,itsm,1,2,1,task_20251218_220134_063_391f1eff_30369342,1.0,1,70935,65.2
skills,gepa,eog,itsm,1,2,1,task_20251218_234602_633_391f1eff_09a746e7,0.0,0,97128,97.2
skills,gepa,eog,itsm,1,2,1,task_20251219_115925_475_1d219d93_53d34d23,1.0,1,295972,204.6
skills,gepa,eog,itsm,1,2,1,task_20251222_140957_029_c5ca08eb_3c4271f0,0.5,0,141257,114.1
skills,gepa,eog,itsm,1,2,1,task_20251223_064316_340_01395ded_9c6f3e01,0.75,0,162150,125.7
skills,gepa,eog,itsm,1,2,1,task_20251223_153021_454_66392a82_0d6d8897,0.75,0,241483,129.0
skills,gepa,eog,itsm,1,2,1,task_20260113_153008_006_46ca2862_c5083638,0.0,0,95473,111.7
skills,gepa,eog,itsm,1,2,1,task_20260114_173716_566_46ca2862_301e0b47,0.833333,0,336093,179.6
skills,gepa,eog,itsm,1,2,1,task_20260115_152733_296_46ca2862_55f848d3,0.6,0,311437,140.0
skills,gepa,eog,itsm,1,2,1,task_20260116_081645_096_66392a82_fd509f97,0.6,0,198205,120.6
skills,gepa,eog,itsm,1,2,1,task_20260116_091935_817_d4a463c3_3f20bdca,0.666667,0,61933,96.4
skills,gepa,eog,itsm,1,2,1,task_20260116_224538_330_66392a82_10d0806e,0.8,0,714738,175.8
skills,gepa,eog,itsm,1,2,2,task_20251216_131651_690_764e5ead_f8619b02,0.666667,0,163871,76.8
skills,gepa,eog,itsm,1,2,2,task_20251217_030654_663_99ba2325_f931fd42,0.0,0,151357,84.8
skills,gepa,eog,itsm,1,2,2,task_20251218_082708_201_99ba2325_51726f9c,1.0,1,107933,83.8
skills,gepa,eog,itsm,1,2,2,task_20251218_093719_611_764e5ead_5817d09a,1.0,1,418005,179.9
skills,gepa,eog,itsm,1,2,2,task_20251218_104259_233_66392a82_74b17170,0.666667,0,92189,109.0
skills,gepa,eog,itsm,1,2,2,task_20251218_124419_383_66392a82_52c8290e,1.0,1,80005,87.4
skills,gepa,eog,itsm,1,2,2,task_20251218_155314_617_c5ca08eb_3ce3c52f,1.0,1,81844,57.4
skills,gepa,eog,itsm,1,2,2,task_20251218_171924_336_ad5a67e3_af252cf6,0.0,0,128103,147.8
skills,gepa,eog,itsm,1,2,2,task_20251218_220134_063_391f1eff_30369342,0.5,0,73985,49.2
skills,gepa,eog,itsm,1,2,2,task_20251218_234602_633_391f1eff_09a746e7,0.0,0,89853,78.3
skills,gepa,eog,itsm,1,2,2,task_20251219_115925_475_1d219d93_53d34d23,0.6,0,190727,98.3
skills,gepa,eog,itsm,1,2,2,task_20251222_140957_029_c5ca08eb_3c4271f0,0.5,0,200051,89.2
skills,gepa,eog,itsm,1,2,2,task_20251223_064316_340_01395ded_9c6f3e01,0.5,0,212510,167.0
skills,gepa,eog,itsm,1,2,2,task_20251223_153021_454_66392a82_0d6d8897,0.75,0,234828,90.0
skills,gepa,eog,itsm,1,2,2,task_20260113_153008_006_46ca2862_c5083638,0.0,0,102661,122.0
skills,gepa,eog,itsm,1,2,2,task_20260114_173716_566_46ca2862_301e0b47,0.833333,0,349924,134.3
skills,gepa,eog,itsm,1,2,2,task_20260115_152733_296_46ca2862_55f848d3,0.6,0,184607,120.4
skills,gepa,eog,itsm,1,2,2,task_20260116_081645_096_66392a82_fd509f97,0.4,0,212723,93.9
skills,gepa,eog,itsm,1,2,2,task_20260116_091935_817_d4a463c3_3f20bdca,1.0,1,81942,121.1
skills,gepa,eog,itsm,1,2,2,task_20260116_224538_330_66392a82_10d0806e,0.8,0,696738,135.9
skills,gepa,eog,itsm,1,2,3,task_20251216_131651_690_764e5ead_f8619b02,1.0,1,189148,127.2
skills,gepa,eog,itsm,1,2,3,task_20251217_030654_663_99ba2325_f931fd42,0.0,0,69253,57.2
skills,gepa,eog,itsm,1,2,3,task_20251218_082708_201_99ba2325_51726f9c,0.5,0,106640,105.4
skills,gepa,eog,itsm,1,2,3,task_20251218_093719_611_764e5ead_5817d09a,1.0,1,229643,94.8
skills,gepa,eog,itsm,1,2,3,task_20251218_104259_233_66392a82_74b17170,0.666667,0,87170,101.0
skills,gepa,eog,itsm,1,2,3,task_20251218_124419_383_66392a82_52c8290e,1.0,1,84180,57.3
skills,gepa,eog,itsm,1,2,3,task_20251218_155314_617_c5ca08eb_3ce3c52f,1.0,1,142704,51.4
skills,gepa,eog,itsm,1,2,3,task_20251218_171924_336_ad5a67e3_af252cf6,0.0,0,69351,128.0
skills,gepa,eog,itsm,1,2,3,task_20251218_220134_063_391f1eff_30369342,0.5,0,70805,68.1
skills,gepa,eog,itsm,1,2,3,task_20251218_234602_633_391f1eff_09a746e7,0.0,0,104223,74.4
skills,gepa,eog,itsm,1,2,3,task_20251219_115925_475_1d219d93_53d34d23,0.8,0,231685,147.1
skills,gepa,eog,itsm,1,2,3,task_20251222_140957_029_c5ca08eb_3c4271f0,0.5,0,131288,152.9
skills,gepa,eog,itsm,1,2,3,task_20251223_064316_340_01395ded_9c6f3e01,0.75,0,154854,224.0
skills,gepa,eog,itsm,1,2,3,task_20251223_153021_454_66392a82_0d6d8897,0.75,0,301858,123.0
skills,gepa,eog,itsm,1,2,3,task_20260113_153008_006_46ca2862_c5083638,0.5,0,183157,112.9
skills,gepa,eog,itsm,1,2,3,task_20260114_173716_566_46ca2862_301e0b47,0.833333,0,210532,124.0
skills,gepa,eog,itsm,1,2,3,task_20260115_152733_296_46ca2862_55f848d3,0.6,0,190281,159.3
skills,gepa,eog,itsm,1,2,3,task_20260116_081645_096_66392a82_fd509f97,0.4,0,270298,134.4
skills,gepa,eog,itsm,1,2,3,task_20260116_091935_817_d4a463c3_3f20bdca,0.666667,0,62018,61.6
skills,gepa,eog,itsm,1,2,3,task_20260116_224538_330_66392a82_10d0806e,0.8,0,640955,157.1
skills,gepa,eog,itsm,2,1,1,task_20251218_164829_676_97d7df7d_893f6b2c,1.0,1,227192,103.3
skills,gepa,eog,itsm,2,1,1,task_20251218_183102_136_391f1eff_ac9a6986,0.0,0,88384,59.9
skills,gepa,eog,itsm,2,1,1,task_20251218_193035_592_391f1eff_5293f595,0.0,0,84914,49.5
skills,gepa,eog,itsm,2,1,1,task_20251219_091707_306_ad5a67e3_a76dbe57,0.0,0,63775,56.6
skills,gepa,eog,itsm,2,1,1,task_20251221_191123_397_97d7df7d_7196ef19,1.0,1,294387,94.5
skills,gepa,eog,itsm,2,1,1,task_20251222_105710_498_391f1eff_8b25dbef,0.5,0,138518,65.3
skills,gepa,eog,itsm,2,1,1,task_20251222_195853_743_0be70e35_0916fba8,0.5,0,180918,73.2
skills,gepa,eog,itsm,2,1,1,task_20251223_081019_100_d4a463c3_f8774fe4,0.5,0,91852,49.2
skills,gepa,eog,itsm,2,1,1,task_20251223_135402_072_c5ca08eb_67009578,0.0,0,56583,51.6
skills,gepa,eog,itsm,2,1,1,task_20251223_224508_138_97d7df7d_b4505336,1.0,1,212445,82.5
skills,gepa,eog,itsm,2,1,1,task_20260113_125933_225_accab84d_d7ec710e,0.0,0,155665,81.2
skills,gepa,eog,itsm,2,1,1,task_20260114_134336_659_e6427839_91142068,0.6,0,272949,110.5
skills,gepa,eog,itsm,2,1,1,task_20260116_101840_488_e6427839_81df8ba3,0.5,0,187796,80.0
skills,gepa,eog,itsm,2,1,2,task_20251218_164829_676_97d7df7d_893f6b2c,0.666667,0,266386,125.0
skills,gepa,eog,itsm,2,1,2,task_20251218_183102_136_391f1eff_ac9a6986,0.0,0,89549,70.0
skills,gepa,eog,itsm,2,1,2,task_20251218_193035_592_391f1eff_5293f595,0.0,0,73443,71.1
skills,gepa,eog,itsm,2,1,2,task_20251219_091707_306_ad5a67e3_a76dbe57,0.0,0,49169,62.5
skills,gepa,eog,itsm,2,1,2,task_20251221_191123_397_97d7df7d_7196ef19,1.0,1,305108,108.5
skills,gepa,eog,itsm,2,1,2,task_20251222_105710_498_391f1eff_8b25dbef,0.5,0,94141,61.2
skills,gepa,eog,itsm,2,1,2,task_20251222_195853_743_0be70e35_0916fba8,0.5,0,132599,93.0
skills,gepa,eog,itsm,2,1,2,task_20251223_081019_100_d4a463c3_f8774fe4,0.5,0,72452,50.8
skills,gepa,eog,itsm,2,1,2,task_20251223_135402_072_c5ca08eb_67009578,0.0,0,56518,56.3
skills,gepa,eog,itsm,2,1,2,task_20251223_224508_138_97d7df7d_b4505336,0.5,0,193033,83.8
skills,gepa,eog,itsm,2,1,2,task_20260113_125933_225_accab84d_d7ec710e,0.333333,0,448624,179.1
skills,gepa,eog,itsm,2,1,2,task_20260114_134336_659_e6427839_91142068,0.6,0,254380,92.1
skills,gepa,eog,itsm,2,1,2,task_20260116_101840_488_e6427839_81df8ba3,0.25,0,296209,85.0
skills,gepa,eog,itsm,2,1,3,task_20251218_164829_676_97d7df7d_893f6b2c,0.666667,0,307626,114.4
skills,gepa,eog,itsm,2,1,3,task_20251218_183102_136_391f1eff_ac9a6986,0.0,0,127722,60.3
skills,gepa,eog,itsm,2,1,3,task_20251218_193035_592_391f1eff_5293f595,0.0,0,80908,55.6
skills,gepa,eog,itsm,2,1,3,task_20251219_091707_306_ad5a67e3_a76dbe57,0.0,0,62911,56.3
skills,gepa,eog,itsm,2,1,3,task_20251221_191123_397_97d7df7d_7196ef19,0.333333,0,289403,100.8
skills,gepa,eog,itsm,2,1,3,task_20251222_105710_498_391f1eff_8b25dbef,0.5,0,91048,58.4
skills,gepa,eog,itsm,2,1,3,task_20251222_195853_743_0be70e35_0916fba8,0.5,0,119132,73.7
skills,gepa,eog,itsm,2,1,3,task_20251223_081019_100_d4a463c3_f8774fe4,0.5,0,119424,73.0
skills,gepa,eog,itsm,2,1,3,task_20251223_135402_072_c5ca08eb_67009578,0.0,0,52971,38.4
skills,gepa,eog,itsm,2,1,3,task_20251223_224508_138_97d7df7d_b4505336,0.5,0,172624,66.8
skills,gepa,eog,itsm,2,1,3,task_20260113_125933_225_accab84d_d7ec710e,0.0,0,397258,149.3
skills,gepa,eog,itsm,2,1,3,task_20260114_134336_659_e6427839_91142068,0.6,0,257188,83.8
skills,gepa,eog,itsm,2,1,3,task_20260116_101840_488_e6427839_81df8ba3,0.5,0,150800,70.1
skills,gepa,eog,itsm,2,2,1,task_20251216_131651_690_764e5ead_f8619b02,1.0,1,124621,78.8
skills,gepa,eog,itsm,2,2,1,task_20251217_030654_663_99ba2325_f931fd42,0.0,0,59870,101.2
skills,gepa,eog,itsm,2,2,1,task_20251218_082708_201_99ba2325_51726f9c,1.0,1,97810,81.0
skills,gepa,eog,itsm,2,2,1,task_20251218_093719_611_764e5ead_5817d09a,1.0,1,271088,120.6
skills,gepa,eog,itsm,2,2,1,task_20251218_104259_233_66392a82_74b17170,0.666667,0,122020,70.9
skills,gepa,eog,itsm,2,2,1,task_20251218_124419_383_66392a82_52c8290e,1.0,1,94680,68.2
skills,gepa,eog,itsm,2,2,1,task_20251218_155314_617_c5ca08eb_3ce3c52f,1.0,1,81284,60.9
skills,gepa,eog,itsm,2,2,1,task_20251218_171924_336_ad5a67e3_af252cf6,0.333333,0,123360,175.3
skills,gepa,eog,itsm,2,2,1,task_20251218_220134_063_391f1eff_30369342,1.0,1,75284,55.3
skills,gepa,eog,itsm,2,2,1,task_20251218_234602_633_391f1eff_09a746e7,0.0,0,154642,64.6
skills,gepa,eog,itsm,2,2,1,task_20251219_115925_475_1d219d93_53d34d23,0.6,0,277119,89.0
skills,gepa,eog,itsm,2,2,1,task_20251222_140957_029_c5ca08eb_3c4271f0,0.5,0,195356,124.3
skills,gepa,eog,itsm,2,2,1,task_20251223_064316_340_01395ded_9c6f3e01,0.75,0,155650,98.3
skills,gepa,eog,itsm,2,2,1,task_20251223_153021_454_66392a82_0d6d8897,0.75,0,352425,118.7
skills,gepa,eog,itsm,2,2,1,task_20260113_153008_006_46ca2862_c5083638,1.0,1,197607,105.5
skills,gepa,eog,itsm,2,2,1,task_20260114_173716_566_46ca2862_301e0b47,1.0,1,230002,91.6
skills,gepa,eog,itsm,2,2,1,task_20260115_152733_296_46ca2862_55f848d3,0.6,0,220301,144.0
skills,gepa,eog,itsm,2,2,1,task_20260116_081645_096_66392a82_fd509f97,0.4,0,251750,124.4
skills,gepa,eog,itsm,2,2,1,task_20260116_091935_817_d4a463c3_3f20bdca,0.666667,0,63474,66.3
skills,gepa,eog,itsm,2,2,1,task_20260116_224538_330_66392a82_10d0806e,0.8,0,778811,165.5
skills,gepa,eog,itsm,2,2,2,task_20251216_131651_690_764e5ead_f8619b02,0.666667,0,212674,99.7
skills,gepa,eog,itsm,2,2,2,task_20251217_030654_663_99ba2325_f931fd42,0.0,0,88543,73.0
skills,gepa,eog,itsm,2,2,2,task_20251218_082708_201_99ba2325_51726f9c,1.0,1,104552,63.2
skills,gepa,eog,itsm,2,2,2,task_20251218_093719_611_764e5ead_5817d09a,1.0,1,299936,125.1
skills,gepa,eog,itsm,2,2,2,task_20251218_104259_233_66392a82_74b17170,0.666667,0,151899,96.7
skills,gepa,eog,itsm,2,2,2,task_20251218_124419_383_66392a82_52c8290e,1.0,1,75106,65.1
skills,gepa,eog,itsm,2,2,2,task_20251218_155314_617_c5ca08eb_3ce3c52f,1.0,1,62701,56.9
skills,gepa,eog,itsm,2,2,2,task_20251218_171924_336_ad5a67e3_af252cf6,0.333333,0,108522,147.9
skills,gepa,eog,itsm,2,2,2,task_20251218_220134_063_391f1eff_30369342,0.5,0,75135,71.5
skills,gepa,eog,itsm,2,2,2,task_20251218_234602_633_391f1eff_09a746e7,0.0,0,74790,61.6
skills,gepa,eog,itsm,2,2,2,task_20251219_115925_475_1d219d93_53d34d23,1.0,1,210316,82.5
skills,gepa,eog,itsm,2,2,2,task_20251222_140957_029_c5ca08eb_3c4271f0,0.5,0,178825,96.0
skills,gepa,eog,itsm,2,2,2,task_20251223_064316_340_01395ded_9c6f3e01,0.25,0,289784,123.4
skills,gepa,eog,itsm,2,2,2,task_20251223_153021_454_66392a82_0d6d8897,0.75,0,525648,133.3
skills,gepa,eog,itsm,2,2,2,task_20260113_153008_006_46ca2862_c5083638,0.5,0,191372,113.5
skills,gepa,eog,itsm,2,2,2,task_20260114_173716_566_46ca2862_301e0b47,0.833333,0,399177,106.5
skills,gepa,eog,itsm,2,2,2,task_20260115_152733_296_46ca2862_55f848d3,0.6,0,370742,111.0
skills,gepa,eog,itsm,2,2,2,task_20260116_081645_096_66392a82_fd509f97,0.6,0,220127,85.4
skills,gepa,eog,itsm,2,2,2,task_20260116_091935_817_d4a463c3_3f20bdca,0.666667,0,61043,50.1
skills,gepa,eog,itsm,2,2,2,task_20260116_224538_330_66392a82_10d0806e,0.8,0,748105,156.8
skills,gepa,eog,itsm,2,2,3,task_20251216_131651_690_764e5ead_f8619b02,0.666667,0,215173,93.9
skills,gepa,eog,itsm,2,2,3,task_20251217_030654_663_99ba2325_f931fd42,0.0,0,28483,62.6
skills,gepa,eog,itsm,2,2,3,task_20251218_082708_201_99ba2325_51726f9c,0.5,0,184671,79.7
skills,gepa,eog,itsm,2,2,3,task_20251218_093719_611_764e5ead_5817d09a,1.0,1,264045,95.7
skills,gepa,eog,itsm,2,2,3,task_20251218_104259_233_66392a82_74b17170,0.666667,0,104542,69.9
skills,gepa,eog,itsm,2,2,3,task_20251218_124419_383_66392a82_52c8290e,1.0,1,88359,65.5
skills,gepa,eog,itsm,2,2,3,task_20251218_155314_617_c5ca08eb_3ce3c52f,0.666667,0,65338,57.6
skills,gepa,eog,itsm,2,2,3,task_20251218_171924_336_ad5a67e3_af252cf6,0.666667,0,360169,135.3
skills,gepa,eog,itsm,2,2,3,task_20251218_220134_063_391f1eff_30369342,0.5,0,72185,46.9
skills,gepa,eog,itsm,2,2,3,task_20251218_234602_633_391f1eff_09a746e7,0.0,0,75034,74.6
skills,gepa,eog,itsm,2,2,3,task_20251219_115925_475_1d219d93_53d34d23,1.0,1,211122,75.2
skills,gepa,eog,itsm,2,2,3,task_20251222_140957_029_c5ca08eb_3c4271f0,0.5,0,172690,85.7
skills,gepa,eog,itsm,2,2,3,task_20251223_064316_340_01395ded_9c6f3e01,0.75,0,171754,80.7
skills,gepa,eog,itsm,2,2,3,task_20251223_153021_454_66392a82_0d6d8897,0.75,0,302750,91.9
skills,gepa,eog,itsm,2,2,3,task_20260113_153008_006_46ca2862_c5083638,1.0,1,208152,104.9
skills,gepa,eog,itsm,2,2,3,task_20260114_173716_566_46ca2862_301e0b47,0.833333,0,415003,143.4
skills,gepa,eog,itsm,2,2,3,task_20260115_152733_296_46ca2862_55f848d3,0.6,0,281318,85.4
skills,gepa,eog,itsm,2,2,3,task_20260116_081645_096_66392a82_fd509f97,0.6,0,365379,97.7
skills,gepa,eog,itsm,2,2,3,task_20260116_091935_817_d4a463c3_3f20bdca,0.666667,0,77491,74.8
skills,gepa,eog,itsm,2,2,3,task_20260116_224538_330_66392a82_10d0806e,0.8,0,934835,150.3
skills,gepa,eog,itsm,2,3,1,task_20251212_172511_458_e6427839_47076c15,0.0,0,131434,77.0
skills,gepa,eog,itsm,2,3,1,task_20251212_191411_655_391f1eff_2fef896f,0.0,0,162015,78.7
skills,gepa,eog,itsm,2,3,1,task_20251212_191815_314_391f1eff_c23d76df,0.333333,0,127901,85.1
skills,gepa,eog,itsm,2,3,1,task_20251218_121722_423_1d219d93_8218da6c,0.857143,0,204011,89.8
skills,gepa,eog,itsm,2,3,1,task_20251219_111447_756_66392a82_1c69521d,0.666667,0,233995,101.6
skills,gepa,eog,itsm,2,3,1,task_20251219_130920_558_99ba2325_7f9481df,0.666667,0,107329,64.5
skills,gepa,eog,itsm,2,3,1,task_20251221_045452_579_99ba2325_0e601eac,0.4,0,122785,61.4
skills,gepa,eog,itsm,2,3,1,task_20251221_233237_652_66392a82_c1a599bb,0.333333,0,72305,84.4
skills,gepa,eog,itsm,2,3,1,task_20251222_075116_761_30600918_a7f0a69a,0.0,0,76583,52.5
skills,gepa,eog,itsm,2,3,1,task_20251222_190928_391_391f1eff_8cb006f5,0.0,0,133615,119.6
skills,gepa,eog,itsm,2,3,1,task_20260112_183416_157_a8eea1c0_0d6acfd0,0.6,0,93974,66.6
skills,gepa,eog,itsm,2,3,1,task_20260112_194743_238_a8eea1c0_a4b1468a,0.833333,0,195121,84.0
skills,gepa,eog,itsm,2,3,1,task_20260113_182216_716_a8eea1c0_7a0619e9,0.666667,0,138457,84.3
skills,gepa,eog,itsm,2,3,1,task_20260113_183935_893_e6427839_03a04c19,1.0,1,107914,66.0
skills,gepa,eog,itsm,2,3,1,task_20260115_125430_649_fa1836dc_e02d5824,0.833333,0,158760,72.7
skills,gepa,eog,itsm,2,3,2,task_20251212_172511_458_e6427839_47076c15,0.0,0,106011,85.5
skills,gepa,eog,itsm,2,3,2,task_20251212_191411_655_391f1eff_2fef896f,0.0,0,174077,97.6
skills,gepa,eog,itsm,2,3,2,task_20251212_191815_314_391f1eff_c23d76df,0.333333,0,220804,92.2
skills,gepa,eog,itsm,2,3,2,task_20251218_121722_423_1d219d93_8218da6c,1.0,1,255080,102.3
skills,gepa,eog,itsm,2,3,2,task_20251219_111447_756_66392a82_1c69521d,0.0,0,79235,174.3
skills,gepa,eog,itsm,2,3,2,task_20251219_130920_558_99ba2325_7f9481df,0.666667,0,115110,82.3
skills,gepa,eog,itsm,2,3,2,task_20251221_045452_579_99ba2325_0e601eac,0.4,0,127624,69.0
skills,gepa,eog,itsm,2,3,2,task_20251221_233237_652_66392a82_c1a599bb,0.666667,0,167847,61.4
skills,gepa,eog,itsm,2,3,2,task_20251222_075116_761_30600918_a7f0a69a,0.0,0,78487,67.3
skills,gepa,eog,itsm,2,3,2,task_20251222_190928_391_391f1eff_8cb006f5,0.0,0,127848,80.3
skills,gepa,eog,itsm,2,3,2,task_20260112_183416_157_a8eea1c0_0d6acfd0,0.6,0,97508,74.9
skills,gepa,eog,itsm,2,3,2,task_20260112_194743_238_a8eea1c0_a4b1468a,0.833333,0,262814,99.6
skills,gepa,eog,itsm,2,3,2,task_20260113_182216_716_a8eea1c0_7a0619e9,1.0,1,125917,62.6
skills,gepa,eog,itsm,2,3,2,task_20260113_183935_893_e6427839_03a04c19,1.0,1,146153,115.5
skills,gepa,eog,itsm,2,3,2,task_20260115_125430_649_fa1836dc_e02d5824,0.833333,0,155814,82.5
skills,gepa,eog,itsm,2,3,3,task_20251212_172511_458_e6427839_47076c15,0.0,0,59864,55.9
skills,gepa,eog,itsm,2,3,3,task_20251212_191411_655_391f1eff_2fef896f,0.0,0,150183,87.8
skills,gepa,eog,itsm,2,3,3,task_20251212_191815_314_391f1eff_c23d76df,0.333333,0,175382,137.1
skills,gepa,eog,itsm,2,3,3,task_20251218_121722_423_1d219d93_8218da6c,0.857143,0,281188,100.9
skills,gepa,eog,itsm,2,3,3,task_20251219_111447_756_66392a82_1c69521d,0.0,0,67190,244.0
skills,gepa,eog,itsm,2,3,3,task_20251219_130920_558_99ba2325_7f9481df,0.666667,0,110760,59.2
skills,gepa,eog,itsm,2,3,3,task_20251221_045452_579_99ba2325_0e601eac,0.6,0,127433,80.4
skills,gepa,eog,itsm,2,3,3,task_20251221_233237_652_66392a82_c1a599bb,0.666667,0,136641,69.8
skills,gepa,eog,itsm,2,3,3,task_20251222_075116_761_30600918_a7f0a69a,0.25,0,94309,64.5
skills,gepa,eog,itsm,2,3,3,task_20251222_190928_391_391f1eff_8cb006f5,0.0,0,618788,141.8
skills,gepa,eog,itsm,2,3,3,task_20260112_183416_157_a8eea1c0_0d6acfd0,0.6,0,114323,53.6
skills,gepa,eog,itsm,2,3,3,task_20260112_194743_238_a8eea1c0_a4b1468a,0.166667,0,195326,78.2
skills,gepa,eog,itsm,2,3,3,task_20260113_182216_716_a8eea1c0_7a0619e9,0.666667,0,111738,63.8
skills,gepa,eog,itsm,2,3,3,task_20260113_183935_893_e6427839_03a04c19,1.0,1,114820,81.3
skills,gepa,eog,itsm,2,3,3,task_20260115_125430_649_fa1836dc_e02d5824,1.0,1,235169,135.4
skills,gepa,eog,itsm,3,1,1,task_20251218_164829_676_97d7df7d_893f6b2c,1.0,1,392060,142.5
skills,gepa,eog,itsm,3,1,1,task_20251218_183102_136_391f1eff_ac9a6986,0.0,0,69984,45.4
skills,gepa,eog,itsm,3,1,1,task_20251218_193035_592_391f1eff_5293f595,0.0,0,85548,57.4
skills,gepa,eog,itsm,3,1,1,task_20251219_091707_306_ad5a67e3_a76dbe57,0.0,0,160724,82.8
skills,gepa,eog,itsm,3,1,1,task_20251221_191123_397_97d7df7d_7196ef19,1.0,1,277467,113.9
skills,gepa,eog,itsm,3,1,1,task_20251222_105710_498_391f1eff_8b25dbef,0.5,0,117710,54.9
skills,gepa,eog,itsm,3,1,1,task_20251222_195853_743_0be70e35_0916fba8,0.5,0,154899,87.8
skills,gepa,eog,itsm,3,1,1,task_20251223_081019_100_d4a463c3_f8774fe4,1.0,1,88918,61.4
skills,gepa,eog,itsm,3,1,1,task_20251223_135402_072_c5ca08eb_67009578,0.0,0,68908,48.9
skills,gepa,eog,itsm,3,1,1,task_20251223_224508_138_97d7df7d_b4505336,1.0,1,184012,75.1
skills,gepa,eog,itsm,3,1,1,task_20260113_125933_225_accab84d_d7ec710e,0.0,0,388618,139.5
skills,gepa,eog,itsm,3,1,1,task_20260114_134336_659_e6427839_91142068,0.6,0,261997,90.2
skills,gepa,eog,itsm,3,1,1,task_20260116_101840_488_e6427839_81df8ba3,0.5,0,135414,55.4
skills,gepa,eog,itsm,3,1,2,task_20251218_164829_676_97d7df7d_893f6b2c,0.666667,0,222058,117.2
skills,gepa,eog,itsm,3,1,2,task_20251218_183102_136_391f1eff_ac9a6986,0.0,0,82706,51.5
skills,gepa,eog,itsm,3,1,2,task_20251218_193035_592_391f1eff_5293f595,0.0,0,86214,52.2
skills,gepa,eog,itsm,3,1,2,task_20251219_091707_306_ad5a67e3_a76dbe57,0.0,0,47295,69.3
skills,gepa,eog,itsm,3,1,2,task_20251221_191123_397_97d7df7d_7196ef19,1.0,1,349246,130.9
skills,gepa,eog,itsm,3,1,2,task_20251222_105710_498_391f1eff_8b25dbef,0.5,0,106483,69.8
skills,gepa,eog,itsm,3,1,2,task_20251222_195853_743_0be70e35_0916fba8,0.5,0,214404,116.3
skills,gepa,eog,itsm,3,1,2,task_20251223_081019_100_d4a463c3_f8774fe4,0.5,0,85970,61.0
skills,gepa,eog,itsm,3,1,2,task_20251223_135402_072_c5ca08eb_67009578,0.0,0,55594,53.6
skills,gepa,eog,itsm,3,1,2,task_20251223_224508_138_97d7df7d_b4505336,0.5,0,224864,82.5
skills,gepa,eog,itsm,3,1,2,task_20260113_125933_225_accab84d_d7ec710e,0.0,0,401204,160.2
skills,gepa,eog,itsm,3,1,2,task_20260114_134336_659_e6427839_91142068,0.6,0,336879,109.9
skills,gepa,eog,itsm,3,1,2,task_20260116_101840_488_e6427839_81df8ba3,0.5,0,144580,58.6
skills,gepa,eog,itsm,3,1,3,task_20251218_164829_676_97d7df7d_893f6b2c,0.666667,0,224810,90.7
skills,gepa,eog,itsm,3,1,3,task_20251218_183102_136_391f1eff_ac9a6986,0.0,0,72583,47.2
skills,gepa,eog,itsm,3,1,3,task_20251218_193035_592_391f1eff_5293f595,0.0,0,86886,54.3
skills,gepa,eog,itsm,3,1,3,task_20251219_091707_306_ad5a67e3_a76dbe57,0.0,0,81817,51.1
skills,gepa,eog,itsm,3,1,3,task_20251221_191123_397_97d7df7d_7196ef19,0.333333,0,320152,89.2
skills,gepa,eog,itsm,3,1,3,task_20251222_105710_498_391f1eff_8b25dbef,0.0,0,190763,85.9
skills,gepa,eog,itsm,3,1,3,task_20251222_195853_743_0be70e35_0916fba8,0.5,0,175347,74.7
skills,gepa,eog,itsm,3,1,3,task_20251223_081019_100_d4a463c3_f8774fe4,0.5,0,90854,57.2
skills,gepa,eog,itsm,3,1,3,task_20251223_135402_072_c5ca08eb_67009578,0.0,0,59400,49.4
skills,gepa,eog,itsm,3,1,3,task_20251223_224508_138_97d7df7d_b4505336,1.0,1,181299,66.2
skills,gepa,eog,itsm,3,1,3,task_20260113_125933_225_accab84d_d7ec710e,0.0,0,432903,139.9
skills,gepa,eog,itsm,3,1,3,task_20260114_134336_659_e6427839_91142068,0.6,0,249245,86.4
skills,gepa,eog,itsm,3,1,3,task_20260116_101840_488_e6427839_81df8ba3,0.5,0,206650,63.7
skills,gepa,eog,itsm,3,2,1,task_20251216_131651_690_764e5ead_f8619b02,0.666667,0,153362,62.1
skills,gepa,eog,itsm,3,2,1,task_20251217_030654_663_99ba2325_f931fd42,0.0,0,100781,59.8
skills,gepa,eog,itsm,3,2,1,task_20251218_082708_201_99ba2325_51726f9c,0.5,0,127643,89.5
skills,gepa,eog,itsm,3,2,1,task_20251218_093719_611_764e5ead_5817d09a,0.857143,0,278563,124.9
skills,gepa,eog,itsm,3,2,1,task_20251218_104259_233_66392a82_74b17170,0.666667,0,102904,61.3
skills,gepa,eog,itsm,3,2,1,task_20251218_124419_383_66392a82_52c8290e,1.0,1,90855,65.4
skills,gepa,eog,itsm,3,2,1,task_20251218_155314_617_c5ca08eb_3ce3c52f,1.0,1,133173,59.6
skills,gepa,eog,itsm,3,2,1,task_20251218_171924_336_ad5a67e3_af252cf6,0.0,0,181984,91.8
skills,gepa,eog,itsm,3,2,1,task_20251218_220134_063_391f1eff_30369342,0.5,0,72365,54.3
skills,gepa,eog,itsm,3,2,1,task_20251218_234602_633_391f1eff_09a746e7,0.0,0,91816,61.7
skills,gepa,eog,itsm,3,2,1,task_20251219_115925_475_1d219d93_53d34d23,0.8,0,197360,74.1
skills,gepa,eog,itsm,3,2,1,task_20251222_140957_029_c5ca08eb_3c4271f0,0.5,0,129126,96.1
skills,gepa,eog,itsm,3,2,1,task_20251223_064316_340_01395ded_9c6f3e01,0.75,0,270788,125.8
skills,gepa,eog,itsm,3,2,1,task_20251223_153021_454_66392a82_0d6d8897,0.75,0,403158,134.6
skills,gepa,eog,itsm,3,2,1,task_20260113_153008_006_46ca2862_c5083638,0.0,0,48600,61.9
skills,gepa,eog,itsm,3,2,1,task_20260114_173716_566_46ca2862_301e0b47,0.833333,0,241892,100.5
skills,gepa,eog,itsm,3,2,1,task_20260115_152733_296_46ca2862_55f848d3,0.6,0,167343,90.4
skills,gepa,eog,itsm,3,2,1,task_20260116_081645_096_66392a82_fd509f97,0.4,0,407104,124.5
skills,gepa,eog,itsm,3,2,1,task_20260116_091935_817_d4a463c3_3f20bdca,1.0,1,78438,61.8
skills,gepa,eog,itsm,3,2,1,task_20260116_224538_330_66392a82_10d0806e,0.8,0,760263,164.0
skills,gepa,eog,itsm,3,2,2,task_20251216_131651_690_764e5ead_f8619b02,0.666667,0,270096,95.4
skills,gepa,eog,itsm,3,2,2,task_20251217_030654_663_99ba2325_f931fd42,0.0,0,57685,62.0
skills,gepa,eog,itsm,3,2,2,task_20251218_082708_201_99ba2325_51726f9c,1.0,1,123726,62.1
skills,gepa,eog,itsm,3,2,2,task_20251218_093719_611_764e5ead_5817d09a,1.0,1,242972,96.6
skills,gepa,eog,itsm,3,2,2,task_20251218_104259_233_66392a82_74b17170,0.333333,0,108123,70.7
skills,gepa,eog,itsm,3,2,2,task_20251218_124419_383_66392a82_52c8290e,1.0,1,88868,51.8
skills,gepa,eog,itsm,3,2,2,task_20251218_155314_617_c5ca08eb_3ce3c52f,1.0,1,132151,52.1
skills,gepa,eog,itsm,3,2,2,task_20251218_171924_336_ad5a67e3_af252cf6,0.0,0,117878,123.7
skills,gepa,eog,itsm,3,2,2,task_20251218_220134_063_391f1eff_30369342,0.5,0,72745,41.2
skills,gepa,eog,itsm,3,2,2,task_20251218_234602_633_391f1eff_09a746e7,0.0,0,93965,62.8
skills,gepa,eog,itsm,3,2,2,task_20251219_115925_475_1d219d93_53d34d23,1.0,1,270457,75.5
skills,gepa,eog,itsm,3,2,2,task_20251222_140957_029_c5ca08eb_3c4271f0,0.5,0,111589,68.2
skills,gepa,eog,itsm,3,2,2,task_20251223_064316_340_01395ded_9c6f3e01,0.75,0,181046,66.0
skills,gepa,eog,itsm,3,2,2,task_20251223_153021_454_66392a82_0d6d8897,0.75,0,291819,76.6
skills,gepa,eog,itsm,3,2,2,task_20260113_153008_006_46ca2862_c5083638,0.25,0,111415,62.9
skills,gepa,eog,itsm,3,2,2,task_20260114_173716_566_46ca2862_301e0b47,1.0,1,310770,106.2
skills,gepa,eog,itsm,3,2,2,task_20260115_152733_296_46ca2862_55f848d3,0.6,0,171054,70.8
skills,gepa,eog,itsm,3,2,2,task_20260116_081645_096_66392a82_fd509f97,0.6,0,383642,106.4
skills,gepa,eog,itsm,3,2,2,task_20260116_091935_817_d4a463c3_3f20bdca,0.666667,0,78923,63.7
skills,gepa,eog,itsm,3,2,2,task_20260116_224538_330_66392a82_10d0806e,0.8,0,488624,103.1
skills,gepa,eog,itsm,3,2,3,task_20251216_131651_690_764e5ead_f8619b02,0.666667,0,175421,88.4
skills,gepa,eog,itsm,3,2,3,task_20251217_030654_663_99ba2325_f931fd42,0.0,0,56654,56.7
skills,gepa,eog,itsm,3,2,3,task_20251218_082708_201_99ba2325_51726f9c,1.0,1,126376,91.6
skills,gepa,eog,itsm,3,2,3,task_20251218_093719_611_764e5ead_5817d09a,1.0,1,267373,110.7
skills,gepa,eog,itsm,3,2,3,task_20251218_104259_233_66392a82_74b17170,0.666667,0,150712,68.7
skills,gepa,eog,itsm,3,2,3,task_20251218_124419_383_66392a82_52c8290e,1.0,1,89970,86.0
skills,gepa,eog,itsm,3,2,3,task_20251218_155314_617_c5ca08eb_3ce3c52f,1.0,1,118458,57.9
skills,gepa,eog,itsm,3,2,3,task_20251218_171924_336_ad5a67e3_af252cf6,0.0,0,123920,112.5
skills,gepa,eog,itsm,3,2,3,task_20251218_220134_063_391f1eff_30369342,0.5,0,150071,58.1
skills,gepa,eog,itsm,3,2,3,task_20251218_234602_633_391f1eff_09a746e7,0.0,0,93640,88.5
skills,gepa,eog,itsm,3,2,3,task_20251219_115925_475_1d219d93_53d34d23,1.0,1,232699,107.9
skills,gepa,eog,itsm,3,2,3,task_20251222_140957_029_c5ca08eb_3c4271f0,0.5,0,174001,76.1
skills,gepa,eog,itsm,3,2,3,task_20251223_064316_340_01395ded_9c6f3e01,0.75,0,245724,93.5
skills,gepa,eog,itsm,3,2,3,task_20251223_153021_454_66392a82_0d6d8897,0.5,0,220831,79.3
skills,gepa,eog,itsm,3,2,3,task_20260113_153008_006_46ca2862_c5083638,0.5,0,175438,96.2
skills,gepa,eog,itsm,3,2,3,task_20260114_173716_566_46ca2862_301e0b47,0.833333,0,367640,129.7
skills,gepa,eog,itsm,3,2,3,task_20260115_152733_296_46ca2862_55f848d3,0.6,0,187353,79.6
skills,gepa,eog,itsm,3,2,3,task_20260116_081645_096_66392a82_fd509f97,0.4,0,211252,80.4
skills,gepa,eog,itsm,3,2,3,task_20260116_091935_817_d4a463c3_3f20bdca,0.666667,0,80530,92.9
skills,gepa,eog,itsm,3,2,3,task_20260116_224538_330_66392a82_10d0806e,0.8,0,606143,151.0
skills,gepa,eog,itsm,3,3,1,task_20251212_172511_458_e6427839_47076c15,0.0,0,73570,62.9
skills,gepa,eog,itsm,3,3,1,task_20251212_191411_655_391f1eff_2fef896f,0.0,0,165195,121.8
skills,gepa,eog,itsm,3,3,1,task_20251212_191815_314_391f1eff_c23d76df,0.333333,0,212440,143.7
skills,gepa,eog,itsm,3,3,1,task_20251218_121722_423_1d219d93_8218da6c,0.857143,0,238281,95.0
skills,gepa,eog,itsm,3,3,1,task_20251219_111447_756_66392a82_1c69521d,0.0,0,27888,56.7
skills,gepa,eog,itsm,3,3,1,task_20251219_130920_558_99ba2325_7f9481df,0.333333,0,73424,45.1
skills,gepa,eog,itsm,3,3,1,task_20251221_045452_579_99ba2325_0e601eac,0.4,0,138327,59.0
skills,gepa,eog,itsm,3,3,1,task_20251221_233237_652_66392a82_c1a599bb,1.0,1,130241,62.5
skills,gepa,eog,itsm,3,3,1,task_20251222_075116_761_30600918_a7f0a69a,0.25,0,76556,55.4
skills,gepa,eog,itsm,3,3,1,task_20251222_190928_391_391f1eff_8cb006f5,0.0,0,144498,73.1
skills,gepa,eog,itsm,3,3,1,task_20260112_183416_157_a8eea1c0_0d6acfd0,0.6,0,125480,97.6
skills,gepa,eog,itsm,3,3,1,task_20260112_194743_238_a8eea1c0_a4b1468a,0.166667,0,179179,105.6
skills,gepa,eog,itsm,3,3,1,task_20260113_182216_716_a8eea1c0_7a0619e9,1.0,1,153648,92.0
skills,gepa,eog,itsm,3,3,1,task_20260113_183935_893_e6427839_03a04c19,0.5,0,89040,58.9
skills,gepa,eog,itsm,3,3,1,task_20260115_125430_649_fa1836dc_e02d5824,0.833333,0,169628,123.4
skills,gepa,eog,itsm,3,3,2,task_20251212_172511_458_e6427839_47076c15,0.0,0,72016,49.5
skills,gepa,eog,itsm,3,3,2,task_20251212_191411_655_391f1eff_2fef896f,0.0,0,220197,83.8
skills,gepa,eog,itsm,3,3,2,task_20251212_191815_314_391f1eff_c23d76df,0.666667,0,202971,100.1
skills,gepa,eog,itsm,3,3,2,task_20251218_121722_423_1d219d93_8218da6c,0.857143,0,231114,82.8
skills,gepa,eog,itsm,3,3,2,task_20251219_111447_756_66392a82_1c69521d,0.0,0,42664,76.4
skills,gepa,eog,itsm,3,3,2,task_20251219_130920_558_99ba2325_7f9481df,0.333333,0,83594,38.7
skills,gepa,eog,itsm,3,3,2,task_20251221_045452_579_99ba2325_0e601eac,0.4,0,124323,56.8
skills,gepa,eog,itsm,3,3,2,task_20251221_233237_652_66392a82_c1a599bb,0.333333,0,73350,74.4
skills,gepa,eog,itsm,3,3,2,task_20251222_075116_761_30600918_a7f0a69a,0.0,0,74527,42.4
skills,gepa,eog,itsm,3,3,2,task_20251222_190928_391_391f1eff_8cb006f5,0.0,0,193592,69.6
skills,gepa,eog,itsm,3,3,2,task_20260112_183416_157_a8eea1c0_0d6acfd0,0.6,0,93384,63.2
skills,gepa,eog,itsm,3,3,2,task_20260112_194743_238_a8eea1c0_a4b1468a,0.833333,0,194630,56.0
skills,gepa,eog,itsm,3,3,2,task_20260113_182216_716_a8eea1c0_7a0619e9,1.0,1,149288,55.2
skills,gepa,eog,itsm,3,3,2,task_20260113_183935_893_e6427839_03a04c19,0.5,0,88367,42.9
skills,gepa,eog,itsm,3,3,2,task_20260115_125430_649_fa1836dc_e02d5824,0.833333,0,160455,80.0
skills,gepa,eog,itsm,3,3,3,task_20251212_172511_458_e6427839_47076c15,0.0,0,58370,69.9
skills,gepa,eog,itsm,3,3,3,task_20251212_191411_655_391f1eff_2fef896f,0.0,0,176410,74.9
skills,gepa,eog,itsm,3,3,3,task_20251212_191815_314_391f1eff_c23d76df,0.333333,0,169517,62.0
skills,gepa,eog,itsm,3,3,3,task_20251218_121722_423_1d219d93_8218da6c,1.0,1,242755,78.4
skills,gepa,eog,itsm,3,3,3,task_20251219_111447_756_66392a82_1c69521d,1.0,1,182182,71.8
skills,gepa,eog,itsm,3,3,3,task_20251219_130920_558_99ba2325_7f9481df,0.666667,0,124103,76.3
skills,gepa,eog,itsm,3,3,3,task_20251221_045452_579_99ba2325_0e601eac,0.8,0,200042,92.9
skills,gepa,eog,itsm,3,3,3,task_20251221_233237_652_66392a82_c1a599bb,0.333333,0,73993,75.3
skills,gepa,eog,itsm,3,3,3,task_20251222_075116_761_30600918_a7f0a69a,0.0,0,92760,51.7
skills,gepa,eog,itsm,3,3,3,task_20251222_190928_391_391f1eff_8cb006f5,0.0,0,197398,78.2
skills,gepa,eog,itsm,3,3,3,task_20260112_183416_157_a8eea1c0_0d6acfd0,0.6,0,97154,63.1
skills,gepa,eog,itsm,3,3,3,task_20260112_194743_238_a8eea1c0_a4b1468a,0.166667,0,152189,67.7
skills,gepa,eog,itsm,3,3,3,task_20260113_182216_716_a8eea1c0_7a0619e9,0.666667,0,89314,57.9
skills,gepa,eog,itsm,3,3,3,task_20260113_183935_893_e6427839_03a04c19,0.5,0,89387,60.9
skills,gepa,eog,itsm,3,3,3,task_20260115_125430_649_fa1836dc_e02d5824,0.833333,0,165738,91.3
skills,gepa,eog,itsm,3,4,1,task_20251217_183416_700_764e5ead_4c46beb0,0.0,0,227162,124.5
skills,gepa,eog,itsm,3,4,1,task_20251217_205244_161_764e5ead_20429ef8,0.75,0,365805,89.5
skills,gepa,eog,itsm,3,4,1,task_20251218_061956_641_109c89c0_423ed8ee,0.166667,0,321133,134.8
skills,gepa,eog,itsm,3,4,1,task_20251218_114039_038_66392a82_c66d4f22,0.666667,0,82730,97.0
skills,gepa,eog,itsm,3,4,1,task_20251218_143555_095_97d7df7d_ece487bd,1.0,1,146803,100.6
skills,gepa,eog,itsm,3,4,1,task_20251219_174851_846_764e5ead_250f05e1,0.428571,0,348497,138.6
skills,gepa,eog,itsm,3,4,1,task_20251221_222834_884_97d7df7d_c088062a,0.666667,0,283832,105.7
skills,gepa,eog,itsm,3,4,1,task_20251222_084449_326_66392a82_cadddb04,0.0,0,106496,100.7
skills,gepa,eog,itsm,3,4,1,task_20260112_181636_272_c4ad7a70_c9cdfa29,0.25,0,94318,87.7
skills,gepa,eog,itsm,3,4,1,task_20260113_151550_104_a8eea1c0_7e9733a5,0.333333,0,210078,96.3
skills,gepa,eog,itsm,3,4,1,task_20260116_235649_372_66392a82_ccb66a9a,0.5,0,183414,115.2
skills,gepa,eog,itsm,3,4,2,task_20251217_183416_700_764e5ead_4c46beb0,0.8,0,260558,120.3
skills,gepa,eog,itsm,3,4,2,task_20251217_205244_161_764e5ead_20429ef8,0.875,0,329428,74.1
skills,gepa,eog,itsm,3,4,2,task_20251218_061956_641_109c89c0_423ed8ee,0.166667,0,371634,160.0
skills,gepa,eog,itsm,3,4,2,task_20251218_114039_038_66392a82_c66d4f22,0.666667,0,86696,69.9
skills,gepa,eog,itsm,3,4,2,task_20251218_143555_095_97d7df7d_ece487bd,1.0,1,174484,111.2
skills,gepa,eog,itsm,3,4,2,task_20251219_174851_846_764e5ead_250f05e1,0.285714,0,420286,225.3
skills,gepa,eog,itsm,3,4,2,task_20251221_222834_884_97d7df7d_c088062a,0.666667,0,151932,82.4
skills,gepa,eog,itsm,3,4,2,task_20251222_084449_326_66392a82_cadddb04,0.0,0,120417,97.6
skills,gepa,eog,itsm,3,4,2,task_20260112_181636_272_c4ad7a70_c9cdfa29,1.0,1,143135,81.4
skills,gepa,eog,itsm,3,4,2,task_20260113_151550_104_a8eea1c0_7e9733a5,0.333333,0,140393,77.8
skills,gepa,eog,itsm,3,4,2,task_20260116_235649_372_66392a82_ccb66a9a,0.5,0,241387,137.0
skills,gepa,eog,itsm,3,4,3,task_20251217_183416_700_764e5ead_4c46beb0,0.8,0,371288,146.5
skills,gepa,eog,itsm,3,4,3,task_20251217_205244_161_764e5ead_20429ef8,0.875,0,210490,74.8
skills,gepa,eog,itsm,3,4,3,task_20251218_061956_641_109c89c0_423ed8ee,0.166667,0,317283,149.9
skills,gepa,eog,itsm,3,4,3,task_20251218_114039_038_66392a82_c66d4f22,0.666667,0,108070,72.3
skills,gepa,eog,itsm,3,4,3,task_20251218_143555_095_97d7df7d_ece487bd,1.0,1,144239,87.4
skills,gepa,eog,itsm,3,4,3,task_20251219_174851_846_764e5ead_250f05e1,0.285714,0,373944,109.0
skills,gepa,eog,itsm,3,4,3,task_20251221_222834_884_97d7df7d_c088062a,0.666667,0,142626,82.7
skills,gepa,eog,itsm,3,4,3,task_20251222_084449_326_66392a82_cadddb04,0.0,0,147056,88.1
skills,gepa,eog,itsm,3,4,3,task_20260112_181636_272_c4ad7a70_c9cdfa29,1.0,1,97551,76.2
skills,gepa,eog,itsm,3,4,3,task_20260113_151550_104_a8eea1c0_7e9733a5,0.333333,0,196134,97.5
skills,gepa,eog,itsm,3,4,3,task_20260116_235649_372_66392a82_ccb66a9a,0.5,0,217174,110.3
skills,gepa,eog,itsm,4,1,1,task_20251218_164829_676_97d7df7d_893f6b2c,1.0,1,260103,149.6
skills,gepa,eog,itsm,4,1,1,task_20251218_183102_136_391f1eff_ac9a6986,0.0,0,97193,60.3
skills,gepa,eog,itsm,4,1,1,task_20251218_193035_592_391f1eff_5293f595,0.0,0,166006,59.7
skills,gepa,eog,itsm,4,1,1,task_20251219_091707_306_ad5a67e3_a76dbe57,0.0,0,69021,35.1
skills,gepa,eog,itsm,4,1,1,task_20251221_191123_397_97d7df7d_7196ef19,0.333333,0,443771,131.1
skills,gepa,eog,itsm,4,1,1,task_20251222_105710_498_391f1eff_8b25dbef,0.0,0,109017,85.7
skills,gepa,eog,itsm,4,1,1,task_20251222_195853_743_0be70e35_0916fba8,0.5,0,174855,103.6
skills,gepa,eog,itsm,4,1,1,task_20251223_081019_100_d4a463c3_f8774fe4,0.5,0,101882,54.3
skills,gepa,eog,itsm,4,1,1,task_20251223_135402_072_c5ca08eb_67009578,0.0,0,79402,48.6
skills,gepa,eog,itsm,4,1,1,task_20251223_224508_138_97d7df7d_b4505336,0.5,0,217375,95.8
skills,gepa,eog,itsm,4,1,1,task_20260113_125933_225_accab84d_d7ec710e,0.0,0,329767,171.8
skills,gepa,eog,itsm,4,1,1,task_20260114_134336_659_e6427839_91142068,0.6,0,444517,90.6
skills,gepa,eog,itsm,4,1,1,task_20260116_101840_488_e6427839_81df8ba3,0.75,0,151636,75.7
skills,gepa,eog,itsm,4,1,2,task_20251218_164829_676_97d7df7d_893f6b2c,0.666667,0,221838,96.3
skills,gepa,eog,itsm,4,1,2,task_20251218_183102_136_391f1eff_ac9a6986,0.0,0,97275,56.1
skills,gepa,eog,itsm,4,1,2,task_20251218_193035_592_391f1eff_5293f595,0.0,0,94926,55.0
skills,gepa,eog,itsm,4,1,2,task_20251219_091707_306_ad5a67e3_a76dbe57,0.0,0,53201,35.5
skills,gepa,eog,itsm,4,1,2,task_20251221_191123_397_97d7df7d_7196ef19,1.0,1,302380,86.3
skills,gepa,eog,itsm,4,1,2,task_20251222_105710_498_391f1eff_8b25dbef,0.0,0,103159,58.5
skills,gepa,eog,itsm,4,1,2,task_20251222_195853_743_0be70e35_0916fba8,0.5,0,210716,100.2
skills,gepa,eog,itsm,4,1,2,task_20251223_081019_100_d4a463c3_f8774fe4,0.5,0,102661,49.7
skills,gepa,eog,itsm,4,1,2,task_20251223_135402_072_c5ca08eb_67009578,0.5,0,68487,62.0
skills,gepa,eog,itsm,4,1,2,task_20251223_224508_138_97d7df7d_b4505336,0.5,0,178485,69.8
skills,gepa,eog,itsm,4,1,2,task_20260113_125933_225_accab84d_d7ec710e,0.0,0,270499,119.9
skills,gepa,eog,itsm,4,1,2,task_20260114_134336_659_e6427839_91142068,0.6,0,434978,89.0
skills,gepa,eog,itsm,4,1,2,task_20260116_101840_488_e6427839_81df8ba3,0.75,0,247947,69.2
skills,gepa,eog,itsm,4,1,3,task_20251218_164829_676_97d7df7d_893f6b2c,1.0,1,223855,95.8
skills,gepa,eog,itsm,4,1,3,task_20251218_183102_136_391f1eff_ac9a6986,0.0,0,148478,54.4
skills,gepa,eog,itsm,4,1,3,task_20251218_193035_592_391f1eff_5293f595,0.5,0,133594,55.5
skills,gepa,eog,itsm,4,1,3,task_20251219_091707_306_ad5a67e3_a76dbe57,0.0,0,159885,51.3
skills,gepa,eog,itsm,4,1,3,task_20251221_191123_397_97d7df7d_7196ef19,0.333333,0,289629,91.8
skills,gepa,eog,itsm,4,1,3,task_20251222_105710_498_391f1eff_8b25dbef,0.5,0,86344,55.3
skills,gepa,eog,itsm,4,1,3,task_20251222_195853_743_0be70e35_0916fba8,0.5,0,283992,99.1
skills,gepa,eog,itsm,4,1,3,task_20251223_081019_100_d4a463c3_f8774fe4,0.5,0,111384,45.4
skills,gepa,eog,itsm,4,1,3,task_20251223_135402_072_c5ca08eb_67009578,0.0,0,80461,59.5
skills,gepa,eog,itsm,4,1,3,task_20251223_224508_138_97d7df7d_b4505336,1.0,1,233813,81.5
skills,gepa,eog,itsm,4,1,3,task_20260113_125933_225_accab84d_d7ec710e,0.0,0,548486,198.4
skills,gepa,eog,itsm,4,1,3,task_20260114_134336_659_e6427839_91142068,0.6,0,427796,106.2
skills,gepa,eog,itsm,4,1,3,task_20260116_101840_488_e6427839_81df8ba3,0.75,0,253585,79.0
skills,gepa,eog,itsm,4,2,1,task_20251216_131651_690_764e5ead_f8619b02,0.666667,0,303979,136.8
skills,gepa,eog,itsm,4,2,1,task_20251217_030654_663_99ba2325_f931fd42,0.0,0,115871,105.2
skills,gepa,eog,itsm,4,2,1,task_20251218_082708_201_99ba2325_51726f9c,1.0,1,202096,130.8
skills,gepa,eog,itsm,4,2,1,task_20251218_093719_611_764e5ead_5817d09a,1.0,1,394927,141.5
skills,gepa,eog,itsm,4,2,1,task_20251218_104259_233_66392a82_74b17170,1.0,1,150400,70.7
skills,gepa,eog,itsm,4,2,1,task_20251218_124419_383_66392a82_52c8290e,1.0,1,101192,88.7
skills,gepa,eog,itsm,4,2,1,task_20251218_155314_617_c5ca08eb_3ce3c52f,0.666667,0,95265,108.8
skills,gepa,eog,itsm,4,2,1,task_20251218_171924_336_ad5a67e3_af252cf6,0.333333,0,172761,108.3
skills,gepa,eog,itsm,4,2,1,task_20251218_220134_063_391f1eff_30369342,1.0,1,120962,80.6
skills,gepa,eog,itsm,4,2,1,task_20251218_234602_633_391f1eff_09a746e7,0.0,0,156071,105.2
skills,gepa,eog,itsm,4,2,1,task_20251219_115925_475_1d219d93_53d34d23,0.6,0,309880,106.0
skills,gepa,eog,itsm,4,2,1,task_20251222_140957_029_c5ca08eb_3c4271f0,0.5,0,212961,97.1
skills,gepa,eog,itsm,4,2,1,task_20251223_064316_340_01395ded_9c6f3e01,0.75,0,210280,119.3
skills,gepa,eog,itsm,4,2,1,task_20251223_153021_454_66392a82_0d6d8897,0.75,0,266174,105.1
skills,gepa,eog,itsm,4,2,1,task_20260113_153008_006_46ca2862_c5083638,0.0,0,54301,83.3
skills,gepa,eog,itsm,4,2,1,task_20260114_173716_566_46ca2862_301e0b47,1.0,1,371365,158.6
skills,gepa,eog,itsm,4,2,1,task_20260115_152733_296_46ca2862_55f848d3,0.6,0,235741,110.5
skills,gepa,eog,itsm,4,2,1,task_20260116_081645_096_66392a82_fd509f97,0.4,0,295064,139.8
skills,gepa,eog,itsm,4,2,1,task_20260116_091935_817_d4a463c3_3f20bdca,1.0,1,175077,91.0
skills,gepa,eog,itsm,4,2,1,task_20260116_224538_330_66392a82_10d0806e,0.8,0,786987,198.6
skills,gepa,eog,itsm,4,2,2,task_20251216_131651_690_764e5ead_f8619b02,1.0,1,215777,84.2
skills,gepa,eog,itsm,4,2,2,task_20251217_030654_663_99ba2325_f931fd42,0.0,0,114772,56.5
skills,gepa,eog,itsm,4,2,2,task_20251218_082708_201_99ba2325_51726f9c,1.0,1,143093,62.4
skills,gepa,eog,itsm,4,2,2,task_20251218_093719_611_764e5ead_5817d09a,1.0,1,371479,118.8
skills,gepa,eog,itsm,4,2,2,task_20251218_104259_233_66392a82_74b17170,1.0,1,192553,73.0
skills,gepa,eog,itsm,4,2,2,task_20251218_124419_383_66392a82_52c8290e,1.0,1,89545,65.7
skills,gepa,eog,itsm,4,2,2,task_20251218_155314_617_c5ca08eb_3ce3c52f,1.0,1,74783,53.5
skills,gepa,eog,itsm,4,2,2,task_20251218_171924_336_ad5a67e3_af252cf6,0.0,0,209410,118.2
skills,gepa,eog,itsm,4,2,2,task_20251218_220134_063_391f1eff_30369342,1.0,1,86100,54.6
skills,gepa,eog,itsm,4,2,2,task_20251218_234602_633_391f1eff_09a746e7,0.0,0,120308,59.4
skills,gepa,eog,itsm,4,2,2,task_20251219_115925_475_1d219d93_53d34d23,1.0,1,248815,85.2
skills,gepa,eog,itsm,4,2,2,task_20251222_140957_029_c5ca08eb_3c4271f0,0.25,0,138312,61.9
skills,gepa,eog,itsm,4,2,2,task_20251223_064316_340_01395ded_9c6f3e01,0.75,0,237386,119.8
skills,gepa,eog,itsm,4,2,2,task_20251223_153021_454_66392a82_0d6d8897,0.75,0,254391,84.9
skills,gepa,eog,itsm,4,2,2,task_20260113_153008_006_46ca2862_c5083638,0.0,0,94887,75.9
skills,gepa,eog,itsm,4,2,2,task_20260114_173716_566_46ca2862_301e0b47,0.833333,0,417684,118.7
skills,gepa,eog,itsm,4,2,2,task_20260115_152733_296_46ca2862_55f848d3,0.6,0,178679,83.9
skills,gepa,eog,itsm,4,2,2,task_20260116_081645_096_66392a82_fd509f97,0.6,0,236757,110.8
skills,gepa,eog,itsm,4,2,2,task_20260116_091935_817_d4a463c3_3f20bdca,1.0,1,73442,61.8
skills,gepa,eog,itsm,4,2,2,task_20260116_224538_330_66392a82_10d0806e,0.8,0,989017,194.2
skills,gepa,eog,itsm,4,2,3,task_20251216_131651_690_764e5ead_f8619b02,1.0,1,198434,77.2
skills,gepa,eog,itsm,4,2,3,task_20251217_030654_663_99ba2325_f931fd42,0.0,0,64380,58.6
skills,gepa,eog,itsm,4,2,3,task_20251218_082708_201_99ba2325_51726f9c,1.0,1,180110,60.0
skills,gepa,eog,itsm,4,2,3,task_20251218_093719_611_764e5ead_5817d09a,0.857143,0,306674,114.8
skills,gepa,eog,itsm,4,2,3,task_20251218_104259_233_66392a82_74b17170,1.0,1,200527,54.7
skills,gepa,eog,itsm,4,2,3,task_20251218_124419_383_66392a82_52c8290e,1.0,1,105703,68.3
skills,gepa,eog,itsm,4,2,3,task_20251218_155314_617_c5ca08eb_3ce3c52f,0.333333,0,115220,95.6
skills,gepa,eog,itsm,4,2,3,task_20251218_171924_336_ad5a67e3_af252cf6,0.333333,0,165200,109.8
skills,gepa,eog,itsm,4,2,3,task_20251218_220134_063_391f1eff_30369342,1.0,1,117371,58.9
skills,gepa,eog,itsm,4,2,3,task_20251218_234602_633_391f1eff_09a746e7,0.0,0,138916,78.5
skills,gepa,eog,itsm,4,2,3,task_20251219_115925_475_1d219d93_53d34d23,0.6,0,246903,114.6
skills,gepa,eog,itsm,4,2,3,task_20251222_140957_029_c5ca08eb_3c4271f0,0.5,0,204622,75.5
skills,gepa,eog,itsm,4,2,3,task_20251223_064316_340_01395ded_9c6f3e01,0.5,0,198937,98.7
skills,gepa,eog,itsm,4,2,3,task_20251223_153021_454_66392a82_0d6d8897,0.5,0,297227,93.5
skills,gepa,eog,itsm,4,2,3,task_20260113_153008_006_46ca2862_c5083638,1.0,1,226644,107.4
skills,gepa,eog,itsm,4,2,3,task_20260114_173716_566_46ca2862_301e0b47,0.833333,0,375812,117.7
skills,gepa,eog,itsm,4,2,3,task_20260115_152733_296_46ca2862_55f848d3,0.6,0,323249,103.4
skills,gepa,eog,itsm,4,2,3,task_20260116_081645_096_66392a82_fd509f97,0.4,0,324866,158.9
skills,gepa,eog,itsm,4,2,3,task_20260116_091935_817_d4a463c3_3f20bdca,1.0,1,111740,74.7
skills,gepa,eog,itsm,4,2,3,task_20260116_224538_330_66392a82_10d0806e,0.8,0,1063603,190.2
skills,gepa,eog,itsm,4,3,1,task_20251212_172511_458_e6427839_47076c15,0.0,0,85779,62.1
skills,gepa,eog,itsm,4,3,1,task_20251212_191411_655_391f1eff_2fef896f,0.0,0,164924,73.2
skills,gepa,eog,itsm,4,3,1,task_20251212_191815_314_391f1eff_c23d76df,0.666667,0,289864,160.8
skills,gepa,eog,itsm,4,3,1,task_20251218_121722_423_1d219d93_8218da6c,1.0,1,337954,94.7
skills,gepa,eog,itsm,4,3,1,task_20251219_111447_756_66392a82_1c69521d,0.666667,0,290005,117.8
skills,gepa,eog,itsm,4,3,1,task_20251219_130920_558_99ba2325_7f9481df,1.0,1,140690,65.8
skills,gepa,eog,itsm,4,3,1,task_20251221_045452_579_99ba2325_0e601eac,0.4,0,182140,80.2
skills,gepa,eog,itsm,4,3,1,task_20251221_233237_652_66392a82_c1a599bb,0.666667,0,153907,89.9
skills,gepa,eog,itsm,4,3,1,task_20251222_075116_761_30600918_a7f0a69a,0.25,0,101603,52.5
skills,gepa,eog,itsm,4,3,1,task_20251222_190928_391_391f1eff_8cb006f5,0.5,0,357354,85.7
skills,gepa,eog,itsm,4,3,1,task_20260112_183416_157_a8eea1c0_0d6acfd0,0.4,0,148863,96.7
skills,gepa,eog,itsm,4,3,1,task_20260112_194743_238_a8eea1c0_a4b1468a,0.666667,0,256310,90.8
skills,gepa,eog,itsm,4,3,1,task_20260113_182216_716_a8eea1c0_7a0619e9,0.666667,0,122267,65.1
skills,gepa,eog,itsm,4,3,1,task_20260113_183935_893_e6427839_03a04c19,0.5,0,159837,55.9
skills,gepa,eog,itsm,4,3,1,task_20260115_125430_649_fa1836dc_e02d5824,0.833333,0,216694,99.3
skills,gepa,eog,itsm,4,3,2,task_20251212_172511_458_e6427839_47076c15,0.5,0,82306,77.0
skills,gepa,eog,itsm,4,3,2,task_20251212_191411_655_391f1eff_2fef896f,0.0,0,354213,102.1
skills,gepa,eog,itsm,4,3,2,task_20251212_191815_314_391f1eff_c23d76df,0.666667,0,195789,104.3
skills,gepa,eog,itsm,4,3,2,task_20251218_121722_423_1d219d93_8218da6c,0.857143,0,308913,85.3
skills,gepa,eog,itsm,4,3,2,task_20251219_111447_756_66392a82_1c69521d,1.0,1,244075,115.2
skills,gepa,eog,itsm,4,3,2,task_20251219_130920_558_99ba2325_7f9481df,0.666667,0,85002,78.0
skills,gepa,eog,itsm,4,3,2,task_20251221_045452_579_99ba2325_0e601eac,0.6,0,198539,78.9
skills,gepa,eog,itsm,4,3,2,task_20251221_233237_652_66392a82_c1a599bb,1.0,1,152358,77.3
skills,gepa,eog,itsm,4,3,2,task_20251222_075116_761_30600918_a7f0a69a,0.25,0,118788,53.0
skills,gepa,eog,itsm,4,3,2,task_20251222_190928_391_391f1eff_8cb006f5,0.0,0,633393,115.3
skills,gepa,eog,itsm,4,3,2,task_20260112_183416_157_a8eea1c0_0d6acfd0,0.6,0,107245,67.6
skills,gepa,eog,itsm,4,3,2,task_20260112_194743_238_a8eea1c0_a4b1468a,0.833333,0,234783,75.3
skills,gepa,eog,itsm,4,3,2,task_20260113_182216_716_a8eea1c0_7a0619e9,0.666667,0,155572,81.1
skills,gepa,eog,itsm,4,3,2,task_20260113_183935_893_e6427839_03a04c19,1.0,1,143550,65.6
skills,gepa,eog,itsm,4,3,2,task_20260115_125430_649_fa1836dc_e02d5824,1.0,1,231500,88.1
skills,gepa,eog,itsm,4,3,3,task_20251212_172511_458_e6427839_47076c15,0.5,0,69656,63.3
skills,gepa,eog,itsm,4,3,3,task_20251212_191411_655_391f1eff_2fef896f,0.0,0,182643,83.3
skills,gepa,eog,itsm,4,3,3,task_20251212_191815_314_391f1eff_c23d76df,0.333333,0,188671,107.3
skills,gepa,eog,itsm,4,3,3,task_20251218_121722_423_1d219d93_8218da6c,1.0,1,313501,95.0
skills,gepa,eog,itsm,4,3,3,task_20251219_111447_756_66392a82_1c69521d,0.666667,0,184644,70.8
skills,gepa,eog,itsm,4,3,3,task_20251219_130920_558_99ba2325_7f9481df,0.666667,0,118023,65.1
skills,gepa,eog,itsm,4,3,3,task_20251221_045452_579_99ba2325_0e601eac,0.4,0,158242,73.6
skills,gepa,eog,itsm,4,3,3,task_20251221_233237_652_66392a82_c1a599bb,1.0,1,150663,95.0
skills,gepa,eog,itsm,4,3,3,task_20251222_075116_761_30600918_a7f0a69a,0.25,0,83265,43.8
skills,gepa,eog,itsm,4,3,3,task_20251222_190928_391_391f1eff_8cb006f5,0.0,0,184002,60.2
skills,gepa,eog,itsm,4,3,3,task_20260112_183416_157_a8eea1c0_0d6acfd0,0.4,0,109887,82.7
skills,gepa,eog,itsm,4,3,3,task_20260112_194743_238_a8eea1c0_a4b1468a,0.833333,0,220171,77.1
skills,gepa,eog,itsm,4,3,3,task_20260113_182216_716_a8eea1c0_7a0619e9,1.0,1,121045,82.5
skills,gepa,eog,itsm,4,3,3,task_20260113_183935_893_e6427839_03a04c19,0.5,0,85863,54.0
skills,gepa,eog,itsm,4,3,3,task_20260115_125430_649_fa1836dc_e02d5824,0.5,0,160452,98.1
skills,gepa,eog,itsm,4,4,1,task_20251217_183416_700_764e5ead_4c46beb0,0.0,0,56604,61.7
skills,gepa,eog,itsm,4,4,1,task_20251217_205244_161_764e5ead_20429ef8,0.875,0,240660,85.9
skills,gepa,eog,itsm,4,4,1,task_20251218_061956_641_109c89c0_423ed8ee,0.166667,0,438117,141.4
skills,gepa,eog,itsm,4,4,1,task_20251218_114039_038_66392a82_c66d4f22,0.666667,0,113402,56.1
skills,gepa,eog,itsm,4,4,1,task_20251218_143555_095_97d7df7d_ece487bd,0.5,0,162285,79.9
skills,gepa,eog,itsm,4,4,1,task_20251219_174851_846_764e5ead_250f05e1,0.428571,0,356604,111.5
skills,gepa,eog,itsm,4,4,1,task_20251221_222834_884_97d7df7d_c088062a,0.666667,0,303848,131.8
skills,gepa,eog,itsm,4,4,1,task_20251222_084449_326_66392a82_cadddb04,0.5,0,181425,92.5
skills,gepa,eog,itsm,4,4,1,task_20260112_181636_272_c4ad7a70_c9cdfa29,0.75,0,141957,78.9
skills,gepa,eog,itsm,4,4,1,task_20260113_151550_104_a8eea1c0_7e9733a5,0.666667,0,195158,84.1
skills,gepa,eog,itsm,4,4,1,task_20260116_235649_372_66392a82_ccb66a9a,0.5,0,210986,88.8
skills,gepa,eog,itsm,4,4,2,task_20251217_183416_700_764e5ead_4c46beb0,0.0,0,76908,112.9
skills,gepa,eog,itsm,4,4,2,task_20251217_205244_161_764e5ead_20429ef8,0.75,0,474734,113.3
skills,gepa,eog,itsm,4,4,2,task_20251218_061956_641_109c89c0_423ed8ee,0.166667,0,463085,130.4
skills,gepa,eog,itsm,4,4,2,task_20251218_114039_038_66392a82_c66d4f22,0.666667,0,161200,91.0
skills,gepa,eog,itsm,4,4,2,task_20251218_143555_095_97d7df7d_ece487bd,0.5,0,180672,85.8
skills,gepa,eog,itsm,4,4,2,task_20251219_174851_846_764e5ead_250f05e1,0.142857,0,412097,131.4
skills,gepa,eog,itsm,4,4,2,task_20251221_222834_884_97d7df7d_c088062a,0.666667,0,154671,84.0
skills,gepa,eog,itsm,4,4,2,task_20251222_084449_326_66392a82_cadddb04,0.5,0,138913,70.0
skills,gepa,eog,itsm,4,4,2,task_20260112_181636_272_c4ad7a70_c9cdfa29,1.0,1,130048,115.6
skills,gepa,eog,itsm,4,4,2,task_20260113_151550_104_a8eea1c0_7e9733a5,0.5,0,176058,84.8
skills,gepa,eog,itsm,4,4,2,task_20260116_235649_372_66392a82_ccb66a9a,0.5,0,280992,136.7
skills,gepa,eog,itsm,4,4,3,task_20251217_183416_700_764e5ead_4c46beb0,0.8,0,224183,121.3
skills,gepa,eog,itsm,4,4,3,task_20251217_205244_161_764e5ead_20429ef8,0.875,0,446833,96.2
skills,gepa,eog,itsm,4,4,3,task_20251218_061956_641_109c89c0_423ed8ee,0.166667,0,464581,134.2
skills,gepa,eog,itsm,4,4,3,task_20251218_114039_038_66392a82_c66d4f22,0.666667,0,151435,69.2
skills,gepa,eog,itsm,4,4,3,task_20251218_143555_095_97d7df7d_ece487bd,1.0,1,273944,119.7
skills,gepa,eog,itsm,4,4,3,task_20251219_174851_846_764e5ead_250f05e1,0.285714,0,331155,170.4
skills,gepa,eog,itsm,4,4,3,task_20251221_222834_884_97d7df7d_c088062a,0.666667,0,161049,86.4
skills,gepa,eog,itsm,4,4,3,task_20251222_084449_326_66392a82_cadddb04,0.5,0,242687,112.8
skills,gepa,eog,itsm,4,4,3,task_20260112_181636_272_c4ad7a70_c9cdfa29,1.0,1,124502,74.2
skills,gepa,eog,itsm,4,4,3,task_20260113_151550_104_a8eea1c0_7e9733a5,0.5,0,273849,89.6
skills,gepa,eog,itsm,4,4,3,task_20260116_235649_372_66392a82_ccb66a9a,0.5,0,234378,97.2
