track,arm,benchmark,stream,adapt_stage,eval_cohort,run,task_id,score,success,recorded_tokens,recorded_seconds
skills,memory,ale,ale,1,1,1,business_finance/digital_marketing_audience_segmentation_1,0.8667,0,394659,169.5
skills,memory,ale,ale,1,1,1,business_finance/ff5_public_reconstruction,0.0,0,1280209,653.1
skills,memory,ale,ale,1,1,1,business_finance/pe_screening_memo_1,0.75,0,235434,167.4
skills,memory,ale,ale,1,1,1,computing_math/os_log_permission_guard_v1,1.0,1,410085,117.4
skills,memory,ale,ale,1,1,1,computing_math/ranking_node_feature_parity_recovery_instance_1,0.0,0,470318,169.5
skills,memory,ale,ale,1,1,1,education_info/homework_grading_numerical_pdes_instance_02,0.651818,0,333089,149.8
skills,memory,ale,ale,1,1,1,engineering/abb_irb6700_asset_to_urdf_instance_1,0.4741,0,125351,150.5
skills,memory,ale,ale,1,1,1,engineering/chisel_verilog_alignment_seq_1,0.2,0,1072504,211.3
skills,memory,ale,ale,1,1,1,health_medicine/healthcare_variant_annotation_pipeline,1.0,1,425775,149.8
skills,memory,ale,ale,1,1,1,health_medicine/scene3_skullstrip_qc,1.0,1,105378,181.2
skills,memory,ale,ale,1,1,2,business_finance/digital_marketing_audience_segmentation_1,0.9042,0,375758,167.4
skills,memory,ale,ale,1,1,2,business_finance/ff5_public_reconstruction,0.0,0,606379,211.5
skills,memory,ale,ale,1,1,2,business_finance/pe_screening_memo_1,0.56875,0,338228,157.5
skills,memory,ale,ale,1,1,2,computing_math/os_log_permission_guard_v1,1.0,1,184387,103.8
skills,memory,ale,ale,1,1,2,computing_math/ranking_node_feature_parity_recovery_instance_1,0.0,0,509866,211.3
skills,memory,ale,ale,1,1,2,education_info/homework_grading_numerical_pdes_instance_02,0.659818,0,577048,179.3
skills,memory,ale,ale,1,1,2,engineering/abb_irb6700_asset_to_urdf_instance_1,0.5855,0,259531,138.6
skills,memory,ale,ale,1,1,2,engineering/chisel_verilog_alignment_seq_1,0.2,0,439389,138.4
skills,memory,ale,ale,1,1,2,health_medicine/healthcare_variant_annotation_pipeline,1.0,1,298924,166.6
skills,memory,ale,ale,1,1,2,health_medicine/scene3_skullstrip_qc,1.0,1,165209,120.4
skills,memory,ale,ale,1,1,3,business_finance/digital_marketing_audience_segmentation_1,0.9042,0,557278,189.8
skills,memory,ale,ale,1,1,3,business_finance/ff5_public_reconstruction,0.0,0,913569,298.6
skills,memory,ale,ale,1,1,3,business_finance/pe_screening_memo_1,0.65625,0,286257,173.0
skills,memory,ale,ale,1,1,3,computing_math/os_log_permission_guard_v1,1.0,1,365646,127.2
skills,memory,ale,ale,1,1,3,computing_math/ranking_node_feature_parity_recovery_instance_1,0.0,0,1005444,395.8
skills,memory,ale,ale,1,1,3,education_info/homework_grading_numerical_pdes_instance_02,0.667152,0,299128,150.5
skills,memory,ale,ale,1,1,3,engineering/abb_irb6700_asset_to_urdf_instance_1,0.4741,0,199143,116.4
skills,memory,ale,ale,1,1,3,engineering/chisel_verilog_alignment_seq_1,0.2,0,377940,140.3
skills,memory,ale,ale,1,1,3,health_medicine/healthcare_variant_annotation_pipeline,1.0,1,445305,272.2
skills,memory,ale,ale,1,1,3,health_medicine/scene3_skullstrip_qc,1.0,1,123744,272.9
skills,memory,ale,ale,1,2,1,business_finance/basel_operational_risk_bia_cn,0.0,0,775727,426.7
skills,memory,ale,ale,1,2,1,computing_math/k3_abelian_extensions,1.0,1,1144496,1167.3
skills,memory,ale,ale,1,2,1,education_info/moodle_gradebook_closeout_reconciliation,0.0,0,2012518,497.1
skills,memory,ale,ale,1,2,1,engineering/openroad_sky130_ibex_pnr_signoff,0.0,0,425242,232.0
skills,memory,ale,ale,1,2,1,engineering/power_10kv_feeder_reliability_001,0.00153,0,1157985,247.2
skills,memory,ale,ale,1,2,1,health_medicine/public_health_mask_mandate_ratio,0.0,0,1611986,4265.6
skills,memory,ale,ale,1,2,1,legal/agora_governance_classify_instance_1,0.476638,0,371478,368.8
skills,memory,ale,ale,1,2,2,business_finance/basel_operational_risk_bia_cn,0.0,0,1501207,977.6
skills,memory,ale,ale,1,2,2,computing_math/k3_abelian_extensions,0.0,0,1203736,857.0
skills,memory,ale,ale,1,2,2,education_info/moodle_gradebook_closeout_reconciliation,0.0,0,1434752,451.4
skills,memory,ale,ale,1,2,2,engineering/openroad_sky130_ibex_pnr_signoff,0.0,0,437428,250.5
skills,memory,ale,ale,1,2,2,engineering/power_10kv_feeder_reliability_001,0.0,0,1139275,290.7
skills,memory,ale,ale,1,2,2,health_medicine/public_health_mask_mandate_ratio,0.0,0,4925793,2365.8
skills,memory,ale,ale,1,2,2,legal/agora_governance_classify_instance_1,0.412564,0,588642,341.3
skills,memory,ale,ale,1,2,3,business_finance/basel_operational_risk_bia_cn,0.0,0,525168,288.9
skills,memory,ale,ale,1,2,3,computing_math/k3_abelian_extensions,1.0,1,788703,1102.4
skills,memory,ale,ale,1,2,3,education_info/moodle_gradebook_closeout_reconciliation,0.0,0,1689996,863.3
skills,memory,ale,ale,1,2,3,engineering/openroad_sky130_ibex_pnr_signoff,0.0,0,676816,299.9
skills,memory,ale,ale,1,2,3,engineering/power_10kv_feeder_reliability_001,0.0,0,1165562,494.9
skills,memory,ale,ale,1,2,3,health_medicine/public_health_mask_mandate_ratio,0.0,0,2477530,1616.8
skills,memory,ale,ale,1,2,3,legal/agora_governance_classify_instance_1,0.1,0,783691,321.8
skills,memory,ale,ale,2,1,1,business_finance/digital_marketing_audience_segmentation_1,0.9042,0,414523,201.0
skills,memory,ale,ale,2,1,1,business_finance/ff5_public_reconstruction,0.0,0,2030966,513.9
skills,memory,ale,ale,2,1,1,business_finance/pe_screening_memo_1,0.6375,0,564368,207.7
skills,memory,ale,ale,2,1,1,computing_math/os_log_permission_guard_v1,1.0,1,371761,130.9
skills,memory,ale,ale,2,1,1,computing_math/ranking_node_feature_parity_recovery_instance_1,0.0,0,913170,346.2
skills,memory,ale,ale,2,1,1,education_info/homework_grading_numerical_pdes_instance_02,0.702485,0,337686,175.4
skills,memory,ale,ale,2,1,1,engineering/abb_irb6700_asset_to_urdf_instance_1,0.4741,0,260193,149.7
skills,memory,ale,ale,2,1,1,engineering/chisel_verilog_alignment_seq_1,0.2,0,343039,119.1
skills,memory,ale,ale,2,1,1,health_medicine/healthcare_variant_annotation_pipeline,1.0,1,1141930,310.4
skills,memory,ale,ale,2,1,1,health_medicine/scene3_skullstrip_qc,1.0,1,241519,174.8
skills,memory,ale,ale,2,1,2,business_finance/digital_marketing_audience_segmentation_1,0.7162,0,986056,330.9
skills,memory,ale,ale,2,1,2,business_finance/ff5_public_reconstruction,0.0,0,1527463,458.6
skills,memory,ale,ale,2,1,2,business_finance/pe_screening_memo_1,0.69375,0,472084,173.8
skills,memory,ale,ale,2,1,2,computing_math/os_log_permission_guard_v1,1.0,1,263877,149.8
skills,memory,ale,ale,2,1,2,computing_math/ranking_node_feature_parity_recovery_instance_1,0.0,0,483110,213.5
skills,memory,ale,ale,2,1,2,education_info/homework_grading_numerical_pdes_instance_02,0.679152,0,467532,229.9
skills,memory,ale,ale,2,1,2,engineering/abb_irb6700_asset_to_urdf_instance_1,0.4741,0,230080,180.2
skills,memory,ale,ale,2,1,2,engineering/chisel_verilog_alignment_seq_1,0.2,0,615188,180.1
skills,memory,ale,ale,2,1,2,health_medicine/healthcare_variant_annotation_pipeline,0.999,0,724177,219.6
skills,memory,ale,ale,2,1,2,health_medicine/scene3_skullstrip_qc,1.0,1,167046,129.5
skills,memory,ale,ale,2,1,3,business_finance/digital_marketing_audience_segmentation_1,0.9042,0,377654,174.0
skills,memory,ale,ale,2,1,3,business_finance/ff5_public_reconstruction,0.0,0,932901,430.6
skills,memory,ale,ale,2,1,3,business_finance/pe_screening_memo_1,0.69375,0,534074,173.6
skills,memory,ale,ale,2,1,3,computing_math/os_log_permission_guard_v1,1.0,1,454403,116.7
skills,memory,ale,ale,2,1,3,computing_math/ranking_node_feature_parity_recovery_instance_1,0.0,0,2264167,436.2
skills,memory,ale,ale,2,1,3,education_info/homework_grading_numerical_pdes_instance_02,0.720485,0,279211,200.6
skills,memory,ale,ale,2,1,3,engineering/abb_irb6700_asset_to_urdf_instance_1,0.5544,0,784517,249.1
skills,memory,ale,ale,2,1,3,engineering/chisel_verilog_alignment_seq_1,0.2,0,1028090,209.2
skills,memory,ale,ale,2,1,3,health_medicine/healthcare_variant_annotation_pipeline,1.0,1,611713,240.8
skills,memory,ale,ale,2,1,3,health_medicine/scene3_skullstrip_qc,1.0,1,93818,79.9
skills,memory,ale,ale,2,2,1,business_finance/basel_operational_risk_bia_cn,0.0,0,707300,253.2
skills,memory,ale,ale,2,2,1,computing_math/k3_abelian_extensions,0.0,0,885069,586.8
skills,memory,ale,ale,2,2,1,education_info/moodle_gradebook_closeout_reconciliation,0.0,0,2605624,700.5
skills,memory,ale,ale,2,2,1,engineering/openroad_sky130_ibex_pnr_signoff,0.0,0,820604,184.1
skills,memory,ale,ale,2,2,1,engineering/power_10kv_feeder_reliability_001,0.001548,0,1736250,298.2
skills,memory,ale,ale,2,2,1,health_medicine/public_health_mask_mandate_ratio,0.0,0,1345536,1084.4
skills,memory,ale,ale,2,2,1,legal/agora_governance_classify_instance_1,0.314815,0,546487,256.3
skills,memory,ale,ale,2,2,2,business_finance/basel_operational_risk_bia_cn,0.0,0,1064486,327.0
skills,memory,ale,ale,2,2,2,computing_math/k3_abelian_extensions,0.0,0,769965,597.2
skills,memory,ale,ale,2,2,2,education_info/moodle_gradebook_closeout_reconciliation,0.0,0,1789254,374.4
skills,memory,ale,ale,2,2,2,engineering/openroad_sky130_ibex_pnr_signoff,0.0,0,607449,142.6
skills,memory,ale,ale,2,2,2,engineering/power_10kv_feeder_reliability_001,0.0,0,2937394,461.4
skills,memory,ale,ale,2,2,2,health_medicine/public_health_mask_mandate_ratio,0.0,0,1755160,725.1
skills,memory,ale,ale,2,2,2,legal/agora_governance_classify_instance_1,0.422507,0,454319,185.4
skills,memory,ale,ale,2,2,3,business_finance/basel_operational_risk_bia_cn,0.0,0,584186,267.1
skills,memory,ale,ale,2,2,3,computing_math/k3_abelian_extensions,1.0,1,1269540,457.6
skills,memory,ale,ale,2,2,3,education_info/moodle_gradebook_closeout_reconciliation,0.0,0,1643470,452.7
skills,memory,ale,ale,2,2,3,engineering/openroad_sky130_ibex_pnr_signoff,0.0,0,641783,168.1
skills,memory,ale,ale,2,2,3,engineering/power_10kv_feeder_reliability_001,0.0,0,513238,144.4
skills,memory,ale,ale,2,2,3,health_medicine/public_health_mask_mandate_ratio,0.0,0,1792960,1921.7
skills,memory,ale,ale,2,2,3,legal/agora_governance_classify_instance_1,0.345462,0,586138,266.0
skills,memory,ale,ale,2,3,1,business_finance/digital_marketing_ab_test_analysis_1,0.0,0,725491,283.7
skills,memory,ale,ale,2,3,1,business_finance/financial_stmt_reconstruction_aapl_fy2024,1.0,1,808175,327.3
skills,memory,ale,ale,2,3,1,business_finance/legal_ma_consistency_audit_01,0.0,0,1435702,267.1
skills,memory,ale,ale,2,3,1,computing_math/k8s_migration_1,0.679167,0,848208,235.4
skills,memory,ale,ale,2,3,1,computing_math/k8s_payment_api_root_cause_analysis,0.655,0,252375,162.7
skills,memory,ale,ale,2,3,1,health_medicine/simglucose_safe_basal_control_instance_1,0.0,0,897531,529.8
skills,memory,ale,ale,2,3,1,legal/legal_dr_fees_01,0.8,0,1050542,348.2
skills,memory,ale,ale,2,3,1,life_sciences/hg002_chr22_germline_variant_pipeline,0.0,0,1256491,348.3
skills,memory,ale,ale,2,3,1,life_sciences/rgi_mcr1_colistin_v2,1.0,1,1032684,258.8
skills,memory,ale,ale,2,3,1,life_sciences/tms_marrow_cell_type_annotation_instance_1,0.0,0,637016,348.7
skills,memory,ale,ale,2,3,2,business_finance/digital_marketing_ab_test_analysis_1,0.0,0,1286511,439.4
skills,memory,ale,ale,2,3,2,business_finance/financial_stmt_reconstruction_aapl_fy2024,0.966667,0,3438036,595.0
skills,memory,ale,ale,2,3,2,business_finance/legal_ma_consistency_audit_01,0.0,0,867158,215.8
skills,memory,ale,ale,2,3,2,computing_math/k8s_migration_1,0.45,0,3631027,628.9
skills,memory,ale,ale,2,3,2,computing_math/k8s_payment_api_root_cause_analysis,0.491667,0,96746,116.8
skills,memory,ale,ale,2,3,2,health_medicine/simglucose_safe_basal_control_instance_1,0.0,0,1765876,1053.2
skills,memory,ale,ale,2,3,2,legal/legal_dr_fees_01,0.8,0,1147131,328.9
skills,memory,ale,ale,2,3,2,life_sciences/hg002_chr22_germline_variant_pipeline,0.0,0,2379112,371.5
skills,memory,ale,ale,2,3,2,life_sciences/rgi_mcr1_colistin_v2,1.0,1,1036142,321.8
skills,memory,ale,ale,2,3,2,life_sciences/tms_marrow_cell_type_annotation_instance_1,0.0,0,921379,325.8
skills,memory,ale,ale,2,3,3,business_finance/digital_marketing_ab_test_analysis_1,1.0,1,643649,257.0
skills,memory,ale,ale,2,3,3,business_finance/financial_stmt_reconstruction_aapl_fy2024,1.0,1,784941,185.9
skills,memory,ale,ale,2,3,3,business_finance/legal_ma_consistency_audit_01,0.0,0,0,7284.8
skills,memory,ale,ale,2,3,3,computing_math/k8s_migration_1,0.0,0,0,7284.7
skills,memory,ale,ale,2,3,3,computing_math/k8s_payment_api_root_cause_analysis,0.0,0,0,7284.8
skills,memory,ale,ale,2,3,3,health_medicine/simglucose_safe_basal_control_instance_1,0.0,0,764801,155.1
skills,memory,ale,ale,2,3,3,legal/legal_dr_fees_01,0.8,0,1295361,537.2
skills,memory,ale,ale,2,3,3,life_sciences/hg002_chr22_germline_variant_pipeline,0.0,0,0,7285.3
skills,memory,ale,ale,2,3,3,life_sciences/rgi_mcr1_colistin_v2,1.0,1,1074496,425.0
skills,memory,ale,ale,2,3,3,life_sciences/tms_marrow_cell_type_annotation_instance_1,0.0,0,0,7285.3
skills,memory,ale,ale,3,1,1,business_finance/digital_marketing_audience_segmentation_1,0.8667,0,539832,187.7
skills,memory,ale,ale,3,1,1,business_finance/ff5_public_reconstruction,0.0,0,1241354,400.9
skills,memory,ale,ale,3,1,1,business_finance/pe_screening_memo_1,0.7,0,489650,193.3
skills,memory,ale,ale,3,1,1,computing_math/os_log_permission_guard_v1,1.0,1,325325,129.8
skills,memory,ale,ale,3,1,1,computing_math/ranking_node_feature_parity_recovery_instance_1,0.0,0,583015,198.7
skills,memory,ale,ale,3,1,1,education_info/homework_grading_numerical_pdes_instance_02,0.649818,0,1384987,479.9
skills,memory,ale,ale,3,1,1,engineering/abb_irb6700_asset_to_urdf_instance_1,0.4741,0,155946,129.7
skills,memory,ale,ale,3,1,1,engineering/chisel_verilog_alignment_seq_1,0.2,0,384144,178.7
skills,memory,ale,ale,3,1,1,health_medicine/healthcare_variant_annotation_pipeline,1.0,1,377209,165.5
skills,memory,ale,ale,3,1,1,health_medicine/scene3_skullstrip_qc,1.0,1,88986,103.3
skills,memory,ale,ale,3,1,2,business_finance/digital_marketing_audience_segmentation_1,0.9042,0,430295,170.8
skills,memory,ale,ale,3,1,2,business_finance/ff5_public_reconstruction,0.0,0,2774734,520.0
skills,memory,ale,ale,3,1,2,business_finance/pe_screening_memo_1,0.571875,0,234557,165.5
skills,memory,ale,ale,3,1,2,computing_math/os_log_permission_guard_v1,1.0,1,445411,189.4
skills,memory,ale,ale,3,1,2,computing_math/ranking_node_feature_parity_recovery_instance_1,0.0,0,1638399,341.4
skills,memory,ale,ale,3,1,2,education_info/homework_grading_numerical_pdes_instance_02,0.690303,0,641360,237.6
skills,memory,ale,ale,3,1,2,engineering/abb_irb6700_asset_to_urdf_instance_1,0.4741,0,344338,137.8
skills,memory,ale,ale,3,1,2,engineering/chisel_verilog_alignment_seq_1,0.2,0,580062,165.6
skills,memory,ale,ale,3,1,2,health_medicine/healthcare_variant_annotation_pipeline,1.0,1,355146,187.5
skills,memory,ale,ale,3,1,2,health_medicine/scene3_skullstrip_qc,1.0,1,247694,119.5
skills,memory,ale,ale,3,1,3,business_finance/digital_marketing_audience_segmentation_1,0.8667,0,431653,198.8
skills,memory,ale,ale,3,1,3,business_finance/ff5_public_reconstruction,0.0,0,795835,260.8
skills,memory,ale,ale,3,1,3,business_finance/pe_screening_memo_1,0.746875,0,399113,172.3
skills,memory,ale,ale,3,1,3,computing_math/os_log_permission_guard_v1,1.0,1,802677,236.9
skills,memory,ale,ale,3,1,3,computing_math/ranking_node_feature_parity_recovery_instance_1,0.0,0,1486019,308.6
skills,memory,ale,ale,3,1,3,education_info/homework_grading_numerical_pdes_instance_02,0.779818,0,387985,178.2
skills,memory,ale,ale,3,1,3,engineering/abb_irb6700_asset_to_urdf_instance_1,0.4741,0,191789,134.2
skills,memory,ale,ale,3,1,3,engineering/chisel_verilog_alignment_seq_1,0.2,0,290861,146.0
skills,memory,ale,ale,3,1,3,health_medicine/healthcare_variant_annotation_pipeline,1.0,1,376269,217.5
skills,memory,ale,ale,3,1,3,health_medicine/scene3_skullstrip_qc,1.0,1,132876,77.8
skills,memory,ale,ale,3,2,1,business_finance/basel_operational_risk_bia_cn,0.0,0,541479,239.2
skills,memory,ale,ale,3,2,1,computing_math/k3_abelian_extensions,1.0,1,1151322,375.4
skills,memory,ale,ale,3,2,1,education_info/moodle_gradebook_closeout_reconciliation,0.0,0,2629278,385.7
skills,memory,ale,ale,3,2,1,engineering/openroad_sky130_ibex_pnr_signoff,0.0,0,584357,167.5
skills,memory,ale,ale,3,2,1,engineering/power_10kv_feeder_reliability_001,0.0,0,2025059,367.5
skills,memory,ale,ale,3,2,1,health_medicine/public_health_mask_mandate_ratio,0.333333,0,5152553,3137.2
skills,memory,ale,ale,3,2,1,legal/agora_governance_classify_instance_1,0.334815,0,699816,316.0
skills,memory,ale,ale,3,2,2,business_finance/basel_operational_risk_bia_cn,0.0,0,593381,176.3
skills,memory,ale,ale,3,2,2,computing_math/k3_abelian_extensions,0.0,0,585619,313.4
skills,memory,ale,ale,3,2,2,education_info/moodle_gradebook_closeout_reconciliation,0.0,0,1376871,381.5
skills,memory,ale,ale,3,2,2,engineering/openroad_sky130_ibex_pnr_signoff,0.0,0,449567,151.8
skills,memory,ale,ale,3,2,2,engineering/power_10kv_feeder_reliability_001,0.0,0,1449174,225.4
skills,memory,ale,ale,3,2,2,health_medicine/public_health_mask_mandate_ratio,0.333333,0,3253627,2333.9
skills,memory,ale,ale,3,2,2,legal/agora_governance_classify_instance_1,0.321652,0,764203,208.9
skills,memory,ale,ale,3,2,3,business_finance/basel_operational_risk_bia_cn,0.0,0,1304352,342.1
skills,memory,ale,ale,3,2,3,computing_math/k3_abelian_extensions,1.0,1,657853,456.4
skills,memory,ale,ale,3,2,3,education_info/moodle_gradebook_closeout_reconciliation,0.0,0,1569958,349.2
skills,memory,ale,ale,3,2,3,engineering/openroad_sky130_ibex_pnr_signoff,0.0,0,515275,128.7
skills,memory,ale,ale,3,2,3,engineering/power_10kv_feeder_reliability_001,0.0,0,793397,200.9
skills,memory,ale,ale,3,2,3,health_medicine/public_health_mask_mandate_ratio,0.0,0,1779917,2296.4
skills,memory,ale,ale,3,2,3,legal/agora_governance_classify_instance_1,0.0,0,108043,140.3
skills,memory,ale,ale,3,3,1,business_finance/digital_marketing_ab_test_analysis_1,0.0,0,415088,201.9
skills,memory,ale,ale,3,3,1,business_finance/financial_stmt_reconstruction_aapl_fy2024,1.0,1,386616,124.8
skills,memory,ale,ale,3,3,1,business_finance/legal_ma_consistency_audit_01,0.0,0,944603,241.9
skills,memory,ale,ale,3,3,1,computing_math/k8s_migration_1,0.679167,0,1289683,214.5
skills,memory,ale,ale,3,3,1,computing_math/k8s_payment_api_root_cause_analysis,0.713889,0,251559,143.2
skills,memory,ale,ale,3,3,1,health_medicine/simglucose_safe_basal_control_instance_1,0.0,0,774849,191.1
skills,memory,ale,ale,3,3,1,legal/legal_dr_fees_01,0.24,0,1142034,290.5
skills,memory,ale,ale,3,3,1,life_sciences/hg002_chr22_germline_variant_pipeline,0.0,0,840151,246.9
skills,memory,ale,ale,3,3,1,life_sciences/rgi_mcr1_colistin_v2,1.0,1,1522922,342.4
skills,memory,ale,ale,3,3,1,life_sciences/tms_marrow_cell_type_annotation_instance_1,0.0,0,483531,281.8
skills,memory,ale,ale,3,3,2,business_finance/digital_marketing_ab_test_analysis_1,0.0,0,1138143,481.6
skills,memory,ale,ale,3,3,2,business_finance/financial_stmt_reconstruction_aapl_fy2024,0.933333,0,929233,272.9
skills,memory,ale,ale,3,3,2,business_finance/legal_ma_consistency_audit_01,0.0,0,1106686,200.8
skills,memory,ale,ale,3,3,2,computing_math/k8s_migration_1,0.679167,0,717554,195.1
skills,memory,ale,ale,3,3,2,computing_math/k8s_payment_api_root_cause_analysis,0.78,0,110953,124.7
skills,memory,ale,ale,3,3,2,health_medicine/simglucose_safe_basal_control_instance_1,0.0,0,834024,160.6
skills,memory,ale,ale,3,3,2,legal/legal_dr_fees_01,0.8,0,1464717,342.6
skills,memory,ale,ale,3,3,2,life_sciences/hg002_chr22_germline_variant_pipeline,0.0,0,970645,279.0
skills,memory,ale,ale,3,3,2,life_sciences/rgi_mcr1_colistin_v2,1.0,1,1151428,292.8
skills,memory,ale,ale,3,3,2,life_sciences/tms_marrow_cell_type_annotation_instance_1,0.0,0,364316,180.5
skills,memory,ale,ale,3,3,3,business_finance/digital_marketing_ab_test_analysis_1,0.0,0,371537,172.7
skills,memory,ale,ale,3,3,3,business_finance/financial_stmt_reconstruction_aapl_fy2024,1.0,1,484643,189.9
skills,memory,ale,ale,3,3,3,business_finance/legal_ma_consistency_audit_01,0.0,0,598629,146.2
skills,memory,ale,ale,3,3,3,computing_math/k8s_migration_1,0.679167,0,971060,208.9
skills,memory,ale,ale,3,3,3,computing_math/k8s_payment_api_root_cause_analysis,0.722727,0,108552,116.1
skills,memory,ale,ale,3,3,3,health_medicine/simglucose_safe_basal_control_instance_1,0.0,0,1796153,341.1
skills,memory,ale,ale,3,3,3,legal/legal_dr_fees_01,0.8,0,714157,253.0
skills,memory,ale,ale,3,3,3,life_sciences/hg002_chr22_germline_variant_pipeline,0.0,0,1430562,255.4
skills,memory,ale,ale,3,3,3,life_sciences/rgi_mcr1_colistin_v2,0.0,0,409924,158.0
skills,memory,ale,ale,3,3,3,life_sciences/tms_marrow_cell_type_annotation_instance_1,0.0,0,920877,260.6
skills,memory,ale,ale,3,4,1,computing_math/cfr_game_theory_equilibrium,0.33,0,1562262,603.0
skills,memory,ale,ale,3,4,1,computing_math/ising_post_measurement_1,1.0,1,1391695,729.3
skills,memory,ale,ale,3,4,1,computing_math/paper_reproduction_instance_1,0.785,0,820103,627.4
skills,memory,ale,ale,3,4,1,computing_math/recsys_cold_start_instance_1,0.0,0,0,7239.7
skills,memory,ale,ale,3,4,1,computing_math/synthetic_causal_structure_inference,0.239737,0,1453281,637.7
skills,memory,ale,ale,3,4,1,engineering/aerospace_low_thrust_trajectory,0.0,0,482556,326.4
skills,memory,ale,ale,3,4,1,health_medicine/Clinical_Variant_Annotation,0.4,0,1650929,1126.4
skills,memory,ale,ale,3,4,1,health_medicine/causal_ihdp_ite_estimation_6a_v1,0.0,0,0,7238.0
skills,memory,ale,ale,3,4,1,health_medicine/crf_sdtm_mapping_4,0.5646,0,2554090,612.0
skills,memory,ale,ale,3,4,1,health_medicine/epidemiology_forecast,0.0,0,0,7237.2
skills,memory,ale,ale,3,4,1,health_medicine/flusight_offline_hosp_forecast_2024_12_14,0.0,0,462392,216.8
skills,memory,ale,ale,3,4,1,health_medicine/healthcare_bias_audit_27a_public_replication_v1,0.0,0,4274456,1326.6
skills,memory,ale,ale,3,4,1,health_medicine/nhanes_confounder_sensitivity_analysis,0.537882,0,385988,277.0
skills,memory,ale,ale,3,4,1,health_medicine/nsclc_radiomics_cox_signature_v1,0.0,0,2349892,3231.8
skills,memory,ale,ale,3,4,1,life_sciences/WGS_Variant_Calling,0.4,0,516258,228.0
skills,memory,ale,ale,3,4,1,life_sciences/cell_translocation_analysis,0.0,0,619478,507.2
skills,memory,ale,ale,3,4,1,life_sciences/protein_function_annotation_instance_1,0.0,0,724753,295.2
skills,memory,ale,ale,3,4,1,physical_sciences/adapt_vqe_molecular_energy,0.0,0,1925341,929.1
skills,memory,ale,ale,3,4,1,physical_sciences/climate_prediction,0.0,0,0,7929.4
skills,memory,ale,ale,3,4,1,transport_safety/fds_single_compartment_detector_reconstruction,0.0,0,577558,183.6
skills,memory,ale,ale,3,4,2,computing_math/cfr_game_theory_equilibrium,0.0,0,1746363,1092.1
skills,memory,ale,ale,3,4,2,computing_math/ising_post_measurement_1,0.0,0,0,7230.1
skills,memory,ale,ale,3,4,2,computing_math/paper_reproduction_instance_1,0.785,0,624216,630.4
skills,memory,ale,ale,3,4,2,computing_math/recsys_cold_start_instance_1,0.666667,0,2831860,1165.3
skills,memory,ale,ale,3,4,2,computing_math/synthetic_causal_structure_inference,0.264886,0,649232,213.1
skills,memory,ale,ale,3,4,2,engineering/aerospace_low_thrust_trajectory,0.0,0,645437,456.5
skills,memory,ale,ale,3,4,2,health_medicine/Clinical_Variant_Annotation,0.4,0,1635695,557.4
skills,memory,ale,ale,3,4,2,health_medicine/causal_ihdp_ite_estimation_6a_v1,0.160923,0,986953,483.2
skills,memory,ale,ale,3,4,2,health_medicine/crf_sdtm_mapping_4,0.433,0,2672961,781.4
skills,memory,ale,ale,3,4,2,health_medicine/epidemiology_forecast,0.0,0,670684,277.5
skills,memory,ale,ale,3,4,2,health_medicine/flusight_offline_hosp_forecast_2024_12_14,0.673385,0,874443,477.9
skills,memory,ale,ale,3,4,2,health_medicine/healthcare_bias_audit_27a_public_replication_v1,0.0,0,0,7228.0
skills,memory,ale,ale,3,4,2,health_medicine/nhanes_confounder_sensitivity_analysis,0.546153,0,539413,275.2
skills,memory,ale,ale,3,4,2,health_medicine/nsclc_radiomics_cox_signature_v1,0.0,0,3998841,2849.5
skills,memory,ale,ale,3,4,2,life_sciences/WGS_Variant_Calling,0.4,0,2205466,356.4
skills,memory,ale,ale,3,4,2,life_sciences/cell_translocation_analysis,0.0,0,778308,476.4
skills,memory,ale,ale,3,4,2,life_sciences/protein_function_annotation_instance_1,0.0,0,2204913,515.8
skills,memory,ale,ale,3,4,2,physical_sciences/adapt_vqe_molecular_energy,1.0,1,1446630,906.6
skills,memory,ale,ale,3,4,2,physical_sciences/climate_prediction,0.25,0,460343,866.5
skills,memory,ale,ale,3,4,2,transport_safety/fds_single_compartment_detector_reconstruction,0.0,0,655284,165.1
skills,memory,ale,ale,3,4,3,computing_math/cfr_game_theory_equilibrium,0.33,0,3876647,1728.1
skills,memory,ale,ale,3,4,3,computing_math/ising_post_measurement_1,0.0,0,750637,352.0
skills,memory,ale,ale,3,4,3,computing_math/paper_reproduction_instance_1,0.785,0,755056,598.0
skills,memory,ale,ale,3,4,3,computing_math/recsys_cold_start_instance_1,0.0,0,0,7228.6
skills,memory,ale,ale,3,4,3,computing_math/synthetic_causal_structure_inference,0.199357,0,868817,479.2
skills,memory,ale,ale,3,4,3,engineering/aerospace_low_thrust_trajectory,0.0,0,1190955,307.1
skills,memory,ale,ale,3,4,3,health_medicine/Clinical_Variant_Annotation,0.8,0,535271,216.6
skills,memory,ale,ale,3,4,3,health_medicine/causal_ihdp_ite_estimation_6a_v1,0.142351,0,4859390,935.9
skills,memory,ale,ale,3,4,3,health_medicine/crf_sdtm_mapping_4,0.3636,0,2921460,408.2
skills,memory,ale,ale,3,4,3,health_medicine/epidemiology_forecast,0.0,0,1042351,299.0
skills,memory,ale,ale,3,4,3,health_medicine/flusight_offline_hosp_forecast_2024_12_14,0.0,0,329770,135.0
skills,memory,ale,ale,3,4,3,health_medicine/healthcare_bias_audit_27a_public_replication_v1,0.0,0,0,7466.2
skills,memory,ale,ale,3,4,3,health_medicine/nhanes_confounder_sensitivity_analysis,0.536295,0,535414,404.3
skills,memory,ale,ale,3,4,3,health_medicine/nsclc_radiomics_cox_signature_v1,0.0,0,0,7248.2
skills,memory,ale,ale,3,4,3,life_sciences/WGS_Variant_Calling,0.3,0,942529,176.3
skills,memory,ale,ale,3,4,3,life_sciences/cell_translocation_analysis,0.0,0,1724082,513.4
skills,memory,ale,ale,3,4,3,life_sciences/protein_function_annotation_instance_1,0.0,0,0,7233.7
skills,memory,ale,ale,3,4,3,physical_sciences/adapt_vqe_molecular_energy,0.333333,0,1868987,1136.3
skills,memory,ale,ale,3,4,3,physical_sciences/climate_prediction,0.4399,0,1220348,1006.0
skills,memory,ale,ale,3,4,3,transport_safety/fds_single_compartment_detector_reconstruction,0.0,0,874297,525.0
skills,memory,ale,ale,4,1,1,business_finance/digital_marketing_audience_segmentation_1,0.8667,0,497850,230.7
skills,memory,ale,ale,4,1,1,business_finance/ff5_public_reconstruction,0.0,0,1119705,472.1
skills,memory,ale,ale,4,1,1,business_finance/pe_screening_memo_1,0.6875,0,563703,195.7
skills,memory,ale,ale,4,1,1,computing_math/os_log_permission_guard_v1,1.0,1,415789,120.7
skills,memory,ale,ale,4,1,1,computing_math/ranking_node_feature_parity_recovery_instance_1,0.0,0,537172,182.4
skills,memory,ale,ale,4,1,1,education_info/homework_grading_numerical_pdes_instance_02,0.0,0,2166937,531.6
skills,memory,ale,ale,4,1,1,engineering/abb_irb6700_asset_to_urdf_instance_1,0.4741,0,438085,210.5
skills,memory,ale,ale,4,1,1,engineering/chisel_verilog_alignment_seq_1,0.2,0,486694,140.7
skills,memory,ale,ale,4,1,1,health_medicine/healthcare_variant_annotation_pipeline,1.0,1,482929,231.5
skills,memory,ale,ale,4,1,1,health_medicine/scene3_skullstrip_qc,1.0,1,304701,121.7
skills,memory,ale,ale,4,1,2,business_finance/digital_marketing_audience_segmentation_1,0.9042,0,874367,281.3
skills,memory,ale,ale,4,1,2,business_finance/ff5_public_reconstruction,0.0,0,1433594,862.9
skills,memory,ale,ale,4,1,2,business_finance/pe_screening_memo_1,0.709375,0,303641,182.1
skills,memory,ale,ale,4,1,2,computing_math/os_log_permission_guard_v1,1.0,1,330426,139.8
skills,memory,ale,ale,4,1,2,computing_math/ranking_node_feature_parity_recovery_instance_1,0.0,0,718134,221.3
skills,memory,ale,ale,4,1,2,education_info/homework_grading_numerical_pdes_instance_02,0.653818,0,543248,190.4
skills,memory,ale,ale,4,1,2,engineering/abb_irb6700_asset_to_urdf_instance_1,0.5721,0,331234,141.1
skills,memory,ale,ale,4,1,2,engineering/chisel_verilog_alignment_seq_1,0.2,0,505034,182.0
skills,memory,ale,ale,4,1,2,health_medicine/healthcare_variant_annotation_pipeline,1.0,1,299276,150.2
skills,memory,ale,ale,4,1,2,health_medicine/scene3_skullstrip_qc,1.0,1,225290,105.8
skills,memory,ale,ale,4,1,3,business_finance/digital_marketing_audience_segmentation_1,0.7245,0,477763,200.6
skills,memory,ale,ale,4,1,3,business_finance/ff5_public_reconstruction,0.0,0,1120941,433.3
skills,memory,ale,ale,4,1,3,business_finance/pe_screening_memo_1,0.54375,0,215529,194.0
skills,memory,ale,ale,4,1,3,computing_math/os_log_permission_guard_v1,1.0,1,439753,116.3
skills,memory,ale,ale,4,1,3,computing_math/ranking_node_feature_parity_recovery_instance_1,0.0,0,1611893,286.2
skills,memory,ale,ale,4,1,3,education_info/homework_grading_numerical_pdes_instance_02,0.746485,0,322562,182.0
skills,memory,ale,ale,4,1,3,engineering/abb_irb6700_asset_to_urdf_instance_1,0.4741,0,264800,127.2
skills,memory,ale,ale,4,1,3,engineering/chisel_verilog_alignment_seq_1,0.2,0,270195,104.7
skills,memory,ale,ale,4,1,3,health_medicine/healthcare_variant_annotation_pipeline,1.0,1,401371,238.6
skills,memory,ale,ale,4,1,3,health_medicine/scene3_skullstrip_qc,1.0,1,164368,135.3
skills,memory,ale,ale,4,2,1,business_finance/basel_operational_risk_bia_cn,0.0,0,537129,207.9
skills,memory,ale,ale,4,2,1,computing_math/k3_abelian_extensions,1.0,1,751902,385.7
skills,memory,ale,ale,4,2,1,education_info/moodle_gradebook_closeout_reconciliation,0.0,0,2624490,457.4
skills,memory,ale,ale,4,2,1,engineering/openroad_sky130_ibex_pnr_signoff,0.0,0,716900,169.5
skills,memory,ale,ale,4,2,1,engineering/power_10kv_feeder_reliability_001,0.0,0,3188477,428.9
skills,memory,ale,ale,4,2,1,health_medicine/public_health_mask_mandate_ratio,0.0,0,2347932,1090.7
skills,memory,ale,ale,4,2,1,legal/agora_governance_classify_instance_1,0.466097,0,692516,228.1
skills,memory,ale,ale,4,2,2,business_finance/basel_operational_risk_bia_cn,0.0,0,535820,197.8
skills,memory,ale,ale,4,2,2,computing_math/k3_abelian_extensions,0.0,0,512740,384.9
skills,memory,ale,ale,4,2,2,education_info/moodle_gradebook_closeout_reconciliation,0.0,0,1268016,357.8
skills,memory,ale,ale,4,2,2,engineering/openroad_sky130_ibex_pnr_signoff,0.0,0,367441,106.1
skills,memory,ale,ale,4,2,2,engineering/power_10kv_feeder_reliability_001,0.0,0,2084663,711.8
skills,memory,ale,ale,4,2,2,health_medicine/public_health_mask_mandate_ratio,0.0,0,2676305,786.1
skills,memory,ale,ale,4,2,2,legal/agora_governance_classify_instance_1,0.033333,0,374281,278.8
skills,memory,ale,ale,4,2,3,business_finance/basel_operational_risk_bia_cn,0.0,0,605204,218.2
skills,memory,ale,ale,4,2,3,computing_math/k3_abelian_extensions,1.0,1,1480700,525.4
skills,memory,ale,ale,4,2,3,education_info/moodle_gradebook_closeout_reconciliation,0.0,0,1814503,397.6
skills,memory,ale,ale,4,2,3,engineering/openroad_sky130_ibex_pnr_signoff,0.0,0,709255,179.6
skills,memory,ale,ale,4,2,3,engineering/power_10kv_feeder_reliability_001,0.0,0,803913,190.6
skills,memory,ale,ale,4,2,3,health_medicine/public_health_mask_mandate_ratio,0.333333,0,2875645,1086.7
skills,memory,ale,ale,4,2,3,legal/agora_governance_classify_instance_1,0.133333,0,750950,250.8
skills,memory,ale,ale,4,3,1,business_finance/digital_marketing_ab_test_analysis_1,0.0,0,853819,564.3
skills,memory,ale,ale,4,3,1,business_finance/financial_stmt_reconstruction_aapl_fy2024,1.0,1,1075860,433.1
skills,memory,ale,ale,4,3,1,business_finance/legal_ma_consistency_audit_01,0.0,0,783451,221.4
skills,memory,ale,ale,4,3,1,computing_math/k8s_migration_1,0.479167,0,981678,233.1
skills,memory,ale,ale,4,3,1,computing_math/k8s_payment_api_root_cause_analysis,0.68,0,273493,160.3
skills,memory,ale,ale,4,3,1,health_medicine/simglucose_safe_basal_control_instance_1,0.0,0,1719942,282.2
skills,memory,ale,ale,4,3,1,legal/legal_dr_fees_01,0.8,0,834986,281.9
skills,memory,ale,ale,4,3,1,life_sciences/hg002_chr22_germline_variant_pipeline,0.0,0,873442,274.8
skills,memory,ale,ale,4,3,1,life_sciences/rgi_mcr1_colistin_v2,1.0,1,1810642,311.2
skills,memory,ale,ale,4,3,1,life_sciences/tms_marrow_cell_type_annotation_instance_1,0.0,0,812081,1157.4
skills,memory,ale,ale,4,3,2,business_finance/digital_marketing_ab_test_analysis_1,0.0,0,415350,221.8
skills,memory,ale,ale,4,3,2,business_finance/financial_stmt_reconstruction_aapl_fy2024,0.933333,0,587178,229.8
skills,memory,ale,ale,4,3,2,business_finance/legal_ma_consistency_audit_01,0.0,0,936213,211.3
skills,memory,ale,ale,4,3,2,computing_math/k8s_migration_1,0.7,0,741298,264.5
skills,memory,ale,ale,4,3,2,computing_math/k8s_payment_api_root_cause_analysis,0.613889,0,447371,170.6
skills,memory,ale,ale,4,3,2,health_medicine/simglucose_safe_basal_control_instance_1,0.0,0,952897,191.8
skills,memory,ale,ale,4,3,2,legal/legal_dr_fees_01,0.8,0,828734,199.7
skills,memory,ale,ale,4,3,2,life_sciences/hg002_chr22_germline_variant_pipeline,0.0,0,1745359,382.4
skills,memory,ale,ale,4,3,2,life_sciences/rgi_mcr1_colistin_v2,1.0,1,568881,221.4
skills,memory,ale,ale,4,3,2,life_sciences/tms_marrow_cell_type_annotation_instance_1,0.0,0,274878,160.9
skills,memory,ale,ale,4,3,3,business_finance/digital_marketing_ab_test_analysis_1,0.0,0,434963,209.5
skills,memory,ale,ale,4,3,3,business_finance/financial_stmt_reconstruction_aapl_fy2024,1.0,1,644281,153.7
skills,memory,ale,ale,4,3,3,business_finance/legal_ma_consistency_audit_01,0.0,0,1351620,247.2
skills,memory,ale,ale,4,3,3,computing_math/k8s_migration_1,0.5,0,1067393,218.1
skills,memory,ale,ale,4,3,3,computing_math/k8s_payment_api_root_cause_analysis,0.772727,0,366492,156.2
skills,memory,ale,ale,4,3,3,health_medicine/simglucose_safe_basal_control_instance_1,0.0,0,2572101,349.0
skills,memory,ale,ale,4,3,3,legal/legal_dr_fees_01,0.8,0,778410,224.3
skills,memory,ale,ale,4,3,3,life_sciences/hg002_chr22_germline_variant_pipeline,0.0,0,1497536,425.8
skills,memory,ale,ale,4,3,3,life_sciences/rgi_mcr1_colistin_v2,0.75,0,1442923,286.1
skills,memory,ale,ale,4,3,3,life_sciences/tms_marrow_cell_type_annotation_instance_1,0.0,0,1489940,570.0
skills,memory,ale,ale,4,4,1,computing_math/cfr_game_theory_equilibrium,0.67,0,2007833,651.0
skills,memory,ale,ale,4,4,1,computing_math/ising_post_measurement_1,1.0,1,690213,232.9
skills,memory,ale,ale,4,4,1,computing_math/paper_reproduction_instance_1,0.785,0,503971,593.5
skills,memory,ale,ale,4,4,1,computing_math/recsys_cold_start_instance_1,1.0,1,1551217,1038.8
skills,memory,ale,ale,4,4,1,computing_math/synthetic_causal_structure_inference,0.247672,0,452020,490.4
skills,memory,ale,ale,4,4,1,engineering/aerospace_low_thrust_trajectory,0.0,0,1010757,240.7
skills,memory,ale,ale,4,4,1,health_medicine/Clinical_Variant_Annotation,0.2,0,0,7233.4
skills,memory,ale,ale,4,4,1,health_medicine/causal_ihdp_ite_estimation_6a_v1,0.0,0,1251526,593.9
skills,memory,ale,ale,4,4,1,health_medicine/crf_sdtm_mapping_4,0.2321,0,1627917,351.1
skills,memory,ale,ale,4,4,1,health_medicine/epidemiology_forecast,0.0,0,574795,242.0
skills,memory,ale,ale,4,4,1,health_medicine/flusight_offline_hosp_forecast_2024_12_14,0.247763,0,616307,164.4
skills,memory,ale,ale,4,4,1,health_medicine/healthcare_bias_audit_27a_public_replication_v1,0.0,0,7726799,853.5
skills,memory,ale,ale,4,4,1,health_medicine/nhanes_confounder_sensitivity_analysis,0.571875,0,349289,200.5
skills,memory,ale,ale,4,4,1,health_medicine/nsclc_radiomics_cox_signature_v1,0.0,0,2828436,2018.1
skills,memory,ale,ale,4,4,1,life_sciences/WGS_Variant_Calling,0.3,0,676308,240.3
skills,memory,ale,ale,4,4,1,life_sciences/cell_translocation_analysis,0.0,0,630791,486.0
skills,memory,ale,ale,4,4,1,life_sciences/protein_function_annotation_instance_1,0.0,0,1758003,471.8
skills,memory,ale,ale,4,4,1,physical_sciences/adapt_vqe_molecular_energy,0.0,0,693683,696.6
skills,memory,ale,ale,4,4,1,physical_sciences/climate_prediction,0.0,0,3581503,1271.8
skills,memory,ale,ale,4,4,1,transport_safety/fds_single_compartment_detector_reconstruction,0.0,0,2344476,614.3
skills,memory,ale,ale,4,4,2,computing_math/cfr_game_theory_equilibrium,0.33,0,1561934,780.0
skills,memory,ale,ale,4,4,2,computing_math/ising_post_measurement_1,1.0,1,555536,593.5
skills,memory,ale,ale,4,4,2,computing_math/paper_reproduction_instance_1,0.785,0,635215,910.3
skills,memory,ale,ale,4,4,2,computing_math/recsys_cold_start_instance_1,0.0,0,1530228,1013.0
skills,memory,ale,ale,4,4,2,computing_math/synthetic_causal_structure_inference,0.398884,0,833415,523.4
skills,memory,ale,ale,4,4,2,engineering/aerospace_low_thrust_trajectory,0.0,0,1215416,353.6
skills,memory,ale,ale,4,4,2,health_medicine/Clinical_Variant_Annotation,0.8,0,1601435,584.0
skills,memory,ale,ale,4,4,2,health_medicine/causal_ihdp_ite_estimation_6a_v1,0.161086,0,633864,412.3
skills,memory,ale,ale,4,4,2,health_medicine/crf_sdtm_mapping_4,0.3421,0,1435989,741.9
skills,memory,ale,ale,4,4,2,health_medicine/epidemiology_forecast,0.0,0,389699,224.4
skills,memory,ale,ale,4,4,2,health_medicine/flusight_offline_hosp_forecast_2024_12_14,0.305091,0,757165,139.1
skills,memory,ale,ale,4,4,2,health_medicine/healthcare_bias_audit_27a_public_replication_v1,0.0,0,3444137,915.4
skills,memory,ale,ale,4,4,2,health_medicine/nhanes_confounder_sensitivity_analysis,0.596875,0,456544,273.1
skills,memory,ale,ale,4,4,2,health_medicine/nsclc_radiomics_cox_signature_v1,0.0,0,3916047,3024.8
skills,memory,ale,ale,4,4,2,life_sciences/WGS_Variant_Calling,0.4,0,569761,211.2
skills,memory,ale,ale,4,4,2,life_sciences/cell_translocation_analysis,0.0,0,1377731,300.5
skills,memory,ale,ale,4,4,2,life_sciences/protein_function_annotation_instance_1,0.0,0,413486,230.4
skills,memory,ale,ale,4,4,2,physical_sciences/adapt_vqe_molecular_energy,0.333333,0,904782,768.8
skills,memory,ale,ale,4,4,2,physical_sciences/climate_prediction,0.4468,0,1715688,1135.6
skills,memory,ale,ale,4,4,2,transport_safety/fds_single_compartment_detector_reconstruction,0.0,0,685703,191.0
skills,memory,ale,ale,4,4,3,computing_math/cfr_game_theory_equilibrium,0.67,0,664965,519.9
skills,memory,ale,ale,4,4,3,computing_math/ising_post_measurement_1,1.0,1,535184,243.0
skills,memory,ale,ale,4,4,3,computing_math/paper_reproduction_instance_1,0.785,0,744742,603.2
skills,memory,ale,ale,4,4,3,computing_math/recsys_cold_start_instance_1,0.5,0,655817,843.4
skills,memory,ale,ale,4,4,3,computing_math/synthetic_causal_structure_inference,0.306141,0,860643,494.4
skills,memory,ale,ale,4,4,3,engineering/aerospace_low_thrust_trajectory,0.0,0,1121944,368.8
skills,memory,ale,ale,4,4,3,health_medicine/Clinical_Variant_Annotation,0.6,0,1599913,458.4
skills,memory,ale,ale,4,4,3,health_medicine/causal_ihdp_ite_estimation_6a_v1,0.0,0,716110,497.7
skills,memory,ale,ale,4,4,3,health_medicine/crf_sdtm_mapping_4,0.2249,0,1362061,208.9
skills,memory,ale,ale,4,4,3,health_medicine/epidemiology_forecast,0.0,0,1499281,498.0
skills,memory,ale,ale,4,4,3,health_medicine/flusight_offline_hosp_forecast_2024_12_14,0.0,0,522508,223.6
skills,memory,ale,ale,4,4,3,health_medicine/healthcare_bias_audit_27a_public_replication_v1,0.0,0,2576577,754.4
skills,memory,ale,ale,4,4,3,health_medicine/nhanes_confounder_sensitivity_analysis,0.554487,0,634662,192.3
skills,memory,ale,ale,4,4,3,health_medicine/nsclc_radiomics_cox_signature_v1,0.0,0,1697324,3014.5
skills,memory,ale,ale,4,4,3,life_sciences/WGS_Variant_Calling,0.3,0,375857,156.8
skills,memory,ale,ale,4,4,3,life_sciences/cell_translocation_analysis,0.0,0,1758017,772.0
skills,memory,ale,ale,4,4,3,life_sciences/protein_function_annotation_instance_1,0.0,0,0,7225.8
skills,memory,ale,ale,4,4,3,physical_sciences/adapt_vqe_molecular_energy,0.0,0,860138,331.3
skills,memory,ale,ale,4,4,3,physical_sciences/climate_prediction,0.25,0,0,7877.7
skills,memory,ale,ale,4,4,3,transport_safety/fds_single_compartment_detector_reconstruction,0.0,0,664088,368.5
skills,memory,ale,ale,4,5,1,business_finance/bpmn_supply_disruption_l3,0.2133,0,2881623,1087.7
skills,memory,ale,ale,4,5,1,health_medicine/healthcare_tcga_luad_survival_kras,0.0,0,229405,348.0
skills,memory,ale,ale,4,5,1,psychology_neuro/scene2_resample,0.0,0,623785,850.6
skills,memory,ale,ale,4,5,2,business_finance/bpmn_supply_disruption_l3,0.8138,0,1110962,385.6
skills,memory,ale,ale,4,5,2,health_medicine/healthcare_tcga_luad_survival_kras,0.0,0,1134816,1577.4
skills,memory,ale,ale,4,5,2,psychology_neuro/scene2_resample,0.0,0,830848,796.6
skills,memory,ale,ale,4,5,3,business_finance/bpmn_supply_disruption_l3,0.0,0,1852356,487.3
skills,memory,ale,ale,4,5,3,health_medicine/healthcare_tcga_luad_survival_kras,0.0,0,718122,549.1
skills,memory,ale,ale,4,5,3,psychology_neuro/scene2_resample,0.0,0,2162261,988.8
skills,memory,ale,ale,5,1,1,business_finance/digital_marketing_audience_segmentation_1,0.762,0,476826,199.4
skills,memory,ale,ale,5,1,1,business_finance/ff5_public_reconstruction,0.0,0,904258,412.5
skills,memory,ale,ale,5,1,1,business_finance/pe_screening_memo_1,0.60625,0,562201,199.2
skills,memory,ale,ale,5,1,1,computing_math/os_log_permission_guard_v1,1.0,1,283657,140.1
skills,memory,ale,ale,5,1,1,computing_math/ranking_node_feature_parity_recovery_instance_1,0.0,0,638650,337.5
skills,memory,ale,ale,5,1,1,education_info/homework_grading_numerical_pdes_instance_02,0.736485,0,418912,200.3
skills,memory,ale,ale,5,1,1,engineering/abb_irb6700_asset_to_urdf_instance_1,0.4366,0,144148,200.4
skills,memory,ale,ale,5,1,1,engineering/chisel_verilog_alignment_seq_1,0.2,0,343578,140.2
skills,memory,ale,ale,5,1,1,health_medicine/healthcare_variant_annotation_pipeline,0.799,0,764381,331.6
skills,memory,ale,ale,5,1,1,health_medicine/scene3_skullstrip_qc,1.0,1,77498,152.0
skills,memory,ale,ale,5,1,2,business_finance/digital_marketing_audience_segmentation_1,0.9417,0,457782,200.6
skills,memory,ale,ale,5,1,2,business_finance/ff5_public_reconstruction,0.0,0,956563,634.0
skills,memory,ale,ale,5,1,2,business_finance/pe_screening_memo_1,0.0,0,273025,200.1
skills,memory,ale,ale,5,1,2,computing_math/os_log_permission_guard_v1,1.0,1,340773,118.1
skills,memory,ale,ale,5,1,2,computing_math/ranking_node_feature_parity_recovery_instance_1,0.0,0,463762,212.0
skills,memory,ale,ale,5,1,2,education_info/homework_grading_numerical_pdes_instance_02,0.685818,0,1017402,371.7
skills,memory,ale,ale,5,1,2,engineering/abb_irb6700_asset_to_urdf_instance_1,0.4741,0,952619,541.1
skills,memory,ale,ale,5,1,2,engineering/chisel_verilog_alignment_seq_1,0.2,0,437626,197.9
skills,memory,ale,ale,5,1,2,health_medicine/healthcare_variant_annotation_pipeline,1.0,1,471786,265.5
skills,memory,ale,ale,5,1,2,health_medicine/scene3_skullstrip_qc,1.0,1,215622,199.1
skills,memory,ale,ale,5,1,3,business_finance/digital_marketing_audience_segmentation_1,0.9042,0,441492,210.9
skills,memory,ale,ale,5,1,3,business_finance/ff5_public_reconstruction,0.0,0,2707016,894.0
skills,memory,ale,ale,5,1,3,business_finance/pe_screening_memo_1,0.525,0,458543,197.9
skills,memory,ale,ale,5,1,3,computing_math/os_log_permission_guard_v1,1.0,1,659195,225.7
skills,memory,ale,ale,5,1,3,computing_math/ranking_node_feature_parity_recovery_instance_1,0.0,0,2232972,371.9
skills,memory,ale,ale,5,1,3,education_info/homework_grading_numerical_pdes_instance_02,0.685152,0,371031,220.2
skills,memory,ale,ale,5,1,3,engineering/abb_irb6700_asset_to_urdf_instance_1,0.4659,0,353783,154.1
skills,memory,ale,ale,5,1,3,engineering/chisel_verilog_alignment_seq_1,0.2,0,1352950,258.9
skills,memory,ale,ale,5,1,3,health_medicine/healthcare_variant_annotation_pipeline,1.0,1,404124,168.7
skills,memory,ale,ale,5,1,3,health_medicine/scene3_skullstrip_qc,1.0,1,137243,141.4
skills,memory,ale,ale,5,2,1,business_finance/basel_operational_risk_bia_cn,0.0,0,527342,217.4
skills,memory,ale,ale,5,2,1,computing_math/k3_abelian_extensions,0.0,0,492728,414.8
skills,memory,ale,ale,5,2,1,education_info/moodle_gradebook_closeout_reconciliation,0.0,0,1875984,355.9
skills,memory,ale,ale,5,2,1,engineering/openroad_sky130_ibex_pnr_signoff,0.0,0,480227,159.5
skills,memory,ale,ale,5,2,1,engineering/power_10kv_feeder_reliability_001,0.001548,0,2007084,318.5
skills,memory,ale,ale,5,2,1,health_medicine/public_health_mask_mandate_ratio,0.333333,0,2651027,1958.2
skills,memory,ale,ale,5,2,1,legal/agora_governance_classify_instance_1,0.0,0,371767,297.5
skills,memory,ale,ale,5,2,2,business_finance/basel_operational_risk_bia_cn,0.0,0,1466707,410.5
skills,memory,ale,ale,5,2,2,computing_math/k3_abelian_extensions,0.0,0,258956,313.9
skills,memory,ale,ale,5,2,2,education_info/moodle_gradebook_closeout_reconciliation,0.0,0,2010434,457.8
skills,memory,ale,ale,5,2,2,engineering/openroad_sky130_ibex_pnr_signoff,0.0,0,390586,151.1
skills,memory,ale,ale,5,2,2,engineering/power_10kv_feeder_reliability_001,0.0,0,3638178,540.1
skills,memory,ale,ale,5,2,2,health_medicine/public_health_mask_mandate_ratio,0.0,0,2513801,1294.6
skills,memory,ale,ale,5,2,2,legal/agora_governance_classify_instance_1,0.321652,0,682056,428.8
skills,memory,ale,ale,5,2,3,business_finance/basel_operational_risk_bia_cn,0.0,0,735296,208.1
skills,memory,ale,ale,5,2,3,computing_math/k3_abelian_extensions,0.0,0,1649025,616.0
skills,memory,ale,ale,5,2,3,education_info/moodle_gradebook_closeout_reconciliation,0.0,0,2016503,430.5
skills,memory,ale,ale,5,2,3,engineering/openroad_sky130_ibex_pnr_signoff,0.0,0,560469,210.4
skills,memory,ale,ale,5,2,3,engineering/power_10kv_feeder_reliability_001,0.00153,0,1109650,281.8
skills,memory,ale,ale,5,2,3,health_medicine/public_health_mask_mandate_ratio,0.0,0,1440586,551.8
skills,memory,ale,ale,5,2,3,legal/agora_governance_classify_instance_1,0.0,0,174015,171.7
skills,memory,ale,ale,5,3,1,business_finance/digital_marketing_ab_test_analysis_1,0.0,0,867900,363.0
skills,memory,ale,ale,5,3,1,business_finance/financial_stmt_reconstruction_aapl_fy2024,1.0,1,518181,201.6
skills,memory,ale,ale,5,3,1,business_finance/legal_ma_consistency_audit_01,0.0,0,663076,247.8
skills,memory,ale,ale,5,3,1,computing_math/k8s_migration_1,0.479167,0,1113512,252.8
skills,memory,ale,ale,5,3,1,computing_math/k8s_payment_api_root_cause_analysis,0.688889,0,317992,320.0
skills,memory,ale,ale,5,3,1,health_medicine/simglucose_safe_basal_control_instance_1,0.0,0,1189882,719.5
skills,memory,ale,ale,5,3,1,legal/legal_dr_fees_01,0.0,0,564718,291.5
skills,memory,ale,ale,5,3,1,life_sciences/hg002_chr22_germline_variant_pipeline,0.0,0,1148551,362.9
skills,memory,ale,ale,5,3,1,life_sciences/rgi_mcr1_colistin_v2,1.0,1,450387,342.0
skills,memory,ale,ale,5,3,1,life_sciences/tms_marrow_cell_type_annotation_instance_1,0.0,0,846216,475.9
skills,memory,ale,ale,5,3,2,business_finance/digital_marketing_ab_test_analysis_1,0.0,0,1986849,363.0
skills,memory,ale,ale,5,3,2,business_finance/financial_stmt_reconstruction_aapl_fy2024,1.0,1,1578282,521.5
skills,memory,ale,ale,5,3,2,business_finance/legal_ma_consistency_audit_01,0.0,0,608085,400.6
skills,memory,ale,ale,5,3,2,computing_math/k8s_migration_1,0.5,0,1059244,363.8
skills,memory,ale,ale,5,3,2,computing_math/k8s_payment_api_root_cause_analysis,0.697727,0,569322,290.0
skills,memory,ale,ale,5,3,2,health_medicine/simglucose_safe_basal_control_instance_1,0.0,0,797875,354.9
skills,memory,ale,ale,5,3,2,legal/legal_dr_fees_01,0.24,0,1976539,714.4
skills,memory,ale,ale,5,3,2,life_sciences/hg002_chr22_germline_variant_pipeline,0.0,0,921996,447.0
skills,memory,ale,ale,5,3,2,life_sciences/rgi_mcr1_colistin_v2,1.0,1,1146499,369.1
skills,memory,ale,ale,5,3,2,life_sciences/tms_marrow_cell_type_annotation_instance_1,0.0,0,339530,230.2
skills,memory,ale,ale,5,3,3,business_finance/digital_marketing_ab_test_analysis_1,0.0,0,394267,312.6
skills,memory,ale,ale,5,3,3,business_finance/financial_stmt_reconstruction_aapl_fy2024,1.0,1,625278,206.5
skills,memory,ale,ale,5,3,3,business_finance/legal_ma_consistency_audit_01,0.0,0,1369218,285.9
skills,memory,ale,ale,5,3,3,computing_math/k8s_migration_1,0.5,0,688699,278.0
skills,memory,ale,ale,5,3,3,computing_math/k8s_payment_api_root_cause_analysis,0.655,0,400711,257.6
skills,memory,ale,ale,5,3,3,health_medicine/simglucose_safe_basal_control_instance_1,0.0,0,2139087,1293.0
skills,memory,ale,ale,5,3,3,legal/legal_dr_fees_01,0.8,0,1247183,470.7
skills,memory,ale,ale,5,3,3,life_sciences/hg002_chr22_germline_variant_pipeline,0.0,0,1974040,1651.5
skills,memory,ale,ale,5,3,3,life_sciences/rgi_mcr1_colistin_v2,1.0,1,950550,282.2
skills,memory,ale,ale,5,3,3,life_sciences/tms_marrow_cell_type_annotation_instance_1,0.0,0,407370,361.4
skills,memory,ale,ale,5,4,1,computing_math/cfr_game_theory_equilibrium,0.33,0,374077,297.2
skills,memory,ale,ale,5,4,1,computing_math/ising_post_measurement_1,0.0,0,701439,564.5
skills,memory,ale,ale,5,4,1,computing_math/paper_reproduction_instance_1,0.785,0,538771,583.0
skills,memory,ale,ale,5,4,1,computing_math/recsys_cold_start_instance_1,0.333333,0,6196533,1449.7
skills,memory,ale,ale,5,4,1,computing_math/synthetic_causal_structure_inference,0.244076,0,956856,211.1
skills,memory,ale,ale,5,4,1,engineering/aerospace_low_thrust_trajectory,0.0,0,474842,272.4
skills,memory,ale,ale,5,4,1,health_medicine/Clinical_Variant_Annotation,0.2,0,2495255,826.8
skills,memory,ale,ale,5,4,1,health_medicine/causal_ihdp_ite_estimation_6a_v1,0.0,0,724081,434.3
skills,memory,ale,ale,5,4,1,health_medicine/crf_sdtm_mapping_4,0.4306,0,1529698,261.5
skills,memory,ale,ale,5,4,1,health_medicine/epidemiology_forecast,0.0,0,241698,253.5
skills,memory,ale,ale,5,4,1,health_medicine/flusight_offline_hosp_forecast_2024_12_14,0.0,0,1004627,312.1
skills,memory,ale,ale,5,4,1,health_medicine/healthcare_bias_audit_27a_public_replication_v1,0.0,0,7084258,1343.7
skills,memory,ale,ale,5,4,1,health_medicine/nhanes_confounder_sensitivity_analysis,0.538542,0,801289,232.3
skills,memory,ale,ale,5,4,1,health_medicine/nsclc_radiomics_cox_signature_v1,0.0,0,2042758,1454.5
skills,memory,ale,ale,5,4,1,life_sciences/WGS_Variant_Calling,0.4,0,1027932,332.3
skills,memory,ale,ale,5,4,1,life_sciences/cell_translocation_analysis,0.0,0,1123933,631.9
skills,memory,ale,ale,5,4,1,life_sciences/protein_function_annotation_instance_1,0.0,0,777676,194.2
skills,memory,ale,ale,5,4,1,physical_sciences/adapt_vqe_molecular_energy,0.333333,0,1040619,567.9
skills,memory,ale,ale,5,4,1,physical_sciences/climate_prediction,0.4462,0,1127364,978.5
skills,memory,ale,ale,5,4,1,transport_safety/fds_single_compartment_detector_reconstruction,0.0,0,845084,263.7
skills,memory,ale,ale,5,4,2,computing_math/cfr_game_theory_equilibrium,0.0,0,1337523,799.1
skills,memory,ale,ale,5,4,2,computing_math/ising_post_measurement_1,0.0,0,809648,472.9
skills,memory,ale,ale,5,4,2,computing_math/paper_reproduction_instance_1,0.785,0,896831,628.9
skills,memory,ale,ale,5,4,2,computing_math/recsys_cold_start_instance_1,0.5,0,663548,782.2
skills,memory,ale,ale,5,4,2,computing_math/synthetic_causal_structure_inference,0.27089,0,820153,226.9
skills,memory,ale,ale,5,4,2,engineering/aerospace_low_thrust_trajectory,0.0,0,614820,256.5
skills,memory,ale,ale,5,4,2,health_medicine/Clinical_Variant_Annotation,0.2,0,1110052,420.4
skills,memory,ale,ale,5,4,2,health_medicine/causal_ihdp_ite_estimation_6a_v1,0.0,0,1789322,814.5
skills,memory,ale,ale,5,4,2,health_medicine/crf_sdtm_mapping_4,0.3158,0,1159561,699.9
skills,memory,ale,ale,5,4,2,health_medicine/epidemiology_forecast,0.0,0,372921,222.4
skills,memory,ale,ale,5,4,2,health_medicine/flusight_offline_hosp_forecast_2024_12_14,0.195069,0,407899,149.1
skills,memory,ale,ale,5,4,2,health_medicine/healthcare_bias_audit_27a_public_replication_v1,0.0,0,3314776,2193.8
skills,memory,ale,ale,5,4,2,health_medicine/nhanes_confounder_sensitivity_analysis,0.555208,0,560438,287.6
skills,memory,ale,ale,5,4,2,health_medicine/nsclc_radiomics_cox_signature_v1,0.0,0,1471120,2264.7
skills,memory,ale,ale,5,4,2,life_sciences/WGS_Variant_Calling,0.3,0,1007012,250.7
skills,memory,ale,ale,5,4,2,life_sciences/cell_translocation_analysis,0.0,0,3396587,920.6
skills,memory,ale,ale,5,4,2,life_sciences/protein_function_annotation_instance_1,0.0,0,1277777,359.1
skills,memory,ale,ale,5,4,2,physical_sciences/adapt_vqe_molecular_energy,1.0,1,616579,301.7
skills,memory,ale,ale,5,4,2,physical_sciences/climate_prediction,0.4484,0,2168353,1764.9
skills,memory,ale,ale,5,4,2,transport_safety/fds_single_compartment_detector_reconstruction,0.0,0,1166571,323.4
skills,memory,ale,ale,5,4,3,computing_math/cfr_game_theory_equilibrium,0.67,0,1610789,640.2
skills,memory,ale,ale,5,4,3,computing_math/ising_post_measurement_1,0.0,0,583813,341.7
skills,memory,ale,ale,5,4,3,computing_math/paper_reproduction_instance_1,0.785,0,692413,574.9
skills,memory,ale,ale,5,4,3,computing_math/recsys_cold_start_instance_1,0.666667,0,560802,771.7
skills,memory,ale,ale,5,4,3,computing_math/synthetic_causal_structure_inference,0.291155,0,904947,505.8
skills,memory,ale,ale,5,4,3,engineering/aerospace_low_thrust_trajectory,0.0,0,944288,331.6
skills,memory,ale,ale,5,4,3,health_medicine/Clinical_Variant_Annotation,0.6,0,893479,405.6
skills,memory,ale,ale,5,4,3,health_medicine/causal_ihdp_ite_estimation_6a_v1,0.142351,0,1055763,953.8
skills,memory,ale,ale,5,4,3,health_medicine/crf_sdtm_mapping_4,0.5191,0,2538416,448.6
skills,memory,ale,ale,5,4,3,health_medicine/epidemiology_forecast,0.0,0,332944,246.2
skills,memory,ale,ale,5,4,3,health_medicine/flusight_offline_hosp_forecast_2024_12_14,0.357381,0,439776,159.7
skills,memory,ale,ale,5,4,3,health_medicine/healthcare_bias_audit_27a_public_replication_v1,0.0,0,7152103,1731.5
skills,memory,ale,ale,5,4,3,health_medicine/nhanes_confounder_sensitivity_analysis,0.53782,0,374768,201.0
skills,memory,ale,ale,5,4,3,health_medicine/nsclc_radiomics_cox_signature_v1,0.0,0,1525812,984.1
skills,memory,ale,ale,5,4,3,life_sciences/WGS_Variant_Calling,0.4,0,778044,313.9
skills,memory,ale,ale,5,4,3,life_sciences/cell_translocation_analysis,0.0,0,938472,521.3
skills,memory,ale,ale,5,4,3,life_sciences/protein_function_annotation_instance_1,0.0,0,1704408,395.3
skills,memory,ale,ale,5,4,3,physical_sciences/adapt_vqe_molecular_energy,0.0,0,358831,695.5
skills,memory,ale,ale,5,4,3,physical_sciences/climate_prediction,0.25,0,3006434,1096.2
skills,memory,ale,ale,5,4,3,transport_safety/fds_single_compartment_detector_reconstruction,0.0,0,684642,252.5
skills,memory,ale,ale,5,5,1,business_finance/bpmn_supply_disruption_l3,0.0,0,1533775,513.9
skills,memory,ale,ale,5,5,1,health_medicine/healthcare_tcga_luad_survival_kras,0.0,0,528998,364.3
skills,memory,ale,ale,5,5,1,psychology_neuro/scene2_resample,0.0,0,1437041,908.9
skills,memory,ale,ale,5,5,2,business_finance/bpmn_supply_disruption_l3,0.0,0,1266250,341.6
skills,memory,ale,ale,5,5,2,health_medicine/healthcare_tcga_luad_survival_kras,0.0,0,1962449,1087.9
skills,memory,ale,ale,5,5,2,psychology_neuro/scene2_resample,0.0,0,1287495,846.0
skills,memory,ale,ale,5,5,3,business_finance/bpmn_supply_disruption_l3,0.8146,0,1646483,565.3
skills,memory,ale,ale,5,5,3,health_medicine/healthcare_tcga_luad_survival_kras,0.0,0,2307399,1563.4
skills,memory,ale,ale,5,5,3,psychology_neuro/scene2_resample,0.0,0,250373,252.2
skills,memory,ale,ale,5,6,1,business_finance/sec_10k_financial_parsing,0.5461,0,3164414,4386.2
skills,memory,ale,ale,5,6,1,computing_math/branch_bound_atsp,0.775,0,597792,410.0
skills,memory,ale,ale,5,6,1,computing_math/cp_test_gen_1,0.5,0,1131144,593.8
skills,memory,ale,ale,5,6,1,computing_math/particle_filter_nonlinear_tracking,0.0,0,545941,413.1
skills,memory,ale,ale,5,6,1,health_medicine/healthcare_sap_group_sequential_nsclc,0.35,0,605741,367.7
skills,memory,ale,ale,5,6,1,health_medicine/obermeyer_bias_reproduction,0.0,0,1293934,651.2
skills,memory,ale,ale,5,6,1,health_medicine/prostate_imrt_matrad_reproduction,0.0,0,7697496,924.4
skills,memory,ale,ale,5,6,1,health_medicine/wsi_tumor_localization_1,0.0,0,418764,219.2
skills,memory,ale,ale,5,6,1,life_sciences/amber_three_stage_mmgbsa_workflow_instance_1,0.0,0,779376,268.5
skills,memory,ale,ale,5,6,1,life_sciences/genomic_interval_processing_1,0.15,0,635122,391.4
skills,memory,ale,ale,5,6,1,life_sciences/pseudotime_de,0.0,0,410631,339.3
skills,memory,ale,ale,5,6,1,physical_sciences/computational_materials_science,0.0,0,5769805,1029.4
skills,memory,ale,ale,5,6,1,physical_sciences/exact_diag_heisenberg_j1j2,0.0,0,1333661,1773.2
skills,memory,ale,ale,5,6,1,physical_sciences/gillespie_gene_regulatory_network,0.5,0,1174072,619.9
skills,memory,ale,ale,5,6,1,physical_sciences/hst_acs_wfc_visit_reduction,0.0,0,1079258,528.9
skills,memory,ale,ale,5,6,1,physical_sciences/mose2_bse_absorption_soc,0.0,0,359955,295.1
skills,memory,ale,ale,5,6,1,physical_sciences/silicon_bse_absorption,0.0,0,231809,327.6
skills,memory,ale,ale,5,6,1,transport_safety/abm_hangzhou_metro,0.0,0,1444501,741.0
skills,memory,ale,ale,5,6,2,business_finance/sec_10k_financial_parsing,0.0698,0,4526723,1860.3
skills,memory,ale,ale,5,6,2,computing_math/branch_bound_atsp,0.9,0,2587725,1258.2
skills,memory,ale,ale,5,6,2,computing_math/cp_test_gen_1,0.0,0,360139,295.0
skills,memory,ale,ale,5,6,2,computing_math/particle_filter_nonlinear_tracking,0.0,0,501152,358.9
skills,memory,ale,ale,5,6,2,health_medicine/healthcare_sap_group_sequential_nsclc,0.268571,0,2884973,708.3
skills,memory,ale,ale,5,6,2,health_medicine/obermeyer_bias_reproduction,0.0,0,261070,240.3
skills,memory,ale,ale,5,6,2,health_medicine/prostate_imrt_matrad_reproduction,0.0,0,6421149,837.0
skills,memory,ale,ale,5,6,2,health_medicine/wsi_tumor_localization_1,0.0,0,497967,205.0
skills,memory,ale,ale,5,6,2,life_sciences/amber_three_stage_mmgbsa_workflow_instance_1,0.0,0,554073,324.6
skills,memory,ale,ale,5,6,2,life_sciences/genomic_interval_processing_1,0.15,0,881113,347.5
skills,memory,ale,ale,5,6,2,life_sciences/pseudotime_de,0.0,0,409652,253.7
skills,memory,ale,ale,5,6,2,physical_sciences/computational_materials_science,0.0,0,3170268,842.9
skills,memory,ale,ale,5,6,2,physical_sciences/exact_diag_heisenberg_j1j2,0.666667,0,6131902,3094.8
skills,memory,ale,ale,5,6,2,physical_sciences/gillespie_gene_regulatory_network,0.0,0,459124,697.6
skills,memory,ale,ale,5,6,2,physical_sciences/hst_acs_wfc_visit_reduction,0.0,0,1301688,503.9
skills,memory,ale,ale,5,6,2,physical_sciences/mose2_bse_absorption_soc,0.0,0,247637,324.1
skills,memory,ale,ale,5,6,2,physical_sciences/silicon_bse_absorption,0.0,0,213663,222.2
skills,memory,ale,ale,5,6,2,transport_safety/abm_hangzhou_metro,0.0,0,1617993,707.3
skills,memory,ale,ale,5,6,3,business_finance/sec_10k_financial_parsing,0.023,0,4688008,1315.4
skills,memory,ale,ale,5,6,3,computing_math/branch_bound_atsp,0.0,0,3335911,727.9
skills,memory,ale,ale,5,6,3,computing_math/cp_test_gen_1,0.1,0,1831334,598.3
skills,memory,ale,ale,5,6,3,computing_math/particle_filter_nonlinear_tracking,0.0,0,2009112,603.4
skills,memory,ale,ale,5,6,3,health_medicine/healthcare_sap_group_sequential_nsclc,0.306667,0,709220,299.5
skills,memory,ale,ale,5,6,3,health_medicine/obermeyer_bias_reproduction,0.701797,0,357449,276.2
skills,memory,ale,ale,5,6,3,health_medicine/prostate_imrt_matrad_reproduction,0.0,0,4941336,772.3
skills,memory,ale,ale,5,6,3,health_medicine/wsi_tumor_localization_1,0.0,0,269081,216.4
skills,memory,ale,ale,5,6,3,life_sciences/amber_three_stage_mmgbsa_workflow_instance_1,0.0,0,592731,419.8
skills,memory,ale,ale,5,6,3,life_sciences/genomic_interval_processing_1,0.25,0,633488,175.6
skills,memory,ale,ale,5,6,3,life_sciences/pseudotime_de,0.0,0,2506716,2907.2
skills,memory,ale,ale,5,6,3,physical_sciences/computational_materials_science,0.0,0,4732449,745.8
skills,memory,ale,ale,5,6,3,physical_sciences/exact_diag_heisenberg_j1j2,0.0,0,863314,1409.6
skills,memory,ale,ale,5,6,3,physical_sciences/gillespie_gene_regulatory_network,0.42,0,1668495,1064.3
skills,memory,ale,ale,5,6,3,physical_sciences/hst_acs_wfc_visit_reduction,0.0,0,971812,509.5
skills,memory,ale,ale,5,6,3,physical_sciences/mose2_bse_absorption_soc,0.0,0,672155,352.3
skills,memory,ale,ale,5,6,3,physical_sciences/silicon_bse_absorption,0.0,0,941011,450.1
skills,memory,ale,ale,5,6,3,transport_safety/abm_hangzhou_metro,0.0,0,1075608,798.2
skills,memory,ale,ale,6,1,1,business_finance/digital_marketing_audience_segmentation_1,0.9042,0,441706,239.5
skills,memory,ale,ale,6,1,1,business_finance/ff5_public_reconstruction,0.0,0,1134143,400.6
skills,memory,ale,ale,6,1,1,business_finance/pe_screening_memo_1,0.8,0,468621,194.5
skills,memory,ale,ale,6,1,1,computing_math/os_log_permission_guard_v1,1.0,1,415043,138.7
skills,memory,ale,ale,6,1,1,computing_math/ranking_node_feature_parity_recovery_instance_1,0.0,0,514977,201.6
skills,memory,ale,ale,6,1,1,education_info/homework_grading_numerical_pdes_instance_02,0.645818,0,575638,269.4
skills,memory,ale,ale,6,1,1,engineering/abb_irb6700_asset_to_urdf_instance_1,0.5855,0,322919,178.9
skills,memory,ale,ale,6,1,1,engineering/chisel_verilog_alignment_seq_1,0.2,0,316617,128.1
skills,memory,ale,ale,6,1,1,health_medicine/healthcare_variant_annotation_pipeline,1.0,1,429392,281.9
skills,memory,ale,ale,6,1,1,health_medicine/scene3_skullstrip_qc,1.0,1,119328,104.3
skills,memory,ale,ale,6,1,2,business_finance/digital_marketing_audience_segmentation_1,0.9042,0,506210,218.9
skills,memory,ale,ale,6,1,2,business_finance/ff5_public_reconstruction,0.0,0,845717,359.0
skills,memory,ale,ale,6,1,2,business_finance/pe_screening_memo_1,0.64375,0,253115,168.2
skills,memory,ale,ale,6,1,2,computing_math/os_log_permission_guard_v1,1.0,1,336265,119.6
skills,memory,ale,ale,6,1,2,computing_math/ranking_node_feature_parity_recovery_instance_1,0.0,0,3872427,713.8
skills,memory,ale,ale,6,1,2,education_info/homework_grading_numerical_pdes_instance_02,0.651636,0,476150,250.1
skills,memory,ale,ale,6,1,2,engineering/abb_irb6700_asset_to_urdf_instance_1,0.5855,0,366707,168.0
skills,memory,ale,ale,6,1,2,engineering/chisel_verilog_alignment_seq_1,0.2,0,1090822,189.7
skills,memory,ale,ale,6,1,2,health_medicine/healthcare_variant_annotation_pipeline,1.0,1,466537,230.0
skills,memory,ale,ale,6,1,2,health_medicine/scene3_skullstrip_qc,1.0,1,301119,121.5
skills,memory,ale,ale,6,1,3,business_finance/digital_marketing_audience_segmentation_1,0.5719,0,1774334,410.6
skills,memory,ale,ale,6,1,3,business_finance/ff5_public_reconstruction,0.0,0,2880094,944.5
skills,memory,ale,ale,6,1,3,business_finance/pe_screening_memo_1,0.64375,0,254016,183.1
skills,memory,ale,ale,6,1,3,computing_math/os_log_permission_guard_v1,1.0,1,238951,118.4
skills,memory,ale,ale,6,1,3,computing_math/ranking_node_feature_parity_recovery_instance_1,0.0,0,759759,279.0
skills,memory,ale,ale,6,1,3,education_info/homework_grading_numerical_pdes_instance_02,0.612485,0,942191,209.2
skills,memory,ale,ale,6,1,3,engineering/abb_irb6700_asset_to_urdf_instance_1,0.4741,0,418601,146.3
skills,memory,ale,ale,6,1,3,engineering/chisel_verilog_alignment_seq_1,0.2,0,700887,184.1
skills,memory,ale,ale,6,1,3,health_medicine/healthcare_variant_annotation_pipeline,0.793,0,1573962,288.4
skills,memory,ale,ale,6,1,3,health_medicine/scene3_skullstrip_qc,1.0,1,201966,95.6
skills,memory,ale,ale,6,2,1,business_finance/basel_operational_risk_bia_cn,0.0,0,981024,298.7
skills,memory,ale,ale,6,2,1,computing_math/k3_abelian_extensions,0.0,0,558186,887.7
skills,memory,ale,ale,6,2,1,education_info/moodle_gradebook_closeout_reconciliation,0.0,0,2669203,435.4
skills,memory,ale,ale,6,2,1,engineering/openroad_sky130_ibex_pnr_signoff,0.0,0,631611,190.1
skills,memory,ale,ale,6,2,1,engineering/power_10kv_feeder_reliability_001,0.001548,0,1446929,278.3
skills,memory,ale,ale,6,2,1,health_medicine/public_health_mask_mandate_ratio,0.0,0,6170063,867.8
skills,memory,ale,ale,6,2,1,legal/agora_governance_classify_instance_1,0.133333,0,620019,439.6
skills,memory,ale,ale,6,2,2,business_finance/basel_operational_risk_bia_cn,0.0,0,799871,268.2
skills,memory,ale,ale,6,2,2,computing_math/k3_abelian_extensions,1.0,1,994969,364.4
skills,memory,ale,ale,6,2,2,education_info/moodle_gradebook_closeout_reconciliation,0.0,0,1426957,359.4
skills,memory,ale,ale,6,2,2,engineering/openroad_sky130_ibex_pnr_signoff,0.0,0,903128,311.0
skills,memory,ale,ale,6,2,2,engineering/power_10kv_feeder_reliability_001,0.0,0,771368,208.2
skills,memory,ale,ale,6,2,2,health_medicine/public_health_mask_mandate_ratio,0.0,0,2247149,4574.9
skills,memory,ale,ale,6,2,2,legal/agora_governance_classify_instance_1,0.066667,0,1032283,328.4
skills,memory,ale,ale,6,2,3,business_finance/basel_operational_risk_bia_cn,0.0,0,1157267,580.0
skills,memory,ale,ale,6,2,3,computing_math/k3_abelian_extensions,1.0,1,409900,475.1
skills,memory,ale,ale,6,2,3,education_info/moodle_gradebook_closeout_reconciliation,0.0,0,1322247,406.3
skills,memory,ale,ale,6,2,3,engineering/openroad_sky130_ibex_pnr_signoff,0.0,0,3134611,361.7
skills,memory,ale,ale,6,2,3,engineering/power_10kv_feeder_reliability_001,0.002322,0,2505242,392.2
skills,memory,ale,ale,6,2,3,health_medicine/public_health_mask_mandate_ratio,0.0,0,2199476,583.9
skills,memory,ale,ale,6,2,3,legal/agora_governance_classify_instance_1,0.447049,0,743877,262.6
skills,memory,ale,ale,6,3,1,business_finance/digital_marketing_ab_test_analysis_1,0.0,0,587532,230.5
skills,memory,ale,ale,6,3,1,business_finance/financial_stmt_reconstruction_aapl_fy2024,1.0,1,708363,180.9
skills,memory,ale,ale,6,3,1,business_finance/legal_ma_consistency_audit_01,0.0,0,1367136,311.7
skills,memory,ale,ale,6,3,1,computing_math/k8s_migration_1,0.479167,0,737784,303.1
skills,memory,ale,ale,6,3,1,computing_math/k8s_payment_api_root_cause_analysis,0.93,0,259576,159.6
skills,memory,ale,ale,6,3,1,health_medicine/simglucose_safe_basal_control_instance_1,0.0,0,861910,201.4
skills,memory,ale,ale,6,3,1,legal/legal_dr_fees_01,1.0,1,709422,291.7
skills,memory,ale,ale,6,3,1,life_sciences/hg002_chr22_germline_variant_pipeline,0.0,0,1447904,363.8
skills,memory,ale,ale,6,3,1,life_sciences/rgi_mcr1_colistin_v2,1.0,1,1167563,385.4
skills,memory,ale,ale,6,3,1,life_sciences/tms_marrow_cell_type_annotation_instance_1,0.0,0,628526,333.4
skills,memory,ale,ale,6,3,2,business_finance/digital_marketing_ab_test_analysis_1,0.0,0,733110,332.7
skills,memory,ale,ale,6,3,2,business_finance/financial_stmt_reconstruction_aapl_fy2024,1.0,1,765850,302.4
skills,memory,ale,ale,6,3,2,business_finance/legal_ma_consistency_audit_01,0.0,0,1211279,241.7
skills,memory,ale,ale,6,3,2,computing_math/k8s_migration_1,0.479167,0,1186020,514.6
skills,memory,ale,ale,6,3,2,computing_math/k8s_payment_api_root_cause_analysis,0.547727,0,274866,190.6
skills,memory,ale,ale,6,3,2,health_medicine/simglucose_safe_basal_control_instance_1,0.0,0,526605,357.0
skills,memory,ale,ale,6,3,2,legal/legal_dr_fees_01,0.06,0,4896400,776.0
skills,memory,ale,ale,6,3,2,life_sciences/hg002_chr22_germline_variant_pipeline,0.0,0,1211318,371.8
skills,memory,ale,ale,6,3,2,life_sciences/rgi_mcr1_colistin_v2,1.0,1,1946279,497.6
skills,memory,ale,ale,6,3,2,life_sciences/tms_marrow_cell_type_annotation_instance_1,0.0,0,668357,303.0
skills,memory,ale,ale,6,3,3,business_finance/digital_marketing_ab_test_analysis_1,0.0,0,443801,280.5
skills,memory,ale,ale,6,3,3,business_finance/financial_stmt_reconstruction_aapl_fy2024,1.0,1,549605,231.8
skills,memory,ale,ale,6,3,3,business_finance/legal_ma_consistency_audit_01,0.0,0,986322,309.1
skills,memory,ale,ale,6,3,3,computing_math/k8s_migration_1,0.679167,0,2072016,435.6
skills,memory,ale,ale,6,3,3,computing_math/k8s_payment_api_root_cause_analysis,0.491667,0,197731,192.5
skills,memory,ale,ale,6,3,3,health_medicine/simglucose_safe_basal_control_instance_1,0.0,0,1218886,215.8
skills,memory,ale,ale,6,3,3,legal/legal_dr_fees_01,0.24,0,2429200,697.6
skills,memory,ale,ale,6,3,3,life_sciences/hg002_chr22_germline_variant_pipeline,0.0,0,1175259,400.4
skills,memory,ale,ale,6,3,3,life_sciences/rgi_mcr1_colistin_v2,1.0,1,1474054,362.3
skills,memory,ale,ale,6,3,3,life_sciences/tms_marrow_cell_type_annotation_instance_1,0.0,0,546902,308.3
skills,memory,ale,ale,6,4,1,computing_math/cfr_game_theory_equilibrium,0.33,0,2323074,664.2
skills,memory,ale,ale,6,4,1,computing_math/ising_post_measurement_1,0.0,0,446169,580.7
skills,memory,ale,ale,6,4,1,computing_math/paper_reproduction_instance_1,0.785,0,770473,668.5
skills,memory,ale,ale,6,4,1,computing_math/recsys_cold_start_instance_1,0.5,0,578645,982.9
skills,memory,ale,ale,6,4,1,computing_math/synthetic_causal_structure_inference,0.264004,0,882297,683.8
skills,memory,ale,ale,6,4,1,engineering/aerospace_low_thrust_trajectory,0.0,0,968964,414.5
skills,memory,ale,ale,6,4,1,health_medicine/Clinical_Variant_Annotation,0.4,0,1257015,442.9
skills,memory,ale,ale,6,4,1,health_medicine/causal_ihdp_ite_estimation_6a_v1,0.142351,0,1867657,857.6
skills,memory,ale,ale,6,4,1,health_medicine/crf_sdtm_mapping_4,0.2799,0,1422533,321.7
skills,memory,ale,ale,6,4,1,health_medicine/epidemiology_forecast,0.0,0,487779,201.9
skills,memory,ale,ale,6,4,1,health_medicine/flusight_offline_hosp_forecast_2024_12_14,0.018873,0,504423,156.1
skills,memory,ale,ale,6,4,1,health_medicine/healthcare_bias_audit_27a_public_replication_v1,0.0,0,5462854,1008.0
skills,memory,ale,ale,6,4,1,health_medicine/nhanes_confounder_sensitivity_analysis,0.847917,0,492316,313.7
skills,memory,ale,ale,6,4,1,health_medicine/nsclc_radiomics_cox_signature_v1,0.0,0,1536512,1722.0
skills,memory,ale,ale,6,4,1,life_sciences/WGS_Variant_Calling,0.4,0,956202,272.8
skills,memory,ale,ale,6,4,1,life_sciences/cell_translocation_analysis,0.0,0,990634,835.5
skills,memory,ale,ale,6,4,1,life_sciences/protein_function_annotation_instance_1,0.0,0,789448,249.2
skills,memory,ale,ale,6,4,1,physical_sciences/adapt_vqe_molecular_energy,0.0,0,696765,1953.7
skills,memory,ale,ale,6,4,1,physical_sciences/climate_prediction,0.4462,0,2296679,1326.0
skills,memory,ale,ale,6,4,1,transport_safety/fds_single_compartment_detector_reconstruction,0.0,0,1270774,749.2
skills,memory,ale,ale,6,4,2,computing_math/cfr_game_theory_equilibrium,0.0,0,2786401,932.6
skills,memory,ale,ale,6,4,2,computing_math/ising_post_measurement_1,1.0,1,495552,593.2
skills,memory,ale,ale,6,4,2,computing_math/paper_reproduction_instance_1,0.785,0,906089,749.1
skills,memory,ale,ale,6,4,2,computing_math/recsys_cold_start_instance_1,0.166667,0,742831,380.9
skills,memory,ale,ale,6,4,2,computing_math/synthetic_causal_structure_inference,0.258226,0,1198693,559.3
skills,memory,ale,ale,6,4,2,engineering/aerospace_low_thrust_trajectory,0.0,0,851863,327.6
skills,memory,ale,ale,6,4,2,health_medicine/Clinical_Variant_Annotation,0.6,0,794109,309.6
skills,memory,ale,ale,6,4,2,health_medicine/causal_ihdp_ite_estimation_6a_v1,0.0,0,910492,417.7
skills,memory,ale,ale,6,4,2,health_medicine/crf_sdtm_mapping_4,0.2727,0,2481880,663.4
skills,memory,ale,ale,6,4,2,health_medicine/epidemiology_forecast,0.0,0,955826,422.0
skills,memory,ale,ale,6,4,2,health_medicine/flusight_offline_hosp_forecast_2024_12_14,0.253521,0,805093,291.6
skills,memory,ale,ale,6,4,2,health_medicine/healthcare_bias_audit_27a_public_replication_v1,0.0,0,3457297,869.4
skills,memory,ale,ale,6,4,2,health_medicine/nhanes_confounder_sensitivity_analysis,0.941667,0,466944,320.8
skills,memory,ale,ale,6,4,2,health_medicine/nsclc_radiomics_cox_signature_v1,0.0,0,2179277,4611.8
skills,memory,ale,ale,6,4,2,life_sciences/WGS_Variant_Calling,0.4,0,808621,247.0
skills,memory,ale,ale,6,4,2,life_sciences/cell_translocation_analysis,0.0,0,957110,546.4
skills,memory,ale,ale,6,4,2,life_sciences/protein_function_annotation_instance_1,0.0,0,658156,276.4
skills,memory,ale,ale,6,4,2,physical_sciences/adapt_vqe_molecular_energy,0.333333,0,939326,846.8
skills,memory,ale,ale,6,4,2,physical_sciences/climate_prediction,0.25,0,814894,1049.4
skills,memory,ale,ale,6,4,2,transport_safety/fds_single_compartment_detector_reconstruction,0.0,0,1918732,910.1
skills,memory,ale,ale,6,4,3,computing_math/cfr_game_theory_equilibrium,0.0,0,1437873,992.1
skills,memory,ale,ale,6,4,3,computing_math/ising_post_measurement_1,0.0,0,726105,349.8
skills,memory,ale,ale,6,4,3,computing_math/paper_reproduction_instance_1,0.0,0,0,7626.3
skills,memory,ale,ale,6,4,3,computing_math/recsys_cold_start_instance_1,0.5,0,1430296,564.5
skills,memory,ale,ale,6,4,3,computing_math/synthetic_causal_structure_inference,0.349548,0,649930,534.0
skills,memory,ale,ale,6,4,3,engineering/aerospace_low_thrust_trajectory,0.0,0,926518,267.3
skills,memory,ale,ale,6,4,3,health_medicine/Clinical_Variant_Annotation,0.6,0,839369,311.9
skills,memory,ale,ale,6,4,3,health_medicine/causal_ihdp_ite_estimation_6a_v1,0.142351,0,1374465,507.6
skills,memory,ale,ale,6,4,3,health_medicine/crf_sdtm_mapping_4,0.3947,0,761958,236.6
skills,memory,ale,ale,6,4,3,health_medicine/epidemiology_forecast,0.0,0,526001,299.5
skills,memory,ale,ale,6,4,3,health_medicine/flusight_offline_hosp_forecast_2024_12_14,0.193587,0,1299040,224.9
skills,memory,ale,ale,6,4,3,health_medicine/healthcare_bias_audit_27a_public_replication_v1,0.0,0,3376695,943.7
skills,memory,ale,ale,6,4,3,health_medicine/nhanes_confounder_sensitivity_analysis,0.296875,0,562855,315.6
skills,memory,ale,ale,6,4,3,health_medicine/nsclc_radiomics_cox_signature_v1,0.0,0,644272,754.1
skills,memory,ale,ale,6,4,3,life_sciences/WGS_Variant_Calling,0.4,0,493273,393.6
skills,memory,ale,ale,6,4,3,life_sciences/cell_translocation_analysis,0.0,0,751827,435.4
skills,memory,ale,ale,6,4,3,life_sciences/protein_function_annotation_instance_1,0.0,0,640594,215.2
skills,memory,ale,ale,6,4,3,physical_sciences/adapt_vqe_molecular_energy,0.333333,0,1256332,1276.8
skills,memory,ale,ale,6,4,3,physical_sciences/climate_prediction,0.4462,0,2582883,1113.2
skills,memory,ale,ale,6,4,3,transport_safety/fds_single_compartment_detector_reconstruction,0.0,0,690507,245.1
skills,memory,ale,ale,6,5,1,business_finance/bpmn_supply_disruption_l3,0.0,0,1122316,393.9
skills,memory,ale,ale,6,5,1,health_medicine/healthcare_tcga_luad_survival_kras,0.0,0,547218,875.8
skills,memory,ale,ale,6,5,1,psychology_neuro/scene2_resample,0.0,0,918168,676.3
skills,memory,ale,ale,6,5,2,business_finance/bpmn_supply_disruption_l3,0.0,0,2089603,494.1
skills,memory,ale,ale,6,5,2,health_medicine/healthcare_tcga_luad_survival_kras,0.0,0,511899,1038.1
skills,memory,ale,ale,6,5,2,psychology_neuro/scene2_resample,1.0,1,924889,676.1
skills,memory,ale,ale,6,5,3,business_finance/bpmn_supply_disruption_l3,0.0,0,1408281,444.9
skills,memory,ale,ale,6,5,3,health_medicine/healthcare_tcga_luad_survival_kras,0.0,0,4709996,2521.9
skills,memory,ale,ale,6,5,3,psychology_neuro/scene2_resample,0.0,0,1326998,684.2
skills,memory,ale,ale,6,6,1,business_finance/sec_10k_financial_parsing,0.0,0,1584819,542.0
skills,memory,ale,ale,6,6,1,computing_math/branch_bound_atsp,0.0,0,2182837,1761.6
skills,memory,ale,ale,6,6,1,computing_math/cp_test_gen_1,0.3,0,1084511,396.3
skills,memory,ale,ale,6,6,1,computing_math/particle_filter_nonlinear_tracking,0.0,0,1985179,2455.2
skills,memory,ale,ale,6,6,1,health_medicine/healthcare_sap_group_sequential_nsclc,0.306667,0,705677,268.7
skills,memory,ale,ale,6,6,1,health_medicine/obermeyer_bias_reproduction,0.701797,0,371668,160.9
skills,memory,ale,ale,6,6,1,health_medicine/prostate_imrt_matrad_reproduction,0.0,0,7199917,827.8
skills,memory,ale,ale,6,6,1,health_medicine/wsi_tumor_localization_1,0.0,0,666881,270.6
skills,memory,ale,ale,6,6,1,life_sciences/amber_three_stage_mmgbsa_workflow_instance_1,0.0,0,638607,271.2
skills,memory,ale,ale,6,6,1,life_sciences/genomic_interval_processing_1,0.25,0,581038,231.4
skills,memory,ale,ale,6,6,1,life_sciences/pseudotime_de,0.0,0,360481,311.0
skills,memory,ale,ale,6,6,1,physical_sciences/computational_materials_science,0.0,0,2589520,724.8
skills,memory,ale,ale,6,6,1,physical_sciences/exact_diag_heisenberg_j1j2,0.0,0,1541155,1124.0
skills,memory,ale,ale,6,6,1,physical_sciences/gillespie_gene_regulatory_network,0.0,0,657226,339.4
skills,memory,ale,ale,6,6,1,physical_sciences/hst_acs_wfc_visit_reduction,0.0,0,988441,486.0
skills,memory,ale,ale,6,6,1,physical_sciences/mose2_bse_absorption_soc,0.0,0,858306,396.3
skills,memory,ale,ale,6,6,1,physical_sciences/silicon_bse_absorption,0.0,0,695341,410.6
skills,memory,ale,ale,6,6,1,transport_safety/abm_hangzhou_metro,0.0,0,1132371,520.1
skills,memory,ale,ale,6,6,2,business_finance/sec_10k_financial_parsing,0.3656,0,4708223,3266.1
skills,memory,ale,ale,6,6,2,computing_math/branch_bound_atsp,0.9,0,3036743,3050.0
skills,memory,ale,ale,6,6,2,computing_math/cp_test_gen_1,0.5,0,895006,303.9
skills,memory,ale,ale,6,6,2,computing_math/particle_filter_nonlinear_tracking,0.0,0,574708,288.1
skills,memory,ale,ale,6,6,2,health_medicine/healthcare_sap_group_sequential_nsclc,0.24,0,1506572,426.6
skills,memory,ale,ale,6,6,2,health_medicine/obermeyer_bias_reproduction,0.711082,0,264594,164.0
skills,memory,ale,ale,6,6,2,health_medicine/prostate_imrt_matrad_reproduction,0.0,0,11020140,2413.5
skills,memory,ale,ale,6,6,2,health_medicine/wsi_tumor_localization_1,0.654049,0,658217,327.5
skills,memory,ale,ale,6,6,2,life_sciences/amber_three_stage_mmgbsa_workflow_instance_1,0.0,0,634974,386.1
skills,memory,ale,ale,6,6,2,life_sciences/genomic_interval_processing_1,0.25,0,465543,185.1
skills,memory,ale,ale,6,6,2,life_sciences/pseudotime_de,0.0,0,823584,297.9
skills,memory,ale,ale,6,6,2,physical_sciences/computational_materials_science,0.0,0,1104697,617.3
skills,memory,ale,ale,6,6,2,physical_sciences/exact_diag_heisenberg_j1j2,0.0,0,736425,1209.9
skills,memory,ale,ale,6,6,2,physical_sciences/gillespie_gene_regulatory_network,0.6,0,1387812,919.9
skills,memory,ale,ale,6,6,2,physical_sciences/hst_acs_wfc_visit_reduction,0.0,0,2983569,777.8
skills,memory,ale,ale,6,6,2,physical_sciences/mose2_bse_absorption_soc,0.0,0,746645,467.4
skills,memory,ale,ale,6,6,2,physical_sciences/silicon_bse_absorption,0.0,0,251476,134.0
skills,memory,ale,ale,6,6,2,transport_safety/abm_hangzhou_metro,0.0,0,1228520,607.1
skills,memory,ale,ale,6,6,3,business_finance/sec_10k_financial_parsing,0.0798,0,3365288,1243.1
skills,memory,ale,ale,6,6,3,computing_math/branch_bound_atsp,0.95,0,2751277,1457.9
skills,memory,ale,ale,6,6,3,computing_math/cp_test_gen_1,0.0,0,783727,363.1
skills,memory,ale,ale,6,6,3,computing_math/particle_filter_nonlinear_tracking,0.0,0,3559446,806.6
skills,memory,ale,ale,6,6,3,health_medicine/healthcare_sap_group_sequential_nsclc,0.0,0,1681192,783.8
skills,memory,ale,ale,6,6,3,health_medicine/obermeyer_bias_reproduction,0.0,0,1116820,428.0
skills,memory,ale,ale,6,6,3,health_medicine/prostate_imrt_matrad_reproduction,0.0,0,3487599,682.5
skills,memory,ale,ale,6,6,3,health_medicine/wsi_tumor_localization_1,0.0,0,410543,201.2
skills,memory,ale,ale,6,6,3,life_sciences/amber_three_stage_mmgbsa_workflow_instance_1,0.0,0,264948,177.3
skills,memory,ale,ale,6,6,3,life_sciences/genomic_interval_processing_1,0.19,0,428768,166.5
skills,memory,ale,ale,6,6,3,life_sciences/pseudotime_de,0.0,0,529060,216.5
skills,memory,ale,ale,6,6,3,physical_sciences/computational_materials_science,0.0,0,2540946,685.5
skills,memory,ale,ale,6,6,3,physical_sciences/exact_diag_heisenberg_j1j2,0.0,0,638787,1565.2
skills,memory,ale,ale,6,6,3,physical_sciences/gillespie_gene_regulatory_network,0.0,0,1359472,347.9
skills,memory,ale,ale,6,6,3,physical_sciences/hst_acs_wfc_visit_reduction,0.0,0,4900153,1022.3
skills,memory,ale,ale,6,6,3,physical_sciences/mose2_bse_absorption_soc,0.0,0,1494043,1500.6
skills,memory,ale,ale,6,6,3,physical_sciences/silicon_bse_absorption,0.0,0,399212,222.3
skills,memory,ale,ale,6,6,3,transport_safety/abm_hangzhou_metro,0.0,0,589419,395.4
skills,memory,eog,csm,1,1,1,task_20251208_035402_755_ad5a67e3_8ca9a646,0.0,0,178055,82.0
skills,memory,eog,csm,1,1,1,task_20251208_072220_004_99ba2325_74403162,0.4,0,234155,79.9
skills,memory,eog,csm,1,1,1,task_20251208_102635_187_c4ad7a70_43753a9a,0.666667,0,149558,82.3
skills,memory,eog,csm,1,1,1,task_20251208_123126_960_c4ad7a70_f974dae7,0.5,0,146241,70.8
skills,memory,eog,csm,1,1,1,task_20251209_085836_811_a8eea1c0_6bbced3d,1.0,1,260679,112.5
skills,memory,eog,csm,1,1,1,task_20251210_002938_761_897c3e0b_f075229a,0.888889,0,253302,117.7
skills,memory,eog,csm,1,1,1,task_20251212_011224_384_accab84d_4ad9b557,0.6,0,219621,97.0
skills,memory,eog,csm,1,1,1,task_20260102_031908_712_accab84d_886a7365,0.777778,0,292550,72.1
skills,memory,eog,csm,1,1,1,task_20260102_100510_709_66392a82_3d301c18,0.8,0,383226,94.6
skills,memory,eog,csm,1,1,1,task_20260102_162857_012_391f1eff_39478d55,0.0,0,158676,73.5
skills,memory,eog,csm,1,1,1,task_20260106_073527_320_e6427839_e2e2ac8d,0.5,0,140460,73.6
skills,memory,eog,csm,1,1,1,task_20260121_183027_058_1afb323a_c53cb400,0.6,0,206698,93.4
skills,memory,eog,csm,1,1,2,task_20251208_035402_755_ad5a67e3_8ca9a646,0.0,0,152689,91.9
skills,memory,eog,csm,1,1,2,task_20251208_072220_004_99ba2325_74403162,0.2,0,229337,85.6
skills,memory,eog,csm,1,1,2,task_20251208_102635_187_c4ad7a70_43753a9a,0.666667,0,237666,105.5
skills,memory,eog,csm,1,1,2,task_20251208_123126_960_c4ad7a70_f974dae7,0.5,0,127785,67.7
skills,memory,eog,csm,1,1,2,task_20251209_085836_811_a8eea1c0_6bbced3d,0.8,0,230086,90.2
skills,memory,eog,csm,1,1,2,task_20251210_002938_761_897c3e0b_f075229a,0.888889,0,237005,82.8
skills,memory,eog,csm,1,1,2,task_20251212_011224_384_accab84d_4ad9b557,0.6,0,252599,92.7
skills,memory,eog,csm,1,1,2,task_20260102_031908_712_accab84d_886a7365,0.777778,0,326434,98.4
skills,memory,eog,csm,1,1,2,task_20260102_100510_709_66392a82_3d301c18,0.8,0,1849424,191.6
skills,memory,eog,csm,1,1,2,task_20260102_162857_012_391f1eff_39478d55,0.5,0,156542,50.9
skills,memory,eog,csm,1,1,2,task_20260106_073527_320_e6427839_e2e2ac8d,0.5,0,135567,62.7
skills,memory,eog,csm,1,1,2,task_20260121_183027_058_1afb323a_c53cb400,0.6,0,214516,83.5
skills,memory,eog,csm,1,1,3,task_20251208_035402_755_ad5a67e3_8ca9a646,0.0,0,168865,90.7
skills,memory,eog,csm,1,1,3,task_20251208_072220_004_99ba2325_74403162,0.4,0,310534,77.1
skills,memory,eog,csm,1,1,3,task_20251208_102635_187_c4ad7a70_43753a9a,0.666667,0,174272,91.3
skills,memory,eog,csm,1,1,3,task_20251208_123126_960_c4ad7a70_f974dae7,0.5,0,131575,58.4
skills,memory,eog,csm,1,1,3,task_20251209_085836_811_a8eea1c0_6bbced3d,0.8,0,334180,91.8
skills,memory,eog,csm,1,1,3,task_20251210_002938_761_897c3e0b_f075229a,0.111111,0,292791,102.2
skills,memory,eog,csm,1,1,3,task_20251212_011224_384_accab84d_4ad9b557,0.4,0,195405,96.5
skills,memory,eog,csm,1,1,3,task_20260102_031908_712_accab84d_886a7365,0.777778,0,257485,75.0
skills,memory,eog,csm,1,1,3,task_20260102_100510_709_66392a82_3d301c18,0.8,0,1726639,199.4
skills,memory,eog,csm,1,1,3,task_20260102_162857_012_391f1eff_39478d55,0.5,0,190813,69.4
skills,memory,eog,csm,1,1,3,task_20260106_073527_320_e6427839_e2e2ac8d,0.5,0,136565,55.8
skills,memory,eog,csm,1,1,3,task_20260121_183027_058_1afb323a_c53cb400,0.6,0,224244,83.1
skills,memory,eog,csm,1,2,1,task_20251126_182216_326_66392a82_d3ff64ca,1.0,1,513626,141.5
skills,memory,eog,csm,1,2,1,task_20251201_164641_724_109c89c0_1b29acb9,0.727273,0,708912,156.6
skills,memory,eog,csm,1,2,1,task_20251204_161024_294_46ca2862_1cc82f4c,1.0,1,440677,144.3
skills,memory,eog,csm,1,2,1,task_20251205_194841_224_391f1eff_136bedae,0.0,0,125387,104.9
skills,memory,eog,csm,1,2,1,task_20251210_161511_924_2aa6b0ad_1446c2b4,1.0,1,169060,85.9
skills,memory,eog,csm,1,2,1,task_20260101_074825_586_a8eea1c0_e596bab2,0.75,0,427527,153.2
skills,memory,eog,csm,1,2,1,task_20260101_191529_659_a8eea1c0_27d3bf1b,0.7,0,496637,131.7
skills,memory,eog,csm,1,2,1,task_20260102_002012_363_00364ece_a3936446,0.8,0,448428,114.4
skills,memory,eog,csm,1,2,1,task_20260102_080409_151_d4a463c3_56c32265,1.0,1,414633,169.0
skills,memory,eog,csm,1,2,1,task_20260106_133642_894_66392a82_3e083fa5,0.5,0,371090,121.5
skills,memory,eog,csm,1,2,1,task_20260106_161859_265_00364ece_0e836ce8,0.25,0,522272,127.4
skills,memory,eog,csm,1,2,1,task_20260106_185201_238_00364ece_8ab4fd80,0.333333,0,459822,159.3
skills,memory,eog,csm,1,2,1,task_20260107_164033_273_a8eea1c0_c0de2fed,0.875,0,350905,128.6
skills,memory,eog,csm,1,2,2,task_20251126_182216_326_66392a82_d3ff64ca,1.0,1,277730,111.0
skills,memory,eog,csm,1,2,2,task_20251201_164641_724_109c89c0_1b29acb9,0.727273,0,435023,167.6
skills,memory,eog,csm,1,2,2,task_20251204_161024_294_46ca2862_1cc82f4c,1.0,1,407162,183.3
skills,memory,eog,csm,1,2,2,task_20251205_194841_224_391f1eff_136bedae,0.0,0,106141,64.1
skills,memory,eog,csm,1,2,2,task_20251210_161511_924_2aa6b0ad_1446c2b4,0.666667,0,186108,139.4
skills,memory,eog,csm,1,2,2,task_20260101_074825_586_a8eea1c0_e596bab2,0.25,0,227149,103.2
skills,memory,eog,csm,1,2,2,task_20260101_191529_659_a8eea1c0_27d3bf1b,0.8,0,281518,118.5
skills,memory,eog,csm,1,2,2,task_20260102_002012_363_00364ece_a3936446,1.0,1,259739,125.1
skills,memory,eog,csm,1,2,2,task_20260102_080409_151_d4a463c3_56c32265,1.0,1,215480,93.5
skills,memory,eog,csm,1,2,2,task_20260106_133642_894_66392a82_3e083fa5,0.5,0,165983,81.4
skills,memory,eog,csm,1,2,2,task_20260106_161859_265_00364ece_0e836ce8,0.0,0,231345,88.9
skills,memory,eog,csm,1,2,2,task_20260106_185201_238_00364ece_8ab4fd80,0.0,0,214454,114.6
skills,memory,eog,csm,1,2,2,task_20260107_164033_273_a8eea1c0_c0de2fed,0.875,0,194604,88.6
skills,memory,eog,csm,1,2,3,task_20251126_182216_326_66392a82_d3ff64ca,1.0,1,205850,91.6
skills,memory,eog,csm,1,2,3,task_20251201_164641_724_109c89c0_1b29acb9,0.727273,0,468865,107.2
skills,memory,eog,csm,1,2,3,task_20251204_161024_294_46ca2862_1cc82f4c,1.0,1,250349,124.5
skills,memory,eog,csm,1,2,3,task_20251205_194841_224_391f1eff_136bedae,0.0,0,77389,74.3
skills,memory,eog,csm,1,2,3,task_20251210_161511_924_2aa6b0ad_1446c2b4,0.666667,0,149653,66.8
skills,memory,eog,csm,1,2,3,task_20260101_074825_586_a8eea1c0_e596bab2,0.25,0,247898,162.2
skills,memory,eog,csm,1,2,3,task_20260101_191529_659_a8eea1c0_27d3bf1b,0.8,0,302628,84.7
skills,memory,eog,csm,1,2,3,task_20260102_002012_363_00364ece_a3936446,0.6,0,208205,93.9
skills,memory,eog,csm,1,2,3,task_20260102_080409_151_d4a463c3_56c32265,0.8,0,183699,86.8
skills,memory,eog,csm,1,2,3,task_20260106_133642_894_66392a82_3e083fa5,0.5,0,265571,165.3
skills,memory,eog,csm,1,2,3,task_20260106_161859_265_00364ece_0e836ce8,0.0,0,232927,93.3
skills,memory,eog,csm,1,2,3,task_20260106_185201_238_00364ece_8ab4fd80,0.0,0,256948,121.7
skills,memory,eog,csm,1,2,3,task_20260107_164033_273_a8eea1c0_c0de2fed,0.625,0,172991,84.4
skills,memory,eog,csm,2,1,1,task_20251208_035402_755_ad5a67e3_8ca9a646,0.0,0,202448,87.1
skills,memory,eog,csm,2,1,1,task_20251208_072220_004_99ba2325_74403162,0.4,0,354873,79.9
skills,memory,eog,csm,2,1,1,task_20251208_102635_187_c4ad7a70_43753a9a,0.666667,0,277043,106.2
skills,memory,eog,csm,2,1,1,task_20251208_123126_960_c4ad7a70_f974dae7,0.5,0,161045,69.7
skills,memory,eog,csm,2,1,1,task_20251209_085836_811_a8eea1c0_6bbced3d,0.2,0,257671,86.3
skills,memory,eog,csm,2,1,1,task_20251210_002938_761_897c3e0b_f075229a,0.888889,0,242015,80.5
skills,memory,eog,csm,2,1,1,task_20251212_011224_384_accab84d_4ad9b557,0.6,0,264510,91.2
skills,memory,eog,csm,2,1,1,task_20260102_031908_712_accab84d_886a7365,0.777778,0,325913,92.6
skills,memory,eog,csm,2,1,1,task_20260102_100510_709_66392a82_3d301c18,0.8,0,2534571,238.3
skills,memory,eog,csm,2,1,1,task_20260102_162857_012_391f1eff_39478d55,0.0,0,163139,62.1
skills,memory,eog,csm,2,1,1,task_20260106_073527_320_e6427839_e2e2ac8d,0.5,0,148373,62.8
skills,memory,eog,csm,2,1,1,task_20260121_183027_058_1afb323a_c53cb400,0.6,0,285002,93.6
skills,memory,eog,csm,2,1,2,task_20251208_035402_755_ad5a67e3_8ca9a646,0.0,0,185248,87.1
skills,memory,eog,csm,2,1,2,task_20251208_072220_004_99ba2325_74403162,0.2,0,309654,91.6
skills,memory,eog,csm,2,1,2,task_20251208_102635_187_c4ad7a70_43753a9a,0.666667,0,240205,87.0
skills,memory,eog,csm,2,1,2,task_20251208_123126_960_c4ad7a70_f974dae7,0.5,0,223403,97.3
skills,memory,eog,csm,2,1,2,task_20251209_085836_811_a8eea1c0_6bbced3d,1.0,1,314892,196.7
skills,memory,eog,csm,2,1,2,task_20251210_002938_761_897c3e0b_f075229a,0.888889,0,333183,96.5
skills,memory,eog,csm,2,1,2,task_20251212_011224_384_accab84d_4ad9b557,0.6,0,257550,97.4
skills,memory,eog,csm,2,1,2,task_20260102_031908_712_accab84d_886a7365,0.777778,0,382739,83.7
skills,memory,eog,csm,2,1,2,task_20260102_100510_709_66392a82_3d301c18,0.8,0,1852767,166.2
skills,memory,eog,csm,2,1,2,task_20260102_162857_012_391f1eff_39478d55,0.5,0,159248,63.6
skills,memory,eog,csm,2,1,2,task_20260106_073527_320_e6427839_e2e2ac8d,0.5,0,165238,64.6
skills,memory,eog,csm,2,1,2,task_20260121_183027_058_1afb323a_c53cb400,0.6,0,239998,93.3
skills,memory,eog,csm,2,1,3,task_20251208_035402_755_ad5a67e3_8ca9a646,0.0,0,227739,84.9
skills,memory,eog,csm,2,1,3,task_20251208_072220_004_99ba2325_74403162,0.6,0,299881,75.1
skills,memory,eog,csm,2,1,3,task_20251208_102635_187_c4ad7a70_43753a9a,0.666667,0,182927,81.1
skills,memory,eog,csm,2,1,3,task_20251208_123126_960_c4ad7a70_f974dae7,0.5,0,230340,93.0
skills,memory,eog,csm,2,1,3,task_20251209_085836_811_a8eea1c0_6bbced3d,0.8,0,282826,82.9
skills,memory,eog,csm,2,1,3,task_20251210_002938_761_897c3e0b_f075229a,0.888889,0,334399,106.0
skills,memory,eog,csm,2,1,3,task_20251212_011224_384_accab84d_4ad9b557,0.6,0,284554,95.3
skills,memory,eog,csm,2,1,3,task_20260102_031908_712_accab84d_886a7365,0.777778,0,386483,87.6
skills,memory,eog,csm,2,1,3,task_20260102_100510_709_66392a82_3d301c18,0.8,0,2101742,279.8
skills,memory,eog,csm,2,1,3,task_20260102_162857_012_391f1eff_39478d55,0.5,0,161246,60.6
skills,memory,eog,csm,2,1,3,task_20260106_073527_320_e6427839_e2e2ac8d,0.5,0,155806,70.2
skills,memory,eog,csm,2,1,3,task_20260121_183027_058_1afb323a_c53cb400,0.6,0,209501,77.4
skills,memory,eog,csm,2,2,1,task_20251126_182216_326_66392a82_d3ff64ca,1.0,1,219475,83.2
skills,memory,eog,csm,2,2,1,task_20251201_164641_724_109c89c0_1b29acb9,0.5,0,468664,112.3
skills,memory,eog,csm,2,2,1,task_20251204_161024_294_46ca2862_1cc82f4c,1.0,1,231075,82.7
skills,memory,eog,csm,2,2,1,task_20251205_194841_224_391f1eff_136bedae,0.0,0,47892,49.0
skills,memory,eog,csm,2,2,1,task_20251210_161511_924_2aa6b0ad_1446c2b4,0.666667,0,178559,67.2
skills,memory,eog,csm,2,2,1,task_20260101_074825_586_a8eea1c0_e596bab2,0.25,0,252778,261.0
skills,memory,eog,csm,2,2,1,task_20260101_191529_659_a8eea1c0_27d3bf1b,0.8,0,346528,87.1
skills,memory,eog,csm,2,2,1,task_20260102_002012_363_00364ece_a3936446,0.6,0,204641,105.9
skills,memory,eog,csm,2,2,1,task_20260102_080409_151_d4a463c3_56c32265,0.8,0,239245,68.8
skills,memory,eog,csm,2,2,1,task_20260106_133642_894_66392a82_3e083fa5,0.5,0,190676,82.2
skills,memory,eog,csm,2,2,1,task_20260106_161859_265_00364ece_0e836ce8,0.5,0,471202,107.2
skills,memory,eog,csm,2,2,1,task_20260106_185201_238_00364ece_8ab4fd80,0.0,0,237281,103.9
skills,memory,eog,csm,2,2,1,task_20260107_164033_273_a8eea1c0_c0de2fed,0.875,0,196908,88.2
skills,memory,eog,csm,2,2,2,task_20251126_182216_326_66392a82_d3ff64ca,1.0,1,297686,120.3
skills,memory,eog,csm,2,2,2,task_20251201_164641_724_109c89c0_1b29acb9,0.5,0,550193,131.3
skills,memory,eog,csm,2,2,2,task_20251204_161024_294_46ca2862_1cc82f4c,1.0,1,371390,111.6
skills,memory,eog,csm,2,2,2,task_20251205_194841_224_391f1eff_136bedae,0.0,0,65745,55.2
skills,memory,eog,csm,2,2,2,task_20251210_161511_924_2aa6b0ad_1446c2b4,0.666667,0,182573,105.6
skills,memory,eog,csm,2,2,2,task_20260101_074825_586_a8eea1c0_e596bab2,0.25,0,269723,111.1
skills,memory,eog,csm,2,2,2,task_20260101_191529_659_a8eea1c0_27d3bf1b,0.7,0,346539,113.7
skills,memory,eog,csm,2,2,2,task_20260102_002012_363_00364ece_a3936446,0.6,0,248607,98.8
skills,memory,eog,csm,2,2,2,task_20260102_080409_151_d4a463c3_56c32265,0.8,0,207909,84.2
skills,memory,eog,csm,2,2,2,task_20260106_133642_894_66392a82_3e083fa5,0.5,0,202033,90.3
skills,memory,eog,csm,2,2,2,task_20260106_161859_265_00364ece_0e836ce8,0.5,0,349257,118.6
skills,memory,eog,csm,2,2,2,task_20260106_185201_238_00364ece_8ab4fd80,0.0,0,193154,90.1
skills,memory,eog,csm,2,2,2,task_20260107_164033_273_a8eea1c0_c0de2fed,0.625,0,201785,105.9
skills,memory,eog,csm,2,2,3,task_20251126_182216_326_66392a82_d3ff64ca,1.0,1,294905,99.6
skills,memory,eog,csm,2,2,3,task_20251201_164641_724_109c89c0_1b29acb9,0.5,0,504052,134.2
skills,memory,eog,csm,2,2,3,task_20251204_161024_294_46ca2862_1cc82f4c,1.0,1,235831,122.0
skills,memory,eog,csm,2,2,3,task_20251205_194841_224_391f1eff_136bedae,0.0,0,77473,48.7
skills,memory,eog,csm,2,2,3,task_20251210_161511_924_2aa6b0ad_1446c2b4,0.666667,0,176992,81.2
skills,memory,eog,csm,2,2,3,task_20260101_074825_586_a8eea1c0_e596bab2,0.25,0,208840,93.9
skills,memory,eog,csm,2,2,3,task_20260101_191529_659_a8eea1c0_27d3bf1b,0.8,0,308861,98.9
skills,memory,eog,csm,2,2,3,task_20260102_002012_363_00364ece_a3936446,0.6,0,275741,103.7
skills,memory,eog,csm,2,2,3,task_20260102_080409_151_d4a463c3_56c32265,1.0,1,217223,73.5
skills,memory,eog,csm,2,2,3,task_20260106_133642_894_66392a82_3e083fa5,0.5,0,326386,121.6
skills,memory,eog,csm,2,2,3,task_20260106_161859_265_00364ece_0e836ce8,0.5,0,318986,75.1
skills,memory,eog,csm,2,2,3,task_20260106_185201_238_00364ece_8ab4fd80,0.0,0,226405,106.2
skills,memory,eog,csm,2,2,3,task_20260107_164033_273_a8eea1c0_c0de2fed,0.875,0,197200,86.2
skills,memory,eog,csm,2,3,1,task_20251125_152842_063_b393a327_9622ac64,0.8,0,300355,176.8
skills,memory,eog,csm,2,3,1,task_20251202_100743_745_109c89c0_958a07c1,0.666667,0,400016,184.0
skills,memory,eog,csm,2,3,1,task_20251205_101915_742_d4a463c3_8eac8077,0.4,0,636830,254.5
skills,memory,eog,csm,2,3,1,task_20251210_113549_827_d4a463c3_47b48a98,0.666667,0,429701,168.4
skills,memory,eog,csm,2,3,1,task_20251210_183114_382_99ba2325_071a72ab,1.0,1,150499,162.4
skills,memory,eog,csm,2,3,1,task_20251212_222304_435_66392a82_815cd745,1.0,1,298228,130.0
skills,memory,eog,csm,2,3,1,task_20260101_122222_300_ad5a67e3_3757206c,0.4,0,195058,143.6
skills,memory,eog,csm,2,3,1,task_20260101_162109_100_a8eea1c0_e88250ef,1.0,1,531702,228.5
skills,memory,eog,csm,2,3,1,task_20260102_172945_725_ad5a67e3_5480e26f,0.8,0,258297,124.4
skills,memory,eog,csm,2,3,1,task_20260106_070321_497_accab84d_6f4a8da8,1.0,1,510192,171.6
skills,memory,eog,csm,2,3,1,task_20260106_145907_700_a8eea1c0_f5bae698,0.857143,0,619414,202.2
skills,memory,eog,csm,2,3,2,task_20251125_152842_063_b393a327_9622ac64,0.8,0,229827,137.2
skills,memory,eog,csm,2,3,2,task_20251202_100743_745_109c89c0_958a07c1,0.666667,0,498283,141.9
skills,memory,eog,csm,2,3,2,task_20251205_101915_742_d4a463c3_8eac8077,0.2,0,296299,155.0
skills,memory,eog,csm,2,3,2,task_20251210_113549_827_d4a463c3_47b48a98,0.666667,0,463451,157.4
skills,memory,eog,csm,2,3,2,task_20251210_183114_382_99ba2325_071a72ab,1.0,1,183221,102.3
skills,memory,eog,csm,2,3,2,task_20251212_222304_435_66392a82_815cd745,0.8,0,265036,93.4
skills,memory,eog,csm,2,3,2,task_20260101_122222_300_ad5a67e3_3757206c,0.4,0,199286,117.2
skills,memory,eog,csm,2,3,2,task_20260101_162109_100_a8eea1c0_e88250ef,0.888889,0,466896,175.9
skills,memory,eog,csm,2,3,2,task_20260102_172945_725_ad5a67e3_5480e26f,0.8,0,271409,110.9
skills,memory,eog,csm,2,3,2,task_20260106_070321_497_accab84d_6f4a8da8,1.0,1,436674,154.8
skills,memory,eog,csm,2,3,2,task_20260106_145907_700_a8eea1c0_f5bae698,1.0,1,534596,147.3
skills,memory,eog,csm,2,3,3,task_20251125_152842_063_b393a327_9622ac64,0.8,0,205824,136.0
skills,memory,eog,csm,2,3,3,task_20251202_100743_745_109c89c0_958a07c1,0.333333,0,284210,278.6
skills,memory,eog,csm,2,3,3,task_20251205_101915_742_d4a463c3_8eac8077,0.2,0,591556,206.3
skills,memory,eog,csm,2,3,3,task_20251210_113549_827_d4a463c3_47b48a98,0.666667,0,525819,143.6
skills,memory,eog,csm,2,3,3,task_20251210_183114_382_99ba2325_071a72ab,1.0,1,158208,126.4
skills,memory,eog,csm,2,3,3,task_20251212_222304_435_66392a82_815cd745,0.8,0,288538,85.3
skills,memory,eog,csm,2,3,3,task_20260101_122222_300_ad5a67e3_3757206c,0.4,0,174651,87.6
skills,memory,eog,csm,2,3,3,task_20260101_162109_100_a8eea1c0_e88250ef,0.555556,0,458549,138.2
skills,memory,eog,csm,2,3,3,task_20260102_172945_725_ad5a67e3_5480e26f,0.8,0,276627,93.6
skills,memory,eog,csm,2,3,3,task_20260106_070321_497_accab84d_6f4a8da8,1.0,1,631267,113.7
skills,memory,eog,csm,2,3,3,task_20260106_145907_700_a8eea1c0_f5bae698,0.857143,0,555681,137.6
skills,memory,eog,csm,3,1,1,task_20251208_035402_755_ad5a67e3_8ca9a646,0.0,0,205536,88.4
skills,memory,eog,csm,3,1,1,task_20251208_072220_004_99ba2325_74403162,0.4,0,320992,80.0
skills,memory,eog,csm,3,1,1,task_20251208_102635_187_c4ad7a70_43753a9a,0.666667,0,170827,86.8
skills,memory,eog,csm,3,1,1,task_20251208_123126_960_c4ad7a70_f974dae7,0.5,0,235855,83.3
skills,memory,eog,csm,3,1,1,task_20251209_085836_811_a8eea1c0_6bbced3d,1.0,1,272653,83.9
skills,memory,eog,csm,3,1,1,task_20251210_002938_761_897c3e0b_f075229a,0.111111,0,262940,96.1
skills,memory,eog,csm,3,1,1,task_20251212_011224_384_accab84d_4ad9b557,0.6,0,217066,83.7
skills,memory,eog,csm,3,1,1,task_20260102_031908_712_accab84d_886a7365,0.777778,0,402779,92.8
skills,memory,eog,csm,3,1,1,task_20260102_100510_709_66392a82_3d301c18,0.8,0,723843,131.3
skills,memory,eog,csm,3,1,1,task_20260102_162857_012_391f1eff_39478d55,0.0,0,212889,72.6
skills,memory,eog,csm,3,1,1,task_20260106_073527_320_e6427839_e2e2ac8d,0.5,0,177247,65.2
skills,memory,eog,csm,3,1,1,task_20260121_183027_058_1afb323a_c53cb400,0.6,0,238704,84.5
skills,memory,eog,csm,3,1,2,task_20251208_035402_755_ad5a67e3_8ca9a646,0.0,0,203212,102.5
skills,memory,eog,csm,3,1,2,task_20251208_072220_004_99ba2325_74403162,0.4,0,279631,82.2
skills,memory,eog,csm,3,1,2,task_20251208_102635_187_c4ad7a70_43753a9a,0.666667,0,162414,197.3
skills,memory,eog,csm,3,1,2,task_20251208_123126_960_c4ad7a70_f974dae7,0.5,0,208968,80.4
skills,memory,eog,csm,3,1,2,task_20251209_085836_811_a8eea1c0_6bbced3d,0.8,0,292818,100.6
skills,memory,eog,csm,3,1,2,task_20251210_002938_761_897c3e0b_f075229a,0.888889,0,327937,94.4
skills,memory,eog,csm,3,1,2,task_20251212_011224_384_accab84d_4ad9b557,0.4,0,215790,86.4
skills,memory,eog,csm,3,1,2,task_20260102_031908_712_accab84d_886a7365,0.777778,0,315596,73.5
skills,memory,eog,csm,3,1,2,task_20260102_100510_709_66392a82_3d301c18,0.8,0,154851,900.1
skills,memory,eog,csm,3,1,2,task_20260102_162857_012_391f1eff_39478d55,0.0,0,180705,59.4
skills,memory,eog,csm,3,1,2,task_20260106_073527_320_e6427839_e2e2ac8d,0.5,0,161821,57.3
skills,memory,eog,csm,3,1,2,task_20260121_183027_058_1afb323a_c53cb400,0.6,0,269798,84.4
skills,memory,eog,csm,3,1,3,task_20251208_035402_755_ad5a67e3_8ca9a646,0.0,0,227126,112.7
skills,memory,eog,csm,3,1,3,task_20251208_072220_004_99ba2325_74403162,0.4,0,334704,110.8
skills,memory,eog,csm,3,1,3,task_20251208_102635_187_c4ad7a70_43753a9a,0.666667,0,174811,92.3
skills,memory,eog,csm,3,1,3,task_20251208_123126_960_c4ad7a70_f974dae7,0.5,0,185435,78.2
skills,memory,eog,csm,3,1,3,task_20251209_085836_811_a8eea1c0_6bbced3d,0.6,0,447151,119.7
skills,memory,eog,csm,3,1,3,task_20251210_002938_761_897c3e0b_f075229a,0.111111,0,298123,111.8
skills,memory,eog,csm,3,1,3,task_20251212_011224_384_accab84d_4ad9b557,0.4,0,207211,97.1
skills,memory,eog,csm,3,1,3,task_20260102_031908_712_accab84d_886a7365,0.777778,0,398976,96.2
skills,memory,eog,csm,3,1,3,task_20260102_100510_709_66392a82_3d301c18,0.8,0,1921651,200.4
skills,memory,eog,csm,3,1,3,task_20260102_162857_012_391f1eff_39478d55,0.5,0,187620,77.7
skills,memory,eog,csm,3,1,3,task_20260106_073527_320_e6427839_e2e2ac8d,0.5,0,160346,74.4
skills,memory,eog,csm,3,1,3,task_20260121_183027_058_1afb323a_c53cb400,0.6,0,244488,99.7
skills,memory,eog,csm,3,2,1,task_20251126_182216_326_66392a82_d3ff64ca,1.0,1,295160,119.2
skills,memory,eog,csm,3,2,1,task_20251201_164641_724_109c89c0_1b29acb9,0.5,0,524833,124.7
skills,memory,eog,csm,3,2,1,task_20251204_161024_294_46ca2862_1cc82f4c,1.0,1,187152,90.8
skills,memory,eog,csm,3,2,1,task_20251205_194841_224_391f1eff_136bedae,0.0,0,49382,64.0
skills,memory,eog,csm,3,2,1,task_20251210_161511_924_2aa6b0ad_1446c2b4,0.666667,0,203154,91.1
skills,memory,eog,csm,3,2,1,task_20260101_074825_586_a8eea1c0_e596bab2,0.25,0,197399,103.3
skills,memory,eog,csm,3,2,1,task_20260101_191529_659_a8eea1c0_27d3bf1b,0.8,0,327929,99.0
skills,memory,eog,csm,3,2,1,task_20260102_002012_363_00364ece_a3936446,0.6,0,210393,109.9
skills,memory,eog,csm,3,2,1,task_20260102_080409_151_d4a463c3_56c32265,1.0,1,253212,95.3
skills,memory,eog,csm,3,2,1,task_20260106_133642_894_66392a82_3e083fa5,0.5,0,227312,100.7
skills,memory,eog,csm,3,2,1,task_20260106_161859_265_00364ece_0e836ce8,0.5,0,304088,81.9
skills,memory,eog,csm,3,2,1,task_20260106_185201_238_00364ece_8ab4fd80,0.333333,0,278269,112.6
skills,memory,eog,csm,3,2,1,task_20260107_164033_273_a8eea1c0_c0de2fed,0.875,0,246276,106.2
skills,memory,eog,csm,3,2,2,task_20251126_182216_326_66392a82_d3ff64ca,1.0,1,222036,83.3
skills,memory,eog,csm,3,2,2,task_20251201_164641_724_109c89c0_1b29acb9,0.5,0,500991,124.4
skills,memory,eog,csm,3,2,2,task_20251204_161024_294_46ca2862_1cc82f4c,1.0,1,430779,140.0
skills,memory,eog,csm,3,2,2,task_20251205_194841_224_391f1eff_136bedae,0.0,0,49918,51.1
skills,memory,eog,csm,3,2,2,task_20251210_161511_924_2aa6b0ad_1446c2b4,0.666667,0,200506,90.5
skills,memory,eog,csm,3,2,2,task_20260101_074825_586_a8eea1c0_e596bab2,0.25,0,301490,97.5
skills,memory,eog,csm,3,2,2,task_20260101_191529_659_a8eea1c0_27d3bf1b,0.7,0,261555,100.2
skills,memory,eog,csm,3,2,2,task_20260102_002012_363_00364ece_a3936446,0.6,0,310952,129.7
skills,memory,eog,csm,3,2,2,task_20260102_080409_151_d4a463c3_56c32265,0.8,0,207138,112.0
skills,memory,eog,csm,3,2,2,task_20260106_133642_894_66392a82_3e083fa5,0.5,0,185974,79.5
skills,memory,eog,csm,3,2,2,task_20260106_161859_265_00364ece_0e836ce8,0.25,0,368811,93.9
skills,memory,eog,csm,3,2,2,task_20260106_185201_238_00364ece_8ab4fd80,0.333333,0,311226,100.8
skills,memory,eog,csm,3,2,2,task_20260107_164033_273_a8eea1c0_c0de2fed,0.875,0,185546,78.9
skills,memory,eog,csm,3,2,3,task_20251126_182216_326_66392a82_d3ff64ca,1.0,1,246427,100.3
skills,memory,eog,csm,3,2,3,task_20251201_164641_724_109c89c0_1b29acb9,0.5,0,555887,152.8
skills,memory,eog,csm,3,2,3,task_20251204_161024_294_46ca2862_1cc82f4c,1.0,1,489897,117.4
skills,memory,eog,csm,3,2,3,task_20251205_194841_224_391f1eff_136bedae,0.0,0,67355,79.9
skills,memory,eog,csm,3,2,3,task_20251210_161511_924_2aa6b0ad_1446c2b4,0.666667,0,190129,88.5
skills,memory,eog,csm,3,2,3,task_20260101_074825_586_a8eea1c0_e596bab2,0.625,0,236259,99.8
skills,memory,eog,csm,3,2,3,task_20260101_191529_659_a8eea1c0_27d3bf1b,0.8,0,290003,101.1
skills,memory,eog,csm,3,2,3,task_20260102_002012_363_00364ece_a3936446,0.8,0,249828,112.5
skills,memory,eog,csm,3,2,3,task_20260102_080409_151_d4a463c3_56c32265,1.0,1,299387,89.0
skills,memory,eog,csm,3,2,3,task_20260106_133642_894_66392a82_3e083fa5,0.5,0,196314,92.3
skills,memory,eog,csm,3,2,3,task_20260106_161859_265_00364ece_0e836ce8,0.5,0,376791,92.8
skills,memory,eog,csm,3,2,3,task_20260106_185201_238_00364ece_8ab4fd80,0.333333,0,361851,122.7
skills,memory,eog,csm,3,2,3,task_20260107_164033_273_a8eea1c0_c0de2fed,0.875,0,196307,82.2
skills,memory,eog,csm,3,3,1,task_20251125_152842_063_b393a327_9622ac64,0.8,0,395931,98.3
skills,memory,eog,csm,3,3,1,task_20251202_100743_745_109c89c0_958a07c1,0.666667,0,589755,134.2
skills,memory,eog,csm,3,3,1,task_20251205_101915_742_d4a463c3_8eac8077,0.2,0,332480,165.2
skills,memory,eog,csm,3,3,1,task_20251210_113549_827_d4a463c3_47b48a98,0.666667,0,483353,141.9
skills,memory,eog,csm,3,3,1,task_20251210_183114_382_99ba2325_071a72ab,1.0,1,331486,101.6
skills,memory,eog,csm,3,3,1,task_20251212_222304_435_66392a82_815cd745,0.8,0,343291,103.7
skills,memory,eog,csm,3,3,1,task_20260101_122222_300_ad5a67e3_3757206c,0.4,0,198601,99.0
skills,memory,eog,csm,3,3,1,task_20260101_162109_100_a8eea1c0_e88250ef,1.0,1,561728,124.7
skills,memory,eog,csm,3,3,1,task_20260102_172945_725_ad5a67e3_5480e26f,0.8,0,277155,75.7
skills,memory,eog,csm,3,3,1,task_20260106_070321_497_accab84d_6f4a8da8,1.0,1,684556,142.4
skills,memory,eog,csm,3,3,1,task_20260106_145907_700_a8eea1c0_f5bae698,1.0,1,502264,152.4
skills,memory,eog,csm,3,3,2,task_20251125_152842_063_b393a327_9622ac64,0.8,0,359469,134.6
skills,memory,eog,csm,3,3,2,task_20251202_100743_745_109c89c0_958a07c1,0.0,0,598335,156.8
skills,memory,eog,csm,3,3,2,task_20251205_101915_742_d4a463c3_8eac8077,0.2,0,431629,173.9
skills,memory,eog,csm,3,3,2,task_20251210_113549_827_d4a463c3_47b48a98,0.666667,0,568059,129.3
skills,memory,eog,csm,3,3,2,task_20251210_183114_382_99ba2325_071a72ab,1.0,1,157486,89.7
skills,memory,eog,csm,3,3,2,task_20251212_222304_435_66392a82_815cd745,1.0,1,320578,76.6
skills,memory,eog,csm,3,3,2,task_20260101_122222_300_ad5a67e3_3757206c,0.4,0,276863,116.0
skills,memory,eog,csm,3,3,2,task_20260101_162109_100_a8eea1c0_e88250ef,1.0,1,512012,138.8
skills,memory,eog,csm,3,3,2,task_20260102_172945_725_ad5a67e3_5480e26f,0.8,0,279486,87.6
skills,memory,eog,csm,3,3,2,task_20260106_070321_497_accab84d_6f4a8da8,1.0,1,663507,139.8
skills,memory,eog,csm,3,3,2,task_20260106_145907_700_a8eea1c0_f5bae698,1.0,1,548098,138.8
skills,memory,eog,csm,3,3,3,task_20251125_152842_063_b393a327_9622ac64,0.8,0,272772,91.0
skills,memory,eog,csm,3,3,3,task_20251202_100743_745_109c89c0_958a07c1,0.333333,0,395178,159.2
skills,memory,eog,csm,3,3,3,task_20251205_101915_742_d4a463c3_8eac8077,0.0,0,679191,185.5
skills,memory,eog,csm,3,3,3,task_20251210_113549_827_d4a463c3_47b48a98,0.833333,0,459256,137.8
skills,memory,eog,csm,3,3,3,task_20251210_183114_382_99ba2325_071a72ab,1.0,1,161663,90.9
skills,memory,eog,csm,3,3,3,task_20251212_222304_435_66392a82_815cd745,1.0,1,309391,86.0
skills,memory,eog,csm,3,3,3,task_20260101_122222_300_ad5a67e3_3757206c,0.4,0,194466,81.9
skills,memory,eog,csm,3,3,3,task_20260101_162109_100_a8eea1c0_e88250ef,0.777778,0,525022,133.0
skills,memory,eog,csm,3,3,3,task_20260102_172945_725_ad5a67e3_5480e26f,0.8,0,408136,97.5
skills,memory,eog,csm,3,3,3,task_20260106_070321_497_accab84d_6f4a8da8,1.0,1,549789,136.1
skills,memory,eog,csm,3,3,3,task_20260106_145907_700_a8eea1c0_f5bae698,1.0,1,624966,136.3
skills,memory,eog,hr,1,1,1,task_20251226_010313_969_accab84d_77306049,0.5,0,187895,101.2
skills,memory,eog,hr,1,1,1,task_20251226_094920_495_99ba2325_627386b2,1.0,1,236750,117.0
skills,memory,eog,hr,1,1,1,task_20260109_133046_369_391f1eff_7e44fdca,0.0,0,102571,83.3
skills,memory,eog,hr,1,1,1,task_20260115_151312_690_57529556_9fca8861,0.875,0,364802,137.9
skills,memory,eog,hr,1,1,1,task_20260116_095609_650_c5cac200_741831a8,1.0,1,351114,135.9
skills,memory,eog,hr,1,1,1,task_20260116_104653_444_99ba2325_320d5ca4,1.0,1,477852,144.1
skills,memory,eog,hr,1,1,1,task_20260116_112336_208_c5cac200_da33db0a,0.833333,0,310058,95.1
skills,memory,eog,hr,1,1,1,task_20260116_125449_931_e6427839_50663277,1.0,1,228584,111.2
skills,memory,eog,hr,1,1,1,task_20260116_160908_725_46ca2862_923e672e,0.0,0,158963,112.9
skills,memory,eog,hr,1,1,1,task_20260116_185136_779_46ca2862_2b77b852,1.0,1,202874,133.1
skills,memory,eog,hr,1,1,1,task_20260116_203855_584_57529556_7b20a1d8,1.0,1,365497,135.2
skills,memory,eog,hr,1,1,2,task_20251226_010313_969_accab84d_77306049,0.5,0,209041,91.6
skills,memory,eog,hr,1,1,2,task_20251226_094920_495_99ba2325_627386b2,0.75,0,236911,109.6
skills,memory,eog,hr,1,1,2,task_20260109_133046_369_391f1eff_7e44fdca,0.0,0,78224,76.6
skills,memory,eog,hr,1,1,2,task_20260115_151312_690_57529556_9fca8861,0.875,0,418356,135.2
skills,memory,eog,hr,1,1,2,task_20260116_095609_650_c5cac200_741831a8,1.0,1,446039,125.5
skills,memory,eog,hr,1,1,2,task_20260116_104653_444_99ba2325_320d5ca4,0.75,0,239455,117.2
skills,memory,eog,hr,1,1,2,task_20260116_112336_208_c5cac200_da33db0a,1.0,1,206162,80.5
skills,memory,eog,hr,1,1,2,task_20260116_125449_931_e6427839_50663277,0.666667,0,198889,78.9
skills,memory,eog,hr,1,1,2,task_20260116_160908_725_46ca2862_923e672e,0.0,0,180071,84.1
skills,memory,eog,hr,1,1,2,task_20260116_185136_779_46ca2862_2b77b852,0.666667,0,174606,90.0
skills,memory,eog,hr,1,1,2,task_20260116_203855_584_57529556_7b20a1d8,1.0,1,258105,112.3
skills,memory,eog,hr,1,1,3,task_20251226_010313_969_accab84d_77306049,0.5,0,226883,94.1
skills,memory,eog,hr,1,1,3,task_20251226_094920_495_99ba2325_627386b2,0.75,0,452233,117.3
skills,memory,eog,hr,1,1,3,task_20260109_133046_369_391f1eff_7e44fdca,0.0,0,67295,87.5
skills,memory,eog,hr,1,1,3,task_20260115_151312_690_57529556_9fca8861,0.75,0,327612,120.0
skills,memory,eog,hr,1,1,3,task_20260116_095609_650_c5cac200_741831a8,1.0,1,431091,114.0
skills,memory,eog,hr,1,1,3,task_20260116_104653_444_99ba2325_320d5ca4,0.75,0,224711,79.8
skills,memory,eog,hr,1,1,3,task_20260116_112336_208_c5cac200_da33db0a,1.0,1,227367,71.7
skills,memory,eog,hr,1,1,3,task_20260116_125449_931_e6427839_50663277,0.666667,0,255523,111.5
skills,memory,eog,hr,1,1,3,task_20260116_160908_725_46ca2862_923e672e,0.0,0,151284,100.1
skills,memory,eog,hr,1,1,3,task_20260116_185136_779_46ca2862_2b77b852,0.666667,0,287125,293.5
skills,memory,eog,hr,1,1,3,task_20260116_203855_584_57529556_7b20a1d8,0.666667,0,294702,108.1
skills,memory,eog,hr,1,2,1,task_20251212_175622_173_d61a01c6_62164687,0.5,0,385584,133.1
skills,memory,eog,hr,1,2,1,task_20251219_155520_685_a8eea1c0_c6fb88a1,1.0,1,241453,100.7
skills,memory,eog,hr,1,2,1,task_20251224_094258_495_c4ad7a70_42fbe372,0.0,0,361596,127.6
skills,memory,eog,hr,1,2,1,task_20251224_133749_739_c4ad7a70_9df76270,0.0,0,262030,108.5
skills,memory,eog,hr,1,2,1,task_20251226_101143_297_99ba2325_75b99d9a,0.75,0,288088,111.4
skills,memory,eog,hr,1,2,1,task_20251226_114207_539_30600918_6211eb4b,0.333333,0,555993,153.4
skills,memory,eog,hr,1,2,1,task_20251226_121423_362_c4ad7a70_4be55408,0.333333,0,347675,111.7
skills,memory,eog,hr,1,2,1,task_20251226_132052_338_e6427839_727d852c,0.5,0,246928,179.4
skills,memory,eog,hr,1,2,1,task_20251226_153702_699_ad5a67e3_43cd2d47,1.0,1,212620,244.1
skills,memory,eog,hr,1,2,1,task_20260109_185510_803_a8eea1c0_b51123d7,1.0,1,393370,112.0
skills,memory,eog,hr,1,2,1,task_20260109_192935_678_e6427839_4c081ddc,0.5,0,344768,143.3
skills,memory,eog,hr,1,2,1,task_20260111_151647_667_a8eea1c0_c7c264ba,0.714286,0,354453,139.8
skills,memory,eog,hr,1,2,1,task_20260111_161750_847_a8eea1c0_3649940a,0.666667,0,308994,132.8
skills,memory,eog,hr,1,2,1,task_20260111_190744_927_a8eea1c0_17bea726,0.0,0,276650,206.1
skills,memory,eog,hr,1,2,1,task_20260112_141226_936_7aad91c1_61df8f2b,0.25,0,446987,166.8
skills,memory,eog,hr,1,2,1,task_20260114_172823_954_a8eea1c0_b725e936,1.0,1,453487,145.4
skills,memory,eog,hr,1,2,1,task_20260116_055513_891_99ba2325_849991b8,0.333333,0,402945,134.8
skills,memory,eog,hr,1,2,1,task_20260116_085958_358_a8eea1c0_6d7f242a,0.666667,0,467115,146.5
skills,memory,eog,hr,1,2,1,task_20260116_094554_219_c5cac200_82f2d2a8,0.8,0,603480,179.6
skills,memory,eog,hr,1,2,1,task_20260116_105748_962_99ba2325_dcc658fa,0.75,0,350456,210.7
skills,memory,eog,hr,1,2,1,task_20260116_134415_018_fa1836dc_d8efb574,0.333333,0,185457,134.1
skills,memory,eog,hr,1,2,1,task_20260116_143750_504_a8eea1c0_7d91efa1,1.0,1,472067,192.0
skills,memory,eog,hr,1,2,2,task_20251212_175622_173_d61a01c6_62164687,0.5,0,205745,160.3
skills,memory,eog,hr,1,2,2,task_20251219_155520_685_a8eea1c0_c6fb88a1,0.6,0,216561,110.2
skills,memory,eog,hr,1,2,2,task_20251224_094258_495_c4ad7a70_42fbe372,0.0,0,205917,72.8
skills,memory,eog,hr,1,2,2,task_20251224_133749_739_c4ad7a70_9df76270,0.25,0,218358,134.9
skills,memory,eog,hr,1,2,2,task_20251226_101143_297_99ba2325_75b99d9a,0.75,0,625467,162.8
skills,memory,eog,hr,1,2,2,task_20251226_114207_539_30600918_6211eb4b,0.333333,0,342393,96.2
skills,memory,eog,hr,1,2,2,task_20251226_121423_362_c4ad7a70_4be55408,0.333333,0,278115,107.9
skills,memory,eog,hr,1,2,2,task_20251226_132052_338_e6427839_727d852c,0.5,0,200953,82.2
skills,memory,eog,hr,1,2,2,task_20251226_153702_699_ad5a67e3_43cd2d47,0.333333,0,188332,176.7
skills,memory,eog,hr,1,2,2,task_20260109_185510_803_a8eea1c0_b51123d7,1.0,1,309686,96.8
skills,memory,eog,hr,1,2,2,task_20260109_192935_678_e6427839_4c081ddc,0.5,0,263408,87.2
skills,memory,eog,hr,1,2,2,task_20260111_151647_667_a8eea1c0_c7c264ba,0.714286,0,348969,131.9
skills,memory,eog,hr,1,2,2,task_20260111_161750_847_a8eea1c0_3649940a,0.666667,0,316135,139.9
skills,memory,eog,hr,1,2,2,task_20260111_190744_927_a8eea1c0_17bea726,0.0,0,307791,135.2
skills,memory,eog,hr,1,2,2,task_20260112_141226_936_7aad91c1_61df8f2b,1.0,1,298217,118.6
skills,memory,eog,hr,1,2,2,task_20260114_172823_954_a8eea1c0_b725e936,0.666667,0,437855,127.3
skills,memory,eog,hr,1,2,2,task_20260116_055513_891_99ba2325_849991b8,0.5,0,313448,155.6
skills,memory,eog,hr,1,2,2,task_20260116_085958_358_a8eea1c0_6d7f242a,1.0,1,451674,160.0
skills,memory,eog,hr,1,2,2,task_20260116_094554_219_c5cac200_82f2d2a8,0.8,0,434528,134.8
skills,memory,eog,hr,1,2,2,task_20260116_105748_962_99ba2325_dcc658fa,0.75,0,247397,105.6
skills,memory,eog,hr,1,2,2,task_20260116_134415_018_fa1836dc_d8efb574,0.333333,0,156453,103.7
skills,memory,eog,hr,1,2,2,task_20260116_143750_504_a8eea1c0_7d91efa1,1.0,1,242823,93.0
skills,memory,eog,hr,1,2,3,task_20251212_175622_173_d61a01c6_62164687,0.5,0,218426,90.7
skills,memory,eog,hr,1,2,3,task_20251219_155520_685_a8eea1c0_c6fb88a1,1.0,1,274096,87.5
skills,memory,eog,hr,1,2,3,task_20251224_094258_495_c4ad7a70_42fbe372,0.0,0,219623,99.8
skills,memory,eog,hr,1,2,3,task_20251224_133749_739_c4ad7a70_9df76270,0.0,0,284502,96.3
skills,memory,eog,hr,1,2,3,task_20251226_101143_297_99ba2325_75b99d9a,0.75,0,259142,85.0
skills,memory,eog,hr,1,2,3,task_20251226_114207_539_30600918_6211eb4b,0.333333,0,325232,125.1
skills,memory,eog,hr,1,2,3,task_20251226_121423_362_c4ad7a70_4be55408,0.333333,0,262112,107.5
skills,memory,eog,hr,1,2,3,task_20251226_132052_338_e6427839_727d852c,0.5,0,271590,104.3
skills,memory,eog,hr,1,2,3,task_20251226_153702_699_ad5a67e3_43cd2d47,1.0,1,215418,106.1
skills,memory,eog,hr,1,2,3,task_20260109_185510_803_a8eea1c0_b51123d7,1.0,1,412555,127.2
skills,memory,eog,hr,1,2,3,task_20260109_192935_678_e6427839_4c081ddc,0.5,0,267787,108.7
skills,memory,eog,hr,1,2,3,task_20260111_151647_667_a8eea1c0_c7c264ba,0.571429,0,555350,133.4
skills,memory,eog,hr,1,2,3,task_20260111_161750_847_a8eea1c0_3649940a,0.666667,0,332175,110.3
skills,memory,eog,hr,1,2,3,task_20260111_190744_927_a8eea1c0_17bea726,0.0,0,390056,257.9
skills,memory,eog,hr,1,2,3,task_20260112_141226_936_7aad91c1_61df8f2b,1.0,1,186671,105.8
skills,memory,eog,hr,1,2,3,task_20260114_172823_954_a8eea1c0_b725e936,0.666667,0,415119,146.3
skills,memory,eog,hr,1,2,3,task_20260116_055513_891_99ba2325_849991b8,0.166667,0,55970,86.9
skills,memory,eog,hr,1,2,3,task_20260116_085958_358_a8eea1c0_6d7f242a,0.666667,0,186398,110.2
skills,memory,eog,hr,1,2,3,task_20260116_094554_219_c5cac200_82f2d2a8,1.0,1,260623,102.7
skills,memory,eog,hr,1,2,3,task_20260116_105748_962_99ba2325_dcc658fa,0.75,0,420606,126.9
skills,memory,eog,hr,1,2,3,task_20260116_134415_018_fa1836dc_d8efb574,0.333333,0,153626,81.2
skills,memory,eog,hr,1,2,3,task_20260116_143750_504_a8eea1c0_7d91efa1,1.0,1,265542,122.9
skills,memory,eog,hr,2,1,1,task_20251226_010313_969_accab84d_77306049,0.5,0,214267,84.0
skills,memory,eog,hr,2,1,1,task_20251226_094920_495_99ba2325_627386b2,0.75,0,177354,97.3
skills,memory,eog,hr,2,1,1,task_20260109_133046_369_391f1eff_7e44fdca,0.0,0,51447,54.1
skills,memory,eog,hr,2,1,1,task_20260115_151312_690_57529556_9fca8861,0.875,0,415343,117.4
skills,memory,eog,hr,2,1,1,task_20260116_095609_650_c5cac200_741831a8,1.0,1,188288,69.3
skills,memory,eog,hr,2,1,1,task_20260116_104653_444_99ba2325_320d5ca4,0.75,0,380115,105.0
skills,memory,eog,hr,2,1,1,task_20260116_112336_208_c5cac200_da33db0a,1.0,1,178754,76.9
skills,memory,eog,hr,2,1,1,task_20260116_125449_931_e6427839_50663277,0.666667,0,251007,73.5
skills,memory,eog,hr,2,1,1,task_20260116_160908_725_46ca2862_923e672e,0.5,0,135245,81.3
skills,memory,eog,hr,2,1,1,task_20260116_185136_779_46ca2862_2b77b852,0.666667,0,210739,101.4
skills,memory,eog,hr,2,1,1,task_20260116_203855_584_57529556_7b20a1d8,0.666667,0,341958,109.7
skills,memory,eog,hr,2,1,2,task_20251226_010313_969_accab84d_77306049,0.5,0,216447,112.7
skills,memory,eog,hr,2,1,2,task_20251226_094920_495_99ba2325_627386b2,1.0,1,216931,107.1
skills,memory,eog,hr,2,1,2,task_20260109_133046_369_391f1eff_7e44fdca,0.0,0,97765,67.0
skills,memory,eog,hr,2,1,2,task_20260115_151312_690_57529556_9fca8861,0.875,0,398300,130.4
skills,memory,eog,hr,2,1,2,task_20260116_095609_650_c5cac200_741831a8,1.0,1,178665,99.3
skills,memory,eog,hr,2,1,2,task_20260116_104653_444_99ba2325_320d5ca4,0.75,0,294314,117.4
skills,memory,eog,hr,2,1,2,task_20260116_112336_208_c5cac200_da33db0a,1.0,1,199616,78.7
skills,memory,eog,hr,2,1,2,task_20260116_125449_931_e6427839_50663277,0.666667,0,210508,75.5
skills,memory,eog,hr,2,1,2,task_20260116_160908_725_46ca2862_923e672e,0.0,0,155926,84.9
skills,memory,eog,hr,2,1,2,task_20260116_185136_779_46ca2862_2b77b852,0.666667,0,250882,116.1
skills,memory,eog,hr,2,1,2,task_20260116_203855_584_57529556_7b20a1d8,1.0,1,282819,131.8
skills,memory,eog,hr,2,1,3,task_20251226_010313_969_accab84d_77306049,0.5,0,188805,92.8
skills,memory,eog,hr,2,1,3,task_20251226_094920_495_99ba2325_627386b2,0.75,0,121585,77.9
skills,memory,eog,hr,2,1,3,task_20260109_133046_369_391f1eff_7e44fdca,0.0,0,34868,67.9
skills,memory,eog,hr,2,1,3,task_20260115_151312_690_57529556_9fca8861,0.875,0,548545,131.1
skills,memory,eog,hr,2,1,3,task_20260116_095609_650_c5cac200_741831a8,1.0,1,273116,94.4
skills,memory,eog,hr,2,1,3,task_20260116_104653_444_99ba2325_320d5ca4,1.0,1,251877,117.8
skills,memory,eog,hr,2,1,3,task_20260116_112336_208_c5cac200_da33db0a,0.833333,0,183522,93.3
skills,memory,eog,hr,2,1,3,task_20260116_125449_931_e6427839_50663277,0.666667,0,237448,87.6
skills,memory,eog,hr,2,1,3,task_20260116_160908_725_46ca2862_923e672e,0.0,0,175829,94.0
skills,memory,eog,hr,2,1,3,task_20260116_185136_779_46ca2862_2b77b852,0.666667,0,169502,65.9
skills,memory,eog,hr,2,1,3,task_20260116_203855_584_57529556_7b20a1d8,1.0,1,256832,95.8
skills,memory,eog,hr,2,2,1,task_20251212_175622_173_d61a01c6_62164687,0.5,0,201432,133.3
skills,memory,eog,hr,2,2,1,task_20251219_155520_685_a8eea1c0_c6fb88a1,0.6,0,257822,96.8
skills,memory,eog,hr,2,2,1,task_20251224_094258_495_c4ad7a70_42fbe372,0.0,0,279912,179.4
skills,memory,eog,hr,2,2,1,task_20251224_133749_739_c4ad7a70_9df76270,0.25,0,241696,102.5
skills,memory,eog,hr,2,2,1,task_20251226_101143_297_99ba2325_75b99d9a,0.75,0,264965,126.3
skills,memory,eog,hr,2,2,1,task_20251226_114207_539_30600918_6211eb4b,0.333333,0,274834,108.5
skills,memory,eog,hr,2,2,1,task_20251226_121423_362_c4ad7a70_4be55408,0.0,0,288778,126.5
skills,memory,eog,hr,2,2,1,task_20251226_132052_338_e6427839_727d852c,0.5,0,240009,148.7
skills,memory,eog,hr,2,2,1,task_20251226_153702_699_ad5a67e3_43cd2d47,1.0,1,219397,149.7
skills,memory,eog,hr,2,2,1,task_20260109_185510_803_a8eea1c0_b51123d7,1.0,1,230590,67.4
skills,memory,eog,hr,2,2,1,task_20260109_192935_678_e6427839_4c081ddc,0.5,0,293440,154.0
skills,memory,eog,hr,2,2,1,task_20260111_151647_667_a8eea1c0_c7c264ba,0.714286,0,371272,152.2
skills,memory,eog,hr,2,2,1,task_20260111_161750_847_a8eea1c0_3649940a,0.666667,0,290770,137.4
skills,memory,eog,hr,2,2,1,task_20260111_190744_927_a8eea1c0_17bea726,0.0,0,285717,84.2
skills,memory,eog,hr,2,2,1,task_20260112_141226_936_7aad91c1_61df8f2b,0.75,0,132539,97.6
skills,memory,eog,hr,2,2,1,task_20260114_172823_954_a8eea1c0_b725e936,0.666667,0,327425,115.4
skills,memory,eog,hr,2,2,1,task_20260116_055513_891_99ba2325_849991b8,0.333333,0,298484,119.5
skills,memory,eog,hr,2,2,1,task_20260116_085958_358_a8eea1c0_6d7f242a,1.0,1,381697,108.6
skills,memory,eog,hr,2,2,1,task_20260116_094554_219_c5cac200_82f2d2a8,1.0,1,281362,130.2
skills,memory,eog,hr,2,2,1,task_20260116_105748_962_99ba2325_dcc658fa,0.75,0,243454,128.8
skills,memory,eog,hr,2,2,1,task_20260116_134415_018_fa1836dc_d8efb574,0.333333,0,135563,134.0
skills,memory,eog,hr,2,2,1,task_20260116_143750_504_a8eea1c0_7d91efa1,1.0,1,195593,82.4
skills,memory,eog,hr,2,2,2,task_20251212_175622_173_d61a01c6_62164687,0.5,0,233807,123.2
skills,memory,eog,hr,2,2,2,task_20251219_155520_685_a8eea1c0_c6fb88a1,0.6,0,336659,109.2
skills,memory,eog,hr,2,2,2,task_20251224_094258_495_c4ad7a70_42fbe372,0.25,0,206214,136.7
skills,memory,eog,hr,2,2,2,task_20251224_133749_739_c4ad7a70_9df76270,0.25,0,277818,76.6
skills,memory,eog,hr,2,2,2,task_20251226_101143_297_99ba2325_75b99d9a,0.75,0,238132,107.6
skills,memory,eog,hr,2,2,2,task_20251226_114207_539_30600918_6211eb4b,0.333333,0,352090,118.5
skills,memory,eog,hr,2,2,2,task_20251226_121423_362_c4ad7a70_4be55408,0.333333,0,281994,82.7
skills,memory,eog,hr,2,2,2,task_20251226_132052_338_e6427839_727d852c,0.5,0,264267,156.7
skills,memory,eog,hr,2,2,2,task_20251226_153702_699_ad5a67e3_43cd2d47,1.0,1,272138,131.5
skills,memory,eog,hr,2,2,2,task_20260109_185510_803_a8eea1c0_b51123d7,1.0,1,273654,83.9
skills,memory,eog,hr,2,2,2,task_20260109_192935_678_e6427839_4c081ddc,0.5,0,270422,158.8
skills,memory,eog,hr,2,2,2,task_20260111_151647_667_a8eea1c0_c7c264ba,0.714286,0,341196,140.2
skills,memory,eog,hr,2,2,2,task_20260111_161750_847_a8eea1c0_3649940a,0.666667,0,243131,96.8
skills,memory,eog,hr,2,2,2,task_20260111_190744_927_a8eea1c0_17bea726,0.0,0,357120,156.4
skills,memory,eog,hr,2,2,2,task_20260112_141226_936_7aad91c1_61df8f2b,1.0,1,126195,86.9
skills,memory,eog,hr,2,2,2,task_20260114_172823_954_a8eea1c0_b725e936,0.666667,0,329684,109.8
skills,memory,eog,hr,2,2,2,task_20260116_055513_891_99ba2325_849991b8,0.5,0,201214,117.4
skills,memory,eog,hr,2,2,2,task_20260116_085958_358_a8eea1c0_6d7f242a,1.0,1,487054,99.2
skills,memory,eog,hr,2,2,2,task_20260116_094554_219_c5cac200_82f2d2a8,1.0,1,336003,229.8
skills,memory,eog,hr,2,2,2,task_20260116_105748_962_99ba2325_dcc658fa,0.75,0,178744,97.6
skills,memory,eog,hr,2,2,2,task_20260116_134415_018_fa1836dc_d8efb574,0.333333,0,196639,130.2
skills,memory,eog,hr,2,2,2,task_20260116_143750_504_a8eea1c0_7d91efa1,1.0,1,240616,92.2
skills,memory,eog,hr,2,2,3,task_20251212_175622_173_d61a01c6_62164687,0.5,0,318739,129.6
skills,memory,eog,hr,2,2,3,task_20251219_155520_685_a8eea1c0_c6fb88a1,1.0,1,239541,115.9
skills,memory,eog,hr,2,2,3,task_20251224_094258_495_c4ad7a70_42fbe372,0.25,0,219808,148.3
skills,memory,eog,hr,2,2,3,task_20251224_133749_739_c4ad7a70_9df76270,0.0,0,200322,88.3
skills,memory,eog,hr,2,2,3,task_20251226_101143_297_99ba2325_75b99d9a,0.75,0,269530,112.3
skills,memory,eog,hr,2,2,3,task_20251226_114207_539_30600918_6211eb4b,0.333333,0,424587,146.8
skills,memory,eog,hr,2,2,3,task_20251226_121423_362_c4ad7a70_4be55408,0.333333,0,233772,68.6
skills,memory,eog,hr,2,2,3,task_20251226_132052_338_e6427839_727d852c,0.5,0,191936,114.0
skills,memory,eog,hr,2,2,3,task_20251226_153702_699_ad5a67e3_43cd2d47,1.0,1,132960,117.6
skills,memory,eog,hr,2,2,3,task_20260109_185510_803_a8eea1c0_b51123d7,1.0,1,272968,111.0
skills,memory,eog,hr,2,2,3,task_20260109_192935_678_e6427839_4c081ddc,0.5,0,277657,154.4
skills,memory,eog,hr,2,2,3,task_20260111_151647_667_a8eea1c0_c7c264ba,0.571429,0,395054,146.1
skills,memory,eog,hr,2,2,3,task_20260111_161750_847_a8eea1c0_3649940a,0.666667,0,319572,105.9
skills,memory,eog,hr,2,2,3,task_20260111_190744_927_a8eea1c0_17bea726,0.0,0,240467,136.7
skills,memory,eog,hr,2,2,3,task_20260112_141226_936_7aad91c1_61df8f2b,1.0,1,206219,117.7
skills,memory,eog,hr,2,2,3,task_20260114_172823_954_a8eea1c0_b725e936,0.666667,0,321168,121.5
skills,memory,eog,hr,2,2,3,task_20260116_055513_891_99ba2325_849991b8,0.5,0,157000,107.9
skills,memory,eog,hr,2,2,3,task_20260116_085958_358_a8eea1c0_6d7f242a,1.0,1,481854,106.1
skills,memory,eog,hr,2,2,3,task_20260116_094554_219_c5cac200_82f2d2a8,0.8,0,275190,117.0
skills,memory,eog,hr,2,2,3,task_20260116_105748_962_99ba2325_dcc658fa,0.75,0,254305,145.2
skills,memory,eog,hr,2,2,3,task_20260116_134415_018_fa1836dc_d8efb574,0.333333,0,99454,99.5
skills,memory,eog,hr,2,2,3,task_20260116_143750_504_a8eea1c0_7d91efa1,1.0,1,254030,108.8
skills,memory,eog,hr,2,3,1,task_20251216_123530_079_ec0cb5dd_3b89aab7,0.8,0,255633,136.4
skills,memory,eog,hr,2,3,1,task_20251217_073807_153_761f6b82_cba63024,0.714286,0,417265,201.2
skills,memory,eog,hr,2,3,1,task_20251219_114935_971_a8eea1c0_188fc892,0.5,0,340810,193.7
skills,memory,eog,hr,2,3,1,task_20251219_155215_361_00364ece_c1c6ffc8,0.2,0,124325,119.6
skills,memory,eog,hr,2,3,1,task_20251223_150001_549_d9bcd1e5_475d93ab,0.857143,0,300749,160.7
skills,memory,eog,hr,2,3,1,task_20251223_174414_238_a8eea1c0_0c3b20c1,0.333333,0,242755,158.3
skills,memory,eog,hr,2,3,1,task_20251223_184833_888_a8eea1c0_87c53cb9,0.714286,0,258065,131.9
skills,memory,eog,hr,2,3,1,task_20251224_064352_705_ec0cb5dd_46d83d4e,0.846154,0,351814,220.9
skills,memory,eog,hr,2,3,1,task_20251224_150114_483_a8eea1c0_d44f97ad,1.0,1,375995,184.1
skills,memory,eog,hr,2,3,1,task_20251224_234036_267_accab84d_f26a18f7,0.75,0,468190,204.6
skills,memory,eog,hr,2,3,1,task_20251225_062927_003_d9bcd1e5_d996901a,0.75,0,1311029,318.1
skills,memory,eog,hr,2,3,1,task_20251225_180047_141_a8eea1c0_002e725f,1.0,1,252672,145.2
skills,memory,eog,hr,2,3,1,task_20251226_041218_355_d9bcd1e5_bc84c9d5,0.777778,0,226236,138.8
skills,memory,eog,hr,2,3,1,task_20251226_104747_127_30600918_559da326,0.5,0,287417,171.1
skills,memory,eog,hr,2,3,1,task_20251226_110144_731_b25153b4_773380f8,0.857143,0,691012,182.0
skills,memory,eog,hr,2,3,1,task_20260109_180543_808_391f1eff_02357fea,0.666667,0,167594,139.9
skills,memory,eog,hr,2,3,1,task_20260111_204619_117_a8eea1c0_b69d59bc,0.6,0,238770,159.5
skills,memory,eog,hr,2,3,1,task_20260112_124137_537_761f6b82_9e1a6b99,0.25,0,338569,221.9
skills,memory,eog,hr,2,3,1,task_20260114_180423_838_00364ece_9f2ad35c,0.5,0,394918,158.6
skills,memory,eog,hr,2,3,1,task_20260115_130852_498_a8eea1c0_e9192d7e,0.5,0,266815,131.5
skills,memory,eog,hr,2,3,2,task_20251216_123530_079_ec0cb5dd_3b89aab7,0.8,0,229243,132.2
skills,memory,eog,hr,2,3,2,task_20251217_073807_153_761f6b82_cba63024,0.714286,0,438185,159.7
skills,memory,eog,hr,2,3,2,task_20251219_114935_971_a8eea1c0_188fc892,1.0,1,380564,142.6
skills,memory,eog,hr,2,3,2,task_20251219_155215_361_00364ece_c1c6ffc8,0.2,0,224268,78.2
skills,memory,eog,hr,2,3,2,task_20251223_150001_549_d9bcd1e5_475d93ab,0.857143,0,198302,137.7
skills,memory,eog,hr,2,3,2,task_20251223_174414_238_a8eea1c0_0c3b20c1,1.0,1,262200,120.7
skills,memory,eog,hr,2,3,2,task_20251223_184833_888_a8eea1c0_87c53cb9,0.714286,0,375911,158.2
skills,memory,eog,hr,2,3,2,task_20251224_064352_705_ec0cb5dd_46d83d4e,0.461538,0,55485,83.1
skills,memory,eog,hr,2,3,2,task_20251224_150114_483_a8eea1c0_d44f97ad,1.0,1,388627,117.6
skills,memory,eog,hr,2,3,2,task_20251224_234036_267_accab84d_f26a18f7,0.625,0,398428,126.1
skills,memory,eog,hr,2,3,2,task_20251225_062927_003_d9bcd1e5_d996901a,0.75,0,1019244,216.8
skills,memory,eog,hr,2,3,2,task_20251225_180047_141_a8eea1c0_002e725f,1.0,1,261386,175.4
skills,memory,eog,hr,2,3,2,task_20251226_041218_355_d9bcd1e5_bc84c9d5,0.777778,0,319504,117.9
skills,memory,eog,hr,2,3,2,task_20251226_104747_127_30600918_559da326,0.5,0,294499,153.0
skills,memory,eog,hr,2,3,2,task_20251226_110144_731_b25153b4_773380f8,0.571429,0,601012,192.3
skills,memory,eog,hr,2,3,2,task_20260109_180543_808_391f1eff_02357fea,0.666667,0,172401,108.1
skills,memory,eog,hr,2,3,2,task_20260111_204619_117_a8eea1c0_b69d59bc,0.6,0,298647,177.1
skills,memory,eog,hr,2,3,2,task_20260112_124137_537_761f6b82_9e1a6b99,0.25,0,297254,147.4
skills,memory,eog,hr,2,3,2,task_20260114_180423_838_00364ece_9f2ad35c,0.75,0,683038,173.8
skills,memory,eog,hr,2,3,2,task_20260115_130852_498_a8eea1c0_e9192d7e,0.5,0,294673,135.0
skills,memory,eog,hr,2,3,3,task_20251216_123530_079_ec0cb5dd_3b89aab7,0.8,0,503551,157.1
skills,memory,eog,hr,2,3,3,task_20251217_073807_153_761f6b82_cba63024,0.714286,0,446527,141.9
skills,memory,eog,hr,2,3,3,task_20251219_114935_971_a8eea1c0_188fc892,0.5,0,288720,147.1
skills,memory,eog,hr,2,3,3,task_20251219_155215_361_00364ece_c1c6ffc8,0.4,0,233133,157.7
skills,memory,eog,hr,2,3,3,task_20251223_150001_549_d9bcd1e5_475d93ab,0.857143,0,246369,131.4
skills,memory,eog,hr,2,3,3,task_20251223_174414_238_a8eea1c0_0c3b20c1,0.5,0,262032,116.8
skills,memory,eog,hr,2,3,3,task_20251223_184833_888_a8eea1c0_87c53cb9,0.714286,0,302129,109.3
skills,memory,eog,hr,2,3,3,task_20251224_064352_705_ec0cb5dd_46d83d4e,0.846154,0,498498,165.1
skills,memory,eog,hr,2,3,3,task_20251224_150114_483_a8eea1c0_d44f97ad,0.875,0,405878,160.0
skills,memory,eog,hr,2,3,3,task_20251224_234036_267_accab84d_f26a18f7,0.75,0,518666,179.9
skills,memory,eog,hr,2,3,3,task_20251225_062927_003_d9bcd1e5_d996901a,0.75,0,1382062,210.4
skills,memory,eog,hr,2,3,3,task_20251225_180047_141_a8eea1c0_002e725f,1.0,1,184492,121.8
skills,memory,eog,hr,2,3,3,task_20251226_041218_355_d9bcd1e5_bc84c9d5,0.777778,0,381153,110.3
skills,memory,eog,hr,2,3,3,task_20251226_104747_127_30600918_559da326,0.6,0,399052,166.8
skills,memory,eog,hr,2,3,3,task_20251226_110144_731_b25153b4_773380f8,1.0,1,747134,157.5
skills,memory,eog,hr,2,3,3,task_20260109_180543_808_391f1eff_02357fea,0.666667,0,151509,86.7
skills,memory,eog,hr,2,3,3,task_20260111_204619_117_a8eea1c0_b69d59bc,0.6,0,288476,142.2
skills,memory,eog,hr,2,3,3,task_20260112_124137_537_761f6b82_9e1a6b99,0.25,0,240491,116.0
skills,memory,eog,hr,2,3,3,task_20260114_180423_838_00364ece_9f2ad35c,0.5,0,361598,150.4
skills,memory,eog,hr,2,3,3,task_20260115_130852_498_a8eea1c0_e9192d7e,0.5,0,291107,126.6
skills,memory,eog,hr,3,1,1,task_20251226_010313_969_accab84d_77306049,0.5,0,136017,75.5
skills,memory,eog,hr,3,1,1,task_20251226_094920_495_99ba2325_627386b2,0.75,0,227962,116.8
skills,memory,eog,hr,3,1,1,task_20260109_133046_369_391f1eff_7e44fdca,0.0,0,126319,71.1
skills,memory,eog,hr,3,1,1,task_20260115_151312_690_57529556_9fca8861,0.75,0,357572,117.1
skills,memory,eog,hr,3,1,1,task_20260116_095609_650_c5cac200_741831a8,1.0,1,317412,100.0
skills,memory,eog,hr,3,1,1,task_20260116_104653_444_99ba2325_320d5ca4,0.75,0,199476,114.1
skills,memory,eog,hr,3,1,1,task_20260116_112336_208_c5cac200_da33db0a,1.0,1,131528,50.8
skills,memory,eog,hr,3,1,1,task_20260116_125449_931_e6427839_50663277,0.666667,0,109090,65.2
skills,memory,eog,hr,3,1,1,task_20260116_160908_725_46ca2862_923e672e,0.5,0,142065,78.7
skills,memory,eog,hr,3,1,1,task_20260116_185136_779_46ca2862_2b77b852,0.666667,0,114768,67.7
skills,memory,eog,hr,3,1,1,task_20260116_203855_584_57529556_7b20a1d8,0.666667,0,323749,128.1
skills,memory,eog,hr,3,1,2,task_20251226_010313_969_accab84d_77306049,0.5,0,145903,87.1
skills,memory,eog,hr,3,1,2,task_20251226_094920_495_99ba2325_627386b2,0.75,0,130596,96.2
skills,memory,eog,hr,3,1,2,task_20260109_133046_369_391f1eff_7e44fdca,0.0,0,173485,113.4
skills,memory,eog,hr,3,1,2,task_20260115_151312_690_57529556_9fca8861,0.75,0,308875,105.8
skills,memory,eog,hr,3,1,2,task_20260116_095609_650_c5cac200_741831a8,1.0,1,195705,68.6
skills,memory,eog,hr,3,1,2,task_20260116_104653_444_99ba2325_320d5ca4,0.75,0,445127,97.1
skills,memory,eog,hr,3,1,2,task_20260116_112336_208_c5cac200_da33db0a,1.0,1,190639,92.9
skills,memory,eog,hr,3,1,2,task_20260116_125449_931_e6427839_50663277,1.0,1,194669,58.5
skills,memory,eog,hr,3,1,2,task_20260116_160908_725_46ca2862_923e672e,0.0,0,290471,77.0
skills,memory,eog,hr,3,1,2,task_20260116_185136_779_46ca2862_2b77b852,0.666667,0,473024,157.6
skills,memory,eog,hr,3,1,2,task_20260116_203855_584_57529556_7b20a1d8,1.0,1,339356,136.9
skills,memory,eog,hr,3,1,3,task_20251226_010313_969_accab84d_77306049,0.5,0,137098,83.6
skills,memory,eog,hr,3,1,3,task_20251226_094920_495_99ba2325_627386b2,1.0,1,146555,86.6
skills,memory,eog,hr,3,1,3,task_20260109_133046_369_391f1eff_7e44fdca,0.0,0,88855,68.0
skills,memory,eog,hr,3,1,3,task_20260115_151312_690_57529556_9fca8861,0.75,0,434305,152.1
skills,memory,eog,hr,3,1,3,task_20260116_095609_650_c5cac200_741831a8,1.0,1,238260,98.7
skills,memory,eog,hr,3,1,3,task_20260116_104653_444_99ba2325_320d5ca4,0.75,0,96047,85.4
skills,memory,eog,hr,3,1,3,task_20260116_112336_208_c5cac200_da33db0a,0.833333,0,226427,76.7
skills,memory,eog,hr,3,1,3,task_20260116_125449_931_e6427839_50663277,1.0,1,229049,96.0
skills,memory,eog,hr,3,1,3,task_20260116_160908_725_46ca2862_923e672e,0.5,0,209292,118.9
skills,memory,eog,hr,3,1,3,task_20260116_185136_779_46ca2862_2b77b852,0.666667,0,217257,107.3
skills,memory,eog,hr,3,1,3,task_20260116_203855_584_57529556_7b20a1d8,1.0,1,538730,132.5
skills,memory,eog,hr,3,2,1,task_20251212_175622_173_d61a01c6_62164687,0.5,0,299921,158.6
skills,memory,eog,hr,3,2,1,task_20251219_155520_685_a8eea1c0_c6fb88a1,1.0,1,268540,99.5
skills,memory,eog,hr,3,2,1,task_20251224_094258_495_c4ad7a70_42fbe372,0.0,0,121839,115.4
skills,memory,eog,hr,3,2,1,task_20251224_133749_739_c4ad7a70_9df76270,0.0,0,134042,86.1
skills,memory,eog,hr,3,2,1,task_20251226_101143_297_99ba2325_75b99d9a,0.75,0,219945,85.1
skills,memory,eog,hr,3,2,1,task_20251226_114207_539_30600918_6211eb4b,0.333333,0,244102,101.8
skills,memory,eog,hr,3,2,1,task_20251226_121423_362_c4ad7a70_4be55408,0.333333,0,132609,63.9
skills,memory,eog,hr,3,2,1,task_20251226_132052_338_e6427839_727d852c,0.5,0,228832,154.4
skills,memory,eog,hr,3,2,1,task_20251226_153702_699_ad5a67e3_43cd2d47,0.333333,0,152263,102.7
skills,memory,eog,hr,3,2,1,task_20260109_185510_803_a8eea1c0_b51123d7,1.0,1,220046,60.8
skills,memory,eog,hr,3,2,1,task_20260109_192935_678_e6427839_4c081ddc,0.5,0,264118,154.0
skills,memory,eog,hr,3,2,1,task_20260111_151647_667_a8eea1c0_c7c264ba,0.714286,0,427308,173.3
skills,memory,eog,hr,3,2,1,task_20260111_161750_847_a8eea1c0_3649940a,0.666667,0,222315,93.6
skills,memory,eog,hr,3,2,1,task_20260111_190744_927_a8eea1c0_17bea726,0.0,0,299041,132.9
skills,memory,eog,hr,3,2,1,task_20260112_141226_936_7aad91c1_61df8f2b,0.5,0,140923,87.7
skills,memory,eog,hr,3,2,1,task_20260114_172823_954_a8eea1c0_b725e936,0.666667,0,358197,126.3
skills,memory,eog,hr,3,2,1,task_20260116_055513_891_99ba2325_849991b8,0.5,0,167309,121.4
skills,memory,eog,hr,3,2,1,task_20260116_085958_358_a8eea1c0_6d7f242a,1.0,1,410278,79.0
skills,memory,eog,hr,3,2,1,task_20260116_094554_219_c5cac200_82f2d2a8,0.8,0,321990,98.0
skills,memory,eog,hr,3,2,1,task_20260116_105748_962_99ba2325_dcc658fa,0.75,0,191308,117.0
skills,memory,eog,hr,3,2,1,task_20260116_134415_018_fa1836dc_d8efb574,0.333333,0,167605,131.7
skills,memory,eog,hr,3,2,1,task_20260116_143750_504_a8eea1c0_7d91efa1,1.0,1,256139,92.6
skills,memory,eog,hr,3,2,2,task_20251212_175622_173_d61a01c6_62164687,0.0,0,287745,147.1
skills,memory,eog,hr,3,2,2,task_20251219_155520_685_a8eea1c0_c6fb88a1,1.0,1,245623,91.6
skills,memory,eog,hr,3,2,2,task_20251224_094258_495_c4ad7a70_42fbe372,0.0,0,119429,117.7
skills,memory,eog,hr,3,2,2,task_20251224_133749_739_c4ad7a70_9df76270,0.0,0,124238,73.4
skills,memory,eog,hr,3,2,2,task_20251226_101143_297_99ba2325_75b99d9a,0.75,0,193758,104.5
skills,memory,eog,hr,3,2,2,task_20251226_114207_539_30600918_6211eb4b,0.333333,0,295679,118.4
skills,memory,eog,hr,3,2,2,task_20251226_121423_362_c4ad7a70_4be55408,0.333333,0,148218,71.9
skills,memory,eog,hr,3,2,2,task_20251226_132052_338_e6427839_727d852c,0.5,0,256105,159.8
skills,memory,eog,hr,3,2,2,task_20251226_153702_699_ad5a67e3_43cd2d47,1.0,1,254605,134.3
skills,memory,eog,hr,3,2,2,task_20260109_185510_803_a8eea1c0_b51123d7,0.714286,0,263007,73.8
skills,memory,eog,hr,3,2,2,task_20260109_192935_678_e6427839_4c081ddc,0.5,0,236841,143.3
skills,memory,eog,hr,3,2,2,task_20260111_151647_667_a8eea1c0_c7c264ba,0.571429,0,373299,149.2
skills,memory,eog,hr,3,2,2,task_20260111_161750_847_a8eea1c0_3649940a,0.666667,0,220664,101.6
skills,memory,eog,hr,3,2,2,task_20260111_190744_927_a8eea1c0_17bea726,0.0,0,246241,108.7
skills,memory,eog,hr,3,2,2,task_20260112_141226_936_7aad91c1_61df8f2b,0.75,0,222824,116.3
skills,memory,eog,hr,3,2,2,task_20260114_172823_954_a8eea1c0_b725e936,0.666667,0,317649,113.9
skills,memory,eog,hr,3,2,2,task_20260116_055513_891_99ba2325_849991b8,0.166667,0,60404,91.6
skills,memory,eog,hr,3,2,2,task_20260116_085958_358_a8eea1c0_6d7f242a,1.0,1,432393,114.2
skills,memory,eog,hr,3,2,2,task_20260116_094554_219_c5cac200_82f2d2a8,0.2,0,444450,133.2
skills,memory,eog,hr,3,2,2,task_20260116_105748_962_99ba2325_dcc658fa,0.75,0,255628,144.7
skills,memory,eog,hr,3,2,2,task_20260116_134415_018_fa1836dc_d8efb574,0.333333,0,185686,129.0
skills,memory,eog,hr,3,2,2,task_20260116_143750_504_a8eea1c0_7d91efa1,1.0,1,199276,74.6
skills,memory,eog,hr,3,2,3,task_20251212_175622_173_d61a01c6_62164687,1.0,1,248120,131.2
skills,memory,eog,hr,3,2,3,task_20251219_155520_685_a8eea1c0_c6fb88a1,0.6,0,219913,102.0
skills,memory,eog,hr,3,2,3,task_20251224_094258_495_c4ad7a70_42fbe372,0.25,0,164737,121.4
skills,memory,eog,hr,3,2,3,task_20251224_133749_739_c4ad7a70_9df76270,0.25,0,237630,80.8
skills,memory,eog,hr,3,2,3,task_20251226_101143_297_99ba2325_75b99d9a,0.75,0,249538,128.8
skills,memory,eog,hr,3,2,3,task_20251226_114207_539_30600918_6211eb4b,0.333333,0,313812,130.1
skills,memory,eog,hr,3,2,3,task_20251226_121423_362_c4ad7a70_4be55408,0.333333,0,121790,45.3
skills,memory,eog,hr,3,2,3,task_20251226_132052_338_e6427839_727d852c,0.5,0,308425,146.9
skills,memory,eog,hr,3,2,3,task_20251226_153702_699_ad5a67e3_43cd2d47,0.333333,0,161234,133.9
skills,memory,eog,hr,3,2,3,task_20260109_185510_803_a8eea1c0_b51123d7,1.0,1,320029,82.5
skills,memory,eog,hr,3,2,3,task_20260109_192935_678_e6427839_4c081ddc,0.5,0,289349,167.4
skills,memory,eog,hr,3,2,3,task_20260111_151647_667_a8eea1c0_c7c264ba,0.714286,0,264640,111.8
skills,memory,eog,hr,3,2,3,task_20260111_161750_847_a8eea1c0_3649940a,0.666667,0,328721,118.8
skills,memory,eog,hr,3,2,3,task_20260111_190744_927_a8eea1c0_17bea726,0.0,0,283312,115.5
skills,memory,eog,hr,3,2,3,task_20260112_141226_936_7aad91c1_61df8f2b,1.0,1,198207,99.2
skills,memory,eog,hr,3,2,3,task_20260114_172823_954_a8eea1c0_b725e936,0.666667,0,349476,133.7
skills,memory,eog,hr,3,2,3,task_20260116_055513_891_99ba2325_849991b8,0.333333,0,308426,122.7
skills,memory,eog,hr,3,2,3,task_20260116_085958_358_a8eea1c0_6d7f242a,1.0,1,390454,87.9
skills,memory,eog,hr,3,2,3,task_20260116_094554_219_c5cac200_82f2d2a8,0.8,0,185594,119.5
skills,memory,eog,hr,3,2,3,task_20260116_105748_962_99ba2325_dcc658fa,0.75,0,251523,129.1
skills,memory,eog,hr,3,2,3,task_20260116_134415_018_fa1836dc_d8efb574,0.333333,0,105694,123.2
skills,memory,eog,hr,3,2,3,task_20260116_143750_504_a8eea1c0_7d91efa1,1.0,1,205495,73.2
skills,memory,eog,hr,3,3,1,task_20251216_123530_079_ec0cb5dd_3b89aab7,0.6,0,342378,138.6
skills,memory,eog,hr,3,3,1,task_20251217_073807_153_761f6b82_cba63024,0.714286,0,358828,151.1
skills,memory,eog,hr,3,3,1,task_20251219_114935_971_a8eea1c0_188fc892,0.5,0,370979,151.6
skills,memory,eog,hr,3,3,1,task_20251219_155215_361_00364ece_c1c6ffc8,0.4,0,186516,140.6
skills,memory,eog,hr,3,3,1,task_20251223_150001_549_d9bcd1e5_475d93ab,0.857143,0,314174,111.8
skills,memory,eog,hr,3,3,1,task_20251223_174414_238_a8eea1c0_0c3b20c1,0.833333,0,262119,136.4
skills,memory,eog,hr,3,3,1,task_20251223_184833_888_a8eea1c0_87c53cb9,0.571429,0,232376,95.2
skills,memory,eog,hr,3,3,1,task_20251224_064352_705_ec0cb5dd_46d83d4e,0.461538,0,55873,102.1
skills,memory,eog,hr,3,3,1,task_20251224_150114_483_a8eea1c0_d44f97ad,0.875,0,391493,177.3
skills,memory,eog,hr,3,3,1,task_20251224_234036_267_accab84d_f26a18f7,0.5,0,437131,173.4
skills,memory,eog,hr,3,3,1,task_20251225_062927_003_d9bcd1e5_d996901a,0.75,0,1112335,209.6
skills,memory,eog,hr,3,3,1,task_20251225_180047_141_a8eea1c0_002e725f,1.0,1,262769,101.6
skills,memory,eog,hr,3,3,1,task_20251226_041218_355_d9bcd1e5_bc84c9d5,0.777778,0,226071,119.7
skills,memory,eog,hr,3,3,1,task_20251226_104747_127_30600918_559da326,0.5,0,322964,223.0
skills,memory,eog,hr,3,3,1,task_20251226_110144_731_b25153b4_773380f8,1.0,1,705461,152.3
skills,memory,eog,hr,3,3,1,task_20260109_180543_808_391f1eff_02357fea,0.666667,0,175568,141.7
skills,memory,eog,hr,3,3,1,task_20260111_204619_117_a8eea1c0_b69d59bc,0.6,0,245398,140.7
skills,memory,eog,hr,3,3,1,task_20260112_124137_537_761f6b82_9e1a6b99,0.25,0,338374,158.5
skills,memory,eog,hr,3,3,1,task_20260114_180423_838_00364ece_9f2ad35c,0.5,0,393146,127.7
skills,memory,eog,hr,3,3,1,task_20260115_130852_498_a8eea1c0_e9192d7e,0.5,0,207353,120.4
skills,memory,eog,hr,3,3,2,task_20251216_123530_079_ec0cb5dd_3b89aab7,0.8,0,296788,114.2
skills,memory,eog,hr,3,3,2,task_20251217_073807_153_761f6b82_cba63024,0.857143,0,495731,158.8
skills,memory,eog,hr,3,3,2,task_20251219_114935_971_a8eea1c0_188fc892,0.5,0,264926,132.3
skills,memory,eog,hr,3,3,2,task_20251219_155215_361_00364ece_c1c6ffc8,0.2,0,206593,136.5
skills,memory,eog,hr,3,3,2,task_20251223_150001_549_d9bcd1e5_475d93ab,0.857143,0,251408,92.2
skills,memory,eog,hr,3,3,2,task_20251223_174414_238_a8eea1c0_0c3b20c1,0.0,0,296232,179.7
skills,memory,eog,hr,3,3,2,task_20251223_184833_888_a8eea1c0_87c53cb9,0.714286,0,359238,122.4
skills,memory,eog,hr,3,3,2,task_20251224_064352_705_ec0cb5dd_46d83d4e,0.461538,0,54848,81.4
skills,memory,eog,hr,3,3,2,task_20251224_150114_483_a8eea1c0_d44f97ad,0.625,0,407043,161.4
skills,memory,eog,hr,3,3,2,task_20251224_234036_267_accab84d_f26a18f7,0.625,0,292463,118.2
skills,memory,eog,hr,3,3,2,task_20251225_062927_003_d9bcd1e5_d996901a,0.75,0,1246077,171.7
skills,memory,eog,hr,3,3,2,task_20251225_180047_141_a8eea1c0_002e725f,1.0,1,183316,71.7
skills,memory,eog,hr,3,3,2,task_20251226_041218_355_d9bcd1e5_bc84c9d5,0.777778,0,582019,190.0
skills,memory,eog,hr,3,3,2,task_20251226_104747_127_30600918_559da326,0.5,0,483642,163.9
skills,memory,eog,hr,3,3,2,task_20251226_110144_731_b25153b4_773380f8,1.0,1,696328,203.8
skills,memory,eog,hr,3,3,2,task_20260109_180543_808_391f1eff_02357fea,0.666667,0,99801,107.0
skills,memory,eog,hr,3,3,2,task_20260111_204619_117_a8eea1c0_b69d59bc,0.6,0,220809,126.0
skills,memory,eog,hr,3,3,2,task_20260112_124137_537_761f6b82_9e1a6b99,0.25,0,249604,130.3
skills,memory,eog,hr,3,3,2,task_20260114_180423_838_00364ece_9f2ad35c,0.5,0,419604,121.6
skills,memory,eog,hr,3,3,2,task_20260115_130852_498_a8eea1c0_e9192d7e,0.5,0,339389,117.0
skills,memory,eog,hr,3,3,3,task_20251216_123530_079_ec0cb5dd_3b89aab7,0.6,0,212037,89.8
skills,memory,eog,hr,3,3,3,task_20251217_073807_153_761f6b82_cba63024,0.857143,0,392968,161.1
skills,memory,eog,hr,3,3,3,task_20251219_114935_971_a8eea1c0_188fc892,0.5,0,257783,116.8
skills,memory,eog,hr,3,3,3,task_20251219_155215_361_00364ece_c1c6ffc8,0.2,0,224905,152.4
skills,memory,eog,hr,3,3,3,task_20251223_150001_549_d9bcd1e5_475d93ab,0.857143,0,196179,76.3
skills,memory,eog,hr,3,3,3,task_20251223_174414_238_a8eea1c0_0c3b20c1,0.5,0,217919,115.3
skills,memory,eog,hr,3,3,3,task_20251223_184833_888_a8eea1c0_87c53cb9,0.428571,0,368527,101.4
skills,memory,eog,hr,3,3,3,task_20251224_064352_705_ec0cb5dd_46d83d4e,0.846154,0,342200,105.5
skills,memory,eog,hr,3,3,3,task_20251224_150114_483_a8eea1c0_d44f97ad,0.75,0,412001,164.4
skills,memory,eog,hr,3,3,3,task_20251224_234036_267_accab84d_f26a18f7,0.75,0,309897,142.4
skills,memory,eog,hr,3,3,3,task_20251225_062927_003_d9bcd1e5_d996901a,0.75,0,1549496,178.7
skills,memory,eog,hr,3,3,3,task_20251225_180047_141_a8eea1c0_002e725f,1.0,1,200943,66.8
skills,memory,eog,hr,3,3,3,task_20251226_041218_355_d9bcd1e5_bc84c9d5,0.777778,0,209915,123.5
skills,memory,eog,hr,3,3,3,task_20251226_104747_127_30600918_559da326,0.5,0,299168,139.1
skills,memory,eog,hr,3,3,3,task_20251226_110144_731_b25153b4_773380f8,1.0,1,628572,158.9
skills,memory,eog,hr,3,3,3,task_20260109_180543_808_391f1eff_02357fea,0.666667,0,345143,178.9
skills,memory,eog,hr,3,3,3,task_20260111_204619_117_a8eea1c0_b69d59bc,0.6,0,220750,128.3
skills,memory,eog,hr,3,3,3,task_20260112_124137_537_761f6b82_9e1a6b99,0.25,0,313285,124.1
skills,memory,eog,hr,3,3,3,task_20260114_180423_838_00364ece_9f2ad35c,0.5,0,413239,209.5
skills,memory,eog,hr,3,3,3,task_20260115_130852_498_a8eea1c0_e9192d7e,0.333333,0,268480,130.8
skills,memory,eog,itsm,1,1,1,task_20251218_164829_676_97d7df7d_893f6b2c,0.333333,0,278892,119.6
skills,memory,eog,itsm,1,1,1,task_20251218_183102_136_391f1eff_ac9a6986,0.5,0,88863,89.7
skills,memory,eog,itsm,1,1,1,task_20251218_193035_592_391f1eff_5293f595,0.5,0,89514,60.6
skills,memory,eog,itsm,1,1,1,task_20251219_091707_306_ad5a67e3_a76dbe57,0.0,0,50221,46.4
skills,memory,eog,itsm,1,1,1,task_20251221_191123_397_97d7df7d_7196ef19,0.333333,0,316258,110.9
skills,memory,eog,itsm,1,1,1,task_20251222_105710_498_391f1eff_8b25dbef,0.5,0,100086,60.7
skills,memory,eog,itsm,1,1,1,task_20251222_195853_743_0be70e35_0916fba8,0.5,0,201976,97.2
skills,memory,eog,itsm,1,1,1,task_20251223_081019_100_d4a463c3_f8774fe4,0.5,0,92092,76.7
skills,memory,eog,itsm,1,1,1,task_20251223_135402_072_c5ca08eb_67009578,0.0,0,58984,50.9
skills,memory,eog,itsm,1,1,1,task_20251223_224508_138_97d7df7d_b4505336,0.5,0,172122,64.0
skills,memory,eog,itsm,1,1,1,task_20260113_125933_225_accab84d_d7ec710e,0.333333,0,434125,161.1
skills,memory,eog,itsm,1,1,1,task_20260114_134336_659_e6427839_91142068,0.6,0,426885,107.7
skills,memory,eog,itsm,1,1,1,task_20260116_101840_488_e6427839_81df8ba3,0.5,0,247941,111.4
skills,memory,eog,itsm,1,1,2,task_20251218_164829_676_97d7df7d_893f6b2c,0.333333,0,316775,123.5
skills,memory,eog,itsm,1,1,2,task_20251218_183102_136_391f1eff_ac9a6986,0.5,0,90921,87.8
skills,memory,eog,itsm,1,1,2,task_20251218_193035_592_391f1eff_5293f595,0.5,0,74021,38.1
skills,memory,eog,itsm,1,1,2,task_20251219_091707_306_ad5a67e3_a76dbe57,0.0,0,81409,61.9
skills,memory,eog,itsm,1,1,2,task_20251221_191123_397_97d7df7d_7196ef19,0.333333,0,430955,106.1
skills,memory,eog,itsm,1,1,2,task_20251222_105710_498_391f1eff_8b25dbef,1.0,1,179286,88.3
skills,memory,eog,itsm,1,1,2,task_20251222_195853_743_0be70e35_0916fba8,0.5,0,180226,79.0
skills,memory,eog,itsm,1,1,2,task_20251223_081019_100_d4a463c3_f8774fe4,0.5,0,163966,74.3
skills,memory,eog,itsm,1,1,2,task_20251223_135402_072_c5ca08eb_67009578,0.0,0,107990,92.4
skills,memory,eog,itsm,1,1,2,task_20251223_224508_138_97d7df7d_b4505336,1.0,1,215694,65.2
skills,memory,eog,itsm,1,1,2,task_20260113_125933_225_accab84d_d7ec710e,0.333333,0,331395,120.0
skills,memory,eog,itsm,1,1,2,task_20260114_134336_659_e6427839_91142068,0.6,0,258212,84.6
skills,memory,eog,itsm,1,1,2,task_20260116_101840_488_e6427839_81df8ba3,1.0,1,380722,108.9
skills,memory,eog,itsm,1,1,3,task_20251218_164829_676_97d7df7d_893f6b2c,0.666667,0,370920,96.7
skills,memory,eog,itsm,1,1,3,task_20251218_183102_136_391f1eff_ac9a6986,0.0,0,81794,74.6
skills,memory,eog,itsm,1,1,3,task_20251218_193035_592_391f1eff_5293f595,0.0,0,78355,42.9
skills,memory,eog,itsm,1,1,3,task_20251219_091707_306_ad5a67e3_a76dbe57,0.0,0,50190,41.0
skills,memory,eog,itsm,1,1,3,task_20251221_191123_397_97d7df7d_7196ef19,0.333333,0,279152,93.3
skills,memory,eog,itsm,1,1,3,task_20251222_105710_498_391f1eff_8b25dbef,0.5,0,107075,59.6
skills,memory,eog,itsm,1,1,3,task_20251222_195853_743_0be70e35_0916fba8,0.5,0,349834,103.7
skills,memory,eog,itsm,1,1,3,task_20251223_081019_100_d4a463c3_f8774fe4,0.5,0,206745,73.7
skills,memory,eog,itsm,1,1,3,task_20251223_135402_072_c5ca08eb_67009578,0.0,0,124022,81.4
skills,memory,eog,itsm,1,1,3,task_20251223_224508_138_97d7df7d_b4505336,0.5,0,216411,61.4
skills,memory,eog,itsm,1,1,3,task_20260113_125933_225_accab84d_d7ec710e,0.333333,0,340190,135.4
skills,memory,eog,itsm,1,1,3,task_20260114_134336_659_e6427839_91142068,0.6,0,307276,109.2
skills,memory,eog,itsm,1,1,3,task_20260116_101840_488_e6427839_81df8ba3,0.5,0,356228,103.0
skills,memory,eog,itsm,1,2,1,task_20251216_131651_690_764e5ead_f8619b02,1.0,1,145234,103.5
skills,memory,eog,itsm,1,2,1,task_20251217_030654_663_99ba2325_f931fd42,0.0,0,75441,88.6
skills,memory,eog,itsm,1,2,1,task_20251218_082708_201_99ba2325_51726f9c,1.0,1,133946,138.3
skills,memory,eog,itsm,1,2,1,task_20251218_093719_611_764e5ead_5817d09a,1.0,1,260584,144.8
skills,memory,eog,itsm,1,2,1,task_20251218_104259_233_66392a82_74b17170,0.666667,0,187574,102.3
skills,memory,eog,itsm,1,2,1,task_20251218_124419_383_66392a82_52c8290e,0.5,0,112312,109.2
skills,memory,eog,itsm,1,2,1,task_20251218_155314_617_c5ca08eb_3ce3c52f,1.0,1,103837,76.5
skills,memory,eog,itsm,1,2,1,task_20251218_171924_336_ad5a67e3_af252cf6,0.0,0,176779,141.6
skills,memory,eog,itsm,1,2,1,task_20251218_220134_063_391f1eff_30369342,0.5,0,91743,122.4
skills,memory,eog,itsm,1,2,1,task_20251218_234602_633_391f1eff_09a746e7,0.5,0,127811,101.5
skills,memory,eog,itsm,1,2,1,task_20251219_115925_475_1d219d93_53d34d23,1.0,1,337671,126.6
skills,memory,eog,itsm,1,2,1,task_20251222_140957_029_c5ca08eb_3c4271f0,0.5,0,199231,129.3
skills,memory,eog,itsm,1,2,1,task_20251223_064316_340_01395ded_9c6f3e01,0.75,0,278750,163.3
skills,memory,eog,itsm,1,2,1,task_20251223_153021_454_66392a82_0d6d8897,0.75,0,286410,115.6
skills,memory,eog,itsm,1,2,1,task_20260113_153008_006_46ca2862_c5083638,0.5,0,222606,175.7
skills,memory,eog,itsm,1,2,1,task_20260114_173716_566_46ca2862_301e0b47,0.833333,0,248981,162.6
skills,memory,eog,itsm,1,2,1,task_20260115_152733_296_46ca2862_55f848d3,0.6,0,327914,191.0
skills,memory,eog,itsm,1,2,1,task_20260116_081645_096_66392a82_fd509f97,0.6,0,252863,150.9
skills,memory,eog,itsm,1,2,1,task_20260116_091935_817_d4a463c3_3f20bdca,0.666667,0,164393,111.9
skills,memory,eog,itsm,1,2,1,task_20260116_224538_330_66392a82_10d0806e,0.8,0,655495,277.1
skills,memory,eog,itsm,1,2,2,task_20251216_131651_690_764e5ead_f8619b02,0.666667,0,194015,123.6
skills,memory,eog,itsm,1,2,2,task_20251217_030654_663_99ba2325_f931fd42,0.0,0,108161,143.8
skills,memory,eog,itsm,1,2,2,task_20251218_082708_201_99ba2325_51726f9c,1.0,1,119046,113.7
skills,memory,eog,itsm,1,2,2,task_20251218_093719_611_764e5ead_5817d09a,1.0,1,386431,155.4
skills,memory,eog,itsm,1,2,2,task_20251218_104259_233_66392a82_74b17170,0.666667,0,133007,72.0
skills,memory,eog,itsm,1,2,2,task_20251218_124419_383_66392a82_52c8290e,0.5,0,84433,74.8
skills,memory,eog,itsm,1,2,2,task_20251218_155314_617_c5ca08eb_3ce3c52f,0.666667,0,122923,88.8
skills,memory,eog,itsm,1,2,2,task_20251218_171924_336_ad5a67e3_af252cf6,0.0,0,257174,164.1
skills,memory,eog,itsm,1,2,2,task_20251218_220134_063_391f1eff_30369342,0.5,0,77830,61.2
skills,memory,eog,itsm,1,2,2,task_20251218_234602_633_391f1eff_09a746e7,0.5,0,129778,146.5
skills,memory,eog,itsm,1,2,2,task_20251219_115925_475_1d219d93_53d34d23,0.8,0,330039,111.0
skills,memory,eog,itsm,1,2,2,task_20251222_140957_029_c5ca08eb_3c4271f0,0.5,0,121619,92.2
skills,memory,eog,itsm,1,2,2,task_20251223_064316_340_01395ded_9c6f3e01,0.75,0,265558,154.6
skills,memory,eog,itsm,1,2,2,task_20251223_153021_454_66392a82_0d6d8897,0.5,0,440987,131.3
skills,memory,eog,itsm,1,2,2,task_20260113_153008_006_46ca2862_c5083638,0.5,0,249794,155.0
skills,memory,eog,itsm,1,2,2,task_20260114_173716_566_46ca2862_301e0b47,0.833333,0,342042,188.8
skills,memory,eog,itsm,1,2,2,task_20260115_152733_296_46ca2862_55f848d3,0.6,0,267035,95.1
skills,memory,eog,itsm,1,2,2,task_20260116_081645_096_66392a82_fd509f97,0.6,0,278143,162.4
skills,memory,eog,itsm,1,2,2,task_20260116_091935_817_d4a463c3_3f20bdca,0.666667,0,68325,82.9
skills,memory,eog,itsm,1,2,2,task_20260116_224538_330_66392a82_10d0806e,0.8,0,1031930,229.0
skills,memory,eog,itsm,1,2,3,task_20251216_131651_690_764e5ead_f8619b02,0.666667,0,290575,130.6
skills,memory,eog,itsm,1,2,3,task_20251217_030654_663_99ba2325_f931fd42,0.0,0,106125,64.7
skills,memory,eog,itsm,1,2,3,task_20251218_082708_201_99ba2325_51726f9c,1.0,1,138475,78.9
skills,memory,eog,itsm,1,2,3,task_20251218_093719_611_764e5ead_5817d09a,1.0,1,287652,123.4
skills,memory,eog,itsm,1,2,3,task_20251218_104259_233_66392a82_74b17170,0.666667,0,95414,66.4
skills,memory,eog,itsm,1,2,3,task_20251218_124419_383_66392a82_52c8290e,0.5,0,79958,62.8
skills,memory,eog,itsm,1,2,3,task_20251218_155314_617_c5ca08eb_3ce3c52f,1.0,1,102304,66.9
skills,memory,eog,itsm,1,2,3,task_20251218_171924_336_ad5a67e3_af252cf6,0.333333,0,321952,187.5
skills,memory,eog,itsm,1,2,3,task_20251218_220134_063_391f1eff_30369342,1.0,1,77649,62.6
skills,memory,eog,itsm,1,2,3,task_20251218_234602_633_391f1eff_09a746e7,0.5,0,98909,106.8
skills,memory,eog,itsm,1,2,3,task_20251219_115925_475_1d219d93_53d34d23,1.0,1,235647,106.6
skills,memory,eog,itsm,1,2,3,task_20251222_140957_029_c5ca08eb_3c4271f0,0.5,0,204660,186.8
skills,memory,eog,itsm,1,2,3,task_20251223_064316_340_01395ded_9c6f3e01,0.5,0,157494,143.0
skills,memory,eog,itsm,1,2,3,task_20251223_153021_454_66392a82_0d6d8897,0.75,0,599295,177.9
skills,memory,eog,itsm,1,2,3,task_20260113_153008_006_46ca2862_c5083638,0.5,0,253344,152.8
skills,memory,eog,itsm,1,2,3,task_20260114_173716_566_46ca2862_301e0b47,0.833333,0,378450,261.0
skills,memory,eog,itsm,1,2,3,task_20260115_152733_296_46ca2862_55f848d3,0.4,0,300999,160.3
skills,memory,eog,itsm,1,2,3,task_20260116_081645_096_66392a82_fd509f97,0.6,0,244238,130.9
skills,memory,eog,itsm,1,2,3,task_20260116_091935_817_d4a463c3_3f20bdca,0.666667,0,121018,154.1
skills,memory,eog,itsm,1,2,3,task_20260116_224538_330_66392a82_10d0806e,0.0,0,403672,186.9
skills,memory,eog,itsm,2,1,1,task_20251218_164829_676_97d7df7d_893f6b2c,0.666667,0,253698,87.6
skills,memory,eog,itsm,2,1,1,task_20251218_183102_136_391f1eff_ac9a6986,0.5,0,109668,73.3
skills,memory,eog,itsm,2,1,1,task_20251218_193035_592_391f1eff_5293f595,0.5,0,95890,44.2
skills,memory,eog,itsm,2,1,1,task_20251219_091707_306_ad5a67e3_a76dbe57,0.0,0,168169,70.2
skills,memory,eog,itsm,2,1,1,task_20251221_191123_397_97d7df7d_7196ef19,0.333333,0,395709,120.1
skills,memory,eog,itsm,2,1,1,task_20251222_105710_498_391f1eff_8b25dbef,1.0,1,117094,69.9
skills,memory,eog,itsm,2,1,1,task_20251222_195853_743_0be70e35_0916fba8,0.5,0,167661,98.6
skills,memory,eog,itsm,2,1,1,task_20251223_081019_100_d4a463c3_f8774fe4,0.5,0,96757,63.7
skills,memory,eog,itsm,2,1,1,task_20251223_135402_072_c5ca08eb_67009578,0.0,0,64702,47.4
skills,memory,eog,itsm,2,1,1,task_20251223_224508_138_97d7df7d_b4505336,1.0,1,217601,66.3
skills,memory,eog,itsm,2,1,1,task_20260113_125933_225_accab84d_d7ec710e,0.0,0,418553,152.8
skills,memory,eog,itsm,2,1,1,task_20260114_134336_659_e6427839_91142068,0.6,0,400773,112.0
skills,memory,eog,itsm,2,1,1,task_20260116_101840_488_e6427839_81df8ba3,0.25,0,230383,98.8
skills,memory,eog,itsm,2,1,2,task_20251218_164829_676_97d7df7d_893f6b2c,0.333333,0,408025,110.6
skills,memory,eog,itsm,2,1,2,task_20251218_183102_136_391f1eff_ac9a6986,0.5,0,83373,74.6
skills,memory,eog,itsm,2,1,2,task_20251218_193035_592_391f1eff_5293f595,0.5,0,85840,52.4
skills,memory,eog,itsm,2,1,2,task_20251219_091707_306_ad5a67e3_a76dbe57,0.0,0,95880,53.3
skills,memory,eog,itsm,2,1,2,task_20251221_191123_397_97d7df7d_7196ef19,0.333333,0,304266,111.2
skills,memory,eog,itsm,2,1,2,task_20251222_105710_498_391f1eff_8b25dbef,0.5,0,121854,68.7
skills,memory,eog,itsm,2,1,2,task_20251222_195853_743_0be70e35_0916fba8,0.5,0,215701,91.0
skills,memory,eog,itsm,2,1,2,task_20251223_081019_100_d4a463c3_f8774fe4,0.5,0,112096,65.3
skills,memory,eog,itsm,2,1,2,task_20251223_135402_072_c5ca08eb_67009578,0.0,0,64144,51.6
skills,memory,eog,itsm,2,1,2,task_20251223_224508_138_97d7df7d_b4505336,0.5,0,187545,60.0
skills,memory,eog,itsm,2,1,2,task_20260113_125933_225_accab84d_d7ec710e,0.666667,0,487808,163.5
skills,memory,eog,itsm,2,1,2,task_20260114_134336_659_e6427839_91142068,0.6,0,405240,110.9
skills,memory,eog,itsm,2,1,2,task_20260116_101840_488_e6427839_81df8ba3,0.5,0,268470,91.4
skills,memory,eog,itsm,2,1,3,task_20251218_164829_676_97d7df7d_893f6b2c,0.333333,0,398148,137.4
skills,memory,eog,itsm,2,1,3,task_20251218_183102_136_391f1eff_ac9a6986,0.5,0,81160,73.9
skills,memory,eog,itsm,2,1,3,task_20251218_193035_592_391f1eff_5293f595,0.0,0,83996,59.4
skills,memory,eog,itsm,2,1,3,task_20251219_091707_306_ad5a67e3_a76dbe57,0.0,0,56511,55.9
skills,memory,eog,itsm,2,1,3,task_20251221_191123_397_97d7df7d_7196ef19,0.333333,0,323093,97.4
skills,memory,eog,itsm,2,1,3,task_20251222_105710_498_391f1eff_8b25dbef,0.5,0,106623,58.2
skills,memory,eog,itsm,2,1,3,task_20251222_195853_743_0be70e35_0916fba8,0.5,0,256733,84.3
skills,memory,eog,itsm,2,1,3,task_20251223_081019_100_d4a463c3_f8774fe4,0.5,0,182899,78.9
skills,memory,eog,itsm,2,1,3,task_20251223_135402_072_c5ca08eb_67009578,0.0,0,63508,54.1
skills,memory,eog,itsm,2,1,3,task_20251223_224508_138_97d7df7d_b4505336,0.5,0,219376,59.3
skills,memory,eog,itsm,2,1,3,task_20260113_125933_225_accab84d_d7ec710e,0.333333,0,475797,150.4
skills,memory,eog,itsm,2,1,3,task_20260114_134336_659_e6427839_91142068,0.6,0,379890,119.0
skills,memory,eog,itsm,2,1,3,task_20260116_101840_488_e6427839_81df8ba3,0.5,0,390458,89.0
skills,memory,eog,itsm,2,2,1,task_20251216_131651_690_764e5ead_f8619b02,0.666667,0,230997,80.2
skills,memory,eog,itsm,2,2,1,task_20251217_030654_663_99ba2325_f931fd42,0.0,0,109132,99.4
skills,memory,eog,itsm,2,2,1,task_20251218_082708_201_99ba2325_51726f9c,1.0,1,135507,85.7
skills,memory,eog,itsm,2,2,1,task_20251218_093719_611_764e5ead_5817d09a,1.0,1,412944,149.6
skills,memory,eog,itsm,2,2,1,task_20251218_104259_233_66392a82_74b17170,0.666667,0,135518,79.5
skills,memory,eog,itsm,2,2,1,task_20251218_124419_383_66392a82_52c8290e,0.5,0,103677,112.9
skills,memory,eog,itsm,2,2,1,task_20251218_155314_617_c5ca08eb_3ce3c52f,1.0,1,105346,52.8
skills,memory,eog,itsm,2,2,1,task_20251218_171924_336_ad5a67e3_af252cf6,0.0,0,223565,126.2
skills,memory,eog,itsm,2,2,1,task_20251218_220134_063_391f1eff_30369342,0.5,0,144682,54.8
skills,memory,eog,itsm,2,2,1,task_20251218_234602_633_391f1eff_09a746e7,0.0,0,133450,64.8
skills,memory,eog,itsm,2,2,1,task_20251219_115925_475_1d219d93_53d34d23,1.0,1,234114,78.7
skills,memory,eog,itsm,2,2,1,task_20251222_140957_029_c5ca08eb_3c4271f0,0.5,0,169868,126.7
skills,memory,eog,itsm,2,2,1,task_20251223_064316_340_01395ded_9c6f3e01,0.75,0,241995,103.6
skills,memory,eog,itsm,2,2,1,task_20251223_153021_454_66392a82_0d6d8897,0.75,0,337249,103.5
skills,memory,eog,itsm,2,2,1,task_20260113_153008_006_46ca2862_c5083638,0.5,0,289248,114.2
skills,memory,eog,itsm,2,2,1,task_20260114_173716_566_46ca2862_301e0b47,0.833333,0,257602,116.5
skills,memory,eog,itsm,2,2,1,task_20260115_152733_296_46ca2862_55f848d3,0.6,0,187296,101.1
skills,memory,eog,itsm,2,2,1,task_20260116_081645_096_66392a82_fd509f97,0.8,0,208425,93.6
skills,memory,eog,itsm,2,2,1,task_20260116_091935_817_d4a463c3_3f20bdca,0.666667,0,150010,94.3
skills,memory,eog,itsm,2,2,1,task_20260116_224538_330_66392a82_10d0806e,0.8,0,1382133,243.5
skills,memory,eog,itsm,2,2,2,task_20251216_131651_690_764e5ead_f8619b02,1.0,1,190411,87.7
skills,memory,eog,itsm,2,2,2,task_20251217_030654_663_99ba2325_f931fd42,0.0,0,154916,104.8
skills,memory,eog,itsm,2,2,2,task_20251218_082708_201_99ba2325_51726f9c,1.0,1,146989,124.4
skills,memory,eog,itsm,2,2,2,task_20251218_093719_611_764e5ead_5817d09a,1.0,1,522618,181.4
skills,memory,eog,itsm,2,2,2,task_20251218_104259_233_66392a82_74b17170,0.666667,0,103744,69.9
skills,memory,eog,itsm,2,2,2,task_20251218_124419_383_66392a82_52c8290e,0.5,0,118672,127.6
skills,memory,eog,itsm,2,2,2,task_20251218_155314_617_c5ca08eb_3ce3c52f,1.0,1,74137,55.5
skills,memory,eog,itsm,2,2,2,task_20251218_171924_336_ad5a67e3_af252cf6,0.0,0,81780,88.1
skills,memory,eog,itsm,2,2,2,task_20251218_220134_063_391f1eff_30369342,0.5,0,159507,47.7
skills,memory,eog,itsm,2,2,2,task_20251218_234602_633_391f1eff_09a746e7,0.0,0,141325,96.7
skills,memory,eog,itsm,2,2,2,task_20251219_115925_475_1d219d93_53d34d23,0.6,0,258826,92.5
skills,memory,eog,itsm,2,2,2,task_20251222_140957_029_c5ca08eb_3c4271f0,0.5,0,132458,132.5
skills,memory,eog,itsm,2,2,2,task_20251223_064316_340_01395ded_9c6f3e01,0.5,0,290102,129.7
skills,memory,eog,itsm,2,2,2,task_20251223_153021_454_66392a82_0d6d8897,0.75,0,455614,132.1
skills,memory,eog,itsm,2,2,2,task_20260113_153008_006_46ca2862_c5083638,0.5,0,304706,109.9
skills,memory,eog,itsm,2,2,2,task_20260114_173716_566_46ca2862_301e0b47,1.0,1,541637,189.6
skills,memory,eog,itsm,2,2,2,task_20260115_152733_296_46ca2862_55f848d3,0.6,0,251683,222.8
skills,memory,eog,itsm,2,2,2,task_20260116_081645_096_66392a82_fd509f97,0.8,0,373055,156.3
skills,memory,eog,itsm,2,2,2,task_20260116_091935_817_d4a463c3_3f20bdca,0.666667,0,71083,95.1
skills,memory,eog,itsm,2,2,2,task_20260116_224538_330_66392a82_10d0806e,0.8,0,565801,138.0
skills,memory,eog,itsm,2,2,3,task_20251216_131651_690_764e5ead_f8619b02,0.666667,0,248613,88.9
skills,memory,eog,itsm,2,2,3,task_20251217_030654_663_99ba2325_f931fd42,0.0,0,82908,79.0
skills,memory,eog,itsm,2,2,3,task_20251218_082708_201_99ba2325_51726f9c,1.0,1,121759,91.5
skills,memory,eog,itsm,2,2,3,task_20251218_093719_611_764e5ead_5817d09a,1.0,1,241882,119.4
skills,memory,eog,itsm,2,2,3,task_20251218_104259_233_66392a82_74b17170,0.666667,0,169263,86.4
skills,memory,eog,itsm,2,2,3,task_20251218_124419_383_66392a82_52c8290e,0.5,0,158432,98.6
skills,memory,eog,itsm,2,2,3,task_20251218_155314_617_c5ca08eb_3ce3c52f,1.0,1,205924,80.8
skills,memory,eog,itsm,2,2,3,task_20251218_171924_336_ad5a67e3_af252cf6,0.0,0,163002,88.9
skills,memory,eog,itsm,2,2,3,task_20251218_220134_063_391f1eff_30369342,0.5,0,81615,47.9
skills,memory,eog,itsm,2,2,3,task_20251218_234602_633_391f1eff_09a746e7,0.5,0,130304,114.6
skills,memory,eog,itsm,2,2,3,task_20251219_115925_475_1d219d93_53d34d23,1.0,1,228591,74.1
skills,memory,eog,itsm,2,2,3,task_20251222_140957_029_c5ca08eb_3c4271f0,0.5,0,171170,92.0
skills,memory,eog,itsm,2,2,3,task_20251223_064316_340_01395ded_9c6f3e01,0.75,0,183814,81.1
skills,memory,eog,itsm,2,2,3,task_20251223_153021_454_66392a82_0d6d8897,0.75,0,301323,102.4
skills,memory,eog,itsm,2,2,3,task_20260113_153008_006_46ca2862_c5083638,0.5,0,267068,112.8
skills,memory,eog,itsm,2,2,3,task_20260114_173716_566_46ca2862_301e0b47,0.833333,0,421518,132.0
skills,memory,eog,itsm,2,2,3,task_20260115_152733_296_46ca2862_55f848d3,0.6,0,199268,119.6
skills,memory,eog,itsm,2,2,3,task_20260116_081645_096_66392a82_fd509f97,0.8,0,247315,127.5
skills,memory,eog,itsm,2,2,3,task_20260116_091935_817_d4a463c3_3f20bdca,0.666667,0,145718,98.2
skills,memory,eog,itsm,2,2,3,task_20260116_224538_330_66392a82_10d0806e,0.8,0,661939,168.3
skills,memory,eog,itsm,2,3,1,task_20251212_172511_458_e6427839_47076c15,0.0,0,67107,150.5
skills,memory,eog,itsm,2,3,1,task_20251212_191411_655_391f1eff_2fef896f,0.333333,0,178313,180.3
skills,memory,eog,itsm,2,3,1,task_20251212_191815_314_391f1eff_c23d76df,0.333333,0,90356,119.8
skills,memory,eog,itsm,2,3,1,task_20251218_121722_423_1d219d93_8218da6c,0.857143,0,296895,169.7
skills,memory,eog,itsm,2,3,1,task_20251219_111447_756_66392a82_1c69521d,1.0,1,196777,152.7
skills,memory,eog,itsm,2,3,1,task_20251219_130920_558_99ba2325_7f9481df,1.0,1,131964,147.2
skills,memory,eog,itsm,2,3,1,task_20251221_045452_579_99ba2325_0e601eac,0.6,0,213262,210.1
skills,memory,eog,itsm,2,3,1,task_20251221_233237_652_66392a82_c1a599bb,0.333333,0,83853,140.2
skills,memory,eog,itsm,2,3,1,task_20251222_075116_761_30600918_a7f0a69a,0.0,0,147752,167.9
skills,memory,eog,itsm,2,3,1,task_20251222_190928_391_391f1eff_8cb006f5,0.0,0,184999,141.0
skills,memory,eog,itsm,2,3,1,task_20260112_183416_157_a8eea1c0_0d6acfd0,0.6,0,106905,171.6
skills,memory,eog,itsm,2,3,1,task_20260112_194743_238_a8eea1c0_a4b1468a,0.833333,0,222060,132.0
skills,memory,eog,itsm,2,3,1,task_20260113_182216_716_a8eea1c0_7a0619e9,1.0,1,122339,130.8
skills,memory,eog,itsm,2,3,1,task_20260113_183935_893_e6427839_03a04c19,1.0,1,145493,159.4
skills,memory,eog,itsm,2,3,1,task_20260115_125430_649_fa1836dc_e02d5824,1.0,1,192814,163.8
skills,memory,eog,itsm,2,3,2,task_20251212_172511_458_e6427839_47076c15,0.0,0,67846,126.0
skills,memory,eog,itsm,2,3,2,task_20251212_191411_655_391f1eff_2fef896f,0.666667,0,218863,128.9
skills,memory,eog,itsm,2,3,2,task_20251212_191815_314_391f1eff_c23d76df,0.333333,0,151250,163.4
skills,memory,eog,itsm,2,3,2,task_20251218_121722_423_1d219d93_8218da6c,0.857143,0,234589,84.7
skills,memory,eog,itsm,2,3,2,task_20251219_111447_756_66392a82_1c69521d,0.0,0,64288,127.6
skills,memory,eog,itsm,2,3,2,task_20251219_130920_558_99ba2325_7f9481df,1.0,1,125811,106.0
skills,memory,eog,itsm,2,3,2,task_20251221_045452_579_99ba2325_0e601eac,0.6,0,275563,140.1
skills,memory,eog,itsm,2,3,2,task_20251221_233237_652_66392a82_c1a599bb,1.0,1,240731,116.7
skills,memory,eog,itsm,2,3,2,task_20251222_075116_761_30600918_a7f0a69a,0.0,0,159870,91.2
skills,memory,eog,itsm,2,3,2,task_20251222_190928_391_391f1eff_8cb006f5,0.25,0,272319,159.7
skills,memory,eog,itsm,2,3,2,task_20260112_183416_157_a8eea1c0_0d6acfd0,0.6,0,106854,94.1
skills,memory,eog,itsm,2,3,2,task_20260112_194743_238_a8eea1c0_a4b1468a,0.166667,0,184767,120.6
skills,memory,eog,itsm,2,3,2,task_20260113_182216_716_a8eea1c0_7a0619e9,1.0,1,169958,113.2
skills,memory,eog,itsm,2,3,2,task_20260113_183935_893_e6427839_03a04c19,1.0,1,122305,90.5
skills,memory,eog,itsm,2,3,2,task_20260115_125430_649_fa1836dc_e02d5824,0.833333,0,244552,139.1
skills,memory,eog,itsm,2,3,3,task_20251212_172511_458_e6427839_47076c15,0.0,0,100932,71.9
skills,memory,eog,itsm,2,3,3,task_20251212_191411_655_391f1eff_2fef896f,0.333333,0,222714,229.0
skills,memory,eog,itsm,2,3,3,task_20251212_191815_314_391f1eff_c23d76df,0.333333,0,113271,87.3
skills,memory,eog,itsm,2,3,3,task_20251218_121722_423_1d219d93_8218da6c,1.0,1,429443,151.8
skills,memory,eog,itsm,2,3,3,task_20251219_111447_756_66392a82_1c69521d,0.666667,0,195689,97.7
skills,memory,eog,itsm,2,3,3,task_20251219_130920_558_99ba2325_7f9481df,1.0,1,124477,92.6
skills,memory,eog,itsm,2,3,3,task_20251221_045452_579_99ba2325_0e601eac,0.4,0,147348,78.2
skills,memory,eog,itsm,2,3,3,task_20251221_233237_652_66392a82_c1a599bb,1.0,1,138987,86.0
skills,memory,eog,itsm,2,3,3,task_20251222_075116_761_30600918_a7f0a69a,0.0,0,90038,70.6
skills,memory,eog,itsm,2,3,3,task_20251222_190928_391_391f1eff_8cb006f5,0.0,0,222949,101.4
skills,memory,eog,itsm,2,3,3,task_20260112_183416_157_a8eea1c0_0d6acfd0,0.6,0,112738,115.7
skills,memory,eog,itsm,2,3,3,task_20260112_194743_238_a8eea1c0_a4b1468a,0.166667,0,204130,86.4
skills,memory,eog,itsm,2,3,3,task_20260113_182216_716_a8eea1c0_7a0619e9,0.666667,0,161727,149.5
skills,memory,eog,itsm,2,3,3,task_20260113_183935_893_e6427839_03a04c19,1.0,1,146736,94.2
skills,memory,eog,itsm,2,3,3,task_20260115_125430_649_fa1836dc_e02d5824,0.666667,0,205502,162.7
skills,memory,eog,itsm,3,1,1,task_20251218_164829_676_97d7df7d_893f6b2c,0.666667,0,601728,136.4
skills,memory,eog,itsm,3,1,1,task_20251218_183102_136_391f1eff_ac9a6986,0.5,0,86498,87.2
skills,memory,eog,itsm,3,1,1,task_20251218_193035_592_391f1eff_5293f595,0.5,0,111493,49.3
skills,memory,eog,itsm,3,1,1,task_20251219_091707_306_ad5a67e3_a76dbe57,0.0,0,57528,61.0
skills,memory,eog,itsm,3,1,1,task_20251221_191123_397_97d7df7d_7196ef19,0.333333,0,310003,99.8
skills,memory,eog,itsm,3,1,1,task_20251222_105710_498_391f1eff_8b25dbef,1.0,1,110638,65.2
skills,memory,eog,itsm,3,1,1,task_20251222_195853_743_0be70e35_0916fba8,0.5,0,220971,81.2
skills,memory,eog,itsm,3,1,1,task_20251223_081019_100_d4a463c3_f8774fe4,0.5,0,183484,69.2
skills,memory,eog,itsm,3,1,1,task_20251223_135402_072_c5ca08eb_67009578,0.0,0,68240,56.9
skills,memory,eog,itsm,3,1,1,task_20251223_224508_138_97d7df7d_b4505336,1.0,1,193539,60.4
skills,memory,eog,itsm,3,1,1,task_20260113_125933_225_accab84d_d7ec710e,0.0,0,442412,145.2
skills,memory,eog,itsm,3,1,1,task_20260114_134336_659_e6427839_91142068,0.6,0,363744,96.1
skills,memory,eog,itsm,3,1,1,task_20260116_101840_488_e6427839_81df8ba3,0.5,0,257353,93.8
skills,memory,eog,itsm,3,1,2,task_20251218_164829_676_97d7df7d_893f6b2c,0.333333,0,497899,108.1
skills,memory,eog,itsm,3,1,2,task_20251218_183102_136_391f1eff_ac9a6986,0.5,0,85783,83.0
skills,memory,eog,itsm,3,1,2,task_20251218_193035_592_391f1eff_5293f595,0.5,0,84132,59.0
skills,memory,eog,itsm,3,1,2,task_20251219_091707_306_ad5a67e3_a76dbe57,0.0,0,55427,66.1
skills,memory,eog,itsm,3,1,2,task_20251221_191123_397_97d7df7d_7196ef19,0.333333,0,459018,118.6
skills,memory,eog,itsm,3,1,2,task_20251222_105710_498_391f1eff_8b25dbef,0.5,0,114419,65.1
skills,memory,eog,itsm,3,1,2,task_20251222_195853_743_0be70e35_0916fba8,0.5,0,217286,89.9
skills,memory,eog,itsm,3,1,2,task_20251223_081019_100_d4a463c3_f8774fe4,0.5,0,169847,74.5
skills,memory,eog,itsm,3,1,2,task_20251223_135402_072_c5ca08eb_67009578,0.0,0,65170,62.0
skills,memory,eog,itsm,3,1,2,task_20251223_224508_138_97d7df7d_b4505336,0.5,0,191822,83.4
skills,memory,eog,itsm,3,1,2,task_20260113_125933_225_accab84d_d7ec710e,0.0,0,251751,159.2
skills,memory,eog,itsm,3,1,2,task_20260114_134336_659_e6427839_91142068,0.6,0,395604,128.6
skills,memory,eog,itsm,3,1,2,task_20260116_101840_488_e6427839_81df8ba3,0.25,0,315465,101.8
skills,memory,eog,itsm,3,1,3,task_20251218_164829_676_97d7df7d_893f6b2c,0.0,0,438620,110.5
skills,memory,eog,itsm,3,1,3,task_20251218_183102_136_391f1eff_ac9a6986,0.5,0,105505,79.3
skills,memory,eog,itsm,3,1,3,task_20251218_193035_592_391f1eff_5293f595,0.0,0,87401,41.2
skills,memory,eog,itsm,3,1,3,task_20251219_091707_306_ad5a67e3_a76dbe57,0.0,0,56267,45.9
skills,memory,eog,itsm,3,1,3,task_20251221_191123_397_97d7df7d_7196ef19,0.333333,0,488587,142.9
skills,memory,eog,itsm,3,1,3,task_20251222_105710_498_391f1eff_8b25dbef,1.0,1,128539,61.5
skills,memory,eog,itsm,3,1,3,task_20251222_195853_743_0be70e35_0916fba8,0.5,0,276592,92.9
skills,memory,eog,itsm,3,1,3,task_20251223_081019_100_d4a463c3_f8774fe4,0.5,0,184330,76.5
skills,memory,eog,itsm,3,1,3,task_20251223_135402_072_c5ca08eb_67009578,0.0,0,71489,59.1
skills,memory,eog,itsm,3,1,3,task_20251223_224508_138_97d7df7d_b4505336,1.0,1,303883,96.2
skills,memory,eog,itsm,3,1,3,task_20260113_125933_225_accab84d_d7ec710e,0.333333,0,449262,159.7
skills,memory,eog,itsm,3,1,3,task_20260114_134336_659_e6427839_91142068,0.6,0,337857,103.5
skills,memory,eog,itsm,3,1,3,task_20260116_101840_488_e6427839_81df8ba3,0.5,0,274823,139.7
skills,memory,eog,itsm,3,2,1,task_20251216_131651_690_764e5ead_f8619b02,1.0,1,224449,67.1
skills,memory,eog,itsm,3,2,1,task_20251217_030654_663_99ba2325_f931fd42,0.0,0,106719,72.9
skills,memory,eog,itsm,3,2,1,task_20251218_082708_201_99ba2325_51726f9c,1.0,1,152728,81.0
skills,memory,eog,itsm,3,2,1,task_20251218_093719_611_764e5ead_5817d09a,1.0,1,467741,106.4
skills,memory,eog,itsm,3,2,1,task_20251218_104259_233_66392a82_74b17170,0.666667,0,145708,56.3
skills,memory,eog,itsm,3,2,1,task_20251218_124419_383_66392a82_52c8290e,1.0,1,128399,89.5
skills,memory,eog,itsm,3,2,1,task_20251218_155314_617_c5ca08eb_3ce3c52f,0.666667,0,101329,55.9
skills,memory,eog,itsm,3,2,1,task_20251218_171924_336_ad5a67e3_af252cf6,0.0,0,101316,69.2
skills,memory,eog,itsm,3,2,1,task_20251218_220134_063_391f1eff_30369342,0.5,0,210960,48.2
skills,memory,eog,itsm,3,2,1,task_20251218_234602_633_391f1eff_09a746e7,0.5,0,216108,82.6
skills,memory,eog,itsm,3,2,1,task_20251219_115925_475_1d219d93_53d34d23,1.0,1,272218,84.2
skills,memory,eog,itsm,3,2,1,task_20251222_140957_029_c5ca08eb_3c4271f0,0.5,0,241038,114.7
skills,memory,eog,itsm,3,2,1,task_20251223_064316_340_01395ded_9c6f3e01,0.75,0,269970,71.5
skills,memory,eog,itsm,3,2,1,task_20251223_153021_454_66392a82_0d6d8897,0.75,0,305295,82.1
skills,memory,eog,itsm,3,2,1,task_20260113_153008_006_46ca2862_c5083638,1.0,1,249918,90.7
skills,memory,eog,itsm,3,2,1,task_20260114_173716_566_46ca2862_301e0b47,0.833333,0,405031,120.2
skills,memory,eog,itsm,3,2,1,task_20260115_152733_296_46ca2862_55f848d3,0.6,0,429989,153.1
skills,memory,eog,itsm,3,2,1,task_20260116_081645_096_66392a82_fd509f97,0.6,0,232317,103.1
skills,memory,eog,itsm,3,2,1,task_20260116_091935_817_d4a463c3_3f20bdca,1.0,1,229204,106.9
skills,memory,eog,itsm,3,2,1,task_20260116_224538_330_66392a82_10d0806e,0.8,0,864447,175.4
skills,memory,eog,itsm,3,2,2,task_20251216_131651_690_764e5ead_f8619b02,1.0,1,324039,88.4
skills,memory,eog,itsm,3,2,2,task_20251217_030654_663_99ba2325_f931fd42,0.0,0,35822,85.9
skills,memory,eog,itsm,3,2,2,task_20251218_082708_201_99ba2325_51726f9c,1.0,1,130196,103.2
skills,memory,eog,itsm,3,2,2,task_20251218_093719_611_764e5ead_5817d09a,1.0,1,511769,151.3
skills,memory,eog,itsm,3,2,2,task_20251218_104259_233_66392a82_74b17170,0.666667,0,138349,73.0
skills,memory,eog,itsm,3,2,2,task_20251218_124419_383_66392a82_52c8290e,0.5,0,90542,107.6
skills,memory,eog,itsm,3,2,2,task_20251218_155314_617_c5ca08eb_3ce3c52f,0.666667,0,75487,43.0
skills,memory,eog,itsm,3,2,2,task_20251218_171924_336_ad5a67e3_af252cf6,0.0,0,185705,81.7
skills,memory,eog,itsm,3,2,2,task_20251218_220134_063_391f1eff_30369342,0.5,0,100820,45.2
skills,memory,eog,itsm,3,2,2,task_20251218_234602_633_391f1eff_09a746e7,0.0,0,92489,91.2
skills,memory,eog,itsm,3,2,2,task_20251219_115925_475_1d219d93_53d34d23,0.8,0,275403,93.6
skills,memory,eog,itsm,3,2,2,task_20251222_140957_029_c5ca08eb_3c4271f0,0.5,0,287082,125.9
skills,memory,eog,itsm,3,2,2,task_20251223_064316_340_01395ded_9c6f3e01,0.75,0,213883,78.5
skills,memory,eog,itsm,3,2,2,task_20251223_153021_454_66392a82_0d6d8897,0.75,0,362244,108.1
skills,memory,eog,itsm,3,2,2,task_20260113_153008_006_46ca2862_c5083638,1.0,1,287068,102.3
skills,memory,eog,itsm,3,2,2,task_20260114_173716_566_46ca2862_301e0b47,0.833333,0,376406,142.9
skills,memory,eog,itsm,3,2,2,task_20260115_152733_296_46ca2862_55f848d3,0.6,0,317111,150.2
skills,memory,eog,itsm,3,2,2,task_20260116_081645_096_66392a82_fd509f97,0.8,0,499988,163.2
skills,memory,eog,itsm,3,2,2,task_20260116_091935_817_d4a463c3_3f20bdca,0.666667,0,102592,70.2
skills,memory,eog,itsm,3,2,2,task_20260116_224538_330_66392a82_10d0806e,0.8,0,815887,155.1
skills,memory,eog,itsm,3,2,3,task_20251216_131651_690_764e5ead_f8619b02,1.0,1,349771,143.2
skills,memory,eog,itsm,3,2,3,task_20251217_030654_663_99ba2325_f931fd42,0.0,0,52791,89.3
skills,memory,eog,itsm,3,2,3,task_20251218_082708_201_99ba2325_51726f9c,1.0,1,133776,99.9
skills,memory,eog,itsm,3,2,3,task_20251218_093719_611_764e5ead_5817d09a,1.0,1,326458,126.6
skills,memory,eog,itsm,3,2,3,task_20251218_104259_233_66392a82_74b17170,0.666667,0,163662,80.4
skills,memory,eog,itsm,3,2,3,task_20251218_124419_383_66392a82_52c8290e,0.5,0,167663,125.2
skills,memory,eog,itsm,3,2,3,task_20251218_155314_617_c5ca08eb_3ce3c52f,1.0,1,117153,51.6
skills,memory,eog,itsm,3,2,3,task_20251218_171924_336_ad5a67e3_af252cf6,0.0,0,133880,88.3
skills,memory,eog,itsm,3,2,3,task_20251218_220134_063_391f1eff_30369342,1.0,1,104141,34.5
skills,memory,eog,itsm,3,2,3,task_20251218_234602_633_391f1eff_09a746e7,0.5,0,216868,86.4
skills,memory,eog,itsm,3,2,3,task_20251219_115925_475_1d219d93_53d34d23,0.8,0,248142,73.0
skills,memory,eog,itsm,3,2,3,task_20251222_140957_029_c5ca08eb_3c4271f0,0.5,0,191431,107.3
skills,memory,eog,itsm,3,2,3,task_20251223_064316_340_01395ded_9c6f3e01,0.75,0,246247,99.3
skills,memory,eog,itsm,3,2,3,task_20251223_153021_454_66392a82_0d6d8897,0.75,0,377303,117.0
skills,memory,eog,itsm,3,2,3,task_20260113_153008_006_46ca2862_c5083638,1.0,1,269421,111.1
skills,memory,eog,itsm,3,2,3,task_20260114_173716_566_46ca2862_301e0b47,0.833333,0,391096,144.2
skills,memory,eog,itsm,3,2,3,task_20260115_152733_296_46ca2862_55f848d3,0.6,0,166880,117.9
skills,memory,eog,itsm,3,2,3,task_20260116_081645_096_66392a82_fd509f97,0.8,0,348107,163.2
skills,memory,eog,itsm,3,2,3,task_20260116_091935_817_d4a463c3_3f20bdca,0.666667,0,75241,77.2
skills,memory,eog,itsm,3,2,3,task_20260116_224538_330_66392a82_10d0806e,0.8,0,836369,144.8
skills,memory,eog,itsm,3,3,1,task_20251212_172511_458_e6427839_47076c15,0.0,0,123841,82.7
skills,memory,eog,itsm,3,3,1,task_20251212_191411_655_391f1eff_2fef896f,0.333333,0,307073,107.1
skills,memory,eog,itsm,3,3,1,task_20251212_191815_314_391f1eff_c23d76df,0.0,0,96908,99.3
skills,memory,eog,itsm,3,3,1,task_20251218_121722_423_1d219d93_8218da6c,0.857143,0,275738,100.0
skills,memory,eog,itsm,3,3,1,task_20251219_111447_756_66392a82_1c69521d,1.0,1,198458,91.4
skills,memory,eog,itsm,3,3,1,task_20251219_130920_558_99ba2325_7f9481df,0.666667,0,87865,74.3
skills,memory,eog,itsm,3,3,1,task_20251221_045452_579_99ba2325_0e601eac,0.6,0,164241,58.7
skills,memory,eog,itsm,3,3,1,task_20251221_233237_652_66392a82_c1a599bb,0.666667,0,143340,118.6
skills,memory,eog,itsm,3,3,1,task_20251222_075116_761_30600918_a7f0a69a,0.0,0,150253,62.6
skills,memory,eog,itsm,3,3,1,task_20251222_190928_391_391f1eff_8cb006f5,0.0,0,229194,72.9
skills,memory,eog,itsm,3,3,1,task_20260112_183416_157_a8eea1c0_0d6acfd0,0.6,0,111268,83.9
skills,memory,eog,itsm,3,3,1,task_20260112_194743_238_a8eea1c0_a4b1468a,0.833333,0,206991,72.0
skills,memory,eog,itsm,3,3,1,task_20260113_182216_716_a8eea1c0_7a0619e9,1.0,1,149699,126.1
skills,memory,eog,itsm,3,3,1,task_20260113_183935_893_e6427839_03a04c19,1.0,1,122334,58.8
skills,memory,eog,itsm,3,3,1,task_20260115_125430_649_fa1836dc_e02d5824,1.0,1,195477,101.9
skills,memory,eog,itsm,3,3,2,task_20251212_172511_458_e6427839_47076c15,0.0,0,50059,73.1
skills,memory,eog,itsm,3,3,2,task_20251212_191411_655_391f1eff_2fef896f,0.333333,0,223847,90.8
skills,memory,eog,itsm,3,3,2,task_20251212_191815_314_391f1eff_c23d76df,0.333333,0,132869,92.1
skills,memory,eog,itsm,3,3,2,task_20251218_121722_423_1d219d93_8218da6c,0.857143,0,247071,75.7
skills,memory,eog,itsm,3,3,2,task_20251219_111447_756_66392a82_1c69521d,1.0,1,182342,86.9
skills,memory,eog,itsm,3,3,2,task_20251219_130920_558_99ba2325_7f9481df,1.0,1,127553,88.4
skills,memory,eog,itsm,3,3,2,task_20251221_045452_579_99ba2325_0e601eac,0.4,0,162988,71.3
skills,memory,eog,itsm,3,3,2,task_20251221_233237_652_66392a82_c1a599bb,1.0,1,138875,121.6
skills,memory,eog,itsm,3,3,2,task_20251222_075116_761_30600918_a7f0a69a,0.0,0,143960,57.2
skills,memory,eog,itsm,3,3,2,task_20251222_190928_391_391f1eff_8cb006f5,0.0,0,302282,101.7
skills,memory,eog,itsm,3,3,2,task_20260112_183416_157_a8eea1c0_0d6acfd0,0.4,0,182216,107.5
skills,memory,eog,itsm,3,3,2,task_20260112_194743_238_a8eea1c0_a4b1468a,0.166667,0,204804,90.0
skills,memory,eog,itsm,3,3,2,task_20260113_182216_716_a8eea1c0_7a0619e9,0.666667,0,246934,118.4
skills,memory,eog,itsm,3,3,2,task_20260113_183935_893_e6427839_03a04c19,0.5,0,100661,62.3
skills,memory,eog,itsm,3,3,2,task_20260115_125430_649_fa1836dc_e02d5824,0.666667,0,163340,90.2
skills,memory,eog,itsm,3,3,3,task_20251212_172511_458_e6427839_47076c15,0.0,0,71924,71.4
skills,memory,eog,itsm,3,3,3,task_20251212_191411_655_391f1eff_2fef896f,0.333333,0,155554,79.3
skills,memory,eog,itsm,3,3,3,task_20251212_191815_314_391f1eff_c23d76df,0.666667,0,352982,144.3
skills,memory,eog,itsm,3,3,3,task_20251218_121722_423_1d219d93_8218da6c,0.857143,0,272424,78.9
skills,memory,eog,itsm,3,3,3,task_20251219_111447_756_66392a82_1c69521d,1.0,1,209754,118.4
skills,memory,eog,itsm,3,3,3,task_20251219_130920_558_99ba2325_7f9481df,0.666667,0,88357,70.2
skills,memory,eog,itsm,3,3,3,task_20251221_045452_579_99ba2325_0e601eac,0.4,0,160807,62.4
skills,memory,eog,itsm,3,3,3,task_20251221_233237_652_66392a82_c1a599bb,1.0,1,144295,103.3
skills,memory,eog,itsm,3,3,3,task_20251222_075116_761_30600918_a7f0a69a,0.0,0,149893,67.2
skills,memory,eog,itsm,3,3,3,task_20251222_190928_391_391f1eff_8cb006f5,0.0,0,237831,72.3
skills,memory,eog,itsm,3,3,3,task_20260112_183416_157_a8eea1c0_0d6acfd0,0.6,0,128290,88.4
skills,memory,eog,itsm,3,3,3,task_20260112_194743_238_a8eea1c0_a4b1468a,0.166667,0,320347,80.2
skills,memory,eog,itsm,3,3,3,task_20260113_182216_716_a8eea1c0_7a0619e9,1.0,1,186572,91.3
skills,memory,eog,itsm,3,3,3,task_20260113_183935_893_e6427839_03a04c19,1.0,1,127598,77.3
skills,memory,eog,itsm,3,3,3,task_20260115_125430_649_fa1836dc_e02d5824,1.0,1,242606,98.7
skills,memory,eog,itsm,3,4,1,task_20251217_183416_700_764e5ead_4c46beb0,0.0,0,155941,232.6
skills,memory,eog,itsm,3,4,1,task_20251217_205244_161_764e5ead_20429ef8,0.875,0,463202,166.0
skills,memory,eog,itsm,3,4,1,task_20251218_061956_641_109c89c0_423ed8ee,0.166667,0,365274,250.9
skills,memory,eog,itsm,3,4,1,task_20251218_114039_038_66392a82_c66d4f22,0.666667,0,135801,110.0
skills,memory,eog,itsm,3,4,1,task_20251218_143555_095_97d7df7d_ece487bd,0.5,0,289946,201.2
skills,memory,eog,itsm,3,4,1,task_20251219_174851_846_764e5ead_250f05e1,0.428571,0,408908,160.7
skills,memory,eog,itsm,3,4,1,task_20251221_222834_884_97d7df7d_c088062a,0.666667,0,160146,158.2
skills,memory,eog,itsm,3,4,1,task_20251222_084449_326_66392a82_cadddb04,0.5,0,145986,157.3
skills,memory,eog,itsm,3,4,1,task_20260112_181636_272_c4ad7a70_c9cdfa29,1.0,1,124423,92.2
skills,memory,eog,itsm,3,4,1,task_20260113_151550_104_a8eea1c0_7e9733a5,0.333333,0,157225,132.0
skills,memory,eog,itsm,3,4,1,task_20260116_235649_372_66392a82_ccb66a9a,0.5,0,249645,246.7
skills,memory,eog,itsm,3,4,2,task_20251217_183416_700_764e5ead_4c46beb0,0.0,0,138503,153.1
skills,memory,eog,itsm,3,4,2,task_20251217_205244_161_764e5ead_20429ef8,0.875,0,293476,100.4
skills,memory,eog,itsm,3,4,2,task_20251218_061956_641_109c89c0_423ed8ee,0.166667,0,364682,134.6
skills,memory,eog,itsm,3,4,2,task_20251218_114039_038_66392a82_c66d4f22,0.666667,0,101442,100.9
skills,memory,eog,itsm,3,4,2,task_20251218_143555_095_97d7df7d_ece487bd,0.5,0,181962,154.9
skills,memory,eog,itsm,3,4,2,task_20251219_174851_846_764e5ead_250f05e1,0.285714,0,460817,231.9
skills,memory,eog,itsm,3,4,2,task_20251221_222834_884_97d7df7d_c088062a,0.666667,0,206621,198.4
skills,memory,eog,itsm,3,4,2,task_20251222_084449_326_66392a82_cadddb04,0.0,0,269429,134.0
skills,memory,eog,itsm,3,4,2,task_20260112_181636_272_c4ad7a70_c9cdfa29,0.5,0,130402,69.8
skills,memory,eog,itsm,3,4,2,task_20260113_151550_104_a8eea1c0_7e9733a5,0.333333,0,410088,147.9
skills,memory,eog,itsm,3,4,2,task_20260116_235649_372_66392a82_ccb66a9a,0.5,0,176998,160.8
skills,memory,eog,itsm,3,4,3,task_20251217_183416_700_764e5ead_4c46beb0,0.0,0,233925,101.2
skills,memory,eog,itsm,3,4,3,task_20251217_205244_161_764e5ead_20429ef8,0.875,0,325964,95.1
skills,memory,eog,itsm,3,4,3,task_20251218_061956_641_109c89c0_423ed8ee,0.166667,0,371795,156.0
skills,memory,eog,itsm,3,4,3,task_20251218_114039_038_66392a82_c66d4f22,0.666667,0,101838,77.0
skills,memory,eog,itsm,3,4,3,task_20251218_143555_095_97d7df7d_ece487bd,1.0,1,151466,100.6
skills,memory,eog,itsm,3,4,3,task_20251219_174851_846_764e5ead_250f05e1,0.285714,0,371291,135.5
skills,memory,eog,itsm,3,4,3,task_20251221_222834_884_97d7df7d_c088062a,0.666667,0,201703,108.3
skills,memory,eog,itsm,3,4,3,task_20251222_084449_326_66392a82_cadddb04,0.0,0,139705,79.0
skills,memory,eog,itsm,3,4,3,task_20260112_181636_272_c4ad7a70_c9cdfa29,0.5,0,135572,151.2
skills,memory,eog,itsm,3,4,3,task_20260113_151550_104_a8eea1c0_7e9733a5,0.333333,0,201651,81.9
skills,memory,eog,itsm,3,4,3,task_20260116_235649_372_66392a82_ccb66a9a,0.5,0,224891,151.9
skills,memory,eog,itsm,4,1,1,task_20251218_164829_676_97d7df7d_893f6b2c,0.333333,0,261219,76.6
skills,memory,eog,itsm,4,1,1,task_20251218_183102_136_391f1eff_ac9a6986,0.5,0,87236,79.3
skills,memory,eog,itsm,4,1,1,task_20251218_193035_592_391f1eff_5293f595,0.5,0,89161,46.4
skills,memory,eog,itsm,4,1,1,task_20251219_091707_306_ad5a67e3_a76dbe57,0.0,0,59565,40.6
skills,memory,eog,itsm,4,1,1,task_20251221_191123_397_97d7df7d_7196ef19,0.333333,0,330837,120.5
skills,memory,eog,itsm,4,1,1,task_20251222_105710_498_391f1eff_8b25dbef,0.5,0,129569,64.0
skills,memory,eog,itsm,4,1,1,task_20251222_195853_743_0be70e35_0916fba8,0.5,0,190781,81.1
skills,memory,eog,itsm,4,1,1,task_20251223_081019_100_d4a463c3_f8774fe4,0.5,0,109735,64.7
skills,memory,eog,itsm,4,1,1,task_20251223_135402_072_c5ca08eb_67009578,0.0,0,87450,51.9
skills,memory,eog,itsm,4,1,1,task_20251223_224508_138_97d7df7d_b4505336,1.0,1,203595,58.8
skills,memory,eog,itsm,4,1,1,task_20260113_125933_225_accab84d_d7ec710e,0.666667,0,388211,119.1
skills,memory,eog,itsm,4,1,1,task_20260114_134336_659_e6427839_91142068,0.6,0,335600,137.4
skills,memory,eog,itsm,4,1,1,task_20260116_101840_488_e6427839_81df8ba3,0.5,0,347129,125.4
skills,memory,eog,itsm,4,1,2,task_20251218_164829_676_97d7df7d_893f6b2c,0.333333,0,479555,103.0
skills,memory,eog,itsm,4,1,2,task_20251218_183102_136_391f1eff_ac9a6986,0.5,0,106359,76.3
skills,memory,eog,itsm,4,1,2,task_20251218_193035_592_391f1eff_5293f595,0.5,0,107937,45.4
skills,memory,eog,itsm,4,1,2,task_20251219_091707_306_ad5a67e3_a76dbe57,0.0,0,189039,85.3
skills,memory,eog,itsm,4,1,2,task_20251221_191123_397_97d7df7d_7196ef19,1.0,1,462527,133.8
skills,memory,eog,itsm,4,1,2,task_20251222_105710_498_391f1eff_8b25dbef,0.5,0,130388,78.4
skills,memory,eog,itsm,4,1,2,task_20251222_195853_743_0be70e35_0916fba8,0.5,0,189600,95.1
skills,memory,eog,itsm,4,1,2,task_20251223_081019_100_d4a463c3_f8774fe4,0.5,0,108010,62.6
skills,memory,eog,itsm,4,1,2,task_20251223_135402_072_c5ca08eb_67009578,0.0,0,68553,55.4
skills,memory,eog,itsm,4,1,2,task_20251223_224508_138_97d7df7d_b4505336,0.5,0,156252,60.9
skills,memory,eog,itsm,4,1,2,task_20260113_125933_225_accab84d_d7ec710e,0.333333,0,431679,142.6
skills,memory,eog,itsm,4,1,2,task_20260114_134336_659_e6427839_91142068,0.6,0,391409,119.7
skills,memory,eog,itsm,4,1,2,task_20260116_101840_488_e6427839_81df8ba3,0.5,0,145405,86.4
skills,memory,eog,itsm,4,1,3,task_20251218_164829_676_97d7df7d_893f6b2c,0.0,0,307767,90.5
skills,memory,eog,itsm,4,1,3,task_20251218_183102_136_391f1eff_ac9a6986,0.5,0,90139,79.7
skills,memory,eog,itsm,4,1,3,task_20251218_193035_592_391f1eff_5293f595,0.5,0,110390,51.3
skills,memory,eog,itsm,4,1,3,task_20251219_091707_306_ad5a67e3_a76dbe57,0.0,0,102375,64.4
skills,memory,eog,itsm,4,1,3,task_20251221_191123_397_97d7df7d_7196ef19,0.333333,0,340072,102.3
skills,memory,eog,itsm,4,1,3,task_20251222_105710_498_391f1eff_8b25dbef,1.0,1,190357,59.5
skills,memory,eog,itsm,4,1,3,task_20251222_195853_743_0be70e35_0916fba8,0.5,0,207971,86.0
skills,memory,eog,itsm,4,1,3,task_20251223_081019_100_d4a463c3_f8774fe4,0.5,0,90680,64.3
skills,memory,eog,itsm,4,1,3,task_20251223_135402_072_c5ca08eb_67009578,0.0,0,93095,72.8
skills,memory,eog,itsm,4,1,3,task_20251223_224508_138_97d7df7d_b4505336,1.0,1,198000,63.2
skills,memory,eog,itsm,4,1,3,task_20260113_125933_225_accab84d_d7ec710e,0.333333,0,610872,157.9
skills,memory,eog,itsm,4,1,3,task_20260114_134336_659_e6427839_91142068,0.6,0,421644,124.8
skills,memory,eog,itsm,4,1,3,task_20260116_101840_488_e6427839_81df8ba3,0.75,0,431741,124.9
skills,memory,eog,itsm,4,2,1,task_20251216_131651_690_764e5ead_f8619b02,0.666667,0,430393,124.6
skills,memory,eog,itsm,4,2,1,task_20251217_030654_663_99ba2325_f931fd42,0.0,0,35480,75.5
skills,memory,eog,itsm,4,2,1,task_20251218_082708_201_99ba2325_51726f9c,1.0,1,132480,106.4
skills,memory,eog,itsm,4,2,1,task_20251218_093719_611_764e5ead_5817d09a,0.857143,0,321476,151.0
skills,memory,eog,itsm,4,2,1,task_20251218_104259_233_66392a82_74b17170,0.666667,0,203537,104.1
skills,memory,eog,itsm,4,2,1,task_20251218_124419_383_66392a82_52c8290e,1.0,1,93189,116.7
skills,memory,eog,itsm,4,2,1,task_20251218_155314_617_c5ca08eb_3ce3c52f,0.333333,0,82096,56.6
skills,memory,eog,itsm,4,2,1,task_20251218_171924_336_ad5a67e3_af252cf6,0.0,0,120933,69.6
skills,memory,eog,itsm,4,2,1,task_20251218_220134_063_391f1eff_30369342,0.5,0,97092,58.3
skills,memory,eog,itsm,4,2,1,task_20251218_234602_633_391f1eff_09a746e7,0.5,0,145677,73.7
skills,memory,eog,itsm,4,2,1,task_20251219_115925_475_1d219d93_53d34d23,1.0,1,432182,102.4
skills,memory,eog,itsm,4,2,1,task_20251222_140957_029_c5ca08eb_3c4271f0,0.5,0,253679,154.2
skills,memory,eog,itsm,4,2,1,task_20251223_064316_340_01395ded_9c6f3e01,0.75,0,251538,111.7
skills,memory,eog,itsm,4,2,1,task_20251223_153021_454_66392a82_0d6d8897,0.75,0,544468,153.9
skills,memory,eog,itsm,4,2,1,task_20260113_153008_006_46ca2862_c5083638,0.5,0,226916,116.8
skills,memory,eog,itsm,4,2,1,task_20260114_173716_566_46ca2862_301e0b47,0.833333,0,328102,155.6
skills,memory,eog,itsm,4,2,1,task_20260115_152733_296_46ca2862_55f848d3,0.6,0,278781,152.6
skills,memory,eog,itsm,4,2,1,task_20260116_081645_096_66392a82_fd509f97,0.6,0,375151,148.8
skills,memory,eog,itsm,4,2,1,task_20260116_091935_817_d4a463c3_3f20bdca,0.666667,0,111098,89.3
skills,memory,eog,itsm,4,2,1,task_20260116_224538_330_66392a82_10d0806e,0.8,0,736617,162.1
skills,memory,eog,itsm,4,2,2,task_20251216_131651_690_764e5ead_f8619b02,0.666667,0,251585,122.8
skills,memory,eog,itsm,4,2,2,task_20251217_030654_663_99ba2325_f931fd42,0.0,0,36106,78.3
skills,memory,eog,itsm,4,2,2,task_20251218_082708_201_99ba2325_51726f9c,1.0,1,177044,98.9
skills,memory,eog,itsm,4,2,2,task_20251218_093719_611_764e5ead_5817d09a,1.0,1,465819,160.1
skills,memory,eog,itsm,4,2,2,task_20251218_104259_233_66392a82_74b17170,0.666667,0,186914,66.8
skills,memory,eog,itsm,4,2,2,task_20251218_124419_383_66392a82_52c8290e,1.0,1,110930,120.4
skills,memory,eog,itsm,4,2,2,task_20251218_155314_617_c5ca08eb_3ce3c52f,0.333333,0,99445,53.2
skills,memory,eog,itsm,4,2,2,task_20251218_171924_336_ad5a67e3_af252cf6,0.0,0,127843,104.3
skills,memory,eog,itsm,4,2,2,task_20251218_220134_063_391f1eff_30369342,0.5,0,104680,52.0
skills,memory,eog,itsm,4,2,2,task_20251218_234602_633_391f1eff_09a746e7,0.5,0,108229,76.6
skills,memory,eog,itsm,4,2,2,task_20251219_115925_475_1d219d93_53d34d23,1.0,1,261552,100.6
skills,memory,eog,itsm,4,2,2,task_20251222_140957_029_c5ca08eb_3c4271f0,0.5,0,176516,118.3
skills,memory,eog,itsm,4,2,2,task_20251223_064316_340_01395ded_9c6f3e01,0.75,0,359524,113.4
skills,memory,eog,itsm,4,2,2,task_20251223_153021_454_66392a82_0d6d8897,0.75,0,260611,105.8
skills,memory,eog,itsm,4,2,2,task_20260113_153008_006_46ca2862_c5083638,0.5,0,212214,110.4
skills,memory,eog,itsm,4,2,2,task_20260114_173716_566_46ca2862_301e0b47,0.833333,0,507195,175.1
skills,memory,eog,itsm,4,2,2,task_20260115_152733_296_46ca2862_55f848d3,0.6,0,307846,151.1
skills,memory,eog,itsm,4,2,2,task_20260116_081645_096_66392a82_fd509f97,0.8,0,255254,129.1
skills,memory,eog,itsm,4,2,2,task_20260116_091935_817_d4a463c3_3f20bdca,0.666667,0,154767,122.4
skills,memory,eog,itsm,4,2,2,task_20260116_224538_330_66392a82_10d0806e,0.8,0,1118424,210.4
skills,memory,eog,itsm,4,2,3,task_20251216_131651_690_764e5ead_f8619b02,0.666667,0,228382,115.6
skills,memory,eog,itsm,4,2,3,task_20251217_030654_663_99ba2325_f931fd42,0.0,0,56700,96.6
skills,memory,eog,itsm,4,2,3,task_20251218_082708_201_99ba2325_51726f9c,1.0,1,273524,129.9
skills,memory,eog,itsm,4,2,3,task_20251218_093719_611_764e5ead_5817d09a,1.0,1,490707,150.7
skills,memory,eog,itsm,4,2,3,task_20251218_104259_233_66392a82_74b17170,0.666667,0,129262,162.8
skills,memory,eog,itsm,4,2,3,task_20251218_124419_383_66392a82_52c8290e,0.5,0,108309,108.2
skills,memory,eog,itsm,4,2,3,task_20251218_155314_617_c5ca08eb_3ce3c52f,0.666667,0,99366,57.9
skills,memory,eog,itsm,4,2,3,task_20251218_171924_336_ad5a67e3_af252cf6,0.0,0,140290,81.6
skills,memory,eog,itsm,4,2,3,task_20251218_220134_063_391f1eff_30369342,0.5,0,125861,49.6
skills,memory,eog,itsm,4,2,3,task_20251218_234602_633_391f1eff_09a746e7,0.0,0,132331,86.3
skills,memory,eog,itsm,4,2,3,task_20251219_115925_475_1d219d93_53d34d23,1.0,1,250048,103.4
skills,memory,eog,itsm,4,2,3,task_20251222_140957_029_c5ca08eb_3c4271f0,0.5,0,159042,130.6
skills,memory,eog,itsm,4,2,3,task_20251223_064316_340_01395ded_9c6f3e01,0.75,0,360897,118.3
skills,memory,eog,itsm,4,2,3,task_20251223_153021_454_66392a82_0d6d8897,0.75,0,368639,109.2
skills,memory,eog,itsm,4,2,3,task_20260113_153008_006_46ca2862_c5083638,0.5,0,244361,119.2
skills,memory,eog,itsm,4,2,3,task_20260114_173716_566_46ca2862_301e0b47,1.0,1,885408,189.5
skills,memory,eog,itsm,4,2,3,task_20260115_152733_296_46ca2862_55f848d3,0.6,0,321434,144.3
skills,memory,eog,itsm,4,2,3,task_20260116_081645_096_66392a82_fd509f97,0.6,0,305410,145.7
skills,memory,eog,itsm,4,2,3,task_20260116_091935_817_d4a463c3_3f20bdca,1.0,1,94913,85.6
skills,memory,eog,itsm,4,2,3,task_20260116_224538_330_66392a82_10d0806e,0.8,0,978753,190.2
skills,memory,eog,itsm,4,3,1,task_20251212_172511_458_e6427839_47076c15,0.0,0,70603,73.4
skills,memory,eog,itsm,4,3,1,task_20251212_191411_655_391f1eff_2fef896f,0.333333,0,165408,111.0
skills,memory,eog,itsm,4,3,1,task_20251212_191815_314_391f1eff_c23d76df,0.666667,0,316087,133.1
skills,memory,eog,itsm,4,3,1,task_20251218_121722_423_1d219d93_8218da6c,0.857143,0,285743,106.2
skills,memory,eog,itsm,4,3,1,task_20251219_111447_756_66392a82_1c69521d,0.666667,0,234464,118.7
skills,memory,eog,itsm,4,3,1,task_20251219_130920_558_99ba2325_7f9481df,1.0,1,134978,85.0
skills,memory,eog,itsm,4,3,1,task_20251221_045452_579_99ba2325_0e601eac,0.4,0,157965,70.2
skills,memory,eog,itsm,4,3,1,task_20251221_233237_652_66392a82_c1a599bb,0.333333,0,71727,124.2
skills,memory,eog,itsm,4,3,1,task_20251222_075116_761_30600918_a7f0a69a,0.0,0,136965,57.3
skills,memory,eog,itsm,4,3,1,task_20251222_190928_391_391f1eff_8cb006f5,0.0,0,244433,126.8
skills,memory,eog,itsm,4,3,1,task_20260112_183416_157_a8eea1c0_0d6acfd0,0.6,0,119131,123.2
skills,memory,eog,itsm,4,3,1,task_20260112_194743_238_a8eea1c0_a4b1468a,0.166667,0,267149,84.0
skills,memory,eog,itsm,4,3,1,task_20260113_182216_716_a8eea1c0_7a0619e9,0.666667,0,148244,98.8
skills,memory,eog,itsm,4,3,1,task_20260113_183935_893_e6427839_03a04c19,1.0,1,129775,87.2
skills,memory,eog,itsm,4,3,1,task_20260115_125430_649_fa1836dc_e02d5824,0.833333,0,429694,147.8
skills,memory,eog,itsm,4,3,2,task_20251212_172511_458_e6427839_47076c15,0.0,0,71831,74.3
skills,memory,eog,itsm,4,3,2,task_20251212_191411_655_391f1eff_2fef896f,0.333333,0,261795,95.5
skills,memory,eog,itsm,4,3,2,task_20251212_191815_314_391f1eff_c23d76df,0.666667,0,323095,141.1
skills,memory,eog,itsm,4,3,2,task_20251218_121722_423_1d219d93_8218da6c,0.857143,0,367158,123.4
skills,memory,eog,itsm,4,3,2,task_20251219_111447_756_66392a82_1c69521d,0.666667,0,217001,97.5
skills,memory,eog,itsm,4,3,2,task_20251219_130920_558_99ba2325_7f9481df,0.666667,0,94156,86.3
skills,memory,eog,itsm,4,3,2,task_20251221_045452_579_99ba2325_0e601eac,0.4,0,174752,61.2
skills,memory,eog,itsm,4,3,2,task_20251221_233237_652_66392a82_c1a599bb,1.0,1,228882,130.1
skills,memory,eog,itsm,4,3,2,task_20251222_075116_761_30600918_a7f0a69a,0.0,0,219356,78.2
skills,memory,eog,itsm,4,3,2,task_20251222_190928_391_391f1eff_8cb006f5,0.0,0,295271,105.5
skills,memory,eog,itsm,4,3,2,task_20260112_183416_157_a8eea1c0_0d6acfd0,0.6,0,115274,103.4
skills,memory,eog,itsm,4,3,2,task_20260112_194743_238_a8eea1c0_a4b1468a,0.166667,0,210994,86.7
skills,memory,eog,itsm,4,3,2,task_20260113_182216_716_a8eea1c0_7a0619e9,1.0,1,208651,135.7
skills,memory,eog,itsm,4,3,2,task_20260113_183935_893_e6427839_03a04c19,1.0,1,216739,84.8
skills,memory,eog,itsm,4,3,2,task_20260115_125430_649_fa1836dc_e02d5824,1.0,1,302941,113.5
skills,memory,eog,itsm,4,3,3,task_20251212_172511_458_e6427839_47076c15,0.0,0,53204,66.5
skills,memory,eog,itsm,4,3,3,task_20251212_191411_655_391f1eff_2fef896f,0.333333,0,221196,93.9
skills,memory,eog,itsm,4,3,3,task_20251212_191815_314_391f1eff_c23d76df,0.666667,0,351031,144.0
skills,memory,eog,itsm,4,3,3,task_20251218_121722_423_1d219d93_8218da6c,1.0,1,326569,79.0
skills,memory,eog,itsm,4,3,3,task_20251219_111447_756_66392a82_1c69521d,1.0,1,231018,114.9
skills,memory,eog,itsm,4,3,3,task_20251219_130920_558_99ba2325_7f9481df,1.0,1,131795,107.6
skills,memory,eog,itsm,4,3,3,task_20251221_045452_579_99ba2325_0e601eac,0.4,0,170723,66.7
skills,memory,eog,itsm,4,3,3,task_20251221_233237_652_66392a82_c1a599bb,0.666667,0,283970,111.9
skills,memory,eog,itsm,4,3,3,task_20251222_075116_761_30600918_a7f0a69a,0.0,0,94819,48.2
skills,memory,eog,itsm,4,3,3,task_20251222_190928_391_391f1eff_8cb006f5,0.0,0,216631,81.3
skills,memory,eog,itsm,4,3,3,task_20260112_183416_157_a8eea1c0_0d6acfd0,0.6,0,192434,121.0
skills,memory,eog,itsm,4,3,3,task_20260112_194743_238_a8eea1c0_a4b1468a,0.166667,0,288690,131.0
skills,memory,eog,itsm,4,3,3,task_20260113_182216_716_a8eea1c0_7a0619e9,0.666667,0,159111,120.3
skills,memory,eog,itsm,4,3,3,task_20260113_183935_893_e6427839_03a04c19,1.0,1,129887,70.1
skills,memory,eog,itsm,4,3,3,task_20260115_125430_649_fa1836dc_e02d5824,1.0,1,177150,105.9
skills,memory,eog,itsm,4,4,1,task_20251217_183416_700_764e5ead_4c46beb0,0.0,0,155400,104.9
skills,memory,eog,itsm,4,4,1,task_20251217_205244_161_764e5ead_20429ef8,0.875,0,620413,117.2
skills,memory,eog,itsm,4,4,1,task_20251218_061956_641_109c89c0_423ed8ee,0.166667,0,354687,104.8
skills,memory,eog,itsm,4,4,1,task_20251218_114039_038_66392a82_c66d4f22,0.666667,0,237768,76.7
skills,memory,eog,itsm,4,4,1,task_20251218_143555_095_97d7df7d_ece487bd,0.5,0,151614,76.2
skills,memory,eog,itsm,4,4,1,task_20251219_174851_846_764e5ead_250f05e1,0.285714,0,506222,182.3
skills,memory,eog,itsm,4,4,1,task_20251221_222834_884_97d7df7d_c088062a,0.666667,0,165923,82.4
skills,memory,eog,itsm,4,4,1,task_20251222_084449_326_66392a82_cadddb04,0.0,0,173936,105.6
skills,memory,eog,itsm,4,4,1,task_20260112_181636_272_c4ad7a70_c9cdfa29,0.75,0,152515,51.5
skills,memory,eog,itsm,4,4,1,task_20260113_151550_104_a8eea1c0_7e9733a5,0.333333,0,188943,83.3
skills,memory,eog,itsm,4,4,1,task_20260116_235649_372_66392a82_ccb66a9a,0.5,0,218710,97.3
skills,memory,eog,itsm,4,4,2,task_20251217_183416_700_764e5ead_4c46beb0,0.0,0,209201,116.6
skills,memory,eog,itsm,4,4,2,task_20251217_205244_161_764e5ead_20429ef8,0.75,0,551453,106.9
skills,memory,eog,itsm,4,4,2,task_20251218_061956_641_109c89c0_423ed8ee,0.166667,0,406319,135.8
skills,memory,eog,itsm,4,4,2,task_20251218_114039_038_66392a82_c66d4f22,0.666667,0,354761,92.4
skills,memory,eog,itsm,4,4,2,task_20251218_143555_095_97d7df7d_ece487bd,0.5,0,181951,80.3
skills,memory,eog,itsm,4,4,2,task_20251219_174851_846_764e5ead_250f05e1,0.285714,0,526023,240.5
skills,memory,eog,itsm,4,4,2,task_20251221_222834_884_97d7df7d_c088062a,0.666667,0,143690,203.5
skills,memory,eog,itsm,4,4,2,task_20251222_084449_326_66392a82_cadddb04,0.0,0,251803,115.7
skills,memory,eog,itsm,4,4,2,task_20260112_181636_272_c4ad7a70_c9cdfa29,1.0,1,132436,69.0
skills,memory,eog,itsm,4,4,2,task_20260113_151550_104_a8eea1c0_7e9733a5,0.333333,0,437250,215.0
skills,memory,eog,itsm,4,4,2,task_20260116_235649_372_66392a82_ccb66a9a,0.5,0,255380,108.3
skills,memory,eog,itsm,4,4,3,task_20251217_183416_700_764e5ead_4c46beb0,0.0,0,203423,103.3
skills,memory,eog,itsm,4,4,3,task_20251217_205244_161_764e5ead_20429ef8,0.875,0,353862,73.9
skills,memory,eog,itsm,4,4,3,task_20251218_061956_641_109c89c0_423ed8ee,0.166667,0,372171,134.9
skills,memory,eog,itsm,4,4,3,task_20251218_114039_038_66392a82_c66d4f22,0.666667,0,164370,63.7
skills,memory,eog,itsm,4,4,3,task_20251218_143555_095_97d7df7d_ece487bd,0.5,0,156660,89.1
skills,memory,eog,itsm,4,4,3,task_20251219_174851_846_764e5ead_250f05e1,0.285714,0,398403,106.7
skills,memory,eog,itsm,4,4,3,task_20251221_222834_884_97d7df7d_c088062a,0.666667,0,300176,122.2
skills,memory,eog,itsm,4,4,3,task_20251222_084449_326_66392a82_cadddb04,0.5,0,150332,84.2
skills,memory,eog,itsm,4,4,3,task_20260112_181636_272_c4ad7a70_c9cdfa29,0.25,0,135556,62.0
skills,memory,eog,itsm,4,4,3,task_20260113_151550_104_a8eea1c0_7e9733a5,0.333333,0,184228,75.4
skills,memory,eog,itsm,4,4,3,task_20260116_235649_372_66392a82_ccb66a9a,0.5,0,169816,112.8
