track,arm,benchmark,stream,adapt_stage,eval_cohort,run,task_id,score,success,recorded_tokens,recorded_seconds
tools,raw-memory,ale,ale,1,1,1,business_finance/american_option_pricing_ls,0.0,0,755513,577.3
tools,raw-memory,ale,ale,1,1,1,business_finance/basel_operational_risk_bia_cn,0.0,0,2016732,241.2
tools,raw-memory,ale,ale,1,1,1,business_finance/bpmn_supply_disruption_l3,0.0,0,4610140,509.8
tools,raw-memory,ale,ale,1,1,1,business_finance/digital_marketing_audience_segmentation_1,0.8792,0,2769972,240.9
tools,raw-memory,ale,ale,1,1,1,business_finance/pe_screening_memo_1,0.6625,0,2354840,242.3
tools,raw-memory,ale,ale,1,1,1,business_finance/sse_northbound_programmatic_trading_01,0.0,0,3125141,297.5
tools,raw-memory,ale,ale,1,1,1,computing_math/branch_bound_atsp,0.0,0,6467717,446.7
tools,raw-memory,ale,ale,1,1,1,computing_math/cfr_game_theory_equilibrium,0.0,0,1298903,341.8
tools,raw-memory,ale,ale,1,1,1,computing_math/cost_optimization_1,0.643734,0,2255188,440.9
tools,raw-memory,ale,ale,1,1,1,computing_math/ising_post_measurement_1,0.0,0,3026696,253.7
tools,raw-memory,ale,ale,1,1,1,computing_math/k8s_payment_api_root_cause_analysis,0.638889,0,1534184,192.7
tools,raw-memory,ale,ale,1,1,1,computing_math/recsys_cold_start_instance_1,0.0,0,2480471,510.1
tools,raw-memory,ale,ale,1,1,1,computing_math/synthetic_causal_structure_inference,0.257065,0,2744068,212.8
tools,raw-memory,ale,ale,1,1,1,education_info/homework_grading_numerical_pdes_instance_02,0.736485,0,4496635,381.6
tools,raw-memory,ale,ale,1,1,1,education_info/marc_remediation_folio_overlay,0.1,0,4143571,392.6
tools,raw-memory,ale,ale,1,1,1,education_info/moodle_gradebook_closeout_reconciliation,0.0,0,7916370,327.5
tools,raw-memory,ale,ale,1,1,1,engineering/aerospace_low_thrust_trajectory,0.0,0,2077100,187.9
tools,raw-memory,ale,ale,1,1,1,health_medicine/crf_sdtm_mapping_4,0.0,0,2235831,244.6
tools,raw-memory,ale,ale,1,1,1,health_medicine/epidemiology_forecast,0.0,0,3686320,485.8
tools,raw-memory,ale,ale,1,1,1,health_medicine/flusight_offline_hosp_forecast_2024_12_14,0.129029,0,891100,123.0
tools,raw-memory,ale,ale,1,1,1,health_medicine/healthcare_bias_audit_27a_public_replication_v1,0.0,0,12204323,1263.2
tools,raw-memory,ale,ale,1,1,1,health_medicine/nhanes_confounder_sensitivity_analysis,0.571875,0,1191188,222.7
tools,raw-memory,ale,ale,1,1,1,health_medicine/scene3_skullstrip_qc,1.0,1,430486,81.5
tools,raw-memory,ale,ale,1,1,1,legal/agora_governance_classify_instance_1,0.360212,0,7553447,436.8
tools,raw-memory,ale,ale,1,1,1,life_sciences/cell_tracking_instance_1,0.0,0,1794538,475.6
tools,raw-memory,ale,ale,1,1,1,life_sciences/cell_translocation_analysis,0.0,0,1508769,399.1
tools,raw-memory,ale,ale,1,1,1,life_sciences/tcga_brca_deg_analysis,1.0,1,5260967,530.4
tools,raw-memory,ale,ale,1,1,1,physical_sciences/adapt_vqe_molecular_energy,0.0,0,2953317,337.6
tools,raw-memory,ale,ale,1,1,1,physical_sciences/gillespie_gene_regulatory_network,0.0,0,2169797,476.5
tools,raw-memory,ale,ale,1,1,1,physical_sciences/glm_lake_calibration,0.0,0,6583826,493.6
tools,raw-memory,ale,ale,1,1,1,physical_sciences/molecular_structure_plausibility,0.222222,0,730266,132.3
tools,raw-memory,ale,ale,1,1,1,physical_sciences/mose2_bse_absorption_soc,0.0,0,2573189,268.0
tools,raw-memory,ale,ale,1,1,1,psychology_neuro/scene2_resample,0.0,0,2098774,279.5
tools,raw-memory,ale,ale,1,1,1,transport_safety/abm_hangzhou_metro,0.0,0,2908132,560.0
tools,raw-memory,ale,ale,1,1,2,business_finance/american_option_pricing_ls,0.0,0,1962300,418.6
tools,raw-memory,ale,ale,1,1,2,business_finance/basel_operational_risk_bia_cn,0.0,0,5413317,357.4
tools,raw-memory,ale,ale,1,1,2,business_finance/bpmn_supply_disruption_l3,0.0,0,2397401,337.0
tools,raw-memory,ale,ale,1,1,2,business_finance/digital_marketing_audience_segmentation_1,0.9042,0,2668130,186.3
tools,raw-memory,ale,ale,1,1,2,business_finance/pe_screening_memo_1,0.78125,0,2658171,255.1
tools,raw-memory,ale,ale,1,1,2,business_finance/sse_northbound_programmatic_trading_01,1.0,1,2507125,195.3
tools,raw-memory,ale,ale,1,1,2,computing_math/branch_bound_atsp,0.4875,0,7570776,522.1
tools,raw-memory,ale,ale,1,1,2,computing_math/cfr_game_theory_equilibrium,0.33,0,1137302,256.9
tools,raw-memory,ale,ale,1,1,2,computing_math/cost_optimization_1,0.0,0,3470992,387.6
tools,raw-memory,ale,ale,1,1,2,computing_math/ising_post_measurement_1,1.0,1,2185511,256.9
tools,raw-memory,ale,ale,1,1,2,computing_math/k8s_payment_api_root_cause_analysis,0.622222,0,1384901,255.1
tools,raw-memory,ale,ale,1,1,2,computing_math/recsys_cold_start_instance_1,0.0,0,4357276,429.4
tools,raw-memory,ale,ale,1,1,2,computing_math/synthetic_causal_structure_inference,0.245152,0,3704567,387.6
tools,raw-memory,ale,ale,1,1,2,education_info/homework_grading_numerical_pdes_instance_02,0.35697,0,9067233,347.4
tools,raw-memory,ale,ale,1,1,2,education_info/marc_remediation_folio_overlay,0.0,0,3529895,420.4
tools,raw-memory,ale,ale,1,1,2,education_info/moodle_gradebook_closeout_reconciliation,0.0,0,10422099,326.6
tools,raw-memory,ale,ale,1,1,2,engineering/aerospace_low_thrust_trajectory,0.0,0,1352840,189.5
tools,raw-memory,ale,ale,1,1,2,health_medicine/crf_sdtm_mapping_4,0.4091,0,2702746,206.3
tools,raw-memory,ale,ale,1,1,2,health_medicine/epidemiology_forecast,0.0,0,3015410,729.5
tools,raw-memory,ale,ale,1,1,2,health_medicine/flusight_offline_hosp_forecast_2024_12_14,0.470565,0,1991714,159.6
tools,raw-memory,ale,ale,1,1,2,health_medicine/healthcare_bias_audit_27a_public_replication_v1,0.0,0,11284000,961.6
tools,raw-memory,ale,ale,1,1,2,health_medicine/nhanes_confounder_sensitivity_analysis,0.546875,0,1786337,173.5
tools,raw-memory,ale,ale,1,1,2,health_medicine/scene3_skullstrip_qc,1.0,1,1194580,168.4
tools,raw-memory,ale,ale,1,1,2,legal/agora_governance_classify_instance_1,0.42381,0,6545570,284.9
tools,raw-memory,ale,ale,1,1,2,life_sciences/cell_tracking_instance_1,0.0,0,2801935,286.3
tools,raw-memory,ale,ale,1,1,2,life_sciences/cell_translocation_analysis,0.0,0,3250611,491.5
tools,raw-memory,ale,ale,1,1,2,life_sciences/tcga_brca_deg_analysis,0.0,0,2386072,555.6
tools,raw-memory,ale,ale,1,1,2,physical_sciences/adapt_vqe_molecular_energy,0.0,0,2173034,294.6
tools,raw-memory,ale,ale,1,1,2,physical_sciences/gillespie_gene_regulatory_network,0.0,0,2359846,345.9
tools,raw-memory,ale,ale,1,1,2,physical_sciences/glm_lake_calibration,0.0,0,2224571,188.3
tools,raw-memory,ale,ale,1,1,2,physical_sciences/molecular_structure_plausibility,0.5,0,2238969,214.7
tools,raw-memory,ale,ale,1,1,2,physical_sciences/mose2_bse_absorption_soc,0.0,0,2626681,274.4
tools,raw-memory,ale,ale,1,1,2,psychology_neuro/scene2_resample,0.0,0,1244722,869.4
tools,raw-memory,ale,ale,1,1,2,transport_safety/abm_hangzhou_metro,0.0,0,4905153,868.5
tools,raw-memory,ale,ale,1,1,3,business_finance/american_option_pricing_ls,0.0,0,2439358,334.6
tools,raw-memory,ale,ale,1,1,3,business_finance/basel_operational_risk_bia_cn,0.0,0,3979544,326.0
tools,raw-memory,ale,ale,1,1,3,business_finance/bpmn_supply_disruption_l3,0.0,0,5164758,684.0
tools,raw-memory,ale,ale,1,1,3,business_finance/digital_marketing_audience_segmentation_1,0.0,0,2163271,241.7
tools,raw-memory,ale,ale,1,1,3,business_finance/pe_screening_memo_1,0.6875,0,2165745,166.1
tools,raw-memory,ale,ale,1,1,3,business_finance/sse_northbound_programmatic_trading_01,0.333333,0,2364838,193.8
tools,raw-memory,ale,ale,1,1,3,computing_math/branch_bound_atsp,0.0,0,3559470,292.4
tools,raw-memory,ale,ale,1,1,3,computing_math/cfr_game_theory_equilibrium,0.0,0,1455996,400.4
tools,raw-memory,ale,ale,1,1,3,computing_math/cost_optimization_1,0.561843,0,4233604,456.8
tools,raw-memory,ale,ale,1,1,3,computing_math/ising_post_measurement_1,1.0,1,1707385,325.9
tools,raw-memory,ale,ale,1,1,3,computing_math/k8s_payment_api_root_cause_analysis,0.55,0,1229790,203.3
tools,raw-memory,ale,ale,1,1,3,computing_math/recsys_cold_start_instance_1,0.0,0,2578035,381.4
tools,raw-memory,ale,ale,1,1,3,computing_math/synthetic_causal_structure_inference,0.330719,0,1347406,132.2
tools,raw-memory,ale,ale,1,1,3,education_info/homework_grading_numerical_pdes_instance_02,0.750303,0,1900668,223.4
tools,raw-memory,ale,ale,1,1,3,education_info/marc_remediation_folio_overlay,0.0,0,2486016,488.2
tools,raw-memory,ale,ale,1,1,3,education_info/moodle_gradebook_closeout_reconciliation,0.0,0,5741453,235.3
tools,raw-memory,ale,ale,1,1,3,engineering/aerospace_low_thrust_trajectory,0.0,0,740493,121.6
tools,raw-memory,ale,ale,1,1,3,health_medicine/crf_sdtm_mapping_4,0.2225,0,4196791,247.9
tools,raw-memory,ale,ale,1,1,3,health_medicine/epidemiology_forecast,0.0,0,3243947,349.0
tools,raw-memory,ale,ale,1,1,3,health_medicine/flusight_offline_hosp_forecast_2024_12_14,0.0,0,1344699,107.0
tools,raw-memory,ale,ale,1,1,3,health_medicine/healthcare_bias_audit_27a_public_replication_v1,0.0,0,16114041,1455.4
tools,raw-memory,ale,ale,1,1,3,health_medicine/nhanes_confounder_sensitivity_analysis,0.53782,0,1946972,574.1
tools,raw-memory,ale,ale,1,1,3,health_medicine/scene3_skullstrip_qc,1.0,1,740841,167.5
tools,raw-memory,ale,ale,1,1,3,legal/agora_governance_classify_instance_1,0.0,0,7693515,490.7
tools,raw-memory,ale,ale,1,1,3,life_sciences/cell_tracking_instance_1,0.0,0,1933728,383.3
tools,raw-memory,ale,ale,1,1,3,life_sciences/cell_translocation_analysis,0.0,0,1658451,432.8
tools,raw-memory,ale,ale,1,1,3,life_sciences/tcga_brca_deg_analysis,0.0,0,2820006,649.9
tools,raw-memory,ale,ale,1,1,3,physical_sciences/adapt_vqe_molecular_energy,0.0,0,2471436,377.6
tools,raw-memory,ale,ale,1,1,3,physical_sciences/gillespie_gene_regulatory_network,0.0,0,3707290,437.7
tools,raw-memory,ale,ale,1,1,3,physical_sciences/glm_lake_calibration,0.0,0,2969480,294.3
tools,raw-memory,ale,ale,1,1,3,physical_sciences/molecular_structure_plausibility,0.222222,0,1186177,156.6
tools,raw-memory,ale,ale,1,1,3,physical_sciences/mose2_bse_absorption_soc,0.0,0,144490,141.7
tools,raw-memory,ale,ale,1,1,3,psychology_neuro/scene2_resample,0.0,0,2728757,345.2
tools,raw-memory,ale,ale,1,1,3,transport_safety/abm_hangzhou_metro,0.0,0,3252724,424.6
tools,raw-memory,ale,ale,2,1,1,business_finance/american_option_pricing_ls,0.0,0,3208548,459.5
tools,raw-memory,ale,ale,2,1,1,business_finance/basel_operational_risk_bia_cn,0.0,0,4312035,300.1
tools,raw-memory,ale,ale,2,1,1,business_finance/bpmn_supply_disruption_l3,0.0,0,2594176,350.8
tools,raw-memory,ale,ale,2,1,1,business_finance/digital_marketing_audience_segmentation_1,0.8792,0,2510775,261.3
tools,raw-memory,ale,ale,2,1,1,business_finance/pe_screening_memo_1,0.7,0,1422120,157.7
tools,raw-memory,ale,ale,2,1,1,business_finance/sse_northbound_programmatic_trading_01,0.333333,0,2332547,171.8
tools,raw-memory,ale,ale,2,1,1,computing_math/branch_bound_atsp,0.9,0,3557931,401.8
tools,raw-memory,ale,ale,2,1,1,computing_math/cfr_game_theory_equilibrium,0.0,0,2043368,455.9
tools,raw-memory,ale,ale,2,1,1,computing_math/cost_optimization_1,0.849898,0,1814799,230.7
tools,raw-memory,ale,ale,2,1,1,computing_math/ising_post_measurement_1,0.0,0,1804978,302.8
tools,raw-memory,ale,ale,2,1,1,computing_math/k8s_payment_api_root_cause_analysis,0.788889,0,1972452,199.7
tools,raw-memory,ale,ale,2,1,1,computing_math/recsys_cold_start_instance_1,0.5,0,3206895,477.9
tools,raw-memory,ale,ale,2,1,1,computing_math/synthetic_causal_structure_inference,0.284927,0,1410776,171.0
tools,raw-memory,ale,ale,2,1,1,education_info/homework_grading_numerical_pdes_instance_02,0.592485,0,3591260,271.9
tools,raw-memory,ale,ale,2,1,1,education_info/marc_remediation_folio_overlay,0.0,0,3348399,533.4
tools,raw-memory,ale,ale,2,1,1,education_info/moodle_gradebook_closeout_reconciliation,0.0,0,7141788,416.1
tools,raw-memory,ale,ale,2,1,1,engineering/aerospace_low_thrust_trajectory,0.0,0,3912555,306.8
tools,raw-memory,ale,ale,2,1,1,health_medicine/crf_sdtm_mapping_4,0.0191,0,8022285,455.8
tools,raw-memory,ale,ale,2,1,1,health_medicine/epidemiology_forecast,0.0,0,2212806,355.1
tools,raw-memory,ale,ale,2,1,1,health_medicine/flusight_offline_hosp_forecast_2024_12_14,0.504618,0,1241017,131.9
tools,raw-memory,ale,ale,2,1,1,health_medicine/healthcare_bias_audit_27a_public_replication_v1,0.0,0,14566670,1268.9
tools,raw-memory,ale,ale,2,1,1,health_medicine/nhanes_confounder_sensitivity_analysis,0.0,0,1282122,284.8
tools,raw-memory,ale,ale,2,1,1,health_medicine/scene3_skullstrip_qc,1.0,1,342349,86.1
tools,raw-memory,ale,ale,2,1,1,legal/agora_governance_classify_instance_1,0.375661,0,6498783,290.5
tools,raw-memory,ale,ale,2,1,1,life_sciences/cell_tracking_instance_1,0.0,0,2386889,337.2
tools,raw-memory,ale,ale,2,1,1,life_sciences/cell_translocation_analysis,0.0,0,1963089,383.2
tools,raw-memory,ale,ale,2,1,1,life_sciences/tcga_brca_deg_analysis,0.0,0,3604863,283.0
tools,raw-memory,ale,ale,2,1,1,physical_sciences/adapt_vqe_molecular_energy,0.0,0,5979033,374.8
tools,raw-memory,ale,ale,2,1,1,physical_sciences/gillespie_gene_regulatory_network,0.0,0,3221498,292.8
tools,raw-memory,ale,ale,2,1,1,physical_sciences/glm_lake_calibration,0.0,0,4436409,216.6
tools,raw-memory,ale,ale,2,1,1,physical_sciences/molecular_structure_plausibility,0.133333,0,869899,108.9
tools,raw-memory,ale,ale,2,1,1,physical_sciences/mose2_bse_absorption_soc,0.0,0,350117,112.9
tools,raw-memory,ale,ale,2,1,1,psychology_neuro/scene2_resample,0.0,0,4328147,287.2
tools,raw-memory,ale,ale,2,1,1,transport_safety/abm_hangzhou_metro,0.0,0,2596796,306.9
tools,raw-memory,ale,ale,2,1,2,business_finance/american_option_pricing_ls,0.0,0,19632855,948.5
tools,raw-memory,ale,ale,2,1,2,business_finance/basel_operational_risk_bia_cn,0.0,0,1950595,223.9
tools,raw-memory,ale,ale,2,1,2,business_finance/bpmn_supply_disruption_l3,0.0,0,2972600,272.6
tools,raw-memory,ale,ale,2,1,2,business_finance/digital_marketing_audience_segmentation_1,0.0,0,2636668,243.4
tools,raw-memory,ale,ale,2,1,2,business_finance/pe_screening_memo_1,0.7,0,2318429,157.7
tools,raw-memory,ale,ale,2,1,2,business_finance/sse_northbound_programmatic_trading_01,0.666667,0,2520067,123.0
tools,raw-memory,ale,ale,2,1,2,computing_math/branch_bound_atsp,0.0,0,3183163,363.4
tools,raw-memory,ale,ale,2,1,2,computing_math/cfr_game_theory_equilibrium,0.0,0,1366600,363.4
tools,raw-memory,ale,ale,2,1,2,computing_math/cost_optimization_1,0.0,0,3467553,816.6
tools,raw-memory,ale,ale,2,1,2,computing_math/ising_post_measurement_1,0.0,0,1251692,213.5
tools,raw-memory,ale,ale,2,1,2,computing_math/k8s_payment_api_root_cause_analysis,0.0,0,2034894,263.0
tools,raw-memory,ale,ale,2,1,2,computing_math/recsys_cold_start_instance_1,0.5,0,4005343,454.2
tools,raw-memory,ale,ale,2,1,2,computing_math/synthetic_causal_structure_inference,0.32048,0,1999447,172.9
tools,raw-memory,ale,ale,2,1,2,education_info/homework_grading_numerical_pdes_instance_02,0.0,0,4778870,318.1
tools,raw-memory,ale,ale,2,1,2,education_info/marc_remediation_folio_overlay,0.0,0,4704018,435.6
tools,raw-memory,ale,ale,2,1,2,education_info/moodle_gradebook_closeout_reconciliation,0.0,0,8372943,600.5
tools,raw-memory,ale,ale,2,1,2,engineering/aerospace_low_thrust_trajectory,0.0,0,7366782,497.3
tools,raw-memory,ale,ale,2,1,2,health_medicine/crf_sdtm_mapping_4,0.4498,0,3435415,379.4
tools,raw-memory,ale,ale,2,1,2,health_medicine/epidemiology_forecast,0.0,0,3645540,568.7
tools,raw-memory,ale,ale,2,1,2,health_medicine/flusight_offline_hosp_forecast_2024_12_14,0.134628,0,1061400,175.3
tools,raw-memory,ale,ale,2,1,2,health_medicine/healthcare_bias_audit_27a_public_replication_v1,0.0,0,19311879,1321.7
tools,raw-memory,ale,ale,2,1,2,health_medicine/nhanes_confounder_sensitivity_analysis,0.620146,0,2002973,326.2
tools,raw-memory,ale,ale,2,1,2,health_medicine/scene3_skullstrip_qc,1.0,1,1555077,136.5
tools,raw-memory,ale,ale,2,1,2,legal/agora_governance_classify_instance_1,0.0,0,6337296,652.3
tools,raw-memory,ale,ale,2,1,2,life_sciences/cell_tracking_instance_1,0.467287,0,4674428,552.6
tools,raw-memory,ale,ale,2,1,2,life_sciences/cell_translocation_analysis,0.0,0,4341779,569.4
tools,raw-memory,ale,ale,2,1,2,life_sciences/tcga_brca_deg_analysis,1.0,1,2794301,607.0
tools,raw-memory,ale,ale,2,1,2,physical_sciences/adapt_vqe_molecular_energy,0.0,0,2018855,335.7
tools,raw-memory,ale,ale,2,1,2,physical_sciences/gillespie_gene_regulatory_network,0.39,0,3707884,572.8
tools,raw-memory,ale,ale,2,1,2,physical_sciences/glm_lake_calibration,0.0,0,6090393,647.5
tools,raw-memory,ale,ale,2,1,2,physical_sciences/molecular_structure_plausibility,0.222222,0,877305,122.8
tools,raw-memory,ale,ale,2,1,2,physical_sciences/mose2_bse_absorption_soc,0.0,0,2530415,435.1
tools,raw-memory,ale,ale,2,1,2,psychology_neuro/scene2_resample,0.0,0,3377766,419.6
tools,raw-memory,ale,ale,2,1,2,transport_safety/abm_hangzhou_metro,0.0,0,3447594,753.1
tools,raw-memory,ale,ale,2,1,3,business_finance/american_option_pricing_ls,0.0,0,4380622,433.9
tools,raw-memory,ale,ale,2,1,3,business_finance/basel_operational_risk_bia_cn,0.0,0,2277357,241.3
tools,raw-memory,ale,ale,2,1,3,business_finance/bpmn_supply_disruption_l3,0.2692,0,4865639,365.6
tools,raw-memory,ale,ale,2,1,3,business_finance/digital_marketing_audience_segmentation_1,0.9042,0,2127311,243.1
tools,raw-memory,ale,ale,2,1,3,business_finance/pe_screening_memo_1,0.725,0,2770935,309.5
tools,raw-memory,ale,ale,2,1,3,business_finance/sse_northbound_programmatic_trading_01,0.666667,0,2749964,262.9
tools,raw-memory,ale,ale,2,1,3,computing_math/branch_bound_atsp,0.9,0,4439137,898.7
tools,raw-memory,ale,ale,2,1,3,computing_math/cfr_game_theory_equilibrium,0.0,0,2370361,511.8
tools,raw-memory,ale,ale,2,1,3,computing_math/cost_optimization_1,0.0,0,2312957,374.4
tools,raw-memory,ale,ale,2,1,3,computing_math/ising_post_measurement_1,0.0,0,1292220,325.5
tools,raw-memory,ale,ale,2,1,3,computing_math/k8s_payment_api_root_cause_analysis,0.666667,0,1807382,222.8
tools,raw-memory,ale,ale,2,1,3,computing_math/recsys_cold_start_instance_1,0.0,0,1741477,456.6
tools,raw-memory,ale,ale,2,1,3,computing_math/synthetic_causal_structure_inference,0.140041,0,1234982,112.9
tools,raw-memory,ale,ale,2,1,3,education_info/homework_grading_numerical_pdes_instance_02,0.600485,0,4556216,274.7
tools,raw-memory,ale,ale,2,1,3,education_info/marc_remediation_folio_overlay,0.0,0,3368211,424.7
tools,raw-memory,ale,ale,2,1,3,education_info/moodle_gradebook_closeout_reconciliation,0.0,0,7028543,522.0
tools,raw-memory,ale,ale,2,1,3,engineering/aerospace_low_thrust_trajectory,0.0,0,2858454,327.3
tools,raw-memory,ale,ale,2,1,3,health_medicine/crf_sdtm_mapping_4,0.2775,0,2832304,206.7
tools,raw-memory,ale,ale,2,1,3,health_medicine/epidemiology_forecast,0.0,0,3625436,601.0
tools,raw-memory,ale,ale,2,1,3,health_medicine/flusight_offline_hosp_forecast_2024_12_14,0.0,0,1432325,166.9
tools,raw-memory,ale,ale,2,1,3,health_medicine/healthcare_bias_audit_27a_public_replication_v1,0.0,0,12284990,885.3
tools,raw-memory,ale,ale,2,1,3,health_medicine/nhanes_confounder_sensitivity_analysis,0.537126,0,1627016,235.9
tools,raw-memory,ale,ale,2,1,3,health_medicine/scene3_skullstrip_qc,1.0,1,343032,90.0
tools,raw-memory,ale,ale,2,1,3,legal/agora_governance_classify_instance_1,0.0,0,4133177,366.9
tools,raw-memory,ale,ale,2,1,3,life_sciences/cell_tracking_instance_1,0.0,0,3971082,559.5
tools,raw-memory,ale,ale,2,1,3,life_sciences/cell_translocation_analysis,0.0,0,2014969,317.1
tools,raw-memory,ale,ale,2,1,3,life_sciences/tcga_brca_deg_analysis,0.0,0,6838827,542.7
tools,raw-memory,ale,ale,2,1,3,physical_sciences/adapt_vqe_molecular_energy,0.0,0,3815423,433.0
tools,raw-memory,ale,ale,2,1,3,physical_sciences/gillespie_gene_regulatory_network,0.0,0,2623617,382.1
tools,raw-memory,ale,ale,2,1,3,physical_sciences/glm_lake_calibration,0.0,0,4057320,245.1
tools,raw-memory,ale,ale,2,1,3,physical_sciences/molecular_structure_plausibility,0.285714,0,2630706,221.1
tools,raw-memory,ale,ale,2,1,3,physical_sciences/mose2_bse_absorption_soc,0.0,0,1788759,237.1
tools,raw-memory,ale,ale,2,1,3,psychology_neuro/scene2_resample,0.0,0,2494780,271.4
tools,raw-memory,ale,ale,2,1,3,transport_safety/abm_hangzhou_metro,0.0,0,4214830,514.2
tools,raw-memory,ale,ale,2,2,1,computing_math/cp_test_gen_1,0.9,0,4575599,395.0
tools,raw-memory,ale,ale,2,2,1,computing_math/k3_abelian_extensions,0.0,0,6693081,398.9
tools,raw-memory,ale,ale,2,2,1,engineering/mpc_control_building_v1,0.0,0,2077399,330.8
tools,raw-memory,ale,ale,2,2,1,health_medicine/healthcare_variant_annotation_pipeline,0.0,0,1874747,341.0
tools,raw-memory,ale,ale,2,2,2,computing_math/cp_test_gen_1,0.0,0,877408,204.2
tools,raw-memory,ale,ale,2,2,2,computing_math/k3_abelian_extensions,0.0,0,1854137,448.1
tools,raw-memory,ale,ale,2,2,2,engineering/mpc_control_building_v1,0.0,0,4982269,408.7
tools,raw-memory,ale,ale,2,2,2,health_medicine/healthcare_variant_annotation_pipeline,1.0,1,2012606,175.9
tools,raw-memory,ale,ale,2,2,3,computing_math/cp_test_gen_1,0.0,0,1572693,224.4
tools,raw-memory,ale,ale,2,2,3,computing_math/k3_abelian_extensions,0.0,0,1113556,279.3
tools,raw-memory,ale,ale,2,2,3,engineering/mpc_control_building_v1,0.0,0,5837505,407.9
tools,raw-memory,ale,ale,2,2,3,health_medicine/healthcare_variant_annotation_pipeline,1.0,1,2922882,314.4
tools,raw-memory,ale,ale,3,1,1,business_finance/american_option_pricing_ls,0.5,0,7764385,593.2
tools,raw-memory,ale,ale,3,1,1,business_finance/basel_operational_risk_bia_cn,0.0,0,4277010,243.5
tools,raw-memory,ale,ale,3,1,1,business_finance/bpmn_supply_disruption_l3,0.5765,0,5877867,294.7
tools,raw-memory,ale,ale,3,1,1,business_finance/digital_marketing_audience_segmentation_1,0.9042,0,4820258,345.7
tools,raw-memory,ale,ale,3,1,1,business_finance/pe_screening_memo_1,0.725,0,2246369,240.0
tools,raw-memory,ale,ale,3,1,1,business_finance/sse_northbound_programmatic_trading_01,0.666667,0,2604587,204.0
tools,raw-memory,ale,ale,3,1,1,computing_math/branch_bound_atsp,0.2875,0,8311315,1301.8
tools,raw-memory,ale,ale,3,1,1,computing_math/cfr_game_theory_equilibrium,0.0,0,4045134,718.3
tools,raw-memory,ale,ale,3,1,1,computing_math/cost_optimization_1,0.583328,0,4385233,386.6
tools,raw-memory,ale,ale,3,1,1,computing_math/ising_post_measurement_1,0.0,0,1107103,236.1
tools,raw-memory,ale,ale,3,1,1,computing_math/k8s_payment_api_root_cause_analysis,0.55,0,1308567,184.6
tools,raw-memory,ale,ale,3,1,1,computing_math/recsys_cold_start_instance_1,0.0,0,8069163,553.0
tools,raw-memory,ale,ale,3,1,1,computing_math/synthetic_causal_structure_inference,0.140041,0,3887210,273.3
tools,raw-memory,ale,ale,3,1,1,education_info/homework_grading_numerical_pdes_instance_02,0.0,0,5716849,284.0
tools,raw-memory,ale,ale,3,1,1,education_info/marc_remediation_folio_overlay,0.0,0,4034266,608.2
tools,raw-memory,ale,ale,3,1,1,education_info/moodle_gradebook_closeout_reconciliation,0.0,0,8491916,409.5
tools,raw-memory,ale,ale,3,1,1,engineering/aerospace_low_thrust_trajectory,0.0,0,3884911,413.3
tools,raw-memory,ale,ale,3,1,1,health_medicine/crf_sdtm_mapping_4,0.0,0,3337558,292.0
tools,raw-memory,ale,ale,3,1,1,health_medicine/epidemiology_forecast,0.0,0,2648878,346.4
tools,raw-memory,ale,ale,3,1,1,health_medicine/flusight_offline_hosp_forecast_2024_12_14,0.0,0,908786,105.8
tools,raw-memory,ale,ale,3,1,1,health_medicine/healthcare_bias_audit_27a_public_replication_v1,0.0,0,0,566.3
tools,raw-memory,ale,ale,3,1,1,health_medicine/nhanes_confounder_sensitivity_analysis,0.538542,0,2015600,175.5
tools,raw-memory,ale,ale,3,1,1,health_medicine/scene3_skullstrip_qc,1.0,1,353034,78.0
tools,raw-memory,ale,ale,3,1,1,legal/agora_governance_classify_instance_1,0.0,0,6850389,368.8
tools,raw-memory,ale,ale,3,1,1,life_sciences/cell_tracking_instance_1,0.0,0,5152589,328.1
tools,raw-memory,ale,ale,3,1,1,life_sciences/cell_translocation_analysis,0.0,0,2475959,346.9
tools,raw-memory,ale,ale,3,1,1,life_sciences/tcga_brca_deg_analysis,0.0,0,8816954,728.9
tools,raw-memory,ale,ale,3,1,1,physical_sciences/adapt_vqe_molecular_energy,0.0,0,2769876,352.2
tools,raw-memory,ale,ale,3,1,1,physical_sciences/gillespie_gene_regulatory_network,0.0,0,4256907,377.7
tools,raw-memory,ale,ale,3,1,1,physical_sciences/glm_lake_calibration,0.0,0,5527541,367.4
tools,raw-memory,ale,ale,3,1,1,physical_sciences/molecular_structure_plausibility,0.333333,0,1617809,187.3
tools,raw-memory,ale,ale,3,1,1,physical_sciences/mose2_bse_absorption_soc,0.0,0,1476548,358.9
tools,raw-memory,ale,ale,3,1,1,psychology_neuro/scene2_resample,0.0,0,4420409,270.4
tools,raw-memory,ale,ale,3,1,1,transport_safety/abm_hangzhou_metro,0.0,0,5583115,645.6
tools,raw-memory,ale,ale,3,1,2,business_finance/american_option_pricing_ls,0.0,0,2279492,333.2
tools,raw-memory,ale,ale,3,1,2,business_finance/basel_operational_risk_bia_cn,0.0,0,9815859,397.3
tools,raw-memory,ale,ale,3,1,2,business_finance/bpmn_supply_disruption_l3,0.1976,0,4392046,450.2
tools,raw-memory,ale,ale,3,1,2,business_finance/digital_marketing_audience_segmentation_1,0.0,0,2472739,344.8
tools,raw-memory,ale,ale,3,1,2,business_finance/pe_screening_memo_1,0.0,0,2058396,245.4
tools,raw-memory,ale,ale,3,1,2,business_finance/sse_northbound_programmatic_trading_01,0.0,0,3358950,232.1
tools,raw-memory,ale,ale,3,1,2,computing_math/branch_bound_atsp,0.0,0,6208991,416.7
tools,raw-memory,ale,ale,3,1,2,computing_math/cfr_game_theory_equilibrium,0.0,0,988607,466.1
tools,raw-memory,ale,ale,3,1,2,computing_math/cost_optimization_1,0.0,0,2346627,457.2
tools,raw-memory,ale,ale,3,1,2,computing_math/ising_post_measurement_1,0.0,0,1111752,247.9
tools,raw-memory,ale,ale,3,1,2,computing_math/k8s_payment_api_root_cause_analysis,0.763889,0,1287537,164.6
tools,raw-memory,ale,ale,3,1,2,computing_math/recsys_cold_start_instance_1,0.0,0,13364510,1429.5
tools,raw-memory,ale,ale,3,1,2,computing_math/synthetic_causal_structure_inference,0.278656,0,2422347,232.1
tools,raw-memory,ale,ale,3,1,2,education_info/homework_grading_numerical_pdes_instance_02,0.549818,0,4564081,323.7
tools,raw-memory,ale,ale,3,1,2,education_info/marc_remediation_folio_overlay,0.1,0,9102693,391.1
tools,raw-memory,ale,ale,3,1,2,education_info/moodle_gradebook_closeout_reconciliation,0.0,0,5311931,404.7
tools,raw-memory,ale,ale,3,1,2,engineering/aerospace_low_thrust_trajectory,0.0,0,2745162,244.4
tools,raw-memory,ale,ale,3,1,2,health_medicine/crf_sdtm_mapping_4,0.1651,0,2934046,268.8
tools,raw-memory,ale,ale,3,1,2,health_medicine/epidemiology_forecast,0.0,0,2006729,208.8
tools,raw-memory,ale,ale,3,1,2,health_medicine/flusight_offline_hosp_forecast_2024_12_14,0.0,0,908685,139.3
tools,raw-memory,ale,ale,3,1,2,health_medicine/healthcare_bias_audit_27a_public_replication_v1,0.0,0,5455517,479.7
tools,raw-memory,ale,ale,3,1,2,health_medicine/nhanes_confounder_sensitivity_analysis,0.562588,0,1668049,238.4
tools,raw-memory,ale,ale,3,1,2,health_medicine/scene3_skullstrip_qc,1.0,1,706581,74.8
tools,raw-memory,ale,ale,3,1,2,legal/agora_governance_classify_instance_1,0.0,0,5848992,477.9
tools,raw-memory,ale,ale,3,1,2,life_sciences/cell_tracking_instance_1,0.468582,0,4852706,306.5
tools,raw-memory,ale,ale,3,1,2,life_sciences/cell_translocation_analysis,0.0,0,3626213,662.9
tools,raw-memory,ale,ale,3,1,2,life_sciences/tcga_brca_deg_analysis,0.0,0,4286056,454.8
tools,raw-memory,ale,ale,3,1,2,physical_sciences/adapt_vqe_molecular_energy,0.333333,0,4308429,333.2
tools,raw-memory,ale,ale,3,1,2,physical_sciences/gillespie_gene_regulatory_network,0.0,0,4505032,412.3
tools,raw-memory,ale,ale,3,1,2,physical_sciences/glm_lake_calibration,0.0,0,3653813,294.6
tools,raw-memory,ale,ale,3,1,2,physical_sciences/molecular_structure_plausibility,0.222222,0,713927,157.4
tools,raw-memory,ale,ale,3,1,2,physical_sciences/mose2_bse_absorption_soc,0.0,0,176890,96.1
tools,raw-memory,ale,ale,3,1,2,psychology_neuro/scene2_resample,0.0,0,1098289,195.0
tools,raw-memory,ale,ale,3,1,2,transport_safety/abm_hangzhou_metro,0.0,0,2629290,373.5
tools,raw-memory,ale,ale,3,1,3,business_finance/american_option_pricing_ls,0.0,0,2350459,432.2
tools,raw-memory,ale,ale,3,1,3,business_finance/basel_operational_risk_bia_cn,0.0,0,3094134,214.1
tools,raw-memory,ale,ale,3,1,3,business_finance/bpmn_supply_disruption_l3,0.0,0,4684177,353.6
tools,raw-memory,ale,ale,3,1,3,business_finance/digital_marketing_audience_segmentation_1,0.0,0,3131569,274.0
tools,raw-memory,ale,ale,3,1,3,business_finance/pe_screening_memo_1,0.75,0,3983713,259.0
tools,raw-memory,ale,ale,3,1,3,business_finance/sse_northbound_programmatic_trading_01,0.666667,0,4057523,223.8
tools,raw-memory,ale,ale,3,1,3,computing_math/branch_bound_atsp,0.0,0,3730258,353.9
tools,raw-memory,ale,ale,3,1,3,computing_math/cfr_game_theory_equilibrium,0.0,0,2105761,606.1
tools,raw-memory,ale,ale,3,1,3,computing_math/cost_optimization_1,0.792178,0,3636456,282.4
tools,raw-memory,ale,ale,3,1,3,computing_math/ising_post_measurement_1,0.0,0,924476,204.4
tools,raw-memory,ale,ale,3,1,3,computing_math/k8s_payment_api_root_cause_analysis,0.0,0,2516876,320.2
tools,raw-memory,ale,ale,3,1,3,computing_math/recsys_cold_start_instance_1,0.5,0,2846068,258.6
tools,raw-memory,ale,ale,3,1,3,computing_math/synthetic_causal_structure_inference,0.138237,0,1073884,98.3
tools,raw-memory,ale,ale,3,1,3,education_info/homework_grading_numerical_pdes_instance_02,0.0,0,5494985,364.6
tools,raw-memory,ale,ale,3,1,3,education_info/marc_remediation_folio_overlay,0.1,0,13339200,415.8
tools,raw-memory,ale,ale,3,1,3,education_info/moodle_gradebook_closeout_reconciliation,0.0,0,8560906,436.6
tools,raw-memory,ale,ale,3,1,3,engineering/aerospace_low_thrust_trajectory,0.0,0,3545954,547.1
tools,raw-memory,ale,ale,3,1,3,health_medicine/crf_sdtm_mapping_4,0.244,0,2733075,194.6
tools,raw-memory,ale,ale,3,1,3,health_medicine/epidemiology_forecast,0.0,0,2654047,336.3
tools,raw-memory,ale,ale,3,1,3,health_medicine/flusight_offline_hosp_forecast_2024_12_14,0.0,0,2392802,156.1
tools,raw-memory,ale,ale,3,1,3,health_medicine/healthcare_bias_audit_27a_public_replication_v1,0.0,0,20977580,798.1
tools,raw-memory,ale,ale,3,1,3,health_medicine/nhanes_confounder_sensitivity_analysis,0.847917,0,2292477,316.5
tools,raw-memory,ale,ale,3,1,3,health_medicine/scene3_skullstrip_qc,1.0,1,1960060,119.3
tools,raw-memory,ale,ale,3,1,3,legal/agora_governance_classify_instance_1,0.0,0,7546433,376.3
tools,raw-memory,ale,ale,3,1,3,life_sciences/cell_tracking_instance_1,0.492091,0,7833754,330.9
tools,raw-memory,ale,ale,3,1,3,life_sciences/cell_translocation_analysis,0.0,0,2240405,245.4
tools,raw-memory,ale,ale,3,1,3,life_sciences/tcga_brca_deg_analysis,0.0,0,2265691,285.4
tools,raw-memory,ale,ale,3,1,3,physical_sciences/adapt_vqe_molecular_energy,0.0,0,2831190,294.7
tools,raw-memory,ale,ale,3,1,3,physical_sciences/gillespie_gene_regulatory_network,0.0,0,2558164,225.1
tools,raw-memory,ale,ale,3,1,3,physical_sciences/glm_lake_calibration,0.0,0,1969910,136.4
tools,raw-memory,ale,ale,3,1,3,physical_sciences/molecular_structure_plausibility,0.333333,0,712879,105.4
tools,raw-memory,ale,ale,3,1,3,physical_sciences/mose2_bse_absorption_soc,0.0,0,1300200,225.1
tools,raw-memory,ale,ale,3,1,3,psychology_neuro/scene2_resample,0.0,0,2005940,188.0
tools,raw-memory,ale,ale,3,1,3,transport_safety/abm_hangzhou_metro,0.0,0,1479201,330.9
tools,raw-memory,ale,ale,3,2,1,computing_math/cp_test_gen_1,0.0,0,1493729,329.7
tools,raw-memory,ale,ale,3,2,1,computing_math/k3_abelian_extensions,0.0,0,1950810,504.0
tools,raw-memory,ale,ale,3,2,1,engineering/mpc_control_building_v1,0.0,0,2061106,268.2
tools,raw-memory,ale,ale,3,2,1,health_medicine/healthcare_variant_annotation_pipeline,1.0,1,545545,107.0
tools,raw-memory,ale,ale,3,2,2,computing_math/cp_test_gen_1,0.2,0,2105676,317.0
tools,raw-memory,ale,ale,3,2,2,computing_math/k3_abelian_extensions,0.0,0,4984347,562.0
tools,raw-memory,ale,ale,3,2,2,engineering/mpc_control_building_v1,0.0,0,3133503,325.1
tools,raw-memory,ale,ale,3,2,2,health_medicine/healthcare_variant_annotation_pipeline,1.0,1,4131982,446.0
tools,raw-memory,ale,ale,3,2,3,computing_math/cp_test_gen_1,0.0,0,2969399,424.7
tools,raw-memory,ale,ale,3,2,3,computing_math/k3_abelian_extensions,1.0,1,1883357,380.8
tools,raw-memory,ale,ale,3,2,3,engineering/mpc_control_building_v1,0.0,0,3373988,638.8
tools,raw-memory,ale,ale,3,2,3,health_medicine/healthcare_variant_annotation_pipeline,1.0,1,2794016,528.7
tools,raw-memory,ale,ale,3,3,1,business_finance/digital_marketing_ab_test_analysis_1,0.0,0,2866953,385.8
tools,raw-memory,ale,ale,3,3,1,life_sciences/tms_marrow_cell_type_annotation_instance_1,0.0,0,3196728,426.7
tools,raw-memory,ale,ale,3,3,2,business_finance/digital_marketing_ab_test_analysis_1,0.0,0,3211903,698.0
tools,raw-memory,ale,ale,3,3,2,life_sciences/tms_marrow_cell_type_annotation_instance_1,0.0,0,8485068,481.0
tools,raw-memory,ale,ale,3,3,3,business_finance/digital_marketing_ab_test_analysis_1,0.0,0,2301150,403.5
tools,raw-memory,ale,ale,3,3,3,life_sciences/tms_marrow_cell_type_annotation_instance_1,0.0,0,3058440,475.9
tools,raw-memory,ale,ale,4,1,1,business_finance/american_option_pricing_ls,0.0,0,2941578,523.9
tools,raw-memory,ale,ale,4,1,1,business_finance/basel_operational_risk_bia_cn,0.0,0,1372730,152.9
tools,raw-memory,ale,ale,4,1,1,business_finance/bpmn_supply_disruption_l3,0.6281,0,4363134,647.1
tools,raw-memory,ale,ale,4,1,1,business_finance/digital_marketing_audience_segmentation_1,0.0,0,2582852,384.8
tools,raw-memory,ale,ale,4,1,1,business_finance/pe_screening_memo_1,0.8,0,4185234,401.9
tools,raw-memory,ale,ale,4,1,1,business_finance/sse_northbound_programmatic_trading_01,0.666667,0,4009005,171.5
tools,raw-memory,ale,ale,4,1,1,computing_math/branch_bound_atsp,0.0,0,3483489,480.6
tools,raw-memory,ale,ale,4,1,1,computing_math/cfr_game_theory_equilibrium,0.33,0,3065695,557.2
tools,raw-memory,ale,ale,4,1,1,computing_math/cost_optimization_1,0.0,0,1159612,269.7
tools,raw-memory,ale,ale,4,1,1,computing_math/ising_post_measurement_1,0.0,0,4102952,548.0
tools,raw-memory,ale,ale,4,1,1,computing_math/k8s_payment_api_root_cause_analysis,0.666667,0,2333778,182.8
tools,raw-memory,ale,ale,4,1,1,computing_math/recsys_cold_start_instance_1,0.166667,0,11605601,1535.7
tools,raw-memory,ale,ale,4,1,1,computing_math/synthetic_causal_structure_inference,0.140041,0,1849647,123.8
tools,raw-memory,ale,ale,4,1,1,education_info/homework_grading_numerical_pdes_instance_02,0.673152,0,5062465,344.9
tools,raw-memory,ale,ale,4,1,1,education_info/marc_remediation_folio_overlay,0.1,0,4255927,489.3
tools,raw-memory,ale,ale,4,1,1,education_info/moodle_gradebook_closeout_reconciliation,0.0,0,8318884,638.1
tools,raw-memory,ale,ale,4,1,1,engineering/aerospace_low_thrust_trajectory,0.0,0,2084633,300.5
tools,raw-memory,ale,ale,4,1,1,health_medicine/crf_sdtm_mapping_4,0.4522,0,5674986,440.9
tools,raw-memory,ale,ale,4,1,1,health_medicine/epidemiology_forecast,0.0,0,3777376,336.7
tools,raw-memory,ale,ale,4,1,1,health_medicine/flusight_offline_hosp_forecast_2024_12_14,0.0,0,5239957,305.9
tools,raw-memory,ale,ale,4,1,1,health_medicine/healthcare_bias_audit_27a_public_replication_v1,0.0,0,17803377,1908.0
tools,raw-memory,ale,ale,4,1,1,health_medicine/nhanes_confounder_sensitivity_analysis,0.847917,0,3066925,436.6
tools,raw-memory,ale,ale,4,1,1,health_medicine/scene3_skullstrip_qc,1.0,1,453470,82.9
tools,raw-memory,ale,ale,4,1,1,legal/agora_governance_classify_instance_1,0.0,0,10480741,719.8
tools,raw-memory,ale,ale,4,1,1,life_sciences/cell_tracking_instance_1,0.500521,0,6137411,346.8
tools,raw-memory,ale,ale,4,1,1,life_sciences/cell_translocation_analysis,0.0,0,3216423,552.9
tools,raw-memory,ale,ale,4,1,1,life_sciences/tcga_brca_deg_analysis,0.0,0,1430169,335.8
tools,raw-memory,ale,ale,4,1,1,physical_sciences/adapt_vqe_molecular_energy,0.0,0,8524578,741.9
tools,raw-memory,ale,ale,4,1,1,physical_sciences/gillespie_gene_regulatory_network,0.0,0,4275717,387.6
tools,raw-memory,ale,ale,4,1,1,physical_sciences/glm_lake_calibration,0.0,0,4194327,453.1
tools,raw-memory,ale,ale,4,1,1,physical_sciences/molecular_structure_plausibility,0.222222,0,1835311,146.6
tools,raw-memory,ale,ale,4,1,1,physical_sciences/mose2_bse_absorption_soc,0.0,0,2368919,560.2
tools,raw-memory,ale,ale,4,1,1,psychology_neuro/scene2_resample,0.0,0,228704,96.2
tools,raw-memory,ale,ale,4,1,1,transport_safety/abm_hangzhou_metro,0.0,0,3970763,473.6
tools,raw-memory,ale,ale,4,1,2,business_finance/american_option_pricing_ls,0.0,0,4173281,627.7
tools,raw-memory,ale,ale,4,1,2,business_finance/basel_operational_risk_bia_cn,0.0,0,2761393,193.7
tools,raw-memory,ale,ale,4,1,2,business_finance/bpmn_supply_disruption_l3,0.206,0,3485552,340.8
tools,raw-memory,ale,ale,4,1,2,business_finance/digital_marketing_audience_segmentation_1,0.9167,0,2309661,193.8
tools,raw-memory,ale,ale,4,1,2,business_finance/pe_screening_memo_1,0.725,0,1286359,169.2
tools,raw-memory,ale,ale,4,1,2,business_finance/sse_northbound_programmatic_trading_01,0.666667,0,3055556,184.4
tools,raw-memory,ale,ale,4,1,2,computing_math/branch_bound_atsp,0.95,0,9278575,1005.0
tools,raw-memory,ale,ale,4,1,2,computing_math/cfr_game_theory_equilibrium,0.0,0,3408195,1315.1
tools,raw-memory,ale,ale,4,1,2,computing_math/cost_optimization_1,0.0,0,5845893,697.5
tools,raw-memory,ale,ale,4,1,2,computing_math/ising_post_measurement_1,0.0,0,3694006,263.0
tools,raw-memory,ale,ale,4,1,2,computing_math/k8s_payment_api_root_cause_analysis,0.0,0,3299591,456.2
tools,raw-memory,ale,ale,4,1,2,computing_math/recsys_cold_start_instance_1,0.0,0,4365509,818.9
tools,raw-memory,ale,ale,4,1,2,computing_math/synthetic_causal_structure_inference,0.165041,0,2323353,144.0
tools,raw-memory,ale,ale,4,1,2,education_info/homework_grading_numerical_pdes_instance_02,0.703818,0,973711,139.2
tools,raw-memory,ale,ale,4,1,2,education_info/marc_remediation_folio_overlay,0.2,0,6855126,340.8
tools,raw-memory,ale,ale,4,1,2,education_info/moodle_gradebook_closeout_reconciliation,0.0,0,6768857,497.2
tools,raw-memory,ale,ale,4,1,2,engineering/aerospace_low_thrust_trajectory,0.0,0,1154237,126.4
tools,raw-memory,ale,ale,4,1,2,health_medicine/crf_sdtm_mapping_4,0.2368,0,9584574,557.7
tools,raw-memory,ale,ale,4,1,2,health_medicine/epidemiology_forecast,0.0,0,957013,326.5
tools,raw-memory,ale,ale,4,1,2,health_medicine/flusight_offline_hosp_forecast_2024_12_14,0.258327,0,691930,76.6
tools,raw-memory,ale,ale,4,1,2,health_medicine/healthcare_bias_audit_27a_public_replication_v1,0.0,0,11891989,1223.3
tools,raw-memory,ale,ale,4,1,2,health_medicine/nhanes_confounder_sensitivity_analysis,0.528778,0,2327159,197.2
tools,raw-memory,ale,ale,4,1,2,health_medicine/scene3_skullstrip_qc,1.0,1,453631,78.5
tools,raw-memory,ale,ale,4,1,2,legal/agora_governance_classify_instance_1,0.541799,0,3520703,221.2
tools,raw-memory,ale,ale,4,1,2,life_sciences/cell_tracking_instance_1,0.749393,0,3746882,499.3
tools,raw-memory,ale,ale,4,1,2,life_sciences/cell_translocation_analysis,0.0,0,2093253,533.3
tools,raw-memory,ale,ale,4,1,2,life_sciences/tcga_brca_deg_analysis,0.0,0,2131722,488.3
tools,raw-memory,ale,ale,4,1,2,physical_sciences/adapt_vqe_molecular_energy,0.0,0,3311098,394.5
tools,raw-memory,ale,ale,4,1,2,physical_sciences/gillespie_gene_regulatory_network,0.0,0,1236230,429.3
tools,raw-memory,ale,ale,4,1,2,physical_sciences/glm_lake_calibration,0.0,0,13288980,706.5
tools,raw-memory,ale,ale,4,1,2,physical_sciences/molecular_structure_plausibility,0.222222,0,1620354,174.2
tools,raw-memory,ale,ale,4,1,2,physical_sciences/mose2_bse_absorption_soc,0.0,0,1408249,263.7
tools,raw-memory,ale,ale,4,1,2,psychology_neuro/scene2_resample,0.0,0,231217,117.4
tools,raw-memory,ale,ale,4,1,2,transport_safety/abm_hangzhou_metro,0.0,0,2768068,618.0
tools,raw-memory,ale,ale,4,1,3,business_finance/american_option_pricing_ls,0.5,0,1184126,348.2
tools,raw-memory,ale,ale,4,1,3,business_finance/basel_operational_risk_bia_cn,0.0,0,4410102,416.3
tools,raw-memory,ale,ale,4,1,3,business_finance/bpmn_supply_disruption_l3,0.4326,0,4377179,494.5
tools,raw-memory,ale,ale,4,1,3,business_finance/digital_marketing_audience_segmentation_1,0.9042,0,3311527,416.4
tools,raw-memory,ale,ale,4,1,3,business_finance/pe_screening_memo_1,0.8625,0,1701681,152.5
tools,raw-memory,ale,ale,4,1,3,business_finance/sse_northbound_programmatic_trading_01,0.333333,0,2188179,150.1
tools,raw-memory,ale,ale,4,1,3,computing_math/branch_bound_atsp,0.9,0,7374792,725.8
tools,raw-memory,ale,ale,4,1,3,computing_math/cfr_game_theory_equilibrium,0.0,0,2648442,907.1
tools,raw-memory,ale,ale,4,1,3,computing_math/cost_optimization_1,0.618035,0,1838294,422.6
tools,raw-memory,ale,ale,4,1,3,computing_math/ising_post_measurement_1,1.0,1,4008888,416.3
tools,raw-memory,ale,ale,4,1,3,computing_math/k8s_payment_api_root_cause_analysis,0.688889,0,3039748,223.8
tools,raw-memory,ale,ale,4,1,3,computing_math/recsys_cold_start_instance_1,0.5,0,4247211,616.0
tools,raw-memory,ale,ale,4,1,3,computing_math/synthetic_causal_structure_inference,0.306043,0,3047353,204.1
tools,raw-memory,ale,ale,4,1,3,education_info/homework_grading_numerical_pdes_instance_02,0.0,0,6121195,271.8
tools,raw-memory,ale,ale,4,1,3,education_info/marc_remediation_folio_overlay,0.1,0,11814458,615.8
tools,raw-memory,ale,ale,4,1,3,education_info/moodle_gradebook_closeout_reconciliation,0.0,0,8380531,520.4
tools,raw-memory,ale,ale,4,1,3,engineering/aerospace_low_thrust_trajectory,0.0,0,2332649,174.9
tools,raw-memory,ale,ale,4,1,3,health_medicine/crf_sdtm_mapping_4,0.0,0,8084493,459.3
tools,raw-memory,ale,ale,4,1,3,health_medicine/epidemiology_forecast,0.0,0,3057691,357.3
tools,raw-memory,ale,ale,4,1,3,health_medicine/flusight_offline_hosp_forecast_2024_12_14,0.464332,0,1397172,125.4
tools,raw-memory,ale,ale,4,1,3,health_medicine/healthcare_bias_audit_27a_public_replication_v1,0.0,0,12783339,1101.2
tools,raw-memory,ale,ale,4,1,3,health_medicine/nhanes_confounder_sensitivity_analysis,0.53782,0,1646616,212.9
tools,raw-memory,ale,ale,4,1,3,health_medicine/scene3_skullstrip_qc,1.0,1,1366979,95.3
tools,raw-memory,ale,ale,4,1,3,legal/agora_governance_classify_instance_1,0.0,0,12981130,729.7
tools,raw-memory,ale,ale,4,1,3,life_sciences/cell_tracking_instance_1,0.75745,0,7261400,656.3
tools,raw-memory,ale,ale,4,1,3,life_sciences/cell_translocation_analysis,0.0,0,2812956,394.6
tools,raw-memory,ale,ale,4,1,3,life_sciences/tcga_brca_deg_analysis,0.0,0,5415472,902.3
tools,raw-memory,ale,ale,4,1,3,physical_sciences/adapt_vqe_molecular_energy,0.0,0,3924175,669.1
tools,raw-memory,ale,ale,4,1,3,physical_sciences/gillespie_gene_regulatory_network,0.54,0,5136576,686.2
tools,raw-memory,ale,ale,4,1,3,physical_sciences/glm_lake_calibration,0.0,0,3683652,220.8
tools,raw-memory,ale,ale,4,1,3,physical_sciences/molecular_structure_plausibility,0.222222,0,1837893,162.9
tools,raw-memory,ale,ale,4,1,3,physical_sciences/mose2_bse_absorption_soc,0.0,0,1170335,203.8
tools,raw-memory,ale,ale,4,1,3,psychology_neuro/scene2_resample,0.0,0,2588039,318.2
tools,raw-memory,ale,ale,4,1,3,transport_safety/abm_hangzhou_metro,0.0,0,8842240,995.2
tools,raw-memory,ale,ale,4,2,1,computing_math/cp_test_gen_1,0.5,0,939382,220.6
tools,raw-memory,ale,ale,4,2,1,computing_math/k3_abelian_extensions,0.0,0,1906823,289.5
tools,raw-memory,ale,ale,4,2,1,engineering/mpc_control_building_v1,0.0,0,7079168,579.0
tools,raw-memory,ale,ale,4,2,1,health_medicine/healthcare_variant_annotation_pipeline,0.999,0,4903917,245.4
tools,raw-memory,ale,ale,4,2,2,computing_math/cp_test_gen_1,0.0,0,691187,145.4
tools,raw-memory,ale,ale,4,2,2,computing_math/k3_abelian_extensions,0.0,0,1659395,331.5
tools,raw-memory,ale,ale,4,2,2,engineering/mpc_control_building_v1,0.0,0,6388372,947.2
tools,raw-memory,ale,ale,4,2,2,health_medicine/healthcare_variant_annotation_pipeline,0.0,0,2113576,406.1
tools,raw-memory,ale,ale,4,2,3,computing_math/cp_test_gen_1,0.3,0,1632085,258.9
tools,raw-memory,ale,ale,4,2,3,computing_math/k3_abelian_extensions,0.0,0,952545,238.9
tools,raw-memory,ale,ale,4,2,3,engineering/mpc_control_building_v1,0.0,0,4432336,237.9
tools,raw-memory,ale,ale,4,2,3,health_medicine/healthcare_variant_annotation_pipeline,0.0,0,1647609,216.8
tools,raw-memory,ale,ale,4,3,1,business_finance/digital_marketing_ab_test_analysis_1,0.0,0,4228240,536.4
tools,raw-memory,ale,ale,4,3,1,life_sciences/tms_marrow_cell_type_annotation_instance_1,0.0,0,3182934,715.6
tools,raw-memory,ale,ale,4,3,2,business_finance/digital_marketing_ab_test_analysis_1,1.0,1,1341074,263.7
tools,raw-memory,ale,ale,4,3,2,life_sciences/tms_marrow_cell_type_annotation_instance_1,0.0,0,4456201,578.1
tools,raw-memory,ale,ale,4,3,3,business_finance/digital_marketing_ab_test_analysis_1,0.0,0,1161756,145.2
tools,raw-memory,ale,ale,4,3,3,life_sciences/tms_marrow_cell_type_annotation_instance_1,0.0,0,3250158,276.9
tools,raw-memory,ale,ale,4,4,1,business_finance/financial_stmt_reconstruction_aapl_fy2024,1.0,1,4191865,227.8
tools,raw-memory,ale,ale,4,4,1,business_finance/sec_10k_financial_parsing,0.3926,0,7941276,646.7
tools,raw-memory,ale,ale,4,4,1,engineering/openroad_sky130_ibex_pnr_signoff,0.0,0,3746847,210.0
tools,raw-memory,ale,ale,4,4,1,health_medicine/prostate_imrt_matrad_reproduction,0.0,0,2793202,200.8
tools,raw-memory,ale,ale,4,4,1,health_medicine/wsi_tumor_localization_1,0.0,0,1604858,150.0
tools,raw-memory,ale,ale,4,4,1,life_sciences/gene_expression_differential_analysis_functional_enrichment_analysis_1,0.0,0,6485458,2133.2
tools,raw-memory,ale,ale,4,4,2,business_finance/financial_stmt_reconstruction_aapl_fy2024,1.0,1,2598564,207.1
tools,raw-memory,ale,ale,4,4,2,business_finance/sec_10k_financial_parsing,0.0,0,2531859,220.9
tools,raw-memory,ale,ale,4,4,2,engineering/openroad_sky130_ibex_pnr_signoff,0.0,0,5832529,240.3
tools,raw-memory,ale,ale,4,4,2,health_medicine/prostate_imrt_matrad_reproduction,0.0,0,6726811,534.8
tools,raw-memory,ale,ale,4,4,2,health_medicine/wsi_tumor_localization_1,0.0,0,1140721,139.2
tools,raw-memory,ale,ale,4,4,2,life_sciences/gene_expression_differential_analysis_functional_enrichment_analysis_1,0.0,0,4458630,1674.2
tools,raw-memory,ale,ale,4,4,3,business_finance/financial_stmt_reconstruction_aapl_fy2024,1.0,1,1664373,105.1
tools,raw-memory,ale,ale,4,4,3,business_finance/sec_10k_financial_parsing,0.0,0,2574147,265.0
tools,raw-memory,ale,ale,4,4,3,engineering/openroad_sky130_ibex_pnr_signoff,0.0,0,2318637,148.3
tools,raw-memory,ale,ale,4,4,3,health_medicine/prostate_imrt_matrad_reproduction,0.0,0,5404622,238.0
tools,raw-memory,ale,ale,4,4,3,health_medicine/wsi_tumor_localization_1,0.0,0,4244836,256.8
tools,raw-memory,ale,ale,4,4,3,life_sciences/gene_expression_differential_analysis_functional_enrichment_analysis_1,0.0,0,0,775.7
tools,raw-memory,ale,ale,5,1,1,business_finance/american_option_pricing_ls,0.0,0,3893240,666.2
tools,raw-memory,ale,ale,5,1,1,business_finance/basel_operational_risk_bia_cn,0.0,0,3991926,544.5
tools,raw-memory,ale,ale,5,1,1,business_finance/bpmn_supply_disruption_l3,0.3057,0,3191232,539.2
tools,raw-memory,ale,ale,5,1,1,business_finance/digital_marketing_audience_segmentation_1,0.0,0,3617065,548.1
tools,raw-memory,ale,ale,5,1,1,business_finance/pe_screening_memo_1,0.75625,0,2606961,319.6
tools,raw-memory,ale,ale,5,1,1,business_finance/sse_northbound_programmatic_trading_01,0.666667,0,1518722,157.2
tools,raw-memory,ale,ale,5,1,1,computing_math/branch_bound_atsp,0.0,0,2958951,465.7
tools,raw-memory,ale,ale,5,1,1,computing_math/cfr_game_theory_equilibrium,0.0,0,2136509,593.8
tools,raw-memory,ale,ale,5,1,1,computing_math/cost_optimization_1,0.849262,0,2421869,386.5
tools,raw-memory,ale,ale,5,1,1,computing_math/ising_post_measurement_1,0.0,0,2270176,486.9
tools,raw-memory,ale,ale,5,1,1,computing_math/k8s_payment_api_root_cause_analysis,0.638889,0,2615936,405.8
tools,raw-memory,ale,ale,5,1,1,computing_math/recsys_cold_start_instance_1,0.333333,0,2938147,494.0
tools,raw-memory,ale,ale,5,1,1,computing_math/synthetic_causal_structure_inference,0.353868,0,2342827,285.8
tools,raw-memory,ale,ale,5,1,1,education_info/homework_grading_numerical_pdes_instance_02,0.0,0,1967772,396.5
tools,raw-memory,ale,ale,5,1,1,education_info/marc_remediation_folio_overlay,0.1,0,4359283,409.4
tools,raw-memory,ale,ale,5,1,1,education_info/moodle_gradebook_closeout_reconciliation,0.0,0,3504181,410.9
tools,raw-memory,ale,ale,5,1,1,engineering/aerospace_low_thrust_trajectory,0.0,0,1457336,660.7
tools,raw-memory,ale,ale,5,1,1,health_medicine/crf_sdtm_mapping_4,0.0,0,4193696,338.4
tools,raw-memory,ale,ale,5,1,1,health_medicine/epidemiology_forecast,0.0,0,2402867,597.0
tools,raw-memory,ale,ale,5,1,1,health_medicine/flusight_offline_hosp_forecast_2024_12_14,0.0,0,873422,182.8
tools,raw-memory,ale,ale,5,1,1,health_medicine/healthcare_bias_audit_27a_public_replication_v1,0.0,0,7836945,1114.0
tools,raw-memory,ale,ale,5,1,1,health_medicine/nhanes_confounder_sensitivity_analysis,0.0,0,4217114,604.9
tools,raw-memory,ale,ale,5,1,1,health_medicine/scene3_skullstrip_qc,1.0,1,714201,127.4
tools,raw-memory,ale,ale,5,1,1,legal/agora_governance_classify_instance_1,0.676296,0,8838447,357.2
tools,raw-memory,ale,ale,5,1,1,life_sciences/cell_tracking_instance_1,0.0,0,3336490,839.2
tools,raw-memory,ale,ale,5,1,1,life_sciences/cell_translocation_analysis,0.0,0,3056752,402.1
tools,raw-memory,ale,ale,5,1,1,life_sciences/tcga_brca_deg_analysis,0.0,0,1976733,648.2
tools,raw-memory,ale,ale,5,1,1,physical_sciences/adapt_vqe_molecular_energy,0.0,0,1554166,332.1
tools,raw-memory,ale,ale,5,1,1,physical_sciences/gillespie_gene_regulatory_network,0.0,0,4604919,560.8
tools,raw-memory,ale,ale,5,1,1,physical_sciences/glm_lake_calibration,0.0,0,2427470,229.9
tools,raw-memory,ale,ale,5,1,1,physical_sciences/molecular_structure_plausibility,0.166667,0,2202361,396.6
tools,raw-memory,ale,ale,5,1,1,physical_sciences/mose2_bse_absorption_soc,0.0,0,747526,201.2
tools,raw-memory,ale,ale,5,1,1,psychology_neuro/scene2_resample,0.0,0,2128070,330.3
tools,raw-memory,ale,ale,5,1,1,transport_safety/abm_hangzhou_metro,0.0,0,1745079,282.3
tools,raw-memory,ale,ale,5,1,2,business_finance/american_option_pricing_ls,0.0,0,2821783,490.4
tools,raw-memory,ale,ale,5,1,2,business_finance/basel_operational_risk_bia_cn,0.0,0,2651885,355.8
tools,raw-memory,ale,ale,5,1,2,business_finance/bpmn_supply_disruption_l3,0.0,0,2148099,465.0
tools,raw-memory,ale,ale,5,1,2,business_finance/digital_marketing_audience_segmentation_1,0.0,0,1432230,425.8
tools,raw-memory,ale,ale,5,1,2,business_finance/pe_screening_memo_1,0.66875,0,5094771,367.6
tools,raw-memory,ale,ale,5,1,2,business_finance/sse_northbound_programmatic_trading_01,0.666667,0,1667036,154.5
tools,raw-memory,ale,ale,5,1,2,computing_math/branch_bound_atsp,0.9,0,9405583,1599.3
tools,raw-memory,ale,ale,5,1,2,computing_math/cfr_game_theory_equilibrium,0.33,0,2009699,753.9
tools,raw-memory,ale,ale,5,1,2,computing_math/cost_optimization_1,0.0,0,2179047,355.4
tools,raw-memory,ale,ale,5,1,2,computing_math/ising_post_measurement_1,1.0,1,758028,290.1
tools,raw-memory,ale,ale,5,1,2,computing_math/k8s_payment_api_root_cause_analysis,0.838889,0,1363515,172.9
tools,raw-memory,ale,ale,5,1,2,computing_math/recsys_cold_start_instance_1,0.0,0,1196273,446.2
tools,raw-memory,ale,ale,5,1,2,computing_math/synthetic_causal_structure_inference,0.240069,0,2885321,214.2
tools,raw-memory,ale,ale,5,1,2,education_info/homework_grading_numerical_pdes_instance_02,0.743818,0,2111690,266.3
tools,raw-memory,ale,ale,5,1,2,education_info/marc_remediation_folio_overlay,0.2,0,5030411,466.9
tools,raw-memory,ale,ale,5,1,2,education_info/moodle_gradebook_closeout_reconciliation,0.0,0,3883032,347.0
tools,raw-memory,ale,ale,5,1,2,engineering/aerospace_low_thrust_trajectory,0.0,0,3085689,779.7
tools,raw-memory,ale,ale,5,1,2,health_medicine/crf_sdtm_mapping_4,0.5455,0,2820511,267.2
tools,raw-memory,ale,ale,5,1,2,health_medicine/epidemiology_forecast,0.0,0,7083945,479.0
tools,raw-memory,ale,ale,5,1,2,health_medicine/flusight_offline_hosp_forecast_2024_12_14,0.099513,0,1048343,139.3
tools,raw-memory,ale,ale,5,1,2,health_medicine/healthcare_bias_audit_27a_public_replication_v1,0.0,0,10458550,1201.3
tools,raw-memory,ale,ale,5,1,2,health_medicine/nhanes_confounder_sensitivity_analysis,0.534375,0,2633291,423.3
tools,raw-memory,ale,ale,5,1,2,health_medicine/scene3_skullstrip_qc,1.0,1,497610,90.1
tools,raw-memory,ale,ale,5,1,2,legal/agora_governance_classify_instance_1,0.469841,0,3233841,235.5
tools,raw-memory,ale,ale,5,1,2,life_sciences/cell_tracking_instance_1,0.0,0,2782659,741.0
tools,raw-memory,ale,ale,5,1,2,life_sciences/cell_translocation_analysis,0.0,0,1518623,361.4
tools,raw-memory,ale,ale,5,1,2,life_sciences/tcga_brca_deg_analysis,0.0,0,2074300,587.6
tools,raw-memory,ale,ale,5,1,2,physical_sciences/adapt_vqe_molecular_energy,0.0,0,2303321,464.1
tools,raw-memory,ale,ale,5,1,2,physical_sciences/gillespie_gene_regulatory_network,0.0,0,2473694,379.8
tools,raw-memory,ale,ale,5,1,2,physical_sciences/glm_lake_calibration,0.0,0,2581892,238.5
tools,raw-memory,ale,ale,5,1,2,physical_sciences/molecular_structure_plausibility,0.375,0,1462682,182.5
tools,raw-memory,ale,ale,5,1,2,physical_sciences/mose2_bse_absorption_soc,0.0,0,2127126,205.4
tools,raw-memory,ale,ale,5,1,2,psychology_neuro/scene2_resample,0.0,0,1546885,282.2
tools,raw-memory,ale,ale,5,1,2,transport_safety/abm_hangzhou_metro,0.0,0,2704620,316.1
tools,raw-memory,ale,ale,5,1,3,business_finance/american_option_pricing_ls,0.0,0,1193698,320.0
tools,raw-memory,ale,ale,5,1,3,business_finance/basel_operational_risk_bia_cn,0.0,0,3334610,371.4
tools,raw-memory,ale,ale,5,1,3,business_finance/bpmn_supply_disruption_l3,0.7471,0,5288224,698.9
tools,raw-memory,ale,ale,5,1,3,business_finance/digital_marketing_audience_segmentation_1,0.9042,0,2121808,483.5
tools,raw-memory,ale,ale,5,1,3,business_finance/pe_screening_memo_1,0.709375,0,8713695,499.1
tools,raw-memory,ale,ale,5,1,3,business_finance/sse_northbound_programmatic_trading_01,0.333333,0,1331175,172.6
tools,raw-memory,ale,ale,5,1,3,computing_math/branch_bound_atsp,0.2875,0,6068665,1284.5
tools,raw-memory,ale,ale,5,1,3,computing_math/cfr_game_theory_equilibrium,0.0,0,1322080,577.5
tools,raw-memory,ale,ale,5,1,3,computing_math/cost_optimization_1,0.0,0,1852119,364.5
tools,raw-memory,ale,ale,5,1,3,computing_math/ising_post_measurement_1,0.0,0,2916320,528.4
tools,raw-memory,ale,ale,5,1,3,computing_math/k8s_payment_api_root_cause_analysis,0.638889,0,1353337,192.5
tools,raw-memory,ale,ale,5,1,3,computing_math/recsys_cold_start_instance_1,0.5,0,5856342,851.9
tools,raw-memory,ale,ale,5,1,3,computing_math/synthetic_causal_structure_inference,0.140041,0,3786278,742.8
tools,raw-memory,ale,ale,5,1,3,education_info/homework_grading_numerical_pdes_instance_02,0.689818,0,619079,151.4
tools,raw-memory,ale,ale,5,1,3,education_info/marc_remediation_folio_overlay,0.0,0,3229185,383.6
tools,raw-memory,ale,ale,5,1,3,education_info/moodle_gradebook_closeout_reconciliation,0.0,0,3452358,398.0
tools,raw-memory,ale,ale,5,1,3,engineering/aerospace_low_thrust_trajectory,0.0,0,2552811,824.7
tools,raw-memory,ale,ale,5,1,3,health_medicine/crf_sdtm_mapping_4,0.0,0,5056760,357.7
tools,raw-memory,ale,ale,5,1,3,health_medicine/epidemiology_forecast,0.0,0,2194709,643.4
tools,raw-memory,ale,ale,5,1,3,health_medicine/flusight_offline_hosp_forecast_2024_12_14,0.028159,0,2535101,255.3
tools,raw-memory,ale,ale,5,1,3,health_medicine/healthcare_bias_audit_27a_public_replication_v1,0.0,0,10045854,1211.2
tools,raw-memory,ale,ale,5,1,3,health_medicine/nhanes_confounder_sensitivity_analysis,0.847917,0,3384419,428.4
tools,raw-memory,ale,ale,5,1,3,health_medicine/scene3_skullstrip_qc,1.0,1,1183818,218.3
tools,raw-memory,ale,ale,5,1,3,legal/agora_governance_classify_instance_1,0.0,0,8711327,616.8
tools,raw-memory,ale,ale,5,1,3,life_sciences/cell_tracking_instance_1,0.487354,0,1471960,231.3
tools,raw-memory,ale,ale,5,1,3,life_sciences/cell_translocation_analysis,0.0,0,1998055,644.2
tools,raw-memory,ale,ale,5,1,3,life_sciences/tcga_brca_deg_analysis,0.0,0,7059074,866.4
tools,raw-memory,ale,ale,5,1,3,physical_sciences/adapt_vqe_molecular_energy,0.0,0,1799847,469.5
tools,raw-memory,ale,ale,5,1,3,physical_sciences/gillespie_gene_regulatory_network,0.0,0,1287184,441.6
tools,raw-memory,ale,ale,5,1,3,physical_sciences/glm_lake_calibration,0.0,0,3337258,315.6
tools,raw-memory,ale,ale,5,1,3,physical_sciences/molecular_structure_plausibility,0.0,0,2080792,300.5
tools,raw-memory,ale,ale,5,1,3,physical_sciences/mose2_bse_absorption_soc,0.0,0,2648881,305.0
tools,raw-memory,ale,ale,5,1,3,psychology_neuro/scene2_resample,0.0,0,2137395,349.6
tools,raw-memory,ale,ale,5,1,3,transport_safety/abm_hangzhou_metro,0.0,0,1687096,445.1
tools,raw-memory,ale,ale,5,2,1,computing_math/cp_test_gen_1,0.0,0,2345593,332.8
tools,raw-memory,ale,ale,5,2,1,computing_math/k3_abelian_extensions,0.0,0,2140616,484.9
tools,raw-memory,ale,ale,5,2,1,engineering/mpc_control_building_v1,0.0,0,1959774,396.4
tools,raw-memory,ale,ale,5,2,1,health_medicine/healthcare_variant_annotation_pipeline,0.0,0,1215093,466.2
tools,raw-memory,ale,ale,5,2,2,computing_math/cp_test_gen_1,0.4,0,1162127,404.7
tools,raw-memory,ale,ale,5,2,2,computing_math/k3_abelian_extensions,0.0,0,1169657,261.8
tools,raw-memory,ale,ale,5,2,2,engineering/mpc_control_building_v1,0.0,0,2823853,449.3
tools,raw-memory,ale,ale,5,2,2,health_medicine/healthcare_variant_annotation_pipeline,1.0,1,830533,154.4
tools,raw-memory,ale,ale,5,2,3,computing_math/cp_test_gen_1,0.0,0,1021093,401.1
tools,raw-memory,ale,ale,5,2,3,computing_math/k3_abelian_extensions,0.0,0,3760865,671.7
tools,raw-memory,ale,ale,5,2,3,engineering/mpc_control_building_v1,0.0,0,3816826,471.1
tools,raw-memory,ale,ale,5,2,3,health_medicine/healthcare_variant_annotation_pipeline,0.999,0,2367288,271.4
tools,raw-memory,ale,ale,5,3,1,business_finance/digital_marketing_ab_test_analysis_1,0.0,0,1186643,426.1
tools,raw-memory,ale,ale,5,3,1,life_sciences/tms_marrow_cell_type_annotation_instance_1,0.0,0,1588652,274.3
tools,raw-memory,ale,ale,5,3,2,business_finance/digital_marketing_ab_test_analysis_1,0.0,0,1724396,329.7
tools,raw-memory,ale,ale,5,3,2,life_sciences/tms_marrow_cell_type_annotation_instance_1,0.0,0,1469119,723.8
tools,raw-memory,ale,ale,5,3,3,business_finance/digital_marketing_ab_test_analysis_1,0.0,0,2021856,373.1
tools,raw-memory,ale,ale,5,3,3,life_sciences/tms_marrow_cell_type_annotation_instance_1,0.0,0,991607,297.5
tools,raw-memory,ale,ale,5,4,1,business_finance/financial_stmt_reconstruction_aapl_fy2024,1.0,1,2235357,206.1
tools,raw-memory,ale,ale,5,4,1,business_finance/sec_10k_financial_parsing,0.0,0,1781532,473.1
tools,raw-memory,ale,ale,5,4,1,engineering/openroad_sky130_ibex_pnr_signoff,0.0,0,1046648,170.6
tools,raw-memory,ale,ale,5,4,1,health_medicine/prostate_imrt_matrad_reproduction,0.0,0,7965777,679.8
tools,raw-memory,ale,ale,5,4,1,health_medicine/wsi_tumor_localization_1,0.0,0,1481743,190.1
tools,raw-memory,ale,ale,5,4,1,life_sciences/gene_expression_differential_analysis_functional_enrichment_analysis_1,0.0,0,0,620.6
tools,raw-memory,ale,ale,5,4,2,business_finance/financial_stmt_reconstruction_aapl_fy2024,0.933333,0,1456060,189.3
tools,raw-memory,ale,ale,5,4,2,business_finance/sec_10k_financial_parsing,0.1496,0,2575969,467.2
tools,raw-memory,ale,ale,5,4,2,engineering/openroad_sky130_ibex_pnr_signoff,0.0,0,1885177,184.3
tools,raw-memory,ale,ale,5,4,2,health_medicine/prostate_imrt_matrad_reproduction,0.0,0,1709110,213.3
tools,raw-memory,ale,ale,5,4,2,health_medicine/wsi_tumor_localization_1,0.0,0,1136216,222.6
tools,raw-memory,ale,ale,5,4,2,life_sciences/gene_expression_differential_analysis_functional_enrichment_analysis_1,0.0,0,3598041,926.3
tools,raw-memory,ale,ale,5,4,3,business_finance/financial_stmt_reconstruction_aapl_fy2024,1.0,1,2374414,267.3
tools,raw-memory,ale,ale,5,4,3,business_finance/sec_10k_financial_parsing,0.0,0,1349247,456.2
tools,raw-memory,ale,ale,5,4,3,engineering/openroad_sky130_ibex_pnr_signoff,0.0,0,2435061,182.7
tools,raw-memory,ale,ale,5,4,3,health_medicine/prostate_imrt_matrad_reproduction,0.0,0,3034352,334.1
tools,raw-memory,ale,ale,5,4,3,health_medicine/wsi_tumor_localization_1,0.0,0,1842078,272.8
tools,raw-memory,ale,ale,5,4,3,life_sciences/gene_expression_differential_analysis_functional_enrichment_analysis_1,0.0,0,0,475.0
tools,raw-memory,ale,ale,5,5,1,business_finance/legal_ma_consistency_audit_01,0.0,0,2717713,228.6
tools,raw-memory,ale,ale,5,5,1,computing_math/clustered_cyclic_code_circuit_level_simulation,0.0,0,2545727,487.3
tools,raw-memory,ale,ale,5,5,1,computing_math/data_pipeline_etl_instance_1,0.5,0,5017850,494.8
tools,raw-memory,ale,ale,5,5,1,computing_math/k8s_migration_1,0.479167,0,3788806,299.1
tools,raw-memory,ale,ale,5,5,1,engineering/humanoid_wbc_policy_evaluation,0.0,0,3412199,376.2
tools,raw-memory,ale,ale,5,5,1,health_medicine/healthcare_sap_group_sequential_nsclc,0.24,0,1892567,415.0
tools,raw-memory,ale,ale,5,5,1,health_medicine/healthcare_tcga_luad_survival_kras,0.0,0,3010961,878.6
tools,raw-memory,ale,ale,5,5,1,health_medicine/ltmle_targeted_bootstrap_simulation_study,0.0,0,5296616,395.1
tools,raw-memory,ale,ale,5,5,1,health_medicine/public_health_mask_mandate_ratio,0.333333,0,1919565,358.8
tools,raw-memory,ale,ale,5,5,1,health_medicine/replicate_paper_1,0.0,0,1511716,510.3
tools,raw-memory,ale,ale,5,5,1,life_sciences/hg002_chr22_germline_variant_pipeline,0.0,0,4268382,387.8
tools,raw-memory,ale,ale,5,5,1,life_sciences/idp_ensemble_scoring,0.0,0,4502414,1341.3
tools,raw-memory,ale,ale,5,5,1,life_sciences/rgi_mcr1_colistin_v2,1.0,1,1574075,199.5
tools,raw-memory,ale,ale,5,5,1,physical_sciences/climate_prediction,0.25,0,2837074,960.5
tools,raw-memory,ale,ale,5,5,1,social_sciences/atwood_2022_measles_vaccine_reproduction,1.0,1,4264007,270.6
tools,raw-memory,ale,ale,5,5,1,transport_safety/capacitated_vehicle_routing_problems,0.33,0,4574165,362.2
tools,raw-memory,ale,ale,5,5,1,transport_safety/fds_single_compartment_detector_reconstruction,0.0,0,4108964,553.5
tools,raw-memory,ale,ale,5,5,2,business_finance/legal_ma_consistency_audit_01,0.0,0,2577726,167.2
tools,raw-memory,ale,ale,5,5,2,computing_math/clustered_cyclic_code_circuit_level_simulation,0.0,0,1546215,285.2
tools,raw-memory,ale,ale,5,5,2,computing_math/data_pipeline_etl_instance_1,0.666667,0,2407274,477.1
tools,raw-memory,ale,ale,5,5,2,computing_math/k8s_migration_1,0.579167,0,1573404,287.6
tools,raw-memory,ale,ale,5,5,2,engineering/humanoid_wbc_policy_evaluation,0.0,0,2242696,387.6
tools,raw-memory,ale,ale,5,5,2,health_medicine/healthcare_sap_group_sequential_nsclc,0.0,0,2275176,618.3
tools,raw-memory,ale,ale,5,5,2,health_medicine/healthcare_tcga_luad_survival_kras,0.0,0,1580918,396.0
tools,raw-memory,ale,ale,5,5,2,health_medicine/ltmle_targeted_bootstrap_simulation_study,0.0,0,14402434,859.7
tools,raw-memory,ale,ale,5,5,2,health_medicine/public_health_mask_mandate_ratio,0.0,0,2184315,608.0
tools,raw-memory,ale,ale,5,5,2,health_medicine/replicate_paper_1,1.0,1,633835,205.5
tools,raw-memory,ale,ale,5,5,2,life_sciences/hg002_chr22_germline_variant_pipeline,0.0,0,12653351,886.9
tools,raw-memory,ale,ale,5,5,2,life_sciences/idp_ensemble_scoring,0.05,0,4372245,587.7
tools,raw-memory,ale,ale,5,5,2,life_sciences/rgi_mcr1_colistin_v2,1.0,1,2645339,234.7
tools,raw-memory,ale,ale,5,5,2,physical_sciences/climate_prediction,0.05,0,3333452,1051.0
tools,raw-memory,ale,ale,5,5,2,social_sciences/atwood_2022_measles_vaccine_reproduction,1.0,1,2381168,392.1
tools,raw-memory,ale,ale,5,5,2,transport_safety/capacitated_vehicle_routing_problems,1.0,1,5108737,621.3
tools,raw-memory,ale,ale,5,5,2,transport_safety/fds_single_compartment_detector_reconstruction,0.0,0,2491392,916.9
tools,raw-memory,ale,ale,5,5,3,business_finance/legal_ma_consistency_audit_01,0.0,0,4603961,304.3
tools,raw-memory,ale,ale,5,5,3,computing_math/clustered_cyclic_code_circuit_level_simulation,0.0,0,3215991,726.0
tools,raw-memory,ale,ale,5,5,3,computing_math/data_pipeline_etl_instance_1,0.5,0,2910877,797.3
tools,raw-memory,ale,ale,5,5,3,computing_math/k8s_migration_1,0.7,0,2482999,438.0
tools,raw-memory,ale,ale,5,5,3,engineering/humanoid_wbc_policy_evaluation,0.0,0,3115245,415.5
tools,raw-memory,ale,ale,5,5,3,health_medicine/healthcare_sap_group_sequential_nsclc,0.0,0,949617,666.8
tools,raw-memory,ale,ale,5,5,3,health_medicine/healthcare_tcga_luad_survival_kras,0.0,0,0,2126.9
tools,raw-memory,ale,ale,5,5,3,health_medicine/ltmle_targeted_bootstrap_simulation_study,0.0,0,4569653,947.6
tools,raw-memory,ale,ale,5,5,3,health_medicine/public_health_mask_mandate_ratio,0.0,0,540104,1884.8
tools,raw-memory,ale,ale,5,5,3,health_medicine/replicate_paper_1,0.0,0,3219944,626.6
tools,raw-memory,ale,ale,5,5,3,life_sciences/hg002_chr22_germline_variant_pipeline,0.0,0,5575075,779.3
tools,raw-memory,ale,ale,5,5,3,life_sciences/idp_ensemble_scoring,0.0,0,3202224,778.3
tools,raw-memory,ale,ale,5,5,3,life_sciences/rgi_mcr1_colistin_v2,0.0,0,802799,155.6
tools,raw-memory,ale,ale,5,5,3,physical_sciences/climate_prediction,0.5267,0,3540822,1160.4
tools,raw-memory,ale,ale,5,5,3,social_sciences/atwood_2022_measles_vaccine_reproduction,1.0,1,1918646,291.7
tools,raw-memory,ale,ale,5,5,3,transport_safety/capacitated_vehicle_routing_problems,1.0,1,3678038,517.3
tools,raw-memory,ale,ale,5,5,3,transport_safety/fds_single_compartment_detector_reconstruction,0.0,0,2009674,415.2
tools,raw-memory,eog,calendar,1,1,1,task_20251124_112741_995_0a0bf089_3906a767,0.8,0,177611,69.1
tools,raw-memory,eog,calendar,1,1,1,task_20251128_220140_863_df2c536d_4aa7dcfd,0.666667,0,96417,118.5
tools,raw-memory,eog,calendar,1,1,1,task_20251130_105156_866_0a0bf089_eef6d2ed,0.25,0,706859,451.9
tools,raw-memory,eog,calendar,1,1,1,task_20251203_080219_432_6f5b66fc_03eb353c,0.0,0,27757,82.0
tools,raw-memory,eog,calendar,1,1,1,task_20251203_091910_549_bca89e7d_de59e44a,0.833333,0,394874,491.6
tools,raw-memory,eog,calendar,1,1,1,task_20251203_142634_160_bca89e7d_193f597f,0.6,0,163533,302.8
tools,raw-memory,eog,calendar,1,1,1,task_20251203_142725_377_6f5b66fc_c990483e,0.333333,0,125416,191.6
tools,raw-memory,eog,calendar,1,1,1,task_20251205_032409_945_0a0bf089_61f5be29,0.0,0,65688,66.0
tools,raw-memory,eog,calendar,1,1,1,task_20260102_175948_337_6f5b66fc_f9bfbf1d,1.0,1,95446,87.6
tools,raw-memory,eog,calendar,1,1,1,task_20260104_192853_372_6f5b66fc_12ceda34,0.333333,0,75281,170.6
tools,raw-memory,eog,calendar,1,1,1,task_20260104_205924_379_e0ac0c6d_cec96398,0.666667,0,133907,84.6
tools,raw-memory,eog,calendar,1,1,1,task_20260105_074654_229_bca89e7d_39d9c8ac,0.833333,0,126139,159.1
tools,raw-memory,eog,calendar,1,1,1,task_20260105_124102_961_e0ac0c6d_0b196906,1.0,1,70870,58.8
tools,raw-memory,eog,calendar,1,1,1,task_20260105_140440_086_e0ac0c6d_27ecac16,1.0,1,140347,114.2
tools,raw-memory,eog,calendar,1,1,1,task_20260105_163511_384_79b3b025_1ff6d0c6,1.0,1,185630,104.8
tools,raw-memory,eog,calendar,1,1,1,task_20260105_212045_832_e0ac0c6d_84c7f524,0.833333,0,69488,41.0
tools,raw-memory,eog,calendar,1,1,1,task_20260105_221239_098_e0ac0c6d_f5f338f3,1.0,1,70678,85.4
tools,raw-memory,eog,calendar,1,1,1,task_20260105_222434_398_79b3b025_ccd9b889,0.75,0,181969,105.2
tools,raw-memory,eog,calendar,1,1,1,task_20260106_103319_873_baf0b358_69ce7445,1.0,1,199292,177.7
tools,raw-memory,eog,calendar,1,1,1,task_20260106_114228_782_79b3b025_b556c84d,1.0,1,129832,211.3
tools,raw-memory,eog,calendar,1,1,1,task_20260106_152415_149_6f5b66fc_aad3df17,1.0,1,125651,132.7
tools,raw-memory,eog,calendar,1,1,1,task_20260106_170952_179_e0ac0c6d_791fba5e,1.0,1,70456,86.8
tools,raw-memory,eog,calendar,1,1,1,task_20260107_144751_333_79b3b025_92bfb77e,0.857143,0,188193,172.0
tools,raw-memory,eog,calendar,1,1,1,task_20260107_193032_599_e0ac0c6d_403469c5,1.0,1,70022,73.0
tools,raw-memory,eog,calendar,1,1,1,task_20260108_182727_772_4608325d_60b7f5d9,0.666667,0,155266,139.9
tools,raw-memory,eog,calendar,1,1,1,task_20260121_144251_116_38405923_9438dabd,0.0,0,181788,93.0
tools,raw-memory,eog,calendar,1,1,1,task_20260121_161936_323_cbcf38f8_50ccd164,0.0,0,190136,180.8
tools,raw-memory,eog,calendar,1,1,1,task_20260121_171247_475_cbcf38f8_c0a86487,0.5,0,182879,142.9
tools,raw-memory,eog,calendar,1,1,1,task_20260122_024556_370_38405923_1a174d84,0.833333,0,136947,87.4
tools,raw-memory,eog,calendar,1,1,2,task_20251124_112741_995_0a0bf089_3906a767,0.8,0,134824,89.5
tools,raw-memory,eog,calendar,1,1,2,task_20251128_220140_863_df2c536d_4aa7dcfd,0.666667,0,119822,121.4
tools,raw-memory,eog,calendar,1,1,2,task_20251130_105156_866_0a0bf089_eef6d2ed,0.25,0,170846,61.0
tools,raw-memory,eog,calendar,1,1,2,task_20251203_080219_432_6f5b66fc_03eb353c,0.8,0,102279,165.2
tools,raw-memory,eog,calendar,1,1,2,task_20251203_091910_549_bca89e7d_de59e44a,0.666667,0,191776,265.4
tools,raw-memory,eog,calendar,1,1,2,task_20251203_142634_160_bca89e7d_193f597f,0.8,0,191103,282.3
tools,raw-memory,eog,calendar,1,1,2,task_20251203_142725_377_6f5b66fc_c990483e,0.666667,0,126815,238.2
tools,raw-memory,eog,calendar,1,1,2,task_20251205_032409_945_0a0bf089_61f5be29,0.0,0,43721,50.0
tools,raw-memory,eog,calendar,1,1,2,task_20260102_175948_337_6f5b66fc_f9bfbf1d,1.0,1,93823,87.6
tools,raw-memory,eog,calendar,1,1,2,task_20260104_192853_372_6f5b66fc_12ceda34,0.333333,0,69313,76.3
tools,raw-memory,eog,calendar,1,1,2,task_20260104_205924_379_e0ac0c6d_cec96398,0.666667,0,178377,176.0
tools,raw-memory,eog,calendar,1,1,2,task_20260105_074654_229_bca89e7d_39d9c8ac,1.0,1,190570,212.2
tools,raw-memory,eog,calendar,1,1,2,task_20260105_124102_961_e0ac0c6d_0b196906,1.0,1,93732,86.5
tools,raw-memory,eog,calendar,1,1,2,task_20260105_140440_086_e0ac0c6d_27ecac16,1.0,1,70080,59.3
tools,raw-memory,eog,calendar,1,1,2,task_20260105_163511_384_79b3b025_1ff6d0c6,1.0,1,185440,122.1
tools,raw-memory,eog,calendar,1,1,2,task_20260105_212045_832_e0ac0c6d_84c7f524,0.833333,0,70621,74.1
tools,raw-memory,eog,calendar,1,1,2,task_20260105_221239_098_e0ac0c6d_f5f338f3,1.0,1,70264,77.6
tools,raw-memory,eog,calendar,1,1,2,task_20260105_222434_398_79b3b025_ccd9b889,0.75,0,156912,105.2
tools,raw-memory,eog,calendar,1,1,2,task_20260106_103319_873_baf0b358_69ce7445,1.0,1,148763,247.2
tools,raw-memory,eog,calendar,1,1,2,task_20260106_114228_782_79b3b025_b556c84d,1.0,1,180413,134.1
tools,raw-memory,eog,calendar,1,1,2,task_20260106_152415_149_6f5b66fc_aad3df17,1.0,1,123578,105.3
tools,raw-memory,eog,calendar,1,1,2,task_20260106_170952_179_e0ac0c6d_791fba5e,1.0,1,70163,63.1
tools,raw-memory,eog,calendar,1,1,2,task_20260107_144751_333_79b3b025_92bfb77e,0.857143,0,196895,236.6
tools,raw-memory,eog,calendar,1,1,2,task_20260107_193032_599_e0ac0c6d_403469c5,1.0,1,139514,85.8
tools,raw-memory,eog,calendar,1,1,2,task_20260108_182727_772_4608325d_60b7f5d9,0.666667,0,180826,135.1
tools,raw-memory,eog,calendar,1,1,2,task_20260121_144251_116_38405923_9438dabd,0.0,0,155538,66.0
tools,raw-memory,eog,calendar,1,1,2,task_20260121_161936_323_cbcf38f8_50ccd164,0.0,0,192688,205.9
tools,raw-memory,eog,calendar,1,1,2,task_20260121_171247_475_cbcf38f8_c0a86487,0.5,0,244678,183.8
tools,raw-memory,eog,calendar,1,1,2,task_20260122_024556_370_38405923_1a174d84,0.833333,0,114521,90.4
tools,raw-memory,eog,calendar,1,1,3,task_20251124_112741_995_0a0bf089_3906a767,0.8,0,178569,92.1
tools,raw-memory,eog,calendar,1,1,3,task_20251128_220140_863_df2c536d_4aa7dcfd,0.666667,0,143528,94.4
tools,raw-memory,eog,calendar,1,1,3,task_20251130_105156_866_0a0bf089_eef6d2ed,0.25,0,192814,86.4
tools,raw-memory,eog,calendar,1,1,3,task_20251203_080219_432_6f5b66fc_03eb353c,0.8,0,129567,158.5
tools,raw-memory,eog,calendar,1,1,3,task_20251203_091910_549_bca89e7d_de59e44a,0.833333,0,297274,443.3
tools,raw-memory,eog,calendar,1,1,3,task_20251203_142634_160_bca89e7d_193f597f,0.4,0,147703,325.5
tools,raw-memory,eog,calendar,1,1,3,task_20251203_142725_377_6f5b66fc_c990483e,0.333333,0,122753,177.1
tools,raw-memory,eog,calendar,1,1,3,task_20251205_032409_945_0a0bf089_61f5be29,0.0,0,65083,58.8
tools,raw-memory,eog,calendar,1,1,3,task_20260102_175948_337_6f5b66fc_f9bfbf1d,1.0,1,96147,121.2
tools,raw-memory,eog,calendar,1,1,3,task_20260104_192853_372_6f5b66fc_12ceda34,0.333333,0,118897,206.7
tools,raw-memory,eog,calendar,1,1,3,task_20260104_205924_379_e0ac0c6d_cec96398,0.666667,0,153595,163.0
tools,raw-memory,eog,calendar,1,1,3,task_20260105_074654_229_bca89e7d_39d9c8ac,1.0,1,316521,354.7
tools,raw-memory,eog,calendar,1,1,3,task_20260105_124102_961_e0ac0c6d_0b196906,1.0,1,93622,99.3
tools,raw-memory,eog,calendar,1,1,3,task_20260105_140440_086_e0ac0c6d_27ecac16,1.0,1,162643,123.4
tools,raw-memory,eog,calendar,1,1,3,task_20260105_163511_384_79b3b025_1ff6d0c6,1.0,1,129935,116.5
tools,raw-memory,eog,calendar,1,1,3,task_20260105_212045_832_e0ac0c6d_84c7f524,0.833333,0,69576,58.9
tools,raw-memory,eog,calendar,1,1,3,task_20260105_221239_098_e0ac0c6d_f5f338f3,1.0,1,70975,76.9
tools,raw-memory,eog,calendar,1,1,3,task_20260105_222434_398_79b3b025_ccd9b889,0.75,0,156942,86.8
tools,raw-memory,eog,calendar,1,1,3,task_20260106_103319_873_baf0b358_69ce7445,1.0,1,252280,198.1
tools,raw-memory,eog,calendar,1,1,3,task_20260106_114228_782_79b3b025_b556c84d,1.0,1,181480,299.6
tools,raw-memory,eog,calendar,1,1,3,task_20260106_152415_149_6f5b66fc_aad3df17,1.0,1,101138,159.0
tools,raw-memory,eog,calendar,1,1,3,task_20260106_170952_179_e0ac0c6d_791fba5e,1.0,1,69914,61.6
tools,raw-memory,eog,calendar,1,1,3,task_20260107_144751_333_79b3b025_92bfb77e,0.857143,0,187157,160.9
tools,raw-memory,eog,calendar,1,1,3,task_20260107_193032_599_e0ac0c6d_403469c5,1.0,1,69838,61.2
tools,raw-memory,eog,calendar,1,1,3,task_20260108_182727_772_4608325d_60b7f5d9,0.666667,0,208821,193.2
tools,raw-memory,eog,calendar,1,1,3,task_20260121_144251_116_38405923_9438dabd,0.0,0,201980,98.2
tools,raw-memory,eog,calendar,1,1,3,task_20260121_161936_323_cbcf38f8_50ccd164,0.0,0,189834,197.3
tools,raw-memory,eog,calendar,1,1,3,task_20260121_171247_475_cbcf38f8_c0a86487,0.5,0,209023,142.8
tools,raw-memory,eog,calendar,1,1,3,task_20260122_024556_370_38405923_1a174d84,0.833333,0,92754,75.7
tools,raw-memory,eog,calendar,2,1,1,task_20251124_112741_995_0a0bf089_3906a767,0.8,0,217928,58.9
tools,raw-memory,eog,calendar,2,1,1,task_20251128_220140_863_df2c536d_4aa7dcfd,0.666667,0,146516,97.7
tools,raw-memory,eog,calendar,2,1,1,task_20251130_105156_866_0a0bf089_eef6d2ed,0.5,0,304867,170.1
tools,raw-memory,eog,calendar,2,1,1,task_20251203_080219_432_6f5b66fc_03eb353c,0.8,0,227140,231.6
tools,raw-memory,eog,calendar,2,1,1,task_20251203_091910_549_bca89e7d_de59e44a,1.0,1,271834,345.3
tools,raw-memory,eog,calendar,2,1,1,task_20251203_142634_160_bca89e7d_193f597f,0.6,0,234089,255.3
tools,raw-memory,eog,calendar,2,1,1,task_20251203_142725_377_6f5b66fc_c990483e,0.666667,0,183285,226.4
tools,raw-memory,eog,calendar,2,1,1,task_20251205_032409_945_0a0bf089_61f5be29,0.0,0,110798,92.3
tools,raw-memory,eog,calendar,2,1,1,task_20260102_175948_337_6f5b66fc_f9bfbf1d,1.0,1,174805,113.1
tools,raw-memory,eog,calendar,2,1,1,task_20260104_192853_372_6f5b66fc_12ceda34,0.333333,0,34642,112.0
tools,raw-memory,eog,calendar,2,1,1,task_20260104_205924_379_e0ac0c6d_cec96398,0.666667,0,388028,184.9
tools,raw-memory,eog,calendar,2,1,1,task_20260105_074654_229_bca89e7d_39d9c8ac,1.0,1,441012,297.3
tools,raw-memory,eog,calendar,2,1,1,task_20260105_124102_961_e0ac0c6d_0b196906,1.0,1,86824,962.5
tools,raw-memory,eog,calendar,2,1,1,task_20260105_140440_086_e0ac0c6d_27ecac16,1.0,1,183785,88.1
tools,raw-memory,eog,calendar,2,1,1,task_20260105_163511_384_79b3b025_1ff6d0c6,1.0,1,157010,93.1
tools,raw-memory,eog,calendar,2,1,1,task_20260105_212045_832_e0ac0c6d_84c7f524,0.833333,0,114222,65.2
tools,raw-memory,eog,calendar,2,1,1,task_20260105_221239_098_e0ac0c6d_f5f338f3,1.0,1,86920,54.8
tools,raw-memory,eog,calendar,2,1,1,task_20260105_222434_398_79b3b025_ccd9b889,0.75,0,220157,112.1
tools,raw-memory,eog,calendar,2,1,1,task_20260106_103319_873_baf0b358_69ce7445,1.0,1,424198,295.3
tools,raw-memory,eog,calendar,2,1,1,task_20260106_114228_782_79b3b025_b556c84d,1.0,1,218908,117.0
tools,raw-memory,eog,calendar,2,1,1,task_20260106_152415_149_6f5b66fc_aad3df17,1.0,1,119026,92.6
tools,raw-memory,eog,calendar,2,1,1,task_20260106_170952_179_e0ac0c6d_791fba5e,1.0,1,86613,54.3
tools,raw-memory,eog,calendar,2,1,1,task_20260107_144751_333_79b3b025_92bfb77e,0.857143,0,227332,171.7
tools,raw-memory,eog,calendar,2,1,1,task_20260107_193032_599_e0ac0c6d_403469c5,1.0,1,86414,55.2
tools,raw-memory,eog,calendar,2,1,1,task_20260108_182727_772_4608325d_60b7f5d9,0.666667,0,122824,113.2
tools,raw-memory,eog,calendar,2,1,1,task_20260121_144251_116_38405923_9438dabd,0.0,0,200759,98.3
tools,raw-memory,eog,calendar,2,1,1,task_20260121_161936_323_cbcf38f8_50ccd164,0.0,0,257070,151.4
tools,raw-memory,eog,calendar,2,1,1,task_20260121_171247_475_cbcf38f8_c0a86487,0.5,0,328571,190.7
tools,raw-memory,eog,calendar,2,1,1,task_20260122_024556_370_38405923_1a174d84,0.833333,0,200500,110.6
tools,raw-memory,eog,calendar,2,1,2,task_20251124_112741_995_0a0bf089_3906a767,0.8,0,189703,59.7
tools,raw-memory,eog,calendar,2,1,2,task_20251128_220140_863_df2c536d_4aa7dcfd,0.666667,0,119287,122.1
tools,raw-memory,eog,calendar,2,1,2,task_20251130_105156_866_0a0bf089_eef6d2ed,0.25,0,208393,95.6
tools,raw-memory,eog,calendar,2,1,2,task_20251203_080219_432_6f5b66fc_03eb353c,0.6,0,258024,313.0
tools,raw-memory,eog,calendar,2,1,2,task_20251203_091910_549_bca89e7d_de59e44a,0.666667,0,299176,315.1
tools,raw-memory,eog,calendar,2,1,2,task_20251203_142634_160_bca89e7d_193f597f,0.8,0,264901,340.4
tools,raw-memory,eog,calendar,2,1,2,task_20251203_142725_377_6f5b66fc_c990483e,0.333333,0,153823,221.3
tools,raw-memory,eog,calendar,2,1,2,task_20251205_032409_945_0a0bf089_61f5be29,0.0,0,83503,102.3
tools,raw-memory,eog,calendar,2,1,2,task_20260102_175948_337_6f5b66fc_f9bfbf1d,1.0,1,115814,98.1
tools,raw-memory,eog,calendar,2,1,2,task_20260104_192853_372_6f5b66fc_12ceda34,0.333333,0,85355,73.2
tools,raw-memory,eog,calendar,2,1,2,task_20260104_205924_379_e0ac0c6d_cec96398,0.5,0,222403,139.3
tools,raw-memory,eog,calendar,2,1,2,task_20260105_074654_229_bca89e7d_39d9c8ac,1.0,1,346905,429.0
tools,raw-memory,eog,calendar,2,1,2,task_20260105_124102_961_e0ac0c6d_0b196906,1.0,1,86634,44.5
tools,raw-memory,eog,calendar,2,1,2,task_20260105_140440_086_e0ac0c6d_27ecac16,1.0,1,86454,52.5
tools,raw-memory,eog,calendar,2,1,2,task_20260105_163511_384_79b3b025_1ff6d0c6,1.0,1,191619,95.4
tools,raw-memory,eog,calendar,2,1,2,task_20260105_212045_832_e0ac0c6d_84c7f524,0.833333,0,86535,49.2
tools,raw-memory,eog,calendar,2,1,2,task_20260105_221239_098_e0ac0c6d_f5f338f3,1.0,1,87142,74.3
tools,raw-memory,eog,calendar,2,1,2,task_20260105_222434_398_79b3b025_ccd9b889,0.75,0,189786,90.8
tools,raw-memory,eog,calendar,2,1,2,task_20260106_103319_873_baf0b358_69ce7445,1.0,1,303120,159.1
tools,raw-memory,eog,calendar,2,1,2,task_20260106_114228_782_79b3b025_b556c84d,1.0,1,257317,195.1
tools,raw-memory,eog,calendar,2,1,2,task_20260106_152415_149_6f5b66fc_aad3df17,1.0,1,152214,153.3
tools,raw-memory,eog,calendar,2,1,2,task_20260106_170952_179_e0ac0c6d_791fba5e,1.0,1,113879,51.5
tools,raw-memory,eog,calendar,2,1,2,task_20260107_144751_333_79b3b025_92bfb77e,0.857143,0,228764,215.6
tools,raw-memory,eog,calendar,2,1,2,task_20260107_193032_599_e0ac0c6d_403469c5,1.0,1,86495,54.1
tools,raw-memory,eog,calendar,2,1,2,task_20260108_182727_772_4608325d_60b7f5d9,0.666667,0,218614,162.7
tools,raw-memory,eog,calendar,2,1,2,task_20260121_144251_116_38405923_9438dabd,0.0,0,252930,90.0
tools,raw-memory,eog,calendar,2,1,2,task_20260121_161936_323_cbcf38f8_50ccd164,0.0,0,225179,181.9
tools,raw-memory,eog,calendar,2,1,2,task_20260121_171247_475_cbcf38f8_c0a86487,0.5,0,217139,114.9
tools,raw-memory,eog,calendar,2,1,2,task_20260122_024556_370_38405923_1a174d84,0.833333,0,224681,112.2
tools,raw-memory,eog,calendar,2,1,3,task_20251124_112741_995_0a0bf089_3906a767,0.8,0,218632,75.6
tools,raw-memory,eog,calendar,2,1,3,task_20251128_220140_863_df2c536d_4aa7dcfd,0.666667,0,267219,190.7
tools,raw-memory,eog,calendar,2,1,3,task_20251130_105156_866_0a0bf089_eef6d2ed,0.25,0,238338,105.6
tools,raw-memory,eog,calendar,2,1,3,task_20251203_080219_432_6f5b66fc_03eb353c,0.8,0,154875,158.9
tools,raw-memory,eog,calendar,2,1,3,task_20251203_091910_549_bca89e7d_de59e44a,0.666667,0,258467,225.8
tools,raw-memory,eog,calendar,2,1,3,task_20251203_142634_160_bca89e7d_193f597f,0.4,0,162758,293.7
tools,raw-memory,eog,calendar,2,1,3,task_20251203_142725_377_6f5b66fc_c990483e,0.666667,0,155270,249.7
tools,raw-memory,eog,calendar,2,1,3,task_20251205_032409_945_0a0bf089_61f5be29,0.0,0,58210,86.0
tools,raw-memory,eog,calendar,2,1,3,task_20260102_175948_337_6f5b66fc_f9bfbf1d,1.0,1,117448,124.1
tools,raw-memory,eog,calendar,2,1,3,task_20260104_192853_372_6f5b66fc_12ceda34,0.333333,0,31218,53.3
tools,raw-memory,eog,calendar,2,1,3,task_20260104_205924_379_e0ac0c6d_cec96398,0.666667,0,221179,137.2
tools,raw-memory,eog,calendar,2,1,3,task_20260105_074654_229_bca89e7d_39d9c8ac,0.833333,0,219368,288.9
tools,raw-memory,eog,calendar,2,1,3,task_20260105_124102_961_e0ac0c6d_0b196906,1.0,1,113532,58.4
tools,raw-memory,eog,calendar,2,1,3,task_20260105_140440_086_e0ac0c6d_27ecac16,1.0,1,86194,48.4
tools,raw-memory,eog,calendar,2,1,3,task_20260105_163511_384_79b3b025_1ff6d0c6,1.0,1,123427,78.1
tools,raw-memory,eog,calendar,2,1,3,task_20260105_212045_832_e0ac0c6d_84c7f524,0.833333,0,86018,51.0
tools,raw-memory,eog,calendar,2,1,3,task_20260105_221239_098_e0ac0c6d_f5f338f3,1.0,1,115248,66.9
tools,raw-memory,eog,calendar,2,1,3,task_20260105_222434_398_79b3b025_ccd9b889,0.75,0,188565,86.9
tools,raw-memory,eog,calendar,2,1,3,task_20260106_103319_873_baf0b358_69ce7445,1.0,1,272827,192.2
tools,raw-memory,eog,calendar,2,1,3,task_20260106_114228_782_79b3b025_b556c84d,1.0,1,219910,123.4
tools,raw-memory,eog,calendar,2,1,3,task_20260106_152415_149_6f5b66fc_aad3df17,1.0,1,155345,164.8
tools,raw-memory,eog,calendar,2,1,3,task_20260106_170952_179_e0ac0c6d_791fba5e,1.0,1,172017,54.7
tools,raw-memory,eog,calendar,2,1,3,task_20260107_144751_333_79b3b025_92bfb77e,0.857143,0,229099,200.4
tools,raw-memory,eog,calendar,2,1,3,task_20260107_193032_599_e0ac0c6d_403469c5,1.0,1,86310,42.0
tools,raw-memory,eog,calendar,2,1,3,task_20260108_182727_772_4608325d_60b7f5d9,0.666667,0,253829,136.1
tools,raw-memory,eog,calendar,2,1,3,task_20260121_144251_116_38405923_9438dabd,0.0,0,168348,73.4
tools,raw-memory,eog,calendar,2,1,3,task_20260121_161936_323_cbcf38f8_50ccd164,0.0,0,222043,137.9
tools,raw-memory,eog,calendar,2,1,3,task_20260121_171247_475_cbcf38f8_c0a86487,0.5,0,250024,133.3
tools,raw-memory,eog,calendar,2,1,3,task_20260122_024556_370_38405923_1a174d84,1.0,1,356774,222.0
tools,raw-memory,eog,calendar,2,2,1,task_20251117_165528_648_bca89e7d_3e81ece9,1.0,1,174658,224.3
tools,raw-memory,eog,calendar,2,2,1,task_20251201_113908_295_e81f6083_e770442c,1.0,1,402505,296.3
tools,raw-memory,eog,calendar,2,2,1,task_20251203_184109_641_6f5b66fc_e62d330e,0.333333,0,201637,226.2
tools,raw-memory,eog,calendar,2,2,1,task_20251203_190727_704_e81f6083_f2fd8fe6,0.5,0,210596,282.0
tools,raw-memory,eog,calendar,2,2,1,task_20251203_194320_796_df2c536d_c885488e,0.75,0,272346,353.0
tools,raw-memory,eog,calendar,2,2,1,task_20260104_143530_440_6f5b66fc_b6b24e96,0.666667,0,206994,219.3
tools,raw-memory,eog,calendar,2,2,1,task_20260106_112632_846_bca89e7d_5d19e8f3,1.0,1,241571,300.0
tools,raw-memory,eog,calendar,2,2,1,task_20260107_093643_038_df2c536d_f90fd06e,1.0,1,231001,173.8
tools,raw-memory,eog,calendar,2,2,1,task_20260108_142310_191_df2c536d_c6edcf9f,0.666667,0,216478,346.1
tools,raw-memory,eog,calendar,2,2,1,task_20260121_214553_691_cbcf38f8_abce7315,0.666667,0,154954,272.8
tools,raw-memory,eog,calendar,2,2,2,task_20251117_165528_648_bca89e7d_3e81ece9,1.0,1,207640,220.5
tools,raw-memory,eog,calendar,2,2,2,task_20251201_113908_295_e81f6083_e770442c,1.0,1,281391,188.0
tools,raw-memory,eog,calendar,2,2,2,task_20251203_184109_641_6f5b66fc_e62d330e,0.333333,0,146337,195.4
tools,raw-memory,eog,calendar,2,2,2,task_20251203_190727_704_e81f6083_f2fd8fe6,0.1,0,277756,375.7
tools,raw-memory,eog,calendar,2,2,2,task_20251203_194320_796_df2c536d_c885488e,0.75,0,237964,296.1
tools,raw-memory,eog,calendar,2,2,2,task_20260104_143530_440_6f5b66fc_b6b24e96,0.666667,0,208401,198.1
tools,raw-memory,eog,calendar,2,2,2,task_20260106_112632_846_bca89e7d_5d19e8f3,1.0,1,240577,231.0
tools,raw-memory,eog,calendar,2,2,2,task_20260107_093643_038_df2c536d_f90fd06e,1.0,1,172906,126.7
tools,raw-memory,eog,calendar,2,2,2,task_20260108_142310_191_df2c536d_c6edcf9f,0.666667,0,215992,267.1
tools,raw-memory,eog,calendar,2,2,2,task_20260121_214553_691_cbcf38f8_abce7315,0.666667,0,184787,263.0
tools,raw-memory,eog,calendar,2,2,3,task_20251117_165528_648_bca89e7d_3e81ece9,1.0,1,207251,154.4
tools,raw-memory,eog,calendar,2,2,3,task_20251201_113908_295_e81f6083_e770442c,1.0,1,340803,182.1
tools,raw-memory,eog,calendar,2,2,3,task_20251203_184109_641_6f5b66fc_e62d330e,0.333333,0,175362,163.6
tools,raw-memory,eog,calendar,2,2,3,task_20251203_190727_704_e81f6083_f2fd8fe6,0.5,0,285678,406.7
tools,raw-memory,eog,calendar,2,2,3,task_20251203_194320_796_df2c536d_c885488e,0.75,0,270639,301.8
tools,raw-memory,eog,calendar,2,2,3,task_20260104_143530_440_6f5b66fc_b6b24e96,0.666667,0,208801,180.7
tools,raw-memory,eog,calendar,2,2,3,task_20260106_112632_846_bca89e7d_5d19e8f3,1.0,1,235225,137.5
tools,raw-memory,eog,calendar,2,2,3,task_20260107_093643_038_df2c536d_f90fd06e,1.0,1,114192,83.1
tools,raw-memory,eog,calendar,2,2,3,task_20260108_142310_191_df2c536d_c6edcf9f,0.666667,0,246063,234.5
tools,raw-memory,eog,calendar,2,2,3,task_20260121_214553_691_cbcf38f8_abce7315,0.666667,0,245006,254.5
tools,raw-memory,eog,calendar,3,1,1,task_20251124_112741_995_0a0bf089_3906a767,0.8,0,184503,68.5
tools,raw-memory,eog,calendar,3,1,1,task_20251128_220140_863_df2c536d_4aa7dcfd,0.666667,0,128707,75.5
tools,raw-memory,eog,calendar,3,1,1,task_20251130_105156_866_0a0bf089_eef6d2ed,0.25,0,258834,97.1
tools,raw-memory,eog,calendar,3,1,1,task_20251203_080219_432_6f5b66fc_03eb353c,0.0,0,34967,84.1
tools,raw-memory,eog,calendar,3,1,1,task_20251203_091910_549_bca89e7d_de59e44a,0.666667,0,325391,501.6
tools,raw-memory,eog,calendar,3,1,1,task_20251203_142634_160_bca89e7d_193f597f,0.6,0,211614,243.3
tools,raw-memory,eog,calendar,3,1,1,task_20251203_142725_377_6f5b66fc_c990483e,0.666667,0,131532,134.5
tools,raw-memory,eog,calendar,3,1,1,task_20251205_032409_945_0a0bf089_61f5be29,0.0,0,90833,68.3
tools,raw-memory,eog,calendar,3,1,1,task_20260102_175948_337_6f5b66fc_f9bfbf1d,1.0,1,160483,151.1
tools,raw-memory,eog,calendar,3,1,1,task_20260104_192853_372_6f5b66fc_12ceda34,0.666667,0,260949,220.2
tools,raw-memory,eog,calendar,3,1,1,task_20260104_205924_379_e0ac0c6d_cec96398,0.666667,0,236376,136.0
tools,raw-memory,eog,calendar,3,1,1,task_20260105_074654_229_bca89e7d_39d9c8ac,1.0,1,331947,289.1
tools,raw-memory,eog,calendar,3,1,1,task_20260105_124102_961_e0ac0c6d_0b196906,1.0,1,94621,55.8
tools,raw-memory,eog,calendar,3,1,1,task_20260105_140440_086_e0ac0c6d_27ecac16,1.0,1,186887,53.4
tools,raw-memory,eog,calendar,3,1,1,task_20260105_163511_384_79b3b025_1ff6d0c6,1.0,1,103509,147.9
tools,raw-memory,eog,calendar,3,1,1,task_20260105_212045_832_e0ac0c6d_84c7f524,0.833333,0,94090,57.7
tools,raw-memory,eog,calendar,3,1,1,task_20260105_221239_098_e0ac0c6d_f5f338f3,1.0,1,93406,42.8
tools,raw-memory,eog,calendar,3,1,1,task_20260105_222434_398_79b3b025_ccd9b889,0.75,0,174044,84.4
tools,raw-memory,eog,calendar,3,1,1,task_20260106_103319_873_baf0b358_69ce7445,1.0,1,305870,249.7
tools,raw-memory,eog,calendar,3,1,1,task_20260106_114228_782_79b3b025_b556c84d,1.0,1,236309,120.5
tools,raw-memory,eog,calendar,3,1,1,task_20260106_152415_149_6f5b66fc_aad3df17,1.0,1,198520,121.5
tools,raw-memory,eog,calendar,3,1,1,task_20260106_170952_179_e0ac0c6d_791fba5e,1.0,1,93874,65.1
tools,raw-memory,eog,calendar,3,1,1,task_20260107_144751_333_79b3b025_92bfb77e,0.857143,0,255268,214.6
tools,raw-memory,eog,calendar,3,1,1,task_20260107_193032_599_e0ac0c6d_403469c5,1.0,1,124814,68.2
tools,raw-memory,eog,calendar,3,1,1,task_20260108_182727_772_4608325d_60b7f5d9,0.666667,0,205261,171.3
tools,raw-memory,eog,calendar,3,1,1,task_20260121_144251_116_38405923_9438dabd,0.0,0,214980,90.6
tools,raw-memory,eog,calendar,3,1,1,task_20260121_161936_323_cbcf38f8_50ccd164,0.0,0,171157,131.0
tools,raw-memory,eog,calendar,3,1,1,task_20260121_171247_475_cbcf38f8_c0a86487,0.5,0,270456,121.2
tools,raw-memory,eog,calendar,3,1,1,task_20260122_024556_370_38405923_1a174d84,0.833333,0,158234,106.6
tools,raw-memory,eog,calendar,3,1,2,task_20251124_112741_995_0a0bf089_3906a767,0.8,0,239659,82.1
tools,raw-memory,eog,calendar,3,1,2,task_20251128_220140_863_df2c536d_4aa7dcfd,0.666667,0,160521,83.0
tools,raw-memory,eog,calendar,3,1,2,task_20251130_105156_866_0a0bf089_eef6d2ed,0.25,0,256826,60.5
tools,raw-memory,eog,calendar,3,1,2,task_20251203_080219_432_6f5b66fc_03eb353c,0.0,0,35537,78.0
tools,raw-memory,eog,calendar,3,1,2,task_20251203_091910_549_bca89e7d_de59e44a,0.666667,0,212557,258.9
tools,raw-memory,eog,calendar,3,1,2,task_20251203_142634_160_bca89e7d_193f597f,0.6,0,168597,212.1
tools,raw-memory,eog,calendar,3,1,2,task_20251203_142725_377_6f5b66fc_c990483e,0.666667,0,166730,194.8
tools,raw-memory,eog,calendar,3,1,2,task_20251205_032409_945_0a0bf089_61f5be29,0.0,0,91431,83.5
tools,raw-memory,eog,calendar,3,1,2,task_20260102_175948_337_6f5b66fc_f9bfbf1d,1.0,1,158366,99.9
tools,raw-memory,eog,calendar,3,1,2,task_20260104_192853_372_6f5b66fc_12ceda34,0.666667,0,204276,217.7
tools,raw-memory,eog,calendar,3,1,2,task_20260104_205924_379_e0ac0c6d_cec96398,0.666667,0,270089,138.3
tools,raw-memory,eog,calendar,3,1,2,task_20260105_074654_229_bca89e7d_39d9c8ac,1.0,1,236930,210.4
tools,raw-memory,eog,calendar,3,1,2,task_20260105_124102_961_e0ac0c6d_0b196906,1.0,1,93601,40.5
tools,raw-memory,eog,calendar,3,1,2,task_20260105_140440_086_e0ac0c6d_27ecac16,1.0,1,126088,87.6
tools,raw-memory,eog,calendar,3,1,2,task_20260105_163511_384_79b3b025_1ff6d0c6,1.0,1,170164,107.6
tools,raw-memory,eog,calendar,3,1,2,task_20260105_212045_832_e0ac0c6d_84c7f524,0.833333,0,94403,44.8
tools,raw-memory,eog,calendar,3,1,2,task_20260105_221239_098_e0ac0c6d_f5f338f3,1.0,1,93816,46.7
tools,raw-memory,eog,calendar,3,1,2,task_20260105_222434_398_79b3b025_ccd9b889,0.75,0,205967,116.1
tools,raw-memory,eog,calendar,3,1,2,task_20260106_103319_873_baf0b358_69ce7445,1.0,1,402421,246.6
tools,raw-memory,eog,calendar,3,1,2,task_20260106_114228_782_79b3b025_b556c84d,1.0,1,241877,113.8
tools,raw-memory,eog,calendar,3,1,2,task_20260106_152415_149_6f5b66fc_aad3df17,1.0,1,132243,126.3
tools,raw-memory,eog,calendar,3,1,2,task_20260106_170952_179_e0ac0c6d_791fba5e,1.0,1,94053,59.3
tools,raw-memory,eog,calendar,3,1,2,task_20260107_144751_333_79b3b025_92bfb77e,0.857143,0,248398,130.1
tools,raw-memory,eog,calendar,3,1,2,task_20260107_193032_599_e0ac0c6d_403469c5,1.0,1,94020,54.3
tools,raw-memory,eog,calendar,3,1,2,task_20260108_182727_772_4608325d_60b7f5d9,0.666667,0,276908,194.3
tools,raw-memory,eog,calendar,3,1,2,task_20260121_144251_116_38405923_9438dabd,0.0,0,154746,69.1
tools,raw-memory,eog,calendar,3,1,2,task_20260121_161936_323_cbcf38f8_50ccd164,0.0,0,208979,121.0
tools,raw-memory,eog,calendar,3,1,2,task_20260121_171247_475_cbcf38f8_c0a86487,0.5,0,202170,93.1
tools,raw-memory,eog,calendar,3,1,2,task_20260122_024556_370_38405923_1a174d84,0.833333,0,124298,72.0
tools,raw-memory,eog,calendar,3,1,3,task_20251124_112741_995_0a0bf089_3906a767,0.8,0,239974,72.4
tools,raw-memory,eog,calendar,3,1,3,task_20251128_220140_863_df2c536d_4aa7dcfd,0.666667,0,194162,141.8
tools,raw-memory,eog,calendar,3,1,3,task_20251130_105156_866_0a0bf089_eef6d2ed,0.25,0,257368,81.0
tools,raw-memory,eog,calendar,3,1,3,task_20251203_080219_432_6f5b66fc_03eb353c,0.8,0,278278,278.0
tools,raw-memory,eog,calendar,3,1,3,task_20251203_091910_549_bca89e7d_de59e44a,0.666667,0,313345,334.1
tools,raw-memory,eog,calendar,3,1,3,task_20251203_142634_160_bca89e7d_193f597f,1.0,1,138523,164.6
tools,raw-memory,eog,calendar,3,1,3,task_20251203_142725_377_6f5b66fc_c990483e,0.666667,0,164186,198.1
tools,raw-memory,eog,calendar,3,1,3,task_20251205_032409_945_0a0bf089_61f5be29,0.0,0,60208,43.0
tools,raw-memory,eog,calendar,3,1,3,task_20260102_175948_337_6f5b66fc_f9bfbf1d,1.0,1,158537,88.2
tools,raw-memory,eog,calendar,3,1,3,task_20260104_192853_372_6f5b66fc_12ceda34,0.333333,0,97739,129.7
tools,raw-memory,eog,calendar,3,1,3,task_20260104_205924_379_e0ac0c6d_cec96398,0.666667,0,172032,121.9
tools,raw-memory,eog,calendar,3,1,3,task_20260105_074654_229_bca89e7d_39d9c8ac,1.0,1,305064,276.9
tools,raw-memory,eog,calendar,3,1,3,task_20260105_124102_961_e0ac0c6d_0b196906,1.0,1,125854,76.0
tools,raw-memory,eog,calendar,3,1,3,task_20260105_140440_086_e0ac0c6d_27ecac16,1.0,1,95247,64.1
tools,raw-memory,eog,calendar,3,1,3,task_20260105_163511_384_79b3b025_1ff6d0c6,1.0,1,244721,143.2
tools,raw-memory,eog,calendar,3,1,3,task_20260105_212045_832_e0ac0c6d_84c7f524,0.833333,0,93413,36.9
tools,raw-memory,eog,calendar,3,1,3,task_20260105_221239_098_e0ac0c6d_f5f338f3,1.0,1,124880,65.5
tools,raw-memory,eog,calendar,3,1,3,task_20260105_222434_398_79b3b025_ccd9b889,0.75,0,204923,97.1
tools,raw-memory,eog,calendar,3,1,3,task_20260106_103319_873_baf0b358_69ce7445,1.0,1,364928,195.7
tools,raw-memory,eog,calendar,3,1,3,task_20260106_114228_782_79b3b025_b556c84d,1.0,1,206957,183.6
tools,raw-memory,eog,calendar,3,1,3,task_20260106_152415_149_6f5b66fc_aad3df17,1.0,1,165048,139.7
tools,raw-memory,eog,calendar,3,1,3,task_20260106_170952_179_e0ac0c6d_791fba5e,1.0,1,94612,52.6
tools,raw-memory,eog,calendar,3,1,3,task_20260107_144751_333_79b3b025_92bfb77e,0.857143,0,256366,184.3
tools,raw-memory,eog,calendar,3,1,3,task_20260107_193032_599_e0ac0c6d_403469c5,0.666667,0,94951,58.0
tools,raw-memory,eog,calendar,3,1,3,task_20260108_182727_772_4608325d_60b7f5d9,0.666667,0,237067,139.9
tools,raw-memory,eog,calendar,3,1,3,task_20260121_144251_116_38405923_9438dabd,0.0,0,155582,86.9
tools,raw-memory,eog,calendar,3,1,3,task_20260121_161936_323_cbcf38f8_50ccd164,0.0,0,277922,183.7
tools,raw-memory,eog,calendar,3,1,3,task_20260121_171247_475_cbcf38f8_c0a86487,0.5,0,233158,106.7
tools,raw-memory,eog,calendar,3,1,3,task_20260122_024556_370_38405923_1a174d84,0.833333,0,309461,84.2
tools,raw-memory,eog,calendar,3,2,1,task_20251117_165528_648_bca89e7d_3e81ece9,1.0,1,187774,180.8
tools,raw-memory,eog,calendar,3,2,1,task_20251201_113908_295_e81f6083_e770442c,1.0,1,373752,287.9
tools,raw-memory,eog,calendar,3,2,1,task_20251203_184109_641_6f5b66fc_e62d330e,0.333333,0,158093,155.8
tools,raw-memory,eog,calendar,3,2,1,task_20251203_190727_704_e81f6083_f2fd8fe6,0.4,0,285026,395.7
tools,raw-memory,eog,calendar,3,2,1,task_20251203_194320_796_df2c536d_c885488e,0.75,0,335218,463.6
tools,raw-memory,eog,calendar,3,2,1,task_20260104_143530_440_6f5b66fc_b6b24e96,1.0,1,193591,201.7
tools,raw-memory,eog,calendar,3,2,1,task_20260106_112632_846_bca89e7d_5d19e8f3,1.0,1,261532,253.2
tools,raw-memory,eog,calendar,3,2,1,task_20260107_093643_038_df2c536d_f90fd06e,1.0,1,249850,106.8
tools,raw-memory,eog,calendar,3,2,1,task_20260108_142310_191_df2c536d_c6edcf9f,0.666667,0,164255,193.6
tools,raw-memory,eog,calendar,3,2,1,task_20260121_214553_691_cbcf38f8_abce7315,0.666667,0,263210,210.6
tools,raw-memory,eog,calendar,3,2,2,task_20251117_165528_648_bca89e7d_3e81ece9,1.0,1,195029,281.4
tools,raw-memory,eog,calendar,3,2,2,task_20251201_113908_295_e81f6083_e770442c,0.857143,0,302832,173.5
tools,raw-memory,eog,calendar,3,2,2,task_20251203_184109_641_6f5b66fc_e62d330e,0.333333,0,192029,237.6
tools,raw-memory,eog,calendar,3,2,2,task_20251203_190727_704_e81f6083_f2fd8fe6,0.1,0,496645,546.4
tools,raw-memory,eog,calendar,3,2,2,task_20251203_194320_796_df2c536d_c885488e,0.75,0,328826,252.7
tools,raw-memory,eog,calendar,3,2,2,task_20260104_143530_440_6f5b66fc_b6b24e96,0.666667,0,225814,161.8
tools,raw-memory,eog,calendar,3,2,2,task_20260106_112632_846_bca89e7d_5d19e8f3,1.0,1,256346,196.7
tools,raw-memory,eog,calendar,3,2,2,task_20260107_093643_038_df2c536d_f90fd06e,1.0,1,251547,118.4
tools,raw-memory,eog,calendar,3,2,2,task_20260108_142310_191_df2c536d_c6edcf9f,1.0,1,199259,233.0
tools,raw-memory,eog,calendar,3,2,2,task_20260121_214553_691_cbcf38f8_abce7315,0.666667,0,231886,313.1
tools,raw-memory,eog,calendar,3,2,3,task_20251117_165528_648_bca89e7d_3e81ece9,1.0,1,293582,259.0
tools,raw-memory,eog,calendar,3,2,3,task_20251201_113908_295_e81f6083_e770442c,1.0,1,339645,326.5
tools,raw-memory,eog,calendar,3,2,3,task_20251203_184109_641_6f5b66fc_e62d330e,0.333333,0,221458,249.8
tools,raw-memory,eog,calendar,3,2,3,task_20251203_190727_704_e81f6083_f2fd8fe6,0.5,0,207563,221.3
tools,raw-memory,eog,calendar,3,2,3,task_20251203_194320_796_df2c536d_c885488e,0.75,0,222939,203.4
tools,raw-memory,eog,calendar,3,2,3,task_20260104_143530_440_6f5b66fc_b6b24e96,1.0,1,192290,157.7
tools,raw-memory,eog,calendar,3,2,3,task_20260106_112632_846_bca89e7d_5d19e8f3,1.0,1,289461,226.1
tools,raw-memory,eog,calendar,3,2,3,task_20260107_093643_038_df2c536d_f90fd06e,1.0,1,250315,139.3
tools,raw-memory,eog,calendar,3,2,3,task_20260108_142310_191_df2c536d_c6edcf9f,0.666667,0,199864,258.7
tools,raw-memory,eog,calendar,3,2,3,task_20260121_214553_691_cbcf38f8_abce7315,0.666667,0,269361,353.2
tools,raw-memory,eog,calendar,3,3,1,task_20251202_121726_036_e81f6083_cc1636ad,1.0,1,278357,226.5
tools,raw-memory,eog,calendar,3,3,1,task_20251203_133512_548_e81f6083_738dfe0c,1.0,1,463277,390.9
tools,raw-memory,eog,calendar,3,3,1,task_20260106_143218_938_79b3b025_ce953a94,0.571429,0,214844,233.0
tools,raw-memory,eog,calendar,3,3,1,task_20260106_153404_124_79b3b025_914e7207,0.857143,0,297508,273.1
tools,raw-memory,eog,calendar,3,3,2,task_20251202_121726_036_e81f6083_cc1636ad,0.916667,0,336442,255.9
tools,raw-memory,eog,calendar,3,3,2,task_20251203_133512_548_e81f6083_738dfe0c,1.0,1,375924,395.6
tools,raw-memory,eog,calendar,3,3,2,task_20260106_143218_938_79b3b025_ce953a94,0.428571,0,277573,282.3
tools,raw-memory,eog,calendar,3,3,2,task_20260106_153404_124_79b3b025_914e7207,0.857143,0,356395,307.5
tools,raw-memory,eog,calendar,3,3,3,task_20251202_121726_036_e81f6083_cc1636ad,0.916667,0,339734,280.7
tools,raw-memory,eog,calendar,3,3,3,task_20251203_133512_548_e81f6083_738dfe0c,1.0,1,170541,161.5
tools,raw-memory,eog,calendar,3,3,3,task_20260106_143218_938_79b3b025_ce953a94,0.428571,0,174971,230.8
tools,raw-memory,eog,calendar,3,3,3,task_20260106_153404_124_79b3b025_914e7207,0.857143,0,261024,270.4
tools,raw-memory,eog,csm,1,1,1,task_20251127_070938_325_b393a327_a40b1f4e,0.0,0,58987,175.2
tools,raw-memory,eog,csm,1,1,1,task_20251204_231522_245_e6427839_5d09c3c2,1.0,1,70406,122.2
tools,raw-memory,eog,csm,1,1,1,task_20251205_194841_224_391f1eff_136bedae,0.0,0,8539,32.5
tools,raw-memory,eog,csm,1,1,1,task_20251208_035402_755_ad5a67e3_8ca9a646,0.0,0,85623,176.6
tools,raw-memory,eog,csm,1,1,1,task_20251210_145940_356_accab84d_c16e9916,0.6,0,191755,342.7
tools,raw-memory,eog,csm,1,1,1,task_20251210_161511_924_2aa6b0ad_1446c2b4,1.0,1,96673,191.4
tools,raw-memory,eog,csm,1,1,1,task_20251211_192109_853_99ba2325_b21298a0,0.6,0,104708,208.8
tools,raw-memory,eog,csm,1,1,1,task_20260102_155148_014_accab84d_910b176a,0.5,0,46990,101.4
tools,raw-memory,eog,csm,1,1,1,task_20260102_162857_012_391f1eff_39478d55,0.5,0,94854,251.4
tools,raw-memory,eog,csm,1,1,1,task_20260106_134616_649_e6427839_7dba5a00,0.5,0,112072,246.0
tools,raw-memory,eog,csm,1,1,1,task_20260106_155841_121_e6427839_fa425cbe,0.5,0,75828,137.8
tools,raw-memory,eog,csm,1,1,1,task_20260106_185201_238_00364ece_8ab4fd80,0.333333,0,84322,211.2
tools,raw-memory,eog,csm,1,1,1,task_20260107_162554_472_accab84d_41d2e871,0.0,0,101879,191.5
tools,raw-memory,eog,csm,1,1,2,task_20251127_070938_325_b393a327_a40b1f4e,0.0,0,86201,154.2
tools,raw-memory,eog,csm,1,1,2,task_20251204_231522_245_e6427839_5d09c3c2,1.0,1,56794,99.7
tools,raw-memory,eog,csm,1,1,2,task_20251205_194841_224_391f1eff_136bedae,0.0,0,25463,80.7
tools,raw-memory,eog,csm,1,1,2,task_20251208_035402_755_ad5a67e3_8ca9a646,1.0,1,137616,179.4
tools,raw-memory,eog,csm,1,1,2,task_20251210_145940_356_accab84d_c16e9916,0.2,0,126046,222.6
tools,raw-memory,eog,csm,1,1,2,task_20251210_161511_924_2aa6b0ad_1446c2b4,1.0,1,116899,116.6
tools,raw-memory,eog,csm,1,1,2,task_20251211_192109_853_99ba2325_b21298a0,0.6,0,73312,127.7
tools,raw-memory,eog,csm,1,1,2,task_20260102_155148_014_accab84d_910b176a,0.75,0,72815,122.5
tools,raw-memory,eog,csm,1,1,2,task_20260102_162857_012_391f1eff_39478d55,0.5,0,92902,175.2
tools,raw-memory,eog,csm,1,1,2,task_20260106_134616_649_e6427839_7dba5a00,1.0,1,65957,126.3
tools,raw-memory,eog,csm,1,1,2,task_20260106_155841_121_e6427839_fa425cbe,1.0,1,98170,123.1
tools,raw-memory,eog,csm,1,1,2,task_20260106_185201_238_00364ece_8ab4fd80,0.333333,0,131515,204.1
tools,raw-memory,eog,csm,1,1,2,task_20260107_162554_472_accab84d_41d2e871,0.0,0,171814,231.0
tools,raw-memory,eog,csm,1,1,3,task_20251127_070938_325_b393a327_a40b1f4e,0.0,0,47432,108.5
tools,raw-memory,eog,csm,1,1,3,task_20251204_231522_245_e6427839_5d09c3c2,1.0,1,67927,84.3
tools,raw-memory,eog,csm,1,1,3,task_20251205_194841_224_391f1eff_136bedae,0.0,0,25037,53.1
tools,raw-memory,eog,csm,1,1,3,task_20251208_035402_755_ad5a67e3_8ca9a646,0.0,0,77204,161.9
tools,raw-memory,eog,csm,1,1,3,task_20251210_145940_356_accab84d_c16e9916,0.2,0,123342,197.8
tools,raw-memory,eog,csm,1,1,3,task_20251210_161511_924_2aa6b0ad_1446c2b4,1.0,1,69876,102.9
tools,raw-memory,eog,csm,1,1,3,task_20251211_192109_853_99ba2325_b21298a0,0.4,0,65544,130.6
tools,raw-memory,eog,csm,1,1,3,task_20260102_155148_014_accab84d_910b176a,0.75,0,64532,87.1
tools,raw-memory,eog,csm,1,1,3,task_20260102_162857_012_391f1eff_39478d55,1.0,1,55890,118.4
tools,raw-memory,eog,csm,1,1,3,task_20260106_134616_649_e6427839_7dba5a00,1.0,1,78992,142.3
tools,raw-memory,eog,csm,1,1,3,task_20260106_155841_121_e6427839_fa425cbe,0.5,0,77504,113.7
tools,raw-memory,eog,csm,1,1,3,task_20260106_185201_238_00364ece_8ab4fd80,0.333333,0,201855,248.8
tools,raw-memory,eog,csm,1,1,3,task_20260107_162554_472_accab84d_41d2e871,0.0,0,115427,173.8
tools,raw-memory,eog,csm,2,1,1,task_20251127_070938_325_b393a327_a40b1f4e,0.0,0,57945,117.5
tools,raw-memory,eog,csm,2,1,1,task_20251204_231522_245_e6427839_5d09c3c2,1.0,1,86480,102.2
tools,raw-memory,eog,csm,2,1,1,task_20251205_194841_224_391f1eff_136bedae,0.0,0,20337,52.3
tools,raw-memory,eog,csm,2,1,1,task_20251208_035402_755_ad5a67e3_8ca9a646,0.0,0,183699,170.5
tools,raw-memory,eog,csm,2,1,1,task_20251210_145940_356_accab84d_c16e9916,0.0,0,115375,170.0
tools,raw-memory,eog,csm,2,1,1,task_20251210_161511_924_2aa6b0ad_1446c2b4,0.666667,0,113560,110.1
tools,raw-memory,eog,csm,2,1,1,task_20251211_192109_853_99ba2325_b21298a0,1.0,1,144922,169.2
tools,raw-memory,eog,csm,2,1,1,task_20260102_155148_014_accab84d_910b176a,0.5,0,54174,89.5
tools,raw-memory,eog,csm,2,1,1,task_20260102_162857_012_391f1eff_39478d55,0.5,0,122199,158.4
tools,raw-memory,eog,csm,2,1,1,task_20260106_134616_649_e6427839_7dba5a00,0.5,0,88425,120.1
tools,raw-memory,eog,csm,2,1,1,task_20260106_155841_121_e6427839_fa425cbe,1.0,1,111601,133.6
tools,raw-memory,eog,csm,2,1,1,task_20260106_185201_238_00364ece_8ab4fd80,0.333333,0,153712,173.7
tools,raw-memory,eog,csm,2,1,1,task_20260107_162554_472_accab84d_41d2e871,0.0,0,11849,46.8
tools,raw-memory,eog,csm,2,1,2,task_20251127_070938_325_b393a327_a40b1f4e,0.0,0,68168,103.3
tools,raw-memory,eog,csm,2,1,2,task_20251204_231522_245_e6427839_5d09c3c2,1.0,1,84355,110.6
tools,raw-memory,eog,csm,2,1,2,task_20251205_194841_224_391f1eff_136bedae,0.0,0,22058,38.5
tools,raw-memory,eog,csm,2,1,2,task_20251208_035402_755_ad5a67e3_8ca9a646,0.0,0,108171,155.8
tools,raw-memory,eog,csm,2,1,2,task_20251210_145940_356_accab84d_c16e9916,0.6,0,251788,228.6
tools,raw-memory,eog,csm,2,1,2,task_20251210_161511_924_2aa6b0ad_1446c2b4,0.666667,0,105129,108.1
tools,raw-memory,eog,csm,2,1,2,task_20251211_192109_853_99ba2325_b21298a0,0.4,0,78362,89.9
tools,raw-memory,eog,csm,2,1,2,task_20260102_155148_014_accab84d_910b176a,0.5,0,78302,89.7
tools,raw-memory,eog,csm,2,1,2,task_20260102_162857_012_391f1eff_39478d55,1.0,1,80115,113.5
tools,raw-memory,eog,csm,2,1,2,task_20260106_134616_649_e6427839_7dba5a00,0.5,0,101418,169.0
tools,raw-memory,eog,csm,2,1,2,task_20260106_155841_121_e6427839_fa425cbe,0.5,0,93015,125.0
tools,raw-memory,eog,csm,2,1,2,task_20260106_185201_238_00364ece_8ab4fd80,0.333333,0,191641,225.0
tools,raw-memory,eog,csm,2,1,2,task_20260107_162554_472_accab84d_41d2e871,0.0,0,171863,218.1
tools,raw-memory,eog,csm,2,1,3,task_20251127_070938_325_b393a327_a40b1f4e,0.0,0,101360,115.9
tools,raw-memory,eog,csm,2,1,3,task_20251204_231522_245_e6427839_5d09c3c2,1.0,1,85335,96.2
tools,raw-memory,eog,csm,2,1,3,task_20251205_194841_224_391f1eff_136bedae,0.0,0,10429,15.4
tools,raw-memory,eog,csm,2,1,3,task_20251208_035402_755_ad5a67e3_8ca9a646,0.0,0,116697,162.6
tools,raw-memory,eog,csm,2,1,3,task_20251210_145940_356_accab84d_c16e9916,0.6,0,311603,362.6
tools,raw-memory,eog,csm,2,1,3,task_20251210_161511_924_2aa6b0ad_1446c2b4,0.666667,0,94701,79.6
tools,raw-memory,eog,csm,2,1,3,task_20251211_192109_853_99ba2325_b21298a0,1.0,1,161223,178.6
tools,raw-memory,eog,csm,2,1,3,task_20260102_155148_014_accab84d_910b176a,0.5,0,66382,81.8
tools,raw-memory,eog,csm,2,1,3,task_20260102_162857_012_391f1eff_39478d55,0.5,0,81898,125.6
tools,raw-memory,eog,csm,2,1,3,task_20260106_134616_649_e6427839_7dba5a00,1.0,1,113480,154.8
tools,raw-memory,eog,csm,2,1,3,task_20260106_155841_121_e6427839_fa425cbe,0.5,0,139817,147.4
tools,raw-memory,eog,csm,2,1,3,task_20260106_185201_238_00364ece_8ab4fd80,0.333333,0,175569,171.4
tools,raw-memory,eog,csm,2,1,3,task_20260107_162554_472_accab84d_41d2e871,0.0,0,153179,196.5
tools,raw-memory,eog,csm,2,2,1,task_20251128_072831_616_6cd2e092_426f7c81,1.0,1,308666,284.5
tools,raw-memory,eog,csm,2,2,1,task_20251203_194626_202_391f1eff_1336fae8,0.0,0,55355,111.6
tools,raw-memory,eog,csm,2,2,1,task_20251206_091748_833_a8eea1c0_7775ff15,1.0,1,76376,111.9
tools,raw-memory,eog,csm,2,2,1,task_20251206_113950_467_6cd2e092_1a268d87,0.5,0,71764,157.0
tools,raw-memory,eog,csm,2,2,1,task_20251206_114027_879_5c0cd3a2_904991cc,0.5,0,42582,36.3
tools,raw-memory,eog,csm,2,2,1,task_20251206_130444_802_6cd2e092_8979087f,0.75,0,306508,320.9
tools,raw-memory,eog,csm,2,2,1,task_20251212_222304_435_66392a82_815cd745,0.8,0,218198,269.2
tools,raw-memory,eog,csm,2,2,1,task_20251231_152332_133_ad5a67e3_2a4e226c,0.5,0,84172,154.5
tools,raw-memory,eog,csm,2,2,1,task_20251231_164213_376_00364ece_724e98d5,1.0,1,105184,210.4
tools,raw-memory,eog,csm,2,2,1,task_20260101_111750_695_30600918_80637585,0.25,0,194677,398.2
tools,raw-memory,eog,csm,2,2,1,task_20260105_191634_257_2aa6b0ad_ea0bbd82,1.0,1,150944,198.7
tools,raw-memory,eog,csm,2,2,1,task_20260105_221816_258_00364ece_50f56980,1.0,1,101204,201.9
tools,raw-memory,eog,csm,2,2,1,task_20260106_090444_873_99ba2325_980a3405,0.5,0,100809,195.7
tools,raw-memory,eog,csm,2,2,1,task_20260106_161859_265_00364ece_0e836ce8,0.25,0,180961,314.5
tools,raw-memory,eog,csm,2,2,2,task_20251128_072831_616_6cd2e092_426f7c81,0.75,0,273886,232.9
tools,raw-memory,eog,csm,2,2,2,task_20251203_194626_202_391f1eff_1336fae8,0.333333,0,92091,164.2
tools,raw-memory,eog,csm,2,2,2,task_20251206_091748_833_a8eea1c0_7775ff15,1.0,1,129630,155.7
tools,raw-memory,eog,csm,2,2,2,task_20251206_113950_467_6cd2e092_1a268d87,0.5,0,82396,151.4
tools,raw-memory,eog,csm,2,2,2,task_20251206_114027_879_5c0cd3a2_904991cc,0.5,0,50942,63.0
tools,raw-memory,eog,csm,2,2,2,task_20251206_130444_802_6cd2e092_8979087f,0.75,0,317699,306.9
tools,raw-memory,eog,csm,2,2,2,task_20251212_222304_435_66392a82_815cd745,1.0,1,181707,185.7
tools,raw-memory,eog,csm,2,2,2,task_20251231_152332_133_ad5a67e3_2a4e226c,1.0,1,73785,83.4
tools,raw-memory,eog,csm,2,2,2,task_20251231_164213_376_00364ece_724e98d5,1.0,1,91849,169.7
tools,raw-memory,eog,csm,2,2,2,task_20260101_111750_695_30600918_80637585,0.5,0,256424,300.9
tools,raw-memory,eog,csm,2,2,2,task_20260105_191634_257_2aa6b0ad_ea0bbd82,1.0,1,149866,180.7
tools,raw-memory,eog,csm,2,2,2,task_20260105_221816_258_00364ece_50f56980,0.0,0,66787,119.7
tools,raw-memory,eog,csm,2,2,2,task_20260106_090444_873_99ba2325_980a3405,0.5,0,125039,270.0
tools,raw-memory,eog,csm,2,2,2,task_20260106_161859_265_00364ece_0e836ce8,0.25,0,176227,239.9
tools,raw-memory,eog,csm,2,2,3,task_20251128_072831_616_6cd2e092_426f7c81,0.75,0,179312,322.0
tools,raw-memory,eog,csm,2,2,3,task_20251203_194626_202_391f1eff_1336fae8,0.0,0,55432,86.6
tools,raw-memory,eog,csm,2,2,3,task_20251206_091748_833_a8eea1c0_7775ff15,1.0,1,114321,171.3
tools,raw-memory,eog,csm,2,2,3,task_20251206_113950_467_6cd2e092_1a268d87,0.5,0,111171,205.8
tools,raw-memory,eog,csm,2,2,3,task_20251206_114027_879_5c0cd3a2_904991cc,0.5,0,32146,49.5
tools,raw-memory,eog,csm,2,2,3,task_20251206_130444_802_6cd2e092_8979087f,0.75,0,429914,367.9
tools,raw-memory,eog,csm,2,2,3,task_20251212_222304_435_66392a82_815cd745,0.8,0,204858,224.8
tools,raw-memory,eog,csm,2,2,3,task_20251231_152332_133_ad5a67e3_2a4e226c,0.5,0,72538,70.7
tools,raw-memory,eog,csm,2,2,3,task_20251231_164213_376_00364ece_724e98d5,0.8,0,140358,263.9
tools,raw-memory,eog,csm,2,2,3,task_20260101_111750_695_30600918_80637585,0.25,0,141676,293.9
tools,raw-memory,eog,csm,2,2,3,task_20260105_191634_257_2aa6b0ad_ea0bbd82,1.0,1,104095,113.9
tools,raw-memory,eog,csm,2,2,3,task_20260105_221816_258_00364ece_50f56980,0.0,0,79141,119.2
tools,raw-memory,eog,csm,2,2,3,task_20260106_090444_873_99ba2325_980a3405,1.0,1,109472,206.2
tools,raw-memory,eog,csm,2,2,3,task_20260106_161859_265_00364ece_0e836ce8,0.5,0,155232,219.0
tools,raw-memory,eog,csm,3,1,1,task_20251127_070938_325_b393a327_a40b1f4e,0.0,0,96020,184.5
tools,raw-memory,eog,csm,3,1,1,task_20251204_231522_245_e6427839_5d09c3c2,1.0,1,92740,99.3
tools,raw-memory,eog,csm,3,1,1,task_20251205_194841_224_391f1eff_136bedae,0.0,0,12974,30.3
tools,raw-memory,eog,csm,3,1,1,task_20251208_035402_755_ad5a67e3_8ca9a646,0.0,0,138942,180.3
tools,raw-memory,eog,csm,3,1,1,task_20251210_145940_356_accab84d_c16e9916,0.6,0,324690,400.7
tools,raw-memory,eog,csm,3,1,1,task_20251210_161511_924_2aa6b0ad_1446c2b4,1.0,1,117851,111.3
tools,raw-memory,eog,csm,3,1,1,task_20251211_192109_853_99ba2325_b21298a0,1.0,1,166325,188.2
tools,raw-memory,eog,csm,3,1,1,task_20260102_155148_014_accab84d_910b176a,0.5,0,67867,98.5
tools,raw-memory,eog,csm,3,1,1,task_20260102_162857_012_391f1eff_39478d55,0.0,0,128379,173.4
tools,raw-memory,eog,csm,3,1,1,task_20260106_134616_649_e6427839_7dba5a00,0.5,0,126937,180.1
tools,raw-memory,eog,csm,3,1,1,task_20260106_155841_121_e6427839_fa425cbe,1.0,1,113410,159.7
tools,raw-memory,eog,csm,3,1,1,task_20260106_185201_238_00364ece_8ab4fd80,0.333333,0,153173,230.5
tools,raw-memory,eog,csm,3,1,1,task_20260107_162554_472_accab84d_41d2e871,0.0,0,134724,227.5
tools,raw-memory,eog,csm,3,1,2,task_20251127_070938_325_b393a327_a40b1f4e,0.0,0,82452,125.8
tools,raw-memory,eog,csm,3,1,2,task_20251204_231522_245_e6427839_5d09c3c2,1.0,1,92136,115.5
tools,raw-memory,eog,csm,3,1,2,task_20251205_194841_224_391f1eff_136bedae,0.0,0,25390,57.2
tools,raw-memory,eog,csm,3,1,2,task_20251208_035402_755_ad5a67e3_8ca9a646,0.0,0,112348,180.8
tools,raw-memory,eog,csm,3,1,2,task_20251210_145940_356_accab84d_c16e9916,0.6,0,251795,340.6
tools,raw-memory,eog,csm,3,1,2,task_20251210_161511_924_2aa6b0ad_1446c2b4,0.666667,0,113917,95.0
tools,raw-memory,eog,csm,3,1,2,task_20251211_192109_853_99ba2325_b21298a0,1.0,1,176480,206.3
tools,raw-memory,eog,csm,3,1,2,task_20260102_155148_014_accab84d_910b176a,0.5,0,52376,50.7
tools,raw-memory,eog,csm,3,1,2,task_20260102_162857_012_391f1eff_39478d55,0.0,0,123457,173.9
tools,raw-memory,eog,csm,3,1,2,task_20260106_134616_649_e6427839_7dba5a00,0.5,0,107485,146.9
tools,raw-memory,eog,csm,3,1,2,task_20260106_155841_121_e6427839_fa425cbe,0.0,0,169386,229.8
tools,raw-memory,eog,csm,3,1,2,task_20260106_185201_238_00364ece_8ab4fd80,0.333333,0,195771,245.1
tools,raw-memory,eog,csm,3,1,2,task_20260107_162554_472_accab84d_41d2e871,0.0,0,136569,145.6
tools,raw-memory,eog,csm,3,1,3,task_20251127_070938_325_b393a327_a40b1f4e,0.0,0,82430,132.9
tools,raw-memory,eog,csm,3,1,3,task_20251204_231522_245_e6427839_5d09c3c2,1.0,1,103248,102.0
tools,raw-memory,eog,csm,3,1,3,task_20251205_194841_224_391f1eff_136bedae,0.0,0,12688,20.7
tools,raw-memory,eog,csm,3,1,3,task_20251208_035402_755_ad5a67e3_8ca9a646,0.0,0,118403,134.2
tools,raw-memory,eog,csm,3,1,3,task_20251210_145940_356_accab84d_c16e9916,0.6,0,314259,341.1
tools,raw-memory,eog,csm,3,1,3,task_20251210_161511_924_2aa6b0ad_1446c2b4,0.666667,0,113463,75.0
tools,raw-memory,eog,csm,3,1,3,task_20251211_192109_853_99ba2325_b21298a0,0.6,0,135419,177.7
tools,raw-memory,eog,csm,3,1,3,task_20260102_155148_014_accab84d_910b176a,0.5,0,79254,95.8
tools,raw-memory,eog,csm,3,1,3,task_20260102_162857_012_391f1eff_39478d55,0.5,0,160936,211.9
tools,raw-memory,eog,csm,3,1,3,task_20260106_134616_649_e6427839_7dba5a00,1.0,1,112243,145.8
tools,raw-memory,eog,csm,3,1,3,task_20260106_155841_121_e6427839_fa425cbe,0.0,0,168868,241.9
tools,raw-memory,eog,csm,3,1,3,task_20260106_185201_238_00364ece_8ab4fd80,0.333333,0,189954,230.8
tools,raw-memory,eog,csm,3,1,3,task_20260107_162554_472_accab84d_41d2e871,0.0,0,83421,128.0
tools,raw-memory,eog,csm,3,2,1,task_20251128_072831_616_6cd2e092_426f7c81,0.75,0,366189,469.6
tools,raw-memory,eog,csm,3,2,1,task_20251203_194626_202_391f1eff_1336fae8,0.666667,0,80888,115.8
tools,raw-memory,eog,csm,3,2,1,task_20251206_091748_833_a8eea1c0_7775ff15,1.0,1,124656,195.8
tools,raw-memory,eog,csm,3,2,1,task_20251206_113950_467_6cd2e092_1a268d87,0.5,0,126795,187.7
tools,raw-memory,eog,csm,3,2,1,task_20251206_114027_879_5c0cd3a2_904991cc,0.5,0,41046,37.8
tools,raw-memory,eog,csm,3,2,1,task_20251206_130444_802_6cd2e092_8979087f,0.75,0,513397,450.2
tools,raw-memory,eog,csm,3,2,1,task_20251212_222304_435_66392a82_815cd745,0.6,0,269591,345.9
tools,raw-memory,eog,csm,3,2,1,task_20251231_152332_133_ad5a67e3_2a4e226c,0.5,0,89152,89.0
tools,raw-memory,eog,csm,3,2,1,task_20251231_164213_376_00364ece_724e98d5,1.0,1,125372,322.5
tools,raw-memory,eog,csm,3,2,1,task_20260101_111750_695_30600918_80637585,0.5,0,248215,413.9
tools,raw-memory,eog,csm,3,2,1,task_20260105_191634_257_2aa6b0ad_ea0bbd82,1.0,1,157477,184.8
tools,raw-memory,eog,csm,3,2,1,task_20260105_221816_258_00364ece_50f56980,1.0,1,324308,361.2
tools,raw-memory,eog,csm,3,2,1,task_20260106_090444_873_99ba2325_980a3405,1.0,1,133322,315.5
tools,raw-memory,eog,csm,3,2,1,task_20260106_161859_265_00364ece_0e836ce8,0.25,0,215910,279.9
tools,raw-memory,eog,csm,3,2,2,task_20251128_072831_616_6cd2e092_426f7c81,0.75,0,282085,369.8
tools,raw-memory,eog,csm,3,2,2,task_20251203_194626_202_391f1eff_1336fae8,0.333333,0,81947,149.6
tools,raw-memory,eog,csm,3,2,2,task_20251206_091748_833_a8eea1c0_7775ff15,1.0,1,94037,155.4
tools,raw-memory,eog,csm,3,2,2,task_20251206_113950_467_6cd2e092_1a268d87,0.5,0,114968,230.8
tools,raw-memory,eog,csm,3,2,2,task_20251206_114027_879_5c0cd3a2_904991cc,0.5,0,49279,46.8
tools,raw-memory,eog,csm,3,2,2,task_20251206_130444_802_6cd2e092_8979087f,0.75,0,307583,395.2
tools,raw-memory,eog,csm,3,2,2,task_20251212_222304_435_66392a82_815cd745,1.0,1,481723,348.1
tools,raw-memory,eog,csm,3,2,2,task_20251231_152332_133_ad5a67e3_2a4e226c,0.5,0,76212,90.6
tools,raw-memory,eog,csm,3,2,2,task_20251231_164213_376_00364ece_724e98d5,1.0,1,193059,353.2
tools,raw-memory,eog,csm,3,2,2,task_20260101_111750_695_30600918_80637585,0.25,0,185914,363.4
tools,raw-memory,eog,csm,3,2,2,task_20260105_191634_257_2aa6b0ad_ea0bbd82,1.0,1,140587,184.1
tools,raw-memory,eog,csm,3,2,2,task_20260105_221816_258_00364ece_50f56980,0.0,0,104242,154.6
tools,raw-memory,eog,csm,3,2,2,task_20260106_090444_873_99ba2325_980a3405,1.0,1,219775,457.0
tools,raw-memory,eog,csm,3,2,2,task_20260106_161859_265_00364ece_0e836ce8,0.25,0,233361,332.1
tools,raw-memory,eog,csm,3,2,3,task_20251128_072831_616_6cd2e092_426f7c81,0.75,0,388209,290.1
tools,raw-memory,eog,csm,3,2,3,task_20251203_194626_202_391f1eff_1336fae8,0.666667,0,123025,142.6
tools,raw-memory,eog,csm,3,2,3,task_20251206_091748_833_a8eea1c0_7775ff15,1.0,1,145149,134.6
tools,raw-memory,eog,csm,3,2,3,task_20251206_113950_467_6cd2e092_1a268d87,0.5,0,113138,185.0
tools,raw-memory,eog,csm,3,2,3,task_20251206_114027_879_5c0cd3a2_904991cc,0.5,0,41378,45.4
tools,raw-memory,eog,csm,3,2,3,task_20251206_130444_802_6cd2e092_8979087f,0.75,0,186640,350.6
tools,raw-memory,eog,csm,3,2,3,task_20251212_222304_435_66392a82_815cd745,0.8,0,208353,220.5
tools,raw-memory,eog,csm,3,2,3,task_20251231_152332_133_ad5a67e3_2a4e226c,0.5,0,104475,81.5
tools,raw-memory,eog,csm,3,2,3,task_20251231_164213_376_00364ece_724e98d5,1.0,1,167203,252.4
tools,raw-memory,eog,csm,3,2,3,task_20260101_111750_695_30600918_80637585,0.25,0,217076,414.6
tools,raw-memory,eog,csm,3,2,3,task_20260105_191634_257_2aa6b0ad_ea0bbd82,1.0,1,178593,217.5
tools,raw-memory,eog,csm,3,2,3,task_20260105_221816_258_00364ece_50f56980,1.0,1,176731,226.6
tools,raw-memory,eog,csm,3,2,3,task_20260106_090444_873_99ba2325_980a3405,1.0,1,131694,251.3
tools,raw-memory,eog,csm,3,2,3,task_20260106_161859_265_00364ece_0e836ce8,0.25,0,230200,344.5
tools,raw-memory,eog,csm,3,3,1,task_20251203_051113_560_99ba2325_1ff9b6e5,1.0,1,141454,266.1
tools,raw-memory,eog,csm,3,3,1,task_20251205_060649_946_66392a82_354af85a,1.0,1,128472,157.9
tools,raw-memory,eog,csm,3,3,1,task_20251205_072016_336_46ca2862_e9006fbb,1.0,1,204963,316.8
tools,raw-memory,eog,csm,3,3,1,task_20251205_075543_102_46ca2862_7ba653d0,0.8,0,138367,184.9
tools,raw-memory,eog,csm,3,3,1,task_20251210_183114_382_99ba2325_071a72ab,0.5,0,67374,172.8
tools,raw-memory,eog,csm,3,3,1,task_20251211_021838_048_accab84d_a511ee6e,0.666667,0,107097,155.3
tools,raw-memory,eog,csm,3,3,1,task_20260101_191529_659_a8eea1c0_27d3bf1b,0.833333,0,172170,236.7
tools,raw-memory,eog,csm,3,3,1,task_20260101_233731_695_00364ece_187f2808,1.0,1,177135,271.2
tools,raw-memory,eog,csm,3,3,1,task_20260102_031908_712_accab84d_886a7365,0.888889,0,293782,403.8
tools,raw-memory,eog,csm,3,3,1,task_20260102_100510_709_66392a82_3d301c18,0.8,0,131811,111.7
tools,raw-memory,eog,csm,3,3,1,task_20260102_165223_158_99ba2325_67a4a1e9,0.0,0,57557,168.5
tools,raw-memory,eog,csm,3,3,1,task_20260102_172945_725_ad5a67e3_5480e26f,1.0,1,368697,284.4
tools,raw-memory,eog,csm,3,3,1,task_20260102_210829_972_2aa6b0ad_e3d70e04,1.0,1,263832,325.0
tools,raw-memory,eog,csm,3,3,1,task_20260106_145907_700_a8eea1c0_f5bae698,0.714286,0,252172,679.7
tools,raw-memory,eog,csm,3,3,1,task_20260106_151754_319_d4a463c3_41f0af13,1.0,1,477348,303.6
tools,raw-memory,eog,csm,3,3,1,task_20260106_161324_272_c4ad7a70_4b3980fc,1.0,1,125890,255.4
tools,raw-memory,eog,csm,3,3,1,task_20260108_160928_699_391f1eff_905701cb,0.0,0,93706,165.4
tools,raw-memory,eog,csm,3,3,1,task_20260121_162252_344_1afb323a_f878fac7,1.0,1,129749,296.5
tools,raw-memory,eog,csm,3,3,1,task_20260121_163208_054_1afb323a_7f40ee66,0.0,0,113177,197.0
tools,raw-memory,eog,csm,3,3,1,task_20260121_183027_058_1afb323a_c53cb400,0.8,0,181649,174.8
tools,raw-memory,eog,csm,3,3,2,task_20251203_051113_560_99ba2325_1ff9b6e5,1.0,1,127910,253.7
tools,raw-memory,eog,csm,3,3,2,task_20251205_060649_946_66392a82_354af85a,0.0,0,178009,222.8
tools,raw-memory,eog,csm,3,3,2,task_20251205_072016_336_46ca2862_e9006fbb,1.0,1,211277,175.0
tools,raw-memory,eog,csm,3,3,2,task_20251205_075543_102_46ca2862_7ba653d0,0.4,0,220236,397.8
tools,raw-memory,eog,csm,3,3,2,task_20251210_183114_382_99ba2325_071a72ab,0.5,0,69707,147.8
tools,raw-memory,eog,csm,3,3,2,task_20251211_021838_048_accab84d_a511ee6e,0.666667,0,135086,179.2
tools,raw-memory,eog,csm,3,3,2,task_20260101_191529_659_a8eea1c0_27d3bf1b,0.833333,0,215140,375.5
tools,raw-memory,eog,csm,3,3,2,task_20260101_233731_695_00364ece_187f2808,1.0,1,322984,393.1
tools,raw-memory,eog,csm,3,3,2,task_20260102_031908_712_accab84d_886a7365,0.888889,0,368405,635.5
tools,raw-memory,eog,csm,3,3,2,task_20260102_100510_709_66392a82_3d301c18,0.8,0,582244,288.1
tools,raw-memory,eog,csm,3,3,2,task_20260102_165223_158_99ba2325_67a4a1e9,0.0,0,14063,53.2
tools,raw-memory,eog,csm,3,3,2,task_20260102_172945_725_ad5a67e3_5480e26f,0.8,0,287579,433.3
tools,raw-memory,eog,csm,3,3,2,task_20260102_210829_972_2aa6b0ad_e3d70e04,1.0,1,200300,350.4
tools,raw-memory,eog,csm,3,3,2,task_20260106_145907_700_a8eea1c0_f5bae698,0.857143,0,320218,641.9
tools,raw-memory,eog,csm,3,3,2,task_20260106_151754_319_d4a463c3_41f0af13,0.0,0,163197,154.8
tools,raw-memory,eog,csm,3,3,2,task_20260106_161324_272_c4ad7a70_4b3980fc,0.75,0,98430,164.9
tools,raw-memory,eog,csm,3,3,2,task_20260108_160928_699_391f1eff_905701cb,0.0,0,90145,105.4
tools,raw-memory,eog,csm,3,3,2,task_20260121_162252_344_1afb323a_f878fac7,1.0,1,96692,196.8
tools,raw-memory,eog,csm,3,3,2,task_20260121_163208_054_1afb323a_7f40ee66,0.0,0,179683,175.5
tools,raw-memory,eog,csm,3,3,2,task_20260121_183027_058_1afb323a_c53cb400,0.4,0,213749,257.0
tools,raw-memory,eog,csm,3,3,3,task_20251203_051113_560_99ba2325_1ff9b6e5,1.0,1,142736,289.8
tools,raw-memory,eog,csm,3,3,3,task_20251205_060649_946_66392a82_354af85a,0.833333,0,128876,208.2
tools,raw-memory,eog,csm,3,3,3,task_20251205_072016_336_46ca2862_e9006fbb,1.0,1,202016,227.5
tools,raw-memory,eog,csm,3,3,3,task_20251205_075543_102_46ca2862_7ba653d0,0.6,0,141145,255.3
tools,raw-memory,eog,csm,3,3,3,task_20251210_183114_382_99ba2325_071a72ab,0.5,0,100783,237.4
tools,raw-memory,eog,csm,3,3,3,task_20251211_021838_048_accab84d_a511ee6e,0.666667,0,148516,280.0
tools,raw-memory,eog,csm,3,3,3,task_20260101_191529_659_a8eea1c0_27d3bf1b,0.833333,0,489272,240.2
tools,raw-memory,eog,csm,3,3,3,task_20260101_233731_695_00364ece_187f2808,0.8,0,179599,185.4
tools,raw-memory,eog,csm,3,3,3,task_20260102_031908_712_accab84d_886a7365,0.888889,0,248555,566.6
tools,raw-memory,eog,csm,3,3,3,task_20260102_100510_709_66392a82_3d301c18,1.0,1,150184,102.7
tools,raw-memory,eog,csm,3,3,3,task_20260102_165223_158_99ba2325_67a4a1e9,0.0,0,14814,55.2
tools,raw-memory,eog,csm,3,3,3,task_20260102_172945_725_ad5a67e3_5480e26f,0.8,0,318999,366.7
tools,raw-memory,eog,csm,3,3,3,task_20260102_210829_972_2aa6b0ad_e3d70e04,1.0,1,219018,283.7
tools,raw-memory,eog,csm,3,3,3,task_20260106_145907_700_a8eea1c0_f5bae698,0.857143,0,252460,614.1
tools,raw-memory,eog,csm,3,3,3,task_20260106_151754_319_d4a463c3_41f0af13,1.0,1,358409,361.9
tools,raw-memory,eog,csm,3,3,3,task_20260106_161324_272_c4ad7a70_4b3980fc,0.75,0,142053,263.3
tools,raw-memory,eog,csm,3,3,3,task_20260108_160928_699_391f1eff_905701cb,0.0,0,78061,115.6
tools,raw-memory,eog,csm,3,3,3,task_20260121_162252_344_1afb323a_f878fac7,1.0,1,127614,278.8
tools,raw-memory,eog,csm,3,3,3,task_20260121_163208_054_1afb323a_7f40ee66,0.0,0,97993,196.9
tools,raw-memory,eog,csm,3,3,3,task_20260121_183027_058_1afb323a_c53cb400,0.8,0,164229,178.4
tools,raw-memory,eog,csm,4,1,1,task_20251127_070938_325_b393a327_a40b1f4e,0.0,0,121753,138.9
tools,raw-memory,eog,csm,4,1,1,task_20251204_231522_245_e6427839_5d09c3c2,1.0,1,102245,99.8
tools,raw-memory,eog,csm,4,1,1,task_20251205_194841_224_391f1eff_136bedae,0.0,0,16458,23.3
tools,raw-memory,eog,csm,4,1,1,task_20251208_035402_755_ad5a67e3_8ca9a646,0.0,0,263314,203.5
tools,raw-memory,eog,csm,4,1,1,task_20251210_145940_356_accab84d_c16e9916,0.0,0,343377,351.7
tools,raw-memory,eog,csm,4,1,1,task_20251210_161511_924_2aa6b0ad_1446c2b4,0.666667,0,197429,134.7
tools,raw-memory,eog,csm,4,1,1,task_20251211_192109_853_99ba2325_b21298a0,1.0,1,301978,264.3
tools,raw-memory,eog,csm,4,1,1,task_20260102_155148_014_accab84d_910b176a,0.5,0,67616,69.3
tools,raw-memory,eog,csm,4,1,1,task_20260102_162857_012_391f1eff_39478d55,0.5,0,129241,150.2
tools,raw-memory,eog,csm,4,1,1,task_20260106_134616_649_e6427839_7dba5a00,1.0,1,119747,133.2
tools,raw-memory,eog,csm,4,1,1,task_20260106_155841_121_e6427839_fa425cbe,0.0,0,286828,310.1
tools,raw-memory,eog,csm,4,1,1,task_20260106_185201_238_00364ece_8ab4fd80,0.333333,0,177304,221.8
tools,raw-memory,eog,csm,4,1,1,task_20260107_162554_472_accab84d_41d2e871,0.0,0,377460,236.5
tools,raw-memory,eog,csm,4,1,2,task_20251127_070938_325_b393a327_a40b1f4e,0.0,0,103500,134.6
tools,raw-memory,eog,csm,4,1,2,task_20251204_231522_245_e6427839_5d09c3c2,1.0,1,164745,102.3
tools,raw-memory,eog,csm,4,1,2,task_20251205_194841_224_391f1eff_136bedae,0.0,0,16637,34.2
tools,raw-memory,eog,csm,4,1,2,task_20251208_035402_755_ad5a67e3_8ca9a646,0.0,0,163892,194.1
tools,raw-memory,eog,csm,4,1,2,task_20251210_145940_356_accab84d_c16e9916,0.8,0,278276,360.1
tools,raw-memory,eog,csm,4,1,2,task_20251210_161511_924_2aa6b0ad_1446c2b4,0.666667,0,207080,141.1
tools,raw-memory,eog,csm,4,1,2,task_20251211_192109_853_99ba2325_b21298a0,0.6,0,150368,117.8
tools,raw-memory,eog,csm,4,1,2,task_20260102_155148_014_accab84d_910b176a,0.5,0,101306,69.5
tools,raw-memory,eog,csm,4,1,2,task_20260102_162857_012_391f1eff_39478d55,1.0,1,120530,169.7
tools,raw-memory,eog,csm,4,1,2,task_20260106_134616_649_e6427839_7dba5a00,0.5,0,189436,186.9
tools,raw-memory,eog,csm,4,1,2,task_20260106_155841_121_e6427839_fa425cbe,0.5,0,208255,213.4
tools,raw-memory,eog,csm,4,1,2,task_20260106_185201_238_00364ece_8ab4fd80,0.333333,0,230034,257.6
tools,raw-memory,eog,csm,4,1,2,task_20260107_162554_472_accab84d_41d2e871,0.0,0,138783,141.5
tools,raw-memory,eog,csm,4,1,3,task_20251127_070938_325_b393a327_a40b1f4e,0.0,0,122025,240.3
tools,raw-memory,eog,csm,4,1,3,task_20251204_231522_245_e6427839_5d09c3c2,1.0,1,117780,125.7
tools,raw-memory,eog,csm,4,1,3,task_20251205_194841_224_391f1eff_136bedae,0.0,0,16093,26.6
tools,raw-memory,eog,csm,4,1,3,task_20251208_035402_755_ad5a67e3_8ca9a646,0.0,0,123234,171.0
tools,raw-memory,eog,csm,4,1,3,task_20251210_145940_356_accab84d_c16e9916,0.6,0,565533,450.3
tools,raw-memory,eog,csm,4,1,3,task_20251210_161511_924_2aa6b0ad_1446c2b4,0.666667,0,194344,96.3
tools,raw-memory,eog,csm,4,1,3,task_20251211_192109_853_99ba2325_b21298a0,1.0,1,301185,260.9
tools,raw-memory,eog,csm,4,1,3,task_20260102_155148_014_accab84d_910b176a,0.5,0,68903,81.5
tools,raw-memory,eog,csm,4,1,3,task_20260102_162857_012_391f1eff_39478d55,0.5,0,176347,239.5
tools,raw-memory,eog,csm,4,1,3,task_20260106_134616_649_e6427839_7dba5a00,0.5,0,137333,186.6
tools,raw-memory,eog,csm,4,1,3,task_20260106_155841_121_e6427839_fa425cbe,0.0,0,317786,397.1
tools,raw-memory,eog,csm,4,1,3,task_20260106_185201_238_00364ece_8ab4fd80,0.333333,0,348540,373.2
tools,raw-memory,eog,csm,4,1,3,task_20260107_162554_472_accab84d_41d2e871,0.0,0,238128,228.9
tools,raw-memory,eog,csm,4,2,1,task_20251128_072831_616_6cd2e092_426f7c81,0.75,0,374578,326.8
tools,raw-memory,eog,csm,4,2,1,task_20251203_194626_202_391f1eff_1336fae8,0.666667,0,123920,160.0
tools,raw-memory,eog,csm,4,2,1,task_20251206_091748_833_a8eea1c0_7775ff15,1.0,1,153767,208.9
tools,raw-memory,eog,csm,4,2,1,task_20251206_113950_467_6cd2e092_1a268d87,0.5,0,158100,186.9
tools,raw-memory,eog,csm,4,2,1,task_20251206_114027_879_5c0cd3a2_904991cc,0.5,0,79618,69.8
tools,raw-memory,eog,csm,4,2,1,task_20251206_130444_802_6cd2e092_8979087f,0.75,0,290941,321.5
tools,raw-memory,eog,csm,4,2,1,task_20251212_222304_435_66392a82_815cd745,0.8,0,330057,281.1
tools,raw-memory,eog,csm,4,2,1,task_20251231_152332_133_ad5a67e3_2a4e226c,0.5,0,115846,117.8
tools,raw-memory,eog,csm,4,2,1,task_20251231_164213_376_00364ece_724e98d5,0.8,0,226408,276.0
tools,raw-memory,eog,csm,4,2,1,task_20260101_111750_695_30600918_80637585,0.25,0,196764,286.5
tools,raw-memory,eog,csm,4,2,1,task_20260105_191634_257_2aa6b0ad_ea0bbd82,1.0,1,239991,212.9
tools,raw-memory,eog,csm,4,2,1,task_20260105_221816_258_00364ece_50f56980,1.0,1,270480,287.4
tools,raw-memory,eog,csm,4,2,1,task_20260106_090444_873_99ba2325_980a3405,0.5,0,197474,303.2
tools,raw-memory,eog,csm,4,2,1,task_20260106_161859_265_00364ece_0e836ce8,0.5,0,224186,442.7
tools,raw-memory,eog,csm,4,2,2,task_20251128_072831_616_6cd2e092_426f7c81,0.75,0,227424,342.7
tools,raw-memory,eog,csm,4,2,2,task_20251203_194626_202_391f1eff_1336fae8,0.333333,0,102540,154.8
tools,raw-memory,eog,csm,4,2,2,task_20251206_091748_833_a8eea1c0_7775ff15,1.0,1,149052,105.3
tools,raw-memory,eog,csm,4,2,2,task_20251206_113950_467_6cd2e092_1a268d87,0.5,0,124133,159.8
tools,raw-memory,eog,csm,4,2,2,task_20251206_114027_879_5c0cd3a2_904991cc,0.5,0,63395,38.1
tools,raw-memory,eog,csm,4,2,2,task_20251206_130444_802_6cd2e092_8979087f,1.0,1,288481,313.1
tools,raw-memory,eog,csm,4,2,2,task_20251212_222304_435_66392a82_815cd745,0.8,0,315806,284.3
tools,raw-memory,eog,csm,4,2,2,task_20251231_152332_133_ad5a67e3_2a4e226c,0.5,0,130961,120.3
tools,raw-memory,eog,csm,4,2,2,task_20251231_164213_376_00364ece_724e98d5,1.0,1,197055,236.6
tools,raw-memory,eog,csm,4,2,2,task_20260101_111750_695_30600918_80637585,0.5,0,219942,437.7
tools,raw-memory,eog,csm,4,2,2,task_20260105_191634_257_2aa6b0ad_ea0bbd82,1.0,1,190068,183.5
tools,raw-memory,eog,csm,4,2,2,task_20260105_221816_258_00364ece_50f56980,1.0,1,198529,246.8
tools,raw-memory,eog,csm,4,2,2,task_20260106_090444_873_99ba2325_980a3405,1.0,1,147773,239.2
tools,raw-memory,eog,csm,4,2,2,task_20260106_161859_265_00364ece_0e836ce8,0.5,0,332540,427.6
tools,raw-memory,eog,csm,4,2,3,task_20251128_072831_616_6cd2e092_426f7c81,0.75,0,333933,459.1
tools,raw-memory,eog,csm,4,2,3,task_20251203_194626_202_391f1eff_1336fae8,0.333333,0,102857,163.8
tools,raw-memory,eog,csm,4,2,3,task_20251206_091748_833_a8eea1c0_7775ff15,1.0,1,191161,235.2
tools,raw-memory,eog,csm,4,2,3,task_20251206_113950_467_6cd2e092_1a268d87,0.5,0,70181,107.8
tools,raw-memory,eog,csm,4,2,3,task_20251206_114027_879_5c0cd3a2_904991cc,0.5,0,66504,39.0
tools,raw-memory,eog,csm,4,2,3,task_20251206_130444_802_6cd2e092_8979087f,0.75,0,357774,564.3
tools,raw-memory,eog,csm,4,2,3,task_20251212_222304_435_66392a82_815cd745,1.0,1,277701,240.6
tools,raw-memory,eog,csm,4,2,3,task_20251231_152332_133_ad5a67e3_2a4e226c,0.5,0,114021,122.4
tools,raw-memory,eog,csm,4,2,3,task_20251231_164213_376_00364ece_724e98d5,0.8,0,241555,248.5
tools,raw-memory,eog,csm,4,2,3,task_20260101_111750_695_30600918_80637585,0.5,0,257373,514.7
tools,raw-memory,eog,csm,4,2,3,task_20260105_191634_257_2aa6b0ad_ea0bbd82,0.666667,0,243977,250.3
tools,raw-memory,eog,csm,4,2,3,task_20260105_221816_258_00364ece_50f56980,0.0,0,125920,148.8
tools,raw-memory,eog,csm,4,2,3,task_20260106_090444_873_99ba2325_980a3405,0.5,0,163342,280.9
tools,raw-memory,eog,csm,4,2,3,task_20260106_161859_265_00364ece_0e836ce8,0.25,0,399416,527.9
tools,raw-memory,eog,csm,4,3,1,task_20251203_051113_560_99ba2325_1ff9b6e5,1.0,1,143288,176.5
tools,raw-memory,eog,csm,4,3,1,task_20251205_060649_946_66392a82_354af85a,0.0,0,158799,142.5
tools,raw-memory,eog,csm,4,3,1,task_20251205_072016_336_46ca2862_e9006fbb,1.0,1,273951,195.1
tools,raw-memory,eog,csm,4,3,1,task_20251205_075543_102_46ca2862_7ba653d0,0.4,0,92954,109.5
tools,raw-memory,eog,csm,4,3,1,task_20251210_183114_382_99ba2325_071a72ab,0.5,0,142208,199.4
tools,raw-memory,eog,csm,4,3,1,task_20251211_021838_048_accab84d_a511ee6e,0.666667,0,152354,151.8
tools,raw-memory,eog,csm,4,3,1,task_20260101_191529_659_a8eea1c0_27d3bf1b,0.833333,0,145778,171.0
tools,raw-memory,eog,csm,4,3,1,task_20260101_233731_695_00364ece_187f2808,1.0,1,212326,235.6
tools,raw-memory,eog,csm,4,3,1,task_20260102_031908_712_accab84d_886a7365,0.777778,0,477927,321.4
tools,raw-memory,eog,csm,4,3,1,task_20260102_100510_709_66392a82_3d301c18,1.0,1,132930,61.8
tools,raw-memory,eog,csm,4,3,1,task_20260102_165223_158_99ba2325_67a4a1e9,0.5,0,142868,178.3
tools,raw-memory,eog,csm,4,3,1,task_20260102_172945_725_ad5a67e3_5480e26f,0.6,0,362331,434.9
tools,raw-memory,eog,csm,4,3,1,task_20260102_210829_972_2aa6b0ad_e3d70e04,1.0,1,266377,248.4
tools,raw-memory,eog,csm,4,3,1,task_20260106_145907_700_a8eea1c0_f5bae698,0.857143,0,427673,536.7
tools,raw-memory,eog,csm,4,3,1,task_20260106_151754_319_d4a463c3_41f0af13,0.0,0,222920,165.4
tools,raw-memory,eog,csm,4,3,1,task_20260106_161324_272_c4ad7a70_4b3980fc,0.75,0,156981,152.9
tools,raw-memory,eog,csm,4,3,1,task_20260108_160928_699_391f1eff_905701cb,0.0,0,100984,108.7
tools,raw-memory,eog,csm,4,3,1,task_20260121_162252_344_1afb323a_f878fac7,1.0,1,158774,185.4
tools,raw-memory,eog,csm,4,3,1,task_20260121_163208_054_1afb323a_7f40ee66,0.0,0,121193,160.4
tools,raw-memory,eog,csm,4,3,1,task_20260121_183027_058_1afb323a_c53cb400,0.8,0,228893,175.6
tools,raw-memory,eog,csm,4,3,2,task_20251203_051113_560_99ba2325_1ff9b6e5,1.0,1,160363,264.6
tools,raw-memory,eog,csm,4,3,2,task_20251205_060649_946_66392a82_354af85a,0.833333,0,157409,165.8
tools,raw-memory,eog,csm,4,3,2,task_20251205_072016_336_46ca2862_e9006fbb,1.0,1,189923,170.1
tools,raw-memory,eog,csm,4,3,2,task_20251205_075543_102_46ca2862_7ba653d0,0.4,0,147213,183.3
tools,raw-memory,eog,csm,4,3,2,task_20251210_183114_382_99ba2325_071a72ab,0.5,0,161120,313.4
tools,raw-memory,eog,csm,4,3,2,task_20251211_021838_048_accab84d_a511ee6e,0.666667,0,241423,257.1
tools,raw-memory,eog,csm,4,3,2,task_20260101_191529_659_a8eea1c0_27d3bf1b,0.833333,0,184762,283.7
tools,raw-memory,eog,csm,4,3,2,task_20260101_233731_695_00364ece_187f2808,0.8,0,280005,314.7
tools,raw-memory,eog,csm,4,3,2,task_20260102_031908_712_accab84d_886a7365,0.888889,0,349380,334.6
tools,raw-memory,eog,csm,4,3,2,task_20260102_100510_709_66392a82_3d301c18,0.8,0,136563,127.2
tools,raw-memory,eog,csm,4,3,2,task_20260102_165223_158_99ba2325_67a4a1e9,0.0,0,36773,83.3
tools,raw-memory,eog,csm,4,3,2,task_20260102_172945_725_ad5a67e3_5480e26f,0.8,0,350444,440.7
tools,raw-memory,eog,csm,4,3,2,task_20260102_210829_972_2aa6b0ad_e3d70e04,1.0,1,263725,307.2
tools,raw-memory,eog,csm,4,3,2,task_20260106_145907_700_a8eea1c0_f5bae698,0.857143,0,524927,732.3
tools,raw-memory,eog,csm,4,3,2,task_20260106_151754_319_d4a463c3_41f0af13,0.0,0,150550,136.3
tools,raw-memory,eog,csm,4,3,2,task_20260106_161324_272_c4ad7a70_4b3980fc,1.0,1,143236,219.4
tools,raw-memory,eog,csm,4,3,2,task_20260108_160928_699_391f1eff_905701cb,0.0,0,115019,90.3
tools,raw-memory,eog,csm,4,3,2,task_20260121_162252_344_1afb323a_f878fac7,1.0,1,140367,209.0
tools,raw-memory,eog,csm,4,3,2,task_20260121_163208_054_1afb323a_7f40ee66,0.0,0,105133,158.7
tools,raw-memory,eog,csm,4,3,2,task_20260121_183027_058_1afb323a_c53cb400,0.8,0,242511,169.5
tools,raw-memory,eog,csm,4,3,3,task_20251203_051113_560_99ba2325_1ff9b6e5,1.0,1,236898,337.4
tools,raw-memory,eog,csm,4,3,3,task_20251205_060649_946_66392a82_354af85a,1.0,1,156558,154.3
tools,raw-memory,eog,csm,4,3,3,task_20251205_072016_336_46ca2862_e9006fbb,1.0,1,238718,198.4
tools,raw-memory,eog,csm,4,3,3,task_20251205_075543_102_46ca2862_7ba653d0,0.4,0,192326,280.6
tools,raw-memory,eog,csm,4,3,3,task_20251210_183114_382_99ba2325_071a72ab,0.5,0,124589,232.3
tools,raw-memory,eog,csm,4,3,3,task_20251211_021838_048_accab84d_a511ee6e,0.666667,0,166439,694.2
tools,raw-memory,eog,csm,4,3,3,task_20260101_191529_659_a8eea1c0_27d3bf1b,0.833333,0,197289,230.2
tools,raw-memory,eog,csm,4,3,3,task_20260101_233731_695_00364ece_187f2808,1.0,1,225228,320.6
tools,raw-memory,eog,csm,4,3,3,task_20260102_031908_712_accab84d_886a7365,0.777778,0,355262,446.4
tools,raw-memory,eog,csm,4,3,3,task_20260102_100510_709_66392a82_3d301c18,1.0,1,165580,98.2
tools,raw-memory,eog,csm,4,3,3,task_20260102_165223_158_99ba2325_67a4a1e9,0.0,0,35880,96.8
tools,raw-memory,eog,csm,4,3,3,task_20260102_172945_725_ad5a67e3_5480e26f,0.8,0,315492,261.4
tools,raw-memory,eog,csm,4,3,3,task_20260102_210829_972_2aa6b0ad_e3d70e04,1.0,1,244055,262.8
tools,raw-memory,eog,csm,4,3,3,task_20260106_145907_700_a8eea1c0_f5bae698,0.857143,0,375264,598.7
tools,raw-memory,eog,csm,4,3,3,task_20260106_151754_319_d4a463c3_41f0af13,0.0,0,256078,246.1
tools,raw-memory,eog,csm,4,3,3,task_20260106_161324_272_c4ad7a70_4b3980fc,0.75,0,264800,272.6
tools,raw-memory,eog,csm,4,3,3,task_20260108_160928_699_391f1eff_905701cb,0.0,0,99971,115.9
tools,raw-memory,eog,csm,4,3,3,task_20260121_162252_344_1afb323a_f878fac7,1.0,1,142231,230.8
tools,raw-memory,eog,csm,4,3,3,task_20260121_163208_054_1afb323a_7f40ee66,0.0,0,141820,172.6
tools,raw-memory,eog,csm,4,3,3,task_20260121_183027_058_1afb323a_c53cb400,0.8,0,192214,149.9
tools,raw-memory,eog,csm,4,4,1,task_20251127_152838_396_99ba2325_8391501f,0.5,0,160366,220.8
tools,raw-memory,eog,csm,4,4,1,task_20251128_204735_353_66392a82_3f8ef4a1,0.2,0,142110,192.2
tools,raw-memory,eog,csm,4,4,1,task_20251201_164641_724_109c89c0_1b29acb9,0.5,0,419926,426.6
tools,raw-memory,eog,csm,4,4,1,task_20251202_052822_939_66392a82_0479926e,1.0,1,238688,153.0
tools,raw-memory,eog,csm,4,4,1,task_20251202_100743_745_109c89c0_958a07c1,0.0,0,16930,22.7
tools,raw-memory,eog,csm,4,4,1,task_20251203_064555_149_66392a82_d124b805,1.0,1,105595,93.2
tools,raw-memory,eog,csm,4,4,1,task_20251204_132620_055_5c0cd3a2_048c6e95,1.0,1,406569,554.9
tools,raw-memory,eog,csm,4,4,1,task_20251205_095558_939_5c0cd3a2_4af4214c,1.0,1,330286,332.0
tools,raw-memory,eog,csm,4,4,1,task_20251205_101915_742_d4a463c3_8eac8077,0.25,0,270636,553.8
tools,raw-memory,eog,csm,4,4,1,task_20251205_153330_906_a8eea1c0_8c7a6205,0.666667,0,177614,248.2
tools,raw-memory,eog,csm,4,4,1,task_20251207_174704_642_5c0cd3a2_c124578d,0.0,0,17525,51.6
tools,raw-memory,eog,csm,4,4,1,task_20251209_122452_734_d4a463c3_e5f1961c,1.0,1,125092,179.8
tools,raw-memory,eog,csm,4,4,1,task_20251212_011224_384_accab84d_4ad9b557,0.8,0,213283,313.5
tools,raw-memory,eog,csm,4,4,1,task_20251231_123548_425_8cd8e61e_9303271e,0.0,0,35951,58.6
tools,raw-memory,eog,csm,4,4,1,task_20251231_162628_797_a8eea1c0_0a53db6c,0.857143,0,226514,304.0
tools,raw-memory,eog,csm,4,4,1,task_20260101_043715_660_a8eea1c0_7304e48e,0.8,0,443169,440.0
tools,raw-memory,eog,csm,4,4,1,task_20260101_122222_300_ad5a67e3_3757206c,0.6,0,216999,192.2
tools,raw-memory,eog,csm,4,4,1,task_20260101_162109_100_a8eea1c0_e88250ef,1.0,1,377638,632.7
tools,raw-memory,eog,csm,4,4,1,task_20260101_202840_239_a8eea1c0_0f425b23,0.7,0,339873,684.5
tools,raw-memory,eog,csm,4,4,1,task_20260102_063731_186_d4a463c3_f1c4df9b,1.0,1,159068,161.1
tools,raw-memory,eog,csm,4,4,1,task_20260102_080409_151_d4a463c3_56c32265,1.0,1,142262,219.8
tools,raw-memory,eog,csm,4,4,1,task_20260106_161816_678_a8eea1c0_1ef46cba,0.714286,0,265301,267.6
tools,raw-memory,eog,csm,4,4,1,task_20260107_111503_670_2aa6b0ad_e9611a77,0.5,0,341657,457.6
tools,raw-memory,eog,csm,4,4,1,task_20260121_145409_648_1afb323a_4e203caa,0.0,0,53794,108.1
tools,raw-memory,eog,csm,4,4,2,task_20251127_152838_396_99ba2325_8391501f,0.5,0,226851,300.1
tools,raw-memory,eog,csm,4,4,2,task_20251128_204735_353_66392a82_3f8ef4a1,0.2,0,224117,262.6
tools,raw-memory,eog,csm,4,4,2,task_20251201_164641_724_109c89c0_1b29acb9,0.5,0,353837,286.4
tools,raw-memory,eog,csm,4,4,2,task_20251202_052822_939_66392a82_0479926e,1.0,1,199796,144.5
tools,raw-memory,eog,csm,4,4,2,task_20251202_100743_745_109c89c0_958a07c1,0.0,0,17196,38.5
tools,raw-memory,eog,csm,4,4,2,task_20251203_064555_149_66392a82_d124b805,1.0,1,136759,104.5
tools,raw-memory,eog,csm,4,4,2,task_20251204_132620_055_5c0cd3a2_048c6e95,0.333333,0,318502,304.4
tools,raw-memory,eog,csm,4,4,2,task_20251205_095558_939_5c0cd3a2_4af4214c,1.0,1,197156,208.4
tools,raw-memory,eog,csm,4,4,2,task_20251205_101915_742_d4a463c3_8eac8077,0.25,0,358210,768.3
tools,raw-memory,eog,csm,4,4,2,task_20251205_153330_906_a8eea1c0_8c7a6205,0.666667,0,174513,274.8
tools,raw-memory,eog,csm,4,4,2,task_20251207_174704_642_5c0cd3a2_c124578d,0.0,0,16552,38.5
tools,raw-memory,eog,csm,4,4,2,task_20251209_122452_734_d4a463c3_e5f1961c,0.5,0,219028,306.6
tools,raw-memory,eog,csm,4,4,2,task_20251212_011224_384_accab84d_4ad9b557,0.8,0,245307,323.9
tools,raw-memory,eog,csm,4,4,2,task_20251231_123548_425_8cd8e61e_9303271e,0.0,0,136208,170.3
tools,raw-memory,eog,csm,4,4,2,task_20251231_162628_797_a8eea1c0_0a53db6c,1.0,1,210954,355.1
tools,raw-memory,eog,csm,4,4,2,task_20260101_043715_660_a8eea1c0_7304e48e,0.8,0,559245,516.4
tools,raw-memory,eog,csm,4,4,2,task_20260101_122222_300_ad5a67e3_3757206c,0.4,0,208617,322.7
tools,raw-memory,eog,csm,4,4,2,task_20260101_162109_100_a8eea1c0_e88250ef,1.0,1,317280,696.2
tools,raw-memory,eog,csm,4,4,2,task_20260101_202840_239_a8eea1c0_0f425b23,0.7,0,250067,485.5
tools,raw-memory,eog,csm,4,4,2,task_20260102_063731_186_d4a463c3_f1c4df9b,1.0,1,142840,193.0
tools,raw-memory,eog,csm,4,4,2,task_20260102_080409_151_d4a463c3_56c32265,1.0,1,269461,390.9
tools,raw-memory,eog,csm,4,4,2,task_20260106_161816_678_a8eea1c0_1ef46cba,0.714286,0,348783,376.8
tools,raw-memory,eog,csm,4,4,2,task_20260107_111503_670_2aa6b0ad_e9611a77,0.75,0,146931,256.7
tools,raw-memory,eog,csm,4,4,2,task_20260121_145409_648_1afb323a_4e203caa,0.0,0,70657,137.8
tools,raw-memory,eog,csm,4,4,3,task_20251127_152838_396_99ba2325_8391501f,0.5,0,239069,249.2
tools,raw-memory,eog,csm,4,4,3,task_20251128_204735_353_66392a82_3f8ef4a1,0.8,0,207775,201.8
tools,raw-memory,eog,csm,4,4,3,task_20251201_164641_724_109c89c0_1b29acb9,0.5,0,342882,310.0
tools,raw-memory,eog,csm,4,4,3,task_20251202_052822_939_66392a82_0479926e,1.0,1,173598,115.0
tools,raw-memory,eog,csm,4,4,3,task_20251202_100743_745_109c89c0_958a07c1,0.0,0,17107,39.8
tools,raw-memory,eog,csm,4,4,3,task_20251203_064555_149_66392a82_d124b805,1.0,1,121312,73.1
tools,raw-memory,eog,csm,4,4,3,task_20251204_132620_055_5c0cd3a2_048c6e95,1.0,1,398282,433.9
tools,raw-memory,eog,csm,4,4,3,task_20251205_095558_939_5c0cd3a2_4af4214c,1.0,1,240741,321.4
tools,raw-memory,eog,csm,4,4,3,task_20251205_101915_742_d4a463c3_8eac8077,0.0,0,289642,649.9
tools,raw-memory,eog,csm,4,4,3,task_20251205_153330_906_a8eea1c0_8c7a6205,1.0,1,197738,227.2
tools,raw-memory,eog,csm,4,4,3,task_20251207_174704_642_5c0cd3a2_c124578d,0.0,0,17655,40.6
tools,raw-memory,eog,csm,4,4,3,task_20251209_122452_734_d4a463c3_e5f1961c,1.0,1,164943,267.8
tools,raw-memory,eog,csm,4,4,3,task_20251212_011224_384_accab84d_4ad9b557,0.8,0,288641,367.7
tools,raw-memory,eog,csm,4,4,3,task_20251231_123548_425_8cd8e61e_9303271e,0.0,0,107174,154.1
tools,raw-memory,eog,csm,4,4,3,task_20251231_162628_797_a8eea1c0_0a53db6c,1.0,1,160072,316.9
tools,raw-memory,eog,csm,4,4,3,task_20260101_043715_660_a8eea1c0_7304e48e,0.6,0,307316,238.9
tools,raw-memory,eog,csm,4,4,3,task_20260101_122222_300_ad5a67e3_3757206c,0.6,0,281725,330.4
tools,raw-memory,eog,csm,4,4,3,task_20260101_162109_100_a8eea1c0_e88250ef,0.777778,0,115186,256.8
tools,raw-memory,eog,csm,4,4,3,task_20260101_202840_239_a8eea1c0_0f425b23,0.7,0,357080,660.7
tools,raw-memory,eog,csm,4,4,3,task_20260102_063731_186_d4a463c3_f1c4df9b,1.0,1,141375,169.3
tools,raw-memory,eog,csm,4,4,3,task_20260102_080409_151_d4a463c3_56c32265,1.0,1,178629,222.3
tools,raw-memory,eog,csm,4,4,3,task_20260106_161816_678_a8eea1c0_1ef46cba,0.714286,0,331521,307.6
tools,raw-memory,eog,csm,4,4,3,task_20260107_111503_670_2aa6b0ad_e9611a77,1.0,1,151011,262.9
tools,raw-memory,eog,csm,4,4,3,task_20260121_145409_648_1afb323a_4e203caa,0.0,0,139354,165.0
tools,raw-memory,eog,drive,1,1,1,task_20251126_122314_557_be6c9105_daf0aae1,0.5,0,173773,89.7
tools,raw-memory,eog,drive,1,1,1,task_20251126_122651_325_be6c9105_1864c322,0.75,0,122430,95.3
tools,raw-memory,eog,drive,1,1,1,task_20251126_145836_025_be6c9105_3b572b98,0.0,0,99043,92.5
tools,raw-memory,eog,drive,1,1,1,task_20251128_123025_545_13762b97_ad80b87c,0.666667,0,225447,263.5
tools,raw-memory,eog,drive,1,1,1,task_20251128_123035_919_64a4ebb9_8b93bf99,1.0,1,115529,43.8
tools,raw-memory,eog,drive,1,1,1,task_20251128_123301_181_64a4ebb9_4c1d5329,1.0,1,132638,45.5
tools,raw-memory,eog,drive,1,1,1,task_20251128_123526_889_64a4ebb9_20d5e6ae,0.666667,0,88198,27.8
tools,raw-memory,eog,drive,1,1,1,task_20251204_085603_739_ae7b45e2_b7a96253,0.5,0,97087,83.8
tools,raw-memory,eog,drive,1,1,1,task_20251204_092258_460_be6c9105_33990b9e,1.0,1,274198,163.4
tools,raw-memory,eog,drive,1,1,1,task_20251204_092557_093_ae7b45e2_24132aa0,0.75,0,94316,54.3
tools,raw-memory,eog,drive,1,1,1,task_20251204_115902_743_13762b97_19892db1,0.333333,0,154586,122.4
tools,raw-memory,eog,drive,1,1,1,task_20251204_122816_238_13762b97_cd4a8a4f,1.0,1,306546,429.4
tools,raw-memory,eog,drive,1,1,1,task_20251205_162218_909_4d9df647_8538c2ae,0.5,0,280189,355.0
tools,raw-memory,eog,drive,1,1,1,task_20251211_105500_082_ae7b45e2_ee28e324,1.0,1,165707,87.6
tools,raw-memory,eog,drive,1,1,1,task_20251211_113022_685_23fcbcdb_906c78e7,0.2,0,40543,76.0
tools,raw-memory,eog,drive,1,1,1,task_20251211_141114_742_4d9df647_e15bd80a,0.25,0,201716,265.4
tools,raw-memory,eog,drive,1,1,1,task_20260105_170909_782_a9f62433_ecdfc657,1.0,1,78119,69.4
tools,raw-memory,eog,drive,1,1,1,task_20260106_144651_681_4d9df647_72f9f11e,0.5,0,304840,234.5
tools,raw-memory,eog,drive,1,1,1,task_20260107_162724_374_13762b97_6a97d001,1.0,1,135587,94.4
tools,raw-memory,eog,drive,1,1,1,task_20260107_163801_607_64a4ebb9_6f9c4d1b,1.0,1,170572,58.8
tools,raw-memory,eog,drive,1,1,1,task_20260107_173403_203_64a4ebb9_e8ddb8d7,1.0,1,190002,46.0
tools,raw-memory,eog,drive,1,1,1,task_20260107_174626_202_64a4ebb9_e3e54b1d,1.0,1,190008,53.1
tools,raw-memory,eog,drive,1,1,1,task_20260107_180857_873_ae7b45e2_47771a8c,0.333333,0,105521,48.2
tools,raw-memory,eog,drive,1,1,1,task_20260108_101953_397_be6c9105_0ebb2503,1.0,1,204248,101.6
tools,raw-memory,eog,drive,1,1,1,task_20260108_105408_681_be6c9105_852c4b49,0.666667,0,393464,336.0
tools,raw-memory,eog,drive,1,1,1,task_20260108_133740_739_13762b97_41fc6ac0,0.857143,0,176802,261.9
tools,raw-memory,eog,drive,1,1,1,task_20260108_203842_162_d8f93f2d_1aa3f29b,1.0,1,197313,252.9
tools,raw-memory,eog,drive,1,1,1,task_20260109_134319_026_64a4ebb9_98c48f81,0.75,0,174969,120.1
tools,raw-memory,eog,drive,1,1,1,task_20260109_154737_612_4d9df647_ca8cc4b2,0.0,0,137967,249.3
tools,raw-memory,eog,drive,1,1,2,task_20251126_122314_557_be6c9105_daf0aae1,0.5,0,87207,85.4
tools,raw-memory,eog,drive,1,1,2,task_20251126_122651_325_be6c9105_1864c322,0.75,0,79007,73.2
tools,raw-memory,eog,drive,1,1,2,task_20251126_145836_025_be6c9105_3b572b98,0.25,0,203441,194.6
tools,raw-memory,eog,drive,1,1,2,task_20251128_123025_545_13762b97_ad80b87c,0.666667,0,221251,438.1
tools,raw-memory,eog,drive,1,1,2,task_20251128_123035_919_64a4ebb9_8b93bf99,1.0,1,78126,38.7
tools,raw-memory,eog,drive,1,1,2,task_20251128_123301_181_64a4ebb9_4c1d5329,1.0,1,114062,26.3
tools,raw-memory,eog,drive,1,1,2,task_20251128_123526_889_64a4ebb9_20d5e6ae,0.666667,0,111808,49.2
tools,raw-memory,eog,drive,1,1,2,task_20251204_085603_739_ae7b45e2_b7a96253,0.5,0,137435,95.5
tools,raw-memory,eog,drive,1,1,2,task_20251204_092258_460_be6c9105_33990b9e,1.0,1,127412,94.1
tools,raw-memory,eog,drive,1,1,2,task_20251204_092557_093_ae7b45e2_24132aa0,0.75,0,89860,50.3
tools,raw-memory,eog,drive,1,1,2,task_20251204_115902_743_13762b97_19892db1,0.333333,0,155171,198.6
tools,raw-memory,eog,drive,1,1,2,task_20251204_122816_238_13762b97_cd4a8a4f,1.0,1,199364,263.0
tools,raw-memory,eog,drive,1,1,2,task_20251205_162218_909_4d9df647_8538c2ae,0.833333,0,212227,249.0
tools,raw-memory,eog,drive,1,1,2,task_20251211_105500_082_ae7b45e2_ee28e324,1.0,1,124006,84.6
tools,raw-memory,eog,drive,1,1,2,task_20251211_113022_685_23fcbcdb_906c78e7,0.2,0,62935,68.1
tools,raw-memory,eog,drive,1,1,2,task_20251211_141114_742_4d9df647_e15bd80a,0.0,0,170544,193.4
tools,raw-memory,eog,drive,1,1,2,task_20260105_170909_782_a9f62433_ecdfc657,1.0,1,78501,80.6
tools,raw-memory,eog,drive,1,1,2,task_20260106_144651_681_4d9df647_72f9f11e,0.25,0,278182,247.5
tools,raw-memory,eog,drive,1,1,2,task_20260107_162724_374_13762b97_6a97d001,1.0,1,136505,100.4
tools,raw-memory,eog,drive,1,1,2,task_20260107_163801_607_64a4ebb9_6f9c4d1b,1.0,1,169975,70.5
tools,raw-memory,eog,drive,1,1,2,task_20260107_173403_203_64a4ebb9_e8ddb8d7,1.0,1,189147,59.0
tools,raw-memory,eog,drive,1,1,2,task_20260107_174626_202_64a4ebb9_e3e54b1d,1.0,1,209728,62.4
tools,raw-memory,eog,drive,1,1,2,task_20260107_180857_873_ae7b45e2_47771a8c,0.333333,0,105695,65.8
tools,raw-memory,eog,drive,1,1,2,task_20260108_101953_397_be6c9105_0ebb2503,1.0,1,205215,111.6
tools,raw-memory,eog,drive,1,1,2,task_20260108_105408_681_be6c9105_852c4b49,1.0,1,411275,297.3
tools,raw-memory,eog,drive,1,1,2,task_20260108_133740_739_13762b97_41fc6ac0,0.714286,0,204618,284.1
tools,raw-memory,eog,drive,1,1,2,task_20260108_203842_162_d8f93f2d_1aa3f29b,1.0,1,375593,356.4
tools,raw-memory,eog,drive,1,1,2,task_20260109_134319_026_64a4ebb9_98c48f81,0.75,0,155126,77.9
tools,raw-memory,eog,drive,1,1,2,task_20260109_154737_612_4d9df647_ca8cc4b2,0.5,0,317328,531.5
tools,raw-memory,eog,drive,1,1,3,task_20251126_122314_557_be6c9105_daf0aae1,0.5,0,245666,87.7
tools,raw-memory,eog,drive,1,1,3,task_20251126_122651_325_be6c9105_1864c322,0.75,0,136350,74.5
tools,raw-memory,eog,drive,1,1,3,task_20251126_145836_025_be6c9105_3b572b98,0.25,0,121501,133.5
tools,raw-memory,eog,drive,1,1,3,task_20251128_123025_545_13762b97_ad80b87c,0.666667,0,173505,226.1
tools,raw-memory,eog,drive,1,1,3,task_20251128_123035_919_64a4ebb9_8b93bf99,1.0,1,139237,58.8
tools,raw-memory,eog,drive,1,1,3,task_20251128_123301_181_64a4ebb9_4c1d5329,1.0,1,114702,35.3
tools,raw-memory,eog,drive,1,1,3,task_20251128_123526_889_64a4ebb9_20d5e6ae,0.666667,0,111994,48.3
tools,raw-memory,eog,drive,1,1,3,task_20251204_085603_739_ae7b45e2_b7a96253,0.5,0,138009,80.2
tools,raw-memory,eog,drive,1,1,3,task_20251204_092258_460_be6c9105_33990b9e,1.0,1,119343,101.9
tools,raw-memory,eog,drive,1,1,3,task_20251204_092557_093_ae7b45e2_24132aa0,0.75,0,92865,61.1
tools,raw-memory,eog,drive,1,1,3,task_20251204_115902_743_13762b97_19892db1,0.333333,0,185498,171.6
tools,raw-memory,eog,drive,1,1,3,task_20251204_122816_238_13762b97_cd4a8a4f,1.0,1,307786,438.0
tools,raw-memory,eog,drive,1,1,3,task_20251205_162218_909_4d9df647_8538c2ae,0.833333,0,237436,381.1
tools,raw-memory,eog,drive,1,1,3,task_20251211_105500_082_ae7b45e2_ee28e324,0.333333,0,76965,68.8
tools,raw-memory,eog,drive,1,1,3,task_20251211_113022_685_23fcbcdb_906c78e7,0.2,0,65697,97.3
tools,raw-memory,eog,drive,1,1,3,task_20251211_141114_742_4d9df647_e15bd80a,0.0,0,149205,178.8
tools,raw-memory,eog,drive,1,1,3,task_20260105_170909_782_a9f62433_ecdfc657,1.0,1,78949,86.0
tools,raw-memory,eog,drive,1,1,3,task_20260106_144651_681_4d9df647_72f9f11e,0.5,0,253517,200.9
tools,raw-memory,eog,drive,1,1,3,task_20260107_162724_374_13762b97_6a97d001,1.0,1,110467,73.5
tools,raw-memory,eog,drive,1,1,3,task_20260107_163801_607_64a4ebb9_6f9c4d1b,1.0,1,169870,66.1
tools,raw-memory,eog,drive,1,1,3,task_20260107_173403_203_64a4ebb9_e8ddb8d7,1.0,1,189331,55.6
tools,raw-memory,eog,drive,1,1,3,task_20260107_174626_202_64a4ebb9_e3e54b1d,1.0,1,189416,53.6
tools,raw-memory,eog,drive,1,1,3,task_20260107_180857_873_ae7b45e2_47771a8c,0.333333,0,82173,54.8
tools,raw-memory,eog,drive,1,1,3,task_20260108_101953_397_be6c9105_0ebb2503,1.0,1,105517,122.0
tools,raw-memory,eog,drive,1,1,3,task_20260108_105408_681_be6c9105_852c4b49,1.0,1,852605,389.7
tools,raw-memory,eog,drive,1,1,3,task_20260108_133740_739_13762b97_41fc6ac0,0.714286,0,195684,184.6
tools,raw-memory,eog,drive,1,1,3,task_20260108_203842_162_d8f93f2d_1aa3f29b,1.0,1,290362,335.0
tools,raw-memory,eog,drive,1,1,3,task_20260109_134319_026_64a4ebb9_98c48f81,0.75,0,88960,98.5
tools,raw-memory,eog,drive,1,1,3,task_20260109_154737_612_4d9df647_ca8cc4b2,0.25,0,226615,486.9
tools,raw-memory,eog,drive,2,1,1,task_20251126_122314_557_be6c9105_daf0aae1,0.5,0,130503,264.8
tools,raw-memory,eog,drive,2,1,1,task_20251126_122651_325_be6c9105_1864c322,0.75,0,173589,264.4
tools,raw-memory,eog,drive,2,1,1,task_20251126_145836_025_be6c9105_3b572b98,0.25,0,199043,296.0
tools,raw-memory,eog,drive,2,1,1,task_20251128_123025_545_13762b97_ad80b87c,0.666667,0,331369,669.6
tools,raw-memory,eog,drive,2,1,1,task_20251128_123035_919_64a4ebb9_8b93bf99,1.0,1,198012,159.6
tools,raw-memory,eog,drive,2,1,1,task_20251128_123301_181_64a4ebb9_4c1d5329,1.0,1,142206,67.8
tools,raw-memory,eog,drive,2,1,1,task_20251128_123526_889_64a4ebb9_20d5e6ae,0.666667,0,112472,71.9
tools,raw-memory,eog,drive,2,1,1,task_20251204_085603_739_ae7b45e2_b7a96253,0.5,0,120968,158.3
tools,raw-memory,eog,drive,2,1,1,task_20251204_092258_460_be6c9105_33990b9e,1.0,1,429837,508.5
tools,raw-memory,eog,drive,2,1,1,task_20251204_092557_093_ae7b45e2_24132aa0,0.75,0,142314,88.3
tools,raw-memory,eog,drive,2,1,1,task_20251204_115902_743_13762b97_19892db1,0.333333,0,214082,223.8
tools,raw-memory,eog,drive,2,1,1,task_20251204_122816_238_13762b97_cd4a8a4f,1.0,1,362827,608.1
tools,raw-memory,eog,drive,2,1,1,task_20251205_162218_909_4d9df647_8538c2ae,0.666667,0,306022,632.5
tools,raw-memory,eog,drive,2,1,1,task_20251211_105500_082_ae7b45e2_ee28e324,1.0,1,101086,80.5
tools,raw-memory,eog,drive,2,1,1,task_20251211_113022_685_23fcbcdb_906c78e7,0.2,0,101402,291.6
tools,raw-memory,eog,drive,2,1,1,task_20251211_141114_742_4d9df647_e15bd80a,0.0,0,256183,472.4
tools,raw-memory,eog,drive,2,1,1,task_20260105_170909_782_a9f62433_ecdfc657,1.0,1,100405,344.5
tools,raw-memory,eog,drive,2,1,1,task_20260106_144651_681_4d9df647_72f9f11e,0.0,0,27882,109.0
tools,raw-memory,eog,drive,2,1,1,task_20260107_162724_374_13762b97_6a97d001,1.0,1,198336,189.1
tools,raw-memory,eog,drive,2,1,1,task_20260107_163801_607_64a4ebb9_6f9c4d1b,1.0,1,208700,114.9
tools,raw-memory,eog,drive,2,1,1,task_20260107_173403_203_64a4ebb9_e8ddb8d7,1.0,1,232574,91.2
tools,raw-memory,eog,drive,2,1,1,task_20260107_174626_202_64a4ebb9_e3e54b1d,1.0,1,233311,93.2
tools,raw-memory,eog,drive,2,1,1,task_20260107_180857_873_ae7b45e2_47771a8c,0.333333,0,101099,98.8
tools,raw-memory,eog,drive,2,1,1,task_20260108_101953_397_be6c9105_0ebb2503,1.0,1,125990,108.5
tools,raw-memory,eog,drive,2,1,1,task_20260108_105408_681_be6c9105_852c4b49,1.0,1,454049,407.1
tools,raw-memory,eog,drive,2,1,1,task_20260108_133740_739_13762b97_41fc6ac0,0.714286,0,311260,371.7
tools,raw-memory,eog,drive,2,1,1,task_20260108_203842_162_d8f93f2d_1aa3f29b,1.0,1,275888,616.5
tools,raw-memory,eog,drive,2,1,1,task_20260109_134319_026_64a4ebb9_98c48f81,0.75,0,133732,312.3
tools,raw-memory,eog,drive,2,1,1,task_20260109_154737_612_4d9df647_ca8cc4b2,0.25,0,408212,750.0
tools,raw-memory,eog,drive,2,1,2,task_20251126_122314_557_be6c9105_daf0aae1,0.5,0,232790,107.7
tools,raw-memory,eog,drive,2,1,2,task_20251126_122651_325_be6c9105_1864c322,0.75,0,98647,131.4
tools,raw-memory,eog,drive,2,1,2,task_20251126_145836_025_be6c9105_3b572b98,0.25,0,121704,237.8
tools,raw-memory,eog,drive,2,1,2,task_20251128_123025_545_13762b97_ad80b87c,0.666667,0,177145,315.3
tools,raw-memory,eog,drive,2,1,2,task_20251128_123035_919_64a4ebb9_8b93bf99,1.0,1,172986,101.7
tools,raw-memory,eog,drive,2,1,2,task_20251128_123301_181_64a4ebb9_4c1d5329,1.0,1,144695,77.2
tools,raw-memory,eog,drive,2,1,2,task_20251128_123526_889_64a4ebb9_20d5e6ae,0.666667,0,141685,63.6
tools,raw-memory,eog,drive,2,1,2,task_20251204_085603_739_ae7b45e2_b7a96253,0.5,0,171944,233.2
tools,raw-memory,eog,drive,2,1,2,task_20251204_092258_460_be6c9105_33990b9e,0.0,0,27533,106.8
tools,raw-memory,eog,drive,2,1,2,task_20251204_092557_093_ae7b45e2_24132aa0,0.75,0,90191,86.2
tools,raw-memory,eog,drive,2,1,2,task_20251204_115902_743_13762b97_19892db1,0.333333,0,236713,319.9
tools,raw-memory,eog,drive,2,1,2,task_20251204_122816_238_13762b97_cd4a8a4f,1.0,1,397020,544.7
tools,raw-memory,eog,drive,2,1,2,task_20251205_162218_909_4d9df647_8538c2ae,0.666667,0,219155,390.3
tools,raw-memory,eog,drive,2,1,2,task_20251211_105500_082_ae7b45e2_ee28e324,1.0,1,127912,122.2
tools,raw-memory,eog,drive,2,1,2,task_20251211_113022_685_23fcbcdb_906c78e7,0.2,0,79355,120.0
tools,raw-memory,eog,drive,2,1,2,task_20251211_141114_742_4d9df647_e15bd80a,0.0,0,274770,413.6
tools,raw-memory,eog,drive,2,1,2,task_20260105_170909_782_a9f62433_ecdfc657,1.0,1,71357,122.2
tools,raw-memory,eog,drive,2,1,2,task_20260106_144651_681_4d9df647_72f9f11e,0.0,0,27413,336.5
tools,raw-memory,eog,drive,2,1,2,task_20260107_162724_374_13762b97_6a97d001,1.0,1,196988,142.4
tools,raw-memory,eog,drive,2,1,2,task_20260107_163801_607_64a4ebb9_6f9c4d1b,1.0,1,208327,97.5
tools,raw-memory,eog,drive,2,1,2,task_20260107_173403_203_64a4ebb9_e8ddb8d7,1.0,1,233545,140.7
tools,raw-memory,eog,drive,2,1,2,task_20260107_174626_202_64a4ebb9_e3e54b1d,1.0,1,232875,145.7
tools,raw-memory,eog,drive,2,1,2,task_20260107_180857_873_ae7b45e2_47771a8c,0.333333,0,101671,126.3
tools,raw-memory,eog,drive,2,1,2,task_20260108_101953_397_be6c9105_0ebb2503,1.0,1,253812,293.6
tools,raw-memory,eog,drive,2,1,2,task_20260108_105408_681_be6c9105_852c4b49,1.0,1,528632,373.5
tools,raw-memory,eog,drive,2,1,2,task_20260108_133740_739_13762b97_41fc6ac0,0.714286,0,425557,663.5
tools,raw-memory,eog,drive,2,1,2,task_20260108_203842_162_d8f93f2d_1aa3f29b,0.857143,0,377465,429.9
tools,raw-memory,eog,drive,2,1,2,task_20260109_134319_026_64a4ebb9_98c48f81,0.75,0,213974,139.1
tools,raw-memory,eog,drive,2,1,2,task_20260109_154737_612_4d9df647_ca8cc4b2,0.25,0,403924,478.7
tools,raw-memory,eog,drive,2,1,3,task_20251126_122314_557_be6c9105_daf0aae1,0.5,0,130403,103.4
tools,raw-memory,eog,drive,2,1,3,task_20251126_122651_325_be6c9105_1864c322,0.75,0,97799,65.5
tools,raw-memory,eog,drive,2,1,3,task_20251126_145836_025_be6c9105_3b572b98,0.25,0,253495,343.9
tools,raw-memory,eog,drive,2,1,3,task_20251128_123025_545_13762b97_ad80b87c,0.666667,0,234373,238.2
tools,raw-memory,eog,drive,2,1,3,task_20251128_123035_919_64a4ebb9_8b93bf99,1.0,1,145241,60.0
tools,raw-memory,eog,drive,2,1,3,task_20251128_123301_181_64a4ebb9_4c1d5329,1.0,1,142313,36.0
tools,raw-memory,eog,drive,2,1,3,task_20251128_123526_889_64a4ebb9_20d5e6ae,0.666667,0,141545,111.4
tools,raw-memory,eog,drive,2,1,3,task_20251204_085603_739_ae7b45e2_b7a96253,0.5,0,172345,134.8
tools,raw-memory,eog,drive,2,1,3,task_20251204_092258_460_be6c9105_33990b9e,1.0,1,165922,131.7
tools,raw-memory,eog,drive,2,1,3,task_20251204_092557_093_ae7b45e2_24132aa0,0.75,0,141149,62.3
tools,raw-memory,eog,drive,2,1,3,task_20251204_115902_743_13762b97_19892db1,0.333333,0,219857,195.6
tools,raw-memory,eog,drive,2,1,3,task_20251204_122816_238_13762b97_cd4a8a4f,0.0,0,72414,325.5
tools,raw-memory,eog,drive,2,1,3,task_20251205_162218_909_4d9df647_8538c2ae,1.0,1,168546,170.7
tools,raw-memory,eog,drive,2,1,3,task_20251211_105500_082_ae7b45e2_ee28e324,0.333333,0,73457,170.3
tools,raw-memory,eog,drive,2,1,3,task_20251211_113022_685_23fcbcdb_906c78e7,0.2,0,103032,143.2
tools,raw-memory,eog,drive,2,1,3,task_20251211_141114_742_4d9df647_e15bd80a,0.0,0,102697,223.0
tools,raw-memory,eog,drive,2,1,3,task_20260105_170909_782_a9f62433_ecdfc657,1.0,1,74827,61.8
tools,raw-memory,eog,drive,2,1,3,task_20260106_144651_681_4d9df647_72f9f11e,0.5,0,301417,330.8
tools,raw-memory,eog,drive,2,1,3,task_20260107_162724_374_13762b97_6a97d001,1.0,1,170951,103.3
tools,raw-memory,eog,drive,2,1,3,task_20260107_163801_607_64a4ebb9_6f9c4d1b,1.0,1,208281,86.1
tools,raw-memory,eog,drive,2,1,3,task_20260107_173403_203_64a4ebb9_e8ddb8d7,1.0,1,233102,93.7
tools,raw-memory,eog,drive,2,1,3,task_20260107_174626_202_64a4ebb9_e3e54b1d,1.0,1,233064,64.9
tools,raw-memory,eog,drive,2,1,3,task_20260107_180857_873_ae7b45e2_47771a8c,0.333333,0,102337,94.1
tools,raw-memory,eog,drive,2,1,3,task_20260108_101953_397_be6c9105_0ebb2503,1.0,1,100373,77.4
tools,raw-memory,eog,drive,2,1,3,task_20260108_105408_681_be6c9105_852c4b49,1.0,1,450452,336.5
tools,raw-memory,eog,drive,2,1,3,task_20260108_133740_739_13762b97_41fc6ac0,0.714286,0,442404,735.0
tools,raw-memory,eog,drive,2,1,3,task_20260108_203842_162_d8f93f2d_1aa3f29b,1.0,1,268047,325.2
tools,raw-memory,eog,drive,2,1,3,task_20260109_134319_026_64a4ebb9_98c48f81,0.75,0,79930,63.9
tools,raw-memory,eog,drive,2,1,3,task_20260109_154737_612_4d9df647_ca8cc4b2,0.5,0,401149,700.2
tools,raw-memory,eog,drive,2,2,1,task_20251127_173847_074_4d9df647_632c493d,0.666667,0,312540,625.0
tools,raw-memory,eog,drive,2,2,1,task_20251204_045548_265_4d9df647_18dae74a,1.0,1,158939,243.8
tools,raw-memory,eog,drive,2,2,1,task_20260105_095412_678_a9f62433_bb5f5bb7,1.0,1,243591,364.0
tools,raw-memory,eog,drive,2,2,1,task_20260105_105429_833_a9f62433_b38b55f2,1.0,1,202770,242.9
tools,raw-memory,eog,drive,2,2,1,task_20260105_113049_430_a9f62433_6dd18613,0.8,0,165322,219.2
tools,raw-memory,eog,drive,2,2,1,task_20260106_155537_908_a9f62433_6d26efe3,0.0,0,81213,129.9
tools,raw-memory,eog,drive,2,2,1,task_20260106_172901_590_a9f62433_f7baa0fa,0.0,0,79622,104.2
tools,raw-memory,eog,drive,2,2,1,task_20260108_162316_574_13762b97_098a086c,0.714286,0,338287,558.4
tools,raw-memory,eog,drive,2,2,1,task_20260109_100633_248_4c1a4a14_20a0385b,0.8,0,186066,403.4
tools,raw-memory,eog,drive,2,2,1,task_20260112_111113_212_060e2c81_99e6099d,0.818182,0,288041,337.2
tools,raw-memory,eog,drive,2,2,2,task_20251127_173847_074_4d9df647_632c493d,0.666667,0,244886,509.1
tools,raw-memory,eog,drive,2,2,2,task_20251204_045548_265_4d9df647_18dae74a,1.0,1,181804,185.5
tools,raw-memory,eog,drive,2,2,2,task_20260105_095412_678_a9f62433_bb5f5bb7,1.0,1,178675,225.0
tools,raw-memory,eog,drive,2,2,2,task_20260105_105429_833_a9f62433_b38b55f2,1.0,1,219423,190.0
tools,raw-memory,eog,drive,2,2,2,task_20260105_113049_430_a9f62433_6dd18613,0.6,0,270559,409.0
tools,raw-memory,eog,drive,2,2,2,task_20260106_155537_908_a9f62433_6d26efe3,1.0,1,228933,187.8
tools,raw-memory,eog,drive,2,2,2,task_20260106_172901_590_a9f62433_f7baa0fa,1.0,1,294129,250.5
tools,raw-memory,eog,drive,2,2,2,task_20260108_162316_574_13762b97_098a086c,0.857143,0,224039,512.0
tools,raw-memory,eog,drive,2,2,2,task_20260109_100633_248_4c1a4a14_20a0385b,0.8,0,280162,690.4
tools,raw-memory,eog,drive,2,2,2,task_20260112_111113_212_060e2c81_99e6099d,0.818182,0,289838,361.7
tools,raw-memory,eog,drive,2,2,3,task_20251127_173847_074_4d9df647_632c493d,0.666667,0,305713,536.8
tools,raw-memory,eog,drive,2,2,3,task_20251204_045548_265_4d9df647_18dae74a,1.0,1,266859,214.9
tools,raw-memory,eog,drive,2,2,3,task_20260105_095412_678_a9f62433_bb5f5bb7,1.0,1,177964,503.1
tools,raw-memory,eog,drive,2,2,3,task_20260105_105429_833_a9f62433_b38b55f2,1.0,1,178019,114.1
tools,raw-memory,eog,drive,2,2,3,task_20260105_113049_430_a9f62433_6dd18613,0.8,0,292822,227.4
tools,raw-memory,eog,drive,2,2,3,task_20260106_155537_908_a9f62433_6d26efe3,0.0,0,24822,44.6
tools,raw-memory,eog,drive,2,2,3,task_20260106_172901_590_a9f62433_f7baa0fa,0.0,0,25912,65.7
tools,raw-memory,eog,drive,2,2,3,task_20260108_162316_574_13762b97_098a086c,0.857143,0,331261,361.8
tools,raw-memory,eog,drive,2,2,3,task_20260109_100633_248_4c1a4a14_20a0385b,0.8,0,188243,445.7
tools,raw-memory,eog,drive,2,2,3,task_20260112_111113_212_060e2c81_99e6099d,0.818182,0,292497,367.8
tools,raw-memory,eog,drive,3,1,1,task_20251126_122314_557_be6c9105_daf0aae1,0.5,0,147418,86.7
tools,raw-memory,eog,drive,3,1,1,task_20251126_122651_325_be6c9105_1864c322,0.75,0,199487,94.1
tools,raw-memory,eog,drive,3,1,1,task_20251126_145836_025_be6c9105_3b572b98,0.25,0,174846,214.1
tools,raw-memory,eog,drive,3,1,1,task_20251128_123025_545_13762b97_ad80b87c,0.666667,0,237032,318.5
tools,raw-memory,eog,drive,3,1,1,task_20251128_123035_919_64a4ebb9_8b93bf99,1.0,1,200165,105.0
tools,raw-memory,eog,drive,3,1,1,task_20251128_123301_181_64a4ebb9_4c1d5329,1.0,1,198227,239.1
tools,raw-memory,eog,drive,3,1,1,task_20251128_123526_889_64a4ebb9_20d5e6ae,0.666667,0,132042,47.3
tools,raw-memory,eog,drive,3,1,1,task_20251204_085603_739_ae7b45e2_b7a96253,0.5,0,237164,155.7
tools,raw-memory,eog,drive,3,1,1,task_20251204_092258_460_be6c9105_33990b9e,1.0,1,360945,196.0
tools,raw-memory,eog,drive,3,1,1,task_20251204_092557_093_ae7b45e2_24132aa0,0.75,0,167290,123.9
tools,raw-memory,eog,drive,3,1,1,task_20251204_115902_743_13762b97_19892db1,0.333333,0,216321,194.2
tools,raw-memory,eog,drive,3,1,1,task_20251204_122816_238_13762b97_cd4a8a4f,1.0,1,318011,409.0
tools,raw-memory,eog,drive,3,1,1,task_20251205_162218_909_4d9df647_8538c2ae,0.833333,0,188821,273.4
tools,raw-memory,eog,drive,3,1,1,task_20251211_105500_082_ae7b45e2_ee28e324,0.333333,0,112129,93.2
tools,raw-memory,eog,drive,3,1,1,task_20251211_113022_685_23fcbcdb_906c78e7,0.2,0,121600,124.5
tools,raw-memory,eog,drive,3,1,1,task_20251211_141114_742_4d9df647_e15bd80a,0.25,0,303705,389.8
tools,raw-memory,eog,drive,3,1,1,task_20260105_170909_782_a9f62433_ecdfc657,1.0,1,112854,66.8
tools,raw-memory,eog,drive,3,1,1,task_20260106_144651_681_4d9df647_72f9f11e,0.5,0,337536,261.7
tools,raw-memory,eog,drive,3,1,1,task_20260107_162724_374_13762b97_6a97d001,1.0,1,171763,148.4
tools,raw-memory,eog,drive,3,1,1,task_20260107_163801_607_64a4ebb9_6f9c4d1b,1.0,1,239393,73.5
tools,raw-memory,eog,drive,3,1,1,task_20260107_173403_203_64a4ebb9_e8ddb8d7,1.0,1,268640,103.7
tools,raw-memory,eog,drive,3,1,1,task_20260107_174626_202_64a4ebb9_e3e54b1d,1.0,1,268482,61.7
tools,raw-memory,eog,drive,3,1,1,task_20260107_180857_873_ae7b45e2_47771a8c,0.333333,0,116739,78.1
tools,raw-memory,eog,drive,3,1,1,task_20260108_101953_397_be6c9105_0ebb2503,1.0,1,289803,97.8
tools,raw-memory,eog,drive,3,1,1,task_20260108_105408_681_be6c9105_852c4b49,1.0,1,626281,375.2
tools,raw-memory,eog,drive,3,1,1,task_20260108_133740_739_13762b97_41fc6ac0,0.714286,0,364765,516.9
tools,raw-memory,eog,drive,3,1,1,task_20260108_203842_162_d8f93f2d_1aa3f29b,1.0,1,506939,504.9
tools,raw-memory,eog,drive,3,1,1,task_20260109_134319_026_64a4ebb9_98c48f81,0.75,0,244325,103.0
tools,raw-memory,eog,drive,3,1,1,task_20260109_154737_612_4d9df647_ca8cc4b2,0.25,0,373764,603.7
tools,raw-memory,eog,drive,3,1,2,task_20251126_122314_557_be6c9105_daf0aae1,0.5,0,238674,157.8
tools,raw-memory,eog,drive,3,1,2,task_20251126_122651_325_be6c9105_1864c322,0.75,0,227385,114.0
tools,raw-memory,eog,drive,3,1,2,task_20251126_145836_025_be6c9105_3b572b98,0.25,0,171744,359.5
tools,raw-memory,eog,drive,3,1,2,task_20251128_123025_545_13762b97_ad80b87c,0.666667,0,265520,246.7
tools,raw-memory,eog,drive,3,1,2,task_20251128_123035_919_64a4ebb9_8b93bf99,1.0,1,168767,61.2
tools,raw-memory,eog,drive,3,1,2,task_20251128_123301_181_64a4ebb9_4c1d5329,1.0,1,166294,53.4
tools,raw-memory,eog,drive,3,1,2,task_20251128_123526_889_64a4ebb9_20d5e6ae,0.666667,0,163253,37.4
tools,raw-memory,eog,drive,3,1,2,task_20251204_085603_739_ae7b45e2_b7a96253,0.375,0,144951,185.3
tools,raw-memory,eog,drive,3,1,2,task_20251204_092258_460_be6c9105_33990b9e,1.0,1,312438,142.4
tools,raw-memory,eog,drive,3,1,2,task_20251204_092557_093_ae7b45e2_24132aa0,0.75,0,165678,82.2
tools,raw-memory,eog,drive,3,1,2,task_20251204_115902_743_13762b97_19892db1,0.333333,0,251350,132.6
tools,raw-memory,eog,drive,3,1,2,task_20251204_122816_238_13762b97_cd4a8a4f,1.0,1,387552,457.8
tools,raw-memory,eog,drive,3,1,2,task_20251205_162218_909_4d9df647_8538c2ae,0.333333,0,210434,288.4
tools,raw-memory,eog,drive,3,1,2,task_20251211_105500_082_ae7b45e2_ee28e324,1.0,1,174221,89.8
tools,raw-memory,eog,drive,3,1,2,task_20251211_113022_685_23fcbcdb_906c78e7,0.2,0,118931,130.2
tools,raw-memory,eog,drive,3,1,2,task_20251211_141114_742_4d9df647_e15bd80a,0.25,0,196451,217.1
tools,raw-memory,eog,drive,3,1,2,task_20260105_170909_782_a9f62433_ecdfc657,1.0,1,114871,181.2
tools,raw-memory,eog,drive,3,1,2,task_20260106_144651_681_4d9df647_72f9f11e,0.5,0,424747,444.2
tools,raw-memory,eog,drive,3,1,2,task_20260107_162724_374_13762b97_6a97d001,1.0,1,231736,158.4
tools,raw-memory,eog,drive,3,1,2,task_20260107_163801_607_64a4ebb9_6f9c4d1b,1.0,1,240137,130.0
tools,raw-memory,eog,drive,3,1,2,task_20260107_173403_203_64a4ebb9_e8ddb8d7,1.0,1,268993,79.2
tools,raw-memory,eog,drive,3,1,2,task_20260107_174626_202_64a4ebb9_e3e54b1d,1.0,1,268367,67.3
tools,raw-memory,eog,drive,3,1,2,task_20260107_180857_873_ae7b45e2_47771a8c,0.333333,0,116266,68.0
tools,raw-memory,eog,drive,3,1,2,task_20260108_101953_397_be6c9105_0ebb2503,1.0,1,147413,129.8
tools,raw-memory,eog,drive,3,1,2,task_20260108_105408_681_be6c9105_852c4b49,1.0,1,542724,332.2
tools,raw-memory,eog,drive,3,1,2,task_20260108_133740_739_13762b97_41fc6ac0,0.857143,0,213543,359.5
tools,raw-memory,eog,drive,3,1,2,task_20260108_203842_162_d8f93f2d_1aa3f29b,1.0,1,277532,266.9
tools,raw-memory,eog,drive,3,1,2,task_20260109_134319_026_64a4ebb9_98c48f81,0.75,0,241944,68.6
tools,raw-memory,eog,drive,3,1,2,task_20260109_154737_612_4d9df647_ca8cc4b2,0.5,0,380297,599.6
tools,raw-memory,eog,drive,3,1,3,task_20251126_122314_557_be6c9105_daf0aae1,0.5,0,179854,82.9
tools,raw-memory,eog,drive,3,1,3,task_20251126_122651_325_be6c9105_1864c322,0.75,0,228413,155.8
tools,raw-memory,eog,drive,3,1,3,task_20251126_145836_025_be6c9105_3b572b98,0.25,0,149308,421.3
tools,raw-memory,eog,drive,3,1,3,task_20251128_123025_545_13762b97_ad80b87c,0.666667,0,267612,472.9
tools,raw-memory,eog,drive,3,1,3,task_20251128_123035_919_64a4ebb9_8b93bf99,1.0,1,143532,55.4
tools,raw-memory,eog,drive,3,1,3,task_20251128_123301_181_64a4ebb9_4c1d5329,1.0,1,166208,113.7
tools,raw-memory,eog,drive,3,1,3,task_20251128_123526_889_64a4ebb9_20d5e6ae,0.666667,0,163724,41.8
tools,raw-memory,eog,drive,3,1,3,task_20251204_085603_739_ae7b45e2_b7a96253,0.5,0,141823,90.1
tools,raw-memory,eog,drive,3,1,3,task_20251204_092258_460_be6c9105_33990b9e,1.0,1,180075,121.1
tools,raw-memory,eog,drive,3,1,3,task_20251204_092557_093_ae7b45e2_24132aa0,0.75,0,104831,23.4
tools,raw-memory,eog,drive,3,1,3,task_20251204_115902_743_13762b97_19892db1,0.333333,0,246181,156.3
tools,raw-memory,eog,drive,3,1,3,task_20251204_122816_238_13762b97_cd4a8a4f,1.0,1,416473,421.2
tools,raw-memory,eog,drive,3,1,3,task_20251205_162218_909_4d9df647_8538c2ae,0.666667,0,184722,198.9
tools,raw-memory,eog,drive,3,1,3,task_20251211_105500_082_ae7b45e2_ee28e324,1.0,1,117471,62.0
tools,raw-memory,eog,drive,3,1,3,task_20251211_113022_685_23fcbcdb_906c78e7,0.2,0,116842,74.7
tools,raw-memory,eog,drive,3,1,3,task_20251211_141114_742_4d9df647_e15bd80a,0.0,0,262103,272.1
tools,raw-memory,eog,drive,3,1,3,task_20260105_170909_782_a9f62433_ecdfc657,1.0,1,160303,54.6
tools,raw-memory,eog,drive,3,1,3,task_20260106_144651_681_4d9df647_72f9f11e,0.5,0,270562,231.8
tools,raw-memory,eog,drive,3,1,3,task_20260107_162724_374_13762b97_6a97d001,1.0,1,170450,76.1
tools,raw-memory,eog,drive,3,1,3,task_20260107_163801_607_64a4ebb9_6f9c4d1b,1.0,1,240682,65.7
tools,raw-memory,eog,drive,3,1,3,task_20260107_173403_203_64a4ebb9_e8ddb8d7,1.0,1,267827,65.7
tools,raw-memory,eog,drive,3,1,3,task_20260107_174626_202_64a4ebb9_e3e54b1d,1.0,1,267983,48.6
tools,raw-memory,eog,drive,3,1,3,task_20260107_180857_873_ae7b45e2_47771a8c,0.333333,0,146256,140.6
tools,raw-memory,eog,drive,3,1,3,task_20260108_101953_397_be6c9105_0ebb2503,1.0,1,291170,116.9
tools,raw-memory,eog,drive,3,1,3,task_20260108_105408_681_be6c9105_852c4b49,1.0,1,423623,392.4
tools,raw-memory,eog,drive,3,1,3,task_20260108_133740_739_13762b97_41fc6ac0,0.857143,0,190596,350.2
tools,raw-memory,eog,drive,3,1,3,task_20260108_203842_162_d8f93f2d_1aa3f29b,1.0,1,274271,333.4
tools,raw-memory,eog,drive,3,1,3,task_20260109_134319_026_64a4ebb9_98c48f81,0.75,0,154788,50.1
tools,raw-memory,eog,drive,3,1,3,task_20260109_154737_612_4d9df647_ca8cc4b2,0.25,0,291804,472.4
tools,raw-memory,eog,drive,3,2,1,task_20251127_173847_074_4d9df647_632c493d,0.666667,0,270751,217.2
tools,raw-memory,eog,drive,3,2,1,task_20251204_045548_265_4d9df647_18dae74a,1.0,1,172120,77.3
tools,raw-memory,eog,drive,3,2,1,task_20260105_095412_678_a9f62433_bb5f5bb7,1.0,1,233841,354.9
tools,raw-memory,eog,drive,3,2,1,task_20260105_105429_833_a9f62433_b38b55f2,0.8,0,239653,111.1
tools,raw-memory,eog,drive,3,2,1,task_20260105_113049_430_a9f62433_6dd18613,0.8,0,222129,280.1
tools,raw-memory,eog,drive,3,2,1,task_20260106_155537_908_a9f62433_6d26efe3,0.0,0,58713,65.4
tools,raw-memory,eog,drive,3,2,1,task_20260106_172901_590_a9f62433_f7baa0fa,0.0,0,29858,59.4
tools,raw-memory,eog,drive,3,2,1,task_20260108_162316_574_13762b97_098a086c,0.857143,0,347984,633.5
tools,raw-memory,eog,drive,3,2,1,task_20260109_100633_248_4c1a4a14_20a0385b,0.8,0,248651,301.4
tools,raw-memory,eog,drive,3,2,1,task_20260112_111113_212_060e2c81_99e6099d,0.818182,0,324493,245.0
tools,raw-memory,eog,drive,3,2,2,task_20251127_173847_074_4d9df647_632c493d,0.666667,0,366250,326.7
tools,raw-memory,eog,drive,3,2,2,task_20251204_045548_265_4d9df647_18dae74a,1.0,1,306152,297.4
tools,raw-memory,eog,drive,3,2,2,task_20260105_095412_678_a9f62433_bb5f5bb7,1.0,1,321754,327.3
tools,raw-memory,eog,drive,3,2,2,task_20260105_105429_833_a9f62433_b38b55f2,0.8,0,248001,149.2
tools,raw-memory,eog,drive,3,2,2,task_20260105_113049_430_a9f62433_6dd18613,1.0,1,288983,316.1
tools,raw-memory,eog,drive,3,2,2,task_20260106_155537_908_a9f62433_6d26efe3,1.0,1,261898,151.3
tools,raw-memory,eog,drive,3,2,2,task_20260106_172901_590_a9f62433_f7baa0fa,0.0,0,32309,74.7
tools,raw-memory,eog,drive,3,2,2,task_20260108_162316_574_13762b97_098a086c,0.857143,0,384297,297.1
tools,raw-memory,eog,drive,3,2,2,task_20260109_100633_248_4c1a4a14_20a0385b,0.8,0,219507,505.5
tools,raw-memory,eog,drive,3,2,2,task_20260112_111113_212_060e2c81_99e6099d,0.818182,0,361845,370.5
tools,raw-memory,eog,drive,3,2,3,task_20251127_173847_074_4d9df647_632c493d,0.666667,0,306521,445.5
tools,raw-memory,eog,drive,3,2,3,task_20251204_045548_265_4d9df647_18dae74a,1.0,1,376365,174.2
tools,raw-memory,eog,drive,3,2,3,task_20260105_095412_678_a9f62433_bb5f5bb7,1.0,1,242791,200.8
tools,raw-memory,eog,drive,3,2,3,task_20260105_105429_833_a9f62433_b38b55f2,0.8,0,245153,123.2
tools,raw-memory,eog,drive,3,2,3,task_20260105_113049_430_a9f62433_6dd18613,0.8,0,167058,138.0
tools,raw-memory,eog,drive,3,2,3,task_20260106_155537_908_a9f62433_6d26efe3,0.0,0,60705,118.1
tools,raw-memory,eog,drive,3,2,3,task_20260106_172901_590_a9f62433_f7baa0fa,0.0,0,59762,44.4
tools,raw-memory,eog,drive,3,2,3,task_20260108_162316_574_13762b97_098a086c,0.857143,0,320151,261.6
tools,raw-memory,eog,drive,3,2,3,task_20260109_100633_248_4c1a4a14_20a0385b,0.8,0,157183,224.6
tools,raw-memory,eog,drive,3,2,3,task_20260112_111113_212_060e2c81_99e6099d,0.818182,0,325242,256.8
tools,raw-memory,eog,drive,3,3,1,task_20251204_151109_029_ae7b45e2_1fa53dbc,1.0,1,421779,306.0
tools,raw-memory,eog,drive,3,3,1,task_20251205_143732_430_4d9df647_6aceefba,1.0,1,291808,276.5
tools,raw-memory,eog,drive,3,3,1,task_20251210_200511_673_4a23b9c9_dcd88f59,1.0,1,328119,254.2
tools,raw-memory,eog,drive,3,3,1,task_20260108_113744_344_a9f62433_9cdd0a8f,1.0,1,223952,59.0
tools,raw-memory,eog,drive,3,3,1,task_20260109_074002_906_060e2c81_e0a9e99d,0.666667,0,244265,210.3
tools,raw-memory,eog,drive,3,3,1,task_20260109_145235_208_64a4ebb9_9befb3ae,0.666667,0,279236,124.5
tools,raw-memory,eog,drive,3,3,2,task_20251204_151109_029_ae7b45e2_1fa53dbc,1.0,1,430217,214.2
tools,raw-memory,eog,drive,3,3,2,task_20251205_143732_430_4d9df647_6aceefba,1.0,1,375725,462.1
tools,raw-memory,eog,drive,3,3,2,task_20251210_200511_673_4a23b9c9_dcd88f59,0.5,0,143973,121.1
tools,raw-memory,eog,drive,3,3,2,task_20260108_113744_344_a9f62433_9cdd0a8f,1.0,1,228058,242.6
tools,raw-memory,eog,drive,3,3,2,task_20260109_074002_906_060e2c81_e0a9e99d,1.0,1,278254,149.2
tools,raw-memory,eog,drive,3,3,2,task_20260109_145235_208_64a4ebb9_9befb3ae,1.0,1,201561,130.1
tools,raw-memory,eog,drive,3,3,3,task_20251204_151109_029_ae7b45e2_1fa53dbc,1.0,1,426023,142.2
tools,raw-memory,eog,drive,3,3,3,task_20251205_143732_430_4d9df647_6aceefba,1.0,1,334436,343.4
tools,raw-memory,eog,drive,3,3,3,task_20251210_200511_673_4a23b9c9_dcd88f59,0.5,0,116051,116.9
tools,raw-memory,eog,drive,3,3,3,task_20260108_113744_344_a9f62433_9cdd0a8f,1.0,1,228534,91.9
tools,raw-memory,eog,drive,3,3,3,task_20260109_074002_906_060e2c81_e0a9e99d,0.666667,0,209594,101.8
tools,raw-memory,eog,drive,3,3,3,task_20260109_145235_208_64a4ebb9_9befb3ae,0.666667,0,257370,125.4
tools,raw-memory,eog,email,1,1,1,task_20260106_060646_574_1628b966_0fc7207a,1.0,1,34997,111.6
tools,raw-memory,eog,email,1,1,1,task_20260106_140034_876_e7cfb93b_fc943e0e,0.6,0,74435,292.7
tools,raw-memory,eog,email,1,1,2,task_20260106_060646_574_1628b966_0fc7207a,1.0,1,35407,92.8
tools,raw-memory,eog,email,1,1,2,task_20260106_140034_876_e7cfb93b_fc943e0e,1.0,1,71852,333.1
tools,raw-memory,eog,email,1,1,3,task_20260106_060646_574_1628b966_0fc7207a,1.0,1,40328,76.0
tools,raw-memory,eog,email,1,1,3,task_20260106_140034_876_e7cfb93b_fc943e0e,0.6,0,85662,276.6
tools,raw-memory,eog,email,2,1,1,task_20260106_060646_574_1628b966_0fc7207a,1.0,1,54241,86.7
tools,raw-memory,eog,email,2,1,1,task_20260106_140034_876_e7cfb93b_fc943e0e,0.2,0,78801,221.2
tools,raw-memory,eog,email,2,1,2,task_20260106_060646_574_1628b966_0fc7207a,1.0,1,63888,90.4
tools,raw-memory,eog,email,2,1,2,task_20260106_140034_876_e7cfb93b_fc943e0e,0.6,0,129476,264.0
tools,raw-memory,eog,email,2,1,3,task_20260106_060646_574_1628b966_0fc7207a,1.0,1,90050,77.2
tools,raw-memory,eog,email,2,1,3,task_20260106_140034_876_e7cfb93b_fc943e0e,0.2,0,100354,234.0
tools,raw-memory,eog,email,2,2,1,task_20251203_093009_456_701c5774_24b57fbd,0.5,0,61422,155.8
tools,raw-memory,eog,email,2,2,1,task_20251203_180743_144_e7cfb93b_56dbcb89,0.857143,0,53868,109.4
tools,raw-memory,eog,email,2,2,1,task_20260105_182555_369_e7cfb93b_c2cc205b,0.666667,0,67176,130.9
tools,raw-memory,eog,email,2,2,1,task_20260105_214127_504_e7cfb93b_e6640be3,1.0,1,174215,218.1
tools,raw-memory,eog,email,2,2,1,task_20260106_213903_609_e7cfb93b_5e95c001,1.0,1,89814,148.0
tools,raw-memory,eog,email,2,2,1,task_20260108_050214_962_e5bf1251_0cabbd3d,0.666667,0,80153,131.8
tools,raw-memory,eog,email,2,2,2,task_20251203_093009_456_701c5774_24b57fbd,0.5,0,59783,131.9
tools,raw-memory,eog,email,2,2,2,task_20251203_180743_144_e7cfb93b_56dbcb89,0.857143,0,52641,79.9
tools,raw-memory,eog,email,2,2,2,task_20260105_182555_369_e7cfb93b_c2cc205b,1.0,1,166323,226.4
tools,raw-memory,eog,email,2,2,2,task_20260105_214127_504_e7cfb93b_e6640be3,1.0,1,81063,239.5
tools,raw-memory,eog,email,2,2,2,task_20260106_213903_609_e7cfb93b_5e95c001,1.0,1,163011,168.6
tools,raw-memory,eog,email,2,2,2,task_20260108_050214_962_e5bf1251_0cabbd3d,0.666667,0,65384,87.0
tools,raw-memory,eog,email,2,2,3,task_20251203_093009_456_701c5774_24b57fbd,0.5,0,58277,98.1
tools,raw-memory,eog,email,2,2,3,task_20251203_180743_144_e7cfb93b_56dbcb89,1.0,1,53514,233.0
tools,raw-memory,eog,email,2,2,3,task_20260105_182555_369_e7cfb93b_c2cc205b,0.833333,0,105728,194.2
tools,raw-memory,eog,email,2,2,3,task_20260105_214127_504_e7cfb93b_e6640be3,1.0,1,123974,270.0
tools,raw-memory,eog,email,2,2,3,task_20260106_213903_609_e7cfb93b_5e95c001,1.0,1,82831,136.1
tools,raw-memory,eog,email,2,2,3,task_20260108_050214_962_e5bf1251_0cabbd3d,0.666667,0,34370,76.8
tools,raw-memory,eog,email,3,1,1,task_20260106_060646_574_1628b966_0fc7207a,1.0,1,100956,145.6
tools,raw-memory,eog,email,3,1,1,task_20260106_140034_876_e7cfb93b_fc943e0e,1.0,1,165246,210.2
tools,raw-memory,eog,email,3,1,2,task_20260106_060646_574_1628b966_0fc7207a,1.0,1,109305,136.7
tools,raw-memory,eog,email,3,1,2,task_20260106_140034_876_e7cfb93b_fc943e0e,0.6,0,150777,223.5
tools,raw-memory,eog,email,3,1,3,task_20260106_060646_574_1628b966_0fc7207a,1.0,1,64027,57.8
tools,raw-memory,eog,email,3,1,3,task_20260106_140034_876_e7cfb93b_fc943e0e,0.6,0,137943,220.5
tools,raw-memory,eog,email,3,2,1,task_20251203_093009_456_701c5774_24b57fbd,0.5,0,92771,335.0
tools,raw-memory,eog,email,3,2,1,task_20251203_180743_144_e7cfb93b_56dbcb89,1.0,1,133276,199.8
tools,raw-memory,eog,email,3,2,1,task_20260105_182555_369_e7cfb93b_c2cc205b,0.666667,0,131222,272.0
tools,raw-memory,eog,email,3,2,1,task_20260105_214127_504_e7cfb93b_e6640be3,1.0,1,119266,375.6
tools,raw-memory,eog,email,3,2,1,task_20260106_213903_609_e7cfb93b_5e95c001,1.0,1,80033,223.3
tools,raw-memory,eog,email,3,2,1,task_20260108_050214_962_e5bf1251_0cabbd3d,0.666667,0,84175,236.6
tools,raw-memory,eog,email,3,2,2,task_20251203_093009_456_701c5774_24b57fbd,0.5,0,78918,152.9
tools,raw-memory,eog,email,3,2,2,task_20251203_180743_144_e7cfb93b_56dbcb89,1.0,1,133030,227.6
tools,raw-memory,eog,email,3,2,2,task_20260105_182555_369_e7cfb93b_c2cc205b,0.666667,0,132067,179.7
tools,raw-memory,eog,email,3,2,2,task_20260105_214127_504_e7cfb93b_e6640be3,1.0,1,188884,292.4
tools,raw-memory,eog,email,3,2,2,task_20260106_213903_609_e7cfb93b_5e95c001,1.0,1,110816,181.1
tools,raw-memory,eog,email,3,2,2,task_20260108_050214_962_e5bf1251_0cabbd3d,0.666667,0,84038,189.5
tools,raw-memory,eog,email,3,2,3,task_20251203_093009_456_701c5774_24b57fbd,0.5,0,77368,116.1
tools,raw-memory,eog,email,3,2,3,task_20251203_180743_144_e7cfb93b_56dbcb89,1.0,1,79726,317.5
tools,raw-memory,eog,email,3,2,3,task_20260105_182555_369_e7cfb93b_c2cc205b,1.0,1,88143,283.6
tools,raw-memory,eog,email,3,2,3,task_20260105_214127_504_e7cfb93b_e6640be3,1.0,1,216956,518.8
tools,raw-memory,eog,email,3,2,3,task_20260106_213903_609_e7cfb93b_5e95c001,1.0,1,106773,127.2
tools,raw-memory,eog,email,3,2,3,task_20260108_050214_962_e5bf1251_0cabbd3d,0.666667,0,84802,137.6
tools,raw-memory,eog,email,3,3,1,task_20251204_101148_724_701c5774_7cb6254a,1.0,1,91313,129.5
tools,raw-memory,eog,email,3,3,1,task_20251204_142444_575_e5bf1251_65039f7d,1.0,1,58653,105.6
tools,raw-memory,eog,email,3,3,1,task_20260105_233603_790_e7cfb93b_cc802e4b,1.0,1,90301,172.9
tools,raw-memory,eog,email,3,3,1,task_20260106_071510_179_911d75d7_0ae789ae,0.0,0,67832,59.3
tools,raw-memory,eog,email,3,3,1,task_20260107_125943_886_1628b966_f951b083,0.5,0,144352,241.1
tools,raw-memory,eog,email,3,3,1,task_20260107_142454_824_1628b966_4a482da4,1.0,1,93393,92.7
tools,raw-memory,eog,email,3,3,1,task_20260108_101001_581_701c5774_3ac4e4fb,0.5,0,133212,274.9
tools,raw-memory,eog,email,3,3,2,task_20251204_101148_724_701c5774_7cb6254a,1.0,1,134626,431.1
tools,raw-memory,eog,email,3,3,2,task_20251204_142444_575_e5bf1251_65039f7d,1.0,1,48571,61.3
tools,raw-memory,eog,email,3,3,2,task_20260105_233603_790_e7cfb93b_cc802e4b,1.0,1,90556,163.6
tools,raw-memory,eog,email,3,3,2,task_20260106_071510_179_911d75d7_0ae789ae,0.0,0,86729,122.9
tools,raw-memory,eog,email,3,3,2,task_20260107_125943_886_1628b966_f951b083,0.5,0,93283,156.4
tools,raw-memory,eog,email,3,3,2,task_20260107_142454_824_1628b966_4a482da4,1.0,1,95006,109.5
tools,raw-memory,eog,email,3,3,2,task_20260108_101001_581_701c5774_3ac4e4fb,0.5,0,150969,314.9
tools,raw-memory,eog,email,3,3,3,task_20251204_101148_724_701c5774_7cb6254a,1.0,1,133287,481.3
tools,raw-memory,eog,email,3,3,3,task_20251204_142444_575_e5bf1251_65039f7d,1.0,1,46800,115.8
tools,raw-memory,eog,email,3,3,3,task_20260105_233603_790_e7cfb93b_cc802e4b,1.0,1,89653,174.3
tools,raw-memory,eog,email,3,3,3,task_20260106_071510_179_911d75d7_0ae789ae,0.0,0,83252,145.1
tools,raw-memory,eog,email,3,3,3,task_20260107_125943_886_1628b966_f951b083,1.0,1,110305,221.3
tools,raw-memory,eog,email,3,3,3,task_20260107_142454_824_1628b966_4a482da4,1.0,1,94006,167.7
tools,raw-memory,eog,email,3,3,3,task_20260108_101001_581_701c5774_3ac4e4fb,0.5,0,195969,465.5
tools,raw-memory,eog,email,4,1,1,task_20260106_060646_574_1628b966_0fc7207a,1.0,1,98896,59.0
tools,raw-memory,eog,email,4,1,1,task_20260106_140034_876_e7cfb93b_fc943e0e,0.6,0,201866,300.9
tools,raw-memory,eog,email,4,1,2,task_20260106_060646_574_1628b966_0fc7207a,1.0,1,66615,136.2
tools,raw-memory,eog,email,4,1,2,task_20260106_140034_876_e7cfb93b_fc943e0e,0.6,0,192727,334.1
tools,raw-memory,eog,email,4,1,3,task_20260106_060646_574_1628b966_0fc7207a,1.0,1,82164,92.7
tools,raw-memory,eog,email,4,1,3,task_20260106_140034_876_e7cfb93b_fc943e0e,0.6,0,214085,497.8
tools,raw-memory,eog,email,4,2,1,task_20251203_093009_456_701c5774_24b57fbd,0.5,0,83456,86.8
tools,raw-memory,eog,email,4,2,1,task_20251203_180743_144_e7cfb93b_56dbcb89,1.0,1,147405,97.2
tools,raw-memory,eog,email,4,2,1,task_20260105_182555_369_e7cfb93b_c2cc205b,1.0,1,240631,262.7
tools,raw-memory,eog,email,4,2,1,task_20260105_214127_504_e7cfb93b_e6640be3,1.0,1,239405,333.6
tools,raw-memory,eog,email,4,2,1,task_20260106_213903_609_e7cfb93b_5e95c001,1.0,1,119026,197.8
tools,raw-memory,eog,email,4,2,1,task_20260108_050214_962_e5bf1251_0cabbd3d,0.666667,0,108170,121.4
tools,raw-memory,eog,email,4,2,2,task_20251203_093009_456_701c5774_24b57fbd,0.5,0,98811,104.7
tools,raw-memory,eog,email,4,2,2,task_20251203_180743_144_e7cfb93b_56dbcb89,1.0,1,160552,266.8
tools,raw-memory,eog,email,4,2,2,task_20260105_182555_369_e7cfb93b_c2cc205b,0.666667,0,156198,137.3
tools,raw-memory,eog,email,4,2,2,task_20260105_214127_504_e7cfb93b_e6640be3,0.75,0,242778,284.2
tools,raw-memory,eog,email,4,2,2,task_20260106_213903_609_e7cfb93b_5e95c001,1.0,1,378689,211.5
tools,raw-memory,eog,email,4,2,2,task_20260108_050214_962_e5bf1251_0cabbd3d,0.666667,0,107664,101.8
tools,raw-memory,eog,email,4,2,3,task_20251203_093009_456_701c5774_24b57fbd,0.5,0,96947,69.2
tools,raw-memory,eog,email,4,2,3,task_20251203_180743_144_e7cfb93b_56dbcb89,1.0,1,140829,174.8
tools,raw-memory,eog,email,4,2,3,task_20260105_182555_369_e7cfb93b_c2cc205b,1.0,1,226891,231.1
tools,raw-memory,eog,email,4,2,3,task_20260105_214127_504_e7cfb93b_e6640be3,0.75,0,285658,343.2
tools,raw-memory,eog,email,4,2,3,task_20260106_213903_609_e7cfb93b_5e95c001,1.0,1,155628,107.8
tools,raw-memory,eog,email,4,2,3,task_20260108_050214_962_e5bf1251_0cabbd3d,0.666667,0,148714,145.1
tools,raw-memory,eog,email,4,3,1,task_20251204_101148_724_701c5774_7cb6254a,1.0,1,137964,160.2
tools,raw-memory,eog,email,4,3,1,task_20251204_142444_575_e5bf1251_65039f7d,0.5,0,35516,69.0
tools,raw-memory,eog,email,4,3,1,task_20260105_233603_790_e7cfb93b_cc802e4b,1.0,1,109389,83.8
tools,raw-memory,eog,email,4,3,1,task_20260106_071510_179_911d75d7_0ae789ae,0.0,0,128493,155.5
tools,raw-memory,eog,email,4,3,1,task_20260107_125943_886_1628b966_f951b083,0.5,0,115762,107.9
tools,raw-memory,eog,email,4,3,1,task_20260107_142454_824_1628b966_4a482da4,1.0,1,139419,115.0
tools,raw-memory,eog,email,4,3,1,task_20260108_101001_581_701c5774_3ac4e4fb,0.5,0,204963,237.3
tools,raw-memory,eog,email,4,3,2,task_20251204_101148_724_701c5774_7cb6254a,0.333333,0,126179,258.8
tools,raw-memory,eog,email,4,3,2,task_20251204_142444_575_e5bf1251_65039f7d,1.0,1,63160,43.1
tools,raw-memory,eog,email,4,3,2,task_20260105_233603_790_e7cfb93b_cc802e4b,1.0,1,123955,134.3
tools,raw-memory,eog,email,4,3,2,task_20260106_071510_179_911d75d7_0ae789ae,0.0,0,128012,129.6
tools,raw-memory,eog,email,4,3,2,task_20260107_125943_886_1628b966_f951b083,0.5,0,199977,267.0
tools,raw-memory,eog,email,4,3,2,task_20260107_142454_824_1628b966_4a482da4,1.0,1,137305,120.2
tools,raw-memory,eog,email,4,3,2,task_20260108_101001_581_701c5774_3ac4e4fb,0.5,0,234398,372.0
tools,raw-memory,eog,email,4,3,3,task_20251204_101148_724_701c5774_7cb6254a,1.0,1,140079,146.9
tools,raw-memory,eog,email,4,3,3,task_20251204_142444_575_e5bf1251_65039f7d,1.0,1,77384,92.0
tools,raw-memory,eog,email,4,3,3,task_20260105_233603_790_e7cfb93b_cc802e4b,1.0,1,125640,101.1
tools,raw-memory,eog,email,4,3,3,task_20260106_071510_179_911d75d7_0ae789ae,0.0,0,92950,117.0
tools,raw-memory,eog,email,4,3,3,task_20260107_125943_886_1628b966_f951b083,0.5,0,116305,76.1
tools,raw-memory,eog,email,4,3,3,task_20260107_142454_824_1628b966_4a482da4,1.0,1,138517,79.6
tools,raw-memory,eog,email,4,3,3,task_20260108_101001_581_701c5774_3ac4e4fb,0.5,0,248980,448.7
tools,raw-memory,eog,email,4,4,1,task_20251125_150631_436_e5bf1251_77dd7cbb,0.5,0,66622,72.2
tools,raw-memory,eog,email,4,4,1,task_20251127_150451_336_701c5774_c2e9609a,0.666667,0,78568,78.7
tools,raw-memory,eog,email,4,4,1,task_20251203_113003_327_701c5774_2e2c97d2,0.666667,0,76560,52.4
tools,raw-memory,eog,email,4,4,1,task_20251203_120537_904_701c5774_849b4b7c,0.666667,0,76681,45.7
tools,raw-memory,eog,email,4,4,1,task_20251204_083406_171_e7cfb93b_89e0d558,0.8,0,231106,309.6
tools,raw-memory,eog,email,4,4,1,task_20251204_145059_811_e5bf1251_3b195ec1,1.0,1,62396,46.0
tools,raw-memory,eog,email,4,4,1,task_20251209_094942_478_701c5774_dc4a4b13,0.333333,0,148579,155.0
tools,raw-memory,eog,email,4,4,1,task_20251212_162948_602_8ce75c22_8b25a027,0.833333,0,192708,236.4
tools,raw-memory,eog,email,4,4,1,task_20260106_050111_551_701c5774_419d6733,1.0,1,199829,323.2
tools,raw-memory,eog,email,4,4,1,task_20260107_160335_693_911d75d7_d116d7cf,0.5,0,145885,152.5
tools,raw-memory,eog,email,4,4,1,task_20260107_191539_515_911d75d7_3ea7750e,1.0,1,124624,113.0
tools,raw-memory,eog,email,4,4,1,task_20260107_214637_627_911d75d7_eb9d8622,0.0,0,54006,70.7
tools,raw-memory,eog,email,4,4,2,task_20251125_150631_436_e5bf1251_77dd7cbb,0.5,0,66986,81.3
tools,raw-memory,eog,email,4,4,2,task_20251127_150451_336_701c5774_c2e9609a,0.666667,0,79513,108.0
tools,raw-memory,eog,email,4,4,2,task_20251203_113003_327_701c5774_2e2c97d2,1.0,1,61875,87.7
tools,raw-memory,eog,email,4,4,2,task_20251203_120537_904_701c5774_849b4b7c,0.666667,0,77000,36.0
tools,raw-memory,eog,email,4,4,2,task_20251204_083406_171_e7cfb93b_89e0d558,0.8,0,128725,270.2
tools,raw-memory,eog,email,4,4,2,task_20251204_145059_811_e5bf1251_3b195ec1,1.0,1,48575,45.9
tools,raw-memory,eog,email,4,4,2,task_20251209_094942_478_701c5774_dc4a4b13,0.333333,0,171773,135.0
tools,raw-memory,eog,email,4,4,2,task_20251212_162948_602_8ce75c22_8b25a027,1.0,1,184324,85.4
tools,raw-memory,eog,email,4,4,2,task_20260106_050111_551_701c5774_419d6733,0.333333,0,92814,416.4
tools,raw-memory,eog,email,4,4,2,task_20260107_160335_693_911d75d7_d116d7cf,0.5,0,125270,187.9
tools,raw-memory,eog,email,4,4,2,task_20260107_191539_515_911d75d7_3ea7750e,1.0,1,107244,119.6
tools,raw-memory,eog,email,4,4,2,task_20260107_214637_627_911d75d7_eb9d8622,0.0,0,53810,65.8
tools,raw-memory,eog,email,4,4,3,task_20251125_150631_436_e5bf1251_77dd7cbb,1.0,1,98345,79.8
tools,raw-memory,eog,email,4,4,3,task_20251127_150451_336_701c5774_c2e9609a,0.666667,0,78505,46.0
tools,raw-memory,eog,email,4,4,3,task_20251203_113003_327_701c5774_2e2c97d2,0.666667,0,77419,44.6
tools,raw-memory,eog,email,4,4,3,task_20251203_120537_904_701c5774_849b4b7c,0.666667,0,76705,80.6
tools,raw-memory,eog,email,4,4,3,task_20251204_083406_171_e7cfb93b_89e0d558,1.0,1,95504,139.3
tools,raw-memory,eog,email,4,4,3,task_20251204_145059_811_e5bf1251_3b195ec1,1.0,1,64480,109.5
tools,raw-memory,eog,email,4,4,3,task_20251209_094942_478_701c5774_dc4a4b13,0.333333,0,190398,159.5
tools,raw-memory,eog,email,4,4,3,task_20251212_162948_602_8ce75c22_8b25a027,1.0,1,205622,96.4
tools,raw-memory,eog,email,4,4,3,task_20260106_050111_551_701c5774_419d6733,0.333333,0,92261,150.6
tools,raw-memory,eog,email,4,4,3,task_20260107_160335_693_911d75d7_d116d7cf,0.5,0,143771,104.7
tools,raw-memory,eog,email,4,4,3,task_20260107_191539_515_911d75d7_3ea7750e,1.0,1,127739,112.8
tools,raw-memory,eog,email,4,4,3,task_20260107_214637_627_911d75d7_eb9d8622,0.0,0,72219,61.8
tools,raw-memory,eog,email,5,1,1,task_20260106_060646_574_1628b966_0fc7207a,1.0,1,112716,52.0
tools,raw-memory,eog,email,5,1,1,task_20260106_140034_876_e7cfb93b_fc943e0e,0.6,0,312480,338.7
tools,raw-memory,eog,email,5,1,2,task_20260106_060646_574_1628b966_0fc7207a,1.0,1,113985,76.4
tools,raw-memory,eog,email,5,1,2,task_20260106_140034_876_e7cfb93b_fc943e0e,0.2,0,165366,192.2
tools,raw-memory,eog,email,5,1,3,task_20260106_060646_574_1628b966_0fc7207a,1.0,1,111302,45.8
tools,raw-memory,eog,email,5,1,3,task_20260106_140034_876_e7cfb93b_fc943e0e,1.0,1,209780,175.2
tools,raw-memory,eog,email,5,2,1,task_20251203_093009_456_701c5774_24b57fbd,0.5,0,113140,102.5
tools,raw-memory,eog,email,5,2,1,task_20251203_180743_144_e7cfb93b_56dbcb89,1.0,1,248251,194.7
tools,raw-memory,eog,email,5,2,1,task_20260105_182555_369_e7cfb93b_c2cc205b,1.0,1,272376,212.8
tools,raw-memory,eog,email,5,2,1,task_20260105_214127_504_e7cfb93b_e6640be3,1.0,1,264492,285.9
tools,raw-memory,eog,email,5,2,1,task_20260106_213903_609_e7cfb93b_5e95c001,1.0,1,263249,150.5
tools,raw-memory,eog,email,5,2,1,task_20260108_050214_962_e5bf1251_0cabbd3d,0.666667,0,142826,142.0
tools,raw-memory,eog,email,5,2,2,task_20251203_093009_456_701c5774_24b57fbd,0.5,0,135896,115.0
tools,raw-memory,eog,email,5,2,2,task_20251203_180743_144_e7cfb93b_56dbcb89,0.857143,0,280793,280.5
tools,raw-memory,eog,email,5,2,2,task_20260105_182555_369_e7cfb93b_c2cc205b,1.0,1,290558,283.8
tools,raw-memory,eog,email,5,2,2,task_20260105_214127_504_e7cfb93b_e6640be3,1.0,1,257878,131.7
tools,raw-memory,eog,email,5,2,2,task_20260106_213903_609_e7cfb93b_5e95c001,1.0,1,126180,111.9
tools,raw-memory,eog,email,5,2,2,task_20260108_050214_962_e5bf1251_0cabbd3d,0.666667,0,122078,188.2
tools,raw-memory,eog,email,5,2,3,task_20251203_093009_456_701c5774_24b57fbd,0.5,0,132181,88.9
tools,raw-memory,eog,email,5,2,3,task_20251203_180743_144_e7cfb93b_56dbcb89,1.0,1,230288,278.1
tools,raw-memory,eog,email,5,2,3,task_20260105_182555_369_e7cfb93b_c2cc205b,0.666667,0,118536,93.9
tools,raw-memory,eog,email,5,2,3,task_20260105_214127_504_e7cfb93b_e6640be3,1.0,1,342894,268.0
tools,raw-memory,eog,email,5,2,3,task_20260106_213903_609_e7cfb93b_5e95c001,1.0,1,176909,127.1
tools,raw-memory,eog,email,5,2,3,task_20260108_050214_962_e5bf1251_0cabbd3d,0.666667,0,194465,139.0
tools,raw-memory,eog,email,5,3,1,task_20251204_101148_724_701c5774_7cb6254a,0.333333,0,113282,75.1
tools,raw-memory,eog,email,5,3,1,task_20251204_142444_575_e5bf1251_65039f7d,1.0,1,87048,51.1
tools,raw-memory,eog,email,5,3,1,task_20260105_233603_790_e7cfb93b_cc802e4b,1.0,1,145980,138.6
tools,raw-memory,eog,email,5,3,1,task_20260106_071510_179_911d75d7_0ae789ae,0.0,0,117138,92.2
tools,raw-memory,eog,email,5,3,1,task_20260107_125943_886_1628b966_f951b083,0.5,0,229114,209.4
tools,raw-memory,eog,email,5,3,1,task_20260107_142454_824_1628b966_4a482da4,1.0,1,160277,104.8
tools,raw-memory,eog,email,5,3,1,task_20260108_101001_581_701c5774_3ac4e4fb,0.5,0,288044,233.8
tools,raw-memory,eog,email,5,3,2,task_20251204_101148_724_701c5774_7cb6254a,1.0,1,348001,165.8
tools,raw-memory,eog,email,5,3,2,task_20251204_142444_575_e5bf1251_65039f7d,1.0,1,107926,72.4
tools,raw-memory,eog,email,5,3,2,task_20260105_233603_790_e7cfb93b_cc802e4b,1.0,1,144552,94.6
tools,raw-memory,eog,email,5,3,2,task_20260106_071510_179_911d75d7_0ae789ae,0.0,0,118116,73.0
tools,raw-memory,eog,email,5,3,2,task_20260107_125943_886_1628b966_f951b083,0.5,0,152583,111.3
tools,raw-memory,eog,email,5,3,2,task_20260107_142454_824_1628b966_4a482da4,1.0,1,157473,98.6
tools,raw-memory,eog,email,5,3,2,task_20260108_101001_581_701c5774_3ac4e4fb,0.5,0,327781,342.4
tools,raw-memory,eog,email,5,3,3,task_20251204_101148_724_701c5774_7cb6254a,0.333333,0,94054,97.2
tools,raw-memory,eog,email,5,3,3,task_20251204_142444_575_e5bf1251_65039f7d,1.0,1,88047,63.0
tools,raw-memory,eog,email,5,3,3,task_20260105_233603_790_e7cfb93b_cc802e4b,1.0,1,140766,66.6
tools,raw-memory,eog,email,5,3,3,task_20260106_071510_179_911d75d7_0ae789ae,0.0,0,164749,69.9
tools,raw-memory,eog,email,5,3,3,task_20260107_125943_886_1628b966_f951b083,0.5,0,104906,112.3
tools,raw-memory,eog,email,5,3,3,task_20260107_142454_824_1628b966_4a482da4,1.0,1,151997,79.2
tools,raw-memory,eog,email,5,3,3,task_20260108_101001_581_701c5774_3ac4e4fb,0.5,0,291119,241.7
tools,raw-memory,eog,email,5,4,1,task_20251125_150631_436_e5bf1251_77dd7cbb,0.5,0,89322,108.2
tools,raw-memory,eog,email,5,4,1,task_20251127_150451_336_701c5774_c2e9609a,0.666667,0,107217,41.2
tools,raw-memory,eog,email,5,4,1,task_20251203_113003_327_701c5774_2e2c97d2,1.0,1,106504,68.9
tools,raw-memory,eog,email,5,4,1,task_20251203_120537_904_701c5774_849b4b7c,0.666667,0,128043,55.3
tools,raw-memory,eog,email,5,4,1,task_20251204_083406_171_e7cfb93b_89e0d558,0.8,0,261978,220.7
tools,raw-memory,eog,email,5,4,1,task_20251204_145059_811_e5bf1251_3b195ec1,1.0,1,84966,37.7
tools,raw-memory,eog,email,5,4,1,task_20251209_094942_478_701c5774_dc4a4b13,0.333333,0,196879,159.9
tools,raw-memory,eog,email,5,4,1,task_20251212_162948_602_8ce75c22_8b25a027,1.0,1,212027,126.8
tools,raw-memory,eog,email,5,4,1,task_20260106_050111_551_701c5774_419d6733,0.333333,0,123082,222.4
tools,raw-memory,eog,email,5,4,1,task_20260107_160335_693_911d75d7_d116d7cf,0.5,0,140270,156.3
tools,raw-memory,eog,email,5,4,1,task_20260107_191539_515_911d75d7_3ea7750e,1.0,1,165125,254.3
tools,raw-memory,eog,email,5,4,1,task_20260107_214637_627_911d75d7_eb9d8622,0.0,0,70379,45.3
tools,raw-memory,eog,email,5,4,2,task_20251125_150631_436_e5bf1251_77dd7cbb,1.0,1,112595,71.1
tools,raw-memory,eog,email,5,4,2,task_20251127_150451_336_701c5774_c2e9609a,0.666667,0,108347,55.5
tools,raw-memory,eog,email,5,4,2,task_20251203_113003_327_701c5774_2e2c97d2,1.0,1,106051,115.5
tools,raw-memory,eog,email,5,4,2,task_20251203_120537_904_701c5774_849b4b7c,0.666667,0,127370,94.7
tools,raw-memory,eog,email,5,4,2,task_20251204_083406_171_e7cfb93b_89e0d558,0.8,0,219573,330.2
tools,raw-memory,eog,email,5,4,2,task_20251204_145059_811_e5bf1251_3b195ec1,1.0,1,64660,34.8
tools,raw-memory,eog,email,5,4,2,task_20251209_094942_478_701c5774_dc4a4b13,0.333333,0,218592,305.1
tools,raw-memory,eog,email,5,4,2,task_20251212_162948_602_8ce75c22_8b25a027,1.0,1,235167,112.0
tools,raw-memory,eog,email,5,4,2,task_20260106_050111_551_701c5774_419d6733,0.333333,0,119999,170.2
tools,raw-memory,eog,email,5,4,2,task_20260107_160335_693_911d75d7_d116d7cf,0.5,0,141225,97.8
tools,raw-memory,eog,email,5,4,2,task_20260107_191539_515_911d75d7_3ea7750e,1.0,1,141641,312.0
tools,raw-memory,eog,email,5,4,2,task_20260107_214637_627_911d75d7_eb9d8622,0.0,0,72262,71.6
tools,raw-memory,eog,email,5,4,3,task_20251125_150631_436_e5bf1251_77dd7cbb,0.5,0,111103,69.8
tools,raw-memory,eog,email,5,4,3,task_20251127_150451_336_701c5774_c2e9609a,0.666667,0,107643,54.0
tools,raw-memory,eog,email,5,4,3,task_20251203_113003_327_701c5774_2e2c97d2,1.0,1,85827,36.8
tools,raw-memory,eog,email,5,4,3,task_20251203_120537_904_701c5774_849b4b7c,0.666667,0,126843,40.7
tools,raw-memory,eog,email,5,4,3,task_20251204_083406_171_e7cfb93b_89e0d558,0.6,0,123142,183.8
tools,raw-memory,eog,email,5,4,3,task_20251204_145059_811_e5bf1251_3b195ec1,1.0,1,65215,41.0
tools,raw-memory,eog,email,5,4,3,task_20251209_094942_478_701c5774_dc4a4b13,0.333333,0,221209,152.8
tools,raw-memory,eog,email,5,4,3,task_20251212_162948_602_8ce75c22_8b25a027,0.833333,0,327772,235.7
tools,raw-memory,eog,email,5,4,3,task_20260106_050111_551_701c5774_419d6733,0.333333,0,120861,543.9
tools,raw-memory,eog,email,5,4,3,task_20260107_160335_693_911d75d7_d116d7cf,0.5,0,191143,118.3
tools,raw-memory,eog,email,5,4,3,task_20260107_191539_515_911d75d7_3ea7750e,0.5,0,140669,77.9
tools,raw-memory,eog,email,5,4,3,task_20260107_214637_627_911d75d7_eb9d8622,0.0,0,70949,59.3
tools,raw-memory,eog,email,5,5,1,task_20251125_154624_258_701c5774_59c41eed,0.0,0,135499,68.1
tools,raw-memory,eog,email,5,5,1,task_20251125_202309_857_e7cfb93b_9c156259,1.0,1,148022,143.4
tools,raw-memory,eog,email,5,5,1,task_20251128_154607_365_1628b966_a730b5cf,1.0,1,41699,19.1
tools,raw-memory,eog,email,5,5,1,task_20251204_120643_371_8ce75c22_f09e1799,0.8,0,173836,102.5
tools,raw-memory,eog,email,5,5,1,task_20251204_153830_645_1628b966_3df25b52,1.0,1,178480,61.0
tools,raw-memory,eog,email,5,5,1,task_20251211_054846_540_e5bf1251_265c5883,0.666667,0,196544,137.5
tools,raw-memory,eog,email,5,5,1,task_20251211_100706_985_701c5774_8d658f71,0.5,0,301739,320.6
tools,raw-memory,eog,email,5,5,1,task_20251212_072144_983_8ce75c22_1b848fdd,0.6,0,262261,158.7
tools,raw-memory,eog,email,5,5,1,task_20260107_131200_705_1628b966_84e87e0f,0.5,0,151636,118.7
tools,raw-memory,eog,email,5,5,1,task_20260107_141130_029_1628b966_8e264839,0.5,0,238185,156.2
tools,raw-memory,eog,email,5,5,1,task_20260108_031733_760_e5bf1251_9e81ad1b,1.0,1,304775,256.2
tools,raw-memory,eog,email,5,5,1,task_20260109_080715_585_911d75d7_ded91685,1.0,1,135073,134.6
tools,raw-memory,eog,email,5,5,1,task_20260109_160851_122_911d75d7_3ece8e5e,0.0,0,120362,93.5
tools,raw-memory,eog,email,5,5,2,task_20251125_154624_258_701c5774_59c41eed,0.0,0,89915,71.8
tools,raw-memory,eog,email,5,5,2,task_20251125_202309_857_e7cfb93b_9c156259,1.0,1,202184,262.5
tools,raw-memory,eog,email,5,5,2,task_20251128_154607_365_1628b966_a730b5cf,1.0,1,62916,31.7
tools,raw-memory,eog,email,5,5,2,task_20251204_120643_371_8ce75c22_f09e1799,1.0,1,122761,93.0
tools,raw-memory,eog,email,5,5,2,task_20251204_153830_645_1628b966_3df25b52,1.0,1,177136,169.1
tools,raw-memory,eog,email,5,5,2,task_20251211_054846_540_e5bf1251_265c5883,1.0,1,253373,152.4
tools,raw-memory,eog,email,5,5,2,task_20251211_100706_985_701c5774_8d658f71,0.5,0,362140,286.9
tools,raw-memory,eog,email,5,5,2,task_20251212_072144_983_8ce75c22_1b848fdd,0.8,0,354407,296.1
tools,raw-memory,eog,email,5,5,2,task_20260107_131200_705_1628b966_84e87e0f,0.5,0,151040,258.0
tools,raw-memory,eog,email,5,5,2,task_20260107_141130_029_1628b966_8e264839,1.0,1,366347,180.0
tools,raw-memory,eog,email,5,5,2,task_20260108_031733_760_e5bf1251_9e81ad1b,1.0,1,266585,426.1
tools,raw-memory,eog,email,5,5,2,task_20260109_080715_585_911d75d7_ded91685,1.0,1,103912,108.7
tools,raw-memory,eog,email,5,5,2,task_20260109_160851_122_911d75d7_3ece8e5e,0.0,0,120810,76.0
tools,raw-memory,eog,email,5,5,3,task_20251125_154624_258_701c5774_59c41eed,0.0,0,114425,83.8
tools,raw-memory,eog,email,5,5,3,task_20251125_202309_857_e7cfb93b_9c156259,1.0,1,256113,269.3
tools,raw-memory,eog,email,5,5,3,task_20251128_154607_365_1628b966_a730b5cf,1.0,1,84877,84.6
tools,raw-memory,eog,email,5,5,3,task_20251204_120643_371_8ce75c22_f09e1799,0.6,0,142747,140.5
tools,raw-memory,eog,email,5,5,3,task_20251204_153830_645_1628b966_3df25b52,1.0,1,202594,99.2
tools,raw-memory,eog,email,5,5,3,task_20251211_054846_540_e5bf1251_265c5883,0.666667,0,219438,153.0
tools,raw-memory,eog,email,5,5,3,task_20251211_100706_985_701c5774_8d658f71,0.5,0,420841,273.8
tools,raw-memory,eog,email,5,5,3,task_20251212_072144_983_8ce75c22_1b848fdd,0.8,0,349430,225.4
tools,raw-memory,eog,email,5,5,3,task_20260107_131200_705_1628b966_84e87e0f,0.5,0,176859,115.3
tools,raw-memory,eog,email,5,5,3,task_20260107_141130_029_1628b966_8e264839,0.5,0,289600,179.2
tools,raw-memory,eog,email,5,5,3,task_20260108_031733_760_e5bf1251_9e81ad1b,1.0,1,208733,138.1
tools,raw-memory,eog,email,5,5,3,task_20260109_080715_585_911d75d7_ded91685,1.0,1,107193,102.6
tools,raw-memory,eog,email,5,5,3,task_20260109_160851_122_911d75d7_3ece8e5e,0.0,0,120542,86.8
tools,raw-memory,eog,email,6,1,1,task_20260106_060646_574_1628b966_0fc7207a,1.0,1,162353,55.8
tools,raw-memory,eog,email,6,1,1,task_20260106_140034_876_e7cfb93b_fc943e0e,0.6,0,313829,325.2
tools,raw-memory,eog,email,6,1,2,task_20260106_060646_574_1628b966_0fc7207a,1.0,1,162148,188.9
tools,raw-memory,eog,email,6,1,2,task_20260106_140034_876_e7cfb93b_fc943e0e,1.0,1,306105,736.1
tools,raw-memory,eog,email,6,1,3,task_20260106_060646_574_1628b966_0fc7207a,1.0,1,138228,283.5
tools,raw-memory,eog,email,6,1,3,task_20260106_140034_876_e7cfb93b_fc943e0e,0.6,0,172095,609.1
tools,raw-memory,eog,email,6,2,1,task_20251203_093009_456_701c5774_24b57fbd,0.5,0,135493,72.3
tools,raw-memory,eog,email,6,2,1,task_20251203_180743_144_e7cfb93b_56dbcb89,0.857143,0,327883,175.3
tools,raw-memory,eog,email,6,2,1,task_20260105_182555_369_e7cfb93b_c2cc205b,1.0,1,380322,276.2
tools,raw-memory,eog,email,6,2,1,task_20260105_214127_504_e7cfb93b_e6640be3,1.0,1,408208,379.1
tools,raw-memory,eog,email,6,2,1,task_20260106_213903_609_e7cfb93b_5e95c001,1.0,1,153028,143.6
tools,raw-memory,eog,email,6,2,1,task_20260108_050214_962_e5bf1251_0cabbd3d,0.666667,0,86489,52.1
tools,raw-memory,eog,email,6,2,2,task_20251203_093009_456_701c5774_24b57fbd,0.5,0,138773,118.9
tools,raw-memory,eog,email,6,2,2,task_20251203_180743_144_e7cfb93b_56dbcb89,0.857143,0,238972,481.1
tools,raw-memory,eog,email,6,2,2,task_20260105_182555_369_e7cfb93b_c2cc205b,1.0,1,324188,382.3
tools,raw-memory,eog,email,6,2,2,task_20260105_214127_504_e7cfb93b_e6640be3,1.0,1,466645,461.9
tools,raw-memory,eog,email,6,2,2,task_20260106_213903_609_e7cfb93b_5e95c001,1.0,1,159580,131.3
tools,raw-memory,eog,email,6,2,2,task_20260108_050214_962_e5bf1251_0cabbd3d,0.666667,0,173542,140.7
tools,raw-memory,eog,email,6,2,3,task_20251203_093009_456_701c5774_24b57fbd,0.5,0,162141,82.1
tools,raw-memory,eog,email,6,2,3,task_20251203_180743_144_e7cfb93b_56dbcb89,1.0,1,362782,329.3
tools,raw-memory,eog,email,6,2,3,task_20260105_182555_369_e7cfb93b_c2cc205b,0.833333,0,277055,667.5
tools,raw-memory,eog,email,6,2,3,task_20260105_214127_504_e7cfb93b_e6640be3,1.0,1,444225,327.0
tools,raw-memory,eog,email,6,2,3,task_20260106_213903_609_e7cfb93b_5e95c001,1.0,1,178342,111.4
tools,raw-memory,eog,email,6,2,3,task_20260108_050214_962_e5bf1251_0cabbd3d,0.666667,0,142236,84.8
tools,raw-memory,eog,email,6,3,1,task_20251204_101148_724_701c5774_7cb6254a,0.333333,0,641253,434.3
tools,raw-memory,eog,email,6,3,1,task_20251204_142444_575_e5bf1251_65039f7d,1.0,1,131399,107.6
tools,raw-memory,eog,email,6,3,1,task_20260105_233603_790_e7cfb93b_cc802e4b,1.0,1,223063,96.2
tools,raw-memory,eog,email,6,3,1,task_20260106_071510_179_911d75d7_0ae789ae,0.0,0,173235,161.2
tools,raw-memory,eog,email,6,3,1,task_20260107_125943_886_1628b966_f951b083,0.5,0,275230,132.7
tools,raw-memory,eog,email,6,3,1,task_20260107_142454_824_1628b966_4a482da4,1.0,1,209649,96.9
tools,raw-memory,eog,email,6,3,1,task_20260108_101001_581_701c5774_3ac4e4fb,0.5,0,384706,204.8
tools,raw-memory,eog,email,6,3,2,task_20251204_101148_724_701c5774_7cb6254a,0.333333,0,519504,402.6
tools,raw-memory,eog,email,6,3,2,task_20251204_142444_575_e5bf1251_65039f7d,1.0,1,131893,65.2
tools,raw-memory,eog,email,6,3,2,task_20260105_233603_790_e7cfb93b_cc802e4b,1.0,1,203311,104.8
tools,raw-memory,eog,email,6,3,2,task_20260106_071510_179_911d75d7_0ae789ae,0.0,0,199685,124.4
tools,raw-memory,eog,email,6,3,2,task_20260107_125943_886_1628b966_f951b083,0.5,0,150256,82.0
tools,raw-memory,eog,email,6,3,2,task_20260107_142454_824_1628b966_4a482da4,1.0,1,150680,77.2
tools,raw-memory,eog,email,6,3,2,task_20260108_101001_581_701c5774_3ac4e4fb,0.5,0,469153,227.0
tools,raw-memory,eog,email,6,3,3,task_20251204_101148_724_701c5774_7cb6254a,1.0,1,453837,196.2
tools,raw-memory,eog,email,6,3,3,task_20251204_142444_575_e5bf1251_65039f7d,1.0,1,131835,52.2
tools,raw-memory,eog,email,6,3,3,task_20260105_233603_790_e7cfb93b_cc802e4b,1.0,1,223365,81.9
tools,raw-memory,eog,email,6,3,3,task_20260106_071510_179_911d75d7_0ae789ae,0.0,0,142165,62.8
tools,raw-memory,eog,email,6,3,3,task_20260107_125943_886_1628b966_f951b083,0.5,0,276060,130.2
tools,raw-memory,eog,email,6,3,3,task_20260107_142454_824_1628b966_4a482da4,1.0,1,181810,72.9
tools,raw-memory,eog,email,6,3,3,task_20260108_101001_581_701c5774_3ac4e4fb,0.5,0,348871,263.6
tools,raw-memory,eog,email,6,4,1,task_20251125_150631_436_e5bf1251_77dd7cbb,0.5,0,109251,72.4
tools,raw-memory,eog,email,6,4,1,task_20251127_150451_336_701c5774_c2e9609a,0.666667,0,133171,84.9
tools,raw-memory,eog,email,6,4,1,task_20251203_113003_327_701c5774_2e2c97d2,1.0,1,131368,50.5
tools,raw-memory,eog,email,6,4,1,task_20251203_120537_904_701c5774_849b4b7c,0.666667,0,157408,43.2
tools,raw-memory,eog,email,6,4,1,task_20251204_083406_171_e7cfb93b_89e0d558,0.6,0,545868,431.2
tools,raw-memory,eog,email,6,4,1,task_20251204_145059_811_e5bf1251_3b195ec1,1.0,1,79693,45.7
tools,raw-memory,eog,email,6,4,1,task_20251209_094942_478_701c5774_dc4a4b13,0.333333,0,325976,195.4
tools,raw-memory,eog,email,6,4,1,task_20251212_162948_602_8ce75c22_8b25a027,1.0,1,335598,165.6
tools,raw-memory,eog,email,6,4,1,task_20260106_050111_551_701c5774_419d6733,0.333333,0,312269,198.0
tools,raw-memory,eog,email,6,4,1,task_20260107_160335_693_911d75d7_d116d7cf,0.5,0,140769,62.2
tools,raw-memory,eog,email,6,4,1,task_20260107_191539_515_911d75d7_3ea7750e,1.0,1,197533,83.3
tools,raw-memory,eog,email,6,4,1,task_20260107_214637_627_911d75d7_eb9d8622,0.0,0,84462,43.9
tools,raw-memory,eog,email,6,4,2,task_20251125_150631_436_e5bf1251_77dd7cbb,0.5,0,108668,55.5
tools,raw-memory,eog,email,6,4,2,task_20251127_150451_336_701c5774_c2e9609a,0.666667,0,133439,77.4
tools,raw-memory,eog,email,6,4,2,task_20251203_113003_327_701c5774_2e2c97d2,1.0,1,129640,30.0
tools,raw-memory,eog,email,6,4,2,task_20251203_120537_904_701c5774_849b4b7c,0.666667,0,157231,47.5
tools,raw-memory,eog,email,6,4,2,task_20251204_083406_171_e7cfb93b_89e0d558,1.0,1,385318,200.2
tools,raw-memory,eog,email,6,4,2,task_20251204_145059_811_e5bf1251_3b195ec1,1.0,1,105337,45.6
tools,raw-memory,eog,email,6,4,2,task_20251209_094942_478_701c5774_dc4a4b13,0.333333,0,324745,182.4
tools,raw-memory,eog,email,6,4,2,task_20251212_162948_602_8ce75c22_8b25a027,0.833333,0,246849,121.0
tools,raw-memory,eog,email,6,4,2,task_20260106_050111_551_701c5774_419d6733,0.333333,0,254393,160.9
tools,raw-memory,eog,email,6,4,2,task_20260107_160335_693_911d75d7_d116d7cf,0.5,0,143722,89.5
tools,raw-memory,eog,email,6,4,2,task_20260107_191539_515_911d75d7_3ea7750e,1.0,1,171268,99.1
tools,raw-memory,eog,email,6,4,2,task_20260107_214637_627_911d75d7_eb9d8622,0.0,0,86674,72.6
tools,raw-memory,eog,email,6,4,3,task_20251125_150631_436_e5bf1251_77dd7cbb,0.5,0,109834,69.1
tools,raw-memory,eog,email,6,4,3,task_20251127_150451_336_701c5774_c2e9609a,0.666667,0,132985,61.5
tools,raw-memory,eog,email,6,4,3,task_20251203_113003_327_701c5774_2e2c97d2,1.0,1,130481,32.8
tools,raw-memory,eog,email,6,4,3,task_20251203_120537_904_701c5774_849b4b7c,0.666667,0,158384,71.9
tools,raw-memory,eog,email,6,4,3,task_20251204_083406_171_e7cfb93b_89e0d558,1.0,1,512152,217.2
tools,raw-memory,eog,email,6,4,3,task_20251204_145059_811_e5bf1251_3b195ec1,1.0,1,79118,39.5
tools,raw-memory,eog,email,6,4,3,task_20251209_094942_478_701c5774_dc4a4b13,0.333333,0,418586,197.5
tools,raw-memory,eog,email,6,4,3,task_20251212_162948_602_8ce75c22_8b25a027,0.833333,0,442175,242.4
tools,raw-memory,eog,email,6,4,3,task_20260106_050111_551_701c5774_419d6733,0.333333,0,228031,196.5
tools,raw-memory,eog,email,6,4,3,task_20260107_160335_693_911d75d7_d116d7cf,0.5,0,141643,61.8
tools,raw-memory,eog,email,6,4,3,task_20260107_191539_515_911d75d7_3ea7750e,1.0,1,171037,81.9
tools,raw-memory,eog,email,6,4,3,task_20260107_214637_627_911d75d7_eb9d8622,0.0,0,86975,77.5
tools,raw-memory,eog,email,6,5,1,task_20251125_154624_258_701c5774_59c41eed,0.0,0,170528,279.7
tools,raw-memory,eog,email,6,5,1,task_20251125_202309_857_e7cfb93b_9c156259,1.0,1,257708,234.9
tools,raw-memory,eog,email,6,5,1,task_20251128_154607_365_1628b966_a730b5cf,1.0,1,51264,18.1
tools,raw-memory,eog,email,6,5,1,task_20251204_120643_371_8ce75c22_f09e1799,0.8,0,120655,325.2
tools,raw-memory,eog,email,6,5,1,task_20251204_153830_645_1628b966_3df25b52,1.0,1,216494,236.3
tools,raw-memory,eog,email,6,5,1,task_20251211_054846_540_e5bf1251_265c5883,1.0,1,329946,183.7
tools,raw-memory,eog,email,6,5,1,task_20251211_100706_985_701c5774_8d658f71,0.75,0,712022,435.8
tools,raw-memory,eog,email,6,5,1,task_20251212_072144_983_8ce75c22_1b848fdd,0.6,0,347062,369.6
tools,raw-memory,eog,email,6,5,1,task_20260107_131200_705_1628b966_84e87e0f,0.5,0,238487,153.9
tools,raw-memory,eog,email,6,5,1,task_20260107_141130_029_1628b966_8e264839,0.5,0,286970,277.4
tools,raw-memory,eog,email,6,5,1,task_20260108_031733_760_e5bf1251_9e81ad1b,1.0,1,315768,271.4
tools,raw-memory,eog,email,6,5,1,task_20260109_080715_585_911d75d7_ded91685,1.0,1,203114,151.6
tools,raw-memory,eog,email,6,5,1,task_20260109_160851_122_911d75d7_3ece8e5e,0.0,0,116623,120.8
tools,raw-memory,eog,email,6,5,2,task_20251125_154624_258_701c5774_59c41eed,0.0,0,202886,259.1
tools,raw-memory,eog,email,6,5,2,task_20251125_202309_857_e7cfb93b_9c156259,1.0,1,214598,146.9
tools,raw-memory,eog,email,6,5,2,task_20251128_154607_365_1628b966_a730b5cf,1.0,1,104174,52.0
tools,raw-memory,eog,email,6,5,2,task_20251204_120643_371_8ce75c22_f09e1799,0.8,0,211027,170.5
tools,raw-memory,eog,email,6,5,2,task_20251204_153830_645_1628b966_3df25b52,1.0,1,244319,173.7
tools,raw-memory,eog,email,6,5,2,task_20251211_054846_540_e5bf1251_265c5883,0.666667,0,236344,301.1
tools,raw-memory,eog,email,6,5,2,task_20251211_100706_985_701c5774_8d658f71,0.75,0,454475,664.7
tools,raw-memory,eog,email,6,5,2,task_20251212_072144_983_8ce75c22_1b848fdd,0.6,0,286970,162.0
tools,raw-memory,eog,email,6,5,2,task_20260107_131200_705_1628b966_84e87e0f,0.5,0,175003,117.4
tools,raw-memory,eog,email,6,5,2,task_20260107_141130_029_1628b966_8e264839,0.5,0,341455,198.0
tools,raw-memory,eog,email,6,5,2,task_20260108_031733_760_e5bf1251_9e81ad1b,1.0,1,346577,508.4
tools,raw-memory,eog,email,6,5,2,task_20260109_080715_585_911d75d7_ded91685,1.0,1,145131,122.7
tools,raw-memory,eog,email,6,5,2,task_20260109_160851_122_911d75d7_3ece8e5e,0.0,0,57595,56.1
tools,raw-memory,eog,email,6,5,3,task_20251125_154624_258_701c5774_59c41eed,0.0,0,176472,363.4
tools,raw-memory,eog,email,6,5,3,task_20251125_202309_857_e7cfb93b_9c156259,1.0,1,256525,136.9
tools,raw-memory,eog,email,6,5,3,task_20251128_154607_365_1628b966_a730b5cf,1.0,1,77988,42.5
tools,raw-memory,eog,email,6,5,3,task_20251204_120643_371_8ce75c22_f09e1799,0.6,0,174074,273.3
tools,raw-memory,eog,email,6,5,3,task_20251204_153830_645_1628b966_3df25b52,1.0,1,219521,116.3
tools,raw-memory,eog,email,6,5,3,task_20251211_054846_540_e5bf1251_265c5883,1.0,1,272774,161.9
tools,raw-memory,eog,email,6,5,3,task_20251211_100706_985_701c5774_8d658f71,0.75,0,360481,338.4
tools,raw-memory,eog,email,6,5,3,task_20251212_072144_983_8ce75c22_1b848fdd,0.6,0,322815,213.6
tools,raw-memory,eog,email,6,5,3,task_20260107_131200_705_1628b966_84e87e0f,0.5,0,150773,165.9
tools,raw-memory,eog,email,6,5,3,task_20260107_141130_029_1628b966_8e264839,0.5,0,339861,262.5
tools,raw-memory,eog,email,6,5,3,task_20260108_031733_760_e5bf1251_9e81ad1b,1.0,1,272398,109.9
tools,raw-memory,eog,email,6,5,3,task_20260109_080715_585_911d75d7_ded91685,1.0,1,177799,104.4
tools,raw-memory,eog,email,6,5,3,task_20260109_160851_122_911d75d7_3ece8e5e,0.0,0,115773,100.3
tools,raw-memory,eog,email,6,6,1,task_20251203_104951_949_701c5774_5a606512,0.5,0,296388,353.3
tools,raw-memory,eog,email,6,6,1,task_20251204_144745_585_e5bf1251_4e4c189d,1.0,1,107767,47.1
tools,raw-memory,eog,email,6,6,1,task_20251211_194841_657_8ce75c22_43c6bc2f,1.0,1,343579,161.8
tools,raw-memory,eog,email,6,6,1,task_20260106_052248_226_1628b966_d8c22aed,0.666667,0,308059,227.8
tools,raw-memory,eog,email,6,6,1,task_20260108_143038_654_e5bf1251_b9e616b8,0.5,0,151931,59.4
tools,raw-memory,eog,email,6,6,1,task_20260109_170111_125_8ce75c22_1c7034c5,1.0,1,274184,74.0
tools,raw-memory,eog,email,6,6,2,task_20251203_104951_949_701c5774_5a606512,0.5,0,231305,317.1
tools,raw-memory,eog,email,6,6,2,task_20251204_144745_585_e5bf1251_4e4c189d,1.0,1,106587,35.7
tools,raw-memory,eog,email,6,6,2,task_20251211_194841_657_8ce75c22_43c6bc2f,1.0,1,374924,219.3
tools,raw-memory,eog,email,6,6,2,task_20260106_052248_226_1628b966_d8c22aed,0.666667,0,318282,288.9
tools,raw-memory,eog,email,6,6,2,task_20260108_143038_654_e5bf1251_b9e616b8,1.0,1,146563,111.4
tools,raw-memory,eog,email,6,6,2,task_20260109_170111_125_8ce75c22_1c7034c5,1.0,1,248889,237.8
tools,raw-memory,eog,email,6,6,3,task_20251203_104951_949_701c5774_5a606512,0.5,0,235418,402.1
tools,raw-memory,eog,email,6,6,3,task_20251204_144745_585_e5bf1251_4e4c189d,1.0,1,105973,27.8
tools,raw-memory,eog,email,6,6,3,task_20251211_194841_657_8ce75c22_43c6bc2f,1.0,1,342754,202.0
tools,raw-memory,eog,email,6,6,3,task_20260106_052248_226_1628b966_d8c22aed,0.666667,0,217128,166.1
tools,raw-memory,eog,email,6,6,3,task_20260108_143038_654_e5bf1251_b9e616b8,1.0,1,117994,95.4
tools,raw-memory,eog,email,6,6,3,task_20260109_170111_125_8ce75c22_1c7034c5,1.0,1,297896,291.0
tools,raw-memory,eog,hr,1,1,1,task_20251223_184833_888_a8eea1c0_87c53cb9,0.571429,0,64824,118.4
tools,raw-memory,eog,hr,1,1,1,task_20251223_194142_190_46ca2862_d9cae434,0.5,0,65483,164.0
tools,raw-memory,eog,hr,1,1,1,task_20251223_194912_450_46ca2862_0084047c,0.5,0,107509,263.0
tools,raw-memory,eog,hr,1,1,1,task_20251224_094258_495_c4ad7a70_42fbe372,1.0,1,85687,151.2
tools,raw-memory,eog,hr,1,1,1,task_20251224_133749_739_c4ad7a70_9df76270,1.0,1,86339,187.9
tools,raw-memory,eog,hr,1,1,1,task_20251226_094920_495_99ba2325_627386b2,0.5,0,62991,235.6
tools,raw-memory,eog,hr,1,1,1,task_20260112_141226_936_7aad91c1_61df8f2b,1.0,1,80808,142.8
tools,raw-memory,eog,hr,1,1,1,task_20260116_104653_444_99ba2325_320d5ca4,0.5,0,81774,234.3
tools,raw-memory,eog,hr,1,1,1,task_20260116_112336_208_c5cac200_da33db0a,0.833333,0,87888,149.1
tools,raw-memory,eog,hr,1,1,1,task_20260116_160908_725_46ca2862_923e672e,0.0,0,45444,159.5
tools,raw-memory,eog,hr,1,1,2,task_20251223_184833_888_a8eea1c0_87c53cb9,0.571429,0,71973,147.0
tools,raw-memory,eog,hr,1,1,2,task_20251223_194142_190_46ca2862_d9cae434,0.5,0,93630,256.4
tools,raw-memory,eog,hr,1,1,2,task_20251223_194912_450_46ca2862_0084047c,0.5,0,117230,299.2
tools,raw-memory,eog,hr,1,1,2,task_20251224_094258_495_c4ad7a70_42fbe372,1.0,1,89046,208.9
tools,raw-memory,eog,hr,1,1,2,task_20251224_133749_739_c4ad7a70_9df76270,1.0,1,86614,174.8
tools,raw-memory,eog,hr,1,1,2,task_20251226_094920_495_99ba2325_627386b2,0.5,0,80996,257.4
tools,raw-memory,eog,hr,1,1,2,task_20260112_141226_936_7aad91c1_61df8f2b,0.75,0,91758,172.0
tools,raw-memory,eog,hr,1,1,2,task_20260116_104653_444_99ba2325_320d5ca4,1.0,1,135300,393.2
tools,raw-memory,eog,hr,1,1,2,task_20260116_112336_208_c5cac200_da33db0a,1.0,1,126129,302.9
tools,raw-memory,eog,hr,1,1,2,task_20260116_160908_725_46ca2862_923e672e,0.0,0,34603,118.6
tools,raw-memory,eog,hr,1,1,3,task_20251223_184833_888_a8eea1c0_87c53cb9,0.571429,0,61093,103.5
tools,raw-memory,eog,hr,1,1,3,task_20251223_194142_190_46ca2862_d9cae434,0.5,0,94008,200.0
tools,raw-memory,eog,hr,1,1,3,task_20251223_194912_450_46ca2862_0084047c,0.5,0,106900,272.9
tools,raw-memory,eog,hr,1,1,3,task_20251224_094258_495_c4ad7a70_42fbe372,1.0,1,83877,159.1
tools,raw-memory,eog,hr,1,1,3,task_20251224_133749_739_c4ad7a70_9df76270,1.0,1,82705,111.5
tools,raw-memory,eog,hr,1,1,3,task_20251226_094920_495_99ba2325_627386b2,0.5,0,82726,247.3
tools,raw-memory,eog,hr,1,1,3,task_20260112_141226_936_7aad91c1_61df8f2b,1.0,1,91078,167.8
tools,raw-memory,eog,hr,1,1,3,task_20260116_104653_444_99ba2325_320d5ca4,1.0,1,89327,289.3
tools,raw-memory,eog,hr,1,1,3,task_20260116_112336_208_c5cac200_da33db0a,0.833333,0,114230,204.9
tools,raw-memory,eog,hr,1,1,3,task_20260116_160908_725_46ca2862_923e672e,0.0,0,44477,145.7
tools,raw-memory,eog,hr,2,1,1,task_20251223_184833_888_a8eea1c0_87c53cb9,0.571429,0,118830,148.3
tools,raw-memory,eog,hr,2,1,1,task_20251223_194142_190_46ca2862_d9cae434,0.5,0,126250,160.6
tools,raw-memory,eog,hr,2,1,1,task_20251223_194912_450_46ca2862_0084047c,0.5,0,112746,169.9
tools,raw-memory,eog,hr,2,1,1,task_20251224_094258_495_c4ad7a70_42fbe372,1.0,1,115816,112.0
tools,raw-memory,eog,hr,2,1,1,task_20251224_133749_739_c4ad7a70_9df76270,1.0,1,98882,122.2
tools,raw-memory,eog,hr,2,1,1,task_20251226_094920_495_99ba2325_627386b2,0.5,0,48717,105.3
tools,raw-memory,eog,hr,2,1,1,task_20260112_141226_936_7aad91c1_61df8f2b,1.0,1,121670,127.0
tools,raw-memory,eog,hr,2,1,1,task_20260116_104653_444_99ba2325_320d5ca4,1.0,1,110655,181.6
tools,raw-memory,eog,hr,2,1,1,task_20260116_112336_208_c5cac200_da33db0a,1.0,1,190974,231.8
tools,raw-memory,eog,hr,2,1,1,task_20260116_160908_725_46ca2862_923e672e,0.0,0,55795,108.7
tools,raw-memory,eog,hr,2,1,2,task_20251223_184833_888_a8eea1c0_87c53cb9,1.0,1,216566,208.9
tools,raw-memory,eog,hr,2,1,2,task_20251223_194142_190_46ca2862_d9cae434,0.5,0,83401,104.6
tools,raw-memory,eog,hr,2,1,2,task_20251223_194912_450_46ca2862_0084047c,0.5,0,114754,183.3
tools,raw-memory,eog,hr,2,1,2,task_20251224_094258_495_c4ad7a70_42fbe372,1.0,1,97660,107.4
tools,raw-memory,eog,hr,2,1,2,task_20251224_133749_739_c4ad7a70_9df76270,1.0,1,141286,194.4
tools,raw-memory,eog,hr,2,1,2,task_20251226_094920_495_99ba2325_627386b2,0.5,0,60287,99.7
tools,raw-memory,eog,hr,2,1,2,task_20260112_141226_936_7aad91c1_61df8f2b,1.0,1,121726,139.8
tools,raw-memory,eog,hr,2,1,2,task_20260116_104653_444_99ba2325_320d5ca4,1.0,1,140370,255.3
tools,raw-memory,eog,hr,2,1,2,task_20260116_112336_208_c5cac200_da33db0a,1.0,1,136090,180.9
tools,raw-memory,eog,hr,2,1,2,task_20260116_160908_725_46ca2862_923e672e,0.0,0,44881,104.8
tools,raw-memory,eog,hr,2,1,3,task_20251223_184833_888_a8eea1c0_87c53cb9,0.571429,0,87841,147.3
tools,raw-memory,eog,hr,2,1,3,task_20251223_194142_190_46ca2862_d9cae434,0.5,0,143427,252.7
tools,raw-memory,eog,hr,2,1,3,task_20251223_194912_450_46ca2862_0084047c,0.5,0,123369,176.0
tools,raw-memory,eog,hr,2,1,3,task_20251224_094258_495_c4ad7a70_42fbe372,1.0,1,113021,167.3
tools,raw-memory,eog,hr,2,1,3,task_20251224_133749_739_c4ad7a70_9df76270,1.0,1,112042,106.5
tools,raw-memory,eog,hr,2,1,3,task_20251226_094920_495_99ba2325_627386b2,1.0,1,136622,253.6
tools,raw-memory,eog,hr,2,1,3,task_20260112_141226_936_7aad91c1_61df8f2b,1.0,1,107594,148.6
tools,raw-memory,eog,hr,2,1,3,task_20260116_104653_444_99ba2325_320d5ca4,1.0,1,185153,288.0
tools,raw-memory,eog,hr,2,1,3,task_20260116_112336_208_c5cac200_da33db0a,0.833333,0,117102,159.7
tools,raw-memory,eog,hr,2,1,3,task_20260116_160908_725_46ca2862_923e672e,0.0,0,43170,118.6
tools,raw-memory,eog,hr,2,2,1,task_20251217_211723_514_87437950_3bbbb519,0.25,0,68755,120.0
tools,raw-memory,eog,hr,2,2,1,task_20251219_205632_335_cd46e60f_4db23138,0.25,0,219587,327.4
tools,raw-memory,eog,hr,2,2,1,task_20251224_030218_157_00364ece_79650819,0.5,0,79560,125.0
tools,raw-memory,eog,hr,2,2,1,task_20251224_195437_497_e6427839_6357fed2,0.0,0,70358,104.1
tools,raw-memory,eog,hr,2,2,1,task_20251226_090527_363_b25153b4_6caf1a47,0.6,0,89217,187.8
tools,raw-memory,eog,hr,2,2,1,task_20251226_135729_497_c4ad7a70_788f5baf,0.666667,0,54407,96.1
tools,raw-memory,eog,hr,2,2,1,task_20251226_153702_699_ad5a67e3_43cd2d47,0.333333,0,105165,244.3
tools,raw-memory,eog,hr,2,2,1,task_20260114_170216_532_accab84d_9dc7ddd5,0.666667,0,70661,87.7
tools,raw-memory,eog,hr,2,2,1,task_20260114_180423_838_00364ece_9f2ad35c,0.5,0,127209,222.1
tools,raw-memory,eog,hr,2,2,1,task_20260115_124602_090_accab84d_91ac1840,0.666667,0,213805,223.6
tools,raw-memory,eog,hr,2,2,1,task_20260115_151312_690_57529556_9fca8861,0.875,0,284200,390.3
tools,raw-memory,eog,hr,2,2,1,task_20260116_055513_891_99ba2325_849991b8,0.5,0,191504,386.1
tools,raw-memory,eog,hr,2,2,1,task_20260116_170758_750_d4a463c3_3885de59,0.666667,0,222708,321.7
tools,raw-memory,eog,hr,2,2,2,task_20251217_211723_514_87437950_3bbbb519,0.25,0,124242,125.3
tools,raw-memory,eog,hr,2,2,2,task_20251219_205632_335_cd46e60f_4db23138,0.0,0,60222,148.8
tools,raw-memory,eog,hr,2,2,2,task_20251224_030218_157_00364ece_79650819,0.0,0,65154,58.9
tools,raw-memory,eog,hr,2,2,2,task_20251224_195437_497_e6427839_6357fed2,0.0,0,85155,83.6
tools,raw-memory,eog,hr,2,2,2,task_20251226_090527_363_b25153b4_6caf1a47,0.8,0,118209,143.7
tools,raw-memory,eog,hr,2,2,2,task_20251226_135729_497_c4ad7a70_788f5baf,1.0,1,94225,83.6
tools,raw-memory,eog,hr,2,2,2,task_20251226_153702_699_ad5a67e3_43cd2d47,0.333333,0,90838,125.9
tools,raw-memory,eog,hr,2,2,2,task_20260114_170216_532_accab84d_9dc7ddd5,0.333333,0,79501,58.4
tools,raw-memory,eog,hr,2,2,2,task_20260114_180423_838_00364ece_9f2ad35c,0.75,0,125293,166.7
tools,raw-memory,eog,hr,2,2,2,task_20260115_124602_090_accab84d_91ac1840,0.0,0,29912,67.6
tools,raw-memory,eog,hr,2,2,2,task_20260115_151312_690_57529556_9fca8861,1.0,1,323393,493.7
tools,raw-memory,eog,hr,2,2,2,task_20260116_055513_891_99ba2325_849991b8,0.166667,0,31376,79.2
tools,raw-memory,eog,hr,2,2,2,task_20260116_170758_750_d4a463c3_3885de59,0.666667,0,207857,330.0
tools,raw-memory,eog,hr,2,2,3,task_20251217_211723_514_87437950_3bbbb519,0.25,0,103221,168.2
tools,raw-memory,eog,hr,2,2,3,task_20251219_205632_335_cd46e60f_4db23138,0.125,0,188175,273.8
tools,raw-memory,eog,hr,2,2,3,task_20251224_030218_157_00364ece_79650819,0.5,0,54394,75.8
tools,raw-memory,eog,hr,2,2,3,task_20251224_195437_497_e6427839_6357fed2,0.0,0,69674,83.2
tools,raw-memory,eog,hr,2,2,3,task_20251226_090527_363_b25153b4_6caf1a47,0.6,0,102361,168.5
tools,raw-memory,eog,hr,2,2,3,task_20251226_135729_497_c4ad7a70_788f5baf,0.333333,0,80969,110.9
tools,raw-memory,eog,hr,2,2,3,task_20251226_153702_699_ad5a67e3_43cd2d47,0.0,0,44426,99.7
tools,raw-memory,eog,hr,2,2,3,task_20260114_170216_532_accab84d_9dc7ddd5,0.333333,0,80851,90.5
tools,raw-memory,eog,hr,2,2,3,task_20260114_180423_838_00364ece_9f2ad35c,0.5,0,157439,238.3
tools,raw-memory,eog,hr,2,2,3,task_20260115_124602_090_accab84d_91ac1840,0.666667,0,253030,292.8
tools,raw-memory,eog,hr,2,2,3,task_20260115_151312_690_57529556_9fca8861,1.0,1,366400,425.8
tools,raw-memory,eog,hr,2,2,3,task_20260116_055513_891_99ba2325_849991b8,0.166667,0,46486,144.1
tools,raw-memory,eog,hr,2,2,3,task_20260116_170758_750_d4a463c3_3885de59,0.666667,0,240754,383.1
tools,raw-memory,eog,hr,3,1,1,task_20251223_184833_888_a8eea1c0_87c53cb9,0.428571,0,137196,136.6
tools,raw-memory,eog,hr,3,1,1,task_20251223_194142_190_46ca2862_d9cae434,0.5,0,111474,97.9
tools,raw-memory,eog,hr,3,1,1,task_20251223_194912_450_46ca2862_0084047c,0.5,0,201768,180.9
tools,raw-memory,eog,hr,3,1,1,task_20251224_094258_495_c4ad7a70_42fbe372,0.75,0,131884,121.4
tools,raw-memory,eog,hr,3,1,1,task_20251224_133749_739_c4ad7a70_9df76270,1.0,1,148254,108.3
tools,raw-memory,eog,hr,3,1,1,task_20251226_094920_495_99ba2325_627386b2,1.0,1,98964,103.0
tools,raw-memory,eog,hr,3,1,1,task_20260112_141226_936_7aad91c1_61df8f2b,1.0,1,155433,105.8
tools,raw-memory,eog,hr,3,1,1,task_20260116_104653_444_99ba2325_320d5ca4,0.5,0,117236,165.9
tools,raw-memory,eog,hr,3,1,1,task_20260116_112336_208_c5cac200_da33db0a,0.833333,0,191189,149.4
tools,raw-memory,eog,hr,3,1,1,task_20260116_160908_725_46ca2862_923e672e,0.0,0,38425,60.1
tools,raw-memory,eog,hr,3,1,2,task_20251223_184833_888_a8eea1c0_87c53cb9,0.428571,0,199716,117.8
tools,raw-memory,eog,hr,3,1,2,task_20251223_194142_190_46ca2862_d9cae434,0.5,0,167415,234.5
tools,raw-memory,eog,hr,3,1,2,task_20251223_194912_450_46ca2862_0084047c,0.5,0,151737,165.0
tools,raw-memory,eog,hr,3,1,2,task_20251224_094258_495_c4ad7a70_42fbe372,0.75,0,151040,158.2
tools,raw-memory,eog,hr,3,1,2,task_20251224_133749_739_c4ad7a70_9df76270,0.75,0,154892,190.7
tools,raw-memory,eog,hr,3,1,2,task_20251226_094920_495_99ba2325_627386b2,0.75,0,154309,213.8
tools,raw-memory,eog,hr,3,1,2,task_20260112_141226_936_7aad91c1_61df8f2b,1.0,1,157780,148.2
tools,raw-memory,eog,hr,3,1,2,task_20260116_104653_444_99ba2325_320d5ca4,1.0,1,205312,280.2
tools,raw-memory,eog,hr,3,1,2,task_20260116_112336_208_c5cac200_da33db0a,0.833333,0,151129,106.6
tools,raw-memory,eog,hr,3,1,2,task_20260116_160908_725_46ca2862_923e672e,0.0,0,74562,114.4
tools,raw-memory,eog,hr,3,1,3,task_20251223_184833_888_a8eea1c0_87c53cb9,0.714286,0,191327,218.8
tools,raw-memory,eog,hr,3,1,3,task_20251223_194142_190_46ca2862_d9cae434,1.0,1,167218,240.8
tools,raw-memory,eog,hr,3,1,3,task_20251223_194912_450_46ca2862_0084047c,0.5,0,145188,183.4
tools,raw-memory,eog,hr,3,1,3,task_20251224_094258_495_c4ad7a70_42fbe372,0.75,0,130303,162.7
tools,raw-memory,eog,hr,3,1,3,task_20251224_133749_739_c4ad7a70_9df76270,0.75,0,147638,149.1
tools,raw-memory,eog,hr,3,1,3,task_20251226_094920_495_99ba2325_627386b2,1.0,1,174765,267.4
tools,raw-memory,eog,hr,3,1,3,task_20260112_141226_936_7aad91c1_61df8f2b,1.0,1,154977,127.0
tools,raw-memory,eog,hr,3,1,3,task_20260116_104653_444_99ba2325_320d5ca4,1.0,1,191132,255.5
tools,raw-memory,eog,hr,3,1,3,task_20260116_112336_208_c5cac200_da33db0a,0.833333,0,194270,180.2
tools,raw-memory,eog,hr,3,1,3,task_20260116_160908_725_46ca2862_923e672e,0.0,0,74273,192.2
tools,raw-memory,eog,hr,3,2,1,task_20251217_211723_514_87437950_3bbbb519,0.25,0,143689,132.4
tools,raw-memory,eog,hr,3,2,1,task_20251219_205632_335_cd46e60f_4db23138,0.25,0,280677,275.5
tools,raw-memory,eog,hr,3,2,1,task_20251224_030218_157_00364ece_79650819,0.0,0,73108,76.4
tools,raw-memory,eog,hr,3,2,1,task_20251224_195437_497_e6427839_6357fed2,0.0,0,92576,76.2
tools,raw-memory,eog,hr,3,2,1,task_20251226_090527_363_b25153b4_6caf1a47,0.6,0,224682,168.3
tools,raw-memory,eog,hr,3,2,1,task_20251226_135729_497_c4ad7a70_788f5baf,0.333333,0,124232,92.6
tools,raw-memory,eog,hr,3,2,1,task_20251226_153702_699_ad5a67e3_43cd2d47,0.0,0,57017,84.5
tools,raw-memory,eog,hr,3,2,1,task_20260114_170216_532_accab84d_9dc7ddd5,0.666667,0,144564,86.9
tools,raw-memory,eog,hr,3,2,1,task_20260114_180423_838_00364ece_9f2ad35c,0.5,0,181852,169.3
tools,raw-memory,eog,hr,3,2,1,task_20260115_124602_090_accab84d_91ac1840,0.0,0,171879,171.1
tools,raw-memory,eog,hr,3,2,1,task_20260115_151312_690_57529556_9fca8861,0.0,0,246606,251.1
tools,raw-memory,eog,hr,3,2,1,task_20260116_055513_891_99ba2325_849991b8,0.333333,0,200312,259.4
tools,raw-memory,eog,hr,3,2,1,task_20260116_170758_750_d4a463c3_3885de59,0.555556,0,342654,289.4
tools,raw-memory,eog,hr,3,2,2,task_20251217_211723_514_87437950_3bbbb519,0.25,0,187566,195.6
tools,raw-memory,eog,hr,3,2,2,task_20251219_205632_335_cd46e60f_4db23138,0.25,0,240467,226.3
tools,raw-memory,eog,hr,3,2,2,task_20251224_030218_157_00364ece_79650819,0.5,0,128549,126.3
tools,raw-memory,eog,hr,3,2,2,task_20251224_195437_497_e6427839_6357fed2,0.0,0,111989,93.1
tools,raw-memory,eog,hr,3,2,2,task_20251226_090527_363_b25153b4_6caf1a47,0.6,0,204412,174.8
tools,raw-memory,eog,hr,3,2,2,task_20251226_135729_497_c4ad7a70_788f5baf,0.333333,0,90120,113.8
tools,raw-memory,eog,hr,3,2,2,task_20251226_153702_699_ad5a67e3_43cd2d47,0.333333,0,114936,144.2
tools,raw-memory,eog,hr,3,2,2,task_20260114_170216_532_accab84d_9dc7ddd5,0.333333,0,75358,108.4
tools,raw-memory,eog,hr,3,2,2,task_20260114_180423_838_00364ece_9f2ad35c,0.75,0,200695,297.9
tools,raw-memory,eog,hr,3,2,2,task_20260115_124602_090_accab84d_91ac1840,0.666667,0,254596,217.3
tools,raw-memory,eog,hr,3,2,2,task_20260115_151312_690_57529556_9fca8861,1.0,1,400577,426.2
tools,raw-memory,eog,hr,3,2,2,task_20260116_055513_891_99ba2325_849991b8,0.333333,0,156605,250.2
tools,raw-memory,eog,hr,3,2,2,task_20260116_170758_750_d4a463c3_3885de59,0.777778,0,338336,329.2
tools,raw-memory,eog,hr,3,2,3,task_20251217_211723_514_87437950_3bbbb519,0.25,0,136301,121.6
tools,raw-memory,eog,hr,3,2,3,task_20251219_205632_335_cd46e60f_4db23138,0.25,0,258577,197.1
tools,raw-memory,eog,hr,3,2,3,task_20251224_030218_157_00364ece_79650819,0.0,0,106187,68.9
tools,raw-memory,eog,hr,3,2,3,task_20251224_195437_497_e6427839_6357fed2,0.0,0,91751,61.0
tools,raw-memory,eog,hr,3,2,3,task_20251226_090527_363_b25153b4_6caf1a47,0.6,0,114670,121.4
tools,raw-memory,eog,hr,3,2,3,task_20251226_135729_497_c4ad7a70_788f5baf,0.333333,0,163701,129.9
tools,raw-memory,eog,hr,3,2,3,task_20251226_153702_699_ad5a67e3_43cd2d47,0.333333,0,133537,105.3
tools,raw-memory,eog,hr,3,2,3,task_20260114_170216_532_accab84d_9dc7ddd5,1.0,1,113489,91.5
tools,raw-memory,eog,hr,3,2,3,task_20260114_180423_838_00364ece_9f2ad35c,0.5,0,201051,219.4
tools,raw-memory,eog,hr,3,2,3,task_20260115_124602_090_accab84d_91ac1840,0.0,0,112459,94.9
tools,raw-memory,eog,hr,3,2,3,task_20260115_151312_690_57529556_9fca8861,0.875,0,622341,441.1
tools,raw-memory,eog,hr,3,2,3,task_20260116_055513_891_99ba2325_849991b8,0.5,0,202934,225.8
tools,raw-memory,eog,hr,3,2,3,task_20260116_170758_750_d4a463c3_3885de59,0.777778,0,211889,206.8
tools,raw-memory,eog,hr,3,3,1,task_20251217_073807_153_761f6b82_cba63024,0.142857,0,181131,244.3
tools,raw-memory,eog,hr,3,3,1,task_20251218_234518_453_d9bcd1e5_72c94403,1.0,1,228212,279.7
tools,raw-memory,eog,hr,3,3,1,task_20251219_114935_971_a8eea1c0_188fc892,1.0,1,88466,45.4
tools,raw-memory,eog,hr,3,3,1,task_20251219_155215_361_00364ece_c1c6ffc8,0.0,0,88367,55.4
tools,raw-memory,eog,hr,3,3,1,task_20251225_124750_039_7e2e0039_de8a9d94,1.0,1,94284,90.7
tools,raw-memory,eog,hr,3,3,1,task_20251226_041218_355_d9bcd1e5_bc84c9d5,0.777778,0,196278,206.2
tools,raw-memory,eog,hr,3,3,1,task_20251226_101143_297_99ba2325_75b99d9a,0.75,0,192769,185.6
tools,raw-memory,eog,hr,3,3,1,task_20251226_102334_184_b25153b4_08c0849c,0.8,0,128996,75.0
tools,raw-memory,eog,hr,3,3,1,task_20251226_104747_127_30600918_559da326,0.25,0,269026,245.3
tools,raw-memory,eog,hr,3,3,1,task_20251226_132052_338_e6427839_727d852c,0.0,0,39517,104.2
tools,raw-memory,eog,hr,3,3,1,task_20251226_173040_372_95fd9f79_c7e85ec1,0.833333,0,129113,205.3
tools,raw-memory,eog,hr,3,3,1,task_20260109_172559_279_e6427839_f711406f,0.833333,0,331231,376.0
tools,raw-memory,eog,hr,3,3,1,task_20260109_202436_533_a8eea1c0_755eabdd,0.888889,0,313848,176.8
tools,raw-memory,eog,hr,3,3,1,task_20260113_032200_394_ad5a67e3_5e3873b8,0.875,0,248615,216.6
tools,raw-memory,eog,hr,3,3,1,task_20260114_091008_897_accab84d_786931e4,0.75,0,156834,136.3
tools,raw-memory,eog,hr,3,3,1,task_20260115_130330_068_00364ece_cf2e9cf1,0.714286,0,429815,330.7
tools,raw-memory,eog,hr,3,3,1,task_20260115_130852_498_a8eea1c0_e9192d7e,1.0,1,229416,282.4
tools,raw-memory,eog,hr,3,3,1,task_20260115_190725_477_a8eea1c0_eba3a1c5,0.833333,0,187508,207.2
tools,raw-memory,eog,hr,3,3,1,task_20260116_084548_120_fa1836dc_679067bc,0.5,0,567594,601.2
tools,raw-memory,eog,hr,3,3,1,task_20260116_085958_358_a8eea1c0_6d7f242a,1.0,1,266578,208.1
tools,raw-memory,eog,hr,3,3,1,task_20260116_105748_962_99ba2325_dcc658fa,0.75,0,166389,235.6
tools,raw-memory,eog,hr,3,3,1,task_20260116_122712_166_d4a463c3_196fe24f,1.0,1,164599,81.8
tools,raw-memory,eog,hr,3,3,1,task_20260116_143750_504_a8eea1c0_7d91efa1,1.0,1,181685,141.4
tools,raw-memory,eog,hr,3,3,1,task_20260116_150213_342_a8eea1c0_6d6fe792,0.5,0,153926,89.2
tools,raw-memory,eog,hr,3,3,1,task_20260119_022056_842_ad5a67e3_964df197,0.833333,0,202943,254.2
tools,raw-memory,eog,hr,3,3,2,task_20251217_073807_153_761f6b82_cba63024,0.0,0,103021,232.1
tools,raw-memory,eog,hr,3,3,2,task_20251218_234518_453_d9bcd1e5_72c94403,1.0,1,153330,129.0
tools,raw-memory,eog,hr,3,3,2,task_20251219_114935_971_a8eea1c0_188fc892,0.5,0,124936,119.3
tools,raw-memory,eog,hr,3,3,2,task_20251219_155215_361_00364ece_c1c6ffc8,0.0,0,106613,87.6
tools,raw-memory,eog,hr,3,3,2,task_20251225_124750_039_7e2e0039_de8a9d94,1.0,1,127839,74.0
tools,raw-memory,eog,hr,3,3,2,task_20251226_041218_355_d9bcd1e5_bc84c9d5,0.777778,0,156275,144.8
tools,raw-memory,eog,hr,3,3,2,task_20251226_101143_297_99ba2325_75b99d9a,1.0,1,213220,175.8
tools,raw-memory,eog,hr,3,3,2,task_20251226_102334_184_b25153b4_08c0849c,0.8,0,225868,156.2
tools,raw-memory,eog,hr,3,3,2,task_20251226_104747_127_30600918_559da326,0.5,0,201646,195.5
tools,raw-memory,eog,hr,3,3,2,task_20251226_132052_338_e6427839_727d852c,0.0,0,94590,124.0
tools,raw-memory,eog,hr,3,3,2,task_20251226_173040_372_95fd9f79_c7e85ec1,1.0,1,231122,274.2
tools,raw-memory,eog,hr,3,3,2,task_20260109_172559_279_e6427839_f711406f,0.833333,0,357487,253.3
tools,raw-memory,eog,hr,3,3,2,task_20260109_202436_533_a8eea1c0_755eabdd,0.888889,0,251416,239.1
tools,raw-memory,eog,hr,3,3,2,task_20260113_032200_394_ad5a67e3_5e3873b8,0.875,0,229997,142.7
tools,raw-memory,eog,hr,3,3,2,task_20260114_091008_897_accab84d_786931e4,0.25,0,82537,145.9
tools,raw-memory,eog,hr,3,3,2,task_20260115_130330_068_00364ece_cf2e9cf1,0.142857,0,152638,166.7
tools,raw-memory,eog,hr,3,3,2,task_20260115_130852_498_a8eea1c0_e9192d7e,0.5,0,161047,196.9
tools,raw-memory,eog,hr,3,3,2,task_20260115_190725_477_a8eea1c0_eba3a1c5,0.833333,0,189135,236.1
tools,raw-memory,eog,hr,3,3,2,task_20260116_084548_120_fa1836dc_679067bc,0.5,0,359378,457.8
tools,raw-memory,eog,hr,3,3,2,task_20260116_085958_358_a8eea1c0_6d7f242a,1.0,1,203979,189.3
tools,raw-memory,eog,hr,3,3,2,task_20260116_105748_962_99ba2325_dcc658fa,1.0,1,216858,236.4
tools,raw-memory,eog,hr,3,3,2,task_20260116_122712_166_d4a463c3_196fe24f,0.2,0,36956,62.1
tools,raw-memory,eog,hr,3,3,2,task_20260116_143750_504_a8eea1c0_7d91efa1,1.0,1,233019,125.5
tools,raw-memory,eog,hr,3,3,2,task_20260116_150213_342_a8eea1c0_6d6fe792,0.5,0,153267,76.2
tools,raw-memory,eog,hr,3,3,2,task_20260119_022056_842_ad5a67e3_964df197,0.833333,0,247526,209.2
tools,raw-memory,eog,hr,3,3,3,task_20251217_073807_153_761f6b82_cba63024,0.571429,0,346157,447.6
tools,raw-memory,eog,hr,3,3,3,task_20251218_234518_453_d9bcd1e5_72c94403,1.0,1,166488,111.0
tools,raw-memory,eog,hr,3,3,3,task_20251219_114935_971_a8eea1c0_188fc892,1.0,1,108728,104.4
tools,raw-memory,eog,hr,3,3,3,task_20251219_155215_361_00364ece_c1c6ffc8,0.0,0,106280,70.1
tools,raw-memory,eog,hr,3,3,3,task_20251225_124750_039_7e2e0039_de8a9d94,1.0,1,92482,79.8
tools,raw-memory,eog,hr,3,3,3,task_20251226_041218_355_d9bcd1e5_bc84c9d5,0.777778,0,180566,281.5
tools,raw-memory,eog,hr,3,3,3,task_20251226_101143_297_99ba2325_75b99d9a,0.75,0,193267,209.2
tools,raw-memory,eog,hr,3,3,3,task_20251226_102334_184_b25153b4_08c0849c,0.8,0,112128,83.3
tools,raw-memory,eog,hr,3,3,3,task_20251226_104747_127_30600918_559da326,0.5,0,155751,143.2
tools,raw-memory,eog,hr,3,3,3,task_20251226_132052_338_e6427839_727d852c,0.0,0,38864,64.4
tools,raw-memory,eog,hr,3,3,3,task_20251226_173040_372_95fd9f79_c7e85ec1,1.0,1,188720,203.7
tools,raw-memory,eog,hr,3,3,3,task_20260109_172559_279_e6427839_f711406f,0.833333,0,162919,293.3
tools,raw-memory,eog,hr,3,3,3,task_20260109_202436_533_a8eea1c0_755eabdd,0.666667,0,272187,228.6
tools,raw-memory,eog,hr,3,3,3,task_20260113_032200_394_ad5a67e3_5e3873b8,0.875,0,262961,170.0
tools,raw-memory,eog,hr,3,3,3,task_20260114_091008_897_accab84d_786931e4,0.25,0,80744,123.9
tools,raw-memory,eog,hr,3,3,3,task_20260115_130330_068_00364ece_cf2e9cf1,0.285714,0,152443,163.2
tools,raw-memory,eog,hr,3,3,3,task_20260115_130852_498_a8eea1c0_e9192d7e,0.333333,0,123931,171.5
tools,raw-memory,eog,hr,3,3,3,task_20260115_190725_477_a8eea1c0_eba3a1c5,0.833333,0,171119,238.7
tools,raw-memory,eog,hr,3,3,3,task_20260116_084548_120_fa1836dc_679067bc,0.5,0,233929,490.1
tools,raw-memory,eog,hr,3,3,3,task_20260116_085958_358_a8eea1c0_6d7f242a,1.0,1,192347,209.9
tools,raw-memory,eog,hr,3,3,3,task_20260116_105748_962_99ba2325_dcc658fa,0.75,0,163148,281.8
tools,raw-memory,eog,hr,3,3,3,task_20260116_122712_166_d4a463c3_196fe24f,1.0,1,194722,153.4
tools,raw-memory,eog,hr,3,3,3,task_20260116_143750_504_a8eea1c0_7d91efa1,1.0,1,222161,114.4
tools,raw-memory,eog,hr,3,3,3,task_20260116_150213_342_a8eea1c0_6d6fe792,0.666667,0,172223,98.2
tools,raw-memory,eog,hr,3,3,3,task_20260119_022056_842_ad5a67e3_964df197,0.833333,0,202512,252.3
tools,raw-memory,eog,hr,4,1,1,task_20251223_184833_888_a8eea1c0_87c53cb9,0.428571,0,134308,102.2
tools,raw-memory,eog,hr,4,1,1,task_20251223_194142_190_46ca2862_d9cae434,0.5,0,179336,149.4
tools,raw-memory,eog,hr,4,1,1,task_20251223_194912_450_46ca2862_0084047c,0.5,0,207901,187.5
tools,raw-memory,eog,hr,4,1,1,task_20251224_094258_495_c4ad7a70_42fbe372,1.0,1,201817,150.9
tools,raw-memory,eog,hr,4,1,1,task_20251224_133749_739_c4ad7a70_9df76270,1.0,1,183421,137.5
tools,raw-memory,eog,hr,4,1,1,task_20251226_094920_495_99ba2325_627386b2,1.0,1,143388,145.8
tools,raw-memory,eog,hr,4,1,1,task_20260112_141226_936_7aad91c1_61df8f2b,0.75,0,191407,146.7
tools,raw-memory,eog,hr,4,1,1,task_20260116_104653_444_99ba2325_320d5ca4,1.0,1,222144,230.7
tools,raw-memory,eog,hr,4,1,1,task_20260116_112336_208_c5cac200_da33db0a,1.0,1,186160,121.7
tools,raw-memory,eog,hr,4,1,1,task_20260116_160908_725_46ca2862_923e672e,0.0,0,91268,124.0
tools,raw-memory,eog,hr,4,1,2,task_20251223_184833_888_a8eea1c0_87c53cb9,0.571429,0,140347,198.9
tools,raw-memory,eog,hr,4,1,2,task_20251223_194142_190_46ca2862_d9cae434,0.5,0,180486,229.0
tools,raw-memory,eog,hr,4,1,2,task_20251223_194912_450_46ca2862_0084047c,0.5,0,227422,289.6
tools,raw-memory,eog,hr,4,1,2,task_20251224_094258_495_c4ad7a70_42fbe372,0.75,0,204187,185.4
tools,raw-memory,eog,hr,4,1,2,task_20251224_133749_739_c4ad7a70_9df76270,1.0,1,206785,199.4
tools,raw-memory,eog,hr,4,1,2,task_20251226_094920_495_99ba2325_627386b2,1.0,1,207672,213.9
tools,raw-memory,eog,hr,4,1,2,task_20260112_141226_936_7aad91c1_61df8f2b,1.0,1,212158,195.1
tools,raw-memory,eog,hr,4,1,2,task_20260116_104653_444_99ba2325_320d5ca4,1.0,1,236109,250.4
tools,raw-memory,eog,hr,4,1,2,task_20260116_112336_208_c5cac200_da33db0a,0.833333,0,215298,245.5
tools,raw-memory,eog,hr,4,1,2,task_20260116_160908_725_46ca2862_923e672e,0.0,0,67551,124.7
tools,raw-memory,eog,hr,4,1,3,task_20251223_184833_888_a8eea1c0_87c53cb9,0.571429,0,113796,116.4
tools,raw-memory,eog,hr,4,1,3,task_20251223_194142_190_46ca2862_d9cae434,1.0,1,135112,133.8
tools,raw-memory,eog,hr,4,1,3,task_20251223_194912_450_46ca2862_0084047c,1.0,1,181201,179.4
tools,raw-memory,eog,hr,4,1,3,task_20251224_094258_495_c4ad7a70_42fbe372,1.0,1,272162,194.1
tools,raw-memory,eog,hr,4,1,3,task_20251224_133749_739_c4ad7a70_9df76270,1.0,1,185329,186.5
tools,raw-memory,eog,hr,4,1,3,task_20251226_094920_495_99ba2325_627386b2,0.5,0,164159,199.7
tools,raw-memory,eog,hr,4,1,3,task_20260112_141226_936_7aad91c1_61df8f2b,0.75,0,214586,194.3
tools,raw-memory,eog,hr,4,1,3,task_20260116_104653_444_99ba2325_320d5ca4,1.0,1,192928,181.8
tools,raw-memory,eog,hr,4,1,3,task_20260116_112336_208_c5cac200_da33db0a,1.0,1,210153,178.5
tools,raw-memory,eog,hr,4,1,3,task_20260116_160908_725_46ca2862_923e672e,0.0,0,69489,112.2
tools,raw-memory,eog,hr,4,2,1,task_20251217_211723_514_87437950_3bbbb519,0.25,0,166086,168.5
tools,raw-memory,eog,hr,4,2,1,task_20251219_205632_335_cd46e60f_4db23138,0.25,0,292038,297.0
tools,raw-memory,eog,hr,4,2,1,task_20251224_030218_157_00364ece_79650819,1.0,1,110033,72.8
tools,raw-memory,eog,hr,4,2,1,task_20251224_195437_497_e6427839_6357fed2,0.0,0,114516,110.8
tools,raw-memory,eog,hr,4,2,1,task_20251226_090527_363_b25153b4_6caf1a47,0.6,0,117198,126.2
tools,raw-memory,eog,hr,4,2,1,task_20251226_135729_497_c4ad7a70_788f5baf,1.0,1,155295,104.1
tools,raw-memory,eog,hr,4,2,1,task_20251226_153702_699_ad5a67e3_43cd2d47,0.333333,0,139154,139.4
tools,raw-memory,eog,hr,4,2,1,task_20260114_170216_532_accab84d_9dc7ddd5,1.0,1,176136,71.6
tools,raw-memory,eog,hr,4,2,1,task_20260114_180423_838_00364ece_9f2ad35c,0.75,0,223734,310.1
tools,raw-memory,eog,hr,4,2,1,task_20260115_124602_090_accab84d_91ac1840,0.0,0,100918,139.3
tools,raw-memory,eog,hr,4,2,1,task_20260115_151312_690_57529556_9fca8861,0.0,0,251937,175.0
tools,raw-memory,eog,hr,4,2,1,task_20260116_055513_891_99ba2325_849991b8,0.166667,0,24580,79.7
tools,raw-memory,eog,hr,4,2,1,task_20260116_170758_750_d4a463c3_3885de59,0.777778,0,352443,432.8
tools,raw-memory,eog,hr,4,2,2,task_20251217_211723_514_87437950_3bbbb519,0.25,0,160246,145.5
tools,raw-memory,eog,hr,4,2,2,task_20251219_205632_335_cd46e60f_4db23138,0.0,0,47292,65.6
tools,raw-memory,eog,hr,4,2,2,task_20251224_030218_157_00364ece_79650819,1.0,1,136923,126.7
tools,raw-memory,eog,hr,4,2,2,task_20251224_195437_497_e6427839_6357fed2,0.0,0,135509,64.5
tools,raw-memory,eog,hr,4,2,2,task_20251226_090527_363_b25153b4_6caf1a47,0.6,0,272477,197.6
tools,raw-memory,eog,hr,4,2,2,task_20251226_135729_497_c4ad7a70_788f5baf,0.666667,0,155980,109.9
tools,raw-memory,eog,hr,4,2,2,task_20251226_153702_699_ad5a67e3_43cd2d47,0.333333,0,118468,143.2
tools,raw-memory,eog,hr,4,2,2,task_20260114_170216_532_accab84d_9dc7ddd5,1.0,1,177598,82.2
tools,raw-memory,eog,hr,4,2,2,task_20260114_180423_838_00364ece_9f2ad35c,0.75,0,242826,253.7
tools,raw-memory,eog,hr,4,2,2,task_20260115_124602_090_accab84d_91ac1840,0.833333,0,382576,175.5
tools,raw-memory,eog,hr,4,2,2,task_20260115_151312_690_57529556_9fca8861,0.875,0,490321,354.7
tools,raw-memory,eog,hr,4,2,2,task_20260116_055513_891_99ba2325_849991b8,0.5,0,218639,241.2
tools,raw-memory,eog,hr,4,2,2,task_20260116_170758_750_d4a463c3_3885de59,0.777778,0,348268,394.8
tools,raw-memory,eog,hr,4,2,3,task_20251217_211723_514_87437950_3bbbb519,0.25,0,154259,133.7
tools,raw-memory,eog,hr,4,2,3,task_20251219_205632_335_cd46e60f_4db23138,0.0,0,22888,33.8
tools,raw-memory,eog,hr,4,2,3,task_20251224_030218_157_00364ece_79650819,1.0,1,133883,89.3
tools,raw-memory,eog,hr,4,2,3,task_20251224_195437_497_e6427839_6357fed2,0.0,0,159777,93.4
tools,raw-memory,eog,hr,4,2,3,task_20251226_090527_363_b25153b4_6caf1a47,0.6,0,168416,201.3
tools,raw-memory,eog,hr,4,2,3,task_20251226_135729_497_c4ad7a70_788f5baf,0.666667,0,176571,108.1
tools,raw-memory,eog,hr,4,2,3,task_20251226_153702_699_ad5a67e3_43cd2d47,0.333333,0,163900,141.5
tools,raw-memory,eog,hr,4,2,3,task_20260114_170216_532_accab84d_9dc7ddd5,0.333333,0,131923,70.3
tools,raw-memory,eog,hr,4,2,3,task_20260114_180423_838_00364ece_9f2ad35c,0.75,0,195338,205.3
tools,raw-memory,eog,hr,4,2,3,task_20260115_124602_090_accab84d_91ac1840,0.0,0,100566,111.0
tools,raw-memory,eog,hr,4,2,3,task_20260115_151312_690_57529556_9fca8861,0.0,0,174334,169.2
tools,raw-memory,eog,hr,4,2,3,task_20260116_055513_891_99ba2325_849991b8,0.333333,0,216604,229.3
tools,raw-memory,eog,hr,4,2,3,task_20260116_170758_750_d4a463c3_3885de59,0.444444,0,365220,301.2
tools,raw-memory,eog,hr,4,3,1,task_20251217_073807_153_761f6b82_cba63024,0.571429,0,490501,366.8
tools,raw-memory,eog,hr,4,3,1,task_20251218_234518_453_d9bcd1e5_72c94403,0.666667,0,230981,209.8
tools,raw-memory,eog,hr,4,3,1,task_20251219_114935_971_a8eea1c0_188fc892,1.0,1,133534,105.5
tools,raw-memory,eog,hr,4,3,1,task_20251219_155215_361_00364ece_c1c6ffc8,0.0,0,154772,130.3
tools,raw-memory,eog,hr,4,3,1,task_20251225_124750_039_7e2e0039_de8a9d94,1.0,1,135101,125.4
tools,raw-memory,eog,hr,4,3,1,task_20251226_041218_355_d9bcd1e5_bc84c9d5,0.777778,0,184668,123.4
tools,raw-memory,eog,hr,4,3,1,task_20251226_101143_297_99ba2325_75b99d9a,0.75,0,236874,291.5
tools,raw-memory,eog,hr,4,3,1,task_20251226_102334_184_b25153b4_08c0849c,0.8,0,166578,131.7
tools,raw-memory,eog,hr,4,3,1,task_20251226_104747_127_30600918_559da326,0.5,0,195066,224.7
tools,raw-memory,eog,hr,4,3,1,task_20251226_132052_338_e6427839_727d852c,0.0,0,71548,106.9
tools,raw-memory,eog,hr,4,3,1,task_20251226_173040_372_95fd9f79_c7e85ec1,1.0,1,359883,381.7
tools,raw-memory,eog,hr,4,3,1,task_20260109_172559_279_e6427839_f711406f,0.5,0,188244,189.1
tools,raw-memory,eog,hr,4,3,1,task_20260109_202436_533_a8eea1c0_755eabdd,0.888889,0,380364,293.8
tools,raw-memory,eog,hr,4,3,1,task_20260113_032200_394_ad5a67e3_5e3873b8,0.875,0,374268,250.5
tools,raw-memory,eog,hr,4,3,1,task_20260114_091008_897_accab84d_786931e4,0.75,0,263566,300.1
tools,raw-memory,eog,hr,4,3,1,task_20260115_130330_068_00364ece_cf2e9cf1,0.285714,0,285691,295.6
tools,raw-memory,eog,hr,4,3,1,task_20260115_130852_498_a8eea1c0_e9192d7e,0.5,0,221700,288.6
tools,raw-memory,eog,hr,4,3,1,task_20260115_190725_477_a8eea1c0_eba3a1c5,0.833333,0,230398,281.0
tools,raw-memory,eog,hr,4,3,1,task_20260116_084548_120_fa1836dc_679067bc,0.5,0,262506,363.9
tools,raw-memory,eog,hr,4,3,1,task_20260116_085958_358_a8eea1c0_6d7f242a,1.0,1,291366,292.4
tools,raw-memory,eog,hr,4,3,1,task_20260116_105748_962_99ba2325_dcc658fa,1.0,1,168904,272.0
tools,raw-memory,eog,hr,4,3,1,task_20260116_122712_166_d4a463c3_196fe24f,1.0,1,323799,309.9
tools,raw-memory,eog,hr,4,3,1,task_20260116_143750_504_a8eea1c0_7d91efa1,0.6,0,136850,171.7
tools,raw-memory,eog,hr,4,3,1,task_20260116_150213_342_a8eea1c0_6d6fe792,0.5,0,191085,110.8
tools,raw-memory,eog,hr,4,3,1,task_20260119_022056_842_ad5a67e3_964df197,0.833333,0,306017,270.2
tools,raw-memory,eog,hr,4,3,2,task_20251217_073807_153_761f6b82_cba63024,0.0,0,24197,53.2
tools,raw-memory,eog,hr,4,3,2,task_20251218_234518_453_d9bcd1e5_72c94403,0.666667,0,364287,206.8
tools,raw-memory,eog,hr,4,3,2,task_20251219_114935_971_a8eea1c0_188fc892,0.5,0,113573,166.5
tools,raw-memory,eog,hr,4,3,2,task_20251219_155215_361_00364ece_c1c6ffc8,0.0,0,129959,56.9
tools,raw-memory,eog,hr,4,3,2,task_20251225_124750_039_7e2e0039_de8a9d94,1.0,1,115116,95.3
tools,raw-memory,eog,hr,4,3,2,task_20251226_041218_355_d9bcd1e5_bc84c9d5,0.777778,0,352710,240.4
tools,raw-memory,eog,hr,4,3,2,task_20251226_101143_297_99ba2325_75b99d9a,0.75,0,168762,180.2
tools,raw-memory,eog,hr,4,3,2,task_20251226_102334_184_b25153b4_08c0849c,0.8,0,231942,202.0
tools,raw-memory,eog,hr,4,3,2,task_20251226_104747_127_30600918_559da326,0.25,0,249302,225.7
tools,raw-memory,eog,hr,4,3,2,task_20251226_132052_338_e6427839_727d852c,0.0,0,45802,49.0
tools,raw-memory,eog,hr,4,3,2,task_20251226_173040_372_95fd9f79_c7e85ec1,1.0,1,334344,229.5
tools,raw-memory,eog,hr,4,3,2,task_20260109_172559_279_e6427839_f711406f,0.5,0,236126,220.0
tools,raw-memory,eog,hr,4,3,2,task_20260109_202436_533_a8eea1c0_755eabdd,0.666667,0,381237,361.8
tools,raw-memory,eog,hr,4,3,2,task_20260113_032200_394_ad5a67e3_5e3873b8,0.875,0,302181,225.8
tools,raw-memory,eog,hr,4,3,2,task_20260114_091008_897_accab84d_786931e4,0.75,0,229010,391.1
tools,raw-memory,eog,hr,4,3,2,task_20260115_130330_068_00364ece_cf2e9cf1,0.142857,0,119091,140.1
tools,raw-memory,eog,hr,4,3,2,task_20260115_130852_498_a8eea1c0_e9192d7e,0.5,0,322543,349.9
tools,raw-memory,eog,hr,4,3,2,task_20260115_190725_477_a8eea1c0_eba3a1c5,0.833333,0,466932,432.2
tools,raw-memory,eog,hr,4,3,2,task_20260116_084548_120_fa1836dc_679067bc,0.5,0,477503,732.5
tools,raw-memory,eog,hr,4,3,2,task_20260116_085958_358_a8eea1c0_6d7f242a,1.0,1,248672,258.8
tools,raw-memory,eog,hr,4,3,2,task_20260116_105748_962_99ba2325_dcc658fa,1.0,1,216359,299.2
tools,raw-memory,eog,hr,4,3,2,task_20260116_122712_166_d4a463c3_196fe24f,1.0,1,200415,68.7
tools,raw-memory,eog,hr,4,3,2,task_20260116_143750_504_a8eea1c0_7d91efa1,1.0,1,227402,151.2
tools,raw-memory,eog,hr,4,3,2,task_20260116_150213_342_a8eea1c0_6d6fe792,0.5,0,153181,101.9
tools,raw-memory,eog,hr,4,3,2,task_20260119_022056_842_ad5a67e3_964df197,0.833333,0,240230,256.1
tools,raw-memory,eog,hr,4,3,3,task_20251217_073807_153_761f6b82_cba63024,0.0,0,47710,87.7
tools,raw-memory,eog,hr,4,3,3,task_20251218_234518_453_d9bcd1e5_72c94403,0.666667,0,187396,129.2
tools,raw-memory,eog,hr,4,3,3,task_20251219_114935_971_a8eea1c0_188fc892,1.0,1,113203,65.9
tools,raw-memory,eog,hr,4,3,3,task_20251219_155215_361_00364ece_c1c6ffc8,0.0,0,131712,103.1
tools,raw-memory,eog,hr,4,3,3,task_20251225_124750_039_7e2e0039_de8a9d94,1.0,1,136999,91.5
tools,raw-memory,eog,hr,4,3,3,task_20251226_041218_355_d9bcd1e5_bc84c9d5,0.777778,0,169727,193.6
tools,raw-memory,eog,hr,4,3,3,task_20251226_101143_297_99ba2325_75b99d9a,0.75,0,192479,239.2
tools,raw-memory,eog,hr,4,3,3,task_20251226_102334_184_b25153b4_08c0849c,0.8,0,159645,114.5
tools,raw-memory,eog,hr,4,3,3,task_20251226_104747_127_30600918_559da326,0.5,0,328568,367.8
tools,raw-memory,eog,hr,4,3,3,task_20251226_132052_338_e6427839_727d852c,0.0,0,94701,114.7
tools,raw-memory,eog,hr,4,3,3,task_20251226_173040_372_95fd9f79_c7e85ec1,0.833333,0,188987,212.7
tools,raw-memory,eog,hr,4,3,3,task_20260109_172559_279_e6427839_f711406f,0.833333,0,268171,218.3
tools,raw-memory,eog,hr,4,3,3,task_20260109_202436_533_a8eea1c0_755eabdd,0.555556,0,481615,326.7
tools,raw-memory,eog,hr,4,3,3,task_20260113_032200_394_ad5a67e3_5e3873b8,0.875,0,417731,234.0
tools,raw-memory,eog,hr,4,3,3,task_20260114_091008_897_accab84d_786931e4,0.75,0,283163,318.3
tools,raw-memory,eog,hr,4,3,3,task_20260115_130330_068_00364ece_cf2e9cf1,0.285714,0,191503,166.6
tools,raw-memory,eog,hr,4,3,3,task_20260115_130852_498_a8eea1c0_e9192d7e,0.5,0,198660,253.4
tools,raw-memory,eog,hr,4,3,3,task_20260115_190725_477_a8eea1c0_eba3a1c5,0.833333,0,253715,306.2
tools,raw-memory,eog,hr,4,3,3,task_20260116_084548_120_fa1836dc_679067bc,0.5,0,262802,313.3
tools,raw-memory,eog,hr,4,3,3,task_20260116_085958_358_a8eea1c0_6d7f242a,1.0,1,265392,157.4
tools,raw-memory,eog,hr,4,3,3,task_20260116_105748_962_99ba2325_dcc658fa,1.0,1,215979,293.3
tools,raw-memory,eog,hr,4,3,3,task_20260116_122712_166_d4a463c3_196fe24f,0.2,0,49071,123.8
tools,raw-memory,eog,hr,4,3,3,task_20260116_143750_504_a8eea1c0_7d91efa1,1.0,1,204698,159.5
tools,raw-memory,eog,hr,4,3,3,task_20260116_150213_342_a8eea1c0_6d6fe792,0.5,0,189515,78.0
tools,raw-memory,eog,hr,4,3,3,task_20260119_022056_842_ad5a67e3_964df197,0.833333,0,261345,275.5
tools,raw-memory,eog,hr,4,4,1,task_20251212_194942_087_761f6b82_451ef3b7,0.428571,0,286362,314.3
tools,raw-memory,eog,hr,4,4,1,task_20251217_231709_248_b25153b4_4c5f9bde,0.857143,0,322954,244.2
tools,raw-memory,eog,hr,4,4,1,task_20251219_155520_685_a8eea1c0_c6fb88a1,1.0,1,174758,77.8
tools,raw-memory,eog,hr,4,4,1,task_20251223_061756_991_a8eea1c0_e497a345,0.6,0,178713,144.5
tools,raw-memory,eog,hr,4,4,1,task_20251223_201118_525_46ca2862_e3f79e09,0.0,0,96633,296.1
tools,raw-memory,eog,hr,4,4,1,task_20251224_064352_705_ec0cb5dd_46d83d4e,0.846154,0,348080,390.1
tools,raw-memory,eog,hr,4,4,1,task_20251224_074251_092_46ca2862_b5b99f66,1.0,1,203125,180.7
tools,raw-memory,eog,hr,4,4,1,task_20251225_062927_003_d9bcd1e5_d996901a,0.5,0,176286,238.3
tools,raw-memory,eog,hr,4,4,1,task_20251225_180047_141_a8eea1c0_002e725f,1.0,1,170018,219.8
tools,raw-memory,eog,hr,4,4,1,task_20251226_110144_731_b25153b4_773380f8,1.0,1,313622,287.8
tools,raw-memory,eog,hr,4,4,1,task_20260109_185510_803_a8eea1c0_b51123d7,1.0,1,232109,123.1
tools,raw-memory,eog,hr,4,4,1,task_20260111_151647_667_a8eea1c0_c7c264ba,1.0,1,229391,225.6
tools,raw-memory,eog,hr,4,4,1,task_20260111_190744_927_a8eea1c0_17bea726,0.0,0,235727,293.9
tools,raw-memory,eog,hr,4,4,1,task_20260114_173911_329_a8eea1c0_b687c646,0.6,0,183751,154.5
tools,raw-memory,eog,hr,4,4,1,task_20260114_220447_370_00364ece_0c9c7534,0.75,0,201263,117.9
tools,raw-memory,eog,hr,4,4,1,task_20260115_043503_499_a8eea1c0_4b943c9b,0.25,0,46136,127.1
tools,raw-memory,eog,hr,4,4,1,task_20260116_094554_219_c5cac200_82f2d2a8,1.0,1,189538,203.0
tools,raw-memory,eog,hr,4,4,1,task_20260116_095609_650_c5cac200_741831a8,1.0,1,212025,234.5
tools,raw-memory,eog,hr,4,4,1,task_20260116_112648_773_99ba2325_c572f123,0.0,0,68706,93.5
tools,raw-memory,eog,hr,4,4,1,task_20260116_185136_779_46ca2862_2b77b852,1.0,1,116945,178.9
tools,raw-memory,eog,hr,4,4,1,task_20260116_203855_584_57529556_7b20a1d8,0.666667,0,265777,347.7
tools,raw-memory,eog,hr,4,4,1,task_20260119_045416_534_ad5a67e3_78445838,0.857143,0,253024,155.9
tools,raw-memory,eog,hr,4,4,2,task_20251212_194942_087_761f6b82_451ef3b7,0.857143,0,211606,220.9
tools,raw-memory,eog,hr,4,4,2,task_20251217_231709_248_b25153b4_4c5f9bde,1.0,1,271435,115.2
tools,raw-memory,eog,hr,4,4,2,task_20251219_155520_685_a8eea1c0_c6fb88a1,1.0,1,172337,78.9
tools,raw-memory,eog,hr,4,4,2,task_20251223_061756_991_a8eea1c0_e497a345,0.2,0,156197,188.4
tools,raw-memory,eog,hr,4,4,2,task_20251223_201118_525_46ca2862_e3f79e09,0.0,0,90301,165.0
tools,raw-memory,eog,hr,4,4,2,task_20251224_064352_705_ec0cb5dd_46d83d4e,0.846154,0,345573,365.7
tools,raw-memory,eog,hr,4,4,2,task_20251224_074251_092_46ca2862_b5b99f66,1.0,1,205029,200.0
tools,raw-memory,eog,hr,4,4,2,task_20251225_062927_003_d9bcd1e5_d996901a,0.5,0,107900,206.1
tools,raw-memory,eog,hr,4,4,2,task_20251225_180047_141_a8eea1c0_002e725f,0.571429,0,209289,204.1
tools,raw-memory,eog,hr,4,4,2,task_20251226_110144_731_b25153b4_773380f8,1.0,1,290169,333.5
tools,raw-memory,eog,hr,4,4,2,task_20260109_185510_803_a8eea1c0_b51123d7,1.0,1,210898,135.8
tools,raw-memory,eog,hr,4,4,2,task_20260111_151647_667_a8eea1c0_c7c264ba,0.714286,0,234392,245.7
tools,raw-memory,eog,hr,4,4,2,task_20260111_190744_927_a8eea1c0_17bea726,0.0,0,287511,315.6
tools,raw-memory,eog,hr,4,4,2,task_20260114_173911_329_a8eea1c0_b687c646,0.4,0,299236,195.2
tools,raw-memory,eog,hr,4,4,2,task_20260114_220447_370_00364ece_0c9c7534,0.75,0,202703,127.2
tools,raw-memory,eog,hr,4,4,2,task_20260115_043503_499_a8eea1c0_4b943c9b,0.75,0,283880,282.4
tools,raw-memory,eog,hr,4,4,2,task_20260116_094554_219_c5cac200_82f2d2a8,1.0,1,303090,329.2
tools,raw-memory,eog,hr,4,4,2,task_20260116_095609_650_c5cac200_741831a8,1.0,1,183863,170.6
tools,raw-memory,eog,hr,4,4,2,task_20260116_112648_773_99ba2325_c572f123,0.857143,0,309468,333.2
tools,raw-memory,eog,hr,4,4,2,task_20260116_185136_779_46ca2862_2b77b852,0.666667,0,140715,186.5
tools,raw-memory,eog,hr,4,4,2,task_20260116_203855_584_57529556_7b20a1d8,0.666667,0,364742,365.2
tools,raw-memory,eog,hr,4,4,2,task_20260119_045416_534_ad5a67e3_78445838,0.857143,0,294388,144.7
tools,raw-memory,eog,hr,4,4,3,task_20251212_194942_087_761f6b82_451ef3b7,0.142857,0,71260,122.1
tools,raw-memory,eog,hr,4,4,3,task_20251217_231709_248_b25153b4_4c5f9bde,0.857143,0,228793,142.1
tools,raw-memory,eog,hr,4,4,3,task_20251219_155520_685_a8eea1c0_c6fb88a1,1.0,1,196033,72.5
tools,raw-memory,eog,hr,4,4,3,task_20251223_061756_991_a8eea1c0_e497a345,0.6,0,178798,117.4
tools,raw-memory,eog,hr,4,4,3,task_20251223_201118_525_46ca2862_e3f79e09,0.6,0,264833,350.6
tools,raw-memory,eog,hr,4,4,3,task_20251224_064352_705_ec0cb5dd_46d83d4e,0.846154,0,320652,235.3
tools,raw-memory,eog,hr,4,4,3,task_20251224_074251_092_46ca2862_b5b99f66,1.0,1,225603,157.4
tools,raw-memory,eog,hr,4,4,3,task_20251225_062927_003_d9bcd1e5_d996901a,0.875,0,479736,375.7
tools,raw-memory,eog,hr,4,4,3,task_20251225_180047_141_a8eea1c0_002e725f,1.0,1,191491,216.6
tools,raw-memory,eog,hr,4,4,3,task_20251226_110144_731_b25153b4_773380f8,1.0,1,421118,473.9
tools,raw-memory,eog,hr,4,4,3,task_20260109_185510_803_a8eea1c0_b51123d7,1.0,1,276575,145.1
tools,raw-memory,eog,hr,4,4,3,task_20260111_151647_667_a8eea1c0_c7c264ba,0.714286,0,230584,192.4
tools,raw-memory,eog,hr,4,4,3,task_20260111_190744_927_a8eea1c0_17bea726,0.0,0,297510,279.5
tools,raw-memory,eog,hr,4,4,3,task_20260114_173911_329_a8eea1c0_b687c646,0.6,0,251236,118.3
tools,raw-memory,eog,hr,4,4,3,task_20260114_220447_370_00364ece_0c9c7534,0.75,0,201509,119.2
tools,raw-memory,eog,hr,4,4,3,task_20260115_043503_499_a8eea1c0_4b943c9b,0.75,0,281200,309.2
tools,raw-memory,eog,hr,4,4,3,task_20260116_094554_219_c5cac200_82f2d2a8,1.0,1,226715,246.5
tools,raw-memory,eog,hr,4,4,3,task_20260116_095609_650_c5cac200_741831a8,0.333333,0,117275,161.6
tools,raw-memory,eog,hr,4,4,3,task_20260116_112648_773_99ba2325_c572f123,0.0,0,68106,74.0
tools,raw-memory,eog,hr,4,4,3,task_20260116_185136_779_46ca2862_2b77b852,0.666667,0,92747,128.6
tools,raw-memory,eog,hr,4,4,3,task_20260116_203855_584_57529556_7b20a1d8,0.666667,0,265865,261.5
tools,raw-memory,eog,hr,4,4,3,task_20260119_045416_534_ad5a67e3_78445838,0.857143,0,291832,197.0
tools,raw-memory,eog,hr,5,1,1,task_20251223_184833_888_a8eea1c0_87c53cb9,0.285714,0,93193,101.6
tools,raw-memory,eog,hr,5,1,1,task_20251223_194142_190_46ca2862_d9cae434,0.5,0,210402,200.4
tools,raw-memory,eog,hr,5,1,1,task_20251223_194912_450_46ca2862_0084047c,0.5,0,195433,240.9
tools,raw-memory,eog,hr,5,1,1,task_20251224_094258_495_c4ad7a70_42fbe372,1.0,1,166881,203.0
tools,raw-memory,eog,hr,5,1,1,task_20251224_133749_739_c4ad7a70_9df76270,1.0,1,168525,249.0
tools,raw-memory,eog,hr,5,1,1,task_20251226_094920_495_99ba2325_627386b2,0.75,0,171149,251.1
tools,raw-memory,eog,hr,5,1,1,task_20260112_141226_936_7aad91c1_61df8f2b,0.75,0,200494,228.8
tools,raw-memory,eog,hr,5,1,1,task_20260116_104653_444_99ba2325_320d5ca4,1.0,1,270274,333.6
tools,raw-memory,eog,hr,5,1,1,task_20260116_112336_208_c5cac200_da33db0a,1.0,1,195220,156.6
tools,raw-memory,eog,hr,5,1,1,task_20260116_160908_725_46ca2862_923e672e,0.0,0,117678,206.0
tools,raw-memory,eog,hr,5,1,2,task_20251223_184833_888_a8eea1c0_87c53cb9,0.428571,0,174281,200.4
tools,raw-memory,eog,hr,5,1,2,task_20251223_194142_190_46ca2862_d9cae434,0.5,0,186933,212.7
tools,raw-memory,eog,hr,5,1,2,task_20251223_194912_450_46ca2862_0084047c,1.0,1,120407,119.7
tools,raw-memory,eog,hr,5,1,2,task_20251224_094258_495_c4ad7a70_42fbe372,0.75,0,214607,229.3
tools,raw-memory,eog,hr,5,1,2,task_20251224_133749_739_c4ad7a70_9df76270,1.0,1,190316,170.5
tools,raw-memory,eog,hr,5,1,2,task_20251226_094920_495_99ba2325_627386b2,0.5,0,100358,142.7
tools,raw-memory,eog,hr,5,1,2,task_20260112_141226_936_7aad91c1_61df8f2b,1.0,1,200666,198.3
tools,raw-memory,eog,hr,5,1,2,task_20260116_104653_444_99ba2325_320d5ca4,1.0,1,212492,207.7
tools,raw-memory,eog,hr,5,1,2,task_20260116_112336_208_c5cac200_da33db0a,1.0,1,319082,268.9
tools,raw-memory,eog,hr,5,1,2,task_20260116_160908_725_46ca2862_923e672e,0.0,0,94159,142.8
tools,raw-memory,eog,hr,5,1,3,task_20251223_184833_888_a8eea1c0_87c53cb9,0.428571,0,145694,156.1
tools,raw-memory,eog,hr,5,1,3,task_20251223_194142_190_46ca2862_d9cae434,0.5,0,189933,219.6
tools,raw-memory,eog,hr,5,1,3,task_20251223_194912_450_46ca2862_0084047c,0.5,0,266090,270.8
tools,raw-memory,eog,hr,5,1,3,task_20251224_094258_495_c4ad7a70_42fbe372,0.5,0,191689,199.9
tools,raw-memory,eog,hr,5,1,3,task_20251224_133749_739_c4ad7a70_9df76270,1.0,1,238415,230.5
tools,raw-memory,eog,hr,5,1,3,task_20251226_094920_495_99ba2325_627386b2,0.5,0,149629,199.1
tools,raw-memory,eog,hr,5,1,3,task_20260112_141226_936_7aad91c1_61df8f2b,1.0,1,200062,191.0
tools,raw-memory,eog,hr,5,1,3,task_20260116_104653_444_99ba2325_320d5ca4,1.0,1,226812,296.3
tools,raw-memory,eog,hr,5,1,3,task_20260116_112336_208_c5cac200_da33db0a,0.833333,0,293965,198.5
tools,raw-memory,eog,hr,5,1,3,task_20260116_160908_725_46ca2862_923e672e,0.0,0,121147,233.4
tools,raw-memory,eog,hr,5,2,1,task_20251217_211723_514_87437950_3bbbb519,0.25,0,165764,150.6
tools,raw-memory,eog,hr,5,2,1,task_20251219_205632_335_cd46e60f_4db23138,0.25,0,352306,339.5
tools,raw-memory,eog,hr,5,2,1,task_20251224_030218_157_00364ece_79650819,1.0,1,216360,128.5
tools,raw-memory,eog,hr,5,2,1,task_20251224_195437_497_e6427839_6357fed2,0.0,0,117539,77.6
tools,raw-memory,eog,hr,5,2,1,task_20251226_090527_363_b25153b4_6caf1a47,0.8,0,196087,169.3
tools,raw-memory,eog,hr,5,2,1,task_20251226_135729_497_c4ad7a70_788f5baf,1.0,1,213383,161.4
tools,raw-memory,eog,hr,5,2,1,task_20251226_153702_699_ad5a67e3_43cd2d47,0.333333,0,145546,137.7
tools,raw-memory,eog,hr,5,2,1,task_20260114_170216_532_accab84d_9dc7ddd5,1.0,1,209522,85.8
tools,raw-memory,eog,hr,5,2,1,task_20260114_180423_838_00364ece_9f2ad35c,0.75,0,309690,314.9
tools,raw-memory,eog,hr,5,2,1,task_20260115_124602_090_accab84d_91ac1840,0.0,0,102994,110.8
tools,raw-memory,eog,hr,5,2,1,task_20260115_151312_690_57529556_9fca8861,0.875,0,394058,390.5
tools,raw-memory,eog,hr,5,2,1,task_20260116_055513_891_99ba2325_849991b8,0.5,0,205287,290.3
tools,raw-memory,eog,hr,5,2,1,task_20260116_170758_750_d4a463c3_3885de59,0.333333,0,153913,242.6
tools,raw-memory,eog,hr,5,2,2,task_20251217_211723_514_87437950_3bbbb519,0.25,0,93611,330.9
tools,raw-memory,eog,hr,5,2,2,task_20251219_205632_335_cd46e60f_4db23138,0.25,0,229331,217.9
tools,raw-memory,eog,hr,5,2,2,task_20251224_030218_157_00364ece_79650819,1.0,1,138386,84.5
tools,raw-memory,eog,hr,5,2,2,task_20251224_195437_497_e6427839_6357fed2,0.0,0,166933,109.6
tools,raw-memory,eog,hr,5,2,2,task_20251226_090527_363_b25153b4_6caf1a47,0.8,0,170401,152.1
tools,raw-memory,eog,hr,5,2,2,task_20251226_135729_497_c4ad7a70_788f5baf,0.666667,0,185064,151.2
tools,raw-memory,eog,hr,5,2,2,task_20251226_153702_699_ad5a67e3_43cd2d47,0.333333,0,145427,151.8
tools,raw-memory,eog,hr,5,2,2,task_20260114_170216_532_accab84d_9dc7ddd5,1.0,1,232124,109.1
tools,raw-memory,eog,hr,5,2,2,task_20260114_180423_838_00364ece_9f2ad35c,0.5,0,201364,476.9
tools,raw-memory,eog,hr,5,2,2,task_20260115_124602_090_accab84d_91ac1840,0.0,0,98974,137.4
tools,raw-memory,eog,hr,5,2,2,task_20260115_151312_690_57529556_9fca8861,1.0,1,724366,650.0
tools,raw-memory,eog,hr,5,2,2,task_20260116_055513_891_99ba2325_849991b8,0.5,0,224109,250.4
tools,raw-memory,eog,hr,5,2,2,task_20260116_170758_750_d4a463c3_3885de59,0.444444,0,173546,275.5
tools,raw-memory,eog,hr,5,2,3,task_20251217_211723_514_87437950_3bbbb519,0.25,0,139769,104.0
tools,raw-memory,eog,hr,5,2,3,task_20251219_205632_335_cd46e60f_4db23138,0.25,0,301537,239.0
tools,raw-memory,eog,hr,5,2,3,task_20251224_030218_157_00364ece_79650819,0.5,0,93946,110.5
tools,raw-memory,eog,hr,5,2,3,task_20251224_195437_497_e6427839_6357fed2,0.0,0,142883,110.9
tools,raw-memory,eog,hr,5,2,3,task_20251226_090527_363_b25153b4_6caf1a47,0.8,0,266617,293.4
tools,raw-memory,eog,hr,5,2,3,task_20251226_135729_497_c4ad7a70_788f5baf,0.666667,0,162633,136.1
tools,raw-memory,eog,hr,5,2,3,task_20251226_153702_699_ad5a67e3_43cd2d47,0.333333,0,97280,119.7
tools,raw-memory,eog,hr,5,2,3,task_20260114_170216_532_accab84d_9dc7ddd5,1.0,1,186080,108.4
tools,raw-memory,eog,hr,5,2,3,task_20260114_180423_838_00364ece_9f2ad35c,0.75,0,177033,207.4
tools,raw-memory,eog,hr,5,2,3,task_20260115_124602_090_accab84d_91ac1840,0.0,0,104851,115.0
tools,raw-memory,eog,hr,5,2,3,task_20260115_151312_690_57529556_9fca8861,0.875,0,734086,623.1
tools,raw-memory,eog,hr,5,2,3,task_20260116_055513_891_99ba2325_849991b8,0.5,0,286749,447.3
tools,raw-memory,eog,hr,5,2,3,task_20260116_170758_750_d4a463c3_3885de59,0.444444,0,410804,491.2
tools,raw-memory,eog,hr,5,3,1,task_20251217_073807_153_761f6b82_cba63024,0.0,0,25735,61.4
tools,raw-memory,eog,hr,5,3,1,task_20251218_234518_453_d9bcd1e5_72c94403,1.0,1,215698,148.7
tools,raw-memory,eog,hr,5,3,1,task_20251219_114935_971_a8eea1c0_188fc892,1.0,1,140513,99.2
tools,raw-memory,eog,hr,5,3,1,task_20251219_155215_361_00364ece_c1c6ffc8,0.0,0,165775,115.1
tools,raw-memory,eog,hr,5,3,1,task_20251225_124750_039_7e2e0039_de8a9d94,0.166667,0,48523,50.3
tools,raw-memory,eog,hr,5,3,1,task_20251226_041218_355_d9bcd1e5_bc84c9d5,0.777778,0,198872,178.2
tools,raw-memory,eog,hr,5,3,1,task_20251226_101143_297_99ba2325_75b99d9a,0.75,0,224685,253.9
tools,raw-memory,eog,hr,5,3,1,task_20251226_102334_184_b25153b4_08c0849c,0.8,0,196055,101.6
tools,raw-memory,eog,hr,5,3,1,task_20251226_104747_127_30600918_559da326,0.5,0,248512,164.9
tools,raw-memory,eog,hr,5,3,1,task_20251226_132052_338_e6427839_727d852c,0.0,0,119897,118.5
tools,raw-memory,eog,hr,5,3,1,task_20251226_173040_372_95fd9f79_c7e85ec1,1.0,1,292858,1147.3
tools,raw-memory,eog,hr,5,3,1,task_20260109_172559_279_e6427839_f711406f,0.833333,0,463650,466.7
tools,raw-memory,eog,hr,5,3,1,task_20260109_202436_533_a8eea1c0_755eabdd,0.888889,0,389956,620.0
tools,raw-memory,eog,hr,5,3,1,task_20260113_032200_394_ad5a67e3_5e3873b8,0.875,0,318933,204.3
tools,raw-memory,eog,hr,5,3,1,task_20260114_091008_897_accab84d_786931e4,0.0,0,184330,384.2
tools,raw-memory,eog,hr,5,3,1,task_20260115_130330_068_00364ece_cf2e9cf1,0.571429,0,418318,225.2
tools,raw-memory,eog,hr,5,3,1,task_20260115_130852_498_a8eea1c0_e9192d7e,0.5,0,185049,238.5
tools,raw-memory,eog,hr,5,3,1,task_20260115_190725_477_a8eea1c0_eba3a1c5,0.833333,0,227000,270.2
tools,raw-memory,eog,hr,5,3,1,task_20260116_084548_120_fa1836dc_679067bc,0.5,0,400803,523.2
tools,raw-memory,eog,hr,5,3,1,task_20260116_085958_358_a8eea1c0_6d7f242a,1.0,1,300819,231.0
tools,raw-memory,eog,hr,5,3,1,task_20260116_105748_962_99ba2325_dcc658fa,0.75,0,201114,178.8
tools,raw-memory,eog,hr,5,3,1,task_20260116_122712_166_d4a463c3_196fe24f,0.2,0,24412,35.7
tools,raw-memory,eog,hr,5,3,1,task_20260116_143750_504_a8eea1c0_7d91efa1,1.0,1,210291,103.4
tools,raw-memory,eog,hr,5,3,1,task_20260116_150213_342_a8eea1c0_6d6fe792,0.5,0,162944,97.3
tools,raw-memory,eog,hr,5,3,1,task_20260119_022056_842_ad5a67e3_964df197,0.833333,0,316517,260.6
tools,raw-memory,eog,hr,5,3,2,task_20251217_073807_153_761f6b82_cba63024,0.142857,0,228257,321.9
tools,raw-memory,eog,hr,5,3,2,task_20251218_234518_453_d9bcd1e5_72c94403,1.0,1,190543,119.8
tools,raw-memory,eog,hr,5,3,2,task_20251219_114935_971_a8eea1c0_188fc892,1.0,1,140219,101.3
tools,raw-memory,eog,hr,5,3,2,task_20251219_155215_361_00364ece_c1c6ffc8,0.0,0,187479,132.6
tools,raw-memory,eog,hr,5,3,2,task_20251225_124750_039_7e2e0039_de8a9d94,0.166667,0,47612,65.1
tools,raw-memory,eog,hr,5,3,2,task_20251226_041218_355_d9bcd1e5_bc84c9d5,0.777778,0,285315,257.3
tools,raw-memory,eog,hr,5,3,2,task_20251226_101143_297_99ba2325_75b99d9a,0.5,0,257428,303.9
tools,raw-memory,eog,hr,5,3,2,task_20251226_102334_184_b25153b4_08c0849c,0.8,0,174120,136.0
tools,raw-memory,eog,hr,5,3,2,task_20251226_104747_127_30600918_559da326,0.5,0,311237,310.8
tools,raw-memory,eog,hr,5,3,2,task_20251226_132052_338_e6427839_727d852c,0.0,0,48379,67.6
tools,raw-memory,eog,hr,5,3,2,task_20251226_173040_372_95fd9f79_c7e85ec1,1.0,1,244963,283.8
tools,raw-memory,eog,hr,5,3,2,task_20260109_172559_279_e6427839_f711406f,1.0,1,258269,352.0
tools,raw-memory,eog,hr,5,3,2,task_20260109_202436_533_a8eea1c0_755eabdd,0.666667,0,468571,374.4
tools,raw-memory,eog,hr,5,3,2,task_20260113_032200_394_ad5a67e3_5e3873b8,0.875,0,338060,178.8
tools,raw-memory,eog,hr,5,3,2,task_20260114_091008_897_accab84d_786931e4,0.75,0,272255,292.7
tools,raw-memory,eog,hr,5,3,2,task_20260115_130330_068_00364ece_cf2e9cf1,0.285714,0,177138,210.4
tools,raw-memory,eog,hr,5,3,2,task_20260115_130852_498_a8eea1c0_e9192d7e,0.5,0,333827,379.6
tools,raw-memory,eog,hr,5,3,2,task_20260115_190725_477_a8eea1c0_eba3a1c5,0.833333,0,196166,255.4
tools,raw-memory,eog,hr,5,3,2,task_20260116_084548_120_fa1836dc_679067bc,0.5,0,303726,345.9
tools,raw-memory,eog,hr,5,3,2,task_20260116_085958_358_a8eea1c0_6d7f242a,0.333333,0,70549,105.2
tools,raw-memory,eog,hr,5,3,2,task_20260116_105748_962_99ba2325_dcc658fa,1.0,1,175757,270.9
tools,raw-memory,eog,hr,5,3,2,task_20260116_122712_166_d4a463c3_196fe24f,1.0,1,288686,167.7
tools,raw-memory,eog,hr,5,3,2,task_20260116_143750_504_a8eea1c0_7d91efa1,1.0,1,215788,158.6
tools,raw-memory,eog,hr,5,3,2,task_20260116_150213_342_a8eea1c0_6d6fe792,0.5,0,137685,97.7
tools,raw-memory,eog,hr,5,3,2,task_20260119_022056_842_ad5a67e3_964df197,0.833333,0,230758,285.5
tools,raw-memory,eog,hr,5,3,3,task_20251217_073807_153_761f6b82_cba63024,0.0,0,50038,97.8
tools,raw-memory,eog,hr,5,3,3,task_20251218_234518_453_d9bcd1e5_72c94403,1.0,1,143373,116.6
tools,raw-memory,eog,hr,5,3,3,task_20251219_114935_971_a8eea1c0_188fc892,1.0,1,115742,67.7
tools,raw-memory,eog,hr,5,3,3,task_20251219_155215_361_00364ece_c1c6ffc8,0.0,0,161348,103.0
tools,raw-memory,eog,hr,5,3,3,task_20251225_124750_039_7e2e0039_de8a9d94,1.0,1,141861,120.8
tools,raw-memory,eog,hr,5,3,3,task_20251226_041218_355_d9bcd1e5_bc84c9d5,0.777778,0,195571,175.1
tools,raw-memory,eog,hr,5,3,3,task_20251226_101143_297_99ba2325_75b99d9a,0.75,0,221444,259.8
tools,raw-memory,eog,hr,5,3,3,task_20251226_102334_184_b25153b4_08c0849c,0.8,0,195657,186.2
tools,raw-memory,eog,hr,5,3,3,task_20251226_104747_127_30600918_559da326,0.25,0,152541,249.5
tools,raw-memory,eog,hr,5,3,3,task_20251226_132052_338_e6427839_727d852c,0.0,0,74923,129.6
tools,raw-memory,eog,hr,5,3,3,task_20251226_173040_372_95fd9f79_c7e85ec1,1.0,1,301614,257.9
tools,raw-memory,eog,hr,5,3,3,task_20260109_172559_279_e6427839_f711406f,0.666667,0,259428,357.2
tools,raw-memory,eog,hr,5,3,3,task_20260109_202436_533_a8eea1c0_755eabdd,0.666667,0,418130,376.4
tools,raw-memory,eog,hr,5,3,3,task_20260113_032200_394_ad5a67e3_5e3873b8,0.875,0,357854,213.4
tools,raw-memory,eog,hr,5,3,3,task_20260114_091008_897_accab84d_786931e4,0.75,0,179727,336.2
tools,raw-memory,eog,hr,5,3,3,task_20260115_130330_068_00364ece_cf2e9cf1,0.142857,0,181995,929.3
tools,raw-memory,eog,hr,5,3,3,task_20260115_130852_498_a8eea1c0_e9192d7e,0.5,0,134834,220.9
tools,raw-memory,eog,hr,5,3,3,task_20260115_190725_477_a8eea1c0_eba3a1c5,0.833333,0,196376,275.4
tools,raw-memory,eog,hr,5,3,3,task_20260116_084548_120_fa1836dc_679067bc,0.333333,0,332690,566.5
tools,raw-memory,eog,hr,5,3,3,task_20260116_085958_358_a8eea1c0_6d7f242a,1.0,1,279391,229.8
tools,raw-memory,eog,hr,5,3,3,task_20260116_105748_962_99ba2325_dcc658fa,1.0,1,176669,257.9
tools,raw-memory,eog,hr,5,3,3,task_20260116_122712_166_d4a463c3_196fe24f,1.0,1,236933,150.8
tools,raw-memory,eog,hr,5,3,3,task_20260116_143750_504_a8eea1c0_7d91efa1,1.0,1,241898,143.4
tools,raw-memory,eog,hr,5,3,3,task_20260116_150213_342_a8eea1c0_6d6fe792,0.5,0,180501,88.4
tools,raw-memory,eog,hr,5,3,3,task_20260119_022056_842_ad5a67e3_964df197,0.833333,0,249222,259.5
tools,raw-memory,eog,hr,5,4,1,task_20251212_194942_087_761f6b82_451ef3b7,0.571429,0,385150,466.5
tools,raw-memory,eog,hr,5,4,1,task_20251217_231709_248_b25153b4_4c5f9bde,1.0,1,337070,170.5
tools,raw-memory,eog,hr,5,4,1,task_20251219_155520_685_a8eea1c0_c6fb88a1,0.4,0,160811,115.7
tools,raw-memory,eog,hr,5,4,1,task_20251223_061756_991_a8eea1c0_e497a345,0.4,0,267805,227.8
tools,raw-memory,eog,hr,5,4,1,task_20251223_201118_525_46ca2862_e3f79e09,1.0,1,477536,609.1
tools,raw-memory,eog,hr,5,4,1,task_20251224_064352_705_ec0cb5dd_46d83d4e,0.461538,0,23222,42.6
tools,raw-memory,eog,hr,5,4,1,task_20251224_074251_092_46ca2862_b5b99f66,1.0,1,212648,165.6
tools,raw-memory,eog,hr,5,4,1,task_20251225_062927_003_d9bcd1e5_d996901a,0.875,0,859049,393.7
tools,raw-memory,eog,hr,5,4,1,task_20251225_180047_141_a8eea1c0_002e725f,1.0,1,271966,255.5
tools,raw-memory,eog,hr,5,4,1,task_20251226_110144_731_b25153b4_773380f8,0.0,0,52602,131.6
tools,raw-memory,eog,hr,5,4,1,task_20260109_185510_803_a8eea1c0_b51123d7,1.0,1,291327,163.9
tools,raw-memory,eog,hr,5,4,1,task_20260111_151647_667_a8eea1c0_c7c264ba,0.714286,0,319918,247.0
tools,raw-memory,eog,hr,5,4,1,task_20260111_190744_927_a8eea1c0_17bea726,0.0,0,269971,266.3
tools,raw-memory,eog,hr,5,4,1,task_20260114_173911_329_a8eea1c0_b687c646,0.6,0,267563,143.3
tools,raw-memory,eog,hr,5,4,1,task_20260114_220447_370_00364ece_0c9c7534,0.75,0,188898,121.6
tools,raw-memory,eog,hr,5,4,1,task_20260115_043503_499_a8eea1c0_4b943c9b,0.75,0,290685,244.4
tools,raw-memory,eog,hr,5,4,1,task_20260116_094554_219_c5cac200_82f2d2a8,1.0,1,407958,306.2
tools,raw-memory,eog,hr,5,4,1,task_20260116_095609_650_c5cac200_741831a8,0.666667,0,166476,150.4
tools,raw-memory,eog,hr,5,4,1,task_20260116_112648_773_99ba2325_c572f123,0.857143,0,378738,369.9
tools,raw-memory,eog,hr,5,4,1,task_20260116_185136_779_46ca2862_2b77b852,0.333333,0,72344,114.1
tools,raw-memory,eog,hr,5,4,1,task_20260116_203855_584_57529556_7b20a1d8,0.666667,0,304928,344.3
tools,raw-memory,eog,hr,5,4,1,task_20260119_045416_534_ad5a67e3_78445838,0.857143,0,219958,114.4
tools,raw-memory,eog,hr,5,4,2,task_20251212_194942_087_761f6b82_451ef3b7,0.571429,0,320728,298.2
tools,raw-memory,eog,hr,5,4,2,task_20251217_231709_248_b25153b4_4c5f9bde,1.0,1,288820,130.4
tools,raw-memory,eog,hr,5,4,2,task_20251219_155520_685_a8eea1c0_c6fb88a1,1.0,1,139316,104.2
tools,raw-memory,eog,hr,5,4,2,task_20251223_061756_991_a8eea1c0_e497a345,0.2,0,138690,93.9
tools,raw-memory,eog,hr,5,4,2,task_20251223_201118_525_46ca2862_e3f79e09,0.0,0,120276,181.2
tools,raw-memory,eog,hr,5,4,2,task_20251224_064352_705_ec0cb5dd_46d83d4e,0.846154,0,411862,335.0
tools,raw-memory,eog,hr,5,4,2,task_20251224_074251_092_46ca2862_b5b99f66,1.0,1,214334,178.5
tools,raw-memory,eog,hr,5,4,2,task_20251225_062927_003_d9bcd1e5_d996901a,0.875,0,389936,239.9
tools,raw-memory,eog,hr,5,4,2,task_20251225_180047_141_a8eea1c0_002e725f,0.571429,0,226157,253.7
tools,raw-memory,eog,hr,5,4,2,task_20251226_110144_731_b25153b4_773380f8,1.0,1,423456,353.9
tools,raw-memory,eog,hr,5,4,2,task_20260109_185510_803_a8eea1c0_b51123d7,1.0,1,218604,121.3
tools,raw-memory,eog,hr,5,4,2,task_20260111_151647_667_a8eea1c0_c7c264ba,1.0,1,268058,227.8
tools,raw-memory,eog,hr,5,4,2,task_20260111_190744_927_a8eea1c0_17bea726,0.25,0,301668,266.7
tools,raw-memory,eog,hr,5,4,2,task_20260114_173911_329_a8eea1c0_b687c646,0.4,0,281294,162.9
tools,raw-memory,eog,hr,5,4,2,task_20260114_220447_370_00364ece_0c9c7534,0.75,0,165818,111.7
tools,raw-memory,eog,hr,5,4,2,task_20260115_043503_499_a8eea1c0_4b943c9b,0.75,0,286134,276.6
tools,raw-memory,eog,hr,5,4,2,task_20260116_094554_219_c5cac200_82f2d2a8,1.0,1,281249,271.1
tools,raw-memory,eog,hr,5,4,2,task_20260116_095609_650_c5cac200_741831a8,0.666667,0,190698,152.7
tools,raw-memory,eog,hr,5,4,2,task_20260116_112648_773_99ba2325_c572f123,0.857143,0,353213,414.6
tools,raw-memory,eog,hr,5,4,2,task_20260116_185136_779_46ca2862_2b77b852,0.666667,0,74992,105.2
tools,raw-memory,eog,hr,5,4,2,task_20260116_203855_584_57529556_7b20a1d8,1.0,1,275038,284.1
tools,raw-memory,eog,hr,5,4,2,task_20260119_045416_534_ad5a67e3_78445838,0.857143,0,216612,90.0
tools,raw-memory,eog,hr,5,4,3,task_20251212_194942_087_761f6b82_451ef3b7,0.571429,0,273047,218.6
tools,raw-memory,eog,hr,5,4,3,task_20251217_231709_248_b25153b4_4c5f9bde,0.857143,0,286258,131.5
tools,raw-memory,eog,hr,5,4,3,task_20251219_155520_685_a8eea1c0_c6fb88a1,1.0,1,181187,68.9
tools,raw-memory,eog,hr,5,4,3,task_20251223_061756_991_a8eea1c0_e497a345,0.4,0,215193,186.1
tools,raw-memory,eog,hr,5,4,3,task_20251223_201118_525_46ca2862_e3f79e09,0.6,0,420308,523.6
tools,raw-memory,eog,hr,5,4,3,task_20251224_064352_705_ec0cb5dd_46d83d4e,0.846154,0,368833,244.6
tools,raw-memory,eog,hr,5,4,3,task_20251224_074251_092_46ca2862_b5b99f66,1.0,1,266419,180.4
tools,raw-memory,eog,hr,5,4,3,task_20251225_062927_003_d9bcd1e5_d996901a,0.875,0,425039,305.0
tools,raw-memory,eog,hr,5,4,3,task_20251225_180047_141_a8eea1c0_002e725f,1.0,1,153766,217.2
tools,raw-memory,eog,hr,5,4,3,task_20251226_110144_731_b25153b4_773380f8,0.0,0,25343,48.0
tools,raw-memory,eog,hr,5,4,3,task_20260109_185510_803_a8eea1c0_b51123d7,0.714286,0,315677,135.6
tools,raw-memory,eog,hr,5,4,3,task_20260111_151647_667_a8eea1c0_c7c264ba,0.571429,0,266028,168.3
tools,raw-memory,eog,hr,5,4,3,task_20260111_190744_927_a8eea1c0_17bea726,0.5,0,386374,321.8
tools,raw-memory,eog,hr,5,4,3,task_20260114_173911_329_a8eea1c0_b687c646,0.6,0,271794,144.2
tools,raw-memory,eog,hr,5,4,3,task_20260114_220447_370_00364ece_0c9c7534,0.75,0,240158,161.9
tools,raw-memory,eog,hr,5,4,3,task_20260115_043503_499_a8eea1c0_4b943c9b,0.75,0,321299,306.6
tools,raw-memory,eog,hr,5,4,3,task_20260116_094554_219_c5cac200_82f2d2a8,1.0,1,278125,192.3
tools,raw-memory,eog,hr,5,4,3,task_20260116_095609_650_c5cac200_741831a8,0.666667,0,188952,122.7
tools,raw-memory,eog,hr,5,4,3,task_20260116_112648_773_99ba2325_c572f123,0.0,0,70389,78.3
tools,raw-memory,eog,hr,5,4,3,task_20260116_185136_779_46ca2862_2b77b852,0.666667,0,149996,222.9
tools,raw-memory,eog,hr,5,4,3,task_20260116_203855_584_57529556_7b20a1d8,0.666667,0,252282,234.4
tools,raw-memory,eog,hr,5,4,3,task_20260119_045416_534_ad5a67e3_78445838,0.857143,0,287362,127.6
tools,raw-memory,eog,hr,5,5,1,task_20251217_161056_114_d9bcd1e5_c8f3ccb9,0.8,0,234283,139.7
tools,raw-memory,eog,hr,5,5,1,task_20260112_124137_537_761f6b82_9e1a6b99,0.25,0,354810,523.5
tools,raw-memory,eog,hr,5,5,2,task_20251217_161056_114_d9bcd1e5_c8f3ccb9,0.8,0,159419,59.2
tools,raw-memory,eog,hr,5,5,2,task_20260112_124137_537_761f6b82_9e1a6b99,0.25,0,227199,329.7
tools,raw-memory,eog,hr,5,5,3,task_20251217_161056_114_d9bcd1e5_c8f3ccb9,0.8,0,182408,58.0
tools,raw-memory,eog,hr,5,5,3,task_20260112_124137_537_761f6b82_9e1a6b99,0.25,0,322699,319.8
tools,raw-memory,eog,hybrid,1,1,1,task_20251216_223804_332_df2c536d_a1d9c559,0.333333,0,111492,113.2
tools,raw-memory,eog,hybrid,1,1,1,task_20251217_140216_182_701c5774_9fcdf867,1.0,1,118083,51.8
tools,raw-memory,eog,hybrid,1,1,1,task_20251217_160053_417_701c5774_db625115,0.666667,0,231970,281.4
tools,raw-memory,eog,hybrid,1,1,1,task_20251218_102205_211_1628b966_06687c79,0.5,0,290175,147.7
tools,raw-memory,eog,hybrid,1,1,1,task_20251218_103430_472_701c5774_42c99459,0.0,0,236841,292.9
tools,raw-memory,eog,hybrid,1,1,1,task_20251218_173030_490_23fcbcdb_0e698d81,1.0,1,213937,168.9
tools,raw-memory,eog,hybrid,1,1,1,task_20251219_174221_127_64a4ebb9_3a8bb36b,0.8,0,171888,56.1
tools,raw-memory,eog,hybrid,1,1,1,task_20251221_222713_409_64a4ebb9_9915366d,1.0,1,196416,130.9
tools,raw-memory,eog,hybrid,1,1,1,task_20251222_113047_572_64a4ebb9_cd2083a8,0.8,0,174171,84.6
tools,raw-memory,eog,hybrid,1,1,1,task_20251224_104537_197_701c5774_5c104832,0.333333,0,334166,353.7
tools,raw-memory,eog,hybrid,1,1,1,task_20251224_112727_844_701c5774_58c1bbfb,0.0,0,311716,322.7
tools,raw-memory,eog,hybrid,1,1,1,task_20251225_130546_796_4d9df647_7e32b59a,0.0,0,81669,102.7
tools,raw-memory,eog,hybrid,1,1,1,task_20251225_133905_252_060e2c81_7e4fd228,0.875,0,178257,98.0
tools,raw-memory,eog,hybrid,1,1,1,task_20260113_141825_482_911d75d7_ecab6320,1.0,1,465408,191.2
tools,raw-memory,eog,hybrid,1,1,1,task_20260113_152354_165_9a1e131b_fc5e2cac,0.0,0,101099,57.5
tools,raw-memory,eog,hybrid,1,1,1,task_20260114_073013_180_911d75d7_cc244085,0.25,0,266650,278.2
tools,raw-memory,eog,hybrid,1,1,1,task_20260114_172825_147_1628b966_cc356289,1.0,1,67289,77.6
tools,raw-memory,eog,hybrid,1,1,1,task_20260115_111059_508_9a1e131b_a201f065,0.5,0,179703,119.2
tools,raw-memory,eog,hybrid,1,1,1,task_20260115_121701_840_1628b966_ff394d2f,1.0,1,146220,75.5
tools,raw-memory,eog,hybrid,1,1,1,task_20260115_170553_772_ae7b45e2_daae994c,0.5,0,112384,77.6
tools,raw-memory,eog,hybrid,1,1,1,task_20260116_080150_885_1628b966_5a58d8e3,0.0,0,97913,88.5
tools,raw-memory,eog,hybrid,1,1,1,task_20260116_125421_530_806f1a83_3e703812,0.6,0,241287,134.8
tools,raw-memory,eog,hybrid,1,1,1,task_20260116_131741_243_1628b966_c66e5972,0.5,0,204656,221.0
tools,raw-memory,eog,hybrid,1,1,1,task_20260117_084409_361_4d9df647_9892db8c,0.0,0,123659,181.5
tools,raw-memory,eog,hybrid,1,1,2,task_20251216_223804_332_df2c536d_a1d9c559,0.333333,0,109286,146.9
tools,raw-memory,eog,hybrid,1,1,2,task_20251217_140216_182_701c5774_9fcdf867,1.0,1,140784,92.1
tools,raw-memory,eog,hybrid,1,1,2,task_20251217_160053_417_701c5774_db625115,0.666667,0,161381,200.8
tools,raw-memory,eog,hybrid,1,1,2,task_20251218_102205_211_1628b966_06687c79,1.0,1,232162,89.5
tools,raw-memory,eog,hybrid,1,1,2,task_20251218_103430_472_701c5774_42c99459,0.0,0,258825,264.6
tools,raw-memory,eog,hybrid,1,1,2,task_20251218_173030_490_23fcbcdb_0e698d81,1.0,1,169378,124.6
tools,raw-memory,eog,hybrid,1,1,2,task_20251219_174221_127_64a4ebb9_3a8bb36b,0.8,0,151728,77.2
tools,raw-memory,eog,hybrid,1,1,2,task_20251221_222713_409_64a4ebb9_9915366d,1.0,1,174952,80.1
tools,raw-memory,eog,hybrid,1,1,2,task_20251222_113047_572_64a4ebb9_cd2083a8,0.8,0,198973,86.1
tools,raw-memory,eog,hybrid,1,1,2,task_20251224_104537_197_701c5774_5c104832,0.333333,0,334592,363.6
tools,raw-memory,eog,hybrid,1,1,2,task_20251224_112727_844_701c5774_58c1bbfb,0.0,0,412151,429.0
tools,raw-memory,eog,hybrid,1,1,2,task_20251225_130546_796_4d9df647_7e32b59a,0.0,0,78322,80.1
tools,raw-memory,eog,hybrid,1,1,2,task_20251225_133905_252_060e2c81_7e4fd228,0.875,0,219299,113.7
tools,raw-memory,eog,hybrid,1,1,2,task_20260113_141825_482_911d75d7_ecab6320,0.888889,0,445452,228.3
tools,raw-memory,eog,hybrid,1,1,2,task_20260113_152354_165_9a1e131b_fc5e2cac,0.0,0,86106,52.4
tools,raw-memory,eog,hybrid,1,1,2,task_20260114_073013_180_911d75d7_cc244085,0.25,0,267878,297.4
tools,raw-memory,eog,hybrid,1,1,2,task_20260114_172825_147_1628b966_cc356289,1.0,1,67288,71.9
tools,raw-memory,eog,hybrid,1,1,2,task_20260115_111059_508_9a1e131b_a201f065,0.5,0,229191,150.1
tools,raw-memory,eog,hybrid,1,1,2,task_20260115_121701_840_1628b966_ff394d2f,1.0,1,145895,66.5
tools,raw-memory,eog,hybrid,1,1,2,task_20260115_170553_772_ae7b45e2_daae994c,0.5,0,112967,76.9
tools,raw-memory,eog,hybrid,1,1,2,task_20260116_080150_885_1628b966_5a58d8e3,0.0,0,123077,143.6
tools,raw-memory,eog,hybrid,1,1,2,task_20260116_125421_530_806f1a83_3e703812,0.8,0,241020,148.2
tools,raw-memory,eog,hybrid,1,1,2,task_20260116_131741_243_1628b966_c66e5972,0.5,0,207755,323.8
tools,raw-memory,eog,hybrid,1,1,2,task_20260117_084409_361_4d9df647_9892db8c,0.0,0,196075,264.8
tools,raw-memory,eog,hybrid,1,1,3,task_20251216_223804_332_df2c536d_a1d9c559,0.333333,0,87696,66.4
tools,raw-memory,eog,hybrid,1,1,3,task_20251217_140216_182_701c5774_9fcdf867,1.0,1,120304,81.7
tools,raw-memory,eog,hybrid,1,1,3,task_20251217_160053_417_701c5774_db625115,0.666667,0,234628,259.3
tools,raw-memory,eog,hybrid,1,1,3,task_20251218_102205_211_1628b966_06687c79,1.0,1,287157,81.8
tools,raw-memory,eog,hybrid,1,1,3,task_20251218_103430_472_701c5774_42c99459,0.0,0,213315,188.6
tools,raw-memory,eog,hybrid,1,1,3,task_20251218_173030_490_23fcbcdb_0e698d81,0.75,0,195265,180.5
tools,raw-memory,eog,hybrid,1,1,3,task_20251219_174221_127_64a4ebb9_3a8bb36b,0.8,0,150123,49.9
tools,raw-memory,eog,hybrid,1,1,3,task_20251221_222713_409_64a4ebb9_9915366d,1.0,1,175236,109.6
tools,raw-memory,eog,hybrid,1,1,3,task_20251222_113047_572_64a4ebb9_cd2083a8,0.8,0,199923,101.8
tools,raw-memory,eog,hybrid,1,1,3,task_20251224_104537_197_701c5774_5c104832,0.333333,0,287541,402.9
tools,raw-memory,eog,hybrid,1,1,3,task_20251224_112727_844_701c5774_58c1bbfb,0.0,0,207117,264.4
tools,raw-memory,eog,hybrid,1,1,3,task_20251225_130546_796_4d9df647_7e32b59a,0.0,0,83061,92.7
tools,raw-memory,eog,hybrid,1,1,3,task_20251225_133905_252_060e2c81_7e4fd228,0.875,0,305463,121.7
tools,raw-memory,eog,hybrid,1,1,3,task_20260113_141825_482_911d75d7_ecab6320,1.0,1,490390,207.3
tools,raw-memory,eog,hybrid,1,1,3,task_20260113_152354_165_9a1e131b_fc5e2cac,0.0,0,86307,61.1
tools,raw-memory,eog,hybrid,1,1,3,task_20260114_073013_180_911d75d7_cc244085,0.25,0,266379,272.0
tools,raw-memory,eog,hybrid,1,1,3,task_20260114_172825_147_1628b966_cc356289,1.0,1,111310,79.4
tools,raw-memory,eog,hybrid,1,1,3,task_20260115_111059_508_9a1e131b_a201f065,0.5,0,175020,115.1
tools,raw-memory,eog,hybrid,1,1,3,task_20260115_121701_840_1628b966_ff394d2f,1.0,1,124718,84.0
tools,raw-memory,eog,hybrid,1,1,3,task_20260115_170553_772_ae7b45e2_daae994c,0.5,0,137066,100.4
tools,raw-memory,eog,hybrid,1,1,3,task_20260116_080150_885_1628b966_5a58d8e3,0.0,0,147163,122.7
tools,raw-memory,eog,hybrid,1,1,3,task_20260116_125421_530_806f1a83_3e703812,0.8,0,237450,147.8
tools,raw-memory,eog,hybrid,1,1,3,task_20260116_131741_243_1628b966_c66e5972,0.5,0,177296,195.0
tools,raw-memory,eog,hybrid,1,1,3,task_20260117_084409_361_4d9df647_9892db8c,0.0,0,372942,295.7
tools,raw-memory,eog,hybrid,2,1,1,task_20251216_223804_332_df2c536d_a1d9c559,0.333333,0,121102,130.2
tools,raw-memory,eog,hybrid,2,1,1,task_20251217_140216_182_701c5774_9fcdf867,1.0,1,185657,92.5
tools,raw-memory,eog,hybrid,2,1,1,task_20251217_160053_417_701c5774_db625115,0.666667,0,207144,171.8
tools,raw-memory,eog,hybrid,2,1,1,task_20251218_102205_211_1628b966_06687c79,1.0,1,299848,140.0
tools,raw-memory,eog,hybrid,2,1,1,task_20251218_103430_472_701c5774_42c99459,0.0,0,307168,224.4
tools,raw-memory,eog,hybrid,2,1,1,task_20251218_173030_490_23fcbcdb_0e698d81,1.0,1,220870,199.0
tools,raw-memory,eog,hybrid,2,1,1,task_20251219_174221_127_64a4ebb9_3a8bb36b,0.8,0,192459,74.9
tools,raw-memory,eog,hybrid,2,1,1,task_20251221_222713_409_64a4ebb9_9915366d,1.0,1,195146,103.9
tools,raw-memory,eog,hybrid,2,1,1,task_20251222_113047_572_64a4ebb9_cd2083a8,0.8,0,286368,140.4
tools,raw-memory,eog,hybrid,2,1,1,task_20251224_104537_197_701c5774_5c104832,0.333333,0,342573,265.8
tools,raw-memory,eog,hybrid,2,1,1,task_20251224_112727_844_701c5774_58c1bbfb,0.0,0,190615,217.9
tools,raw-memory,eog,hybrid,2,1,1,task_20251225_130546_796_4d9df647_7e32b59a,0.0,0,103700,148.9
tools,raw-memory,eog,hybrid,2,1,1,task_20251225_133905_252_060e2c81_7e4fd228,0.75,0,377469,280.6
tools,raw-memory,eog,hybrid,2,1,1,task_20260113_141825_482_911d75d7_ecab6320,1.0,1,594877,204.4
tools,raw-memory,eog,hybrid,2,1,1,task_20260113_152354_165_9a1e131b_fc5e2cac,0.0,0,139020,115.1
tools,raw-memory,eog,hybrid,2,1,1,task_20260114_073013_180_911d75d7_cc244085,0.5,0,434254,451.4
tools,raw-memory,eog,hybrid,2,1,1,task_20260114_172825_147_1628b966_cc356289,1.0,1,112474,98.1
tools,raw-memory,eog,hybrid,2,1,1,task_20260115_111059_508_9a1e131b_a201f065,0.5,0,248115,126.7
tools,raw-memory,eog,hybrid,2,1,1,task_20260115_121701_840_1628b966_ff394d2f,1.0,1,163237,93.9
tools,raw-memory,eog,hybrid,2,1,1,task_20260115_170553_772_ae7b45e2_daae994c,0.5,0,141439,86.8
tools,raw-memory,eog,hybrid,2,1,1,task_20260116_080150_885_1628b966_5a58d8e3,0.0,0,151160,102.4
tools,raw-memory,eog,hybrid,2,1,1,task_20260116_125421_530_806f1a83_3e703812,0.8,0,295126,162.5
tools,raw-memory,eog,hybrid,2,1,1,task_20260116_131741_243_1628b966_c66e5972,0.5,0,219725,239.4
tools,raw-memory,eog,hybrid,2,1,1,task_20260117_084409_361_4d9df647_9892db8c,0.0,0,475480,458.2
tools,raw-memory,eog,hybrid,2,1,2,task_20251216_223804_332_df2c536d_a1d9c559,0.0,0,169936,156.6
tools,raw-memory,eog,hybrid,2,1,2,task_20251217_140216_182_701c5774_9fcdf867,1.0,1,158312,91.2
tools,raw-memory,eog,hybrid,2,1,2,task_20251217_160053_417_701c5774_db625115,0.666667,0,259277,261.7
tools,raw-memory,eog,hybrid,2,1,2,task_20251218_102205_211_1628b966_06687c79,1.0,1,334596,118.4
tools,raw-memory,eog,hybrid,2,1,2,task_20251218_103430_472_701c5774_42c99459,0.0,0,307651,293.5
tools,raw-memory,eog,hybrid,2,1,2,task_20251218_173030_490_23fcbcdb_0e698d81,1.0,1,276324,193.5
tools,raw-memory,eog,hybrid,2,1,2,task_20251219_174221_127_64a4ebb9_3a8bb36b,0.8,0,220223,102.3
tools,raw-memory,eog,hybrid,2,1,2,task_20251221_222713_409_64a4ebb9_9915366d,1.0,1,254190,276.5
tools,raw-memory,eog,hybrid,2,1,2,task_20251222_113047_572_64a4ebb9_cd2083a8,0.8,0,254413,167.8
tools,raw-memory,eog,hybrid,2,1,2,task_20251224_104537_197_701c5774_5c104832,0.333333,0,319272,394.0
tools,raw-memory,eog,hybrid,2,1,2,task_20251224_112727_844_701c5774_58c1bbfb,0.0,0,190922,226.9
tools,raw-memory,eog,hybrid,2,1,2,task_20251225_130546_796_4d9df647_7e32b59a,0.0,0,103544,319.7
tools,raw-memory,eog,hybrid,2,1,2,task_20251225_133905_252_060e2c81_7e4fd228,0.875,0,202573,266.7
tools,raw-memory,eog,hybrid,2,1,2,task_20260113_141825_482_911d75d7_ecab6320,0.888889,0,532070,250.1
tools,raw-memory,eog,hybrid,2,1,2,task_20260113_152354_165_9a1e131b_fc5e2cac,0.0,0,136843,204.6
tools,raw-memory,eog,hybrid,2,1,2,task_20260114_073013_180_911d75d7_cc244085,0.25,0,403475,363.8
tools,raw-memory,eog,hybrid,2,1,2,task_20260114_172825_147_1628b966_cc356289,1.0,1,84341,139.0
tools,raw-memory,eog,hybrid,2,1,2,task_20260115_111059_508_9a1e131b_a201f065,0.5,0,223137,135.2
tools,raw-memory,eog,hybrid,2,1,2,task_20260115_121701_840_1628b966_ff394d2f,1.0,1,162164,70.7
tools,raw-memory,eog,hybrid,2,1,2,task_20260115_170553_772_ae7b45e2_daae994c,0.5,0,141968,96.2
tools,raw-memory,eog,hybrid,2,1,2,task_20260116_080150_885_1628b966_5a58d8e3,0.0,0,150503,135.4
tools,raw-memory,eog,hybrid,2,1,2,task_20260116_125421_530_806f1a83_3e703812,0.8,0,353502,271.6
tools,raw-memory,eog,hybrid,2,1,2,task_20260116_131741_243_1628b966_c66e5972,0.5,0,251226,294.1
tools,raw-memory,eog,hybrid,2,1,2,task_20260117_084409_361_4d9df647_9892db8c,0.0,0,255034,261.0
tools,raw-memory,eog,hybrid,2,1,3,task_20251216_223804_332_df2c536d_a1d9c559,0.333333,0,97488,145.6
tools,raw-memory,eog,hybrid,2,1,3,task_20251217_140216_182_701c5774_9fcdf867,1.0,1,158817,80.5
tools,raw-memory,eog,hybrid,2,1,3,task_20251217_160053_417_701c5774_db625115,0.666667,0,256618,240.2
tools,raw-memory,eog,hybrid,2,1,3,task_20251218_102205_211_1628b966_06687c79,1.0,1,401321,227.4
tools,raw-memory,eog,hybrid,2,1,3,task_20251218_103430_472_701c5774_42c99459,0.5,0,307067,284.8
tools,raw-memory,eog,hybrid,2,1,3,task_20251218_173030_490_23fcbcdb_0e698d81,1.0,1,247044,217.8
tools,raw-memory,eog,hybrid,2,1,3,task_20251219_174221_127_64a4ebb9_3a8bb36b,0.8,0,220975,102.2
tools,raw-memory,eog,hybrid,2,1,3,task_20251221_222713_409_64a4ebb9_9915366d,1.0,1,226113,177.7
tools,raw-memory,eog,hybrid,2,1,3,task_20251222_113047_572_64a4ebb9_cd2083a8,0.8,0,257540,148.2
tools,raw-memory,eog,hybrid,2,1,3,task_20251224_104537_197_701c5774_5c104832,0.333333,0,408151,376.7
tools,raw-memory,eog,hybrid,2,1,3,task_20251224_112727_844_701c5774_58c1bbfb,0.0,0,191581,208.9
tools,raw-memory,eog,hybrid,2,1,3,task_20251225_130546_796_4d9df647_7e32b59a,0.0,0,67545,212.8
tools,raw-memory,eog,hybrid,2,1,3,task_20251225_133905_252_060e2c81_7e4fd228,0.75,0,500779,318.8
tools,raw-memory,eog,hybrid,2,1,3,task_20260113_141825_482_911d75d7_ecab6320,1.0,1,655886,362.1
tools,raw-memory,eog,hybrid,2,1,3,task_20260113_152354_165_9a1e131b_fc5e2cac,0.0,0,135139,97.9
tools,raw-memory,eog,hybrid,2,1,3,task_20260114_073013_180_911d75d7_cc244085,0.25,0,344703,572.4
tools,raw-memory,eog,hybrid,2,1,3,task_20260114_172825_147_1628b966_cc356289,1.0,1,84807,134.8
tools,raw-memory,eog,hybrid,2,1,3,task_20260115_111059_508_9a1e131b_a201f065,0.5,0,250826,212.8
tools,raw-memory,eog,hybrid,2,1,3,task_20260115_121701_840_1628b966_ff394d2f,1.0,1,163158,92.2
tools,raw-memory,eog,hybrid,2,1,3,task_20260115_170553_772_ae7b45e2_daae994c,0.5,0,141608,79.4
tools,raw-memory,eog,hybrid,2,1,3,task_20260116_080150_885_1628b966_5a58d8e3,0.0,0,191135,312.0
tools,raw-memory,eog,hybrid,2,1,3,task_20260116_125421_530_806f1a83_3e703812,0.8,0,297412,191.9
tools,raw-memory,eog,hybrid,2,1,3,task_20260116_131741_243_1628b966_c66e5972,1.0,1,186535,327.9
tools,raw-memory,eog,hybrid,2,1,3,task_20260117_084409_361_4d9df647_9892db8c,0.0,0,262903,243.2
tools,raw-memory,eog,hybrid,2,2,1,task_20251222_151946_409_060e2c81_253357ab,0.888889,0,154860,392.6
tools,raw-memory,eog,hybrid,2,2,1,task_20251225_074839_957_701c5774_eef4d0c4,1.0,1,186593,219.4
tools,raw-memory,eog,hybrid,2,2,1,task_20251226_133324_902_e5bf1251_942c943a,0.5,0,127840,107.3
tools,raw-memory,eog,hybrid,2,2,1,task_20251226_150609_837_4d9df647_84917c0b,0.428571,0,454511,533.7
tools,raw-memory,eog,hybrid,2,2,1,task_20251226_150647_118_13762b97_8da0c6a5,0.625,0,217601,103.1
tools,raw-memory,eog,hybrid,2,2,1,task_20251226_225931_685_bca89e7d_597733d7,1.0,1,155630,150.5
tools,raw-memory,eog,hybrid,2,2,1,task_20260113_114937_574_4d9df647_a8d4341b,0.4,0,301347,801.8
tools,raw-memory,eog,hybrid,2,2,1,task_20260113_120745_735_4d9df647_017a9009,1.0,1,168016,123.9
tools,raw-memory,eog,hybrid,2,2,1,task_20260113_141542_776_911d75d7_78be6b0f,0.666667,0,68137,50.8
tools,raw-memory,eog,hybrid,2,2,1,task_20260115_122753_129_1628b966_0c22c9cc,0.666667,0,172782,257.7
tools,raw-memory,eog,hybrid,2,2,1,task_20260119_162417_443_d8f93f2d_2b15bc38,1.0,1,178613,157.3
tools,raw-memory,eog,hybrid,2,2,2,task_20251222_151946_409_060e2c81_253357ab,1.0,1,180455,240.4
tools,raw-memory,eog,hybrid,2,2,2,task_20251225_074839_957_701c5774_eef4d0c4,1.0,1,125403,151.5
tools,raw-memory,eog,hybrid,2,2,2,task_20251226_133324_902_e5bf1251_942c943a,0.5,0,162040,227.6
tools,raw-memory,eog,hybrid,2,2,2,task_20251226_150609_837_4d9df647_84917c0b,0.428571,0,459771,649.8
tools,raw-memory,eog,hybrid,2,2,2,task_20251226_150647_118_13762b97_8da0c6a5,0.625,0,261189,149.3
tools,raw-memory,eog,hybrid,2,2,2,task_20251226_225931_685_bca89e7d_597733d7,0.75,0,128753,143.2
tools,raw-memory,eog,hybrid,2,2,2,task_20260113_114937_574_4d9df647_a8d4341b,0.6,0,340174,966.7
tools,raw-memory,eog,hybrid,2,2,2,task_20260113_120745_735_4d9df647_017a9009,1.0,1,96175,136.0
tools,raw-memory,eog,hybrid,2,2,2,task_20260113_141542_776_911d75d7_78be6b0f,1.0,1,68375,56.9
tools,raw-memory,eog,hybrid,2,2,2,task_20260115_122753_129_1628b966_0c22c9cc,0.666667,0,143227,218.0
tools,raw-memory,eog,hybrid,2,2,2,task_20260119_162417_443_d8f93f2d_2b15bc38,1.0,1,147492,117.7
tools,raw-memory,eog,hybrid,2,2,3,task_20251222_151946_409_060e2c81_253357ab,0.888889,0,299361,315.1
tools,raw-memory,eog,hybrid,2,2,3,task_20251225_074839_957_701c5774_eef4d0c4,1.0,1,155559,101.3
tools,raw-memory,eog,hybrid,2,2,3,task_20251226_133324_902_e5bf1251_942c943a,0.5,0,126990,110.7
tools,raw-memory,eog,hybrid,2,2,3,task_20251226_150609_837_4d9df647_84917c0b,0.571429,0,497645,507.5
tools,raw-memory,eog,hybrid,2,2,3,task_20251226_150647_118_13762b97_8da0c6a5,0.625,0,268254,396.4
tools,raw-memory,eog,hybrid,2,2,3,task_20251226_225931_685_bca89e7d_597733d7,0.75,0,101794,83.0
tools,raw-memory,eog,hybrid,2,2,3,task_20260113_114937_574_4d9df647_a8d4341b,0.6,0,398181,742.4
tools,raw-memory,eog,hybrid,2,2,3,task_20260113_120745_735_4d9df647_017a9009,1.0,1,119742,102.9
tools,raw-memory,eog,hybrid,2,2,3,task_20260113_141542_776_911d75d7_78be6b0f,0.666667,0,68673,60.8
tools,raw-memory,eog,hybrid,2,2,3,task_20260115_122753_129_1628b966_0c22c9cc,0.666667,0,204368,301.4
tools,raw-memory,eog,hybrid,2,2,3,task_20260119_162417_443_d8f93f2d_2b15bc38,1.0,1,148453,219.2
tools,raw-memory,eog,hybrid,3,1,1,task_20251216_223804_332_df2c536d_a1d9c559,0.333333,0,139169,220.0
tools,raw-memory,eog,hybrid,3,1,1,task_20251217_140216_182_701c5774_9fcdf867,1.0,1,181192,73.6
tools,raw-memory,eog,hybrid,3,1,1,task_20251217_160053_417_701c5774_db625115,0.666667,0,397948,373.1
tools,raw-memory,eog,hybrid,3,1,1,task_20251218_102205_211_1628b966_06687c79,1.0,1,392983,130.1
tools,raw-memory,eog,hybrid,3,1,1,task_20251218_103430_472_701c5774_42c99459,0.0,0,319309,322.6
tools,raw-memory,eog,hybrid,3,1,1,task_20251218_173030_490_23fcbcdb_0e698d81,1.0,1,247573,150.8
tools,raw-memory,eog,hybrid,3,1,1,task_20251219_174221_127_64a4ebb9_3a8bb36b,0.8,0,258193,167.7
tools,raw-memory,eog,hybrid,3,1,1,task_20251221_222713_409_64a4ebb9_9915366d,1.0,1,226039,96.5
tools,raw-memory,eog,hybrid,3,1,1,task_20251222_113047_572_64a4ebb9_cd2083a8,0.4,0,323585,120.0
tools,raw-memory,eog,hybrid,3,1,1,task_20251224_104537_197_701c5774_5c104832,0.333333,0,350859,442.1
tools,raw-memory,eog,hybrid,3,1,1,task_20251224_112727_844_701c5774_58c1bbfb,0.0,0,284242,373.9
tools,raw-memory,eog,hybrid,3,1,1,task_20251225_130546_796_4d9df647_7e32b59a,0.0,0,167347,378.3
tools,raw-memory,eog,hybrid,3,1,1,task_20251225_133905_252_060e2c81_7e4fd228,0.875,0,357966,115.4
tools,raw-memory,eog,hybrid,3,1,1,task_20260113_141825_482_911d75d7_ecab6320,1.0,1,637825,327.6
tools,raw-memory,eog,hybrid,3,1,1,task_20260113_152354_165_9a1e131b_fc5e2cac,0.0,0,131994,124.0
tools,raw-memory,eog,hybrid,3,1,1,task_20260114_073013_180_911d75d7_cc244085,0.25,0,425581,1045.2
tools,raw-memory,eog,hybrid,3,1,1,task_20260114_172825_147_1628b966_cc356289,1.0,1,230006,126.6
tools,raw-memory,eog,hybrid,3,1,1,task_20260115_111059_508_9a1e131b_a201f065,0.166667,0,245731,195.3
tools,raw-memory,eog,hybrid,3,1,1,task_20260115_121701_840_1628b966_ff394d2f,1.0,1,186283,100.2
tools,raw-memory,eog,hybrid,3,1,1,task_20260115_170553_772_ae7b45e2_daae994c,0.333333,0,163019,71.9
tools,raw-memory,eog,hybrid,3,1,1,task_20260116_080150_885_1628b966_5a58d8e3,0.0,0,177296,100.9
tools,raw-memory,eog,hybrid,3,1,1,task_20260116_125421_530_806f1a83_3e703812,0.8,0,453539,312.8
tools,raw-memory,eog,hybrid,3,1,1,task_20260116_131741_243_1628b966_c66e5972,0.5,0,279162,498.8
tools,raw-memory,eog,hybrid,3,1,1,task_20260117_084409_361_4d9df647_9892db8c,0.0,0,141338,176.8
tools,raw-memory,eog,hybrid,3,1,2,task_20251216_223804_332_df2c536d_a1d9c559,0.0,0,216528,178.1
tools,raw-memory,eog,hybrid,3,1,2,task_20251217_140216_182_701c5774_9fcdf867,1.0,1,181797,116.2
tools,raw-memory,eog,hybrid,3,1,2,task_20251217_160053_417_701c5774_db625115,0.666667,0,265367,478.0
tools,raw-memory,eog,hybrid,3,1,2,task_20251218_102205_211_1628b966_06687c79,1.0,1,317588,227.4
tools,raw-memory,eog,hybrid,3,1,2,task_20251218_103430_472_701c5774_42c99459,0.0,0,383536,353.9
tools,raw-memory,eog,hybrid,3,1,2,task_20251218_173030_490_23fcbcdb_0e698d81,1.0,1,248366,285.3
tools,raw-memory,eog,hybrid,3,1,2,task_20251219_174221_127_64a4ebb9_3a8bb36b,0.8,0,228964,101.8
tools,raw-memory,eog,hybrid,3,1,2,task_20251221_222713_409_64a4ebb9_9915366d,1.0,1,292387,265.4
tools,raw-memory,eog,hybrid,3,1,2,task_20251222_113047_572_64a4ebb9_cd2083a8,0.4,0,324034,139.0
tools,raw-memory,eog,hybrid,3,1,2,task_20251224_104537_197_701c5774_5c104832,0.333333,0,390736,549.1
tools,raw-memory,eog,hybrid,3,1,2,task_20251224_112727_844_701c5774_58c1bbfb,0.0,0,355510,400.8
tools,raw-memory,eog,hybrid,3,1,2,task_20251225_130546_796_4d9df647_7e32b59a,0.0,0,165354,157.3
tools,raw-memory,eog,hybrid,3,1,2,task_20251225_133905_252_060e2c81_7e4fd228,0.875,0,355327,116.4
tools,raw-memory,eog,hybrid,3,1,2,task_20260113_141825_482_911d75d7_ecab6320,1.0,1,640632,196.9
tools,raw-memory,eog,hybrid,3,1,2,task_20260113_152354_165_9a1e131b_fc5e2cac,0.0,0,158047,137.1
tools,raw-memory,eog,hybrid,3,1,2,task_20260114_073013_180_911d75d7_cc244085,0.5,0,450383,399.0
tools,raw-memory,eog,hybrid,3,1,2,task_20260114_172825_147_1628b966_cc356289,1.0,1,98972,94.1
tools,raw-memory,eog,hybrid,3,1,2,task_20260115_111059_508_9a1e131b_a201f065,0.166667,0,306602,181.9
tools,raw-memory,eog,hybrid,3,1,2,task_20260115_121701_840_1628b966_ff394d2f,1.0,1,186866,85.1
tools,raw-memory,eog,hybrid,3,1,2,task_20260115_170553_772_ae7b45e2_daae994c,0.333333,0,163930,71.1
tools,raw-memory,eog,hybrid,3,1,2,task_20260116_080150_885_1628b966_5a58d8e3,0.0,0,211567,107.1
tools,raw-memory,eog,hybrid,3,1,2,task_20260116_125421_530_806f1a83_3e703812,0.8,0,383114,218.9
tools,raw-memory,eog,hybrid,3,1,2,task_20260116_131741_243_1628b966_c66e5972,0.5,0,243979,314.8
tools,raw-memory,eog,hybrid,3,1,2,task_20260117_084409_361_4d9df647_9892db8c,0.0,0,215494,194.3
tools,raw-memory,eog,hybrid,3,1,3,task_20251216_223804_332_df2c536d_a1d9c559,0.0,0,107064,70.3
tools,raw-memory,eog,hybrid,3,1,3,task_20251217_140216_182_701c5774_9fcdf867,1.0,1,180654,57.4
tools,raw-memory,eog,hybrid,3,1,3,task_20251217_160053_417_701c5774_db625115,0.666667,0,423372,305.4
tools,raw-memory,eog,hybrid,3,1,3,task_20251218_102205_211_1628b966_06687c79,1.0,1,383135,89.3
tools,raw-memory,eog,hybrid,3,1,3,task_20251218_103430_472_701c5774_42c99459,0.0,0,280321,161.9
tools,raw-memory,eog,hybrid,3,1,3,task_20251218_173030_490_23fcbcdb_0e698d81,1.0,1,249685,171.5
tools,raw-memory,eog,hybrid,3,1,3,task_20251219_174221_127_64a4ebb9_3a8bb36b,0.8,0,223972,81.6
tools,raw-memory,eog,hybrid,3,1,3,task_20251221_222713_409_64a4ebb9_9915366d,1.0,1,289659,101.7
tools,raw-memory,eog,hybrid,3,1,3,task_20251222_113047_572_64a4ebb9_cd2083a8,0.8,0,326646,148.0
tools,raw-memory,eog,hybrid,3,1,3,task_20251224_104537_197_701c5774_5c104832,0.333333,0,387833,342.8
tools,raw-memory,eog,hybrid,3,1,3,task_20251224_112727_844_701c5774_58c1bbfb,0.0,0,560347,410.9
tools,raw-memory,eog,hybrid,3,1,3,task_20251225_130546_796_4d9df647_7e32b59a,0.6,0,246658,151.4
tools,raw-memory,eog,hybrid,3,1,3,task_20251225_133905_252_060e2c81_7e4fd228,0.875,0,251454,70.8
tools,raw-memory,eog,hybrid,3,1,3,task_20260113_141825_482_911d75d7_ecab6320,1.0,1,705460,235.3
tools,raw-memory,eog,hybrid,3,1,3,task_20260113_152354_165_9a1e131b_fc5e2cac,0.0,0,131817,78.0
tools,raw-memory,eog,hybrid,3,1,3,task_20260114_073013_180_911d75d7_cc244085,0.25,0,422539,627.1
tools,raw-memory,eog,hybrid,3,1,3,task_20260114_172825_147_1628b966_cc356289,1.0,1,98780,77.8
tools,raw-memory,eog,hybrid,3,1,3,task_20260115_111059_508_9a1e131b_a201f065,0.333333,0,284204,116.4
tools,raw-memory,eog,hybrid,3,1,3,task_20260115_121701_840_1628b966_ff394d2f,1.0,1,187048,121.6
tools,raw-memory,eog,hybrid,3,1,3,task_20260115_170553_772_ae7b45e2_daae994c,0.333333,0,195396,66.8
tools,raw-memory,eog,hybrid,3,1,3,task_20260116_080150_885_1628b966_5a58d8e3,0.0,0,169627,91.0
tools,raw-memory,eog,hybrid,3,1,3,task_20260116_125421_530_806f1a83_3e703812,0.8,0,452807,134.2
tools,raw-memory,eog,hybrid,3,1,3,task_20260116_131741_243_1628b966_c66e5972,1.0,1,311928,221.5
tools,raw-memory,eog,hybrid,3,1,3,task_20260117_084409_361_4d9df647_9892db8c,0.0,0,409109,318.9
tools,raw-memory,eog,hybrid,3,2,1,task_20251222_151946_409_060e2c81_253357ab,0.888889,0,365889,229.3
tools,raw-memory,eog,hybrid,3,2,1,task_20251225_074839_957_701c5774_eef4d0c4,1.0,1,210491,103.7
tools,raw-memory,eog,hybrid,3,2,1,task_20251226_133324_902_e5bf1251_942c943a,0.5,0,177123,125.2
tools,raw-memory,eog,hybrid,3,2,1,task_20251226_150609_837_4d9df647_84917c0b,0.428571,0,550673,379.6
tools,raw-memory,eog,hybrid,3,2,1,task_20251226_150647_118_13762b97_8da0c6a5,0.625,0,341317,158.9
tools,raw-memory,eog,hybrid,3,2,1,task_20251226_225931_685_bca89e7d_597733d7,1.0,1,157710,110.5
tools,raw-memory,eog,hybrid,3,2,1,task_20260113_114937_574_4d9df647_a8d4341b,0.8,0,300687,564.5
tools,raw-memory,eog,hybrid,3,2,1,task_20260113_120745_735_4d9df647_017a9009,1.0,1,296202,151.9
tools,raw-memory,eog,hybrid,3,2,1,task_20260113_141542_776_911d75d7_78be6b0f,1.0,1,103005,66.6
tools,raw-memory,eog,hybrid,3,2,1,task_20260115_122753_129_1628b966_0c22c9cc,0.666667,0,229770,239.0
tools,raw-memory,eog,hybrid,3,2,1,task_20260119_162417_443_d8f93f2d_2b15bc38,1.0,1,199858,101.2
tools,raw-memory,eog,hybrid,3,2,2,task_20251222_151946_409_060e2c81_253357ab,0.888889,0,332132,142.6
tools,raw-memory,eog,hybrid,3,2,2,task_20251225_074839_957_701c5774_eef4d0c4,1.0,1,176772,84.4
tools,raw-memory,eog,hybrid,3,2,2,task_20251226_133324_902_e5bf1251_942c943a,0.5,0,178470,85.2
tools,raw-memory,eog,hybrid,3,2,2,task_20251226_150609_837_4d9df647_84917c0b,0.428571,0,649166,593.6
tools,raw-memory,eog,hybrid,3,2,2,task_20251226_150647_118_13762b97_8da0c6a5,0.625,0,287770,130.4
tools,raw-memory,eog,hybrid,3,2,2,task_20251226_225931_685_bca89e7d_597733d7,1.0,1,156264,72.5
tools,raw-memory,eog,hybrid,3,2,2,task_20260113_114937_574_4d9df647_a8d4341b,0.8,0,330883,307.0
tools,raw-memory,eog,hybrid,3,2,2,task_20260113_120745_735_4d9df647_017a9009,1.0,1,150568,61.1
tools,raw-memory,eog,hybrid,3,2,2,task_20260113_141542_776_911d75d7_78be6b0f,1.0,1,151438,64.6
tools,raw-memory,eog,hybrid,3,2,2,task_20260115_122753_129_1628b966_0c22c9cc,0.666667,0,199865,105.1
tools,raw-memory,eog,hybrid,3,2,2,task_20260119_162417_443_d8f93f2d_2b15bc38,1.0,1,199535,97.2
tools,raw-memory,eog,hybrid,3,2,3,task_20251222_151946_409_060e2c81_253357ab,1.0,1,309298,154.9
tools,raw-memory,eog,hybrid,3,2,3,task_20251225_074839_957_701c5774_eef4d0c4,1.0,1,209783,84.8
tools,raw-memory,eog,hybrid,3,2,3,task_20251226_133324_902_e5bf1251_942c943a,0.5,0,214096,111.8
tools,raw-memory,eog,hybrid,3,2,3,task_20251226_150609_837_4d9df647_84917c0b,0.428571,0,547754,435.1
tools,raw-memory,eog,hybrid,3,2,3,task_20251226_150647_118_13762b97_8da0c6a5,0.625,0,341417,124.3
tools,raw-memory,eog,hybrid,3,2,3,task_20251226_225931_685_bca89e7d_597733d7,1.0,1,156574,84.1
tools,raw-memory,eog,hybrid,3,2,3,task_20260113_114937_574_4d9df647_a8d4341b,0.6,0,296520,436.4
tools,raw-memory,eog,hybrid,3,2,3,task_20260113_120745_735_4d9df647_017a9009,1.0,1,271009,189.5
tools,raw-memory,eog,hybrid,3,2,3,task_20260113_141542_776_911d75d7_78be6b0f,1.0,1,77198,33.1
tools,raw-memory,eog,hybrid,3,2,3,task_20260115_122753_129_1628b966_0c22c9cc,0.666667,0,199230,156.3
tools,raw-memory,eog,hybrid,3,2,3,task_20260119_162417_443_d8f93f2d_2b15bc38,1.0,1,133034,48.5
tools,raw-memory,eog,hybrid,3,3,1,task_20251217_130333_406_df2c536d_96566d89,0.333333,0,218819,101.2
tools,raw-memory,eog,hybrid,3,3,1,task_20251225_071630_879_701c5774_99b636e9,0.5,0,313773,177.0
tools,raw-memory,eog,hybrid,3,3,1,task_20251225_161315_197_13762b97_44595aaa,0.75,0,240544,99.6
tools,raw-memory,eog,hybrid,3,3,1,task_20260112_125407_584_1628b966_f5dd38b6,0.5,0,155291,117.9
tools,raw-memory,eog,hybrid,3,3,1,task_20260114_163605_721_1628b966_187c9544,0.5,0,178549,112.5
tools,raw-memory,eog,hybrid,3,3,1,task_20260114_174605_380_1628b966_b09f4a35,0.75,0,292509,117.9
tools,raw-memory,eog,hybrid,3,3,1,task_20260116_064331_915_d8f93f2d_854d09b8,0.666667,0,405230,190.6
tools,raw-memory,eog,hybrid,3,3,1,task_20260116_095226_245_4d9df647_08f9f5b1,0.5,0,369168,120.2
tools,raw-memory,eog,hybrid,3,3,1,task_20260116_155214_819_baf0b358_0cf4418f,0.5,0,248695,133.9
tools,raw-memory,eog,hybrid,3,3,2,task_20251217_130333_406_df2c536d_96566d89,0.666667,0,247041,159.6
tools,raw-memory,eog,hybrid,3,3,2,task_20251225_071630_879_701c5774_99b636e9,0.5,0,528356,407.0
tools,raw-memory,eog,hybrid,3,3,2,task_20251225_161315_197_13762b97_44595aaa,0.875,0,279669,89.2
tools,raw-memory,eog,hybrid,3,3,2,task_20260112_125407_584_1628b966_f5dd38b6,0.5,0,180452,114.7
tools,raw-memory,eog,hybrid,3,3,2,task_20260114_163605_721_1628b966_187c9544,1.0,1,248080,157.8
tools,raw-memory,eog,hybrid,3,3,2,task_20260114_174605_380_1628b966_b09f4a35,0.75,0,256523,208.6
tools,raw-memory,eog,hybrid,3,3,2,task_20260116_064331_915_d8f93f2d_854d09b8,1.0,1,351259,1083.3
tools,raw-memory,eog,hybrid,3,3,2,task_20260116_095226_245_4d9df647_08f9f5b1,0.25,0,286627,184.0
tools,raw-memory,eog,hybrid,3,3,2,task_20260116_155214_819_baf0b358_0cf4418f,0.25,0,255175,220.0
tools,raw-memory,eog,hybrid,3,3,3,task_20251217_130333_406_df2c536d_96566d89,0.333333,0,217674,99.3
tools,raw-memory,eog,hybrid,3,3,3,task_20251225_071630_879_701c5774_99b636e9,0.5,0,277963,573.7
tools,raw-memory,eog,hybrid,3,3,3,task_20251225_161315_197_13762b97_44595aaa,0.875,0,198378,110.9
tools,raw-memory,eog,hybrid,3,3,3,task_20260112_125407_584_1628b966_f5dd38b6,0.5,0,207391,120.9
tools,raw-memory,eog,hybrid,3,3,3,task_20260114_163605_721_1628b966_187c9544,1.0,1,245241,116.9
tools,raw-memory,eog,hybrid,3,3,3,task_20260114_174605_380_1628b966_b09f4a35,0.75,0,249912,93.6
tools,raw-memory,eog,hybrid,3,3,3,task_20260116_064331_915_d8f93f2d_854d09b8,1.0,1,467686,187.2
tools,raw-memory,eog,hybrid,3,3,3,task_20260116_095226_245_4d9df647_08f9f5b1,0.25,0,291696,194.4
tools,raw-memory,eog,hybrid,3,3,3,task_20260116_155214_819_baf0b358_0cf4418f,0.5,0,249917,97.7
tools,raw-memory,eog,hybrid,4,1,1,task_20251216_223804_332_df2c536d_a1d9c559,0.0,0,258158,179.5
tools,raw-memory,eog,hybrid,4,1,1,task_20251217_140216_182_701c5774_9fcdf867,1.0,1,228649,140.2
tools,raw-memory,eog,hybrid,4,1,1,task_20251217_160053_417_701c5774_db625115,0.666667,0,407900,232.4
tools,raw-memory,eog,hybrid,4,1,1,task_20251218_102205_211_1628b966_06687c79,0.5,0,577189,199.6
tools,raw-memory,eog,hybrid,4,1,1,task_20251218_103430_472_701c5774_42c99459,0.0,0,473813,367.3
tools,raw-memory,eog,hybrid,4,1,1,task_20251218_173030_490_23fcbcdb_0e698d81,1.0,1,345346,176.6
tools,raw-memory,eog,hybrid,4,1,1,task_20251219_174221_127_64a4ebb9_3a8bb36b,1.0,1,328028,64.2
tools,raw-memory,eog,hybrid,4,1,1,task_20251221_222713_409_64a4ebb9_9915366d,1.0,1,369103,140.9
tools,raw-memory,eog,hybrid,4,1,1,task_20251222_113047_572_64a4ebb9_cd2083a8,0.8,0,373330,88.3
tools,raw-memory,eog,hybrid,4,1,1,task_20251224_104537_197_701c5774_5c104832,0.333333,0,393161,250.3
tools,raw-memory,eog,hybrid,4,1,1,task_20251224_112727_844_701c5774_58c1bbfb,0.0,0,311201,262.7
tools,raw-memory,eog,hybrid,4,1,1,task_20251225_130546_796_4d9df647_7e32b59a,1.0,1,306858,127.9
tools,raw-memory,eog,hybrid,4,1,1,task_20251225_133905_252_060e2c81_7e4fd228,0.875,0,413317,148.9
tools,raw-memory,eog,hybrid,4,1,1,task_20260113_141825_482_911d75d7_ecab6320,1.0,1,872085,239.9
tools,raw-memory,eog,hybrid,4,1,1,task_20260113_152354_165_9a1e131b_fc5e2cac,0.0,0,178638,90.5
tools,raw-memory,eog,hybrid,4,1,1,task_20260114_073013_180_911d75d7_cc244085,0.5,0,763450,397.4
tools,raw-memory,eog,hybrid,4,1,1,task_20260114_172825_147_1628b966_cc356289,1.0,1,168329,99.8
tools,raw-memory,eog,hybrid,4,1,1,task_20260115_111059_508_9a1e131b_a201f065,0.5,0,278359,120.0
tools,raw-memory,eog,hybrid,4,1,1,task_20260115_121701_840_1628b966_ff394d2f,1.0,1,230223,59.7
tools,raw-memory,eog,hybrid,4,1,1,task_20260115_170553_772_ae7b45e2_daae994c,0.333333,0,208805,83.3
tools,raw-memory,eog,hybrid,4,1,1,task_20260116_080150_885_1628b966_5a58d8e3,0.0,0,208940,77.7
tools,raw-memory,eog,hybrid,4,1,1,task_20260116_125421_530_806f1a83_3e703812,1.0,1,428775,156.5
tools,raw-memory,eog,hybrid,4,1,1,task_20260116_131741_243_1628b966_c66e5972,1.0,1,300599,157.4
tools,raw-memory,eog,hybrid,4,1,1,task_20260117_084409_361_4d9df647_9892db8c,0.0,0,361572,221.1
tools,raw-memory,eog,hybrid,4,1,2,task_20251216_223804_332_df2c536d_a1d9c559,0.333333,0,220847,109.5
tools,raw-memory,eog,hybrid,4,1,2,task_20251217_140216_182_701c5774_9fcdf867,1.0,1,226203,81.0
tools,raw-memory,eog,hybrid,4,1,2,task_20251217_160053_417_701c5774_db625115,0.666667,0,362793,191.6
tools,raw-memory,eog,hybrid,4,1,2,task_20251218_102205_211_1628b966_06687c79,0.5,0,530685,164.2
tools,raw-memory,eog,hybrid,4,1,2,task_20251218_103430_472_701c5774_42c99459,0.0,0,390361,218.0
tools,raw-memory,eog,hybrid,4,1,2,task_20251218_173030_490_23fcbcdb_0e698d81,1.0,1,310758,149.7
tools,raw-memory,eog,hybrid,4,1,2,task_20251219_174221_127_64a4ebb9_3a8bb36b,1.0,1,286433,41.4
tools,raw-memory,eog,hybrid,4,1,2,task_20251221_222713_409_64a4ebb9_9915366d,1.0,1,326628,72.3
tools,raw-memory,eog,hybrid,4,1,2,task_20251222_113047_572_64a4ebb9_cd2083a8,0.8,0,375063,69.3
tools,raw-memory,eog,hybrid,4,1,2,task_20251224_104537_197_701c5774_5c104832,0.333333,0,478704,345.1
tools,raw-memory,eog,hybrid,4,1,2,task_20251224_112727_844_701c5774_58c1bbfb,0.0,0,434221,230.1
tools,raw-memory,eog,hybrid,4,1,2,task_20251225_130546_796_4d9df647_7e32b59a,0.0,0,205761,157.2
tools,raw-memory,eog,hybrid,4,1,2,task_20251225_133905_252_060e2c81_7e4fd228,0.875,0,740900,140.7
tools,raw-memory,eog,hybrid,4,1,2,task_20260113_141825_482_911d75d7_ecab6320,1.0,1,869949,141.1
tools,raw-memory,eog,hybrid,4,1,2,task_20260113_152354_165_9a1e131b_fc5e2cac,0.0,0,212836,103.6
tools,raw-memory,eog,hybrid,4,1,2,task_20260114_073013_180_911d75d7_cc244085,0.25,0,592488,279.2
tools,raw-memory,eog,hybrid,4,1,2,task_20260114_172825_147_1628b966_cc356289,1.0,1,125815,106.5
tools,raw-memory,eog,hybrid,4,1,2,task_20260115_111059_508_9a1e131b_a201f065,0.5,0,318637,76.9
tools,raw-memory,eog,hybrid,4,1,2,task_20260115_121701_840_1628b966_ff394d2f,1.0,1,229829,43.6
tools,raw-memory,eog,hybrid,4,1,2,task_20260115_170553_772_ae7b45e2_daae994c,0.333333,0,208970,62.6
tools,raw-memory,eog,hybrid,4,1,2,task_20260116_080150_885_1628b966_5a58d8e3,0.0,0,262378,190.9
tools,raw-memory,eog,hybrid,4,1,2,task_20260116_125421_530_806f1a83_3e703812,1.0,1,433788,128.2
tools,raw-memory,eog,hybrid,4,1,2,task_20260116_131741_243_1628b966_c66e5972,0.5,0,346198,225.8
tools,raw-memory,eog,hybrid,4,1,2,task_20260117_084409_361_4d9df647_9892db8c,0.0,0,766435,232.3
tools,raw-memory,eog,hybrid,4,1,3,task_20251216_223804_332_df2c536d_a1d9c559,0.333333,0,308929,188.9
tools,raw-memory,eog,hybrid,4,1,3,task_20251217_140216_182_701c5774_9fcdf867,1.0,1,225384,73.5
tools,raw-memory,eog,hybrid,4,1,3,task_20251217_160053_417_701c5774_db625115,0.666667,0,322464,217.6
tools,raw-memory,eog,hybrid,4,1,3,task_20251218_102205_211_1628b966_06687c79,1.0,1,437420,141.9
tools,raw-memory,eog,hybrid,4,1,3,task_20251218_103430_472_701c5774_42c99459,0.0,0,428962,191.6
tools,raw-memory,eog,hybrid,4,1,3,task_20251218_173030_490_23fcbcdb_0e698d81,1.0,1,346958,187.5
tools,raw-memory,eog,hybrid,4,1,3,task_20251219_174221_127_64a4ebb9_3a8bb36b,0.8,0,287326,95.5
tools,raw-memory,eog,hybrid,4,1,3,task_20251221_222713_409_64a4ebb9_9915366d,1.0,1,327538,66.0
tools,raw-memory,eog,hybrid,4,1,3,task_20251222_113047_572_64a4ebb9_cd2083a8,0.8,0,375772,152.0
tools,raw-memory,eog,hybrid,4,1,3,task_20251224_104537_197_701c5774_5c104832,0.333333,0,565731,314.9
tools,raw-memory,eog,hybrid,4,1,3,task_20251224_112727_844_701c5774_58c1bbfb,0.0,0,394889,429.8
tools,raw-memory,eog,hybrid,4,1,3,task_20251225_130546_796_4d9df647_7e32b59a,0.0,0,154612,131.7
tools,raw-memory,eog,hybrid,4,1,3,task_20251225_133905_252_060e2c81_7e4fd228,0.875,0,367851,187.1
tools,raw-memory,eog,hybrid,4,1,3,task_20260113_141825_482_911d75d7_ecab6320,1.0,1,874236,209.6
tools,raw-memory,eog,hybrid,4,1,3,task_20260113_152354_165_9a1e131b_fc5e2cac,0.0,0,215401,85.7
tools,raw-memory,eog,hybrid,4,1,3,task_20260114_073013_180_911d75d7_cc244085,0.25,0,400249,350.1
tools,raw-memory,eog,hybrid,4,1,3,task_20260114_172825_147_1628b966_cc356289,1.0,1,125637,96.3
tools,raw-memory,eog,hybrid,4,1,3,task_20260115_111059_508_9a1e131b_a201f065,0.5,0,276531,127.3
tools,raw-memory,eog,hybrid,4,1,3,task_20260115_121701_840_1628b966_ff394d2f,1.0,1,230336,57.5
tools,raw-memory,eog,hybrid,4,1,3,task_20260115_170553_772_ae7b45e2_daae994c,0.5,0,248327,145.2
tools,raw-memory,eog,hybrid,4,1,3,task_20260116_080150_885_1628b966_5a58d8e3,0.0,0,210070,74.5
tools,raw-memory,eog,hybrid,4,1,3,task_20260116_125421_530_806f1a83_3e703812,1.0,1,470065,154.6
tools,raw-memory,eog,hybrid,4,1,3,task_20260116_131741_243_1628b966_c66e5972,0.5,0,346192,266.9
tools,raw-memory,eog,hybrid,4,1,3,task_20260117_084409_361_4d9df647_9892db8c,0.0,0,685708,375.1
tools,raw-memory,eog,hybrid,4,2,1,task_20251222_151946_409_060e2c81_253357ab,0.888889,0,430627,180.7
tools,raw-memory,eog,hybrid,4,2,1,task_20251225_074839_957_701c5774_eef4d0c4,1.0,1,259649,72.9
tools,raw-memory,eog,hybrid,4,2,1,task_20251226_133324_902_e5bf1251_942c943a,0.5,0,307764,98.6
tools,raw-memory,eog,hybrid,4,2,1,task_20251226_150609_837_4d9df647_84917c0b,0.714286,0,566946,184.0
tools,raw-memory,eog,hybrid,4,2,1,task_20251226_150647_118_13762b97_8da0c6a5,0.625,0,275672,88.8
tools,raw-memory,eog,hybrid,4,2,1,task_20251226_225931_685_bca89e7d_597733d7,0.75,0,247593,111.5
tools,raw-memory,eog,hybrid,4,2,1,task_20260113_114937_574_4d9df647_a8d4341b,0.8,0,444440,285.4
tools,raw-memory,eog,hybrid,4,2,1,task_20260113_120745_735_4d9df647_017a9009,1.0,1,349325,125.4
tools,raw-memory,eog,hybrid,4,2,1,task_20260113_141542_776_911d75d7_78be6b0f,1.0,1,206426,87.7
tools,raw-memory,eog,hybrid,4,2,1,task_20260115_122753_129_1628b966_0c22c9cc,0.666667,0,207810,79.9
tools,raw-memory,eog,hybrid,4,2,1,task_20260119_162417_443_d8f93f2d_2b15bc38,1.0,1,209574,82.0
tools,raw-memory,eog,hybrid,4,2,2,task_20251222_151946_409_060e2c81_253357ab,0.888889,0,477067,294.3
tools,raw-memory,eog,hybrid,4,2,2,task_20251225_074839_957_701c5774_eef4d0c4,1.0,1,258530,68.8
tools,raw-memory,eog,hybrid,4,2,2,task_20251226_133324_902_e5bf1251_942c943a,0.5,0,220736,92.0
tools,raw-memory,eog,hybrid,4,2,2,task_20251226_150609_837_4d9df647_84917c0b,0.428571,0,835848,291.4
tools,raw-memory,eog,hybrid,4,2,2,task_20251226_150647_118_13762b97_8da0c6a5,0.625,0,321599,72.5
tools,raw-memory,eog,hybrid,4,2,2,task_20251226_225931_685_bca89e7d_597733d7,0.75,0,206491,110.2
tools,raw-memory,eog,hybrid,4,2,2,task_20260113_114937_574_4d9df647_a8d4341b,0.6,0,447644,309.3
tools,raw-memory,eog,hybrid,4,2,2,task_20260113_120745_735_4d9df647_017a9009,1.0,1,272583,79.4
tools,raw-memory,eog,hybrid,4,2,2,task_20260113_141542_776_911d75d7_78be6b0f,1.0,1,105705,41.9
tools,raw-memory,eog,hybrid,4,2,2,task_20260115_122753_129_1628b966_0c22c9cc,0.666667,0,243030,135.0
tools,raw-memory,eog,hybrid,4,2,2,task_20260119_162417_443_d8f93f2d_2b15bc38,1.0,1,249529,142.1
tools,raw-memory,eog,hybrid,4,2,3,task_20251222_151946_409_060e2c81_253357ab,1.0,1,468512,214.4
tools,raw-memory,eog,hybrid,4,2,3,task_20251225_074839_957_701c5774_eef4d0c4,0.5,0,259972,232.1
tools,raw-memory,eog,hybrid,4,2,3,task_20251226_133324_902_e5bf1251_942c943a,0.5,0,261803,85.2
tools,raw-memory,eog,hybrid,4,2,3,task_20251226_150609_837_4d9df647_84917c0b,0.428571,0,843457,417.7
tools,raw-memory,eog,hybrid,4,2,3,task_20251226_150647_118_13762b97_8da0c6a5,0.625,0,459480,162.0
tools,raw-memory,eog,hybrid,4,2,3,task_20251226_225931_685_bca89e7d_597733d7,0.75,0,330372,244.9
tools,raw-memory,eog,hybrid,4,2,3,task_20260113_114937_574_4d9df647_a8d4341b,0.8,0,358392,226.0
tools,raw-memory,eog,hybrid,4,2,3,task_20260113_120745_735_4d9df647_017a9009,1.0,1,314286,127.9
tools,raw-memory,eog,hybrid,4,2,3,task_20260113_141542_776_911d75d7_78be6b0f,1.0,1,206231,28.0
tools,raw-memory,eog,hybrid,4,2,3,task_20260115_122753_129_1628b966_0c22c9cc,0.666667,0,280053,99.1
tools,raw-memory,eog,hybrid,4,2,3,task_20260119_162417_443_d8f93f2d_2b15bc38,1.0,1,248259,51.7
tools,raw-memory,eog,hybrid,4,3,1,task_20251217_130333_406_df2c536d_96566d89,0.666667,0,328855,145.3
tools,raw-memory,eog,hybrid,4,3,1,task_20251225_071630_879_701c5774_99b636e9,0.5,0,344482,205.5
tools,raw-memory,eog,hybrid,4,3,1,task_20251225_161315_197_13762b97_44595aaa,0.875,0,398802,105.5
tools,raw-memory,eog,hybrid,4,3,1,task_20260112_125407_584_1628b966_f5dd38b6,0.5,0,246618,104.1
tools,raw-memory,eog,hybrid,4,3,1,task_20260114_163605_721_1628b966_187c9544,1.0,1,313115,120.1
tools,raw-memory,eog,hybrid,4,3,1,task_20260114_174605_380_1628b966_b09f4a35,0.75,0,315964,82.5
tools,raw-memory,eog,hybrid,4,3,1,task_20260116_064331_915_d8f93f2d_854d09b8,1.0,1,496075,187.3
tools,raw-memory,eog,hybrid,4,3,1,task_20260116_095226_245_4d9df647_08f9f5b1,0.25,0,463137,241.1
tools,raw-memory,eog,hybrid,4,3,1,task_20260116_155214_819_baf0b358_0cf4418f,0.5,0,324410,189.8
tools,raw-memory,eog,hybrid,4,3,2,task_20251217_130333_406_df2c536d_96566d89,0.333333,0,256619,88.2
tools,raw-memory,eog,hybrid,4,3,2,task_20251225_071630_879_701c5774_99b636e9,0.5,0,429468,154.4
tools,raw-memory,eog,hybrid,4,3,2,task_20251225_161315_197_13762b97_44595aaa,0.875,0,243053,82.3
tools,raw-memory,eog,hybrid,4,3,2,task_20260112_125407_584_1628b966_f5dd38b6,0.5,0,280749,106.8
tools,raw-memory,eog,hybrid,4,3,2,task_20260114_163605_721_1628b966_187c9544,1.0,1,311570,137.6
tools,raw-memory,eog,hybrid,4,3,2,task_20260114_174605_380_1628b966_b09f4a35,0.75,0,315308,78.0
tools,raw-memory,eog,hybrid,4,3,2,task_20260116_064331_915_d8f93f2d_854d09b8,1.0,1,393281,122.5
tools,raw-memory,eog,hybrid,4,3,2,task_20260116_095226_245_4d9df647_08f9f5b1,0.25,0,515401,220.1
tools,raw-memory,eog,hybrid,4,3,2,task_20260116_155214_819_baf0b358_0cf4418f,0.5,0,323669,163.5
tools,raw-memory,eog,hybrid,4,3,3,task_20251217_130333_406_df2c536d_96566d89,0.666667,0,325930,180.6
tools,raw-memory,eog,hybrid,4,3,3,task_20251225_071630_879_701c5774_99b636e9,0.5,0,564810,260.8
tools,raw-memory,eog,hybrid,4,3,3,task_20251225_161315_197_13762b97_44595aaa,0.875,0,242058,72.2
tools,raw-memory,eog,hybrid,4,3,3,task_20260112_125407_584_1628b966_f5dd38b6,0.5,0,245792,104.3
tools,raw-memory,eog,hybrid,4,3,3,task_20260114_163605_721_1628b966_187c9544,1.0,1,305970,101.9
tools,raw-memory,eog,hybrid,4,3,3,task_20260114_174605_380_1628b966_b09f4a35,0.75,0,361783,52.5
tools,raw-memory,eog,hybrid,4,3,3,task_20260116_064331_915_d8f93f2d_854d09b8,1.0,1,591001,175.7
tools,raw-memory,eog,hybrid,4,3,3,task_20260116_095226_245_4d9df647_08f9f5b1,0.75,0,511696,207.6
tools,raw-memory,eog,hybrid,4,3,3,task_20260116_155214_819_baf0b358_0cf4418f,0.5,0,371636,129.6
tools,raw-memory,eog,hybrid,4,4,1,task_20251217_125948_467_6f5b66fc_10d57868,0.666667,0,214401,80.5
tools,raw-memory,eog,hybrid,4,4,1,task_20251218_115158_065_1628b966_72217cb4,0.0,0,317091,273.4
tools,raw-memory,eog,hybrid,4,4,1,task_20251219_115208_288_701c5774_66a236f8,0.5,0,460117,434.3
tools,raw-memory,eog,hybrid,4,4,1,task_20251220_151043_591_0a0bf089_22634f28,0.8,0,345910,114.0
tools,raw-memory,eog,hybrid,4,4,1,task_20251222_124541_619_64a4ebb9_abb23ceb,1.0,1,286405,67.1
tools,raw-memory,eog,hybrid,4,4,1,task_20251223_005949_519_13762b97_e08c84a3,0.625,0,650372,357.7
tools,raw-memory,eog,hybrid,4,4,1,task_20251224_153415_365_0a0bf089_01602883,0.666667,0,215305,170.3
tools,raw-memory,eog,hybrid,4,4,1,task_20251224_215807_175_8ce75c22_1c31b786,0.25,0,518116,171.4
tools,raw-memory,eog,hybrid,4,4,1,task_20251225_140851_135_64a4ebb9_c37d6b1b,1.0,1,267377,93.4
tools,raw-memory,eog,hybrid,4,4,1,task_20251225_152926_506_4d9df647_e4e518ca,0.6,0,524977,414.3
tools,raw-memory,eog,hybrid,4,4,1,task_20260114_133032_536_4d9df647_0635001b,1.0,1,318298,309.9
tools,raw-memory,eog,hybrid,4,4,1,task_20260114_164939_471_4d9df647_2aaff95f,0.8,0,357590,174.3
tools,raw-memory,eog,hybrid,4,4,1,task_20260115_145329_475_23fcbcdb_3a970315,0.75,0,584355,246.8
tools,raw-memory,eog,hybrid,4,4,1,task_20260116_054437_417_59bb807c_d73ca3e4,0.6,0,412241,212.5
tools,raw-memory,eog,hybrid,4,4,1,task_20260116_125857_450_1628b966_25b7eec5,0.0,0,291996,88.4
tools,raw-memory,eog,hybrid,4,4,1,task_20260116_133210_131_806f1a83_4c204063,1.0,1,362534,237.3
tools,raw-memory,eog,hybrid,4,4,1,task_20260116_174925_124_d8f93f2d_9e20df73,1.0,1,347108,171.9
tools,raw-memory,eog,hybrid,4,4,2,task_20251217_125948_467_6f5b66fc_10d57868,0.666667,0,214344,79.7
tools,raw-memory,eog,hybrid,4,4,2,task_20251218_115158_065_1628b966_72217cb4,0.0,0,133738,244.4
tools,raw-memory,eog,hybrid,4,4,2,task_20251219_115208_288_701c5774_66a236f8,0.5,0,540291,714.8
tools,raw-memory,eog,hybrid,4,4,2,task_20251220_151043_591_0a0bf089_22634f28,0.8,0,302779,77.6
tools,raw-memory,eog,hybrid,4,4,2,task_20251222_124541_619_64a4ebb9_abb23ceb,1.0,1,286391,88.2
tools,raw-memory,eog,hybrid,4,4,2,task_20251223_005949_519_13762b97_e08c84a3,0.625,0,387278,236.1
tools,raw-memory,eog,hybrid,4,4,2,task_20251224_153415_365_0a0bf089_01602883,0.666667,0,252254,137.8
tools,raw-memory,eog,hybrid,4,4,2,task_20251224_215807_175_8ce75c22_1c31b786,0.25,0,696942,275.7
tools,raw-memory,eog,hybrid,4,4,2,task_20251225_140851_135_64a4ebb9_c37d6b1b,1.0,1,304112,101.1
tools,raw-memory,eog,hybrid,4,4,2,task_20251225_152926_506_4d9df647_e4e518ca,0.4,0,639598,506.3
tools,raw-memory,eog,hybrid,4,4,2,task_20260114_133032_536_4d9df647_0635001b,1.0,1,355228,322.3
tools,raw-memory,eog,hybrid,4,4,2,task_20260114_164939_471_4d9df647_2aaff95f,0.8,0,459960,245.1
tools,raw-memory,eog,hybrid,4,4,2,task_20260115_145329_475_23fcbcdb_3a970315,0.75,0,532710,261.5
tools,raw-memory,eog,hybrid,4,4,2,task_20260116_054437_417_59bb807c_d73ca3e4,0.2,0,549942,246.7
tools,raw-memory,eog,hybrid,4,4,2,task_20260116_125857_450_1628b966_25b7eec5,0.0,0,302559,111.0
tools,raw-memory,eog,hybrid,4,4,2,task_20260116_133210_131_806f1a83_4c204063,1.0,1,454527,208.6
tools,raw-memory,eog,hybrid,4,4,2,task_20260116_174925_124_d8f93f2d_9e20df73,1.0,1,434094,201.3
tools,raw-memory,eog,hybrid,4,4,3,task_20251217_125948_467_6f5b66fc_10d57868,0.666667,0,284223,86.2
tools,raw-memory,eog,hybrid,4,4,3,task_20251218_115158_065_1628b966_72217cb4,0.0,0,275646,135.6
tools,raw-memory,eog,hybrid,4,4,3,task_20251219_115208_288_701c5774_66a236f8,0.5,0,552820,476.0
tools,raw-memory,eog,hybrid,4,4,3,task_20251220_151043_591_0a0bf089_22634f28,0.8,0,345049,91.5
tools,raw-memory,eog,hybrid,4,4,3,task_20251222_124541_619_64a4ebb9_abb23ceb,1.0,1,327675,101.4
tools,raw-memory,eog,hybrid,4,4,3,task_20251223_005949_519_13762b97_e08c84a3,0.5,0,382691,363.4
tools,raw-memory,eog,hybrid,4,4,3,task_20251224_153415_365_0a0bf089_01602883,0.666667,0,252175,131.2
tools,raw-memory,eog,hybrid,4,4,3,task_20251224_215807_175_8ce75c22_1c31b786,0.25,0,482334,187.1
tools,raw-memory,eog,hybrid,4,4,3,task_20251225_140851_135_64a4ebb9_c37d6b1b,1.0,1,304597,96.3
tools,raw-memory,eog,hybrid,4,4,3,task_20251225_152926_506_4d9df647_e4e518ca,0.6,0,580686,412.2
tools,raw-memory,eog,hybrid,4,4,3,task_20260114_133032_536_4d9df647_0635001b,1.0,1,475421,307.9
tools,raw-memory,eog,hybrid,4,4,3,task_20260114_164939_471_4d9df647_2aaff95f,0.4,0,252594,119.4
tools,raw-memory,eog,hybrid,4,4,3,task_20260115_145329_475_23fcbcdb_3a970315,0.75,0,531018,139.1
tools,raw-memory,eog,hybrid,4,4,3,task_20260116_054437_417_59bb807c_d73ca3e4,0.6,0,237143,140.7
tools,raw-memory,eog,hybrid,4,4,3,task_20260116_125857_450_1628b966_25b7eec5,0.0,0,347809,116.6
tools,raw-memory,eog,hybrid,4,4,3,task_20260116_133210_131_806f1a83_4c204063,1.0,1,362365,142.9
tools,raw-memory,eog,hybrid,4,4,3,task_20260116_174925_124_d8f93f2d_9e20df73,1.0,1,435640,204.8
tools,raw-memory,eog,itsm,1,1,1,task_20251210_205620_593_391f1eff_ad65c160,0.0,0,243579,267.6
tools,raw-memory,eog,itsm,1,1,1,task_20251212_172511_458_e6427839_47076c15,0.5,0,75733,36.4
tools,raw-memory,eog,itsm,1,1,1,task_20251212_184405_886_e6427839_6413728a,0.333333,0,206067,89.1
tools,raw-memory,eog,itsm,1,1,1,task_20251212_191411_655_391f1eff_2fef896f,1.0,1,238414,129.7
tools,raw-memory,eog,itsm,1,1,1,task_20251216_131651_690_764e5ead_f8619b02,1.0,1,237184,144.7
tools,raw-memory,eog,itsm,1,1,1,task_20251217_153037_688_97d7df7d_be0bd794,1.0,1,209690,99.2
tools,raw-memory,eog,itsm,1,1,1,task_20251217_205244_161_764e5ead_20429ef8,0.875,0,185262,101.3
tools,raw-memory,eog,itsm,1,1,1,task_20251218_061956_641_109c89c0_423ed8ee,0.142857,0,326813,189.3
tools,raw-memory,eog,itsm,1,1,1,task_20251218_082708_201_99ba2325_51726f9c,1.0,1,288616,209.3
tools,raw-memory,eog,itsm,1,1,1,task_20251218_093719_611_764e5ead_5817d09a,1.0,1,270090,206.1
tools,raw-memory,eog,itsm,1,1,1,task_20251218_104259_233_66392a82_74b17170,1.0,1,203038,87.3
tools,raw-memory,eog,itsm,1,1,1,task_20251218_121722_423_1d219d93_8218da6c,0.833333,0,346384,200.1
tools,raw-memory,eog,itsm,1,1,1,task_20251218_124419_383_66392a82_52c8290e,1.0,1,155485,98.3
tools,raw-memory,eog,itsm,1,1,1,task_20251218_155314_617_c5ca08eb_3ce3c52f,1.0,1,214201,155.3
tools,raw-memory,eog,itsm,1,1,1,task_20251218_183102_136_391f1eff_ac9a6986,1.0,1,178356,56.9
tools,raw-memory,eog,itsm,1,1,1,task_20251218_220134_063_391f1eff_30369342,1.0,1,128699,66.3
tools,raw-memory,eog,itsm,1,1,1,task_20251218_234602_633_391f1eff_09a746e7,0.5,0,157086,106.9
tools,raw-memory,eog,itsm,1,1,1,task_20251219_091707_306_ad5a67e3_a76dbe57,0.0,0,104005,71.9
tools,raw-memory,eog,itsm,1,1,1,task_20251219_111447_756_66392a82_1c69521d,1.0,1,156621,78.8
tools,raw-memory,eog,itsm,1,1,1,task_20251219_115925_475_1d219d93_53d34d23,0.6,0,369419,247.1
tools,raw-memory,eog,itsm,1,1,1,task_20251219_144431_663_97d7df7d_a52988e5,0.0,0,184281,110.6
tools,raw-memory,eog,itsm,1,1,1,task_20251221_233237_652_66392a82_c1a599bb,0.666667,0,129788,96.7
tools,raw-memory,eog,itsm,1,1,1,task_20251222_072805_599_99ba2325_ae6b0778,1.0,1,281894,239.0
tools,raw-memory,eog,itsm,1,1,1,task_20251222_105710_498_391f1eff_8b25dbef,1.0,1,182024,108.0
tools,raw-memory,eog,itsm,1,1,1,task_20251222_133355_087_30600918_e9215c57,0.25,0,286896,156.9
tools,raw-memory,eog,itsm,1,1,1,task_20251222_140957_029_c5ca08eb_3c4271f0,0.666667,0,126064,74.8
tools,raw-memory,eog,itsm,1,1,1,task_20251222_190928_391_391f1eff_8cb006f5,0.25,0,231832,171.2
tools,raw-memory,eog,itsm,1,1,1,task_20251222_195853_743_0be70e35_0916fba8,0.5,0,236036,132.0
tools,raw-memory,eog,itsm,1,1,1,task_20251223_064316_340_01395ded_9c6f3e01,0.75,0,380571,443.5
tools,raw-memory,eog,itsm,1,1,1,task_20251223_101136_983_1d219d93_d1ba6c2d,0.833333,0,292816,179.5
tools,raw-memory,eog,itsm,1,1,1,task_20251223_132605_091_764e5ead_dd00cc8f,0.6,0,369997,384.5
tools,raw-memory,eog,itsm,1,1,1,task_20251223_151555_341_764e5ead_9648644d,0.571429,0,320648,181.2
tools,raw-memory,eog,itsm,1,1,1,task_20260112_183416_157_a8eea1c0_0d6acfd0,0.4,0,190539,133.8
tools,raw-memory,eog,itsm,1,1,1,task_20260113_031046_703_99ba2325_54f35603,1.0,1,210747,119.0
tools,raw-memory,eog,itsm,1,1,1,task_20260113_182216_716_a8eea1c0_7a0619e9,0.333333,0,158759,98.9
tools,raw-memory,eog,itsm,1,1,1,task_20260113_182602_664_46ca2862_b6ef60ca,1.0,1,206930,110.5
tools,raw-memory,eog,itsm,1,1,1,task_20260113_212050_548_a8eea1c0_73a73ce7,1.0,1,185369,117.7
tools,raw-memory,eog,itsm,1,1,1,task_20260114_094327_107_46ca2862_796e7685,1.0,1,239004,164.7
tools,raw-memory,eog,itsm,1,1,1,task_20260114_174427_042_99ba2325_7915481a,0.333333,0,83274,109.4
tools,raw-memory,eog,itsm,1,1,1,task_20260114_180601_485_99ba2325_2dc8b3ce,0.666667,0,218769,89.3
tools,raw-memory,eog,itsm,1,1,1,task_20260114_181932_082_99ba2325_92ddef90,0.6,0,265701,170.5
tools,raw-memory,eog,itsm,1,1,1,task_20260115_143541_964_fa1836dc_dc6652fd,1.0,1,334926,281.1
tools,raw-memory,eog,itsm,1,1,1,task_20260115_152733_296_46ca2862_55f848d3,0.6,0,185286,128.1
tools,raw-memory,eog,itsm,1,1,1,task_20260115_172636_260_fa1836dc_7a703e50,0.5,0,128931,57.6
tools,raw-memory,eog,itsm,1,1,1,task_20260116_081645_096_66392a82_fd509f97,0.4,0,278988,238.9
tools,raw-memory,eog,itsm,1,1,1,task_20260116_101840_488_e6427839_81df8ba3,0.75,0,205375,93.6
tools,raw-memory,eog,itsm,1,1,1,task_20260116_124300_245_1d219d93_76cd5b4d,1.0,1,261176,170.6
tools,raw-memory,eog,itsm,1,1,1,task_20260116_224538_330_66392a82_10d0806e,0.0,0,54326,77.8
tools,raw-memory,eog,itsm,1,1,2,task_20251210_205620_593_391f1eff_ad65c160,0.0,0,213622,186.3
tools,raw-memory,eog,itsm,1,1,2,task_20251212_172511_458_e6427839_47076c15,0.5,0,128004,51.9
tools,raw-memory,eog,itsm,1,1,2,task_20251212_184405_886_e6427839_6413728a,0.0,0,179709,67.2
tools,raw-memory,eog,itsm,1,1,2,task_20251212_191411_655_391f1eff_2fef896f,1.0,1,235042,122.8
tools,raw-memory,eog,itsm,1,1,2,task_20251216_131651_690_764e5ead_f8619b02,1.0,1,236029,175.4
tools,raw-memory,eog,itsm,1,1,2,task_20251217_153037_688_97d7df7d_be0bd794,1.0,1,237199,111.2
tools,raw-memory,eog,itsm,1,1,2,task_20251217_205244_161_764e5ead_20429ef8,0.875,0,294281,120.0
tools,raw-memory,eog,itsm,1,1,2,task_20251218_061956_641_109c89c0_423ed8ee,0.142857,0,310949,225.5
tools,raw-memory,eog,itsm,1,1,2,task_20251218_082708_201_99ba2325_51726f9c,1.0,1,262276,190.1
tools,raw-memory,eog,itsm,1,1,2,task_20251218_093719_611_764e5ead_5817d09a,1.0,1,192112,262.6
tools,raw-memory,eog,itsm,1,1,2,task_20251218_104259_233_66392a82_74b17170,1.0,1,151551,59.7
tools,raw-memory,eog,itsm,1,1,2,task_20251218_121722_423_1d219d93_8218da6c,0.666667,0,317229,191.8
tools,raw-memory,eog,itsm,1,1,2,task_20251218_124419_383_66392a82_52c8290e,1.0,1,156501,118.7
tools,raw-memory,eog,itsm,1,1,2,task_20251218_155314_617_c5ca08eb_3ce3c52f,0.0,0,104948,79.6
tools,raw-memory,eog,itsm,1,1,2,task_20251218_183102_136_391f1eff_ac9a6986,1.0,1,152073,57.0
tools,raw-memory,eog,itsm,1,1,2,task_20251218_220134_063_391f1eff_30369342,1.0,1,183169,154.0
tools,raw-memory,eog,itsm,1,1,2,task_20251218_234602_633_391f1eff_09a746e7,0.5,0,156346,94.4
tools,raw-memory,eog,itsm,1,1,2,task_20251219_091707_306_ad5a67e3_a76dbe57,0.0,0,104565,83.9
tools,raw-memory,eog,itsm,1,1,2,task_20251219_111447_756_66392a82_1c69521d,1.0,1,182299,82.2
tools,raw-memory,eog,itsm,1,1,2,task_20251219_115925_475_1d219d93_53d34d23,0.6,0,312438,154.8
tools,raw-memory,eog,itsm,1,1,2,task_20251219_144431_663_97d7df7d_a52988e5,0.0,0,185476,144.4
tools,raw-memory,eog,itsm,1,1,2,task_20251221_233237_652_66392a82_c1a599bb,0.666667,0,181294,131.9
tools,raw-memory,eog,itsm,1,1,2,task_20251222_072805_599_99ba2325_ae6b0778,1.0,1,246303,200.7
tools,raw-memory,eog,itsm,1,1,2,task_20251222_105710_498_391f1eff_8b25dbef,1.0,1,128168,58.8
tools,raw-memory,eog,itsm,1,1,2,task_20251222_133355_087_30600918_e9215c57,0.5,0,304988,174.9
tools,raw-memory,eog,itsm,1,1,2,task_20251222_140957_029_c5ca08eb_3c4271f0,0.666667,0,126884,102.9
tools,raw-memory,eog,itsm,1,1,2,task_20251222_190928_391_391f1eff_8cb006f5,0.5,0,240306,203.6
tools,raw-memory,eog,itsm,1,1,2,task_20251222_195853_743_0be70e35_0916fba8,0.5,0,162235,107.1
tools,raw-memory,eog,itsm,1,1,2,task_20251223_064316_340_01395ded_9c6f3e01,0.75,0,313136,364.2
tools,raw-memory,eog,itsm,1,1,2,task_20251223_101136_983_1d219d93_d1ba6c2d,0.833333,0,311845,144.4
tools,raw-memory,eog,itsm,1,1,2,task_20251223_132605_091_764e5ead_dd00cc8f,0.8,0,484307,373.2
tools,raw-memory,eog,itsm,1,1,2,task_20251223_151555_341_764e5ead_9648644d,0.571429,0,356017,294.8
tools,raw-memory,eog,itsm,1,1,2,task_20260112_183416_157_a8eea1c0_0d6acfd0,0.4,0,190002,115.4
tools,raw-memory,eog,itsm,1,1,2,task_20260113_031046_703_99ba2325_54f35603,1.0,1,208150,108.3
tools,raw-memory,eog,itsm,1,1,2,task_20260113_182216_716_a8eea1c0_7a0619e9,0.333333,0,183926,116.3
tools,raw-memory,eog,itsm,1,1,2,task_20260113_182602_664_46ca2862_b6ef60ca,1.0,1,156628,116.6
tools,raw-memory,eog,itsm,1,1,2,task_20260113_212050_548_a8eea1c0_73a73ce7,0.25,0,189282,148.2
tools,raw-memory,eog,itsm,1,1,2,task_20260114_094327_107_46ca2862_796e7685,1.0,1,210373,188.0
tools,raw-memory,eog,itsm,1,1,2,task_20260114_174427_042_99ba2325_7915481a,0.333333,0,163759,137.8
tools,raw-memory,eog,itsm,1,1,2,task_20260114_180601_485_99ba2325_2dc8b3ce,0.666667,0,159485,78.5
tools,raw-memory,eog,itsm,1,1,2,task_20260114_181932_082_99ba2325_92ddef90,0.6,0,268059,227.6
tools,raw-memory,eog,itsm,1,1,2,task_20260115_143541_964_fa1836dc_dc6652fd,0.444444,0,140983,202.5
tools,raw-memory,eog,itsm,1,1,2,task_20260115_152733_296_46ca2862_55f848d3,0.6,0,186797,149.5
tools,raw-memory,eog,itsm,1,1,2,task_20260115_172636_260_fa1836dc_7a703e50,0.5,0,153590,64.1
tools,raw-memory,eog,itsm,1,1,2,task_20260116_081645_096_66392a82_fd509f97,0.6,0,410135,503.0
tools,raw-memory,eog,itsm,1,1,2,task_20260116_101840_488_e6427839_81df8ba3,0.75,0,206531,109.8
tools,raw-memory,eog,itsm,1,1,2,task_20260116_124300_245_1d219d93_76cd5b4d,1.0,1,234967,225.2
tools,raw-memory,eog,itsm,1,1,2,task_20260116_224538_330_66392a82_10d0806e,0.6,0,351262,162.5
tools,raw-memory,eog,itsm,1,1,3,task_20251210_205620_593_391f1eff_ad65c160,0.5,0,411126,249.3
tools,raw-memory,eog,itsm,1,1,3,task_20251212_172511_458_e6427839_47076c15,0.5,0,103161,46.6
tools,raw-memory,eog,itsm,1,1,3,task_20251212_184405_886_e6427839_6413728a,0.333333,0,205174,102.3
tools,raw-memory,eog,itsm,1,1,3,task_20251212_191411_655_391f1eff_2fef896f,1.0,1,276875,157.7
tools,raw-memory,eog,itsm,1,1,3,task_20251216_131651_690_764e5ead_f8619b02,1.0,1,262820,183.2
tools,raw-memory,eog,itsm,1,1,3,task_20251217_153037_688_97d7df7d_be0bd794,1.0,1,208999,105.6
tools,raw-memory,eog,itsm,1,1,3,task_20251217_205244_161_764e5ead_20429ef8,0.75,0,296838,150.6
tools,raw-memory,eog,itsm,1,1,3,task_20251218_061956_641_109c89c0_423ed8ee,0.142857,0,438557,327.5
tools,raw-memory,eog,itsm,1,1,3,task_20251218_082708_201_99ba2325_51726f9c,1.0,1,235564,204.4
tools,raw-memory,eog,itsm,1,1,3,task_20251218_093719_611_764e5ead_5817d09a,0.857143,0,268434,225.8
tools,raw-memory,eog,itsm,1,1,3,task_20251218_104259_233_66392a82_74b17170,1.0,1,153681,84.2
tools,raw-memory,eog,itsm,1,1,3,task_20251218_121722_423_1d219d93_8218da6c,0.833333,0,267453,264.0
tools,raw-memory,eog,itsm,1,1,3,task_20251218_124419_383_66392a82_52c8290e,1.0,1,155758,112.2
tools,raw-memory,eog,itsm,1,1,3,task_20251218_155314_617_c5ca08eb_3ce3c52f,0.0,0,103426,99.4
tools,raw-memory,eog,itsm,1,1,3,task_20251218_183102_136_391f1eff_ac9a6986,1.0,1,151378,64.4
tools,raw-memory,eog,itsm,1,1,3,task_20251218_220134_063_391f1eff_30369342,1.0,1,208006,127.4
tools,raw-memory,eog,itsm,1,1,3,task_20251218_234602_633_391f1eff_09a746e7,0.5,0,210836,142.7
tools,raw-memory,eog,itsm,1,1,3,task_20251219_091707_306_ad5a67e3_a76dbe57,0.0,0,75689,67.6
tools,raw-memory,eog,itsm,1,1,3,task_20251219_111447_756_66392a82_1c69521d,1.0,1,102564,39.0
tools,raw-memory,eog,itsm,1,1,3,task_20251219_115925_475_1d219d93_53d34d23,0.4,0,379340,245.7
tools,raw-memory,eog,itsm,1,1,3,task_20251219_144431_663_97d7df7d_a52988e5,0.0,0,212423,202.6
tools,raw-memory,eog,itsm,1,1,3,task_20251221_233237_652_66392a82_c1a599bb,0.666667,0,154031,92.7
tools,raw-memory,eog,itsm,1,1,3,task_20251222_072805_599_99ba2325_ae6b0778,1.0,1,225815,154.7
tools,raw-memory,eog,itsm,1,1,3,task_20251222_105710_498_391f1eff_8b25dbef,1.0,1,129876,86.8
tools,raw-memory,eog,itsm,1,1,3,task_20251222_133355_087_30600918_e9215c57,0.5,0,285852,161.1
tools,raw-memory,eog,itsm,1,1,3,task_20251222_140957_029_c5ca08eb_3c4271f0,0.0,0,26192,32.5
tools,raw-memory,eog,itsm,1,1,3,task_20251222_190928_391_391f1eff_8cb006f5,0.0,0,261108,261.6
tools,raw-memory,eog,itsm,1,1,3,task_20251222_195853_743_0be70e35_0916fba8,0.5,0,186972,144.8
tools,raw-memory,eog,itsm,1,1,3,task_20251223_064316_340_01395ded_9c6f3e01,0.25,0,305676,354.8
tools,raw-memory,eog,itsm,1,1,3,task_20251223_101136_983_1d219d93_d1ba6c2d,0.5,0,260317,165.4
tools,raw-memory,eog,itsm,1,1,3,task_20251223_132605_091_764e5ead_dd00cc8f,0.6,0,360324,283.0
tools,raw-memory,eog,itsm,1,1,3,task_20251223_151555_341_764e5ead_9648644d,0.571429,0,357124,309.9
tools,raw-memory,eog,itsm,1,1,3,task_20260112_183416_157_a8eea1c0_0d6acfd0,0.4,0,217220,144.5
tools,raw-memory,eog,itsm,1,1,3,task_20260113_031046_703_99ba2325_54f35603,1.0,1,158009,142.5
tools,raw-memory,eog,itsm,1,1,3,task_20260113_182216_716_a8eea1c0_7a0619e9,0.333333,0,156564,95.5
tools,raw-memory,eog,itsm,1,1,3,task_20260113_182602_664_46ca2862_b6ef60ca,1.0,1,182831,149.5
tools,raw-memory,eog,itsm,1,1,3,task_20260113_212050_548_a8eea1c0_73a73ce7,0.0,0,159756,139.2
tools,raw-memory,eog,itsm,1,1,3,task_20260114_094327_107_46ca2862_796e7685,1.0,1,210662,209.1
tools,raw-memory,eog,itsm,1,1,3,task_20260114_174427_042_99ba2325_7915481a,0.333333,0,109321,114.1
tools,raw-memory,eog,itsm,1,1,3,task_20260114_180601_485_99ba2325_2dc8b3ce,0.666667,0,249231,104.1
tools,raw-memory,eog,itsm,1,1,3,task_20260114_181932_082_99ba2325_92ddef90,0.6,0,268994,243.3
tools,raw-memory,eog,itsm,1,1,3,task_20260115_143541_964_fa1836dc_dc6652fd,0.777778,0,308652,344.4
tools,raw-memory,eog,itsm,1,1,3,task_20260115_152733_296_46ca2862_55f848d3,0.6,0,211801,207.7
tools,raw-memory,eog,itsm,1,1,3,task_20260115_172636_260_fa1836dc_7a703e50,0.5,0,153101,60.1
tools,raw-memory,eog,itsm,1,1,3,task_20260116_081645_096_66392a82_fd509f97,0.6,0,362252,421.1
tools,raw-memory,eog,itsm,1,1,3,task_20260116_101840_488_e6427839_81df8ba3,0.75,0,235570,88.9
tools,raw-memory,eog,itsm,1,1,3,task_20260116_124300_245_1d219d93_76cd5b4d,1.0,1,157926,90.9
tools,raw-memory,eog,itsm,1,1,3,task_20260116_224538_330_66392a82_10d0806e,0.6,0,395432,227.1
tools,raw-memory,eog,itsm,2,1,1,task_20251210_205620_593_391f1eff_ad65c160,0.5,0,440962,355.6
tools,raw-memory,eog,itsm,2,1,1,task_20251212_172511_458_e6427839_47076c15,0.5,0,93537,26.4
tools,raw-memory,eog,itsm,2,1,1,task_20251212_184405_886_e6427839_6413728a,0.333333,0,226641,217.2
tools,raw-memory,eog,itsm,2,1,1,task_20251212_191411_655_391f1eff_2fef896f,1.0,1,261890,106.5
tools,raw-memory,eog,itsm,2,1,1,task_20251216_131651_690_764e5ead_f8619b02,1.0,1,363971,198.2
tools,raw-memory,eog,itsm,2,1,1,task_20251217_153037_688_97d7df7d_be0bd794,1.0,1,262139,220.0
tools,raw-memory,eog,itsm,2,1,1,task_20251217_205244_161_764e5ead_20429ef8,0.875,0,264884,117.1
tools,raw-memory,eog,itsm,2,1,1,task_20251218_061956_641_109c89c0_423ed8ee,0.142857,0,553531,340.4
tools,raw-memory,eog,itsm,2,1,1,task_20251218_082708_201_99ba2325_51726f9c,1.0,1,262836,319.9
tools,raw-memory,eog,itsm,2,1,1,task_20251218_093719_611_764e5ead_5817d09a,1.0,1,348563,369.3
tools,raw-memory,eog,itsm,2,1,1,task_20251218_104259_233_66392a82_74b17170,1.0,1,191651,91.2
tools,raw-memory,eog,itsm,2,1,1,task_20251218_121722_423_1d219d93_8218da6c,0.833333,0,494166,324.6
tools,raw-memory,eog,itsm,2,1,1,task_20251218_124419_383_66392a82_52c8290e,1.0,1,225872,114.6
tools,raw-memory,eog,itsm,2,1,1,task_20251218_155314_617_c5ca08eb_3ce3c52f,0.0,0,95873,53.8
tools,raw-memory,eog,itsm,2,1,1,task_20251218_183102_136_391f1eff_ac9a6986,1.0,1,192461,125.6
tools,raw-memory,eog,itsm,2,1,1,task_20251218_220134_063_391f1eff_30369342,1.0,1,261749,224.5
tools,raw-memory,eog,itsm,2,1,1,task_20251218_234602_633_391f1eff_09a746e7,0.5,0,158504,61.1
tools,raw-memory,eog,itsm,2,1,1,task_20251219_091707_306_ad5a67e3_a76dbe57,0.0,0,94531,59.9
tools,raw-memory,eog,itsm,2,1,1,task_20251219_111447_756_66392a82_1c69521d,1.0,1,128048,47.6
tools,raw-memory,eog,itsm,2,1,1,task_20251219_115925_475_1d219d93_53d34d23,0.6,0,457461,276.2
tools,raw-memory,eog,itsm,2,1,1,task_20251219_144431_663_97d7df7d_a52988e5,0.0,0,161179,96.9
tools,raw-memory,eog,itsm,2,1,1,task_20251221_233237_652_66392a82_c1a599bb,0.666667,0,221465,84.6
tools,raw-memory,eog,itsm,2,1,1,task_20251222_072805_599_99ba2325_ae6b0778,0.666667,0,385862,328.9
tools,raw-memory,eog,itsm,2,1,1,task_20251222_105710_498_391f1eff_8b25dbef,1.0,1,194288,83.6
tools,raw-memory,eog,itsm,2,1,1,task_20251222_133355_087_30600918_e9215c57,0.5,0,350841,181.1
tools,raw-memory,eog,itsm,2,1,1,task_20251222_140957_029_c5ca08eb_3c4271f0,0.666667,0,192145,130.7
tools,raw-memory,eog,itsm,2,1,1,task_20251222_190928_391_391f1eff_8cb006f5,0.0,0,300154,195.6
tools,raw-memory,eog,itsm,2,1,1,task_20251222_195853_743_0be70e35_0916fba8,0.5,0,230849,91.5
tools,raw-memory,eog,itsm,2,1,1,task_20251223_064316_340_01395ded_9c6f3e01,0.0,0,279678,315.0
tools,raw-memory,eog,itsm,2,1,1,task_20251223_101136_983_1d219d93_d1ba6c2d,0.5,0,325798,143.3
tools,raw-memory,eog,itsm,2,1,1,task_20251223_132605_091_764e5ead_dd00cc8f,0.6,0,407246,233.1
tools,raw-memory,eog,itsm,2,1,1,task_20251223_151555_341_764e5ead_9648644d,0.571429,0,603490,260.6
tools,raw-memory,eog,itsm,2,1,1,task_20260112_183416_157_a8eea1c0_0d6acfd0,0.6,0,264353,207.9
tools,raw-memory,eog,itsm,2,1,1,task_20260113_031046_703_99ba2325_54f35603,1.0,1,298816,176.6
tools,raw-memory,eog,itsm,2,1,1,task_20260113_182216_716_a8eea1c0_7a0619e9,0.333333,0,168235,231.8
tools,raw-memory,eog,itsm,2,1,1,task_20260113_182602_664_46ca2862_b6ef60ca,0.5,0,158874,86.7
tools,raw-memory,eog,itsm,2,1,1,task_20260113_212050_548_a8eea1c0_73a73ce7,0.0,0,235908,167.1
tools,raw-memory,eog,itsm,2,1,1,task_20260114_094327_107_46ca2862_796e7685,1.0,1,296010,291.1
tools,raw-memory,eog,itsm,2,1,1,task_20260114_174427_042_99ba2325_7915481a,0.333333,0,101176,138.9
tools,raw-memory,eog,itsm,2,1,1,task_20260114_180601_485_99ba2325_2dc8b3ce,0.666667,0,300378,91.5
tools,raw-memory,eog,itsm,2,1,1,task_20260114_181932_082_99ba2325_92ddef90,0.6,0,332092,230.4
tools,raw-memory,eog,itsm,2,1,1,task_20260115_143541_964_fa1836dc_dc6652fd,0.0,0,101621,134.2
tools,raw-memory,eog,itsm,2,1,1,task_20260115_152733_296_46ca2862_55f848d3,0.6,0,318816,187.2
tools,raw-memory,eog,itsm,2,1,1,task_20260115_172636_260_fa1836dc_7a703e50,0.5,0,191739,111.6
tools,raw-memory,eog,itsm,2,1,1,task_20260116_081645_096_66392a82_fd509f97,0.6,0,557385,417.0
tools,raw-memory,eog,itsm,2,1,1,task_20260116_101840_488_e6427839_81df8ba3,0.75,0,224580,105.9
tools,raw-memory,eog,itsm,2,1,1,task_20260116_124300_245_1d219d93_76cd5b4d,1.0,1,195261,107.3
tools,raw-memory,eog,itsm,2,1,1,task_20260116_224538_330_66392a82_10d0806e,0.8,0,460256,193.4
tools,raw-memory,eog,itsm,2,1,2,task_20251210_205620_593_391f1eff_ad65c160,0.0,0,133102,117.5
tools,raw-memory,eog,itsm,2,1,2,task_20251212_172511_458_e6427839_47076c15,0.5,0,93651,34.0
tools,raw-memory,eog,itsm,2,1,2,task_20251212_184405_886_e6427839_6413728a,0.333333,0,257897,96.2
tools,raw-memory,eog,itsm,2,1,2,task_20251212_191411_655_391f1eff_2fef896f,1.0,1,325398,119.7
tools,raw-memory,eog,itsm,2,1,2,task_20251216_131651_690_764e5ead_f8619b02,0.666667,0,296670,248.4
tools,raw-memory,eog,itsm,2,1,2,task_20251217_153037_688_97d7df7d_be0bd794,1.0,1,226961,92.7
tools,raw-memory,eog,itsm,2,1,2,task_20251217_205244_161_764e5ead_20429ef8,1.0,1,355262,199.1
tools,raw-memory,eog,itsm,2,1,2,task_20251218_061956_641_109c89c0_423ed8ee,0.142857,0,438237,208.6
tools,raw-memory,eog,itsm,2,1,2,task_20251218_082708_201_99ba2325_51726f9c,1.0,1,195730,190.8
tools,raw-memory,eog,itsm,2,1,2,task_20251218_093719_611_764e5ead_5817d09a,0.714286,0,239936,202.1
tools,raw-memory,eog,itsm,2,1,2,task_20251218_104259_233_66392a82_74b17170,1.0,1,158879,60.1
tools,raw-memory,eog,itsm,2,1,2,task_20251218_121722_423_1d219d93_8218da6c,0.666667,0,461021,239.2
tools,raw-memory,eog,itsm,2,1,2,task_20251218_124419_383_66392a82_52c8290e,1.0,1,226291,132.3
tools,raw-memory,eog,itsm,2,1,2,task_20251218_155314_617_c5ca08eb_3ce3c52f,1.0,1,233680,275.2
tools,raw-memory,eog,itsm,2,1,2,task_20251218_183102_136_391f1eff_ac9a6986,1.0,1,191669,70.1
tools,raw-memory,eog,itsm,2,1,2,task_20251218_220134_063_391f1eff_30369342,1.0,1,292460,141.1
tools,raw-memory,eog,itsm,2,1,2,task_20251218_234602_633_391f1eff_09a746e7,0.5,0,194920,88.4
tools,raw-memory,eog,itsm,2,1,2,task_20251219_091707_306_ad5a67e3_a76dbe57,0.0,0,96235,62.2
tools,raw-memory,eog,itsm,2,1,2,task_20251219_111447_756_66392a82_1c69521d,1.0,1,222587,71.5
tools,raw-memory,eog,itsm,2,1,2,task_20251219_115925_475_1d219d93_53d34d23,0.6,0,393523,174.3
tools,raw-memory,eog,itsm,2,1,2,task_20251219_144431_663_97d7df7d_a52988e5,0.0,0,231457,157.8
tools,raw-memory,eog,itsm,2,1,2,task_20251221_233237_652_66392a82_c1a599bb,1.0,1,221929,140.8
tools,raw-memory,eog,itsm,2,1,2,task_20251222_072805_599_99ba2325_ae6b0778,1.0,1,272851,197.1
tools,raw-memory,eog,itsm,2,1,2,task_20251222_105710_498_391f1eff_8b25dbef,1.0,1,194254,106.6
tools,raw-memory,eog,itsm,2,1,2,task_20251222_133355_087_30600918_e9215c57,0.25,0,276918,136.4
tools,raw-memory,eog,itsm,2,1,2,task_20251222_140957_029_c5ca08eb_3c4271f0,0.666667,0,223604,132.7
tools,raw-memory,eog,itsm,2,1,2,task_20251222_190928_391_391f1eff_8cb006f5,0.0,0,300563,230.8
tools,raw-memory,eog,itsm,2,1,2,task_20251222_195853_743_0be70e35_0916fba8,0.5,0,299917,197.1
tools,raw-memory,eog,itsm,2,1,2,task_20251223_064316_340_01395ded_9c6f3e01,0.5,0,560572,502.7
tools,raw-memory,eog,itsm,2,1,2,task_20251223_101136_983_1d219d93_d1ba6c2d,0.833333,0,261142,138.5
tools,raw-memory,eog,itsm,2,1,2,task_20251223_132605_091_764e5ead_dd00cc8f,0.6,0,339736,293.0
tools,raw-memory,eog,itsm,2,1,2,task_20251223_151555_341_764e5ead_9648644d,0.428571,0,330558,162.2
tools,raw-memory,eog,itsm,2,1,2,task_20260112_183416_157_a8eea1c0_0d6acfd0,0.4,0,270662,168.7
tools,raw-memory,eog,itsm,2,1,2,task_20260113_031046_703_99ba2325_54f35603,1.0,1,204592,105.4
tools,raw-memory,eog,itsm,2,1,2,task_20260113_182216_716_a8eea1c0_7a0619e9,0.333333,0,224323,87.5
tools,raw-memory,eog,itsm,2,1,2,task_20260113_182602_664_46ca2862_b6ef60ca,1.0,1,292022,222.1
tools,raw-memory,eog,itsm,2,1,2,task_20260113_212050_548_a8eea1c0_73a73ce7,0.0,0,169834,117.6
tools,raw-memory,eog,itsm,2,1,2,task_20260114_094327_107_46ca2862_796e7685,1.0,1,262021,170.6
tools,raw-memory,eog,itsm,2,1,2,task_20260114_174427_042_99ba2325_7915481a,0.333333,0,102026,100.4
tools,raw-memory,eog,itsm,2,1,2,task_20260114_180601_485_99ba2325_2dc8b3ce,0.333333,0,263285,86.7
tools,raw-memory,eog,itsm,2,1,2,task_20260114_181932_082_99ba2325_92ddef90,0.6,0,266728,160.1
tools,raw-memory,eog,itsm,2,1,2,task_20260115_143541_964_fa1836dc_dc6652fd,1.0,1,244015,305.2
tools,raw-memory,eog,itsm,2,1,2,task_20260115_152733_296_46ca2862_55f848d3,0.6,0,264668,200.6
tools,raw-memory,eog,itsm,2,1,2,task_20260115_172636_260_fa1836dc_7a703e50,0.5,0,191623,63.0
tools,raw-memory,eog,itsm,2,1,2,task_20260116_081645_096_66392a82_fd509f97,0.4,0,448169,476.7
tools,raw-memory,eog,itsm,2,1,2,task_20260116_101840_488_e6427839_81df8ba3,0.75,0,388911,152.8
tools,raw-memory,eog,itsm,2,1,2,task_20260116_124300_245_1d219d93_76cd5b4d,1.0,1,196495,106.0
tools,raw-memory,eog,itsm,2,1,2,task_20260116_224538_330_66392a82_10d0806e,0.6,0,504962,248.2
tools,raw-memory,eog,itsm,2,1,3,task_20251210_205620_593_391f1eff_ad65c160,0.0,0,337745,456.6
tools,raw-memory,eog,itsm,2,1,3,task_20251212_172511_458_e6427839_47076c15,0.5,0,93480,57.2
tools,raw-memory,eog,itsm,2,1,3,task_20251212_184405_886_e6427839_6413728a,0.333333,0,257935,126.4
tools,raw-memory,eog,itsm,2,1,3,task_20251212_191411_655_391f1eff_2fef896f,1.0,1,328760,255.6
tools,raw-memory,eog,itsm,2,1,3,task_20251216_131651_690_764e5ead_f8619b02,1.0,1,291444,185.0
tools,raw-memory,eog,itsm,2,1,3,task_20251217_153037_688_97d7df7d_be0bd794,1.0,1,259361,139.0
tools,raw-memory,eog,itsm,2,1,3,task_20251217_205244_161_764e5ead_20429ef8,0.875,0,322446,119.8
tools,raw-memory,eog,itsm,2,1,3,task_20251218_061956_641_109c89c0_423ed8ee,0.142857,0,349675,835.5
tools,raw-memory,eog,itsm,2,1,3,task_20251218_082708_201_99ba2325_51726f9c,1.0,1,195488,167.1
tools,raw-memory,eog,itsm,2,1,3,task_20251218_093719_611_764e5ead_5817d09a,1.0,1,452433,494.6
tools,raw-memory,eog,itsm,2,1,3,task_20251218_104259_233_66392a82_74b17170,1.0,1,221869,211.5
tools,raw-memory,eog,itsm,2,1,3,task_20251218_121722_423_1d219d93_8218da6c,0.666667,0,424048,202.3
tools,raw-memory,eog,itsm,2,1,3,task_20251218_124419_383_66392a82_52c8290e,1.0,1,226178,160.7
tools,raw-memory,eog,itsm,2,1,3,task_20251218_155314_617_c5ca08eb_3ce3c52f,0.0,0,129717,185.3
tools,raw-memory,eog,itsm,2,1,3,task_20251218_183102_136_391f1eff_ac9a6986,1.0,1,190873,149.0
tools,raw-memory,eog,itsm,2,1,3,task_20251218_220134_063_391f1eff_30369342,1.0,1,227388,171.1
tools,raw-memory,eog,itsm,2,1,3,task_20251218_234602_633_391f1eff_09a746e7,0.5,0,192174,74.6
tools,raw-memory,eog,itsm,2,1,3,task_20251219_091707_306_ad5a67e3_a76dbe57,0.0,0,93538,36.9
tools,raw-memory,eog,itsm,2,1,3,task_20251219_111447_756_66392a82_1c69521d,0.666667,0,193863,63.3
tools,raw-memory,eog,itsm,2,1,3,task_20251219_115925_475_1d219d93_53d34d23,0.6,0,292928,140.6
tools,raw-memory,eog,itsm,2,1,3,task_20251219_144431_663_97d7df7d_a52988e5,0.0,0,197860,177.2
tools,raw-memory,eog,itsm,2,1,3,task_20251221_233237_652_66392a82_c1a599bb,0.666667,0,221460,102.9
tools,raw-memory,eog,itsm,2,1,3,task_20251222_072805_599_99ba2325_ae6b0778,1.0,1,351672,217.8
tools,raw-memory,eog,itsm,2,1,3,task_20251222_105710_498_391f1eff_8b25dbef,1.0,1,161991,101.3
tools,raw-memory,eog,itsm,2,1,3,task_20251222_133355_087_30600918_e9215c57,0.25,0,388773,359.8
tools,raw-memory,eog,itsm,2,1,3,task_20251222_140957_029_c5ca08eb_3c4271f0,0.666667,0,193053,131.2
tools,raw-memory,eog,itsm,2,1,3,task_20251222_190928_391_391f1eff_8cb006f5,0.0,0,303094,525.8
tools,raw-memory,eog,itsm,2,1,3,task_20251222_195853_743_0be70e35_0916fba8,0.5,0,236669,153.7
tools,raw-memory,eog,itsm,2,1,3,task_20251223_064316_340_01395ded_9c6f3e01,0.0,0,333037,750.9
tools,raw-memory,eog,itsm,2,1,3,task_20251223_101136_983_1d219d93_d1ba6c2d,0.5,0,293081,144.2
tools,raw-memory,eog,itsm,2,1,3,task_20251223_132605_091_764e5ead_dd00cc8f,0.6,0,610660,509.2
tools,raw-memory,eog,itsm,2,1,3,task_20251223_151555_341_764e5ead_9648644d,0.571429,0,368516,429.5
tools,raw-memory,eog,itsm,2,1,3,task_20260112_183416_157_a8eea1c0_0d6acfd0,0.4,0,266666,230.5
tools,raw-memory,eog,itsm,2,1,3,task_20260113_031046_703_99ba2325_54f35603,1.0,1,297905,122.4
tools,raw-memory,eog,itsm,2,1,3,task_20260113_182216_716_a8eea1c0_7a0619e9,0.666667,0,226891,157.2
tools,raw-memory,eog,itsm,2,1,3,task_20260113_182602_664_46ca2862_b6ef60ca,1.0,1,260701,333.9
tools,raw-memory,eog,itsm,2,1,3,task_20260113_212050_548_a8eea1c0_73a73ce7,0.5,0,205155,255.2
tools,raw-memory,eog,itsm,2,1,3,task_20260114_094327_107_46ca2862_796e7685,1.0,1,231262,155.4
tools,raw-memory,eog,itsm,2,1,3,task_20260114_174427_042_99ba2325_7915481a,0.333333,0,135400,111.9
tools,raw-memory,eog,itsm,2,1,3,task_20260114_180601_485_99ba2325_2dc8b3ce,0.666667,0,298870,105.8
tools,raw-memory,eog,itsm,2,1,3,task_20260114_181932_082_99ba2325_92ddef90,0.6,0,298601,210.2
tools,raw-memory,eog,itsm,2,1,3,task_20260115_143541_964_fa1836dc_dc6652fd,1.0,1,444827,350.6
tools,raw-memory,eog,itsm,2,1,3,task_20260115_152733_296_46ca2862_55f848d3,0.6,0,292016,147.4
tools,raw-memory,eog,itsm,2,1,3,task_20260115_172636_260_fa1836dc_7a703e50,0.5,0,193897,123.0
tools,raw-memory,eog,itsm,2,1,3,task_20260116_081645_096_66392a82_fd509f97,0.6,0,475629,375.0
tools,raw-memory,eog,itsm,2,1,3,task_20260116_101840_488_e6427839_81df8ba3,0.75,0,289992,137.1
tools,raw-memory,eog,itsm,2,1,3,task_20260116_124300_245_1d219d93_76cd5b4d,1.0,1,196845,284.7
tools,raw-memory,eog,itsm,2,1,3,task_20260116_224538_330_66392a82_10d0806e,1.0,1,466728,271.1
tools,raw-memory,eog,itsm,2,2,1,task_20251218_164829_676_97d7df7d_893f6b2c,0.333333,0,240861,210.1
tools,raw-memory,eog,itsm,2,2,1,task_20251219_062202_346_66392a82_1d2065dd,1.0,1,350425,213.3
tools,raw-memory,eog,itsm,2,2,1,task_20251219_130920_558_99ba2325_7f9481df,0.666667,0,156972,74.6
tools,raw-memory,eog,itsm,2,2,1,task_20251221_045452_579_99ba2325_0e601eac,0.8,0,327769,198.7
tools,raw-memory,eog,itsm,2,2,1,task_20251222_075116_761_30600918_a7f0a69a,0.5,0,168164,100.5
tools,raw-memory,eog,itsm,2,2,1,task_20251223_063905_655_30600918_3e736be9,0.2,0,203262,295.8
tools,raw-memory,eog,itsm,2,2,1,task_20251223_135402_072_c5ca08eb_67009578,1.0,1,158910,83.9
tools,raw-memory,eog,itsm,2,2,1,task_20260112_194743_238_a8eea1c0_a4b1468a,0.166667,0,242982,299.9
tools,raw-memory,eog,itsm,2,2,1,task_20260113_183935_893_e6427839_03a04c19,0.5,0,156506,56.5
tools,raw-memory,eog,itsm,2,2,1,task_20260114_073658_459_78a5b71e_cab5cc9f,0.5,0,201167,179.1
tools,raw-memory,eog,itsm,2,2,1,task_20260115_153041_899_d4a463c3_cab6d59b,0.5,0,523742,307.2
tools,raw-memory,eog,itsm,2,2,1,task_20260117_000130_134_2aa6b0ad_a20f3a61,0.0,0,342924,324.6
tools,raw-memory,eog,itsm,2,2,2,task_20251218_164829_676_97d7df7d_893f6b2c,0.333333,0,337097,367.7
tools,raw-memory,eog,itsm,2,2,2,task_20251219_062202_346_66392a82_1d2065dd,1.0,1,256124,115.5
tools,raw-memory,eog,itsm,2,2,2,task_20251219_130920_558_99ba2325_7f9481df,0.666667,0,156151,51.6
tools,raw-memory,eog,itsm,2,2,2,task_20251221_045452_579_99ba2325_0e601eac,0.8,0,293729,199.4
tools,raw-memory,eog,itsm,2,2,2,task_20251222_075116_761_30600918_a7f0a69a,0.25,0,167956,96.2
tools,raw-memory,eog,itsm,2,2,2,task_20251223_063905_655_30600918_3e736be9,0.6,0,346045,182.9
tools,raw-memory,eog,itsm,2,2,2,task_20251223_135402_072_c5ca08eb_67009578,1.0,1,158454,156.2
tools,raw-memory,eog,itsm,2,2,2,task_20260112_194743_238_a8eea1c0_a4b1468a,0.166667,0,380309,316.1
tools,raw-memory,eog,itsm,2,2,2,task_20260113_183935_893_e6427839_03a04c19,0.5,0,156259,54.0
tools,raw-memory,eog,itsm,2,2,2,task_20260114_073658_459_78a5b71e_cab5cc9f,0.5,0,164621,177.7
tools,raw-memory,eog,itsm,2,2,2,task_20260115_153041_899_d4a463c3_cab6d59b,0.25,0,404572,270.8
tools,raw-memory,eog,itsm,2,2,2,task_20260117_000130_134_2aa6b0ad_a20f3a61,0.0,0,270669,208.1
tools,raw-memory,eog,itsm,2,2,3,task_20251218_164829_676_97d7df7d_893f6b2c,0.0,0,367146,372.1
tools,raw-memory,eog,itsm,2,2,3,task_20251219_062202_346_66392a82_1d2065dd,1.0,1,286708,140.0
tools,raw-memory,eog,itsm,2,2,3,task_20251219_130920_558_99ba2325_7f9481df,1.0,1,222319,75.7
tools,raw-memory,eog,itsm,2,2,3,task_20251221_045452_579_99ba2325_0e601eac,0.8,0,293992,160.5
tools,raw-memory,eog,itsm,2,2,3,task_20251222_075116_761_30600918_a7f0a69a,0.25,0,203210,117.6
tools,raw-memory,eog,itsm,2,2,3,task_20251223_063905_655_30600918_3e736be9,0.4,0,238988,148.1
tools,raw-memory,eog,itsm,2,2,3,task_20251223_135402_072_c5ca08eb_67009578,1.0,1,159948,110.5
tools,raw-memory,eog,itsm,2,2,3,task_20260112_194743_238_a8eea1c0_a4b1468a,0.833333,0,341598,226.3
tools,raw-memory,eog,itsm,2,2,3,task_20260113_183935_893_e6427839_03a04c19,0.5,0,156038,43.0
tools,raw-memory,eog,itsm,2,2,3,task_20260114_073658_459_78a5b71e_cab5cc9f,0.5,0,270240,305.9
tools,raw-memory,eog,itsm,2,2,3,task_20260115_153041_899_d4a463c3_cab6d59b,0.0,0,227370,112.4
tools,raw-memory,eog,itsm,2,2,3,task_20260117_000130_134_2aa6b0ad_a20f3a61,0.0,0,238543,205.5
tools,raw-memory,eog,itsm,3,1,1,task_20251210_205620_593_391f1eff_ad65c160,0.0,0,315018,220.8
tools,raw-memory,eog,itsm,3,1,1,task_20251212_172511_458_e6427839_47076c15,0.5,0,112825,86.7
tools,raw-memory,eog,itsm,3,1,1,task_20251212_184405_886_e6427839_6413728a,0.333333,0,307347,80.2
tools,raw-memory,eog,itsm,3,1,1,task_20251212_191411_655_391f1eff_2fef896f,1.0,1,353318,237.7
tools,raw-memory,eog,itsm,3,1,1,task_20251216_131651_690_764e5ead_f8619b02,1.0,1,271182,102.1
tools,raw-memory,eog,itsm,3,1,1,task_20251217_153037_688_97d7df7d_be0bd794,0.5,0,312498,222.8
tools,raw-memory,eog,itsm,3,1,1,task_20251217_205244_161_764e5ead_20429ef8,0.75,0,354939,140.7
tools,raw-memory,eog,itsm,3,1,1,task_20251218_061956_641_109c89c0_423ed8ee,0.142857,0,410946,283.2
tools,raw-memory,eog,itsm,3,1,1,task_20251218_082708_201_99ba2325_51726f9c,1.0,1,309531,163.4
tools,raw-memory,eog,itsm,3,1,1,task_20251218_093719_611_764e5ead_5817d09a,1.0,1,443392,312.0
tools,raw-memory,eog,itsm,3,1,1,task_20251218_104259_233_66392a82_74b17170,1.0,1,191209,226.7
tools,raw-memory,eog,itsm,3,1,1,task_20251218_121722_423_1d219d93_8218da6c,0.666667,0,465546,164.9
tools,raw-memory,eog,itsm,3,1,1,task_20251218_124419_383_66392a82_52c8290e,1.0,1,271814,332.5
tools,raw-memory,eog,itsm,3,1,1,task_20251218_155314_617_c5ca08eb_3ce3c52f,1.0,1,193392,102.8
tools,raw-memory,eog,itsm,3,1,1,task_20251218_183102_136_391f1eff_ac9a6986,1.0,1,229037,104.4
tools,raw-memory,eog,itsm,3,1,1,task_20251218_220134_063_391f1eff_30369342,1.0,1,233267,109.3
tools,raw-memory,eog,itsm,3,1,1,task_20251218_234602_633_391f1eff_09a746e7,1.0,1,310826,193.9
tools,raw-memory,eog,itsm,3,1,1,task_20251219_091707_306_ad5a67e3_a76dbe57,0.0,0,190353,134.4
tools,raw-memory,eog,itsm,3,1,1,task_20251219_111447_756_66392a82_1c69521d,0.666667,0,312137,122.0
tools,raw-memory,eog,itsm,3,1,1,task_20251219_115925_475_1d219d93_53d34d23,0.6,0,510569,306.8
tools,raw-memory,eog,itsm,3,1,1,task_20251219_144431_663_97d7df7d_a52988e5,0.0,0,312993,191.6
tools,raw-memory,eog,itsm,3,1,1,task_20251221_233237_652_66392a82_c1a599bb,0.666667,0,265023,101.5
tools,raw-memory,eog,itsm,3,1,1,task_20251222_072805_599_99ba2325_ae6b0778,1.0,1,320631,144.5
tools,raw-memory,eog,itsm,3,1,1,task_20251222_105710_498_391f1eff_8b25dbef,1.0,1,233240,97.6
tools,raw-memory,eog,itsm,3,1,1,task_20251222_133355_087_30600918_e9215c57,0.5,0,371548,175.5
tools,raw-memory,eog,itsm,3,1,1,task_20251222_140957_029_c5ca08eb_3c4271f0,0.666667,0,190001,198.8
tools,raw-memory,eog,itsm,3,1,1,task_20251222_190928_391_391f1eff_8cb006f5,0.25,0,481277,413.3
tools,raw-memory,eog,itsm,3,1,1,task_20251222_195853_743_0be70e35_0916fba8,0.5,0,278147,208.1
tools,raw-memory,eog,itsm,3,1,1,task_20251223_064316_340_01395ded_9c6f3e01,0.25,0,493250,667.5
tools,raw-memory,eog,itsm,3,1,1,task_20251223_101136_983_1d219d93_d1ba6c2d,0.5,0,352164,301.7
tools,raw-memory,eog,itsm,3,1,1,task_20251223_132605_091_764e5ead_dd00cc8f,0.6,0,625403,520.7
tools,raw-memory,eog,itsm,3,1,1,task_20251223_151555_341_764e5ead_9648644d,0.571429,0,480543,233.8
tools,raw-memory,eog,itsm,3,1,1,task_20260112_183416_157_a8eea1c0_0d6acfd0,0.2,0,118961,106.2
tools,raw-memory,eog,itsm,3,1,1,task_20260113_031046_703_99ba2325_54f35603,1.0,1,236710,305.2
tools,raw-memory,eog,itsm,3,1,1,task_20260113_182216_716_a8eea1c0_7a0619e9,0.666667,0,269133,127.3
tools,raw-memory,eog,itsm,3,1,1,task_20260113_182602_664_46ca2862_b6ef60ca,1.0,1,310016,194.2
tools,raw-memory,eog,itsm,3,1,1,task_20260113_212050_548_a8eea1c0_73a73ce7,0.0,0,314148,182.7
tools,raw-memory,eog,itsm,3,1,1,task_20260114_094327_107_46ca2862_796e7685,1.0,1,398039,329.1
tools,raw-memory,eog,itsm,3,1,1,task_20260114_174427_042_99ba2325_7915481a,0.333333,0,120527,78.0
tools,raw-memory,eog,itsm,3,1,1,task_20260114_180601_485_99ba2325_2dc8b3ce,0.666667,0,367658,114.0
tools,raw-memory,eog,itsm,3,1,1,task_20260114_181932_082_99ba2325_92ddef90,0.6,0,395061,367.2
tools,raw-memory,eog,itsm,3,1,1,task_20260115_143541_964_fa1836dc_dc6652fd,0.0,0,122070,119.6
tools,raw-memory,eog,itsm,3,1,1,task_20260115_152733_296_46ca2862_55f848d3,0.6,0,351377,202.8
tools,raw-memory,eog,itsm,3,1,1,task_20260115_172636_260_fa1836dc_7a703e50,0.5,0,269422,105.3
tools,raw-memory,eog,itsm,3,1,1,task_20260116_081645_096_66392a82_fd509f97,0.6,0,529719,687.1
tools,raw-memory,eog,itsm,3,1,1,task_20260116_101840_488_e6427839_81df8ba3,0.75,0,388359,241.7
tools,raw-memory,eog,itsm,3,1,1,task_20260116_124300_245_1d219d93_76cd5b4d,1.0,1,274154,141.5
tools,raw-memory,eog,itsm,3,1,1,task_20260116_224538_330_66392a82_10d0806e,0.8,0,518787,404.6
tools,raw-memory,eog,itsm,3,1,2,task_20251210_205620_593_391f1eff_ad65c160,0.5,0,399912,266.5
tools,raw-memory,eog,itsm,3,1,2,task_20251212_172511_458_e6427839_47076c15,0.5,0,112747,58.5
tools,raw-memory,eog,itsm,3,1,2,task_20251212_184405_886_e6427839_6413728a,0.333333,0,265626,76.6
tools,raw-memory,eog,itsm,3,1,2,task_20251212_191411_655_391f1eff_2fef896f,1.0,1,352900,139.2
tools,raw-memory,eog,itsm,3,1,2,task_20251216_131651_690_764e5ead_f8619b02,1.0,1,389890,138.5
tools,raw-memory,eog,itsm,3,1,2,task_20251217_153037_688_97d7df7d_be0bd794,1.0,1,233138,69.9
tools,raw-memory,eog,itsm,3,1,2,task_20251217_205244_161_764e5ead_20429ef8,0.875,0,276342,75.0
tools,raw-memory,eog,itsm,3,1,2,task_20251218_061956_641_109c89c0_423ed8ee,0.142857,0,452024,307.9
tools,raw-memory,eog,itsm,3,1,2,task_20251218_082708_201_99ba2325_51726f9c,1.0,1,273707,295.6
tools,raw-memory,eog,itsm,3,1,2,task_20251218_093719_611_764e5ead_5817d09a,1.0,1,482560,272.1
tools,raw-memory,eog,itsm,3,1,2,task_20251218_104259_233_66392a82_74b17170,1.0,1,266785,88.6
tools,raw-memory,eog,itsm,3,1,2,task_20251218_121722_423_1d219d93_8218da6c,0.5,0,504221,184.9
tools,raw-memory,eog,itsm,3,1,2,task_20251218_124419_383_66392a82_52c8290e,1.0,1,233576,212.9
tools,raw-memory,eog,itsm,3,1,2,task_20251218_155314_617_c5ca08eb_3ce3c52f,1.0,1,234150,205.8
tools,raw-memory,eog,itsm,3,1,2,task_20251218_183102_136_391f1eff_ac9a6986,1.0,1,229661,65.3
tools,raw-memory,eog,itsm,3,1,2,task_20251218_220134_063_391f1eff_30369342,1.0,1,311210,264.6
tools,raw-memory,eog,itsm,3,1,2,task_20251218_234602_633_391f1eff_09a746e7,1.0,1,233850,174.1
tools,raw-memory,eog,itsm,3,1,2,task_20251219_091707_306_ad5a67e3_a76dbe57,0.0,0,191249,147.5
tools,raw-memory,eog,itsm,3,1,2,task_20251219_111447_756_66392a82_1c69521d,0.666667,0,154245,60.8
tools,raw-memory,eog,itsm,3,1,2,task_20251219_115925_475_1d219d93_53d34d23,0.6,0,510917,201.8
tools,raw-memory,eog,itsm,3,1,2,task_20251219_144431_663_97d7df7d_a52988e5,0.0,0,234696,148.7
tools,raw-memory,eog,itsm,3,1,2,task_20251221_233237_652_66392a82_c1a599bb,0.666667,0,227413,69.7
tools,raw-memory,eog,itsm,3,1,2,task_20251222_072805_599_99ba2325_ae6b0778,0.666667,0,365639,232.1
tools,raw-memory,eog,itsm,3,1,2,task_20251222_105710_498_391f1eff_8b25dbef,1.0,1,192363,87.1
tools,raw-memory,eog,itsm,3,1,2,task_20251222_133355_087_30600918_e9215c57,0.5,0,373141,157.7
tools,raw-memory,eog,itsm,3,1,2,task_20251222_140957_029_c5ca08eb_3c4271f0,0.666667,0,267851,173.0
tools,raw-memory,eog,itsm,3,1,2,task_20251222_190928_391_391f1eff_8cb006f5,0.25,0,436700,188.7
tools,raw-memory,eog,itsm,3,1,2,task_20251222_195853_743_0be70e35_0916fba8,0.5,0,355506,221.7
tools,raw-memory,eog,itsm,3,1,2,task_20251223_064316_340_01395ded_9c6f3e01,0.5,0,664938,575.4
tools,raw-memory,eog,itsm,3,1,2,task_20251223_101136_983_1d219d93_d1ba6c2d,0.833333,0,350311,150.7
tools,raw-memory,eog,itsm,3,1,2,task_20251223_132605_091_764e5ead_dd00cc8f,0.6,0,525338,379.8
tools,raw-memory,eog,itsm,3,1,2,task_20251223_151555_341_764e5ead_9648644d,0.571429,0,519547,234.1
tools,raw-memory,eog,itsm,3,1,2,task_20260112_183416_157_a8eea1c0_0d6acfd0,0.4,0,356993,245.6
tools,raw-memory,eog,itsm,3,1,2,task_20260113_031046_703_99ba2325_54f35603,1.0,1,234895,93.0
tools,raw-memory,eog,itsm,3,1,2,task_20260113_182216_716_a8eea1c0_7a0619e9,0.333333,0,234366,87.8
tools,raw-memory,eog,itsm,3,1,2,task_20260113_182602_664_46ca2862_b6ef60ca,1.0,1,309147,182.6
tools,raw-memory,eog,itsm,3,1,2,task_20260113_212050_548_a8eea1c0_73a73ce7,0.5,0,289037,154.1
tools,raw-memory,eog,itsm,3,1,2,task_20260114_094327_107_46ca2862_796e7685,1.0,1,355804,191.9
tools,raw-memory,eog,itsm,3,1,2,task_20260114_174427_042_99ba2325_7915481a,0.333333,0,121026,100.7
tools,raw-memory,eog,itsm,3,1,2,task_20260114_180601_485_99ba2325_2dc8b3ce,0.666667,0,316624,66.2
tools,raw-memory,eog,itsm,3,1,2,task_20260114_181932_082_99ba2325_92ddef90,0.6,0,391880,149.0
tools,raw-memory,eog,itsm,3,1,2,task_20260115_143541_964_fa1836dc_dc6652fd,0.555556,0,246390,221.4
tools,raw-memory,eog,itsm,3,1,2,task_20260115_152733_296_46ca2862_55f848d3,0.6,0,311863,142.9
tools,raw-memory,eog,itsm,3,1,2,task_20260115_172636_260_fa1836dc_7a703e50,0.5,0,268455,92.0
tools,raw-memory,eog,itsm,3,1,2,task_20260116_081645_096_66392a82_fd509f97,0.6,0,531373,430.1
tools,raw-memory,eog,itsm,3,1,2,task_20260116_101840_488_e6427839_81df8ba3,0.75,0,348896,136.1
tools,raw-memory,eog,itsm,3,1,2,task_20260116_124300_245_1d219d93_76cd5b4d,1.0,1,234288,143.8
tools,raw-memory,eog,itsm,3,1,2,task_20260116_224538_330_66392a82_10d0806e,0.8,0,460483,143.2
tools,raw-memory,eog,itsm,3,1,3,task_20251210_205620_593_391f1eff_ad65c160,0.5,0,393053,173.3
tools,raw-memory,eog,itsm,3,1,3,task_20251212_172511_458_e6427839_47076c15,0.5,0,112058,22.5
tools,raw-memory,eog,itsm,3,1,3,task_20251212_184405_886_e6427839_6413728a,0.333333,0,305350,113.4
tools,raw-memory,eog,itsm,3,1,3,task_20251212_191411_655_391f1eff_2fef896f,1.0,1,312206,111.7
tools,raw-memory,eog,itsm,3,1,3,task_20251216_131651_690_764e5ead_f8619b02,1.0,1,345504,101.8
tools,raw-memory,eog,itsm,3,1,3,task_20251217_153037_688_97d7df7d_be0bd794,1.0,1,311713,94.8
tools,raw-memory,eog,itsm,3,1,3,task_20251217_205244_161_764e5ead_20429ef8,0.75,0,349953,96.2
tools,raw-memory,eog,itsm,3,1,3,task_20251218_061956_641_109c89c0_423ed8ee,0.142857,0,534173,372.3
tools,raw-memory,eog,itsm,3,1,3,task_20251218_082708_201_99ba2325_51726f9c,1.0,1,311500,231.0
tools,raw-memory,eog,itsm,3,1,3,task_20251218_093719_611_764e5ead_5817d09a,0.857143,0,361136,203.1
tools,raw-memory,eog,itsm,3,1,3,task_20251218_104259_233_66392a82_74b17170,1.0,1,266077,74.0
tools,raw-memory,eog,itsm,3,1,3,task_20251218_121722_423_1d219d93_8218da6c,0.666667,0,503966,237.7
tools,raw-memory,eog,itsm,3,1,3,task_20251218_124419_383_66392a82_52c8290e,1.0,1,309966,173.3
tools,raw-memory,eog,itsm,3,1,3,task_20251218_155314_617_c5ca08eb_3ce3c52f,1.0,1,155150,116.5
tools,raw-memory,eog,itsm,3,1,3,task_20251218_183102_136_391f1eff_ac9a6986,1.0,1,228304,63.4
tools,raw-memory,eog,itsm,3,1,3,task_20251218_220134_063_391f1eff_30369342,1.0,1,232285,98.7
tools,raw-memory,eog,itsm,3,1,3,task_20251218_234602_633_391f1eff_09a746e7,0.5,0,190558,68.5
tools,raw-memory,eog,itsm,3,1,3,task_20251219_091707_306_ad5a67e3_a76dbe57,0.0,0,114004,49.8
tools,raw-memory,eog,itsm,3,1,3,task_20251219_111447_756_66392a82_1c69521d,0.666667,0,347529,188.7
tools,raw-memory,eog,itsm,3,1,3,task_20251219_115925_475_1d219d93_53d34d23,0.4,0,437218,135.6
tools,raw-memory,eog,itsm,3,1,3,task_20251219_144431_663_97d7df7d_a52988e5,0.0,0,273542,122.9
tools,raw-memory,eog,itsm,3,1,3,task_20251221_233237_652_66392a82_c1a599bb,0.666667,0,266919,89.6
tools,raw-memory,eog,itsm,3,1,3,task_20251222_072805_599_99ba2325_ae6b0778,0.666667,0,320520,149.0
tools,raw-memory,eog,itsm,3,1,3,task_20251222_105710_498_391f1eff_8b25dbef,1.0,1,193828,94.4
tools,raw-memory,eog,itsm,3,1,3,task_20251222_133355_087_30600918_e9215c57,0.5,0,286310,90.6
tools,raw-memory,eog,itsm,3,1,3,task_20251222_140957_029_c5ca08eb_3c4271f0,0.666667,0,191854,84.4
tools,raw-memory,eog,itsm,3,1,3,task_20251222_190928_391_391f1eff_8cb006f5,0.0,0,234564,105.0
tools,raw-memory,eog,itsm,3,1,3,task_20251222_195853_743_0be70e35_0916fba8,0.5,0,240394,97.0
tools,raw-memory,eog,itsm,3,1,3,task_20251223_064316_340_01395ded_9c6f3e01,0.25,0,327428,222.6
tools,raw-memory,eog,itsm,3,1,3,task_20251223_101136_983_1d219d93_d1ba6c2d,0.833333,0,350346,166.5
tools,raw-memory,eog,itsm,3,1,3,task_20251223_132605_091_764e5ead_dd00cc8f,0.6,0,756411,347.8
tools,raw-memory,eog,itsm,3,1,3,task_20251223_151555_341_764e5ead_9648644d,0.571429,0,435727,112.1
tools,raw-memory,eog,itsm,3,1,3,task_20260112_183416_157_a8eea1c0_0d6acfd0,0.4,0,276432,161.7
tools,raw-memory,eog,itsm,3,1,3,task_20260113_031046_703_99ba2325_54f35603,1.0,1,275997,109.0
tools,raw-memory,eog,itsm,3,1,3,task_20260113_182216_716_a8eea1c0_7a0619e9,0.333333,0,153811,47.9
tools,raw-memory,eog,itsm,3,1,3,task_20260113_182602_664_46ca2862_b6ef60ca,1.0,1,312111,187.0
tools,raw-memory,eog,itsm,3,1,3,task_20260113_212050_548_a8eea1c0_73a73ce7,0.0,0,279893,193.5
tools,raw-memory,eog,itsm,3,1,3,task_20260114_094327_107_46ca2862_796e7685,1.0,1,355991,307.2
tools,raw-memory,eog,itsm,3,1,3,task_20260114_174427_042_99ba2325_7915481a,0.333333,0,203141,129.5
tools,raw-memory,eog,itsm,3,1,3,task_20260114_180601_485_99ba2325_2dc8b3ce,0.666667,0,314660,78.8
tools,raw-memory,eog,itsm,3,1,3,task_20260114_181932_082_99ba2325_92ddef90,0.6,0,316547,246.5
tools,raw-memory,eog,itsm,3,1,3,task_20260115_143541_964_fa1836dc_dc6652fd,1.0,1,488223,310.0
tools,raw-memory,eog,itsm,3,1,3,task_20260115_152733_296_46ca2862_55f848d3,0.6,0,235736,113.3
tools,raw-memory,eog,itsm,3,1,3,task_20260115_172636_260_fa1836dc_7a703e50,0.5,0,303710,58.5
tools,raw-memory,eog,itsm,3,1,3,task_20260116_081645_096_66392a82_fd509f97,0.6,0,411139,234.6
tools,raw-memory,eog,itsm,3,1,3,task_20260116_101840_488_e6427839_81df8ba3,0.75,0,387401,196.2
tools,raw-memory,eog,itsm,3,1,3,task_20260116_124300_245_1d219d93_76cd5b4d,1.0,1,313070,167.8
tools,raw-memory,eog,itsm,3,1,3,task_20260116_224538_330_66392a82_10d0806e,0.8,0,559804,185.8
tools,raw-memory,eog,itsm,3,2,1,task_20251218_164829_676_97d7df7d_893f6b2c,0.0,0,507805,362.2
tools,raw-memory,eog,itsm,3,2,1,task_20251219_062202_346_66392a82_1d2065dd,1.0,1,271410,148.8
tools,raw-memory,eog,itsm,3,2,1,task_20251219_130920_558_99ba2325_7f9481df,0.666667,0,188813,37.4
tools,raw-memory,eog,itsm,3,2,1,task_20251221_045452_579_99ba2325_0e601eac,0.8,0,389683,230.6
tools,raw-memory,eog,itsm,3,2,1,task_20251222_075116_761_30600918_a7f0a69a,0.25,0,199955,67.4
tools,raw-memory,eog,itsm,3,2,1,task_20251223_063905_655_30600918_3e736be9,0.4,0,282613,126.9
tools,raw-memory,eog,itsm,3,2,1,task_20251223_135402_072_c5ca08eb_67009578,1.0,1,269673,82.5
tools,raw-memory,eog,itsm,3,2,1,task_20260112_194743_238_a8eea1c0_a4b1468a,0.666667,0,401445,198.6
tools,raw-memory,eog,itsm,3,2,1,task_20260113_183935_893_e6427839_03a04c19,0.5,0,187989,43.8
tools,raw-memory,eog,itsm,3,2,1,task_20260114_073658_459_78a5b71e_cab5cc9f,0.5,0,311328,113.8
tools,raw-memory,eog,itsm,3,2,1,task_20260115_153041_899_d4a463c3_cab6d59b,0.75,0,524455,186.6
tools,raw-memory,eog,itsm,3,2,1,task_20260117_000130_134_2aa6b0ad_a20f3a61,0.0,0,321597,253.0
tools,raw-memory,eog,itsm,3,2,2,task_20251218_164829_676_97d7df7d_893f6b2c,0.666667,0,483327,606.8
tools,raw-memory,eog,itsm,3,2,2,task_20251219_062202_346_66392a82_1d2065dd,1.0,1,383502,114.4
tools,raw-memory,eog,itsm,3,2,2,task_20251219_130920_558_99ba2325_7f9481df,0.666667,0,188936,69.0
tools,raw-memory,eog,itsm,3,2,2,task_20251221_045452_579_99ba2325_0e601eac,0.8,0,431996,175.8
tools,raw-memory,eog,itsm,3,2,2,task_20251222_075116_761_30600918_a7f0a69a,0.5,0,161548,82.3
tools,raw-memory,eog,itsm,3,2,2,task_20251223_063905_655_30600918_3e736be9,0.4,0,282715,105.9
tools,raw-memory,eog,itsm,3,2,2,task_20251223_135402_072_c5ca08eb_67009578,1.0,1,190451,66.8
tools,raw-memory,eog,itsm,3,2,2,task_20260112_194743_238_a8eea1c0_a4b1468a,0.666667,0,543869,427.8
tools,raw-memory,eog,itsm,3,2,2,task_20260113_183935_893_e6427839_03a04c19,0.5,0,187494,31.7
tools,raw-memory,eog,itsm,3,2,2,task_20260114_073658_459_78a5b71e_cab5cc9f,0.5,0,270373,122.1
tools,raw-memory,eog,itsm,3,2,2,task_20260115_153041_899_d4a463c3_cab6d59b,0.0,0,114217,67.2
tools,raw-memory,eog,itsm,3,2,2,task_20260117_000130_134_2aa6b0ad_a20f3a61,0.0,0,241899,140.5
tools,raw-memory,eog,itsm,3,2,3,task_20251218_164829_676_97d7df7d_893f6b2c,0.666667,0,490452,458.2
tools,raw-memory,eog,itsm,3,2,3,task_20251219_062202_346_66392a82_1d2065dd,1.0,1,230376,76.3
tools,raw-memory,eog,itsm,3,2,3,task_20251219_130920_558_99ba2325_7f9481df,1.0,1,266633,47.8
tools,raw-memory,eog,itsm,3,2,3,task_20251221_045452_579_99ba2325_0e601eac,0.6,0,310930,191.7
tools,raw-memory,eog,itsm,3,2,3,task_20251222_075116_761_30600918_a7f0a69a,0.25,0,241791,119.0
tools,raw-memory,eog,itsm,3,2,3,task_20251223_063905_655_30600918_3e736be9,0.6,0,367662,139.8
tools,raw-memory,eog,itsm,3,2,3,task_20251223_135402_072_c5ca08eb_67009578,1.0,1,230117,98.9
tools,raw-memory,eog,itsm,3,2,3,task_20260112_194743_238_a8eea1c0_a4b1468a,0.166667,0,447417,303.6
tools,raw-memory,eog,itsm,3,2,3,task_20260113_183935_893_e6427839_03a04c19,1.0,1,266492,78.1
tools,raw-memory,eog,itsm,3,2,3,task_20260114_073658_459_78a5b71e_cab5cc9f,0.5,0,354876,164.6
tools,raw-memory,eog,itsm,3,2,3,task_20260115_153041_899_d4a463c3_cab6d59b,0.5,0,325351,148.8
tools,raw-memory,eog,itsm,3,2,3,task_20260117_000130_134_2aa6b0ad_a20f3a61,0.0,0,323762,223.0
tools,raw-memory,eog,itsm,3,3,1,task_20251212_191815_314_391f1eff_c23d76df,0.333333,0,323475,188.4
tools,raw-memory,eog,itsm,3,3,1,task_20251218_183819_272_99ba2325_dd71c332,0.0,0,39128,45.5
tools,raw-memory,eog,itsm,3,3,1,task_20251218_184224_139_764e5ead_e6e42358,0.6,0,626866,382.1
tools,raw-memory,eog,itsm,3,3,1,task_20251219_134543_563_fa1836dc_00dab62f,1.0,1,422080,121.5
tools,raw-memory,eog,itsm,3,3,1,task_20251219_174851_846_764e5ead_250f05e1,0.142857,0,725874,277.1
tools,raw-memory,eog,itsm,3,3,1,task_20251222_181355_411_764e5ead_48850a98,0.0,0,369498,232.9
tools,raw-memory,eog,itsm,3,3,1,task_20251223_081019_100_d4a463c3_f8774fe4,0.5,0,189789,122.8
tools,raw-memory,eog,itsm,3,3,1,task_20260113_125933_225_accab84d_d7ec710e,0.333333,0,707014,599.3
tools,raw-memory,eog,itsm,3,3,1,task_20260113_143610_437_46ca2862_56a4f834,0.4,0,288288,103.6
tools,raw-memory,eog,itsm,3,3,1,task_20260114_081229_036_78a5b71e_a4fb07a9,0.5,0,193408,92.0
tools,raw-memory,eog,itsm,3,3,1,task_20260114_134336_659_e6427839_91142068,0.6,0,395098,169.9
tools,raw-memory,eog,itsm,3,3,1,task_20260114_173716_566_46ca2862_301e0b47,0.833333,0,546236,209.7
tools,raw-memory,eog,itsm,3,3,1,task_20260116_235649_372_66392a82_ccb66a9a,0.5,0,279136,196.1
tools,raw-memory,eog,itsm,3,3,2,task_20251212_191815_314_391f1eff_c23d76df,0.333333,0,455565,250.8
tools,raw-memory,eog,itsm,3,3,2,task_20251218_183819_272_99ba2325_dd71c332,0.0,0,38115,29.3
tools,raw-memory,eog,itsm,3,3,2,task_20251218_184224_139_764e5ead_e6e42358,0.6,0,571890,273.0
tools,raw-memory,eog,itsm,3,3,2,task_20251219_134543_563_fa1836dc_00dab62f,1.0,1,346797,92.4
tools,raw-memory,eog,itsm,3,3,2,task_20251219_174851_846_764e5ead_250f05e1,0.428571,0,612301,285.2
tools,raw-memory,eog,itsm,3,3,2,task_20251222_181355_411_764e5ead_48850a98,0.0,0,366440,461.2
tools,raw-memory,eog,itsm,3,3,2,task_20251223_081019_100_d4a463c3_f8774fe4,0.5,0,228715,67.4
tools,raw-memory,eog,itsm,3,3,2,task_20260113_125933_225_accab84d_d7ec710e,0.0,0,368809,366.9
tools,raw-memory,eog,itsm,3,3,2,task_20260113_143610_437_46ca2862_56a4f834,0.4,0,278243,131.7
tools,raw-memory,eog,itsm,3,3,2,task_20260114_081229_036_78a5b71e_a4fb07a9,0.5,0,154835,94.4
tools,raw-memory,eog,itsm,3,3,2,task_20260114_134336_659_e6427839_91142068,0.8,0,437373,221.3
tools,raw-memory,eog,itsm,3,3,2,task_20260114_173716_566_46ca2862_301e0b47,0.833333,0,421489,153.4
tools,raw-memory,eog,itsm,3,3,2,task_20260116_235649_372_66392a82_ccb66a9a,0.5,0,238942,257.0
tools,raw-memory,eog,itsm,3,3,3,task_20251212_191815_314_391f1eff_c23d76df,0.333333,0,362875,141.8
tools,raw-memory,eog,itsm,3,3,3,task_20251218_183819_272_99ba2325_dd71c332,0.0,0,38089,19.2
tools,raw-memory,eog,itsm,3,3,3,task_20251218_184224_139_764e5ead_e6e42358,0.6,0,456639,447.5
tools,raw-memory,eog,itsm,3,3,3,task_20251219_134543_563_fa1836dc_00dab62f,1.0,1,424313,159.7
tools,raw-memory,eog,itsm,3,3,3,task_20251219_174851_846_764e5ead_250f05e1,0.285714,0,510155,188.8
tools,raw-memory,eog,itsm,3,3,3,task_20251222_181355_411_764e5ead_48850a98,0.0,0,499910,460.9
tools,raw-memory,eog,itsm,3,3,3,task_20251223_081019_100_d4a463c3_f8774fe4,0.5,0,189812,55.3
tools,raw-memory,eog,itsm,3,3,3,task_20260113_125933_225_accab84d_d7ec710e,0.333333,0,455973,385.1
tools,raw-memory,eog,itsm,3,3,3,task_20260113_143610_437_46ca2862_56a4f834,0.4,0,355969,235.5
tools,raw-memory,eog,itsm,3,3,3,task_20260114_081229_036_78a5b71e_a4fb07a9,0.5,0,154500,111.1
tools,raw-memory,eog,itsm,3,3,3,task_20260114_134336_659_e6427839_91142068,0.8,0,441757,190.6
tools,raw-memory,eog,itsm,3,3,3,task_20260114_173716_566_46ca2862_301e0b47,0.833333,0,425304,321.8
tools,raw-memory,eog,itsm,3,3,3,task_20260116_235649_372_66392a82_ccb66a9a,0.5,0,198651,132.2
tools,raw-memory,eog,teams,1,1,1,task_20251121_134729_533_464ee3e0_2dcf2712,0.5,0,111168,42.9
tools,raw-memory,eog,teams,1,1,1,task_20251123_232016_480_7ebc1127_7a8d85a7,1.0,1,229270,149.9
tools,raw-memory,eog,teams,1,1,1,task_20251125_110309_032_464ee3e0_33f12828,1.0,1,171465,151.5
tools,raw-memory,eog,teams,1,1,1,task_20251125_113335_636_7ebc1127_a4ebffe8,0.5,0,267052,218.5
tools,raw-memory,eog,teams,1,1,1,task_20251126_054150_897_7ebc1127_60097647,1.0,1,134780,62.2
tools,raw-memory,eog,teams,1,1,1,task_20251129_042410_343_df0ecdeb_573538d3,0.8,0,158156,123.2
tools,raw-memory,eog,teams,1,1,1,task_20251203_080912_583_df0ecdeb_a3470951,0.9,0,321065,95.1
tools,raw-memory,eog,teams,1,1,1,task_20251203_115913_239_b5bd4eb9_2e02dcf0,0.0,0,57144,63.0
tools,raw-memory,eog,teams,1,1,1,task_20260106_003109_589_b5bd4eb9_d0454fa5,0.833333,0,239737,228.9
tools,raw-memory,eog,teams,1,1,1,task_20260106_104903_639_0154326e_81f6a68a,0.666667,0,206875,186.5
tools,raw-memory,eog,teams,1,1,1,task_20260106_112645_853_8e9e30d7_1d4b934c,1.0,1,199172,148.9
tools,raw-memory,eog,teams,1,1,1,task_20260106_123222_425_8e9e30d7_7dea421b,1.0,1,175631,161.1
tools,raw-memory,eog,teams,1,1,1,task_20260106_155851_715_df0ecdeb_7b4347ef,0.75,0,174656,159.9
tools,raw-memory,eog,teams,1,1,1,task_20260107_032952_337_7ebc1127_75b96b98,1.0,1,177303,141.9
tools,raw-memory,eog,teams,1,1,1,task_20260108_075149_000_df0ecdeb_ead1b33a,1.0,1,165806,74.1
tools,raw-memory,eog,teams,1,1,1,task_20260108_082113_548_df0ecdeb_2725d17f,0.75,0,111004,70.4
tools,raw-memory,eog,teams,1,1,1,task_20260108_172650_003_8e9e30d7_a1ff8588,0.272727,0,531554,305.9
tools,raw-memory,eog,teams,1,1,1,task_20260108_194921_186_8e9e30d7_a087d6f8,0.555556,0,344718,358.5
tools,raw-memory,eog,teams,1,1,1,task_20260109_063128_468_8e9e30d7_e983fafa,0.0,0,57184,74.8
tools,raw-memory,eog,teams,1,1,1,task_20260109_122356_038_0154326e_d224a99d,1.0,1,175774,119.3
tools,raw-memory,eog,teams,1,1,2,task_20251121_134729_533_464ee3e0_2dcf2712,0.5,0,115120,93.1
tools,raw-memory,eog,teams,1,1,2,task_20251123_232016_480_7ebc1127_7a8d85a7,1.0,1,260512,220.4
tools,raw-memory,eog,teams,1,1,2,task_20251125_110309_032_464ee3e0_33f12828,0.75,0,140832,84.4
tools,raw-memory,eog,teams,1,1,2,task_20251125_113335_636_7ebc1127_a4ebffe8,0.5,0,267421,207.5
tools,raw-memory,eog,teams,1,1,2,task_20251126_054150_897_7ebc1127_60097647,1.0,1,135095,60.4
tools,raw-memory,eog,teams,1,1,2,task_20251129_042410_343_df0ecdeb_573538d3,0.8,0,190208,139.6
tools,raw-memory,eog,teams,1,1,2,task_20251203_080912_583_df0ecdeb_a3470951,0.7,0,319268,138.1
tools,raw-memory,eog,teams,1,1,2,task_20251203_115913_239_b5bd4eb9_2e02dcf0,0.0,0,56355,88.5
tools,raw-memory,eog,teams,1,1,2,task_20260106_003109_589_b5bd4eb9_d0454fa5,0.833333,0,270385,266.4
tools,raw-memory,eog,teams,1,1,2,task_20260106_104903_639_0154326e_81f6a68a,0.666667,0,237923,235.5
tools,raw-memory,eog,teams,1,1,2,task_20260106_112645_853_8e9e30d7_1d4b934c,1.0,1,172975,153.3
tools,raw-memory,eog,teams,1,1,2,task_20260106_123222_425_8e9e30d7_7dea421b,1.0,1,178690,165.7
tools,raw-memory,eog,teams,1,1,2,task_20260106_155851_715_df0ecdeb_7b4347ef,0.75,0,144786,165.9
tools,raw-memory,eog,teams,1,1,2,task_20260107_032952_337_7ebc1127_75b96b98,1.0,1,231227,115.7
tools,raw-memory,eog,teams,1,1,2,task_20260108_075149_000_df0ecdeb_ead1b33a,1.0,1,166112,53.3
tools,raw-memory,eog,teams,1,1,2,task_20260108_082113_548_df0ecdeb_2725d17f,0.75,0,86072,143.2
tools,raw-memory,eog,teams,1,1,2,task_20260108_172650_003_8e9e30d7_a1ff8588,0.181818,0,162178,239.8
tools,raw-memory,eog,teams,1,1,2,task_20260108_194921_186_8e9e30d7_a087d6f8,0.444444,0,185623,229.3
tools,raw-memory,eog,teams,1,1,2,task_20260109_063128_468_8e9e30d7_e983fafa,0.0,0,180791,256.7
tools,raw-memory,eog,teams,1,1,2,task_20260109_122356_038_0154326e_d224a99d,1.0,1,171083,134.3
tools,raw-memory,eog,teams,1,1,3,task_20251121_134729_533_464ee3e0_2dcf2712,0.5,0,114432,92.6
tools,raw-memory,eog,teams,1,1,3,task_20251123_232016_480_7ebc1127_7a8d85a7,1.0,1,227778,121.1
tools,raw-memory,eog,teams,1,1,3,task_20251125_110309_032_464ee3e0_33f12828,1.0,1,168490,116.5
tools,raw-memory,eog,teams,1,1,3,task_20251125_113335_636_7ebc1127_a4ebffe8,0.333333,0,241025,184.1
tools,raw-memory,eog,teams,1,1,3,task_20251126_054150_897_7ebc1127_60097647,1.0,1,135113,73.4
tools,raw-memory,eog,teams,1,1,3,task_20251129_042410_343_df0ecdeb_573538d3,0.8,0,188597,110.5
tools,raw-memory,eog,teams,1,1,3,task_20251203_080912_583_df0ecdeb_a3470951,0.9,0,317493,119.5
tools,raw-memory,eog,teams,1,1,3,task_20251203_115913_239_b5bd4eb9_2e02dcf0,0.0,0,56556,62.6
tools,raw-memory,eog,teams,1,1,3,task_20260106_003109_589_b5bd4eb9_d0454fa5,1.0,1,205630,169.2
tools,raw-memory,eog,teams,1,1,3,task_20260106_104903_639_0154326e_81f6a68a,0.5,0,172264,146.0
tools,raw-memory,eog,teams,1,1,3,task_20260106_112645_853_8e9e30d7_1d4b934c,1.0,1,144051,77.4
tools,raw-memory,eog,teams,1,1,3,task_20260106_123222_425_8e9e30d7_7dea421b,0.8,0,117747,137.7
tools,raw-memory,eog,teams,1,1,3,task_20260106_155851_715_df0ecdeb_7b4347ef,0.75,0,145720,171.9
tools,raw-memory,eog,teams,1,1,3,task_20260107_032952_337_7ebc1127_75b96b98,1.0,1,204327,151.0
tools,raw-memory,eog,teams,1,1,3,task_20260108_075149_000_df0ecdeb_ead1b33a,1.0,1,167675,83.5
tools,raw-memory,eog,teams,1,1,3,task_20260108_082113_548_df0ecdeb_2725d17f,0.75,0,110884,88.2
tools,raw-memory,eog,teams,1,1,3,task_20260108_172650_003_8e9e30d7_a1ff8588,0.272727,0,458741,218.7
tools,raw-memory,eog,teams,1,1,3,task_20260108_194921_186_8e9e30d7_a087d6f8,0.444444,0,217279,233.2
tools,raw-memory,eog,teams,1,1,3,task_20260109_063128_468_8e9e30d7_e983fafa,0.0,0,178398,188.0
tools,raw-memory,eog,teams,1,1,3,task_20260109_122356_038_0154326e_d224a99d,0.714286,0,217423,305.2
tools,raw-memory,eog,teams,2,1,1,task_20251121_134729_533_464ee3e0_2dcf2712,0.5,0,169007,67.0
tools,raw-memory,eog,teams,2,1,1,task_20251123_232016_480_7ebc1127_7a8d85a7,1.0,1,304409,156.7
tools,raw-memory,eog,teams,2,1,1,task_20251125_110309_032_464ee3e0_33f12828,1.0,1,203583,95.0
tools,raw-memory,eog,teams,2,1,1,task_20251125_113335_636_7ebc1127_a4ebffe8,0.5,0,359970,253.6
tools,raw-memory,eog,teams,2,1,1,task_20251126_054150_897_7ebc1127_60097647,1.0,1,163350,67.9
tools,raw-memory,eog,teams,2,1,1,task_20251129_042410_343_df0ecdeb_573538d3,0.8,0,294723,122.4
tools,raw-memory,eog,teams,2,1,1,task_20251203_080912_583_df0ecdeb_a3470951,0.9,0,377035,121.0
tools,raw-memory,eog,teams,2,1,1,task_20251203_115913_239_b5bd4eb9_2e02dcf0,0.0,0,68829,71.8
tools,raw-memory,eog,teams,2,1,1,task_20260106_003109_589_b5bd4eb9_d0454fa5,1.0,1,422323,220.5
tools,raw-memory,eog,teams,2,1,1,task_20260106_104903_639_0154326e_81f6a68a,0.5,0,243650,192.9
tools,raw-memory,eog,teams,2,1,1,task_20260106_112645_853_8e9e30d7_1d4b934c,1.0,1,208650,140.7
tools,raw-memory,eog,teams,2,1,1,task_20260106_123222_425_8e9e30d7_7dea421b,1.0,1,207529,111.2
tools,raw-memory,eog,teams,2,1,1,task_20260106_155851_715_df0ecdeb_7b4347ef,1.0,1,206144,143.5
tools,raw-memory,eog,teams,2,1,1,task_20260107_032952_337_7ebc1127_75b96b98,1.0,1,208837,96.5
tools,raw-memory,eog,teams,2,1,1,task_20260108_075149_000_df0ecdeb_ead1b33a,1.0,1,235749,116.9
tools,raw-memory,eog,teams,2,1,1,task_20260108_082113_548_df0ecdeb_2725d17f,0.75,0,133241,73.5
tools,raw-memory,eog,teams,2,1,1,task_20260108_172650_003_8e9e30d7_a1ff8588,0.181818,0,328159,254.5
tools,raw-memory,eog,teams,2,1,1,task_20260108_194921_186_8e9e30d7_a087d6f8,0.777778,0,507884,248.9
tools,raw-memory,eog,teams,2,1,1,task_20260109_063128_468_8e9e30d7_e983fafa,0.333333,0,409772,426.1
tools,raw-memory,eog,teams,2,1,1,task_20260109_122356_038_0154326e_d224a99d,1.0,1,280374,162.7
tools,raw-memory,eog,teams,2,1,2,task_20251121_134729_533_464ee3e0_2dcf2712,0.5,0,168668,175.6
tools,raw-memory,eog,teams,2,1,2,task_20251123_232016_480_7ebc1127_7a8d85a7,1.0,1,312555,272.3
tools,raw-memory,eog,teams,2,1,2,task_20251125_110309_032_464ee3e0_33f12828,1.0,1,202445,183.7
tools,raw-memory,eog,teams,2,1,2,task_20251125_113335_636_7ebc1127_a4ebffe8,0.5,0,285434,384.4
tools,raw-memory,eog,teams,2,1,2,task_20251126_054150_897_7ebc1127_60097647,1.0,1,163734,131.8
tools,raw-memory,eog,teams,2,1,2,task_20251129_042410_343_df0ecdeb_573538d3,0.8,0,223237,250.4
tools,raw-memory,eog,teams,2,1,2,task_20251203_080912_583_df0ecdeb_a3470951,0.9,0,377833,355.6
tools,raw-memory,eog,teams,2,1,2,task_20251203_115913_239_b5bd4eb9_2e02dcf0,0.0,0,67418,131.0
tools,raw-memory,eog,teams,2,1,2,task_20260106_003109_589_b5bd4eb9_d0454fa5,1.0,1,460727,509.3
tools,raw-memory,eog,teams,2,1,2,task_20260106_104903_639_0154326e_81f6a68a,1.0,1,173125,273.2
tools,raw-memory,eog,teams,2,1,2,task_20260106_112645_853_8e9e30d7_1d4b934c,1.0,1,205092,222.0
tools,raw-memory,eog,teams,2,1,2,task_20260106_123222_425_8e9e30d7_7dea421b,0.8,0,139764,302.2
tools,raw-memory,eog,teams,2,1,2,task_20260106_155851_715_df0ecdeb_7b4347ef,0.75,0,206002,285.7
tools,raw-memory,eog,teams,2,1,2,task_20260107_032952_337_7ebc1127_75b96b98,1.0,1,312835,247.0
tools,raw-memory,eog,teams,2,1,2,task_20260108_075149_000_df0ecdeb_ead1b33a,1.0,1,200102,209.2
tools,raw-memory,eog,teams,2,1,2,task_20260108_082113_548_df0ecdeb_2725d17f,0.75,0,132553,107.6
tools,raw-memory,eog,teams,2,1,2,task_20260108_172650_003_8e9e30d7_a1ff8588,0.272727,0,511031,633.4
tools,raw-memory,eog,teams,2,1,2,task_20260108_194921_186_8e9e30d7_a087d6f8,0.777778,0,291099,432.2
tools,raw-memory,eog,teams,2,1,2,task_20260109_063128_468_8e9e30d7_e983fafa,0.0,0,103953,255.3
tools,raw-memory,eog,teams,2,1,2,task_20260109_122356_038_0154326e_d224a99d,1.0,1,278250,372.9
tools,raw-memory,eog,teams,2,1,3,task_20251121_134729_533_464ee3e0_2dcf2712,0.5,0,135671,192.2
tools,raw-memory,eog,teams,2,1,3,task_20251123_232016_480_7ebc1127_7a8d85a7,1.0,1,274533,409.8
tools,raw-memory,eog,teams,2,1,3,task_20251125_110309_032_464ee3e0_33f12828,1.0,1,201210,236.8
tools,raw-memory,eog,teams,2,1,3,task_20251125_113335_636_7ebc1127_a4ebffe8,0.5,0,436730,627.4
tools,raw-memory,eog,teams,2,1,3,task_20251126_054150_897_7ebc1127_60097647,1.0,1,163342,206.8
tools,raw-memory,eog,teams,2,1,3,task_20251129_042410_343_df0ecdeb_573538d3,0.8,0,223543,318.1
tools,raw-memory,eog,teams,2,1,3,task_20251203_080912_583_df0ecdeb_a3470951,0.9,0,376448,301.9
tools,raw-memory,eog,teams,2,1,3,task_20251203_115913_239_b5bd4eb9_2e02dcf0,0.0,0,68240,258.0
tools,raw-memory,eog,teams,2,1,3,task_20260106_003109_589_b5bd4eb9_d0454fa5,0.833333,0,323793,518.8
tools,raw-memory,eog,teams,2,1,3,task_20260106_104903_639_0154326e_81f6a68a,0.5,0,239268,438.6
tools,raw-memory,eog,teams,2,1,3,task_20260106_112645_853_8e9e30d7_1d4b934c,1.0,1,313626,421.0
tools,raw-memory,eog,teams,2,1,3,task_20260106_123222_425_8e9e30d7_7dea421b,1.0,1,210852,500.8
tools,raw-memory,eog,teams,2,1,3,task_20260106_155851_715_df0ecdeb_7b4347ef,0.75,0,170264,351.0
tools,raw-memory,eog,teams,2,1,3,task_20260107_032952_337_7ebc1127_75b96b98,1.0,1,312840,305.8
tools,raw-memory,eog,teams,2,1,3,task_20260108_075149_000_df0ecdeb_ead1b33a,1.0,1,200844,239.0
tools,raw-memory,eog,teams,2,1,3,task_20260108_082113_548_df0ecdeb_2725d17f,0.75,0,167869,287.7
tools,raw-memory,eog,teams,2,1,3,task_20260108_172650_003_8e9e30d7_a1ff8588,0.272727,0,628715,952.7
tools,raw-memory,eog,teams,2,1,3,task_20260108_194921_186_8e9e30d7_a087d6f8,0.555556,0,258016,581.8
tools,raw-memory,eog,teams,2,1,3,task_20260109_063128_468_8e9e30d7_e983fafa,0.166667,0,176495,346.6
tools,raw-memory,eog,teams,2,1,3,task_20260109_122356_038_0154326e_d224a99d,1.0,1,212845,427.3
tools,raw-memory,eog,teams,2,2,1,task_20251125_115122_370_8e9e30d7_e2700b24,0.0,0,68715,130.3
tools,raw-memory,eog,teams,2,2,1,task_20251129_042304_817_df0ecdeb_3df990f2,0.75,0,256989,174.1
tools,raw-memory,eog,teams,2,2,1,task_20251204_100825_050_df0ecdeb_c1b28adf,0.875,0,336332,248.7
tools,raw-memory,eog,teams,2,2,1,task_20260105_163515_719_8e9e30d7_d86e69de,0.0,0,72017,130.4
tools,raw-memory,eog,teams,2,2,1,task_20260105_225106_969_0154326e_fc0d4a7b,1.0,1,244177,392.7
tools,raw-memory,eog,teams,2,2,1,task_20260107_044347_094_7ebc1127_4e1fc798,0.6,0,282214,253.7
tools,raw-memory,eog,teams,2,2,1,task_20260108_162420_138_df0ecdeb_96950310,1.0,1,171177,418.6
tools,raw-memory,eog,teams,2,2,1,task_20260108_174958_137_df0ecdeb_a05f1e14,0.888889,0,273017,259.7
tools,raw-memory,eog,teams,2,2,1,task_20260109_060901_602_8e9e30d7_06581f9f,1.0,1,137853,238.8
tools,raw-memory,eog,teams,2,2,1,task_20260109_063639_321_8e9e30d7_c31290aa,0.916667,0,554935,929.9
tools,raw-memory,eog,teams,2,2,1,task_20260109_155926_434_df0ecdeb_405562a2,0.0,0,452506,933.8
tools,raw-memory,eog,teams,2,2,2,task_20251125_115122_370_8e9e30d7_e2700b24,0.0,0,69111,117.1
tools,raw-memory,eog,teams,2,2,2,task_20251129_042304_817_df0ecdeb_3df990f2,0.75,0,258078,181.1
tools,raw-memory,eog,teams,2,2,2,task_20251204_100825_050_df0ecdeb_c1b28adf,0.875,0,337655,219.6
tools,raw-memory,eog,teams,2,2,2,task_20260105_163515_719_8e9e30d7_d86e69de,0.0,0,69602,139.8
tools,raw-memory,eog,teams,2,2,2,task_20260105_225106_969_0154326e_fc0d4a7b,1.0,1,209313,264.0
tools,raw-memory,eog,teams,2,2,2,task_20260107_044347_094_7ebc1127_4e1fc798,1.0,1,244225,214.9
tools,raw-memory,eog,teams,2,2,2,task_20260108_162420_138_df0ecdeb_96950310,1.0,1,170500,226.7
tools,raw-memory,eog,teams,2,2,2,task_20260108_174958_137_df0ecdeb_a05f1e14,0.888889,0,270711,194.2
tools,raw-memory,eog,teams,2,2,2,task_20260109_060901_602_8e9e30d7_06581f9f,1.0,1,138525,162.3
tools,raw-memory,eog,teams,2,2,2,task_20260109_063639_321_8e9e30d7_c31290aa,0.916667,0,474606,774.3
tools,raw-memory,eog,teams,2,2,2,task_20260109_155926_434_df0ecdeb_405562a2,0.0,0,338182,576.1
tools,raw-memory,eog,teams,2,2,3,task_20251125_115122_370_8e9e30d7_e2700b24,0.0,0,104105,155.0
tools,raw-memory,eog,teams,2,2,3,task_20251129_042304_817_df0ecdeb_3df990f2,0.75,0,258796,139.7
tools,raw-memory,eog,teams,2,2,3,task_20251204_100825_050_df0ecdeb_c1b28adf,0.875,0,336554,152.4
tools,raw-memory,eog,teams,2,2,3,task_20260105_163515_719_8e9e30d7_d86e69de,0.0,0,69013,263.7
tools,raw-memory,eog,teams,2,2,3,task_20260105_225106_969_0154326e_fc0d4a7b,1.0,1,207244,284.4
tools,raw-memory,eog,teams,2,2,3,task_20260107_044347_094_7ebc1127_4e1fc798,0.8,0,174579,172.9
tools,raw-memory,eog,teams,2,2,3,task_20260108_162420_138_df0ecdeb_96950310,1.0,1,135231,141.1
tools,raw-memory,eog,teams,2,2,3,task_20260108_174958_137_df0ecdeb_a05f1e14,0.888889,0,269902,142.1
tools,raw-memory,eog,teams,2,2,3,task_20260109_060901_602_8e9e30d7_06581f9f,1.0,1,172163,196.5
tools,raw-memory,eog,teams,2,2,3,task_20260109_063639_321_8e9e30d7_c31290aa,0.916667,0,455524,728.5
tools,raw-memory,eog,teams,2,2,3,task_20260109_155926_434_df0ecdeb_405562a2,0.0,0,476161,717.5
tools,raw-memory,eog,teams,3,1,1,task_20251121_134729_533_464ee3e0_2dcf2712,0.5,0,163514,122.8
tools,raw-memory,eog,teams,3,1,1,task_20251123_232016_480_7ebc1127_7a8d85a7,1.0,1,325465,183.1
tools,raw-memory,eog,teams,3,1,1,task_20251125_110309_032_464ee3e0_33f12828,1.0,1,283468,110.5
tools,raw-memory,eog,teams,3,1,1,task_20251125_113335_636_7ebc1127_a4ebffe8,0.5,0,296619,207.3
tools,raw-memory,eog,teams,3,1,1,task_20251126_054150_897_7ebc1127_60097647,1.0,1,199031,81.9
tools,raw-memory,eog,teams,3,1,1,task_20251129_042410_343_df0ecdeb_573538d3,0.8,0,306284,121.7
tools,raw-memory,eog,teams,3,1,1,task_20251203_080912_583_df0ecdeb_a3470951,0.9,0,445437,208.2
tools,raw-memory,eog,teams,3,1,1,task_20251203_115913_239_b5bd4eb9_2e02dcf0,0.0,0,80806,62.7
tools,raw-memory,eog,teams,3,1,1,task_20260106_003109_589_b5bd4eb9_d0454fa5,0.166667,0,605647,601.7
tools,raw-memory,eog,teams,3,1,1,task_20260106_104903_639_0154326e_81f6a68a,0.666667,0,334417,297.4
tools,raw-memory,eog,teams,3,1,1,task_20260106_112645_853_8e9e30d7_1d4b934c,1.0,1,329905,144.3
tools,raw-memory,eog,teams,3,1,1,task_20260106_123222_425_8e9e30d7_7dea421b,1.0,1,336840,261.4
tools,raw-memory,eog,teams,3,1,1,task_20260106_155851_715_df0ecdeb_7b4347ef,0.75,0,249874,371.3
tools,raw-memory,eog,teams,3,1,1,task_20260107_032952_337_7ebc1127_75b96b98,1.0,1,300467,234.6
tools,raw-memory,eog,teams,3,1,1,task_20260108_075149_000_df0ecdeb_ead1b33a,1.0,1,241525,106.7
tools,raw-memory,eog,teams,3,1,1,task_20260108_082113_548_df0ecdeb_2725d17f,0.75,0,197613,86.6
tools,raw-memory,eog,teams,3,1,1,task_20260108_172650_003_8e9e30d7_a1ff8588,0.454545,0,529393,575.1
tools,raw-memory,eog,teams,3,1,1,task_20260108_194921_186_8e9e30d7_a087d6f8,0.555556,0,345735,314.2
tools,raw-memory,eog,teams,3,1,1,task_20260109_063128_468_8e9e30d7_e983fafa,0.166667,0,252363,322.7
tools,raw-memory,eog,teams,3,1,1,task_20260109_122356_038_0154326e_d224a99d,1.0,1,247525,144.7
tools,raw-memory,eog,teams,3,1,2,task_20251121_134729_533_464ee3e0_2dcf2712,0.5,0,164056,121.2
tools,raw-memory,eog,teams,3,1,2,task_20251123_232016_480_7ebc1127_7a8d85a7,1.0,1,326378,151.6
tools,raw-memory,eog,teams,3,1,2,task_20251125_110309_032_464ee3e0_33f12828,1.0,1,242316,103.9
tools,raw-memory,eog,teams,3,1,2,task_20251125_113335_636_7ebc1127_a4ebffe8,0.5,0,428183,237.7
tools,raw-memory,eog,teams,3,1,2,task_20251126_054150_897_7ebc1127_60097647,1.0,1,199435,94.9
tools,raw-memory,eog,teams,3,1,2,task_20251129_042410_343_df0ecdeb_573538d3,0.8,0,305158,100.5
tools,raw-memory,eog,teams,3,1,2,task_20251203_080912_583_df0ecdeb_a3470951,0.9,0,445490,146.0
tools,raw-memory,eog,teams,3,1,2,task_20251203_115913_239_b5bd4eb9_2e02dcf0,0.0,0,81198,101.1
tools,raw-memory,eog,teams,3,1,2,task_20260106_003109_589_b5bd4eb9_d0454fa5,1.0,1,421673,356.1
tools,raw-memory,eog,teams,3,1,2,task_20260106_104903_639_0154326e_81f6a68a,0.666667,0,460271,396.9
tools,raw-memory,eog,teams,3,1,2,task_20260106_112645_853_8e9e30d7_1d4b934c,1.0,1,287246,144.1
tools,raw-memory,eog,teams,3,1,2,task_20260106_123222_425_8e9e30d7_7dea421b,1.0,1,252265,218.0
tools,raw-memory,eog,teams,3,1,2,task_20260106_155851_715_df0ecdeb_7b4347ef,1.0,1,287379,222.4
tools,raw-memory,eog,teams,3,1,2,task_20260107_032952_337_7ebc1127_75b96b98,1.0,1,169201,140.1
tools,raw-memory,eog,teams,3,1,2,task_20260108_075149_000_df0ecdeb_ead1b33a,1.0,1,241174,99.4
tools,raw-memory,eog,teams,3,1,2,task_20260108_082113_548_df0ecdeb_2725d17f,0.75,0,244703,140.1
tools,raw-memory,eog,teams,3,1,2,task_20260108_172650_003_8e9e30d7_a1ff8588,0.363636,0,604762,337.4
tools,raw-memory,eog,teams,3,1,2,task_20260108_194921_186_8e9e30d7_a087d6f8,0.666667,0,349457,351.3
tools,raw-memory,eog,teams,3,1,2,task_20260109_063128_468_8e9e30d7_e983fafa,0.166667,0,208078,243.2
tools,raw-memory,eog,teams,3,1,2,task_20260109_122356_038_0154326e_d224a99d,1.0,1,293661,189.2
tools,raw-memory,eog,teams,3,1,3,task_20251121_134729_533_464ee3e0_2dcf2712,0.5,0,204171,120.0
tools,raw-memory,eog,teams,3,1,3,task_20251123_232016_480_7ebc1127_7a8d85a7,1.0,1,329221,225.6
tools,raw-memory,eog,teams,3,1,3,task_20251125_110309_032_464ee3e0_33f12828,0.75,0,283223,109.2
tools,raw-memory,eog,teams,3,1,3,task_20251125_113335_636_7ebc1127_a4ebffe8,0.333333,0,341068,316.4
tools,raw-memory,eog,teams,3,1,3,task_20251126_054150_897_7ebc1127_60097647,1.0,1,198849,112.1
tools,raw-memory,eog,teams,3,1,3,task_20251129_042410_343_df0ecdeb_573538d3,0.8,0,264255,119.0
tools,raw-memory,eog,teams,3,1,3,task_20251203_080912_583_df0ecdeb_a3470951,0.9,0,486354,147.2
tools,raw-memory,eog,teams,3,1,3,task_20251203_115913_239_b5bd4eb9_2e02dcf0,0.0,0,81063,146.0
tools,raw-memory,eog,teams,3,1,3,task_20260106_003109_589_b5bd4eb9_d0454fa5,1.0,1,425656,302.8
tools,raw-memory,eog,teams,3,1,3,task_20260106_104903_639_0154326e_81f6a68a,0.666667,0,373790,264.3
tools,raw-memory,eog,teams,3,1,3,task_20260106_112645_853_8e9e30d7_1d4b934c,1.0,1,249181,166.9
tools,raw-memory,eog,teams,3,1,3,task_20260106_123222_425_8e9e30d7_7dea421b,0.8,0,209635,300.3
tools,raw-memory,eog,teams,3,1,3,task_20260106_155851_715_df0ecdeb_7b4347ef,0.75,0,247144,285.9
tools,raw-memory,eog,teams,3,1,3,task_20260107_032952_337_7ebc1127_75b96b98,1.0,1,334749,193.7
tools,raw-memory,eog,teams,3,1,3,task_20260108_075149_000_df0ecdeb_ead1b33a,1.0,1,241980,94.7
tools,raw-memory,eog,teams,3,1,3,task_20260108_082113_548_df0ecdeb_2725d17f,0.75,0,160231,71.5
tools,raw-memory,eog,teams,3,1,3,task_20260108_172650_003_8e9e30d7_a1ff8588,0.363636,0,477827,249.0
tools,raw-memory,eog,teams,3,1,3,task_20260108_194921_186_8e9e30d7_a087d6f8,0.444444,0,528277,282.2
tools,raw-memory,eog,teams,3,1,3,task_20260109_063128_468_8e9e30d7_e983fafa,0.5,0,380618,304.7
tools,raw-memory,eog,teams,3,1,3,task_20260109_122356_038_0154326e_d224a99d,0.714286,0,340465,340.3
tools,raw-memory,eog,teams,3,2,1,task_20251125_115122_370_8e9e30d7_e2700b24,0.0,0,82469,63.4
tools,raw-memory,eog,teams,3,2,1,task_20251129_042304_817_df0ecdeb_3df990f2,0.75,0,304762,84.6
tools,raw-memory,eog,teams,3,2,1,task_20251204_100825_050_df0ecdeb_c1b28adf,0.875,0,267527,82.4
tools,raw-memory,eog,teams,3,2,1,task_20260105_163515_719_8e9e30d7_d86e69de,0.0,0,83558,74.3
tools,raw-memory,eog,teams,3,2,1,task_20260105_225106_969_0154326e_fc0d4a7b,1.0,1,291159,132.5
tools,raw-memory,eog,teams,3,2,1,task_20260107_044347_094_7ebc1127_4e1fc798,0.8,0,418888,142.3
tools,raw-memory,eog,teams,3,2,1,task_20260108_162420_138_df0ecdeb_96950310,1.0,1,203266,219.5
tools,raw-memory,eog,teams,3,2,1,task_20260108_174958_137_df0ecdeb_a05f1e14,0.888889,0,325106,104.0
tools,raw-memory,eog,teams,3,2,1,task_20260109_060901_602_8e9e30d7_06581f9f,1.0,1,165694,101.2
tools,raw-memory,eog,teams,3,2,1,task_20260109_063639_321_8e9e30d7_c31290aa,0.75,0,580961,504.2
tools,raw-memory,eog,teams,3,2,1,task_20260109_155926_434_df0ecdeb_405562a2,0.0,0,653160,458.2
tools,raw-memory,eog,teams,3,2,2,task_20251125_115122_370_8e9e30d7_e2700b24,0.0,0,81928,61.4
tools,raw-memory,eog,teams,3,2,2,task_20251129_042304_817_df0ecdeb_3df990f2,0.75,0,306368,89.0
tools,raw-memory,eog,teams,3,2,2,task_20251204_100825_050_df0ecdeb_c1b28adf,0.875,0,355530,118.8
tools,raw-memory,eog,teams,3,2,2,task_20260105_163515_719_8e9e30d7_d86e69de,0.0,0,84426,188.1
tools,raw-memory,eog,teams,3,2,2,task_20260105_225106_969_0154326e_fc0d4a7b,1.0,1,333944,226.3
tools,raw-memory,eog,teams,3,2,2,task_20260107_044347_094_7ebc1127_4e1fc798,0.6,0,605903,306.3
tools,raw-memory,eog,teams,3,2,2,task_20260108_162420_138_df0ecdeb_96950310,1.0,1,162464,76.3
tools,raw-memory,eog,teams,3,2,2,task_20260108_174958_137_df0ecdeb_a05f1e14,0.888889,0,324463,81.8
tools,raw-memory,eog,teams,3,2,2,task_20260109_060901_602_8e9e30d7_06581f9f,1.0,1,246190,127.8
tools,raw-memory,eog,teams,3,2,2,task_20260109_063639_321_8e9e30d7_c31290aa,1.0,1,692836,415.2
tools,raw-memory,eog,teams,3,2,2,task_20260109_155926_434_df0ecdeb_405562a2,0.0,0,691901,423.8
tools,raw-memory,eog,teams,3,2,3,task_20251125_115122_370_8e9e30d7_e2700b24,0.0,0,83549,163.8
tools,raw-memory,eog,teams,3,2,3,task_20251129_042304_817_df0ecdeb_3df990f2,0.75,0,305508,101.1
tools,raw-memory,eog,teams,3,2,3,task_20251204_100825_050_df0ecdeb_c1b28adf,0.875,0,357983,166.6
tools,raw-memory,eog,teams,3,2,3,task_20260105_163515_719_8e9e30d7_d86e69de,0.0,0,82367,310.6
tools,raw-memory,eog,teams,3,2,3,task_20260105_225106_969_0154326e_fc0d4a7b,1.0,1,248900,186.3
tools,raw-memory,eog,teams,3,2,3,task_20260107_044347_094_7ebc1127_4e1fc798,0.8,0,249837,159.9
tools,raw-memory,eog,teams,3,2,3,task_20260108_162420_138_df0ecdeb_96950310,1.0,1,162133,67.8
tools,raw-memory,eog,teams,3,2,3,task_20260108_174958_137_df0ecdeb_a05f1e14,0.888889,0,325305,129.4
tools,raw-memory,eog,teams,3,2,3,task_20260109_060901_602_8e9e30d7_06581f9f,1.0,1,207471,139.2
tools,raw-memory,eog,teams,3,2,3,task_20260109_063639_321_8e9e30d7_c31290aa,0.916667,0,267115,484.8
tools,raw-memory,eog,teams,3,2,3,task_20260109_155926_434_df0ecdeb_405562a2,0.0,0,573920,356.1
tools,raw-memory,eog,teams,3,3,1,task_20251126_070103_077_501bbb2c_7c7c4ea6,1.0,1,202288,53.8
tools,raw-memory,eog,teams,3,3,1,task_20251202_174228_665_df0ecdeb_e84a9e55,0.888889,0,351715,184.1
tools,raw-memory,eog,teams,3,3,1,task_20251205_134123_742_b5bd4eb9_003270a9,1.0,1,379284,145.9
tools,raw-memory,eog,teams,3,3,1,task_20251205_192805_864_464ee3e0_91f2c02f,0.666667,0,608199,398.1
tools,raw-memory,eog,teams,3,3,1,task_20251205_210412_800_0154326e_3caf7df7,0.75,0,433010,472.3
tools,raw-memory,eog,teams,3,3,1,task_20260106_143232_971_0154326e_0af4275b,1.0,1,298981,200.5
tools,raw-memory,eog,teams,3,3,2,task_20251126_070103_077_501bbb2c_7c7c4ea6,1.0,1,241994,178.0
tools,raw-memory,eog,teams,3,3,2,task_20251202_174228_665_df0ecdeb_e84a9e55,0.888889,0,309327,225.3
tools,raw-memory,eog,teams,3,3,2,task_20251205_134123_742_b5bd4eb9_003270a9,1.0,1,336782,257.9
tools,raw-memory,eog,teams,3,3,2,task_20251205_192805_864_464ee3e0_91f2c02f,0.777778,0,698537,295.3
tools,raw-memory,eog,teams,3,3,2,task_20251205_210412_800_0154326e_3caf7df7,0.75,0,388614,614.5
tools,raw-memory,eog,teams,3,3,2,task_20260106_143232_971_0154326e_0af4275b,1.0,1,170852,253.3
tools,raw-memory,eog,teams,3,3,3,task_20251126_070103_077_501bbb2c_7c7c4ea6,1.0,1,241836,66.8
tools,raw-memory,eog,teams,3,3,3,task_20251202_174228_665_df0ecdeb_e84a9e55,0.888889,0,309487,112.1
tools,raw-memory,eog,teams,3,3,3,task_20251205_134123_742_b5bd4eb9_003270a9,1.0,1,383442,243.6
tools,raw-memory,eog,teams,3,3,3,task_20251205_192805_864_464ee3e0_91f2c02f,0.555556,0,627600,254.3
tools,raw-memory,eog,teams,3,3,3,task_20251205_210412_800_0154326e_3caf7df7,0.75,0,488152,381.7
tools,raw-memory,eog,teams,3,3,3,task_20260106_143232_971_0154326e_0af4275b,0.833333,0,379513,165.0
tools,raw-memory,eog,teams,4,1,1,task_20251121_134729_533_464ee3e0_2dcf2712,0.5,0,229393,113.8
tools,raw-memory,eog,teams,4,1,1,task_20251123_232016_480_7ebc1127_7a8d85a7,1.0,1,410796,197.5
tools,raw-memory,eog,teams,4,1,1,task_20251125_110309_032_464ee3e0_33f12828,0.75,0,274743,136.1
tools,raw-memory,eog,teams,4,1,1,task_20251125_113335_636_7ebc1127_a4ebffe8,0.5,0,475172,219.6
tools,raw-memory,eog,teams,4,1,1,task_20251126_054150_897_7ebc1127_60097647,1.0,1,223976,125.5
tools,raw-memory,eog,teams,4,1,1,task_20251129_042410_343_df0ecdeb_573538d3,0.8,0,293639,257.4
tools,raw-memory,eog,teams,4,1,1,task_20251203_080912_583_df0ecdeb_a3470951,0.9,0,497351,224.9
tools,raw-memory,eog,teams,4,1,1,task_20251203_115913_239_b5bd4eb9_2e02dcf0,0.0,0,91736,121.0
tools,raw-memory,eog,teams,4,1,1,task_20260106_003109_589_b5bd4eb9_d0454fa5,1.0,1,575985,334.3
tools,raw-memory,eog,teams,4,1,1,task_20260106_104903_639_0154326e_81f6a68a,0.5,0,323080,213.3
tools,raw-memory,eog,teams,4,1,1,task_20260106_112645_853_8e9e30d7_1d4b934c,1.0,1,327743,255.1
tools,raw-memory,eog,teams,4,1,1,task_20260106_123222_425_8e9e30d7_7dea421b,1.0,1,280186,271.6
tools,raw-memory,eog,teams,4,1,1,task_20260106_155851_715_df0ecdeb_7b4347ef,0.75,0,323807,265.5
tools,raw-memory,eog,teams,4,1,1,task_20260107_032952_337_7ebc1127_75b96b98,1.0,1,279772,123.4
tools,raw-memory,eog,teams,4,1,1,task_20260108_075149_000_df0ecdeb_ead1b33a,1.0,1,319673,153.9
tools,raw-memory,eog,teams,4,1,1,task_20260108_082113_548_df0ecdeb_2725d17f,0.75,0,180368,132.4
tools,raw-memory,eog,teams,4,1,1,task_20260108_172650_003_8e9e30d7_a1ff8588,0.363636,0,772123,465.3
tools,raw-memory,eog,teams,4,1,1,task_20260108_194921_186_8e9e30d7_a087d6f8,0.555556,0,671264,370.2
tools,raw-memory,eog,teams,4,1,1,task_20260109_063128_468_8e9e30d7_e983fafa,0.166667,0,233831,170.1
tools,raw-memory,eog,teams,4,1,1,task_20260109_122356_038_0154326e_d224a99d,0.857143,0,333341,283.2
tools,raw-memory,eog,teams,4,1,2,task_20251121_134729_533_464ee3e0_2dcf2712,0.5,0,230415,160.6
tools,raw-memory,eog,teams,4,1,2,task_20251123_232016_480_7ebc1127_7a8d85a7,1.0,1,366674,271.4
tools,raw-memory,eog,teams,4,1,2,task_20251125_110309_032_464ee3e0_33f12828,1.0,1,274557,200.9
tools,raw-memory,eog,teams,4,1,2,task_20251125_113335_636_7ebc1127_a4ebffe8,0.5,0,426014,241.6
tools,raw-memory,eog,teams,4,1,2,task_20251126_054150_897_7ebc1127_60097647,1.0,1,224212,147.0
tools,raw-memory,eog,teams,4,1,2,task_20251129_042410_343_df0ecdeb_573538d3,0.8,0,342643,266.7
tools,raw-memory,eog,teams,4,1,2,task_20251203_080912_583_df0ecdeb_a3470951,0.9,0,495372,312.4
tools,raw-memory,eog,teams,4,1,2,task_20251203_115913_239_b5bd4eb9_2e02dcf0,0.0,0,91458,89.6
tools,raw-memory,eog,teams,4,1,2,task_20260106_003109_589_b5bd4eb9_d0454fa5,1.0,1,424849,321.2
tools,raw-memory,eog,teams,4,1,2,task_20260106_104903_639_0154326e_81f6a68a,0.666667,0,464916,344.2
tools,raw-memory,eog,teams,4,1,2,task_20260106_112645_853_8e9e30d7_1d4b934c,1.0,1,371244,322.8
tools,raw-memory,eog,teams,4,1,2,task_20260106_123222_425_8e9e30d7_7dea421b,1.0,1,419832,384.2
tools,raw-memory,eog,teams,4,1,2,task_20260106_155851_715_df0ecdeb_7b4347ef,0.75,0,279424,298.3
tools,raw-memory,eog,teams,4,1,2,task_20260107_032952_337_7ebc1127_75b96b98,1.0,1,326635,176.9
tools,raw-memory,eog,teams,4,1,2,task_20260108_075149_000_df0ecdeb_ead1b33a,1.0,1,271792,162.4
tools,raw-memory,eog,teams,4,1,2,task_20260108_082113_548_df0ecdeb_2725d17f,0.75,0,181211,195.6
tools,raw-memory,eog,teams,4,1,2,task_20260108_172650_003_8e9e30d7_a1ff8588,0.363636,0,579345,581.9
tools,raw-memory,eog,teams,4,1,2,task_20260108_194921_186_8e9e30d7_a087d6f8,0.555556,0,768254,333.5
tools,raw-memory,eog,teams,4,1,2,task_20260109_063128_468_8e9e30d7_e983fafa,0.333333,0,381317,299.5
tools,raw-memory,eog,teams,4,1,2,task_20260109_122356_038_0154326e_d224a99d,1.0,1,328003,384.6
tools,raw-memory,eog,teams,4,1,3,task_20251121_134729_533_464ee3e0_2dcf2712,0.5,0,276047,137.8
tools,raw-memory,eog,teams,4,1,3,task_20251123_232016_480_7ebc1127_7a8d85a7,1.0,1,415712,271.4
tools,raw-memory,eog,teams,4,1,3,task_20251125_110309_032_464ee3e0_33f12828,0.75,0,274594,160.8
tools,raw-memory,eog,teams,4,1,3,task_20251125_113335_636_7ebc1127_a4ebffe8,0.5,0,481438,227.3
tools,raw-memory,eog,teams,4,1,3,task_20251126_054150_897_7ebc1127_60097647,1.0,1,223964,103.7
tools,raw-memory,eog,teams,4,1,3,task_20251129_042410_343_df0ecdeb_573538d3,0.8,0,292536,195.5
tools,raw-memory,eog,teams,4,1,3,task_20251203_080912_583_df0ecdeb_a3470951,0.9,0,496005,214.2
tools,raw-memory,eog,teams,4,1,3,task_20251203_115913_239_b5bd4eb9_2e02dcf0,0.0,0,92009,185.0
tools,raw-memory,eog,teams,4,1,3,task_20260106_003109_589_b5bd4eb9_d0454fa5,0.666667,0,383119,393.9
tools,raw-memory,eog,teams,4,1,3,task_20260106_104903_639_0154326e_81f6a68a,0.666667,0,467383,309.5
tools,raw-memory,eog,teams,4,1,3,task_20260106_112645_853_8e9e30d7_1d4b934c,1.0,1,277626,250.8
tools,raw-memory,eog,teams,4,1,3,task_20260106_123222_425_8e9e30d7_7dea421b,1.0,1,326597,285.2
tools,raw-memory,eog,teams,4,1,3,task_20260106_155851_715_df0ecdeb_7b4347ef,0.75,0,323315,250.9
tools,raw-memory,eog,teams,4,1,3,task_20260107_032952_337_7ebc1127_75b96b98,1.0,1,328022,154.1
tools,raw-memory,eog,teams,4,1,3,task_20260108_075149_000_df0ecdeb_ead1b33a,1.0,1,271418,113.3
tools,raw-memory,eog,teams,4,1,3,task_20260108_082113_548_df0ecdeb_2725d17f,0.75,0,180673,116.7
tools,raw-memory,eog,teams,4,1,3,task_20260108_172650_003_8e9e30d7_a1ff8588,0.272727,0,779815,383.2
tools,raw-memory,eog,teams,4,1,3,task_20260108_194921_186_8e9e30d7_a087d6f8,0.777778,0,576604,341.0
tools,raw-memory,eog,teams,4,1,3,task_20260109_063128_468_8e9e30d7_e983fafa,0.166667,0,433118,428.7
tools,raw-memory,eog,teams,4,1,3,task_20260109_122356_038_0154326e_d224a99d,1.0,1,277073,300.8
tools,raw-memory,eog,teams,4,2,1,task_20251125_115122_370_8e9e30d7_e2700b24,0.0,0,92797,78.5
tools,raw-memory,eog,teams,4,2,1,task_20251129_042304_817_df0ecdeb_3df990f2,0.75,0,342038,81.0
tools,raw-memory,eog,teams,4,2,1,task_20251204_100825_050_df0ecdeb_c1b28adf,0.875,0,492511,142.5
tools,raw-memory,eog,teams,4,2,1,task_20260105_163515_719_8e9e30d7_d86e69de,0.0,0,95149,123.2
tools,raw-memory,eog,teams,4,2,1,task_20260105_225106_969_0154326e_fc0d4a7b,1.0,1,281772,122.8
tools,raw-memory,eog,teams,4,2,1,task_20260107_044347_094_7ebc1127_4e1fc798,0.8,0,475259,219.2
tools,raw-memory,eog,teams,4,2,1,task_20260108_162420_138_df0ecdeb_96950310,0.5,0,185778,122.6
tools,raw-memory,eog,teams,4,2,1,task_20260108_174958_137_df0ecdeb_a05f1e14,0.888889,0,366848,134.0
tools,raw-memory,eog,teams,4,2,1,task_20260109_060901_602_8e9e30d7_06581f9f,1.0,1,233789,115.3
tools,raw-memory,eog,teams,4,2,1,task_20260109_063639_321_8e9e30d7_c31290aa,0.916667,0,731288,320.5
tools,raw-memory,eog,teams,4,2,1,task_20260109_155926_434_df0ecdeb_405562a2,0.0,0,772142,257.7
tools,raw-memory,eog,teams,4,2,2,task_20251125_115122_370_8e9e30d7_e2700b24,0.0,0,91540,96.7
tools,raw-memory,eog,teams,4,2,2,task_20251129_042304_817_df0ecdeb_3df990f2,0.75,0,389899,113.0
tools,raw-memory,eog,teams,4,2,2,task_20251204_100825_050_df0ecdeb_c1b28adf,0.875,0,444515,157.2
tools,raw-memory,eog,teams,4,2,2,task_20260105_163515_719_8e9e30d7_d86e69de,0.0,0,142006,131.1
tools,raw-memory,eog,teams,4,2,2,task_20260105_225106_969_0154326e_fc0d4a7b,1.0,1,279220,133.2
tools,raw-memory,eog,teams,4,2,2,task_20260107_044347_094_7ebc1127_4e1fc798,0.8,0,185771,94.1
tools,raw-memory,eog,teams,4,2,2,task_20260108_162420_138_df0ecdeb_96950310,0.5,0,185203,157.1
tools,raw-memory,eog,teams,4,2,2,task_20260108_174958_137_df0ecdeb_a05f1e14,0.888889,0,367390,172.7
tools,raw-memory,eog,teams,4,2,2,task_20260109_060901_602_8e9e30d7_06581f9f,1.0,1,366152,110.7
tools,raw-memory,eog,teams,4,2,2,task_20260109_063639_321_8e9e30d7_c31290aa,1.0,1,626038,209.8
tools,raw-memory,eog,teams,4,2,2,task_20260109_155926_434_df0ecdeb_405562a2,0.0,0,773714,406.8
tools,raw-memory,eog,teams,4,2,3,task_20251125_115122_370_8e9e30d7_e2700b24,0.0,0,91555,78.3
tools,raw-memory,eog,teams,4,2,3,task_20251129_042304_817_df0ecdeb_3df990f2,0.75,0,244711,110.4
tools,raw-memory,eog,teams,4,2,3,task_20251204_100825_050_df0ecdeb_c1b28adf,0.875,0,446123,191.4
tools,raw-memory,eog,teams,4,2,3,task_20260105_163515_719_8e9e30d7_d86e69de,0.0,0,93132,120.6
tools,raw-memory,eog,teams,4,2,3,task_20260105_225106_969_0154326e_fc0d4a7b,1.0,1,372220,193.7
tools,raw-memory,eog,teams,4,2,3,task_20260107_044347_094_7ebc1127_4e1fc798,1.0,1,377161,191.9
tools,raw-memory,eog,teams,4,2,3,task_20260108_162420_138_df0ecdeb_96950310,1.0,1,229742,145.9
tools,raw-memory,eog,teams,4,2,3,task_20260108_174958_137_df0ecdeb_a05f1e14,0.888889,0,367558,209.7
tools,raw-memory,eog,teams,4,2,3,task_20260109_060901_602_8e9e30d7_06581f9f,1.0,1,364945,111.9
tools,raw-memory,eog,teams,4,2,3,task_20260109_063639_321_8e9e30d7_c31290aa,0.916667,0,590008,333.3
tools,raw-memory,eog,teams,4,2,3,task_20260109_155926_434_df0ecdeb_405562a2,0.0,0,638760,384.1
tools,raw-memory,eog,teams,4,3,1,task_20251126_070103_077_501bbb2c_7c7c4ea6,1.0,1,228759,79.0
tools,raw-memory,eog,teams,4,3,1,task_20251202_174228_665_df0ecdeb_e84a9e55,0.888889,0,391145,93.7
tools,raw-memory,eog,teams,4,3,1,task_20251205_134123_742_b5bd4eb9_003270a9,1.0,1,524538,230.2
tools,raw-memory,eog,teams,4,3,1,task_20251205_192805_864_464ee3e0_91f2c02f,0.777778,0,633462,225.3
tools,raw-memory,eog,teams,4,3,1,task_20251205_210412_800_0154326e_3caf7df7,0.75,0,434189,262.8
tools,raw-memory,eog,teams,4,3,1,task_20260106_143232_971_0154326e_0af4275b,1.0,1,568801,190.2
tools,raw-memory,eog,teams,4,3,2,task_20251126_070103_077_501bbb2c_7c7c4ea6,1.0,1,271535,53.5
tools,raw-memory,eog,teams,4,3,2,task_20251202_174228_665_df0ecdeb_e84a9e55,0.888889,0,390406,75.4
tools,raw-memory,eog,teams,4,3,2,task_20251205_134123_742_b5bd4eb9_003270a9,1.0,1,533170,177.8
tools,raw-memory,eog,teams,4,3,2,task_20251205_192805_864_464ee3e0_91f2c02f,0.0,0,46140,25.3
tools,raw-memory,eog,teams,4,3,2,task_20251205_210412_800_0154326e_3caf7df7,0.75,0,430449,234.9
tools,raw-memory,eog,teams,4,3,2,task_20260106_143232_971_0154326e_0af4275b,1.0,1,468589,129.9
tools,raw-memory,eog,teams,4,3,3,task_20251126_070103_077_501bbb2c_7c7c4ea6,1.0,1,228296,69.7
tools,raw-memory,eog,teams,4,3,3,task_20251202_174228_665_df0ecdeb_e84a9e55,0.888889,0,390829,100.4
tools,raw-memory,eog,teams,4,3,3,task_20251205_134123_742_b5bd4eb9_003270a9,0.8,0,468547,248.3
tools,raw-memory,eog,teams,4,3,3,task_20251205_192805_864_464ee3e0_91f2c02f,0.777778,0,676827,198.5
tools,raw-memory,eog,teams,4,3,3,task_20251205_210412_800_0154326e_3caf7df7,0.75,0,336189,242.7
tools,raw-memory,eog,teams,4,3,3,task_20260106_143232_971_0154326e_0af4275b,1.0,1,470231,225.2
tools,raw-memory,eog,teams,4,4,1,task_20251126_055301_905_8e9e30d7_6aab00b8,0.0,0,90802,55.2
tools,raw-memory,eog,teams,4,4,1,task_20251128_120055_076_8e9e30d7_e5dcfa22,0.0,0,95198,70.7
tools,raw-memory,eog,teams,4,4,1,task_20251128_200856_738_0154326e_752f99ad,0.875,0,521474,275.3
tools,raw-memory,eog,teams,4,4,1,task_20260106_040225_149_7ebc1127_e9ac645c,1.0,1,324784,87.5
tools,raw-memory,eog,teams,4,4,1,task_20260107_111155_131_0154326e_96e0246b,0.777778,0,481104,517.6
tools,raw-memory,eog,teams,4,4,1,task_20260109_004703_994_7ebc1127_6f97f3e9,0.571429,0,537600,746.3
tools,raw-memory,eog,teams,4,4,2,task_20251126_055301_905_8e9e30d7_6aab00b8,1.0,1,466909,218.6
tools,raw-memory,eog,teams,4,4,2,task_20251128_120055_076_8e9e30d7_e5dcfa22,0.75,0,572460,274.8
tools,raw-memory,eog,teams,4,4,2,task_20251128_200856_738_0154326e_752f99ad,0.875,0,661763,387.6
tools,raw-memory,eog,teams,4,4,2,task_20260106_040225_149_7ebc1127_e9ac645c,0.75,0,229908,99.5
tools,raw-memory,eog,teams,4,4,2,task_20260107_111155_131_0154326e_96e0246b,0.777778,0,538271,389.8
tools,raw-memory,eog,teams,4,4,2,task_20260109_004703_994_7ebc1127_6f97f3e9,0.714286,0,868636,540.1
tools,raw-memory,eog,teams,4,4,3,task_20251126_055301_905_8e9e30d7_6aab00b8,0.0,0,91622,101.7
tools,raw-memory,eog,teams,4,4,3,task_20251128_120055_076_8e9e30d7_e5dcfa22,0.875,0,425105,229.6
tools,raw-memory,eog,teams,4,4,3,task_20251128_200856_738_0154326e_752f99ad,0.875,0,517876,211.3
tools,raw-memory,eog,teams,4,4,3,task_20260106_040225_149_7ebc1127_e9ac645c,1.0,1,230094,145.5
tools,raw-memory,eog,teams,4,4,3,task_20260107_111155_131_0154326e_96e0246b,0.888889,0,489003,343.3
tools,raw-memory,eog,teams,4,4,3,task_20260109_004703_994_7ebc1127_6f97f3e9,0.714286,0,826973,561.7
