track,arm,benchmark,stream,adapt_stage,eval_cohort,run,task_id,score,success,recorded_tokens,recorded_seconds
tools,meta,ale,ale,1,1,1,business_finance/american_option_pricing_ls,0.0,0,1588494,856.1
tools,meta,ale,ale,1,1,1,business_finance/basel_operational_risk_bia_cn,0.0,0,471742,246.7
tools,meta,ale,ale,1,1,1,business_finance/bpmn_supply_disruption_l3,0.5942,0,3323910,933.5
tools,meta,ale,ale,1,1,1,business_finance/digital_marketing_audience_segmentation_1,0.762,0,1063689,446.4
tools,meta,ale,ale,1,1,1,business_finance/pe_screening_memo_1,0.675,0,769223,295.0
tools,meta,ale,ale,1,1,1,business_finance/sse_northbound_programmatic_trading_01,0.333333,0,637932,216.4
tools,meta,ale,ale,1,1,1,computing_math/branch_bound_atsp,0.15,0,3021201,1773.0
tools,meta,ale,ale,1,1,1,computing_math/cfr_game_theory_equilibrium,0.33,0,944602,1017.9
tools,meta,ale,ale,1,1,1,computing_math/cost_optimization_1,0.0,0,515070,566.3
tools,meta,ale,ale,1,1,1,computing_math/ising_post_measurement_1,0.0,0,306063,276.4
tools,meta,ale,ale,1,1,1,computing_math/k8s_payment_api_root_cause_analysis,0.73,0,501239,242.1
tools,meta,ale,ale,1,1,1,computing_math/recsys_cold_start_instance_1,0.5,0,2835540,1164.5
tools,meta,ale,ale,1,1,1,computing_math/synthetic_causal_structure_inference,0.330389,0,641301,368.6
tools,meta,ale,ale,1,1,1,education_info/homework_grading_numerical_pdes_instance_02,0.221818,0,944165,1013.2
tools,meta,ale,ale,1,1,1,education_info/marc_remediation_folio_overlay,0.1,0,663097,278.0
tools,meta,ale,ale,1,1,1,education_info/moodle_gradebook_closeout_reconciliation,0.0,0,1705900,397.2
tools,meta,ale,ale,1,1,1,engineering/aerospace_low_thrust_trajectory,0.0,0,655269,427.3
tools,meta,ale,ale,1,1,1,health_medicine/crf_sdtm_mapping_4,0.378,0,1366912,493.6
tools,meta,ale,ale,1,1,1,health_medicine/epidemiology_forecast,0.0,0,1779688,906.8
tools,meta,ale,ale,1,1,1,health_medicine/flusight_offline_hosp_forecast_2024_12_14,0.148503,0,537139,162.2
tools,meta,ale,ale,1,1,1,health_medicine/healthcare_bias_audit_27a_public_replication_v1,0.0,0,2240317,1837.9
tools,meta,ale,ale,1,1,1,health_medicine/nhanes_confounder_sensitivity_analysis,0.863542,0,391259,366.2
tools,meta,ale,ale,1,1,1,health_medicine/scene3_skullstrip_qc,1.0,1,359134,247.7
tools,meta,ale,ale,1,1,1,legal/agora_governance_classify_instance_1,0.369801,0,4808127,538.5
tools,meta,ale,ale,1,1,1,life_sciences/cell_tracking_instance_1,0.395929,0,4631974,1160.0
tools,meta,ale,ale,1,1,1,life_sciences/cell_translocation_analysis,0.0,0,1375466,885.4
tools,meta,ale,ale,1,1,1,life_sciences/tcga_brca_deg_analysis,0.0,0,2392034,1348.6
tools,meta,ale,ale,1,1,1,physical_sciences/adapt_vqe_molecular_energy,0.0,0,2575712,1964.9
tools,meta,ale,ale,1,1,1,physical_sciences/gillespie_gene_regulatory_network,0.43,0,1367720,555.0
tools,meta,ale,ale,1,1,1,physical_sciences/glm_lake_calibration,0.0,0,773254,315.1
tools,meta,ale,ale,1,1,1,physical_sciences/molecular_structure_plausibility,0.222222,0,213232,240.1
tools,meta,ale,ale,1,1,1,physical_sciences/mose2_bse_absorption_soc,0.0,0,544764,440.7
tools,meta,ale,ale,1,1,1,psychology_neuro/scene2_resample,0.0,0,39643753,3631.5
tools,meta,ale,ale,1,1,1,transport_safety/abm_hangzhou_metro,0.0,0,672799,304.1
tools,meta,ale,ale,1,1,2,business_finance/american_option_pricing_ls,0.0,0,1192989,638.4
tools,meta,ale,ale,1,1,2,business_finance/basel_operational_risk_bia_cn,0.0,0,855471,379.0
tools,meta,ale,ale,1,1,2,business_finance/bpmn_supply_disruption_l3,0.8429,0,874795,378.0
tools,meta,ale,ale,1,1,2,business_finance/digital_marketing_audience_segmentation_1,0.8667,0,400179,194.5
tools,meta,ale,ale,1,1,2,business_finance/pe_screening_memo_1,0.81875,0,649201,252.6
tools,meta,ale,ale,1,1,2,business_finance/sse_northbound_programmatic_trading_01,0.666667,0,756197,163.8
tools,meta,ale,ale,1,1,2,computing_math/branch_bound_atsp,0.0,0,2718229,1723.9
tools,meta,ale,ale,1,1,2,computing_math/cfr_game_theory_equilibrium,0.33,0,465520,555.1
tools,meta,ale,ale,1,1,2,computing_math/cost_optimization_1,0.82563,0,1156140,502.4
tools,meta,ale,ale,1,1,2,computing_math/ising_post_measurement_1,1.0,1,346624,264.3
tools,meta,ale,ale,1,1,2,computing_math/k8s_payment_api_root_cause_analysis,0.73,0,1787859,485.2
tools,meta,ale,ale,1,1,2,computing_math/recsys_cold_start_instance_1,0.5,0,2175262,692.8
tools,meta,ale,ale,1,1,2,computing_math/synthetic_causal_structure_inference,0.27219,0,430111,559.6
tools,meta,ale,ale,1,1,2,education_info/homework_grading_numerical_pdes_instance_02,0.659818,0,494431,222.7
tools,meta,ale,ale,1,1,2,education_info/marc_remediation_folio_overlay,0.2,0,616703,217.6
tools,meta,ale,ale,1,1,2,education_info/moodle_gradebook_closeout_reconciliation,0.0,0,1753172,267.9
tools,meta,ale,ale,1,1,2,engineering/aerospace_low_thrust_trajectory,0.0,0,1361850,384.9
tools,meta,ale,ale,1,1,2,health_medicine/crf_sdtm_mapping_4,0.0,0,1066112,433.5
tools,meta,ale,ale,1,1,2,health_medicine/epidemiology_forecast,0.0,0,379270,953.7
tools,meta,ale,ale,1,1,2,health_medicine/flusight_offline_hosp_forecast_2024_12_14,0.0,0,300215,164.3
tools,meta,ale,ale,1,1,2,health_medicine/healthcare_bias_audit_27a_public_replication_v1,0.0,0,2501754,374.8
tools,meta,ale,ale,1,1,2,health_medicine/nhanes_confounder_sensitivity_analysis,0.538542,0,574643,243.7
tools,meta,ale,ale,1,1,2,health_medicine/scene3_skullstrip_qc,1.0,1,156342,99.1
tools,meta,ale,ale,1,1,2,legal/agora_governance_classify_instance_1,0.468254,0,2695133,377.5
tools,meta,ale,ale,1,1,2,life_sciences/cell_tracking_instance_1,0.514941,0,606119,354.7
tools,meta,ale,ale,1,1,2,life_sciences/cell_translocation_analysis,0.0,0,441522,389.0
tools,meta,ale,ale,1,1,2,life_sciences/tcga_brca_deg_analysis,1.0,1,671469,238.4
tools,meta,ale,ale,1,1,2,physical_sciences/adapt_vqe_molecular_energy,1.0,1,2277317,855.3
tools,meta,ale,ale,1,1,2,physical_sciences/gillespie_gene_regulatory_network,0.62,0,510019,461.0
tools,meta,ale,ale,1,1,2,physical_sciences/glm_lake_calibration,0.0,0,3676655,501.0
tools,meta,ale,ale,1,1,2,physical_sciences/molecular_structure_plausibility,0.222222,0,458711,242.8
tools,meta,ale,ale,1,1,2,physical_sciences/mose2_bse_absorption_soc,0.0,0,761843,400.3
tools,meta,ale,ale,1,1,2,psychology_neuro/scene2_resample,0.0,0,331468,257.2
tools,meta,ale,ale,1,1,2,transport_safety/abm_hangzhou_metro,0.0,0,602802,367.0
tools,meta,ale,ale,1,1,3,business_finance/american_option_pricing_ls,0.0,0,519273,387.1
tools,meta,ale,ale,1,1,3,business_finance/basel_operational_risk_bia_cn,0.0,0,1627095,430.6
tools,meta,ale,ale,1,1,3,business_finance/bpmn_supply_disruption_l3,0.0,0,1970479,745.1
tools,meta,ale,ale,1,1,3,business_finance/digital_marketing_audience_segmentation_1,0.9417,0,382388,160.0
tools,meta,ale,ale,1,1,3,business_finance/pe_screening_memo_1,0.80625,0,702258,202.8
tools,meta,ale,ale,1,1,3,business_finance/sse_northbound_programmatic_trading_01,0.333333,0,635366,160.1
tools,meta,ale,ale,1,1,3,computing_math/branch_bound_atsp,0.95,0,1899619,601.5
tools,meta,ale,ale,1,1,3,computing_math/cfr_game_theory_equilibrium,0.33,0,1792380,746.4
tools,meta,ale,ale,1,1,3,computing_math/cost_optimization_1,0.848428,0,1362040,494.8
tools,meta,ale,ale,1,1,3,computing_math/ising_post_measurement_1,1.0,1,237863,521.8
tools,meta,ale,ale,1,1,3,computing_math/k8s_payment_api_root_cause_analysis,0.68,0,263887,200.6
tools,meta,ale,ale,1,1,3,computing_math/recsys_cold_start_instance_1,0.333333,0,6646826,1265.1
tools,meta,ale,ale,1,1,3,computing_math/synthetic_causal_structure_inference,0.324223,0,1047371,510.8
tools,meta,ale,ale,1,1,3,education_info/homework_grading_numerical_pdes_instance_02,0.663818,0,1024290,350.9
tools,meta,ale,ale,1,1,3,education_info/marc_remediation_folio_overlay,0.2,0,1001122,269.5
tools,meta,ale,ale,1,1,3,education_info/moodle_gradebook_closeout_reconciliation,0.0,0,2511049,414.3
tools,meta,ale,ale,1,1,3,engineering/aerospace_low_thrust_trajectory,0.0,0,206657,141.2
tools,meta,ale,ale,1,1,3,health_medicine/crf_sdtm_mapping_4,0.3804,0,1209398,553.7
tools,meta,ale,ale,1,1,3,health_medicine/epidemiology_forecast,0.0,0,1587534,419.9
tools,meta,ale,ale,1,1,3,health_medicine/flusight_offline_hosp_forecast_2024_12_14,0.645834,0,318415,126.5
tools,meta,ale,ale,1,1,3,health_medicine/healthcare_bias_audit_27a_public_replication_v1,0.0,0,3865465,1820.4
tools,meta,ale,ale,1,1,3,health_medicine/nhanes_confounder_sensitivity_analysis,1.0,1,365046,260.4
tools,meta,ale,ale,1,1,3,health_medicine/scene3_skullstrip_qc,1.0,1,716050,170.6
tools,meta,ale,ale,1,1,3,legal/agora_governance_classify_instance_1,0.0,0,4729034,724.2
tools,meta,ale,ale,1,1,3,life_sciences/cell_tracking_instance_1,0.0,0,1142409,516.5
tools,meta,ale,ale,1,1,3,life_sciences/cell_translocation_analysis,0.0,0,804193,496.6
tools,meta,ale,ale,1,1,3,life_sciences/tcga_brca_deg_analysis,1.0,1,802704,257.2
tools,meta,ale,ale,1,1,3,physical_sciences/adapt_vqe_molecular_energy,0.0,0,1160284,682.2
tools,meta,ale,ale,1,1,3,physical_sciences/gillespie_gene_regulatory_network,0.44,0,2022602,769.9
tools,meta,ale,ale,1,1,3,physical_sciences/glm_lake_calibration,0.0,0,616767,320.3
tools,meta,ale,ale,1,1,3,physical_sciences/molecular_structure_plausibility,0.4,0,296805,142.9
tools,meta,ale,ale,1,1,3,physical_sciences/mose2_bse_absorption_soc,0.0,0,4104510,722.3
tools,meta,ale,ale,1,1,3,psychology_neuro/scene2_resample,0.0,0,844768,324.6
tools,meta,ale,ale,1,1,3,transport_safety/abm_hangzhou_metro,0.0,0,2447793,769.1
tools,meta,ale,ale,1,2,1,computing_math/cp_test_gen_1,0.6,0,321766,304.8
tools,meta,ale,ale,1,2,1,computing_math/k3_abelian_extensions,0.0,0,752442,744.5
tools,meta,ale,ale,1,2,1,engineering/mpc_control_building_v1,0.0,0,2362403,650.5
tools,meta,ale,ale,1,2,1,health_medicine/healthcare_variant_annotation_pipeline,0.999,0,757506,291.7
tools,meta,ale,ale,1,2,2,computing_math/cp_test_gen_1,0.0,0,409274,518.6
tools,meta,ale,ale,1,2,2,computing_math/k3_abelian_extensions,0.0,0,330706,398.6
tools,meta,ale,ale,1,2,2,engineering/mpc_control_building_v1,0.0,0,3333515,523.6
tools,meta,ale,ale,1,2,2,health_medicine/healthcare_variant_annotation_pipeline,1.0,1,631852,318.6
tools,meta,ale,ale,1,2,3,computing_math/cp_test_gen_1,0.1,0,576749,438.2
tools,meta,ale,ale,1,2,3,computing_math/k3_abelian_extensions,0.0,0,2994344,1178.3
tools,meta,ale,ale,1,2,3,engineering/mpc_control_building_v1,0.0,0,3128106,768.3
tools,meta,ale,ale,1,2,3,health_medicine/healthcare_variant_annotation_pipeline,1.0,1,592940,223.2
tools,meta,ale,ale,2,1,1,business_finance/american_option_pricing_ls,0.0,0,1251725,494.0
tools,meta,ale,ale,2,1,1,business_finance/basel_operational_risk_bia_cn,0.0,0,667574,284.2
tools,meta,ale,ale,2,1,1,business_finance/bpmn_supply_disruption_l3,0.8746,0,1596338,415.4
tools,meta,ale,ale,2,1,1,business_finance/digital_marketing_audience_segmentation_1,0.8417,0,336072,184.7
tools,meta,ale,ale,2,1,1,business_finance/pe_screening_memo_1,0.675,0,391933,206.4
tools,meta,ale,ale,2,1,1,business_finance/sse_northbound_programmatic_trading_01,0.333333,0,578409,165.0
tools,meta,ale,ale,2,1,1,computing_math/branch_bound_atsp,1.0,1,2990748,636.0
tools,meta,ale,ale,2,1,1,computing_math/cfr_game_theory_equilibrium,0.0,0,760233,445.8
tools,meta,ale,ale,2,1,1,computing_math/cost_optimization_1,0.0,0,1090369,325.1
tools,meta,ale,ale,2,1,1,computing_math/ising_post_measurement_1,1.0,1,577633,265.5
tools,meta,ale,ale,2,1,1,computing_math/k8s_payment_api_root_cause_analysis,0.706061,0,1987433,493.2
tools,meta,ale,ale,2,1,1,computing_math/recsys_cold_start_instance_1,0.5,0,1026842,635.0
tools,meta,ale,ale,2,1,1,computing_math/synthetic_causal_structure_inference,0.357111,0,430758,195.8
tools,meta,ale,ale,2,1,1,education_info/homework_grading_numerical_pdes_instance_02,0.687636,0,459369,129.7
tools,meta,ale,ale,2,1,1,education_info/marc_remediation_folio_overlay,0.2,0,1048232,223.7
tools,meta,ale,ale,2,1,1,education_info/moodle_gradebook_closeout_reconciliation,0.0,0,1979165,394.3
tools,meta,ale,ale,2,1,1,engineering/aerospace_low_thrust_trajectory,0.0,0,1080808,664.3
tools,meta,ale,ale,2,1,1,health_medicine/crf_sdtm_mapping_4,0.0,0,2398749,520.6
tools,meta,ale,ale,2,1,1,health_medicine/epidemiology_forecast,0.0,0,783546,393.6
tools,meta,ale,ale,2,1,1,health_medicine/flusight_offline_hosp_forecast_2024_12_14,0.264165,0,280074,133.8
tools,meta,ale,ale,2,1,1,health_medicine/healthcare_bias_audit_27a_public_replication_v1,0.0,0,4095506,1071.0
tools,meta,ale,ale,2,1,1,health_medicine/nhanes_confounder_sensitivity_analysis,0.546875,0,530822,293.6
tools,meta,ale,ale,2,1,1,health_medicine/scene3_skullstrip_qc,1.0,1,130549,155.2
tools,meta,ale,ale,2,1,1,legal/agora_governance_classify_instance_1,0.066667,0,1682253,533.7
tools,meta,ale,ale,2,1,1,life_sciences/cell_tracking_instance_1,0.48167,0,2297971,725.3
tools,meta,ale,ale,2,1,1,life_sciences/cell_translocation_analysis,0.0,0,553313,425.5
tools,meta,ale,ale,2,1,1,life_sciences/tcga_brca_deg_analysis,0.0,0,419546,170.5
tools,meta,ale,ale,2,1,1,physical_sciences/adapt_vqe_molecular_energy,0.333333,0,610193,426.2
tools,meta,ale,ale,2,1,1,physical_sciences/gillespie_gene_regulatory_network,0.38,0,806351,386.5
tools,meta,ale,ale,2,1,1,physical_sciences/glm_lake_calibration,0.0,0,368480,184.4
tools,meta,ale,ale,2,1,1,physical_sciences/molecular_structure_plausibility,0.285714,0,358522,127.3
tools,meta,ale,ale,2,1,1,physical_sciences/mose2_bse_absorption_soc,0.0,0,1750292,366.5
tools,meta,ale,ale,2,1,1,psychology_neuro/scene2_resample,0.0,0,865703,309.5
tools,meta,ale,ale,2,1,1,transport_safety/abm_hangzhou_metro,0.0,0,758515,541.8
tools,meta,ale,ale,2,1,2,business_finance/american_option_pricing_ls,0.5,0,1917123,955.7
tools,meta,ale,ale,2,1,2,business_finance/basel_operational_risk_bia_cn,0.0,0,760029,236.0
tools,meta,ale,ale,2,1,2,business_finance/bpmn_supply_disruption_l3,0.0,0,3389070,624.8
tools,meta,ale,ale,2,1,2,business_finance/digital_marketing_audience_segmentation_1,0.9042,0,366188,194.9
tools,meta,ale,ale,2,1,2,business_finance/pe_screening_memo_1,0.64375,0,563411,207.7
tools,meta,ale,ale,2,1,2,business_finance/sse_northbound_programmatic_trading_01,0.333333,0,587621,137.0
tools,meta,ale,ale,2,1,2,computing_math/branch_bound_atsp,0.2875,0,2011970,670.2
tools,meta,ale,ale,2,1,2,computing_math/cfr_game_theory_equilibrium,0.0,0,2455212,820.6
tools,meta,ale,ale,2,1,2,computing_math/cost_optimization_1,0.660928,0,1098159,325.3
tools,meta,ale,ale,2,1,2,computing_math/ising_post_measurement_1,1.0,1,848884,354.9
tools,meta,ale,ale,2,1,2,computing_math/k8s_payment_api_root_cause_analysis,0.697727,0,356779,176.9
tools,meta,ale,ale,2,1,2,computing_math/recsys_cold_start_instance_1,0.333333,0,550495,436.7
tools,meta,ale,ale,2,1,2,computing_math/synthetic_causal_structure_inference,0.290041,0,1775754,434.7
tools,meta,ale,ale,2,1,2,education_info/homework_grading_numerical_pdes_instance_02,0.675152,0,534247,356.0
tools,meta,ale,ale,2,1,2,education_info/marc_remediation_folio_overlay,0.1,0,971975,436.9
tools,meta,ale,ale,2,1,2,education_info/moodle_gradebook_closeout_reconciliation,0.0,0,2215632,235.9
tools,meta,ale,ale,2,1,2,engineering/aerospace_low_thrust_trajectory,0.0,0,600555,405.9
tools,meta,ale,ale,2,1,2,health_medicine/crf_sdtm_mapping_4,0.4234,0,1046047,297.0
tools,meta,ale,ale,2,1,2,health_medicine/epidemiology_forecast,0.0,0,811165,286.1
tools,meta,ale,ale,2,1,2,health_medicine/flusight_offline_hosp_forecast_2024_12_14,0.128435,0,215094,142.1
tools,meta,ale,ale,2,1,2,health_medicine/healthcare_bias_audit_27a_public_replication_v1,0.0,0,2258812,731.3
tools,meta,ale,ale,2,1,2,health_medicine/nhanes_confounder_sensitivity_analysis,0.569848,0,448148,264.4
tools,meta,ale,ale,2,1,2,health_medicine/scene3_skullstrip_qc,1.0,1,303566,176.1
tools,meta,ale,ale,2,1,2,legal/agora_governance_classify_instance_1,0.0,0,2988533,615.1
tools,meta,ale,ale,2,1,2,life_sciences/cell_tracking_instance_1,0.288055,0,407445,236.9
tools,meta,ale,ale,2,1,2,life_sciences/cell_translocation_analysis,0.0,0,410711,413.6
tools,meta,ale,ale,2,1,2,life_sciences/tcga_brca_deg_analysis,1.0,1,945685,276.7
tools,meta,ale,ale,2,1,2,physical_sciences/adapt_vqe_molecular_energy,0.333333,0,865633,925.1
tools,meta,ale,ale,2,1,2,physical_sciences/gillespie_gene_regulatory_network,0.0,0,559794,310.0
tools,meta,ale,ale,2,1,2,physical_sciences/glm_lake_calibration,0.0,0,2570359,424.5
tools,meta,ale,ale,2,1,2,physical_sciences/molecular_structure_plausibility,0.333333,0,368694,166.7
tools,meta,ale,ale,2,1,2,physical_sciences/mose2_bse_absorption_soc,0.0,0,3290413,821.9
tools,meta,ale,ale,2,1,2,psychology_neuro/scene2_resample,0.0,0,986831,1087.0
tools,meta,ale,ale,2,1,2,transport_safety/abm_hangzhou_metro,0.0,0,833656,263.4
tools,meta,ale,ale,2,1,3,business_finance/american_option_pricing_ls,0.5,0,480425,248.3
tools,meta,ale,ale,2,1,3,business_finance/basel_operational_risk_bia_cn,0.0,0,428778,200.6
tools,meta,ale,ale,2,1,3,business_finance/bpmn_supply_disruption_l3,0.8605,0,1253757,393.4
tools,meta,ale,ale,2,1,3,business_finance/digital_marketing_audience_segmentation_1,0.8667,0,466579,180.1
tools,meta,ale,ale,2,1,3,business_finance/pe_screening_memo_1,0.675,0,787007,291.9
tools,meta,ale,ale,2,1,3,business_finance/sse_northbound_programmatic_trading_01,0.333333,0,665714,148.0
tools,meta,ale,ale,2,1,3,computing_math/branch_bound_atsp,0.0,0,1955430,814.4
tools,meta,ale,ale,2,1,3,computing_math/cfr_game_theory_equilibrium,0.0,0,964619,568.3
tools,meta,ale,ale,2,1,3,computing_math/cost_optimization_1,0.848428,0,3271208,743.5
tools,meta,ale,ale,2,1,3,computing_math/ising_post_measurement_1,0.0,0,898419,559.1
tools,meta,ale,ale,2,1,3,computing_math/k8s_payment_api_root_cause_analysis,0.68,0,279964,158.3
tools,meta,ale,ale,2,1,3,computing_math/recsys_cold_start_instance_1,0.333333,0,1154076,455.5
tools,meta,ale,ale,2,1,3,computing_math/synthetic_causal_structure_inference,0.317027,0,503499,199.9
tools,meta,ale,ale,2,1,3,education_info/homework_grading_numerical_pdes_instance_02,0.781818,0,831294,294.5
tools,meta,ale,ale,2,1,3,education_info/marc_remediation_folio_overlay,0.0,0,1406014,513.5
tools,meta,ale,ale,2,1,3,education_info/moodle_gradebook_closeout_reconciliation,0.0,0,1866307,233.3
tools,meta,ale,ale,2,1,3,engineering/aerospace_low_thrust_trajectory,0.0,0,797735,315.0
tools,meta,ale,ale,2,1,3,health_medicine/crf_sdtm_mapping_4,0.3086,0,4606910,674.2
tools,meta,ale,ale,2,1,3,health_medicine/epidemiology_forecast,0.0,0,1021378,395.2
tools,meta,ale,ale,2,1,3,health_medicine/flusight_offline_hosp_forecast_2024_12_14,0.0,0,143361,134.0
tools,meta,ale,ale,2,1,3,health_medicine/healthcare_bias_audit_27a_public_replication_v1,0.0,0,4981408,1055.4
tools,meta,ale,ale,2,1,3,health_medicine/nhanes_confounder_sensitivity_analysis,0.571194,0,491324,229.1
tools,meta,ale,ale,2,1,3,health_medicine/scene3_skullstrip_qc,1.0,1,350322,164.4
tools,meta,ale,ale,2,1,3,legal/agora_governance_classify_instance_1,0.37037,0,3371200,492.6
tools,meta,ale,ale,2,1,3,life_sciences/cell_tracking_instance_1,0.449057,0,674207,311.6
tools,meta,ale,ale,2,1,3,life_sciences/cell_translocation_analysis,0.0,0,4809370,997.6
tools,meta,ale,ale,2,1,3,life_sciences/tcga_brca_deg_analysis,1.0,1,556084,209.7
tools,meta,ale,ale,2,1,3,physical_sciences/adapt_vqe_molecular_energy,1.0,1,644282,482.3
tools,meta,ale,ale,2,1,3,physical_sciences/gillespie_gene_regulatory_network,0.42,0,496417,337.2
tools,meta,ale,ale,2,1,3,physical_sciences/glm_lake_calibration,0.0,0,729016,253.7
tools,meta,ale,ale,2,1,3,physical_sciences/molecular_structure_plausibility,0.25,0,297401,188.0
tools,meta,ale,ale,2,1,3,physical_sciences/mose2_bse_absorption_soc,0.0,0,4282703,483.0
tools,meta,ale,ale,2,1,3,psychology_neuro/scene2_resample,0.0,0,1221433,506.7
tools,meta,ale,ale,2,1,3,transport_safety/abm_hangzhou_metro,0.0,0,1220729,732.7
tools,meta,ale,ale,2,2,1,computing_math/cp_test_gen_1,0.0,0,379574,304.0
tools,meta,ale,ale,2,2,1,computing_math/k3_abelian_extensions,0.0,0,5557194,1074.1
tools,meta,ale,ale,2,2,1,engineering/mpc_control_building_v1,0.0,0,6258807,1939.2
tools,meta,ale,ale,2,2,1,health_medicine/healthcare_variant_annotation_pipeline,0.774,0,2065542,394.0
tools,meta,ale,ale,2,2,2,computing_math/cp_test_gen_1,0.0,0,894560,540.8
tools,meta,ale,ale,2,2,2,computing_math/k3_abelian_extensions,0.0,0,452564,615.8
tools,meta,ale,ale,2,2,2,engineering/mpc_control_building_v1,0.0,0,1659312,460.8
tools,meta,ale,ale,2,2,2,health_medicine/healthcare_variant_annotation_pipeline,1.0,1,743476,210.8
tools,meta,ale,ale,2,2,3,computing_math/cp_test_gen_1,0.5,0,368685,272.8
tools,meta,ale,ale,2,2,3,computing_math/k3_abelian_extensions,0.0,0,579865,633.1
tools,meta,ale,ale,2,2,3,engineering/mpc_control_building_v1,0.0,0,1521658,702.8
tools,meta,ale,ale,2,2,3,health_medicine/healthcare_variant_annotation_pipeline,1.0,1,346388,163.0
tools,meta,ale,ale,2,3,1,business_finance/digital_marketing_ab_test_analysis_1,0.0,0,309097,224.4
tools,meta,ale,ale,2,3,1,life_sciences/tms_marrow_cell_type_annotation_instance_1,0.0,0,389742,379.4
tools,meta,ale,ale,2,3,2,business_finance/digital_marketing_ab_test_analysis_1,0.0,0,621635,297.3
tools,meta,ale,ale,2,3,2,life_sciences/tms_marrow_cell_type_annotation_instance_1,0.0,0,513604,277.2
tools,meta,ale,ale,2,3,3,business_finance/digital_marketing_ab_test_analysis_1,0.0,0,628930,405.1
tools,meta,ale,ale,2,3,3,life_sciences/tms_marrow_cell_type_annotation_instance_1,0.0,0,863152,410.1
tools,meta,ale,ale,3,1,1,business_finance/american_option_pricing_ls,0.0,0,532695,545.6
tools,meta,ale,ale,3,1,1,business_finance/basel_operational_risk_bia_cn,0.0,0,1314510,594.2
tools,meta,ale,ale,3,1,1,business_finance/bpmn_supply_disruption_l3,0.1976,0,1745255,918.2
tools,meta,ale,ale,3,1,1,business_finance/digital_marketing_audience_segmentation_1,0.8667,0,2247476,766.7
tools,meta,ale,ale,3,1,1,business_finance/pe_screening_memo_1,0.825,0,823222,271.0
tools,meta,ale,ale,3,1,1,business_finance/sse_northbound_programmatic_trading_01,0.666667,0,617377,240.8
tools,meta,ale,ale,3,1,1,computing_math/branch_bound_atsp,0.7625,0,1699877,1589.7
tools,meta,ale,ale,3,1,1,computing_math/cfr_game_theory_equilibrium,0.33,0,1520837,789.9
tools,meta,ale,ale,3,1,1,computing_math/cost_optimization_1,0.660928,0,936971,456.5
tools,meta,ale,ale,3,1,1,computing_math/ising_post_measurement_1,1.0,1,946930,508.5
tools,meta,ale,ale,3,1,1,computing_math/k8s_payment_api_root_cause_analysis,0.647727,0,326012,213.5
tools,meta,ale,ale,3,1,1,computing_math/recsys_cold_start_instance_1,0.333333,0,668978,903.2
tools,meta,ale,ale,3,1,1,computing_math/synthetic_causal_structure_inference,0.303238,0,177110,184.7
tools,meta,ale,ale,3,1,1,education_info/homework_grading_numerical_pdes_instance_02,0.720485,0,518262,242.4
tools,meta,ale,ale,3,1,1,education_info/marc_remediation_folio_overlay,0.2,0,743340,256.8
tools,meta,ale,ale,3,1,1,education_info/moodle_gradebook_closeout_reconciliation,0.0,0,1171560,392.9
tools,meta,ale,ale,3,1,1,engineering/aerospace_low_thrust_trajectory,0.0,0,429944,354.5
tools,meta,ale,ale,3,1,1,health_medicine/crf_sdtm_mapping_4,0.2679,0,1024784,356.3
tools,meta,ale,ale,3,1,1,health_medicine/epidemiology_forecast,0.0,0,516532,296.3
tools,meta,ale,ale,3,1,1,health_medicine/flusight_offline_hosp_forecast_2024_12_14,0.054783,0,764464,275.5
tools,meta,ale,ale,3,1,1,health_medicine/healthcare_bias_audit_27a_public_replication_v1,0.0,0,2356748,999.2
tools,meta,ale,ale,3,1,1,health_medicine/nhanes_confounder_sensitivity_analysis,0.54597,0,438475,355.0
tools,meta,ale,ale,3,1,1,health_medicine/scene3_skullstrip_qc,1.0,1,282992,182.7
tools,meta,ale,ale,3,1,1,legal/agora_governance_classify_instance_1,0.066667,0,2866215,362.7
tools,meta,ale,ale,3,1,1,life_sciences/cell_tracking_instance_1,0.485215,0,504956,295.0
tools,meta,ale,ale,3,1,1,life_sciences/cell_translocation_analysis,0.0,0,348431,492.9
tools,meta,ale,ale,3,1,1,life_sciences/tcga_brca_deg_analysis,0.0,0,859220,256.5
tools,meta,ale,ale,3,1,1,physical_sciences/adapt_vqe_molecular_energy,0.0,0,3526615,779.9
tools,meta,ale,ale,3,1,1,physical_sciences/gillespie_gene_regulatory_network,0.0,0,1263387,591.5
tools,meta,ale,ale,3,1,1,physical_sciences/glm_lake_calibration,0.0,0,1948634,969.2
tools,meta,ale,ale,3,1,1,physical_sciences/molecular_structure_plausibility,0.5,0,609646,266.4
tools,meta,ale,ale,3,1,1,physical_sciences/mose2_bse_absorption_soc,0.0,0,2119263,487.9
tools,meta,ale,ale,3,1,1,psychology_neuro/scene2_resample,0.0,0,343993,326.6
tools,meta,ale,ale,3,1,1,transport_safety/abm_hangzhou_metro,0.0,0,1274379,739.8
tools,meta,ale,ale,3,1,2,business_finance/american_option_pricing_ls,0.5,0,1189204,479.5
tools,meta,ale,ale,3,1,2,business_finance/basel_operational_risk_bia_cn,0.0,0,2780674,590.4
tools,meta,ale,ale,3,1,2,business_finance/bpmn_supply_disruption_l3,0.8148,0,979297,423.1
tools,meta,ale,ale,3,1,2,business_finance/digital_marketing_audience_segmentation_1,0.9042,0,480016,330.2
tools,meta,ale,ale,3,1,2,business_finance/pe_screening_memo_1,0.73125,0,893162,330.7
tools,meta,ale,ale,3,1,2,business_finance/sse_northbound_programmatic_trading_01,0.666667,0,2803873,339.8
tools,meta,ale,ale,3,1,2,computing_math/branch_bound_atsp,0.9,0,4038335,1892.6
tools,meta,ale,ale,3,1,2,computing_math/cfr_game_theory_equilibrium,0.0,0,821593,768.2
tools,meta,ale,ale,3,1,2,computing_math/cost_optimization_1,0.848428,0,692938,329.9
tools,meta,ale,ale,3,1,2,computing_math/ising_post_measurement_1,1.0,1,255819,269.6
tools,meta,ale,ale,3,1,2,computing_math/k8s_payment_api_root_cause_analysis,0.663889,0,202200,168.5
tools,meta,ale,ale,3,1,2,computing_math/recsys_cold_start_instance_1,0.5,0,409155,259.7
tools,meta,ale,ale,3,1,2,computing_math/synthetic_causal_structure_inference,0.292561,0,456078,479.1
tools,meta,ale,ale,3,1,2,education_info/homework_grading_numerical_pdes_instance_02,0.711636,0,419289,169.8
tools,meta,ale,ale,3,1,2,education_info/marc_remediation_folio_overlay,0.1,0,599604,277.2
tools,meta,ale,ale,3,1,2,education_info/moodle_gradebook_closeout_reconciliation,0.0,0,4863865,717.7
tools,meta,ale,ale,3,1,2,engineering/aerospace_low_thrust_trajectory,0.0,0,428056,298.9
tools,meta,ale,ale,3,1,2,health_medicine/crf_sdtm_mapping_4,0.4211,0,2255911,332.9
tools,meta,ale,ale,3,1,2,health_medicine/epidemiology_forecast,1.0,1,200369,178.9
tools,meta,ale,ale,3,1,2,health_medicine/flusight_offline_hosp_forecast_2024_12_14,0.052709,0,341210,163.4
tools,meta,ale,ale,3,1,2,health_medicine/healthcare_bias_audit_27a_public_replication_v1,0.0,0,2064838,1117.6
tools,meta,ale,ale,3,1,2,health_medicine/nhanes_confounder_sensitivity_analysis,1.0,1,381063,223.2
tools,meta,ale,ale,3,1,2,health_medicine/scene3_skullstrip_qc,1.0,1,499193,164.1
tools,meta,ale,ale,3,1,2,legal/agora_governance_classify_instance_1,0.0,0,1734818,662.9
tools,meta,ale,ale,3,1,2,life_sciences/cell_tracking_instance_1,0.617653,0,702868,292.8
tools,meta,ale,ale,3,1,2,life_sciences/cell_translocation_analysis,0.0,0,2678390,684.5
tools,meta,ale,ale,3,1,2,life_sciences/tcga_brca_deg_analysis,1.0,1,692496,404.9
tools,meta,ale,ale,3,1,2,physical_sciences/adapt_vqe_molecular_energy,0.0,0,2148084,746.5
tools,meta,ale,ale,3,1,2,physical_sciences/gillespie_gene_regulatory_network,0.44,0,907455,407.2
tools,meta,ale,ale,3,1,2,physical_sciences/glm_lake_calibration,0.0,0,2461402,926.8
tools,meta,ale,ale,3,1,2,physical_sciences/molecular_structure_plausibility,0.333333,0,201102,139.1
tools,meta,ale,ale,3,1,2,physical_sciences/mose2_bse_absorption_soc,0.0,0,2752818,541.6
tools,meta,ale,ale,3,1,2,psychology_neuro/scene2_resample,0.0,0,353332,231.8
tools,meta,ale,ale,3,1,2,transport_safety/abm_hangzhou_metro,0.0,0,704869,482.4
tools,meta,ale,ale,3,1,3,business_finance/american_option_pricing_ls,0.5,0,4404181,921.5
tools,meta,ale,ale,3,1,3,business_finance/basel_operational_risk_bia_cn,0.0,0,643998,730.0
tools,meta,ale,ale,3,1,3,business_finance/bpmn_supply_disruption_l3,0.0,0,1162655,654.0
tools,meta,ale,ale,3,1,3,business_finance/digital_marketing_audience_segmentation_1,0.8708,0,348861,173.5
tools,meta,ale,ale,3,1,3,business_finance/pe_screening_memo_1,0.7375,0,599009,236.4
tools,meta,ale,ale,3,1,3,business_finance/sse_northbound_programmatic_trading_01,0.666667,0,1723162,320.8
tools,meta,ale,ale,3,1,3,computing_math/branch_bound_atsp,0.9,0,3195725,1214.8
tools,meta,ale,ale,3,1,3,computing_math/cfr_game_theory_equilibrium,0.67,0,1353513,749.0
tools,meta,ale,ale,3,1,3,computing_math/cost_optimization_1,0.849416,0,776788,359.1
tools,meta,ale,ale,3,1,3,computing_math/ising_post_measurement_1,1.0,1,404006,391.3
tools,meta,ale,ale,3,1,3,computing_math/k8s_payment_api_root_cause_analysis,0.697727,0,407369,251.3
tools,meta,ale,ale,3,1,3,computing_math/recsys_cold_start_instance_1,0.5,0,2062452,485.8
tools,meta,ale,ale,3,1,3,computing_math/synthetic_causal_structure_inference,0.140041,0,1286534,513.3
tools,meta,ale,ale,3,1,3,education_info/homework_grading_numerical_pdes_instance_02,0.718485,0,266696,173.3
tools,meta,ale,ale,3,1,3,education_info/marc_remediation_folio_overlay,0.2,0,1018997,258.7
tools,meta,ale,ale,3,1,3,education_info/moodle_gradebook_closeout_reconciliation,0.0,0,1655424,505.1
tools,meta,ale,ale,3,1,3,engineering/aerospace_low_thrust_trajectory,0.0,0,621286,315.5
tools,meta,ale,ale,3,1,3,health_medicine/crf_sdtm_mapping_4,0.2081,0,1418687,269.9
tools,meta,ale,ale,3,1,3,health_medicine/epidemiology_forecast,0.0,0,330109,258.6
tools,meta,ale,ale,3,1,3,health_medicine/flusight_offline_hosp_forecast_2024_12_14,0.612113,0,477419,209.7
tools,meta,ale,ale,3,1,3,health_medicine/healthcare_bias_audit_27a_public_replication_v1,0.0,0,4794518,1218.7
tools,meta,ale,ale,3,1,3,health_medicine/nhanes_confounder_sensitivity_analysis,0.596215,0,299851,210.7
tools,meta,ale,ale,3,1,3,health_medicine/scene3_skullstrip_qc,1.0,1,183385,199.8
tools,meta,ale,ale,3,1,3,legal/agora_governance_classify_instance_1,0.469801,0,4483113,379.9
tools,meta,ale,ale,3,1,3,life_sciences/cell_tracking_instance_1,0.471074,0,481781,345.1
tools,meta,ale,ale,3,1,3,life_sciences/cell_translocation_analysis,0.0,0,522491,410.0
tools,meta,ale,ale,3,1,3,life_sciences/tcga_brca_deg_analysis,0.0,0,745538,264.9
tools,meta,ale,ale,3,1,3,physical_sciences/adapt_vqe_molecular_energy,1.0,1,919363,439.5
tools,meta,ale,ale,3,1,3,physical_sciences/gillespie_gene_regulatory_network,0.0,0,514505,276.5
tools,meta,ale,ale,3,1,3,physical_sciences/glm_lake_calibration,0.0,0,11716225,1467.5
tools,meta,ale,ale,3,1,3,physical_sciences/molecular_structure_plausibility,0.333333,0,242143,156.6
tools,meta,ale,ale,3,1,3,physical_sciences/mose2_bse_absorption_soc,0.0,0,782795,406.6
tools,meta,ale,ale,3,1,3,psychology_neuro/scene2_resample,0.0,0,373755,291.9
tools,meta,ale,ale,3,1,3,transport_safety/abm_hangzhou_metro,0.0,0,719657,507.8
tools,meta,ale,ale,3,2,1,computing_math/cp_test_gen_1,0.3,0,390118,343.6
tools,meta,ale,ale,3,2,1,computing_math/k3_abelian_extensions,0.0,0,2162105,1433.6
tools,meta,ale,ale,3,2,1,engineering/mpc_control_building_v1,0.0,0,912385,388.6
tools,meta,ale,ale,3,2,1,health_medicine/healthcare_variant_annotation_pipeline,1.0,1,994549,518.5
tools,meta,ale,ale,3,2,2,computing_math/cp_test_gen_1,0.1,0,412711,258.0
tools,meta,ale,ale,3,2,2,computing_math/k3_abelian_extensions,0.0,0,1160564,618.2
tools,meta,ale,ale,3,2,2,engineering/mpc_control_building_v1,0.0,0,7678491,1168.1
tools,meta,ale,ale,3,2,2,health_medicine/healthcare_variant_annotation_pipeline,0.999,0,326449,193.1
tools,meta,ale,ale,3,2,3,computing_math/cp_test_gen_1,0.6,0,412075,341.6
tools,meta,ale,ale,3,2,3,computing_math/k3_abelian_extensions,1.0,1,665278,521.5
tools,meta,ale,ale,3,2,3,engineering/mpc_control_building_v1,0.0,0,4755916,1146.7
tools,meta,ale,ale,3,2,3,health_medicine/healthcare_variant_annotation_pipeline,1.0,1,496245,301.7
tools,meta,ale,ale,3,3,1,business_finance/digital_marketing_ab_test_analysis_1,0.0,0,1525229,368.0
tools,meta,ale,ale,3,3,1,life_sciences/tms_marrow_cell_type_annotation_instance_1,0.0,0,1328430,368.0
tools,meta,ale,ale,3,3,2,business_finance/digital_marketing_ab_test_analysis_1,0.0,0,1282191,497.8
tools,meta,ale,ale,3,3,2,life_sciences/tms_marrow_cell_type_annotation_instance_1,0.0,0,1787827,977.7
tools,meta,ale,ale,3,3,3,business_finance/digital_marketing_ab_test_analysis_1,0.0,0,722035,316.4
tools,meta,ale,ale,3,3,3,life_sciences/tms_marrow_cell_type_annotation_instance_1,0.0,0,295256,161.3
tools,meta,ale,ale,3,4,1,business_finance/financial_stmt_reconstruction_aapl_fy2024,1.0,1,684065,172.7
tools,meta,ale,ale,3,4,1,business_finance/sec_10k_financial_parsing,0.4021,0,2840766,722.7
tools,meta,ale,ale,3,4,1,engineering/openroad_sky130_ibex_pnr_signoff,0.0,0,355051,152.4
tools,meta,ale,ale,3,4,1,health_medicine/prostate_imrt_matrad_reproduction,0.0,0,7507486,872.6
tools,meta,ale,ale,3,4,1,health_medicine/wsi_tumor_localization_1,0.0,0,1730196,417.4
tools,meta,ale,ale,3,4,1,life_sciences/gene_expression_differential_analysis_functional_enrichment_analysis_1,0.0,0,0,352.6
tools,meta,ale,ale,3,4,2,business_finance/financial_stmt_reconstruction_aapl_fy2024,1.0,1,1825510,556.8
tools,meta,ale,ale,3,4,2,business_finance/sec_10k_financial_parsing,0.4483,0,2716544,962.5
tools,meta,ale,ale,3,4,2,engineering/openroad_sky130_ibex_pnr_signoff,0.0,0,661033,246.8
tools,meta,ale,ale,3,4,2,health_medicine/prostate_imrt_matrad_reproduction,0.0,0,6632657,831.6
tools,meta,ale,ale,3,4,2,health_medicine/wsi_tumor_localization_1,0.0,0,418733,247.5
tools,meta,ale,ale,3,4,2,life_sciences/gene_expression_differential_analysis_functional_enrichment_analysis_1,0.0,0,0,852.0
tools,meta,ale,ale,3,4,3,business_finance/financial_stmt_reconstruction_aapl_fy2024,1.0,1,468268,266.3
tools,meta,ale,ale,3,4,3,business_finance/sec_10k_financial_parsing,0.0996,0,3251658,866.4
tools,meta,ale,ale,3,4,3,engineering/openroad_sky130_ibex_pnr_signoff,0.0,0,490244,186.2
tools,meta,ale,ale,3,4,3,health_medicine/prostate_imrt_matrad_reproduction,0.0,0,4933988,721.0
tools,meta,ale,ale,3,4,3,health_medicine/wsi_tumor_localization_1,0.0,0,573396,326.4
tools,meta,ale,ale,3,4,3,life_sciences/gene_expression_differential_analysis_functional_enrichment_analysis_1,0.0,0,0,610.8
tools,meta,ale,ale,4,1,1,business_finance/american_option_pricing_ls,0.5,0,504428,461.0
tools,meta,ale,ale,4,1,1,business_finance/basel_operational_risk_bia_cn,0.0,0,532896,331.0
tools,meta,ale,ale,4,1,1,business_finance/bpmn_supply_disruption_l3,0.8586,0,1280344,630.0
tools,meta,ale,ale,4,1,1,business_finance/digital_marketing_audience_segmentation_1,0.9417,0,531004,218.8
tools,meta,ale,ale,4,1,1,business_finance/pe_screening_memo_1,0.78125,0,905940,316.7
tools,meta,ale,ale,4,1,1,business_finance/sse_northbound_programmatic_trading_01,0.666667,0,430686,186.4
tools,meta,ale,ale,4,1,1,computing_math/branch_bound_atsp,0.525,0,2093985,1204.5
tools,meta,ale,ale,4,1,1,computing_math/cfr_game_theory_equilibrium,0.33,0,1134501,918.1
tools,meta,ale,ale,4,1,1,computing_math/cost_optimization_1,0.0,0,680839,451.1
tools,meta,ale,ale,4,1,1,computing_math/ising_post_measurement_1,1.0,1,339399,388.5
tools,meta,ale,ale,4,1,1,computing_math/k8s_payment_api_root_cause_analysis,0.722727,0,1298544,599.9
tools,meta,ale,ale,4,1,1,computing_math/recsys_cold_start_instance_1,0.333333,0,1937266,1231.7
tools,meta,ale,ale,4,1,1,computing_math/synthetic_causal_structure_inference,0.299829,0,262318,258.5
tools,meta,ale,ale,4,1,1,education_info/homework_grading_numerical_pdes_instance_02,0.685818,0,1836862,458.4
tools,meta,ale,ale,4,1,1,education_info/marc_remediation_folio_overlay,0.1,0,701491,239.3
tools,meta,ale,ale,4,1,1,education_info/moodle_gradebook_closeout_reconciliation,0.0,0,2079969,404.6
tools,meta,ale,ale,4,1,1,engineering/aerospace_low_thrust_trajectory,0.0,0,498277,300.8
tools,meta,ale,ale,4,1,1,health_medicine/crf_sdtm_mapping_4,0.0,0,502113,279.7
tools,meta,ale,ale,4,1,1,health_medicine/epidemiology_forecast,1.0,1,805646,490.1
tools,meta,ale,ale,4,1,1,health_medicine/flusight_offline_hosp_forecast_2024_12_14,0.055454,0,737447,238.4
tools,meta,ale,ale,4,1,1,health_medicine/healthcare_bias_audit_27a_public_replication_v1,0.0,0,1536853,1309.4
tools,meta,ale,ale,4,1,1,health_medicine/nhanes_confounder_sensitivity_analysis,0.538542,0,449466,268.2
tools,meta,ale,ale,4,1,1,health_medicine/scene3_skullstrip_qc,1.0,1,132452,129.7
tools,meta,ale,ale,4,1,1,legal/agora_governance_classify_instance_1,0.69,0,3285815,743.3
tools,meta,ale,ale,4,1,1,life_sciences/cell_tracking_instance_1,0.455309,0,1573685,480.1
tools,meta,ale,ale,4,1,1,life_sciences/cell_translocation_analysis,0.0,0,1633250,796.6
tools,meta,ale,ale,4,1,1,life_sciences/tcga_brca_deg_analysis,1.0,1,608700,319.2
tools,meta,ale,ale,4,1,1,physical_sciences/adapt_vqe_molecular_energy,1.0,1,1392963,826.4
tools,meta,ale,ale,4,1,1,physical_sciences/gillespie_gene_regulatory_network,0.42,0,356648,626.8
tools,meta,ale,ale,4,1,1,physical_sciences/glm_lake_calibration,0.0,0,3664081,957.9
tools,meta,ale,ale,4,1,1,physical_sciences/molecular_structure_plausibility,0.222222,0,257152,187.2
tools,meta,ale,ale,4,1,1,physical_sciences/mose2_bse_absorption_soc,0.0,0,2398284,644.3
tools,meta,ale,ale,4,1,1,psychology_neuro/scene2_resample,0.0,0,946285,496.9
tools,meta,ale,ale,4,1,1,transport_safety/abm_hangzhou_metro,0.0,0,1830820,715.1
tools,meta,ale,ale,4,1,2,business_finance/american_option_pricing_ls,0.0,0,391383,334.7
tools,meta,ale,ale,4,1,2,business_finance/basel_operational_risk_bia_cn,0.0,0,1154211,974.8
tools,meta,ale,ale,4,1,2,business_finance/bpmn_supply_disruption_l3,0.8695,0,981440,376.2
tools,meta,ale,ale,4,1,2,business_finance/digital_marketing_audience_segmentation_1,0.7245,0,273247,186.6
tools,meta,ale,ale,4,1,2,business_finance/pe_screening_memo_1,0.70625,0,1053630,364.8
tools,meta,ale,ale,4,1,2,business_finance/sse_northbound_programmatic_trading_01,0.666667,0,492004,138.8
tools,meta,ale,ale,4,1,2,computing_math/branch_bound_atsp,0.95,0,4401271,4277.2
tools,meta,ale,ale,4,1,2,computing_math/cfr_game_theory_equilibrium,0.0,0,1058780,928.6
tools,meta,ale,ale,4,1,2,computing_math/cost_optimization_1,0.660928,0,1299423,468.4
tools,meta,ale,ale,4,1,2,computing_math/ising_post_measurement_1,1.0,1,586589,338.3
tools,meta,ale,ale,4,1,2,computing_math/k8s_payment_api_root_cause_analysis,0.73,0,165853,159.0
tools,meta,ale,ale,4,1,2,computing_math/recsys_cold_start_instance_1,0.333333,0,2006674,2553.4
tools,meta,ale,ale,4,1,2,computing_math/synthetic_causal_structure_inference,0.140041,0,395083,127.0
tools,meta,ale,ale,4,1,2,education_info/homework_grading_numerical_pdes_instance_02,0.659818,0,749800,219.0
tools,meta,ale,ale,4,1,2,education_info/marc_remediation_folio_overlay,0.0,0,1055044,563.0
tools,meta,ale,ale,4,1,2,education_info/moodle_gradebook_closeout_reconciliation,0.0,0,2669100,612.1
tools,meta,ale,ale,4,1,2,engineering/aerospace_low_thrust_trajectory,0.0,0,1423750,551.8
tools,meta,ale,ale,4,1,2,health_medicine/crf_sdtm_mapping_4,0.5766,0,1425733,267.4
tools,meta,ale,ale,4,1,2,health_medicine/epidemiology_forecast,0.0,0,291706,712.0
tools,meta,ale,ale,4,1,2,health_medicine/flusight_offline_hosp_forecast_2024_12_14,0.041055,0,307969,197.8
tools,meta,ale,ale,4,1,2,health_medicine/healthcare_bias_audit_27a_public_replication_v1,0.0,0,3582931,923.8
tools,meta,ale,ale,4,1,2,health_medicine/nhanes_confounder_sensitivity_analysis,0.596875,0,349575,236.4
tools,meta,ale,ale,4,1,2,health_medicine/scene3_skullstrip_qc,1.0,1,55645,123.1
tools,meta,ale,ale,4,1,2,legal/agora_governance_classify_instance_1,0.343081,0,2090933,459.4
tools,meta,ale,ale,4,1,2,life_sciences/cell_tracking_instance_1,0.509524,0,1135969,483.3
tools,meta,ale,ale,4,1,2,life_sciences/cell_translocation_analysis,0.0,0,606726,486.7
tools,meta,ale,ale,4,1,2,life_sciences/tcga_brca_deg_analysis,0.0,0,544878,256.3
tools,meta,ale,ale,4,1,2,physical_sciences/adapt_vqe_molecular_energy,1.0,1,596649,463.7
tools,meta,ale,ale,4,1,2,physical_sciences/gillespie_gene_regulatory_network,0.72,0,1444290,1333.1
tools,meta,ale,ale,4,1,2,physical_sciences/glm_lake_calibration,0.0,0,3158199,747.6
tools,meta,ale,ale,4,1,2,physical_sciences/molecular_structure_plausibility,0.285714,0,409760,237.3
tools,meta,ale,ale,4,1,2,physical_sciences/mose2_bse_absorption_soc,0.0,0,9721658,2432.1
tools,meta,ale,ale,4,1,2,psychology_neuro/scene2_resample,0.0,0,252807,298.5
tools,meta,ale,ale,4,1,2,transport_safety/abm_hangzhou_metro,0.0,0,859624,588.1
tools,meta,ale,ale,4,1,3,business_finance/american_option_pricing_ls,0.5,0,1749727,913.7
tools,meta,ale,ale,4,1,3,business_finance/basel_operational_risk_bia_cn,0.0,0,1685617,455.8
tools,meta,ale,ale,4,1,3,business_finance/bpmn_supply_disruption_l3,0.8662,0,1285805,481.1
tools,meta,ale,ale,4,1,3,business_finance/digital_marketing_audience_segmentation_1,0.6028,0,631669,623.6
tools,meta,ale,ale,4,1,3,business_finance/pe_screening_memo_1,0.6875,0,710678,236.7
tools,meta,ale,ale,4,1,3,business_finance/sse_northbound_programmatic_trading_01,0.666667,0,664705,149.0
tools,meta,ale,ale,4,1,3,computing_math/branch_bound_atsp,0.95,0,2645094,2110.0
tools,meta,ale,ale,4,1,3,computing_math/cfr_game_theory_equilibrium,0.33,0,1012917,638.2
tools,meta,ale,ale,4,1,3,computing_math/cost_optimization_1,0.0,0,409152,275.6
tools,meta,ale,ale,4,1,3,computing_math/ising_post_measurement_1,1.0,1,209705,239.3
tools,meta,ale,ale,4,1,3,computing_math/k8s_payment_api_root_cause_analysis,0.747727,0,197968,170.1
tools,meta,ale,ale,4,1,3,computing_math/recsys_cold_start_instance_1,0.5,0,650837,325.5
tools,meta,ale,ale,4,1,3,computing_math/synthetic_causal_structure_inference,0.320554,0,1507622,767.9
tools,meta,ale,ale,4,1,3,education_info/homework_grading_numerical_pdes_instance_02,0.673152,0,718535,374.6
tools,meta,ale,ale,4,1,3,education_info/marc_remediation_folio_overlay,0.1,0,630498,323.2
tools,meta,ale,ale,4,1,3,education_info/moodle_gradebook_closeout_reconciliation,0.0,0,1481796,302.9
tools,meta,ale,ale,4,1,3,engineering/aerospace_low_thrust_trajectory,0.0,0,626096,396.1
tools,meta,ale,ale,4,1,3,health_medicine/crf_sdtm_mapping_4,0.3852,0,748437,221.0
tools,meta,ale,ale,4,1,3,health_medicine/epidemiology_forecast,0.0,0,901568,978.6
tools,meta,ale,ale,4,1,3,health_medicine/flusight_offline_hosp_forecast_2024_12_14,0.730933,0,359425,228.9
tools,meta,ale,ale,4,1,3,health_medicine/healthcare_bias_audit_27a_public_replication_v1,0.0,0,4481199,1224.1
tools,meta,ale,ale,4,1,3,health_medicine/nhanes_confounder_sensitivity_analysis,0.596875,0,373429,413.7
tools,meta,ale,ale,4,1,3,health_medicine/scene3_skullstrip_qc,1.0,1,644041,194.6
tools,meta,ale,ale,4,1,3,legal/agora_governance_classify_instance_1,0.323134,0,3346491,529.8
tools,meta,ale,ale,4,1,3,life_sciences/cell_tracking_instance_1,0.503367,0,4425004,804.6
tools,meta,ale,ale,4,1,3,life_sciences/cell_translocation_analysis,0.0,0,312150,456.5
tools,meta,ale,ale,4,1,3,life_sciences/tcga_brca_deg_analysis,0.0,0,1162750,479.6
tools,meta,ale,ale,4,1,3,physical_sciences/adapt_vqe_molecular_energy,0.0,0,862602,719.4
tools,meta,ale,ale,4,1,3,physical_sciences/gillespie_gene_regulatory_network,0.32,0,701638,606.9
tools,meta,ale,ale,4,1,3,physical_sciences/glm_lake_calibration,0.0,0,1935077,791.7
tools,meta,ale,ale,4,1,3,physical_sciences/molecular_structure_plausibility,0.333333,0,574692,326.6
tools,meta,ale,ale,4,1,3,physical_sciences/mose2_bse_absorption_soc,0.0,0,2834230,582.1
tools,meta,ale,ale,4,1,3,psychology_neuro/scene2_resample,0.0,0,779754,739.7
tools,meta,ale,ale,4,1,3,transport_safety/abm_hangzhou_metro,0.0,0,8528585,996.5
tools,meta,ale,ale,4,2,1,computing_math/cp_test_gen_1,0.7,0,251445,349.8
tools,meta,ale,ale,4,2,1,computing_math/k3_abelian_extensions,0.0,0,945693,814.9
tools,meta,ale,ale,4,2,1,engineering/mpc_control_building_v1,0.0,0,5416530,914.9
tools,meta,ale,ale,4,2,1,health_medicine/healthcare_variant_annotation_pipeline,1.0,1,944691,489.8
tools,meta,ale,ale,4,2,2,computing_math/cp_test_gen_1,0.5,0,206599,238.0
tools,meta,ale,ale,4,2,2,computing_math/k3_abelian_extensions,0.0,0,257091,433.1
tools,meta,ale,ale,4,2,2,engineering/mpc_control_building_v1,0.0,0,1776724,837.9
tools,meta,ale,ale,4,2,2,health_medicine/healthcare_variant_annotation_pipeline,0.999,0,215558,208.0
tools,meta,ale,ale,4,2,3,computing_math/cp_test_gen_1,0.0,0,189472,238.3
tools,meta,ale,ale,4,2,3,computing_math/k3_abelian_extensions,0.0,0,2618380,1403.4
tools,meta,ale,ale,4,2,3,engineering/mpc_control_building_v1,0.0,0,1689197,428.3
tools,meta,ale,ale,4,2,3,health_medicine/healthcare_variant_annotation_pipeline,1.0,1,422924,378.3
tools,meta,ale,ale,4,3,1,business_finance/digital_marketing_ab_test_analysis_1,0.0,0,651947,446.3
tools,meta,ale,ale,4,3,1,life_sciences/tms_marrow_cell_type_annotation_instance_1,0.0,0,663082,506.3
tools,meta,ale,ale,4,3,2,business_finance/digital_marketing_ab_test_analysis_1,0.0,0,203045,156.5
tools,meta,ale,ale,4,3,2,life_sciences/tms_marrow_cell_type_annotation_instance_1,0.0,0,587609,346.5
tools,meta,ale,ale,4,3,3,business_finance/digital_marketing_ab_test_analysis_1,0.0,0,581221,294.9
tools,meta,ale,ale,4,3,3,life_sciences/tms_marrow_cell_type_annotation_instance_1,0.0,0,711087,399.9
tools,meta,ale,ale,4,4,1,business_finance/financial_stmt_reconstruction_aapl_fy2024,1.0,1,1040449,354.7
tools,meta,ale,ale,4,4,1,business_finance/sec_10k_financial_parsing,0.0996,0,3101529,840.0
tools,meta,ale,ale,4,4,1,engineering/openroad_sky130_ibex_pnr_signoff,0.0,0,278499,140.1
tools,meta,ale,ale,4,4,1,health_medicine/prostate_imrt_matrad_reproduction,0.0,0,7427092,1114.8
tools,meta,ale,ale,4,4,1,health_medicine/wsi_tumor_localization_1,0.0,0,576591,389.8
tools,meta,ale,ale,4,4,1,life_sciences/gene_expression_differential_analysis_functional_enrichment_analysis_1,0.0,0,0,915.1
tools,meta,ale,ale,4,4,2,business_finance/financial_stmt_reconstruction_aapl_fy2024,1.0,1,446412,168.9
tools,meta,ale,ale,4,4,2,business_finance/sec_10k_financial_parsing,0.0996,0,2306987,833.8
tools,meta,ale,ale,4,4,2,engineering/openroad_sky130_ibex_pnr_signoff,0.0,0,471819,188.8
tools,meta,ale,ale,4,4,2,health_medicine/prostate_imrt_matrad_reproduction,0.0,0,18238826,2536.7
tools,meta,ale,ale,4,4,2,health_medicine/wsi_tumor_localization_1,0.0,0,579029,308.8
tools,meta,ale,ale,4,4,2,life_sciences/gene_expression_differential_analysis_functional_enrichment_analysis_1,0.389859,0,3025136,1339.0
tools,meta,ale,ale,4,4,3,business_finance/financial_stmt_reconstruction_aapl_fy2024,1.0,1,1324793,424.8
tools,meta,ale,ale,4,4,3,business_finance/sec_10k_financial_parsing,0.001,0,2418695,904.8
tools,meta,ale,ale,4,4,3,engineering/openroad_sky130_ibex_pnr_signoff,0.0,0,400640,219.7
tools,meta,ale,ale,4,4,3,health_medicine/prostate_imrt_matrad_reproduction,0.0,0,1752798,594.6
tools,meta,ale,ale,4,4,3,health_medicine/wsi_tumor_localization_1,0.0,0,382007,299.5
tools,meta,ale,ale,4,4,3,life_sciences/gene_expression_differential_analysis_functional_enrichment_analysis_1,0.0,0,0,1159.8
tools,meta,ale,ale,4,5,1,business_finance/legal_ma_consistency_audit_01,0.0,0,947824,231.6
tools,meta,ale,ale,4,5,1,computing_math/clustered_cyclic_code_circuit_level_simulation,0.0,0,783953,2162.3
tools,meta,ale,ale,4,5,1,computing_math/data_pipeline_etl_instance_1,0.5,0,353535,284.8
tools,meta,ale,ale,4,5,1,computing_math/k8s_migration_1,0.45,0,4538946,684.7
tools,meta,ale,ale,4,5,1,engineering/humanoid_wbc_policy_evaluation,0.0875,0,1146001,332.1
tools,meta,ale,ale,4,5,1,health_medicine/healthcare_sap_group_sequential_nsclc,0.0,0,512648,671.7
tools,meta,ale,ale,4,5,1,health_medicine/healthcare_tcga_luad_survival_kras,0.0,0,760626,521.5
tools,meta,ale,ale,4,5,1,health_medicine/ltmle_targeted_bootstrap_simulation_study,0.0,0,3234124,714.4
tools,meta,ale,ale,4,5,1,health_medicine/public_health_mask_mandate_ratio,0.0,0,1362417,765.6
tools,meta,ale,ale,4,5,1,health_medicine/replicate_paper_1,0.0,0,792403,624.7
tools,meta,ale,ale,4,5,1,life_sciences/hg002_chr22_germline_variant_pipeline,0.0,0,2789409,1110.7
tools,meta,ale,ale,4,5,1,life_sciences/idp_ensemble_scoring,0.0,0,2875082,1051.8
tools,meta,ale,ale,4,5,1,life_sciences/rgi_mcr1_colistin_v2,1.0,1,1502269,334.8
tools,meta,ale,ale,4,5,1,physical_sciences/climate_prediction,0.7741,0,569207,1039.3
tools,meta,ale,ale,4,5,1,social_sciences/atwood_2022_measles_vaccine_reproduction,1.0,1,708615,292.9
tools,meta,ale,ale,4,5,1,transport_safety/capacitated_vehicle_routing_problems,0.67,0,1387390,534.5
tools,meta,ale,ale,4,5,1,transport_safety/fds_single_compartment_detector_reconstruction,0.0,0,444107,400.1
tools,meta,ale,ale,4,5,2,business_finance/legal_ma_consistency_audit_01,0.0,0,2076016,272.0
tools,meta,ale,ale,4,5,2,computing_math/clustered_cyclic_code_circuit_level_simulation,0.0,0,4539622,1277.7
tools,meta,ale,ale,4,5,2,computing_math/data_pipeline_etl_instance_1,0.666667,0,627427,347.4
tools,meta,ale,ale,4,5,2,computing_math/k8s_migration_1,0.7,0,844799,304.0
tools,meta,ale,ale,4,5,2,engineering/humanoid_wbc_policy_evaluation,0.25,0,592063,713.0
tools,meta,ale,ale,4,5,2,health_medicine/healthcare_sap_group_sequential_nsclc,0.0,0,1383011,618.8
tools,meta,ale,ale,4,5,2,health_medicine/healthcare_tcga_luad_survival_kras,0.0,0,1198284,1194.8
tools,meta,ale,ale,4,5,2,health_medicine/ltmle_targeted_bootstrap_simulation_study,0.0,0,1635431,402.5
tools,meta,ale,ale,4,5,2,health_medicine/public_health_mask_mandate_ratio,0.333333,0,1495615,2633.9
tools,meta,ale,ale,4,5,2,health_medicine/replicate_paper_1,1.0,1,639858,332.2
tools,meta,ale,ale,4,5,2,life_sciences/hg002_chr22_germline_variant_pipeline,0.7,0,16633875,3089.0
tools,meta,ale,ale,4,5,2,life_sciences/idp_ensemble_scoring,0.2,0,4792988,1009.2
tools,meta,ale,ale,4,5,2,life_sciences/rgi_mcr1_colistin_v2,1.0,1,551376,262.1
tools,meta,ale,ale,4,5,2,physical_sciences/climate_prediction,0.7911,0,870107,1007.2
tools,meta,ale,ale,4,5,2,social_sciences/atwood_2022_measles_vaccine_reproduction,1.0,1,2564386,463.8
tools,meta,ale,ale,4,5,2,transport_safety/capacitated_vehicle_routing_problems,1.0,1,1277431,767.9
tools,meta,ale,ale,4,5,2,transport_safety/fds_single_compartment_detector_reconstruction,0.0,0,1112322,643.6
tools,meta,ale,ale,4,5,3,business_finance/legal_ma_consistency_audit_01,0.0,0,1332061,334.4
tools,meta,ale,ale,4,5,3,computing_math/clustered_cyclic_code_circuit_level_simulation,0.0,0,549842,1049.6
tools,meta,ale,ale,4,5,3,computing_math/data_pipeline_etl_instance_1,0.5,0,945640,779.1
tools,meta,ale,ale,4,5,3,computing_math/k8s_migration_1,0.479167,0,1122238,358.3
tools,meta,ale,ale,4,5,3,engineering/humanoid_wbc_policy_evaluation,0.0,0,2318511,1092.3
tools,meta,ale,ale,4,5,3,health_medicine/healthcare_sap_group_sequential_nsclc,0.268571,0,2127895,1217.7
tools,meta,ale,ale,4,5,3,health_medicine/healthcare_tcga_luad_survival_kras,0.0,0,2834825,3079.9
tools,meta,ale,ale,4,5,3,health_medicine/ltmle_targeted_bootstrap_simulation_study,0.0,0,1352375,567.7
tools,meta,ale,ale,4,5,3,health_medicine/public_health_mask_mandate_ratio,0.333333,0,1539984,784.4
tools,meta,ale,ale,4,5,3,health_medicine/replicate_paper_1,0.0,0,1101851,2852.7
tools,meta,ale,ale,4,5,3,life_sciences/hg002_chr22_germline_variant_pipeline,0.62,0,4766559,1913.7
tools,meta,ale,ale,4,5,3,life_sciences/idp_ensemble_scoring,0.0,0,7131106,1063.9
tools,meta,ale,ale,4,5,3,life_sciences/rgi_mcr1_colistin_v2,0.75,0,1919381,778.5
tools,meta,ale,ale,4,5,3,physical_sciences/climate_prediction,0.7694,0,1326565,1242.2
tools,meta,ale,ale,4,5,3,social_sciences/atwood_2022_measles_vaccine_reproduction,1.0,1,1042347,568.4
tools,meta,ale,ale,4,5,3,transport_safety/capacitated_vehicle_routing_problems,1.0,1,1511738,612.7
tools,meta,ale,ale,4,5,3,transport_safety/fds_single_compartment_detector_reconstruction,0.0,0,774182,298.1
tools,meta,ale,ale,5,1,1,business_finance/american_option_pricing_ls,0.0,0,2261814,831.1
tools,meta,ale,ale,5,1,1,business_finance/basel_operational_risk_bia_cn,0.0,0,560351,321.1
tools,meta,ale,ale,5,1,1,business_finance/bpmn_supply_disruption_l3,0.8648,0,1165621,601.3
tools,meta,ale,ale,5,1,1,business_finance/digital_marketing_audience_segmentation_1,0.8667,0,495625,309.5
tools,meta,ale,ale,5,1,1,business_finance/pe_screening_memo_1,0.84375,0,593992,306.9
tools,meta,ale,ale,5,1,1,business_finance/sse_northbound_programmatic_trading_01,0.666667,0,690622,201.0
tools,meta,ale,ale,5,1,1,computing_math/branch_bound_atsp,0.0,0,3800651,1188.8
tools,meta,ale,ale,5,1,1,computing_math/cfr_game_theory_equilibrium,0.33,0,1840120,948.4
tools,meta,ale,ale,5,1,1,computing_math/cost_optimization_1,0.660928,0,535285,653.0
tools,meta,ale,ale,5,1,1,computing_math/ising_post_measurement_1,1.0,1,232557,253.4
tools,meta,ale,ale,5,1,1,computing_math/k8s_payment_api_root_cause_analysis,0.673889,0,356524,388.2
tools,meta,ale,ale,5,1,1,computing_math/recsys_cold_start_instance_1,0.5,0,1681493,831.0
tools,meta,ale,ale,5,1,1,computing_math/synthetic_causal_structure_inference,0.262357,0,312902,241.0
tools,meta,ale,ale,5,1,1,education_info/homework_grading_numerical_pdes_instance_02,0.649818,0,1132649,382.8
tools,meta,ale,ale,5,1,1,education_info/marc_remediation_folio_overlay,0.2,0,2248762,533.6
tools,meta,ale,ale,5,1,1,education_info/moodle_gradebook_closeout_reconciliation,0.0,0,2455458,535.3
tools,meta,ale,ale,5,1,1,engineering/aerospace_low_thrust_trajectory,0.0,0,1750178,699.2
tools,meta,ale,ale,5,1,1,health_medicine/crf_sdtm_mapping_4,0.4306,0,2893326,734.7
tools,meta,ale,ale,5,1,1,health_medicine/epidemiology_forecast,0.0,0,460091,447.8
tools,meta,ale,ale,5,1,1,health_medicine/flusight_offline_hosp_forecast_2024_12_14,0.59645,0,370485,179.0
tools,meta,ale,ale,5,1,1,health_medicine/healthcare_bias_audit_27a_public_replication_v1,0.0,0,4525320,1178.2
tools,meta,ale,ale,5,1,1,health_medicine/nhanes_confounder_sensitivity_analysis,0.537637,0,900837,528.8
tools,meta,ale,ale,5,1,1,health_medicine/scene3_skullstrip_qc,1.0,1,293121,194.4
tools,meta,ale,ale,5,1,1,legal/agora_governance_classify_instance_1,0.0,0,1716786,704.2
tools,meta,ale,ale,5,1,1,life_sciences/cell_tracking_instance_1,0.0,0,1115277,648.7
tools,meta,ale,ale,5,1,1,life_sciences/cell_translocation_analysis,0.0,0,847848,349.8
tools,meta,ale,ale,5,1,1,life_sciences/tcga_brca_deg_analysis,0.0,0,548580,250.0
tools,meta,ale,ale,5,1,1,physical_sciences/adapt_vqe_molecular_energy,1.0,1,1867885,1680.6
tools,meta,ale,ale,5,1,1,physical_sciences/gillespie_gene_regulatory_network,0.0,0,821015,490.3
tools,meta,ale,ale,5,1,1,physical_sciences/glm_lake_calibration,0.0,0,4677488,1251.6
tools,meta,ale,ale,5,1,1,physical_sciences/molecular_structure_plausibility,0.222222,0,605311,340.0
tools,meta,ale,ale,5,1,1,physical_sciences/mose2_bse_absorption_soc,0.0,0,6875092,1850.3
tools,meta,ale,ale,5,1,1,psychology_neuro/scene2_resample,0.0,0,577268,480.2
tools,meta,ale,ale,5,1,1,transport_safety/abm_hangzhou_metro,0.0,0,846465,690.8
tools,meta,ale,ale,5,1,2,business_finance/american_option_pricing_ls,0.0,0,2996043,750.1
tools,meta,ale,ale,5,1,2,business_finance/basel_operational_risk_bia_cn,0.0,0,2681073,570.1
tools,meta,ale,ale,5,1,2,business_finance/bpmn_supply_disruption_l3,0.8129,0,926346,443.6
tools,meta,ale,ale,5,1,2,business_finance/digital_marketing_audience_segmentation_1,0.8708,0,203829,194.3
tools,meta,ale,ale,5,1,2,business_finance/pe_screening_memo_1,0.70625,0,1101239,362.0
tools,meta,ale,ale,5,1,2,business_finance/sse_northbound_programmatic_trading_01,0.0,0,475157,171.6
tools,meta,ale,ale,5,1,2,computing_math/branch_bound_atsp,0.2875,0,2215940,1550.2
tools,meta,ale,ale,5,1,2,computing_math/cfr_game_theory_equilibrium,0.33,0,1525076,748.9
tools,meta,ale,ale,5,1,2,computing_math/cost_optimization_1,0.832803,0,1295381,565.4
tools,meta,ale,ale,5,1,2,computing_math/ising_post_measurement_1,1.0,1,400468,791.0
tools,meta,ale,ale,5,1,2,computing_math/k8s_payment_api_root_cause_analysis,0.588889,0,134491,151.1
tools,meta,ale,ale,5,1,2,computing_math/recsys_cold_start_instance_1,0.666667,0,847526,1061.7
tools,meta,ale,ale,5,1,2,computing_math/synthetic_causal_structure_inference,0.140041,0,538717,279.7
tools,meta,ale,ale,5,1,2,education_info/homework_grading_numerical_pdes_instance_02,0.559818,0,950907,333.8
tools,meta,ale,ale,5,1,2,education_info/marc_remediation_folio_overlay,0.2,0,4760935,953.7
tools,meta,ale,ale,5,1,2,education_info/moodle_gradebook_closeout_reconciliation,0.0,0,2460530,570.1
tools,meta,ale,ale,5,1,2,engineering/aerospace_low_thrust_trajectory,0.0,0,574113,764.0
tools,meta,ale,ale,5,1,2,health_medicine/crf_sdtm_mapping_4,0.5837,0,2334654,418.8
tools,meta,ale,ale,5,1,2,health_medicine/epidemiology_forecast,0.0,0,455799,331.5
tools,meta,ale,ale,5,1,2,health_medicine/flusight_offline_hosp_forecast_2024_12_14,0.062402,0,967853,268.4
tools,meta,ale,ale,5,1,2,health_medicine/healthcare_bias_audit_27a_public_replication_v1,0.0,0,2945941,1051.1
tools,meta,ale,ale,5,1,2,health_medicine/nhanes_confounder_sensitivity_analysis,0.975,0,1153974,570.3
tools,meta,ale,ale,5,1,2,health_medicine/scene3_skullstrip_qc,1.0,1,195873,145.2
tools,meta,ale,ale,5,1,2,legal/agora_governance_classify_instance_1,0.0,0,3003049,696.1
tools,meta,ale,ale,5,1,2,life_sciences/cell_tracking_instance_1,0.0,0,910663,778.6
tools,meta,ale,ale,5,1,2,life_sciences/cell_translocation_analysis,0.0,0,537548,440.0
tools,meta,ale,ale,5,1,2,life_sciences/tcga_brca_deg_analysis,0.0,0,1033970,396.8
tools,meta,ale,ale,5,1,2,physical_sciences/adapt_vqe_molecular_energy,1.0,1,651961,480.4
tools,meta,ale,ale,5,1,2,physical_sciences/gillespie_gene_regulatory_network,0.73,0,1201018,742.3
tools,meta,ale,ale,5,1,2,physical_sciences/glm_lake_calibration,0.0,0,1600320,426.5
tools,meta,ale,ale,5,1,2,physical_sciences/molecular_structure_plausibility,0.222222,0,193808,236.9
tools,meta,ale,ale,5,1,2,physical_sciences/mose2_bse_absorption_soc,0.0,0,3958626,800.1
tools,meta,ale,ale,5,1,2,psychology_neuro/scene2_resample,0.0,0,702280,473.6
tools,meta,ale,ale,5,1,2,transport_safety/abm_hangzhou_metro,0.0,0,991360,436.7
tools,meta,ale,ale,5,1,3,business_finance/american_option_pricing_ls,0.0,0,2323240,689.6
tools,meta,ale,ale,5,1,3,business_finance/basel_operational_risk_bia_cn,0.0,0,1174309,460.5
tools,meta,ale,ale,5,1,3,business_finance/bpmn_supply_disruption_l3,0.0,0,1580678,816.2
tools,meta,ale,ale,5,1,3,business_finance/digital_marketing_audience_segmentation_1,0.9042,0,1414629,479.0
tools,meta,ale,ale,5,1,3,business_finance/pe_screening_memo_1,0.7875,0,943870,347.3
tools,meta,ale,ale,5,1,3,business_finance/sse_northbound_programmatic_trading_01,0.666667,0,505630,158.9
tools,meta,ale,ale,5,1,3,computing_math/branch_bound_atsp,0.0,0,3766809,664.1
tools,meta,ale,ale,5,1,3,computing_math/cfr_game_theory_equilibrium,0.33,0,3138375,2170.0
tools,meta,ale,ale,5,1,3,computing_math/cost_optimization_1,0.660928,0,1567607,399.9
tools,meta,ale,ale,5,1,3,computing_math/ising_post_measurement_1,0.0,0,167754,250.8
tools,meta,ale,ale,5,1,3,computing_math/k8s_payment_api_root_cause_analysis,0.763889,0,169449,170.6
tools,meta,ale,ale,5,1,3,computing_math/recsys_cold_start_instance_1,0.333333,0,1447257,678.5
tools,meta,ale,ale,5,1,3,computing_math/synthetic_causal_structure_inference,0.340197,0,488706,231.4
tools,meta,ale,ale,5,1,3,education_info/homework_grading_numerical_pdes_instance_02,0.669818,0,1234509,393.4
tools,meta,ale,ale,5,1,3,education_info/marc_remediation_folio_overlay,0.2,0,469744,223.8
tools,meta,ale,ale,5,1,3,education_info/moodle_gradebook_closeout_reconciliation,0.0,0,4769828,624.5
tools,meta,ale,ale,5,1,3,engineering/aerospace_low_thrust_trajectory,0.0,0,539690,279.4
tools,meta,ale,ale,5,1,3,health_medicine/crf_sdtm_mapping_4,0.5813,0,5585774,660.9
tools,meta,ale,ale,5,1,3,health_medicine/epidemiology_forecast,0.0,0,377403,331.4
tools,meta,ale,ale,5,1,3,health_medicine/flusight_offline_hosp_forecast_2024_12_14,0.028159,0,1083290,338.4
tools,meta,ale,ale,5,1,3,health_medicine/healthcare_bias_audit_27a_public_replication_v1,0.0,0,11654692,2871.0
tools,meta,ale,ale,5,1,3,health_medicine/nhanes_confounder_sensitivity_analysis,0.941667,0,377451,251.0
tools,meta,ale,ale,5,1,3,health_medicine/scene3_skullstrip_qc,1.0,1,138985,120.0
tools,meta,ale,ale,5,1,3,legal/agora_governance_classify_instance_1,0.336508,0,2256395,405.3
tools,meta,ale,ale,5,1,3,life_sciences/cell_tracking_instance_1,0.538165,0,611138,443.4
tools,meta,ale,ale,5,1,3,life_sciences/cell_translocation_analysis,0.0,0,943321,576.2
tools,meta,ale,ale,5,1,3,life_sciences/tcga_brca_deg_analysis,1.0,1,830587,350.0
tools,meta,ale,ale,5,1,3,physical_sciences/adapt_vqe_molecular_energy,0.333333,0,1213785,437.4
tools,meta,ale,ale,5,1,3,physical_sciences/gillespie_gene_regulatory_network,0.0,0,999564,915.5
tools,meta,ale,ale,5,1,3,physical_sciences/glm_lake_calibration,0.0,0,456130,250.0
tools,meta,ale,ale,5,1,3,physical_sciences/molecular_structure_plausibility,0.333333,0,415062,309.9
tools,meta,ale,ale,5,1,3,physical_sciences/mose2_bse_absorption_soc,0.0,0,357145,220.0
tools,meta,ale,ale,5,1,3,psychology_neuro/scene2_resample,0.0,0,621306,234.8
tools,meta,ale,ale,5,1,3,transport_safety/abm_hangzhou_metro,0.0,0,920034,744.9
tools,meta,ale,ale,5,2,1,computing_math/cp_test_gen_1,0.0,0,1172019,532.9
tools,meta,ale,ale,5,2,1,computing_math/k3_abelian_extensions,1.0,1,1647804,528.0
tools,meta,ale,ale,5,2,1,engineering/mpc_control_building_v1,0.0,0,3600538,552.9
tools,meta,ale,ale,5,2,1,health_medicine/healthcare_variant_annotation_pipeline,1.0,1,527723,347.9
tools,meta,ale,ale,5,2,2,computing_math/cp_test_gen_1,0.0,0,512793,302.1
tools,meta,ale,ale,5,2,2,computing_math/k3_abelian_extensions,1.0,1,886139,592.3
tools,meta,ale,ale,5,2,2,engineering/mpc_control_building_v1,0.0,0,3470927,822.3
tools,meta,ale,ale,5,2,2,health_medicine/healthcare_variant_annotation_pipeline,0.0,0,340796,207.2
tools,meta,ale,ale,5,2,3,computing_math/cp_test_gen_1,0.3,0,458872,458.0
tools,meta,ale,ale,5,2,3,computing_math/k3_abelian_extensions,0.0,0,1094421,513.0
tools,meta,ale,ale,5,2,3,engineering/mpc_control_building_v1,0.0,0,3456180,863.0
tools,meta,ale,ale,5,2,3,health_medicine/healthcare_variant_annotation_pipeline,0.794,0,1646183,493.0
tools,meta,ale,ale,5,3,1,business_finance/digital_marketing_ab_test_analysis_1,0.0,0,1685757,240.2
tools,meta,ale,ale,5,3,1,life_sciences/tms_marrow_cell_type_annotation_instance_1,0.0,0,677827,555.1
tools,meta,ale,ale,5,3,2,business_finance/digital_marketing_ab_test_analysis_1,0.0,0,559319,183.6
tools,meta,ale,ale,5,3,2,life_sciences/tms_marrow_cell_type_annotation_instance_1,0.0,0,787436,428.5
tools,meta,ale,ale,5,3,3,business_finance/digital_marketing_ab_test_analysis_1,0.0,0,1486161,575.3
tools,meta,ale,ale,5,3,3,life_sciences/tms_marrow_cell_type_annotation_instance_1,0.0,0,352185,310.2
tools,meta,ale,ale,5,4,1,business_finance/financial_stmt_reconstruction_aapl_fy2024,1.0,1,487556,273.8
tools,meta,ale,ale,5,4,1,business_finance/sec_10k_financial_parsing,0.4021,0,2061431,648.5
tools,meta,ale,ale,5,4,1,engineering/openroad_sky130_ibex_pnr_signoff,0.0,0,381517,138.8
tools,meta,ale,ale,5,4,1,health_medicine/prostate_imrt_matrad_reproduction,0.0,0,11603926,978.9
tools,meta,ale,ale,5,4,1,health_medicine/wsi_tumor_localization_1,0.0,0,746366,373.5
tools,meta,ale,ale,5,4,1,life_sciences/gene_expression_differential_analysis_functional_enrichment_analysis_1,0.0,0,0,1273.9
tools,meta,ale,ale,5,4,2,business_finance/financial_stmt_reconstruction_aapl_fy2024,0.9,0,1755950,423.9
tools,meta,ale,ale,5,4,2,business_finance/sec_10k_financial_parsing,0.4919,0,4509176,803.7
tools,meta,ale,ale,5,4,2,engineering/openroad_sky130_ibex_pnr_signoff,0.0,0,295454,188.8
tools,meta,ale,ale,5,4,2,health_medicine/prostate_imrt_matrad_reproduction,0.0,0,5313730,643.8
tools,meta,ale,ale,5,4,2,health_medicine/wsi_tumor_localization_1,0.0,0,548236,799.3
tools,meta,ale,ale,5,4,2,life_sciences/gene_expression_differential_analysis_functional_enrichment_analysis_1,0.0,0,0,573.8
tools,meta,ale,ale,5,4,3,business_finance/financial_stmt_reconstruction_aapl_fy2024,1.0,1,3360072,365.0
tools,meta,ale,ale,5,4,3,business_finance/sec_10k_financial_parsing,0.0996,0,4919462,1034.8
tools,meta,ale,ale,5,4,3,engineering/openroad_sky130_ibex_pnr_signoff,0.0,0,542786,220.0
tools,meta,ale,ale,5,4,3,health_medicine/prostate_imrt_matrad_reproduction,0.0,0,6228035,690.0
tools,meta,ale,ale,5,4,3,health_medicine/wsi_tumor_localization_1,0.0,0,515828,244.8
tools,meta,ale,ale,5,4,3,life_sciences/gene_expression_differential_analysis_functional_enrichment_analysis_1,0.0,0,0,489.6
tools,meta,ale,ale,5,5,1,business_finance/legal_ma_consistency_audit_01,0.0,0,919353,181.6
tools,meta,ale,ale,5,5,1,computing_math/clustered_cyclic_code_circuit_level_simulation,0.0,0,3516418,2152.1
tools,meta,ale,ale,5,5,1,computing_math/data_pipeline_etl_instance_1,0.5,0,853959,291.7
tools,meta,ale,ale,5,5,1,computing_math/k8s_migration_1,0.679167,0,908625,365.2
tools,meta,ale,ale,5,5,1,engineering/humanoid_wbc_policy_evaluation,0.0,0,1642065,1298.5
tools,meta,ale,ale,5,5,1,health_medicine/healthcare_sap_group_sequential_nsclc,0.35,0,1064677,432.0
tools,meta,ale,ale,5,5,1,health_medicine/healthcare_tcga_luad_survival_kras,0.0,0,2596189,1557.4
tools,meta,ale,ale,5,5,1,health_medicine/ltmle_targeted_bootstrap_simulation_study,0.0,0,2115714,621.2
tools,meta,ale,ale,5,5,1,health_medicine/public_health_mask_mandate_ratio,0.333333,0,1906477,925.2
tools,meta,ale,ale,5,5,1,health_medicine/replicate_paper_1,0.0,0,1256777,735.1
tools,meta,ale,ale,5,5,1,life_sciences/hg002_chr22_germline_variant_pipeline,0.0,0,3810584,1290.2
tools,meta,ale,ale,5,5,1,life_sciences/idp_ensemble_scoring,0.0,0,5210646,1135.5
tools,meta,ale,ale,5,5,1,life_sciences/rgi_mcr1_colistin_v2,1.0,1,367186,340.2
tools,meta,ale,ale,5,5,1,physical_sciences/climate_prediction,0.25,0,491905,992.2
tools,meta,ale,ale,5,5,1,social_sciences/atwood_2022_measles_vaccine_reproduction,1.0,1,897901,365.4
tools,meta,ale,ale,5,5,1,transport_safety/capacitated_vehicle_routing_problems,0.67,0,1251066,731.5
tools,meta,ale,ale,5,5,1,transport_safety/fds_single_compartment_detector_reconstruction,0.0,0,562186,211.9
tools,meta,ale,ale,5,5,2,business_finance/legal_ma_consistency_audit_01,0.0,0,788829,224.6
tools,meta,ale,ale,5,5,2,computing_math/clustered_cyclic_code_circuit_level_simulation,0.0,0,3109566,1713.7
tools,meta,ale,ale,5,5,2,computing_math/data_pipeline_etl_instance_1,0.5,0,1143760,543.0
tools,meta,ale,ale,5,5,2,computing_math/k8s_migration_1,0.479167,0,1463597,278.1
tools,meta,ale,ale,5,5,2,engineering/humanoid_wbc_policy_evaluation,0.4375,0,878033,1264.6
tools,meta,ale,ale,5,5,2,health_medicine/healthcare_sap_group_sequential_nsclc,0.19,0,3082937,672.7
tools,meta,ale,ale,5,5,2,health_medicine/healthcare_tcga_luad_survival_kras,0.0,0,2196190,579.5
tools,meta,ale,ale,5,5,2,health_medicine/ltmle_targeted_bootstrap_simulation_study,0.0,0,2043967,518.4
tools,meta,ale,ale,5,5,2,health_medicine/public_health_mask_mandate_ratio,0.333333,0,3560432,1059.1
tools,meta,ale,ale,5,5,2,health_medicine/replicate_paper_1,1.0,1,2228074,587.8
tools,meta,ale,ale,5,5,2,life_sciences/hg002_chr22_germline_variant_pipeline,0.0,0,1958413,359.1
tools,meta,ale,ale,5,5,2,life_sciences/idp_ensemble_scoring,0.2,0,4307112,2789.6
tools,meta,ale,ale,5,5,2,life_sciences/rgi_mcr1_colistin_v2,1.0,1,536764,204.5
tools,meta,ale,ale,5,5,2,physical_sciences/climate_prediction,0.7741,0,507137,929.4
tools,meta,ale,ale,5,5,2,social_sciences/atwood_2022_measles_vaccine_reproduction,0.0,0,1779269,422.8
tools,meta,ale,ale,5,5,2,transport_safety/capacitated_vehicle_routing_problems,1.0,1,1971505,622.8
tools,meta,ale,ale,5,5,2,transport_safety/fds_single_compartment_detector_reconstruction,0.0,0,2691941,873.9
tools,meta,ale,ale,5,5,3,business_finance/legal_ma_consistency_audit_01,0.0,0,1613807,225.5
tools,meta,ale,ale,5,5,3,computing_math/clustered_cyclic_code_circuit_level_simulation,0.0,0,2651682,4665.8
tools,meta,ale,ale,5,5,3,computing_math/data_pipeline_etl_instance_1,0.5,0,365122,264.0
tools,meta,ale,ale,5,5,3,computing_math/k8s_migration_1,0.479167,0,853450,264.9
tools,meta,ale,ale,5,5,3,engineering/humanoid_wbc_policy_evaluation,0.0,0,3074346,571.1
tools,meta,ale,ale,5,5,3,health_medicine/healthcare_sap_group_sequential_nsclc,0.34,0,1620725,625.3
tools,meta,ale,ale,5,5,3,health_medicine/healthcare_tcga_luad_survival_kras,0.0,0,2759367,1219.0
tools,meta,ale,ale,5,5,3,health_medicine/ltmle_targeted_bootstrap_simulation_study,0.0,0,8147006,2015.3
tools,meta,ale,ale,5,5,3,health_medicine/public_health_mask_mandate_ratio,0.333333,0,3478407,1204.3
tools,meta,ale,ale,5,5,3,health_medicine/replicate_paper_1,0.0,0,1230364,624.2
tools,meta,ale,ale,5,5,3,life_sciences/hg002_chr22_germline_variant_pipeline,0.0,0,610328,244.1
tools,meta,ale,ale,5,5,3,life_sciences/idp_ensemble_scoring,0.0,0,5828868,1440.4
tools,meta,ale,ale,5,5,3,life_sciences/rgi_mcr1_colistin_v2,1.0,1,715982,250.2
tools,meta,ale,ale,5,5,3,physical_sciences/climate_prediction,0.4484,0,729050,995.7
tools,meta,ale,ale,5,5,3,social_sciences/atwood_2022_measles_vaccine_reproduction,1.0,1,3022377,552.2
tools,meta,ale,ale,5,5,3,transport_safety/capacitated_vehicle_routing_problems,1.0,1,1774158,640.7
tools,meta,ale,ale,5,5,3,transport_safety/fds_single_compartment_detector_reconstruction,0.0,0,269664,243.6
tools,meta,eog,calendar,1,1,1,task_20251124_112741_995_0a0bf089_3906a767,0.8,0,101491,159.1
tools,meta,eog,calendar,1,1,1,task_20251128_220140_863_df2c536d_4aa7dcfd,0.666667,0,106420,174.9
tools,meta,eog,calendar,1,1,1,task_20251130_105156_866_0a0bf089_eef6d2ed,0.25,0,130915,93.7
tools,meta,eog,calendar,1,1,1,task_20251203_080219_432_6f5b66fc_03eb353c,0.8,0,185628,404.7
tools,meta,eog,calendar,1,1,1,task_20251203_091910_549_bca89e7d_de59e44a,0.666667,0,158424,381.1
tools,meta,eog,calendar,1,1,1,task_20251203_142634_160_bca89e7d_193f597f,0.8,0,107341,349.3
tools,meta,eog,calendar,1,1,1,task_20251203_142725_377_6f5b66fc_c990483e,0.666667,0,67306,170.2
tools,meta,eog,calendar,1,1,1,task_20251205_032409_945_0a0bf089_61f5be29,0.0,0,28372,81.8
tools,meta,eog,calendar,1,1,1,task_20260102_175948_337_6f5b66fc_f9bfbf1d,1.0,1,69757,136.4
tools,meta,eog,calendar,1,1,1,task_20260104_192853_372_6f5b66fc_12ceda34,0.333333,0,46221,119.9
tools,meta,eog,calendar,1,1,1,task_20260104_205924_379_e0ac0c6d_cec96398,0.5,0,169996,259.6
tools,meta,eog,calendar,1,1,1,task_20260105_074654_229_bca89e7d_39d9c8ac,1.0,1,99038,252.8
tools,meta,eog,calendar,1,1,1,task_20260105_124102_961_e0ac0c6d_0b196906,1.0,1,48019,82.9
tools,meta,eog,calendar,1,1,1,task_20260105_140440_086_e0ac0c6d_27ecac16,1.0,1,64926,95.4
tools,meta,eog,calendar,1,1,1,task_20260105_163511_384_79b3b025_1ff6d0c6,1.0,1,89710,178.6
tools,meta,eog,calendar,1,1,1,task_20260105_212045_832_e0ac0c6d_84c7f524,0.833333,0,47267,73.8
tools,meta,eog,calendar,1,1,1,task_20260105_221239_098_e0ac0c6d_f5f338f3,1.0,1,47976,123.8
tools,meta,eog,calendar,1,1,1,task_20260105_222434_398_79b3b025_ccd9b889,0.75,0,109454,169.3
tools,meta,eog,calendar,1,1,1,task_20260106_103319_873_baf0b358_69ce7445,1.0,1,155517,264.9
tools,meta,eog,calendar,1,1,1,task_20260106_114228_782_79b3b025_b556c84d,1.0,1,88514,217.1
tools,meta,eog,calendar,1,1,1,task_20260106_152415_149_6f5b66fc_aad3df17,1.0,1,68390,192.2
tools,meta,eog,calendar,1,1,1,task_20260106_170952_179_e0ac0c6d_791fba5e,1.0,1,47174,113.3
tools,meta,eog,calendar,1,1,1,task_20260107_144751_333_79b3b025_92bfb77e,0.714286,0,120295,318.2
tools,meta,eog,calendar,1,1,1,task_20260107_193032_599_e0ac0c6d_403469c5,1.0,1,47394,78.9
tools,meta,eog,calendar,1,1,1,task_20260108_182727_772_4608325d_60b7f5d9,0.666667,0,88138,169.1
tools,meta,eog,calendar,1,1,1,task_20260121_144251_116_38405923_9438dabd,0.0,0,118739,151.1
tools,meta,eog,calendar,1,1,1,task_20260121_161936_323_cbcf38f8_50ccd164,0.0,0,106210,244.0
tools,meta,eog,calendar,1,1,1,task_20260121_171247_475_cbcf38f8_c0a86487,0.5,0,182349,423.3
tools,meta,eog,calendar,1,1,1,task_20260122_024556_370_38405923_1a174d84,0.833333,0,62813,120.8
tools,meta,eog,calendar,1,1,2,task_20251124_112741_995_0a0bf089_3906a767,0.8,0,114701,126.5
tools,meta,eog,calendar,1,1,2,task_20251128_220140_863_df2c536d_4aa7dcfd,0.666667,0,85702,134.4
tools,meta,eog,calendar,1,1,2,task_20251130_105156_866_0a0bf089_eef6d2ed,0.25,0,132828,135.8
tools,meta,eog,calendar,1,1,2,task_20251203_080219_432_6f5b66fc_03eb353c,0.8,0,154440,347.2
tools,meta,eog,calendar,1,1,2,task_20251203_091910_549_bca89e7d_de59e44a,0.666667,0,168842,333.8
tools,meta,eog,calendar,1,1,2,task_20251203_142634_160_bca89e7d_193f597f,1.0,1,97046,263.1
tools,meta,eog,calendar,1,1,2,task_20251203_142725_377_6f5b66fc_c990483e,0.666667,0,86875,243.7
tools,meta,eog,calendar,1,1,2,task_20251205_032409_945_0a0bf089_61f5be29,0.0,0,27625,52.0
tools,meta,eog,calendar,1,1,2,task_20260102_175948_337_6f5b66fc_f9bfbf1d,1.0,1,69089,146.4
tools,meta,eog,calendar,1,1,2,task_20260104_192853_372_6f5b66fc_12ceda34,0.333333,0,78896,171.5
tools,meta,eog,calendar,1,1,2,task_20260104_205924_379_e0ac0c6d_cec96398,0.5,0,131138,135.3
tools,meta,eog,calendar,1,1,2,task_20260105_074654_229_bca89e7d_39d9c8ac,1.0,1,128441,271.4
tools,meta,eog,calendar,1,1,2,task_20260105_124102_961_e0ac0c6d_0b196906,1.0,1,48917,92.0
tools,meta,eog,calendar,1,1,2,task_20260105_140440_086_e0ac0c6d_27ecac16,1.0,1,48572,82.2
tools,meta,eog,calendar,1,1,2,task_20260105_163511_384_79b3b025_1ff6d0c6,1.0,1,103887,160.3
tools,meta,eog,calendar,1,1,2,task_20260105_212045_832_e0ac0c6d_84c7f524,0.833333,0,46879,82.2
tools,meta,eog,calendar,1,1,2,task_20260105_221239_098_e0ac0c6d_f5f338f3,1.0,1,48935,112.0
tools,meta,eog,calendar,1,1,2,task_20260105_222434_398_79b3b025_ccd9b889,0.75,0,128925,168.2
tools,meta,eog,calendar,1,1,2,task_20260106_103319_873_baf0b358_69ce7445,1.0,1,99833,200.8
tools,meta,eog,calendar,1,1,2,task_20260106_114228_782_79b3b025_b556c84d,1.0,1,152097,225.8
tools,meta,eog,calendar,1,1,2,task_20260106_152415_149_6f5b66fc_aad3df17,0.666667,0,89537,184.1
tools,meta,eog,calendar,1,1,2,task_20260106_170952_179_e0ac0c6d_791fba5e,1.0,1,46966,58.4
tools,meta,eog,calendar,1,1,2,task_20260107_144751_333_79b3b025_92bfb77e,0.571429,0,160023,288.2
tools,meta,eog,calendar,1,1,2,task_20260107_193032_599_e0ac0c6d_403469c5,1.0,1,47332,63.6
tools,meta,eog,calendar,1,1,2,task_20260108_182727_772_4608325d_60b7f5d9,0.666667,0,89435,155.8
tools,meta,eog,calendar,1,1,2,task_20260121_144251_116_38405923_9438dabd,0.0,0,124586,188.4
tools,meta,eog,calendar,1,1,2,task_20260121_161936_323_cbcf38f8_50ccd164,0.0,0,87507,174.6
tools,meta,eog,calendar,1,1,2,task_20260121_171247_475_cbcf38f8_c0a86487,0.5,0,106817,195.4
tools,meta,eog,calendar,1,1,2,task_20260122_024556_370_38405923_1a174d84,0.833333,0,63270,97.4
tools,meta,eog,calendar,1,1,3,task_20251124_112741_995_0a0bf089_3906a767,0.8,0,142780,127.0
tools,meta,eog,calendar,1,1,3,task_20251128_220140_863_df2c536d_4aa7dcfd,0.666667,0,118323,128.4
tools,meta,eog,calendar,1,1,3,task_20251130_105156_866_0a0bf089_eef6d2ed,0.25,0,132005,143.0
tools,meta,eog,calendar,1,1,3,task_20251203_080219_432_6f5b66fc_03eb353c,0.6,0,126533,284.9
tools,meta,eog,calendar,1,1,3,task_20251203_091910_549_bca89e7d_de59e44a,0.666667,0,275797,445.8
tools,meta,eog,calendar,1,1,3,task_20251203_142634_160_bca89e7d_193f597f,1.0,1,97737,237.7
tools,meta,eog,calendar,1,1,3,task_20251203_142725_377_6f5b66fc_c990483e,0.0,0,81859,182.1
tools,meta,eog,calendar,1,1,3,task_20251205_032409_945_0a0bf089_61f5be29,0.0,0,29554,110.5
tools,meta,eog,calendar,1,1,3,task_20260102_175948_337_6f5b66fc_f9bfbf1d,0.666667,0,70223,137.5
tools,meta,eog,calendar,1,1,3,task_20260104_192853_372_6f5b66fc_12ceda34,0.333333,0,76697,155.6
tools,meta,eog,calendar,1,1,3,task_20260104_205924_379_e0ac0c6d_cec96398,0.5,0,88885,108.3
tools,meta,eog,calendar,1,1,3,task_20260105_074654_229_bca89e7d_39d9c8ac,1.0,1,111256,216.8
tools,meta,eog,calendar,1,1,3,task_20260105_124102_961_e0ac0c6d_0b196906,1.0,1,48343,66.8
tools,meta,eog,calendar,1,1,3,task_20260105_140440_086_e0ac0c6d_27ecac16,1.0,1,47275,118.8
tools,meta,eog,calendar,1,1,3,task_20260105_163511_384_79b3b025_1ff6d0c6,1.0,1,72466,138.9
tools,meta,eog,calendar,1,1,3,task_20260105_212045_832_e0ac0c6d_84c7f524,0.833333,0,48243,118.5
tools,meta,eog,calendar,1,1,3,task_20260105_221239_098_e0ac0c6d_f5f338f3,1.0,1,47438,107.7
tools,meta,eog,calendar,1,1,3,task_20260105_222434_398_79b3b025_ccd9b889,0.75,0,131836,195.5
tools,meta,eog,calendar,1,1,3,task_20260106_103319_873_baf0b358_69ce7445,0.8,0,153674,258.4
tools,meta,eog,calendar,1,1,3,task_20260106_114228_782_79b3b025_b556c84d,1.0,1,132627,215.2
tools,meta,eog,calendar,1,1,3,task_20260106_152415_149_6f5b66fc_aad3df17,1.0,1,70975,128.0
tools,meta,eog,calendar,1,1,3,task_20260106_170952_179_e0ac0c6d_791fba5e,1.0,1,46591,86.2
tools,meta,eog,calendar,1,1,3,task_20260107_144751_333_79b3b025_92bfb77e,0.857143,0,140889,252.3
tools,meta,eog,calendar,1,1,3,task_20260107_193032_599_e0ac0c6d_403469c5,1.0,1,47325,97.3
tools,meta,eog,calendar,1,1,3,task_20260108_182727_772_4608325d_60b7f5d9,0.666667,0,89338,126.5
tools,meta,eog,calendar,1,1,3,task_20260121_144251_116_38405923_9438dabd,0.0,0,102428,134.5
tools,meta,eog,calendar,1,1,3,task_20260121_161936_323_cbcf38f8_50ccd164,0.0,0,85512,166.7
tools,meta,eog,calendar,1,1,3,task_20260121_171247_475_cbcf38f8_c0a86487,0.5,0,110000,171.4
tools,meta,eog,calendar,1,1,3,task_20260122_024556_370_38405923_1a174d84,0.833333,0,61724,66.1
tools,meta,eog,calendar,1,2,1,task_20251117_165528_648_bca89e7d_3e81ece9,1.0,1,137400,216.6
tools,meta,eog,calendar,1,2,1,task_20251201_113908_295_e81f6083_e770442c,1.0,1,302853,467.8
tools,meta,eog,calendar,1,2,1,task_20251203_184109_641_6f5b66fc_e62d330e,0.333333,0,94382,311.3
tools,meta,eog,calendar,1,2,1,task_20251203_190727_704_e81f6083_f2fd8fe6,0.5,0,180852,605.4
tools,meta,eog,calendar,1,2,1,task_20251203_194320_796_df2c536d_c885488e,0.75,0,135354,385.1
tools,meta,eog,calendar,1,2,1,task_20260104_143530_440_6f5b66fc_b6b24e96,0.666667,0,136750,395.7
tools,meta,eog,calendar,1,2,1,task_20260106_112632_846_bca89e7d_5d19e8f3,1.0,1,147024,196.4
tools,meta,eog,calendar,1,2,1,task_20260107_093643_038_df2c536d_f90fd06e,0.75,0,88787,140.9
tools,meta,eog,calendar,1,2,1,task_20260108_142310_191_df2c536d_c6edcf9f,0.666667,0,158286,335.2
tools,meta,eog,calendar,1,2,1,task_20260121_214553_691_cbcf38f8_abce7315,0.333333,0,118477,345.6
tools,meta,eog,calendar,1,2,2,task_20251117_165528_648_bca89e7d_3e81ece9,1.0,1,91105,196.8
tools,meta,eog,calendar,1,2,2,task_20251201_113908_295_e81f6083_e770442c,1.0,1,252785,679.8
tools,meta,eog,calendar,1,2,2,task_20251203_184109_641_6f5b66fc_e62d330e,0.333333,0,96644,364.2
tools,meta,eog,calendar,1,2,2,task_20251203_190727_704_e81f6083_f2fd8fe6,0.1,0,129002,613.4
tools,meta,eog,calendar,1,2,2,task_20251203_194320_796_df2c536d_c885488e,0.75,0,153103,562.3
tools,meta,eog,calendar,1,2,2,task_20260104_143530_440_6f5b66fc_b6b24e96,0.666667,0,181906,586.4
tools,meta,eog,calendar,1,2,2,task_20260106_112632_846_bca89e7d_5d19e8f3,1.0,1,127821,242.1
tools,meta,eog,calendar,1,2,2,task_20260107_093643_038_df2c536d_f90fd06e,0.75,0,141811,191.8
tools,meta,eog,calendar,1,2,2,task_20260108_142310_191_df2c536d_c6edcf9f,0.666667,0,115218,393.4
tools,meta,eog,calendar,1,2,2,task_20260121_214553_691_cbcf38f8_abce7315,0.666667,0,98762,411.2
tools,meta,eog,calendar,1,2,3,task_20251117_165528_648_bca89e7d_3e81ece9,1.0,1,113172,285.9
tools,meta,eog,calendar,1,2,3,task_20251201_113908_295_e81f6083_e770442c,0.714286,0,203767,614.0
tools,meta,eog,calendar,1,2,3,task_20251203_184109_641_6f5b66fc_e62d330e,0.333333,0,110612,527.7
tools,meta,eog,calendar,1,2,3,task_20251203_190727_704_e81f6083_f2fd8fe6,0.4,0,184582,895.5
tools,meta,eog,calendar,1,2,3,task_20251203_194320_796_df2c536d_c885488e,0.75,0,149326,685.8
tools,meta,eog,calendar,1,2,3,task_20260104_143530_440_6f5b66fc_b6b24e96,1.0,1,176225,775.7
tools,meta,eog,calendar,1,2,3,task_20260106_112632_846_bca89e7d_5d19e8f3,1.0,1,129848,462.6
tools,meta,eog,calendar,1,2,3,task_20260107_093643_038_df2c536d_f90fd06e,0.75,0,124839,302.7
tools,meta,eog,calendar,1,2,3,task_20260108_142310_191_df2c536d_c6edcf9f,0.666667,0,94329,431.2
tools,meta,eog,calendar,1,2,3,task_20260121_214553_691_cbcf38f8_abce7315,0.666667,0,114680,543.7
tools,meta,eog,calendar,2,1,1,task_20251124_112741_995_0a0bf089_3906a767,0.8,0,170425,191.3
tools,meta,eog,calendar,2,1,1,task_20251128_220140_863_df2c536d_4aa7dcfd,0.333333,0,130712,157.7
tools,meta,eog,calendar,2,1,1,task_20251130_105156_866_0a0bf089_eef6d2ed,0.25,0,221445,175.9
tools,meta,eog,calendar,2,1,1,task_20251203_080219_432_6f5b66fc_03eb353c,0.0,0,75652,181.1
tools,meta,eog,calendar,2,1,1,task_20251203_091910_549_bca89e7d_de59e44a,0.666667,0,156178,252.6
tools,meta,eog,calendar,2,1,1,task_20251203_142634_160_bca89e7d_193f597f,0.4,0,96376,234.3
tools,meta,eog,calendar,2,1,1,task_20251203_142725_377_6f5b66fc_c990483e,0.0,0,91020,173.5
tools,meta,eog,calendar,2,1,1,task_20251205_032409_945_0a0bf089_61f5be29,0.0,0,50760,112.5
tools,meta,eog,calendar,2,1,1,task_20260102_175948_337_6f5b66fc_f9bfbf1d,0.666667,0,94757,161.9
tools,meta,eog,calendar,2,1,1,task_20260104_192853_372_6f5b66fc_12ceda34,0.333333,0,112000,172.2
tools,meta,eog,calendar,2,1,1,task_20260104_205924_379_e0ac0c6d_cec96398,0.5,0,122879,147.2
tools,meta,eog,calendar,2,1,1,task_20260105_074654_229_bca89e7d_39d9c8ac,1.0,1,174257,287.5
tools,meta,eog,calendar,2,1,1,task_20260105_124102_961_e0ac0c6d_0b196906,1.0,1,53302,49.9
tools,meta,eog,calendar,2,1,1,task_20260105_140440_086_e0ac0c6d_27ecac16,1.0,1,53612,59.6
tools,meta,eog,calendar,2,1,1,task_20260105_163511_384_79b3b025_1ff6d0c6,1.0,1,98821,157.4
tools,meta,eog,calendar,2,1,1,task_20260105_212045_832_e0ac0c6d_84c7f524,0.833333,0,52975,59.1
tools,meta,eog,calendar,2,1,1,task_20260105_221239_098_e0ac0c6d_f5f338f3,1.0,1,53842,64.8
tools,meta,eog,calendar,2,1,1,task_20260105_222434_398_79b3b025_ccd9b889,0.75,0,124904,106.0
tools,meta,eog,calendar,2,1,1,task_20260106_103319_873_baf0b358_69ce7445,1.0,1,154836,211.8
tools,meta,eog,calendar,2,1,1,task_20260106_114228_782_79b3b025_b556c84d,1.0,1,148330,176.4
tools,meta,eog,calendar,2,1,1,task_20260106_152415_149_6f5b66fc_aad3df17,0.666667,0,119370,201.4
tools,meta,eog,calendar,2,1,1,task_20260106_170952_179_e0ac0c6d_791fba5e,1.0,1,53012,50.2
tools,meta,eog,calendar,2,1,1,task_20260107_144751_333_79b3b025_92bfb77e,0.857143,0,184468,267.8
tools,meta,eog,calendar,2,1,1,task_20260107_193032_599_e0ac0c6d_403469c5,1.0,1,53089,60.0
tools,meta,eog,calendar,2,1,1,task_20260108_182727_772_4608325d_60b7f5d9,0.666667,0,139930,122.5
tools,meta,eog,calendar,2,1,1,task_20260121_144251_116_38405923_9438dabd,0.0,0,129491,138.1
tools,meta,eog,calendar,2,1,1,task_20260121_161936_323_cbcf38f8_50ccd164,0.0,0,197130,198.3
tools,meta,eog,calendar,2,1,1,task_20260121_171247_475_cbcf38f8_c0a86487,0.5,0,120869,111.1
tools,meta,eog,calendar,2,1,1,task_20260122_024556_370_38405923_1a174d84,0.833333,0,72364,107.3
tools,meta,eog,calendar,2,1,2,task_20251124_112741_995_0a0bf089_3906a767,0.8,0,133753,118.6
tools,meta,eog,calendar,2,1,2,task_20251128_220140_863_df2c536d_4aa7dcfd,0.666667,0,134317,179.2
tools,meta,eog,calendar,2,1,2,task_20251130_105156_866_0a0bf089_eef6d2ed,0.25,0,130684,82.3
tools,meta,eog,calendar,2,1,2,task_20251203_080219_432_6f5b66fc_03eb353c,0.8,0,177333,266.3
tools,meta,eog,calendar,2,1,2,task_20251203_091910_549_bca89e7d_de59e44a,0.666667,0,132925,218.0
tools,meta,eog,calendar,2,1,2,task_20251203_142634_160_bca89e7d_193f597f,1.0,1,84309,188.9
tools,meta,eog,calendar,2,1,2,task_20251203_142725_377_6f5b66fc_c990483e,0.666667,0,97192,179.6
tools,meta,eog,calendar,2,1,2,task_20251205_032409_945_0a0bf089_61f5be29,0.0,0,32889,44.8
tools,meta,eog,calendar,2,1,2,task_20260102_175948_337_6f5b66fc_f9bfbf1d,0.666667,0,77362,145.9
tools,meta,eog,calendar,2,1,2,task_20260104_192853_372_6f5b66fc_12ceda34,0.333333,0,72351,107.8
tools,meta,eog,calendar,2,1,2,task_20260104_205924_379_e0ac0c6d_cec96398,0.5,0,76569,108.1
tools,meta,eog,calendar,2,1,2,task_20260105_074654_229_bca89e7d_39d9c8ac,0.833333,0,151460,231.4
tools,meta,eog,calendar,2,1,2,task_20260105_124102_961_e0ac0c6d_0b196906,1.0,1,53532,58.7
tools,meta,eog,calendar,2,1,2,task_20260105_140440_086_e0ac0c6d_27ecac16,1.0,1,54204,67.5
tools,meta,eog,calendar,2,1,2,task_20260105_163511_384_79b3b025_1ff6d0c6,1.0,1,122438,151.4
tools,meta,eog,calendar,2,1,2,task_20260105_212045_832_e0ac0c6d_84c7f524,0.833333,0,54675,70.6
tools,meta,eog,calendar,2,1,2,task_20260105_221239_098_e0ac0c6d_f5f338f3,1.0,1,53173,55.5
tools,meta,eog,calendar,2,1,2,task_20260105_222434_398_79b3b025_ccd9b889,0.75,0,124389,110.7
tools,meta,eog,calendar,2,1,2,task_20260106_103319_873_baf0b358_69ce7445,1.0,1,166760,147.7
tools,meta,eog,calendar,2,1,2,task_20260106_114228_782_79b3b025_b556c84d,1.0,1,196933,199.4
tools,meta,eog,calendar,2,1,2,task_20260106_152415_149_6f5b66fc_aad3df17,1.0,1,101312,177.4
tools,meta,eog,calendar,2,1,2,task_20260106_170952_179_e0ac0c6d_791fba5e,1.0,1,54509,65.2
tools,meta,eog,calendar,2,1,2,task_20260107_144751_333_79b3b025_92bfb77e,0.857143,0,135285,212.1
tools,meta,eog,calendar,2,1,2,task_20260107_193032_599_e0ac0c6d_403469c5,1.0,1,54223,58.5
tools,meta,eog,calendar,2,1,2,task_20260108_182727_772_4608325d_60b7f5d9,0.666667,0,97177,115.0
tools,meta,eog,calendar,2,1,2,task_20260121_144251_116_38405923_9438dabd,0.0,0,86536,98.1
tools,meta,eog,calendar,2,1,2,task_20260121_161936_323_cbcf38f8_50ccd164,0.0,0,121037,110.0
tools,meta,eog,calendar,2,1,2,task_20260121_171247_475_cbcf38f8_c0a86487,0.5,0,141782,77.2
tools,meta,eog,calendar,2,1,2,task_20260122_024556_370_38405923_1a174d84,0.833333,0,69347,74.5
tools,meta,eog,calendar,2,1,3,task_20251124_112741_995_0a0bf089_3906a767,0.8,0,131485,106.1
tools,meta,eog,calendar,2,1,3,task_20251128_220140_863_df2c536d_4aa7dcfd,0.333333,0,94799,139.3
tools,meta,eog,calendar,2,1,3,task_20251130_105156_866_0a0bf089_eef6d2ed,0.25,0,130384,105.5
tools,meta,eog,calendar,2,1,3,task_20251203_080219_432_6f5b66fc_03eb353c,0.8,0,154067,311.3
tools,meta,eog,calendar,2,1,3,task_20251203_091910_549_bca89e7d_de59e44a,0.666667,0,166195,306.2
tools,meta,eog,calendar,2,1,3,task_20251203_142634_160_bca89e7d_193f597f,1.0,1,83890,195.9
tools,meta,eog,calendar,2,1,3,task_20251203_142725_377_6f5b66fc_c990483e,0.333333,0,100454,233.8
tools,meta,eog,calendar,2,1,3,task_20251205_032409_945_0a0bf089_61f5be29,0.0,0,32487,47.0
tools,meta,eog,calendar,2,1,3,task_20260102_175948_337_6f5b66fc_f9bfbf1d,0.666667,0,76363,122.7
tools,meta,eog,calendar,2,1,3,task_20260104_192853_372_6f5b66fc_12ceda34,0.333333,0,51129,80.2
tools,meta,eog,calendar,2,1,3,task_20260104_205924_379_e0ac0c6d_cec96398,0.666667,0,147024,148.0
tools,meta,eog,calendar,2,1,3,task_20260105_074654_229_bca89e7d_39d9c8ac,1.0,1,152352,239.6
tools,meta,eog,calendar,2,1,3,task_20260105_124102_961_e0ac0c6d_0b196906,1.0,1,53441,60.9
tools,meta,eog,calendar,2,1,3,task_20260105_140440_086_e0ac0c6d_27ecac16,1.0,1,54312,72.0
tools,meta,eog,calendar,2,1,3,task_20260105_163511_384_79b3b025_1ff6d0c6,1.0,1,99568,112.9
tools,meta,eog,calendar,2,1,3,task_20260105_212045_832_e0ac0c6d_84c7f524,0.833333,0,53755,61.9
tools,meta,eog,calendar,2,1,3,task_20260105_221239_098_e0ac0c6d_f5f338f3,1.0,1,71231,77.7
tools,meta,eog,calendar,2,1,3,task_20260105_222434_398_79b3b025_ccd9b889,0.75,0,144948,151.7
tools,meta,eog,calendar,2,1,3,task_20260106_103319_873_baf0b358_69ce7445,1.0,1,133073,168.2
tools,meta,eog,calendar,2,1,3,task_20260106_114228_782_79b3b025_b556c84d,1.0,1,366862,324.1
tools,meta,eog,calendar,2,1,3,task_20260106_152415_149_6f5b66fc_aad3df17,1.0,1,146649,211.2
tools,meta,eog,calendar,2,1,3,task_20260106_170952_179_e0ac0c6d_791fba5e,1.0,1,52197,40.4
tools,meta,eog,calendar,2,1,3,task_20260107_144751_333_79b3b025_92bfb77e,0.857143,0,252298,346.6
tools,meta,eog,calendar,2,1,3,task_20260107_193032_599_e0ac0c6d_403469c5,1.0,1,53294,57.4
tools,meta,eog,calendar,2,1,3,task_20260108_182727_772_4608325d_60b7f5d9,0.666667,0,99692,148.6
tools,meta,eog,calendar,2,1,3,task_20260121_144251_116_38405923_9438dabd,0.0,0,121944,134.6
tools,meta,eog,calendar,2,1,3,task_20260121_161936_323_cbcf38f8_50ccd164,0.0,0,123723,138.0
tools,meta,eog,calendar,2,1,3,task_20260121_171247_475_cbcf38f8_c0a86487,0.5,0,100790,131.4
tools,meta,eog,calendar,2,1,3,task_20260122_024556_370_38405923_1a174d84,0.833333,0,92191,118.0
tools,meta,eog,calendar,2,2,1,task_20251117_165528_648_bca89e7d_3e81ece9,1.0,1,199161,204.0
tools,meta,eog,calendar,2,2,1,task_20251201_113908_295_e81f6083_e770442c,1.0,1,279003,323.1
tools,meta,eog,calendar,2,2,1,task_20251203_184109_641_6f5b66fc_e62d330e,0.333333,0,130698,214.0
tools,meta,eog,calendar,2,2,1,task_20251203_190727_704_e81f6083_f2fd8fe6,0.5,0,131904,270.8
tools,meta,eog,calendar,2,2,1,task_20251203_194320_796_df2c536d_c885488e,0.75,0,115751,185.7
tools,meta,eog,calendar,2,2,1,task_20260104_143530_440_6f5b66fc_b6b24e96,0.666667,0,143190,232.0
tools,meta,eog,calendar,2,2,1,task_20260106_112632_846_bca89e7d_5d19e8f3,1.0,1,127936,154.3
tools,meta,eog,calendar,2,2,1,task_20260107_093643_038_df2c536d_f90fd06e,1.0,1,70309,97.4
tools,meta,eog,calendar,2,2,1,task_20260108_142310_191_df2c536d_c6edcf9f,0.666667,0,97063,198.9
tools,meta,eog,calendar,2,2,1,task_20260121_214553_691_cbcf38f8_abce7315,0.666667,0,95108,172.0
tools,meta,eog,calendar,2,2,2,task_20251117_165528_648_bca89e7d_3e81ece9,0.666667,0,90459,149.2
tools,meta,eog,calendar,2,2,2,task_20251201_113908_295_e81f6083_e770442c,0.714286,0,120313,157.4
tools,meta,eog,calendar,2,2,2,task_20251203_184109_641_6f5b66fc_e62d330e,0.333333,0,117428,249.2
tools,meta,eog,calendar,2,2,2,task_20251203_190727_704_e81f6083_f2fd8fe6,0.4,0,125752,354.3
tools,meta,eog,calendar,2,2,2,task_20251203_194320_796_df2c536d_c885488e,0.75,0,197018,364.4
tools,meta,eog,calendar,2,2,2,task_20260104_143530_440_6f5b66fc_b6b24e96,0.666667,0,181793,369.3
tools,meta,eog,calendar,2,2,2,task_20260106_112632_846_bca89e7d_5d19e8f3,1.0,1,166040,203.3
tools,meta,eog,calendar,2,2,2,task_20260107_093643_038_df2c536d_f90fd06e,0.75,0,121425,98.6
tools,meta,eog,calendar,2,2,2,task_20260108_142310_191_df2c536d_c6edcf9f,0.666667,0,116290,209.2
tools,meta,eog,calendar,2,2,2,task_20260121_214553_691_cbcf38f8_abce7315,0.666667,0,96479,207.9
tools,meta,eog,calendar,2,2,3,task_20251117_165528_648_bca89e7d_3e81ece9,1.0,1,156197,168.9
tools,meta,eog,calendar,2,2,3,task_20251201_113908_295_e81f6083_e770442c,1.0,1,255311,285.1
tools,meta,eog,calendar,2,2,3,task_20251203_184109_641_6f5b66fc_e62d330e,0.333333,0,113231,209.2
tools,meta,eog,calendar,2,2,3,task_20251203_190727_704_e81f6083_f2fd8fe6,0.4,0,149006,381.5
tools,meta,eog,calendar,2,2,3,task_20251203_194320_796_df2c536d_c885488e,0.75,0,158683,227.5
tools,meta,eog,calendar,2,2,3,task_20260104_143530_440_6f5b66fc_b6b24e96,1.0,1,115152,209.7
tools,meta,eog,calendar,2,2,3,task_20260106_112632_846_bca89e7d_5d19e8f3,1.0,1,111024,150.7
tools,meta,eog,calendar,2,2,3,task_20260107_093643_038_df2c536d_f90fd06e,0.75,0,70821,107.1
tools,meta,eog,calendar,2,2,3,task_20260108_142310_191_df2c536d_c6edcf9f,0.666667,0,117633,210.5
tools,meta,eog,calendar,2,2,3,task_20260121_214553_691_cbcf38f8_abce7315,0.666667,0,96687,194.8
tools,meta,eog,calendar,2,3,1,task_20251202_121726_036_e81f6083_cc1636ad,1.0,1,119412,411.5
tools,meta,eog,calendar,2,3,1,task_20251203_133512_548_e81f6083_738dfe0c,1.0,1,92046,290.7
tools,meta,eog,calendar,2,3,1,task_20260106_143218_938_79b3b025_ce953a94,0.428571,0,201219,435.6
tools,meta,eog,calendar,2,3,1,task_20260106_153404_124_79b3b025_914e7207,1.0,1,148113,372.6
tools,meta,eog,calendar,2,3,2,task_20251202_121726_036_e81f6083_cc1636ad,1.0,1,119239,363.7
tools,meta,eog,calendar,2,3,2,task_20251203_133512_548_e81f6083_738dfe0c,1.0,1,215314,503.3
tools,meta,eog,calendar,2,3,2,task_20260106_143218_938_79b3b025_ce953a94,0.428571,0,138812,394.3
tools,meta,eog,calendar,2,3,2,task_20260106_153404_124_79b3b025_914e7207,0.857143,0,119487,357.4
tools,meta,eog,calendar,2,3,3,task_20251202_121726_036_e81f6083_cc1636ad,1.0,1,238808,445.4
tools,meta,eog,calendar,2,3,3,task_20251203_133512_548_e81f6083_738dfe0c,1.0,1,112692,270.9
tools,meta,eog,calendar,2,3,3,task_20260106_143218_938_79b3b025_ce953a94,0.428571,0,137486,295.7
tools,meta,eog,calendar,2,3,3,task_20260106_153404_124_79b3b025_914e7207,0.857143,0,165727,384.1
tools,meta,eog,calendar,3,1,1,task_20251124_112741_995_0a0bf089_3906a767,0.8,0,145751,112.0
tools,meta,eog,calendar,3,1,1,task_20251128_220140_863_df2c536d_4aa7dcfd,0.333333,0,99919,152.3
tools,meta,eog,calendar,3,1,1,task_20251130_105156_866_0a0bf089_eef6d2ed,0.25,0,136480,111.4
tools,meta,eog,calendar,3,1,1,task_20251203_080219_432_6f5b66fc_03eb353c,0.8,0,137800,284.5
tools,meta,eog,calendar,3,1,1,task_20251203_091910_549_bca89e7d_de59e44a,0.666667,0,141280,249.0
tools,meta,eog,calendar,3,1,1,task_20251203_142634_160_bca89e7d_193f597f,0.6,0,216480,421.6
tools,meta,eog,calendar,3,1,1,task_20251203_142725_377_6f5b66fc_c990483e,0.333333,0,129276,235.0
tools,meta,eog,calendar,3,1,1,task_20251205_032409_945_0a0bf089_61f5be29,0.0,0,53095,73.4
tools,meta,eog,calendar,3,1,1,task_20260102_175948_337_6f5b66fc_f9bfbf1d,1.0,1,82499,105.8
tools,meta,eog,calendar,3,1,1,task_20260104_192853_372_6f5b66fc_12ceda34,0.333333,0,81133,121.0
tools,meta,eog,calendar,3,1,1,task_20260104_205924_379_e0ac0c6d_cec96398,0.666667,0,133133,132.3
tools,meta,eog,calendar,3,1,1,task_20260105_074654_229_bca89e7d_39d9c8ac,1.0,1,118318,253.3
tools,meta,eog,calendar,3,1,1,task_20260105_124102_961_e0ac0c6d_0b196906,1.0,1,58395,105.2
tools,meta,eog,calendar,3,1,1,task_20260105_140440_086_e0ac0c6d_27ecac16,1.0,1,57806,60.5
tools,meta,eog,calendar,3,1,1,task_20260105_163511_384_79b3b025_1ff6d0c6,1.0,1,108524,94.1
tools,meta,eog,calendar,3,1,1,task_20260105_212045_832_e0ac0c6d_84c7f524,0.833333,0,57861,55.9
tools,meta,eog,calendar,3,1,1,task_20260105_221239_098_e0ac0c6d_f5f338f3,1.0,1,57859,62.2
tools,meta,eog,calendar,3,1,1,task_20260105_222434_398_79b3b025_ccd9b889,0.75,0,132755,130.8
tools,meta,eog,calendar,3,1,1,task_20260106_103319_873_baf0b358_69ce7445,1.0,1,196593,170.2
tools,meta,eog,calendar,3,1,1,task_20260106_114228_782_79b3b025_b556c84d,1.0,1,184749,159.1
tools,meta,eog,calendar,3,1,1,task_20260106_152415_149_6f5b66fc_aad3df17,1.0,1,104482,167.6
tools,meta,eog,calendar,3,1,1,task_20260106_170952_179_e0ac0c6d_791fba5e,1.0,1,57515,65.3
tools,meta,eog,calendar,3,1,1,task_20260107_144751_333_79b3b025_92bfb77e,0.857143,0,171329,326.4
tools,meta,eog,calendar,3,1,1,task_20260107_193032_599_e0ac0c6d_403469c5,1.0,1,58329,81.5
tools,meta,eog,calendar,3,1,1,task_20260108_182727_772_4608325d_60b7f5d9,0.666667,0,104109,132.2
tools,meta,eog,calendar,3,1,1,task_20260121_144251_116_38405923_9438dabd,0.0,0,133911,160.4
tools,meta,eog,calendar,3,1,1,task_20260121_161936_323_cbcf38f8_50ccd164,0.0,0,82497,116.0
tools,meta,eog,calendar,3,1,1,task_20260121_171247_475_cbcf38f8_c0a86487,0.5,0,128271,112.6
tools,meta,eog,calendar,3,1,1,task_20260122_024556_370_38405923_1a174d84,0.833333,0,94160,98.3
tools,meta,eog,calendar,3,1,2,task_20251124_112741_995_0a0bf089_3906a767,0.8,0,191018,148.1
tools,meta,eog,calendar,3,1,2,task_20251128_220140_863_df2c536d_4aa7dcfd,0.666667,0,140601,151.8
tools,meta,eog,calendar,3,1,2,task_20251130_105156_866_0a0bf089_eef6d2ed,0.25,0,181951,135.7
tools,meta,eog,calendar,3,1,2,task_20251203_080219_432_6f5b66fc_03eb353c,0.8,0,163264,297.8
tools,meta,eog,calendar,3,1,2,task_20251203_091910_549_bca89e7d_de59e44a,0.666667,0,178082,317.6
tools,meta,eog,calendar,3,1,2,task_20251203_142634_160_bca89e7d_193f597f,1.0,1,182767,378.3
tools,meta,eog,calendar,3,1,2,task_20251203_142725_377_6f5b66fc_c990483e,0.333333,0,84109,169.3
tools,meta,eog,calendar,3,1,2,task_20251205_032409_945_0a0bf089_61f5be29,0.0,0,34928,42.1
tools,meta,eog,calendar,3,1,2,task_20260102_175948_337_6f5b66fc_f9bfbf1d,1.0,1,105157,150.3
tools,meta,eog,calendar,3,1,2,task_20260104_192853_372_6f5b66fc_12ceda34,0.333333,0,58277,104.4
tools,meta,eog,calendar,3,1,2,task_20260104_205924_379_e0ac0c6d_cec96398,0.5,0,129738,125.2
tools,meta,eog,calendar,3,1,2,task_20260105_074654_229_bca89e7d_39d9c8ac,1.0,1,258916,292.2
tools,meta,eog,calendar,3,1,2,task_20260105_124102_961_e0ac0c6d_0b196906,1.0,1,57753,66.7
tools,meta,eog,calendar,3,1,2,task_20260105_140440_086_e0ac0c6d_27ecac16,1.0,1,58514,65.9
tools,meta,eog,calendar,3,1,2,task_20260105_163511_384_79b3b025_1ff6d0c6,1.0,1,108268,153.5
tools,meta,eog,calendar,3,1,2,task_20260105_212045_832_e0ac0c6d_84c7f524,0.833333,0,58027,81.2
tools,meta,eog,calendar,3,1,2,task_20260105_221239_098_e0ac0c6d_f5f338f3,1.0,1,56933,46.8
tools,meta,eog,calendar,3,1,2,task_20260105_222434_398_79b3b025_ccd9b889,0.75,0,130519,134.8
tools,meta,eog,calendar,3,1,2,task_20260106_103319_873_baf0b358_69ce7445,1.0,1,200875,174.6
tools,meta,eog,calendar,3,1,2,task_20260106_114228_782_79b3b025_b556c84d,1.0,1,186866,221.9
tools,meta,eog,calendar,3,1,2,task_20260106_152415_149_6f5b66fc_aad3df17,1.0,1,105989,202.2
tools,meta,eog,calendar,3,1,2,task_20260106_170952_179_e0ac0c6d_791fba5e,1.0,1,56954,47.8
tools,meta,eog,calendar,3,1,2,task_20260107_144751_333_79b3b025_92bfb77e,0.857143,0,144811,247.6
tools,meta,eog,calendar,3,1,2,task_20260107_193032_599_e0ac0c6d_403469c5,1.0,1,80875,108.8
tools,meta,eog,calendar,3,1,2,task_20260108_182727_772_4608325d_60b7f5d9,0.666667,0,150356,154.2
tools,meta,eog,calendar,3,1,2,task_20260121_144251_116_38405923_9438dabd,0.0,0,113809,112.3
tools,meta,eog,calendar,3,1,2,task_20260121_161936_323_cbcf38f8_50ccd164,0.0,0,82016,120.4
tools,meta,eog,calendar,3,1,2,task_20260121_171247_475_cbcf38f8_c0a86487,0.5,0,149190,158.4
tools,meta,eog,calendar,3,1,2,task_20260122_024556_370_38405923_1a174d84,0.833333,0,76767,94.8
tools,meta,eog,calendar,3,1,3,task_20251124_112741_995_0a0bf089_3906a767,0.8,0,143095,98.8
tools,meta,eog,calendar,3,1,3,task_20251128_220140_863_df2c536d_4aa7dcfd,0.666667,0,122293,138.5
tools,meta,eog,calendar,3,1,3,task_20251130_105156_866_0a0bf089_eef6d2ed,0.25,0,211917,131.1
tools,meta,eog,calendar,3,1,3,task_20251203_080219_432_6f5b66fc_03eb353c,0.8,0,139505,225.6
tools,meta,eog,calendar,3,1,3,task_20251203_091910_549_bca89e7d_de59e44a,0.666667,0,141314,300.6
tools,meta,eog,calendar,3,1,3,task_20251203_142634_160_bca89e7d_193f597f,1.0,1,88379,170.1
tools,meta,eog,calendar,3,1,3,task_20251203_142725_377_6f5b66fc_c990483e,0.333333,0,85006,172.0
tools,meta,eog,calendar,3,1,3,task_20251205_032409_945_0a0bf089_61f5be29,0.0,0,36841,66.0
tools,meta,eog,calendar,3,1,3,task_20260102_175948_337_6f5b66fc_f9bfbf1d,1.0,1,82385,110.7
tools,meta,eog,calendar,3,1,3,task_20260104_192853_372_6f5b66fc_12ceda34,0.333333,0,79585,149.9
tools,meta,eog,calendar,3,1,3,task_20260104_205924_379_e0ac0c6d_cec96398,0.5,0,105262,100.2
tools,meta,eog,calendar,3,1,3,task_20260105_074654_229_bca89e7d_39d9c8ac,0.833333,0,193089,211.2
tools,meta,eog,calendar,3,1,3,task_20260105_124102_961_e0ac0c6d_0b196906,1.0,1,57103,54.7
tools,meta,eog,calendar,3,1,3,task_20260105_140440_086_e0ac0c6d_27ecac16,1.0,1,57802,57.9
tools,meta,eog,calendar,3,1,3,task_20260105_163511_384_79b3b025_1ff6d0c6,1.0,1,104697,105.7
tools,meta,eog,calendar,3,1,3,task_20260105_212045_832_e0ac0c6d_84c7f524,0.833333,0,57742,57.2
tools,meta,eog,calendar,3,1,3,task_20260105_221239_098_e0ac0c6d_f5f338f3,1.0,1,56806,54.2
tools,meta,eog,calendar,3,1,3,task_20260105_222434_398_79b3b025_ccd9b889,0.75,0,133147,131.6
tools,meta,eog,calendar,3,1,3,task_20260106_103319_873_baf0b358_69ce7445,1.0,1,146314,118.9
tools,meta,eog,calendar,3,1,3,task_20260106_114228_782_79b3b025_b556c84d,1.0,1,155303,182.7
tools,meta,eog,calendar,3,1,3,task_20260106_152415_149_6f5b66fc_aad3df17,1.0,1,157954,203.9
tools,meta,eog,calendar,3,1,3,task_20260106_170952_179_e0ac0c6d_791fba5e,1.0,1,80308,67.7
tools,meta,eog,calendar,3,1,3,task_20260107_144751_333_79b3b025_92bfb77e,0.857143,0,194295,263.4
tools,meta,eog,calendar,3,1,3,task_20260107_193032_599_e0ac0c6d_403469c5,1.0,1,57748,55.0
tools,meta,eog,calendar,3,1,3,task_20260108_182727_772_4608325d_60b7f5d9,0.666667,0,107142,153.4
tools,meta,eog,calendar,3,1,3,task_20260121_144251_116_38405923_9438dabd,0.0,0,150396,101.6
tools,meta,eog,calendar,3,1,3,task_20260121_161936_323_cbcf38f8_50ccd164,0.0,0,107734,132.5
tools,meta,eog,calendar,3,1,3,task_20260121_171247_475_cbcf38f8_c0a86487,0.5,0,129602,110.9
tools,meta,eog,calendar,3,1,3,task_20260122_024556_370_38405923_1a174d84,0.833333,0,97709,108.5
tools,meta,eog,calendar,3,2,1,task_20251117_165528_648_bca89e7d_3e81ece9,1.0,1,139907,214.1
tools,meta,eog,calendar,3,2,1,task_20251201_113908_295_e81f6083_e770442c,0.714286,0,195083,356.1
tools,meta,eog,calendar,3,2,1,task_20251203_184109_641_6f5b66fc_e62d330e,0.333333,0,124348,247.8
tools,meta,eog,calendar,3,2,1,task_20251203_190727_704_e81f6083_f2fd8fe6,0.4,0,139287,297.3
tools,meta,eog,calendar,3,2,1,task_20251203_194320_796_df2c536d_c885488e,0.75,0,149355,248.1
tools,meta,eog,calendar,3,2,1,task_20260104_143530_440_6f5b66fc_b6b24e96,0.333333,0,103999,279.9
tools,meta,eog,calendar,3,2,1,task_20260106_112632_846_bca89e7d_5d19e8f3,1.0,1,120826,189.0
tools,meta,eog,calendar,3,2,1,task_20260107_093643_038_df2c536d_f90fd06e,1.0,1,114574,128.8
tools,meta,eog,calendar,3,2,1,task_20260108_142310_191_df2c536d_c6edcf9f,0.666667,0,105172,212.3
tools,meta,eog,calendar,3,2,1,task_20260121_214553_691_cbcf38f8_abce7315,0.333333,0,125020,212.2
tools,meta,eog,calendar,3,2,2,task_20251117_165528_648_bca89e7d_3e81ece9,1.0,1,145289,204.6
tools,meta,eog,calendar,3,2,2,task_20251201_113908_295_e81f6083_e770442c,0.714286,0,260337,346.1
tools,meta,eog,calendar,3,2,2,task_20251203_184109_641_6f5b66fc_e62d330e,0.333333,0,146957,231.7
tools,meta,eog,calendar,3,2,2,task_20251203_190727_704_e81f6083_f2fd8fe6,0.0,0,264162,510.2
tools,meta,eog,calendar,3,2,2,task_20251203_194320_796_df2c536d_c885488e,0.75,0,123484,217.6
tools,meta,eog,calendar,3,2,2,task_20260104_143530_440_6f5b66fc_b6b24e96,1.0,1,128441,291.9
tools,meta,eog,calendar,3,2,2,task_20260106_112632_846_bca89e7d_5d19e8f3,1.0,1,178320,181.7
tools,meta,eog,calendar,3,2,2,task_20260107_093643_038_df2c536d_f90fd06e,0.75,0,94644,99.0
tools,meta,eog,calendar,3,2,2,task_20260108_142310_191_df2c536d_c6edcf9f,0.333333,0,126265,263.3
tools,meta,eog,calendar,3,2,2,task_20260121_214553_691_cbcf38f8_abce7315,0.666667,0,101979,191.6
tools,meta,eog,calendar,3,2,3,task_20251117_165528_648_bca89e7d_3e81ece9,1.0,1,122582,171.4
tools,meta,eog,calendar,3,2,3,task_20251201_113908_295_e81f6083_e770442c,1.0,1,181487,297.2
tools,meta,eog,calendar,3,2,3,task_20251203_184109_641_6f5b66fc_e62d330e,0.333333,0,98604,191.4
tools,meta,eog,calendar,3,2,3,task_20251203_190727_704_e81f6083_f2fd8fe6,0.4,0,175653,369.2
tools,meta,eog,calendar,3,2,3,task_20251203_194320_796_df2c536d_c885488e,0.75,0,167363,257.0
tools,meta,eog,calendar,3,2,3,task_20260104_143530_440_6f5b66fc_b6b24e96,0.666667,0,171585,391.2
tools,meta,eog,calendar,3,2,3,task_20260106_112632_846_bca89e7d_5d19e8f3,1.0,1,118892,107.7
tools,meta,eog,calendar,3,2,3,task_20260107_093643_038_df2c536d_f90fd06e,0.75,0,76338,109.1
tools,meta,eog,calendar,3,2,3,task_20260108_142310_191_df2c536d_c6edcf9f,0.666667,0,103321,205.7
tools,meta,eog,calendar,3,2,3,task_20260121_214553_691_cbcf38f8_abce7315,0.333333,0,168774,306.3
tools,meta,eog,calendar,3,3,1,task_20251202_121726_036_e81f6083_cc1636ad,1.0,1,162710,239.6
tools,meta,eog,calendar,3,3,1,task_20251203_133512_548_e81f6083_738dfe0c,1.0,1,175245,267.7
tools,meta,eog,calendar,3,3,1,task_20260106_143218_938_79b3b025_ce953a94,0.428571,0,181601,218.5
tools,meta,eog,calendar,3,3,1,task_20260106_153404_124_79b3b025_914e7207,0.857143,0,119267,196.7
tools,meta,eog,calendar,3,3,2,task_20251202_121726_036_e81f6083_cc1636ad,0.916667,0,181556,273.1
tools,meta,eog,calendar,3,3,2,task_20251203_133512_548_e81f6083_738dfe0c,1.0,1,148597,194.2
tools,meta,eog,calendar,3,3,2,task_20260106_143218_938_79b3b025_ce953a94,0.571429,0,160915,209.3
tools,meta,eog,calendar,3,3,2,task_20260106_153404_124_79b3b025_914e7207,1.0,1,121281,232.0
tools,meta,eog,calendar,3,3,3,task_20251202_121726_036_e81f6083_cc1636ad,1.0,1,188031,371.4
tools,meta,eog,calendar,3,3,3,task_20251203_133512_548_e81f6083_738dfe0c,1.0,1,141861,230.3
tools,meta,eog,calendar,3,3,3,task_20260106_143218_938_79b3b025_ce953a94,0.428571,0,154469,283.5
tools,meta,eog,calendar,3,3,3,task_20260106_153404_124_79b3b025_914e7207,0.0,0,20509,50.5
tools,meta,eog,csm,1,1,1,task_20251127_070938_325_b393a327_a40b1f4e,0.0,0,47690,95.7
tools,meta,eog,csm,1,1,1,task_20251204_231522_245_e6427839_5d09c3c2,1.0,1,83186,140.1
tools,meta,eog,csm,1,1,1,task_20251205_194841_224_391f1eff_136bedae,0.0,0,8822,18.5
tools,meta,eog,csm,1,1,1,task_20251208_035402_755_ad5a67e3_8ca9a646,0.0,0,99764,171.8
tools,meta,eog,csm,1,1,1,task_20251210_145940_356_accab84d_c16e9916,0.8,0,206455,278.8
tools,meta,eog,csm,1,1,1,task_20251210_161511_924_2aa6b0ad_1446c2b4,1.0,1,90384,111.4
tools,meta,eog,csm,1,1,1,task_20251211_192109_853_99ba2325_b21298a0,0.4,0,84336,135.8
tools,meta,eog,csm,1,1,1,task_20260102_155148_014_accab84d_910b176a,0.5,0,65798,87.3
tools,meta,eog,csm,1,1,1,task_20260102_162857_012_391f1eff_39478d55,0.5,0,97191,178.5
tools,meta,eog,csm,1,1,1,task_20260106_134616_649_e6427839_7dba5a00,0.5,0,86983,172.4
tools,meta,eog,csm,1,1,1,task_20260106_155841_121_e6427839_fa425cbe,0.5,0,70588,145.3
tools,meta,eog,csm,1,1,1,task_20260106_185201_238_00364ece_8ab4fd80,0.333333,0,126293,221.8
tools,meta,eog,csm,1,1,1,task_20260107_162554_472_accab84d_41d2e871,0.0,0,130517,213.9
tools,meta,eog,csm,1,1,2,task_20251127_070938_325_b393a327_a40b1f4e,0.0,0,58556,154.4
tools,meta,eog,csm,1,1,2,task_20251204_231522_245_e6427839_5d09c3c2,1.0,1,72179,103.5
tools,meta,eog,csm,1,1,2,task_20251205_194841_224_391f1eff_136bedae,0.0,0,9521,49.4
tools,meta,eog,csm,1,1,2,task_20251208_035402_755_ad5a67e3_8ca9a646,0.0,0,101151,217.3
tools,meta,eog,csm,1,1,2,task_20251210_145940_356_accab84d_c16e9916,0.2,0,143703,420.7
tools,meta,eog,csm,1,1,2,task_20251210_161511_924_2aa6b0ad_1446c2b4,1.0,1,88737,127.5
tools,meta,eog,csm,1,1,2,task_20251211_192109_853_99ba2325_b21298a0,0.6,0,76999,129.8
tools,meta,eog,csm,1,1,2,task_20260102_155148_014_accab84d_910b176a,0.5,0,48640,91.7
tools,meta,eog,csm,1,1,2,task_20260102_162857_012_391f1eff_39478d55,1.0,1,95838,228.3
tools,meta,eog,csm,1,1,2,task_20260106_134616_649_e6427839_7dba5a00,0.5,0,107226,168.7
tools,meta,eog,csm,1,1,2,task_20260106_155841_121_e6427839_fa425cbe,1.0,1,99571,182.5
tools,meta,eog,csm,1,1,2,task_20260106_185201_238_00364ece_8ab4fd80,0.333333,0,173694,329.5
tools,meta,eog,csm,1,1,2,task_20260107_162554_472_accab84d_41d2e871,0.0,0,69076,174.7
tools,meta,eog,csm,1,1,3,task_20251127_070938_325_b393a327_a40b1f4e,0.0,0,91040,190.0
tools,meta,eog,csm,1,1,3,task_20251204_231522_245_e6427839_5d09c3c2,1.0,1,71690,80.8
tools,meta,eog,csm,1,1,3,task_20251205_194841_224_391f1eff_136bedae,0.0,0,17807,60.1
tools,meta,eog,csm,1,1,3,task_20251208_035402_755_ad5a67e3_8ca9a646,0.0,0,105398,177.2
tools,meta,eog,csm,1,1,3,task_20251210_145940_356_accab84d_c16e9916,0.4,0,129727,312.4
tools,meta,eog,csm,1,1,3,task_20251210_161511_924_2aa6b0ad_1446c2b4,1.0,1,88348,85.2
tools,meta,eog,csm,1,1,3,task_20251211_192109_853_99ba2325_b21298a0,0.8,0,120690,217.2
tools,meta,eog,csm,1,1,3,task_20260102_155148_014_accab84d_910b176a,0.5,0,38054,66.9
tools,meta,eog,csm,1,1,3,task_20260102_162857_012_391f1eff_39478d55,0.5,0,98418,204.1
tools,meta,eog,csm,1,1,3,task_20260106_134616_649_e6427839_7dba5a00,1.0,1,61690,166.6
tools,meta,eog,csm,1,1,3,task_20260106_155841_121_e6427839_fa425cbe,0.5,0,99885,184.5
tools,meta,eog,csm,1,1,3,task_20260106_185201_238_00364ece_8ab4fd80,0.333333,0,99943,235.3
tools,meta,eog,csm,1,1,3,task_20260107_162554_472_accab84d_41d2e871,0.0,0,64681,177.9
tools,meta,eog,csm,1,2,1,task_20251128_072831_616_6cd2e092_426f7c81,0.75,0,701812,502.6
tools,meta,eog,csm,1,2,1,task_20251203_194626_202_391f1eff_1336fae8,0.0,0,64590,104.3
tools,meta,eog,csm,1,2,1,task_20251206_091748_833_a8eea1c0_7775ff15,1.0,1,131418,224.3
tools,meta,eog,csm,1,2,1,task_20251206_113950_467_6cd2e092_1a268d87,0.5,0,101814,287.9
tools,meta,eog,csm,1,2,1,task_20251206_114027_879_5c0cd3a2_904991cc,0.5,0,41475,57.9
tools,meta,eog,csm,1,2,1,task_20251206_130444_802_6cd2e092_8979087f,0.75,0,468564,789.8
tools,meta,eog,csm,1,2,1,task_20251212_222304_435_66392a82_815cd745,1.0,1,179612,271.0
tools,meta,eog,csm,1,2,1,task_20251231_152332_133_ad5a67e3_2a4e226c,0.5,0,81865,138.7
tools,meta,eog,csm,1,2,1,task_20251231_164213_376_00364ece_724e98d5,1.0,1,89869,200.5
tools,meta,eog,csm,1,2,1,task_20260101_111750_695_30600918_80637585,0.25,0,96026,237.8
tools,meta,eog,csm,1,2,1,task_20260105_191634_257_2aa6b0ad_ea0bbd82,1.0,1,121979,259.8
tools,meta,eog,csm,1,2,1,task_20260105_221816_258_00364ece_50f56980,0.25,0,109331,240.4
tools,meta,eog,csm,1,2,1,task_20260106_090444_873_99ba2325_980a3405,1.0,1,141504,343.5
tools,meta,eog,csm,1,2,1,task_20260106_161859_265_00364ece_0e836ce8,0.25,0,151126,330.5
tools,meta,eog,csm,1,2,2,task_20251128_072831_616_6cd2e092_426f7c81,0.75,0,251422,647.7
tools,meta,eog,csm,1,2,2,task_20251203_194626_202_391f1eff_1336fae8,0.333333,0,65245,177.2
tools,meta,eog,csm,1,2,2,task_20251206_091748_833_a8eea1c0_7775ff15,1.0,1,151236,277.6
tools,meta,eog,csm,1,2,2,task_20251206_113950_467_6cd2e092_1a268d87,0.5,0,93525,375.0
tools,meta,eog,csm,1,2,2,task_20251206_114027_879_5c0cd3a2_904991cc,0.5,0,44329,91.5
tools,meta,eog,csm,1,2,2,task_20251206_130444_802_6cd2e092_8979087f,0.75,0,471342,926.4
tools,meta,eog,csm,1,2,2,task_20251212_222304_435_66392a82_815cd745,1.0,1,189373,346.1
tools,meta,eog,csm,1,2,2,task_20251231_152332_133_ad5a67e3_2a4e226c,0.5,0,71542,165.8
tools,meta,eog,csm,1,2,2,task_20251231_164213_376_00364ece_724e98d5,1.0,1,79204,323.5
tools,meta,eog,csm,1,2,2,task_20260101_111750_695_30600918_80637585,0.25,0,133650,541.4
tools,meta,eog,csm,1,2,2,task_20260105_191634_257_2aa6b0ad_ea0bbd82,1.0,1,89433,185.1
tools,meta,eog,csm,1,2,2,task_20260105_221816_258_00364ece_50f56980,1.0,1,232382,493.2
tools,meta,eog,csm,1,2,2,task_20260106_090444_873_99ba2325_980a3405,1.0,1,134018,705.2
tools,meta,eog,csm,1,2,2,task_20260106_161859_265_00364ece_0e836ce8,0.25,0,271554,885.5
tools,meta,eog,csm,1,2,3,task_20251128_072831_616_6cd2e092_426f7c81,0.75,0,439242,863.5
tools,meta,eog,csm,1,2,3,task_20251203_194626_202_391f1eff_1336fae8,0.0,0,64316,211.4
tools,meta,eog,csm,1,2,3,task_20251206_091748_833_a8eea1c0_7775ff15,1.0,1,101360,365.8
tools,meta,eog,csm,1,2,3,task_20251206_113950_467_6cd2e092_1a268d87,0.5,0,114921,464.9
tools,meta,eog,csm,1,2,3,task_20251206_114027_879_5c0cd3a2_904991cc,0.5,0,55813,127.2
tools,meta,eog,csm,1,2,3,task_20251206_130444_802_6cd2e092_8979087f,0.75,0,260329,634.5
tools,meta,eog,csm,1,2,3,task_20251212_222304_435_66392a82_815cd745,1.0,1,178240,464.1
tools,meta,eog,csm,1,2,3,task_20251231_152332_133_ad5a67e3_2a4e226c,0.5,0,83198,228.8
tools,meta,eog,csm,1,2,3,task_20251231_164213_376_00364ece_724e98d5,1.0,1,123782,413.4
tools,meta,eog,csm,1,2,3,task_20260101_111750_695_30600918_80637585,0.25,0,200037,959.1
tools,meta,eog,csm,1,2,3,task_20260105_191634_257_2aa6b0ad_ea0bbd82,1.0,1,143214,319.4
tools,meta,eog,csm,1,2,3,task_20260105_221816_258_00364ece_50f56980,0.75,0,180068,613.0
tools,meta,eog,csm,1,2,3,task_20260106_090444_873_99ba2325_980a3405,1.0,1,122147,501.2
tools,meta,eog,csm,1,2,3,task_20260106_161859_265_00364ece_0e836ce8,0.25,0,255389,681.7
tools,meta,eog,csm,2,1,1,task_20251127_070938_325_b393a327_a40b1f4e,0.0,0,50381,125.5
tools,meta,eog,csm,2,1,1,task_20251204_231522_245_e6427839_5d09c3c2,1.0,1,94604,91.8
tools,meta,eog,csm,2,1,1,task_20251205_194841_224_391f1eff_136bedae,0.0,0,11608,25.1
tools,meta,eog,csm,2,1,1,task_20251208_035402_755_ad5a67e3_8ca9a646,0.0,0,94745,159.8
tools,meta,eog,csm,2,1,1,task_20251210_145940_356_accab84d_c16e9916,0.4,0,173821,255.7
tools,meta,eog,csm,2,1,1,task_20251210_161511_924_2aa6b0ad_1446c2b4,1.0,1,127955,92.8
tools,meta,eog,csm,2,1,1,task_20251211_192109_853_99ba2325_b21298a0,0.6,0,98691,129.6
tools,meta,eog,csm,2,1,1,task_20260102_155148_014_accab84d_910b176a,0.75,0,115915,184.7
tools,meta,eog,csm,2,1,1,task_20260102_162857_012_391f1eff_39478d55,0.0,0,203471,274.3
tools,meta,eog,csm,2,1,1,task_20260106_134616_649_e6427839_7dba5a00,0.5,0,128906,215.4
tools,meta,eog,csm,2,1,1,task_20260106_155841_121_e6427839_fa425cbe,0.0,0,178424,218.1
tools,meta,eog,csm,2,1,1,task_20260106_185201_238_00364ece_8ab4fd80,0.333333,0,272014,403.7
tools,meta,eog,csm,2,1,1,task_20260107_162554_472_accab84d_41d2e871,0.0,0,141011,266.8
tools,meta,eog,csm,2,1,2,task_20251127_070938_325_b393a327_a40b1f4e,0.0,0,60529,67.6
tools,meta,eog,csm,2,1,2,task_20251204_231522_245_e6427839_5d09c3c2,1.0,1,108158,86.3
tools,meta,eog,csm,2,1,2,task_20251205_194841_224_391f1eff_136bedae,0.0,0,12033,22.2
tools,meta,eog,csm,2,1,2,task_20251208_035402_755_ad5a67e3_8ca9a646,0.0,0,124005,218.1
tools,meta,eog,csm,2,1,2,task_20251210_145940_356_accab84d_c16e9916,0.0,0,172286,393.1
tools,meta,eog,csm,2,1,2,task_20251210_161511_924_2aa6b0ad_1446c2b4,1.0,1,117429,102.9
tools,meta,eog,csm,2,1,2,task_20251211_192109_853_99ba2325_b21298a0,0.4,0,141420,225.6
tools,meta,eog,csm,2,1,2,task_20260102_155148_014_accab84d_910b176a,0.5,0,76790,84.3
tools,meta,eog,csm,2,1,2,task_20260102_162857_012_391f1eff_39478d55,1.0,1,90660,157.0
tools,meta,eog,csm,2,1,2,task_20260106_134616_649_e6427839_7dba5a00,1.0,1,132774,342.2
tools,meta,eog,csm,2,1,2,task_20260106_155841_121_e6427839_fa425cbe,0.0,0,165456,340.7
tools,meta,eog,csm,2,1,2,task_20260106_185201_238_00364ece_8ab4fd80,0.333333,0,280314,576.1
tools,meta,eog,csm,2,1,2,task_20260107_162554_472_accab84d_41d2e871,0.0,0,91163,153.1
tools,meta,eog,csm,2,1,3,task_20251127_070938_325_b393a327_a40b1f4e,0.0,0,75886,139.1
tools,meta,eog,csm,2,1,3,task_20251204_231522_245_e6427839_5d09c3c2,1.0,1,96482,109.9
tools,meta,eog,csm,2,1,3,task_20251205_194841_224_391f1eff_136bedae,0.0,0,12100,25.9
tools,meta,eog,csm,2,1,3,task_20251208_035402_755_ad5a67e3_8ca9a646,0.0,0,153303,214.0
tools,meta,eog,csm,2,1,3,task_20251210_145940_356_accab84d_c16e9916,0.0,0,307916,636.6
tools,meta,eog,csm,2,1,3,task_20251210_161511_924_2aa6b0ad_1446c2b4,1.0,1,128146,106.2
tools,meta,eog,csm,2,1,3,task_20251211_192109_853_99ba2325_b21298a0,0.8,0,167581,243.1
tools,meta,eog,csm,2,1,3,task_20260102_155148_014_accab84d_910b176a,0.5,0,62835,119.3
tools,meta,eog,csm,2,1,3,task_20260102_162857_012_391f1eff_39478d55,1.0,1,92618,242.1
tools,meta,eog,csm,2,1,3,task_20260106_134616_649_e6427839_7dba5a00,0.5,0,181750,294.3
tools,meta,eog,csm,2,1,3,task_20260106_155841_121_e6427839_fa425cbe,0.0,0,163682,195.5
tools,meta,eog,csm,2,1,3,task_20260106_185201_238_00364ece_8ab4fd80,0.333333,0,202896,320.4
tools,meta,eog,csm,2,1,3,task_20260107_162554_472_accab84d_41d2e871,0.0,0,26188,54.5
tools,meta,eog,csm,2,2,1,task_20251128_072831_616_6cd2e092_426f7c81,0.75,0,453131,522.2
tools,meta,eog,csm,2,2,1,task_20251203_194626_202_391f1eff_1336fae8,0.333333,0,61007,103.0
tools,meta,eog,csm,2,2,1,task_20251206_091748_833_a8eea1c0_7775ff15,1.0,1,100743,152.9
tools,meta,eog,csm,2,2,1,task_20251206_113950_467_6cd2e092_1a268d87,0.5,0,148920,347.6
tools,meta,eog,csm,2,2,1,task_20251206_114027_879_5c0cd3a2_904991cc,0.5,0,45723,51.0
tools,meta,eog,csm,2,2,1,task_20251206_130444_802_6cd2e092_8979087f,0.75,0,441395,356.9
tools,meta,eog,csm,2,2,1,task_20251212_222304_435_66392a82_815cd745,1.0,1,227567,212.8
tools,meta,eog,csm,2,2,1,task_20251231_152332_133_ad5a67e3_2a4e226c,0.5,0,95484,138.8
tools,meta,eog,csm,2,2,1,task_20251231_164213_376_00364ece_724e98d5,1.0,1,125597,188.2
tools,meta,eog,csm,2,2,1,task_20260101_111750_695_30600918_80637585,0.0,0,115620,252.1
tools,meta,eog,csm,2,2,1,task_20260105_191634_257_2aa6b0ad_ea0bbd82,0.666667,0,152503,225.7
tools,meta,eog,csm,2,2,1,task_20260105_221816_258_00364ece_50f56980,1.0,1,139150,212.1
tools,meta,eog,csm,2,2,1,task_20260106_090444_873_99ba2325_980a3405,1.0,1,181740,427.1
tools,meta,eog,csm,2,2,1,task_20260106_161859_265_00364ece_0e836ce8,0.25,0,207061,338.6
tools,meta,eog,csm,2,2,2,task_20251128_072831_616_6cd2e092_426f7c81,0.75,0,314500,631.5
tools,meta,eog,csm,2,2,2,task_20251203_194626_202_391f1eff_1336fae8,0.666667,0,99417,181.3
tools,meta,eog,csm,2,2,2,task_20251206_091748_833_a8eea1c0_7775ff15,1.0,1,111657,145.9
tools,meta,eog,csm,2,2,2,task_20251206_113950_467_6cd2e092_1a268d87,0.5,0,153773,195.1
tools,meta,eog,csm,2,2,2,task_20251206_114027_879_5c0cd3a2_904991cc,0.5,0,57137,48.5
tools,meta,eog,csm,2,2,2,task_20251206_130444_802_6cd2e092_8979087f,0.75,0,528677,626.2
tools,meta,eog,csm,2,2,2,task_20251212_222304_435_66392a82_815cd745,1.0,1,177286,141.9
tools,meta,eog,csm,2,2,2,task_20251231_152332_133_ad5a67e3_2a4e226c,0.5,0,95771,132.0
tools,meta,eog,csm,2,2,2,task_20251231_164213_376_00364ece_724e98d5,0.8,0,140536,249.6
tools,meta,eog,csm,2,2,2,task_20260101_111750_695_30600918_80637585,0.0,0,104871,241.2
tools,meta,eog,csm,2,2,2,task_20260105_191634_257_2aa6b0ad_ea0bbd82,0.666667,0,200736,198.1
tools,meta,eog,csm,2,2,2,task_20260105_221816_258_00364ece_50f56980,0.75,0,176906,272.0
tools,meta,eog,csm,2,2,2,task_20260106_090444_873_99ba2325_980a3405,0.5,0,152427,338.1
tools,meta,eog,csm,2,2,2,task_20260106_161859_265_00364ece_0e836ce8,0.5,0,222286,390.5
tools,meta,eog,csm,2,2,3,task_20251128_072831_616_6cd2e092_426f7c81,0.75,0,205712,358.3
tools,meta,eog,csm,2,2,3,task_20251203_194626_202_391f1eff_1336fae8,0.333333,0,60367,126.8
tools,meta,eog,csm,2,2,3,task_20251206_091748_833_a8eea1c0_7775ff15,1.0,1,124797,164.8
tools,meta,eog,csm,2,2,3,task_20251206_113950_467_6cd2e092_1a268d87,0.5,0,90557,200.0
tools,meta,eog,csm,2,2,3,task_20251206_114027_879_5c0cd3a2_904991cc,0.5,0,57837,85.3
tools,meta,eog,csm,2,2,3,task_20251206_130444_802_6cd2e092_8979087f,0.75,0,344301,440.0
tools,meta,eog,csm,2,2,3,task_20251212_222304_435_66392a82_815cd745,1.0,1,204174,275.8
tools,meta,eog,csm,2,2,3,task_20251231_152332_133_ad5a67e3_2a4e226c,1.0,1,107693,151.2
tools,meta,eog,csm,2,2,3,task_20251231_164213_376_00364ece_724e98d5,0.8,0,453541,317.0
tools,meta,eog,csm,2,2,3,task_20260101_111750_695_30600918_80637585,0.0,0,159855,368.1
tools,meta,eog,csm,2,2,3,task_20260105_191634_257_2aa6b0ad_ea0bbd82,0.666667,0,138791,167.5
tools,meta,eog,csm,2,2,3,task_20260105_221816_258_00364ece_50f56980,0.25,0,173639,235.1
tools,meta,eog,csm,2,2,3,task_20260106_090444_873_99ba2325_980a3405,1.0,1,144486,364.4
tools,meta,eog,csm,2,2,3,task_20260106_161859_265_00364ece_0e836ce8,0.25,0,196777,399.7
tools,meta,eog,csm,2,3,1,task_20251203_051113_560_99ba2325_1ff9b6e5,0.666667,0,160117,362.1
tools,meta,eog,csm,2,3,1,task_20251205_060649_946_66392a82_354af85a,1.0,1,135273,251.7
tools,meta,eog,csm,2,3,1,task_20251205_072016_336_46ca2862_e9006fbb,1.0,1,208014,225.6
tools,meta,eog,csm,2,3,1,task_20251205_075543_102_46ca2862_7ba653d0,0.6,0,196649,471.9
tools,meta,eog,csm,2,3,1,task_20251210_183114_382_99ba2325_071a72ab,0.5,0,86018,351.4
tools,meta,eog,csm,2,3,1,task_20251211_021838_048_accab84d_a511ee6e,0.666667,0,165823,305.8
tools,meta,eog,csm,2,3,1,task_20260101_191529_659_a8eea1c0_27d3bf1b,0.833333,0,192756,422.7
tools,meta,eog,csm,2,3,1,task_20260101_233731_695_00364ece_187f2808,0.6,0,251844,477.0
tools,meta,eog,csm,2,3,1,task_20260102_031908_712_accab84d_886a7365,0.777778,0,320189,534.1
tools,meta,eog,csm,2,3,1,task_20260102_100510_709_66392a82_3d301c18,1.0,1,201941,91.5
tools,meta,eog,csm,2,3,1,task_20260102_165223_158_99ba2325_67a4a1e9,0.0,0,15221,66.5
tools,meta,eog,csm,2,3,1,task_20260102_172945_725_ad5a67e3_5480e26f,0.8,0,296838,554.7
tools,meta,eog,csm,2,3,1,task_20260102_210829_972_2aa6b0ad_e3d70e04,1.0,1,229780,356.1
tools,meta,eog,csm,2,3,1,task_20260106_145907_700_a8eea1c0_f5bae698,0.857143,0,288228,635.2
tools,meta,eog,csm,2,3,1,task_20260106_151754_319_d4a463c3_41f0af13,0.0,0,139762,220.7
tools,meta,eog,csm,2,3,1,task_20260106_161324_272_c4ad7a70_4b3980fc,0.75,0,216044,426.4
tools,meta,eog,csm,2,3,1,task_20260108_160928_699_391f1eff_905701cb,0.0,0,95273,189.5
tools,meta,eog,csm,2,3,1,task_20260121_162252_344_1afb323a_f878fac7,1.0,1,165813,374.4
tools,meta,eog,csm,2,3,1,task_20260121_163208_054_1afb323a_7f40ee66,0.0,0,130178,364.4
tools,meta,eog,csm,2,3,1,task_20260121_183027_058_1afb323a_c53cb400,0.8,0,174922,237.5
tools,meta,eog,csm,2,3,2,task_20251203_051113_560_99ba2325_1ff9b6e5,1.0,1,177224,393.5
tools,meta,eog,csm,2,3,2,task_20251205_060649_946_66392a82_354af85a,0.0,0,136613,236.0
tools,meta,eog,csm,2,3,2,task_20251205_072016_336_46ca2862_e9006fbb,1.0,1,193790,180.6
tools,meta,eog,csm,2,3,2,task_20251205_075543_102_46ca2862_7ba653d0,0.4,0,193913,313.5
tools,meta,eog,csm,2,3,2,task_20251210_183114_382_99ba2325_071a72ab,0.5,0,88647,219.1
tools,meta,eog,csm,2,3,2,task_20251211_021838_048_accab84d_a511ee6e,0.666667,0,167168,230.6
tools,meta,eog,csm,2,3,2,task_20260101_191529_659_a8eea1c0_27d3bf1b,0.833333,0,196242,304.6
tools,meta,eog,csm,2,3,2,task_20260101_233731_695_00364ece_187f2808,0.8,0,162322,379.3
tools,meta,eog,csm,2,3,2,task_20260102_031908_712_accab84d_886a7365,0.777778,0,285686,365.2
tools,meta,eog,csm,2,3,2,task_20260102_100510_709_66392a82_3d301c18,0.8,0,103967,135.4
tools,meta,eog,csm,2,3,2,task_20260102_165223_158_99ba2325_67a4a1e9,0.0,0,15101,34.5
tools,meta,eog,csm,2,3,2,task_20260102_172945_725_ad5a67e3_5480e26f,1.0,1,513223,496.7
tools,meta,eog,csm,2,3,2,task_20260102_210829_972_2aa6b0ad_e3d70e04,1.0,1,216847,256.1
tools,meta,eog,csm,2,3,2,task_20260106_145907_700_a8eea1c0_f5bae698,0.857143,0,413615,1128.9
tools,meta,eog,csm,2,3,2,task_20260106_151754_319_d4a463c3_41f0af13,1.0,1,391115,283.7
tools,meta,eog,csm,2,3,2,task_20260106_161324_272_c4ad7a70_4b3980fc,0.75,0,297392,422.3
tools,meta,eog,csm,2,3,2,task_20260108_160928_699_391f1eff_905701cb,0.0,0,96235,138.1
tools,meta,eog,csm,2,3,2,task_20260121_162252_344_1afb323a_f878fac7,1.0,1,173289,272.0
tools,meta,eog,csm,2,3,2,task_20260121_163208_054_1afb323a_7f40ee66,0.0,0,128401,234.7
tools,meta,eog,csm,2,3,2,task_20260121_183027_058_1afb323a_c53cb400,0.8,0,160508,182.6
tools,meta,eog,csm,2,3,3,task_20251203_051113_560_99ba2325_1ff9b6e5,1.0,1,178643,311.9
tools,meta,eog,csm,2,3,3,task_20251205_060649_946_66392a82_354af85a,1.0,1,133135,175.2
tools,meta,eog,csm,2,3,3,task_20251205_072016_336_46ca2862_e9006fbb,1.0,1,229348,175.9
tools,meta,eog,csm,2,3,3,task_20251205_075543_102_46ca2862_7ba653d0,0.4,0,171835,234.5
tools,meta,eog,csm,2,3,3,task_20251210_183114_382_99ba2325_071a72ab,0.5,0,87305,218.2
tools,meta,eog,csm,2,3,3,task_20251211_021838_048_accab84d_a511ee6e,0.666667,0,124281,169.5
tools,meta,eog,csm,2,3,3,task_20260101_191529_659_a8eea1c0_27d3bf1b,0.833333,0,121661,249.6
tools,meta,eog,csm,2,3,3,task_20260101_233731_695_00364ece_187f2808,0.8,0,153464,352.5
tools,meta,eog,csm,2,3,3,task_20260102_031908_712_accab84d_886a7365,0.777778,0,325101,481.1
tools,meta,eog,csm,2,3,3,task_20260102_100510_709_66392a82_3d301c18,0.8,0,485250,171.3
tools,meta,eog,csm,2,3,3,task_20260102_165223_158_99ba2325_67a4a1e9,0.0,0,14753,50.4
tools,meta,eog,csm,2,3,3,task_20260102_172945_725_ad5a67e3_5480e26f,0.8,0,528059,492.0
tools,meta,eog,csm,2,3,3,task_20260102_210829_972_2aa6b0ad_e3d70e04,1.0,1,257109,304.7
tools,meta,eog,csm,2,3,3,task_20260106_145907_700_a8eea1c0_f5bae698,0.857143,0,357933,722.0
tools,meta,eog,csm,2,3,3,task_20260106_151754_319_d4a463c3_41f0af13,0.666667,0,718317,497.1
tools,meta,eog,csm,2,3,3,task_20260106_161324_272_c4ad7a70_4b3980fc,0.75,0,361984,421.7
tools,meta,eog,csm,2,3,3,task_20260108_160928_699_391f1eff_905701cb,0.0,0,94059,100.2
tools,meta,eog,csm,2,3,3,task_20260121_162252_344_1afb323a_f878fac7,1.0,1,115108,203.0
tools,meta,eog,csm,2,3,3,task_20260121_163208_054_1afb323a_7f40ee66,0.0,0,142474,244.8
tools,meta,eog,csm,2,3,3,task_20260121_183027_058_1afb323a_c53cb400,0.8,0,189058,187.2
tools,meta,eog,csm,3,1,1,task_20251127_070938_325_b393a327_a40b1f4e,0.0,0,97954,168.5
tools,meta,eog,csm,3,1,1,task_20251204_231522_245_e6427839_5d09c3c2,1.0,1,110709,109.8
tools,meta,eog,csm,3,1,1,task_20251205_194841_224_391f1eff_136bedae,0.0,0,15741,30.9
tools,meta,eog,csm,3,1,1,task_20251208_035402_755_ad5a67e3_8ca9a646,0.0,0,173165,223.8
tools,meta,eog,csm,3,1,1,task_20251210_145940_356_accab84d_c16e9916,0.0,0,268661,683.9
tools,meta,eog,csm,3,1,1,task_20251210_161511_924_2aa6b0ad_1446c2b4,0.666667,0,174780,166.9
tools,meta,eog,csm,3,1,1,task_20251211_192109_853_99ba2325_b21298a0,0.8,0,167383,218.4
tools,meta,eog,csm,3,1,1,task_20260102_155148_014_accab84d_910b176a,0.5,0,96801,102.2
tools,meta,eog,csm,3,1,1,task_20260102_162857_012_391f1eff_39478d55,1.0,1,102240,204.8
tools,meta,eog,csm,3,1,1,task_20260106_134616_649_e6427839_7dba5a00,1.0,1,203513,407.0
tools,meta,eog,csm,3,1,1,task_20260106_155841_121_e6427839_fa425cbe,0.0,0,219998,334.2
tools,meta,eog,csm,3,1,1,task_20260106_185201_238_00364ece_8ab4fd80,0.333333,0,349806,502.0
tools,meta,eog,csm,3,1,1,task_20260107_162554_472_accab84d_41d2e871,0.0,0,34433,59.7
tools,meta,eog,csm,3,1,2,task_20251127_070938_325_b393a327_a40b1f4e,0.0,0,98320,136.6
tools,meta,eog,csm,3,1,2,task_20251204_231522_245_e6427839_5d09c3c2,1.0,1,125672,117.4
tools,meta,eog,csm,3,1,2,task_20251205_194841_224_391f1eff_136bedae,0.0,0,16847,57.8
tools,meta,eog,csm,3,1,2,task_20251208_035402_755_ad5a67e3_8ca9a646,0.0,0,182910,245.0
tools,meta,eog,csm,3,1,2,task_20251210_145940_356_accab84d_c16e9916,0.4,0,234427,544.5
tools,meta,eog,csm,3,1,2,task_20251210_161511_924_2aa6b0ad_1446c2b4,0.666667,0,172720,114.9
tools,meta,eog,csm,3,1,2,task_20251211_192109_853_99ba2325_b21298a0,0.4,0,145089,148.3
tools,meta,eog,csm,3,1,2,task_20260102_155148_014_accab84d_910b176a,0.5,0,99040,138.8
tools,meta,eog,csm,3,1,2,task_20260102_162857_012_391f1eff_39478d55,0.5,0,186228,239.2
tools,meta,eog,csm,3,1,2,task_20260106_134616_649_e6427839_7dba5a00,1.0,1,220502,332.8
tools,meta,eog,csm,3,1,2,task_20260106_155841_121_e6427839_fa425cbe,1.0,1,180490,234.7
tools,meta,eog,csm,3,1,2,task_20260106_185201_238_00364ece_8ab4fd80,0.333333,0,215262,339.5
tools,meta,eog,csm,3,1,2,task_20260107_162554_472_accab84d_41d2e871,0.0,0,117560,150.2
tools,meta,eog,csm,3,1,3,task_20251127_070938_325_b393a327_a40b1f4e,0.0,0,148956,152.2
tools,meta,eog,csm,3,1,3,task_20251204_231522_245_e6427839_5d09c3c2,1.0,1,142237,87.4
tools,meta,eog,csm,3,1,3,task_20251205_194841_224_391f1eff_136bedae,0.0,0,31499,40.7
tools,meta,eog,csm,3,1,3,task_20251208_035402_755_ad5a67e3_8ca9a646,0.0,0,115862,156.1
tools,meta,eog,csm,3,1,3,task_20251210_145940_356_accab84d_c16e9916,0.0,0,281215,530.6
tools,meta,eog,csm,3,1,3,task_20251210_161511_924_2aa6b0ad_1446c2b4,0.666667,0,172436,96.3
tools,meta,eog,csm,3,1,3,task_20251211_192109_853_99ba2325_b21298a0,1.0,1,117687,141.8
tools,meta,eog,csm,3,1,3,task_20260102_155148_014_accab84d_910b176a,0.5,0,81257,95.7
tools,meta,eog,csm,3,1,3,task_20260102_162857_012_391f1eff_39478d55,0.0,0,184835,343.7
tools,meta,eog,csm,3,1,3,task_20260106_134616_649_e6427839_7dba5a00,0.5,0,164494,243.5
tools,meta,eog,csm,3,1,3,task_20260106_155841_121_e6427839_fa425cbe,0.0,0,261467,300.0
tools,meta,eog,csm,3,1,3,task_20260106_185201_238_00364ece_8ab4fd80,0.333333,0,343761,461.1
tools,meta,eog,csm,3,1,3,task_20260107_162554_472_accab84d_41d2e871,0.0,0,202176,303.2
tools,meta,eog,csm,3,2,1,task_20251128_072831_616_6cd2e092_426f7c81,0.75,0,348990,318.1
tools,meta,eog,csm,3,2,1,task_20251203_194626_202_391f1eff_1336fae8,0.666667,0,82238,99.7
tools,meta,eog,csm,3,2,1,task_20251206_091748_833_a8eea1c0_7775ff15,1.0,1,197494,243.6
tools,meta,eog,csm,3,2,1,task_20251206_113950_467_6cd2e092_1a268d87,0.5,0,203315,365.9
tools,meta,eog,csm,3,2,1,task_20251206_114027_879_5c0cd3a2_904991cc,0.5,0,63891,53.4
tools,meta,eog,csm,3,2,1,task_20251206_130444_802_6cd2e092_8979087f,0.75,0,329948,597.6
tools,meta,eog,csm,3,2,1,task_20251212_222304_435_66392a82_815cd745,0.8,0,265142,307.2
tools,meta,eog,csm,3,2,1,task_20251231_152332_133_ad5a67e3_2a4e226c,0.5,0,109950,100.9
tools,meta,eog,csm,3,2,1,task_20251231_164213_376_00364ece_724e98d5,1.0,1,166285,189.8
tools,meta,eog,csm,3,2,1,task_20260101_111750_695_30600918_80637585,0.0,0,283665,427.9
tools,meta,eog,csm,3,2,1,task_20260105_191634_257_2aa6b0ad_ea0bbd82,0.666667,0,245662,178.2
tools,meta,eog,csm,3,2,1,task_20260105_221816_258_00364ece_50f56980,0.0,0,142607,192.6
tools,meta,eog,csm,3,2,1,task_20260106_090444_873_99ba2325_980a3405,0.5,0,172173,293.6
tools,meta,eog,csm,3,2,1,task_20260106_161859_265_00364ece_0e836ce8,0.25,0,317471,406.0
tools,meta,eog,csm,3,2,2,task_20251128_072831_616_6cd2e092_426f7c81,0.75,0,253821,398.4
tools,meta,eog,csm,3,2,2,task_20251203_194626_202_391f1eff_1336fae8,0.333333,0,97424,120.4
tools,meta,eog,csm,3,2,2,task_20251206_091748_833_a8eea1c0_7775ff15,1.0,1,178418,185.5
tools,meta,eog,csm,3,2,2,task_20251206_113950_467_6cd2e092_1a268d87,0.5,0,176478,176.6
tools,meta,eog,csm,3,2,2,task_20251206_114027_879_5c0cd3a2_904991cc,0.5,0,62014,50.6
tools,meta,eog,csm,3,2,2,task_20251206_130444_802_6cd2e092_8979087f,0.75,0,346568,345.0
tools,meta,eog,csm,3,2,2,task_20251212_222304_435_66392a82_815cd745,1.0,1,321693,334.3
tools,meta,eog,csm,3,2,2,task_20251231_152332_133_ad5a67e3_2a4e226c,1.0,1,125397,101.8
tools,meta,eog,csm,3,2,2,task_20251231_164213_376_00364ece_724e98d5,1.0,1,134674,162.5
tools,meta,eog,csm,3,2,2,task_20260101_111750_695_30600918_80637585,0.0,0,134894,216.5
tools,meta,eog,csm,3,2,2,task_20260105_191634_257_2aa6b0ad_ea0bbd82,1.0,1,263335,235.3
tools,meta,eog,csm,3,2,2,task_20260105_221816_258_00364ece_50f56980,0.25,0,152714,160.0
tools,meta,eog,csm,3,2,2,task_20260106_090444_873_99ba2325_980a3405,1.0,1,156838,224.4
tools,meta,eog,csm,3,2,2,task_20260106_161859_265_00364ece_0e836ce8,0.5,0,322370,390.1
tools,meta,eog,csm,3,2,3,task_20251128_072831_616_6cd2e092_426f7c81,0.75,0,399297,510.0
tools,meta,eog,csm,3,2,3,task_20251203_194626_202_391f1eff_1336fae8,0.333333,0,115987,181.4
tools,meta,eog,csm,3,2,3,task_20251206_091748_833_a8eea1c0_7775ff15,1.0,1,117889,199.9
tools,meta,eog,csm,3,2,3,task_20251206_113950_467_6cd2e092_1a268d87,0.5,0,229770,239.8
tools,meta,eog,csm,3,2,3,task_20251206_114027_879_5c0cd3a2_904991cc,0.5,0,60774,34.5
tools,meta,eog,csm,3,2,3,task_20251206_130444_802_6cd2e092_8979087f,0.75,0,283834,459.6
tools,meta,eog,csm,3,2,3,task_20251212_222304_435_66392a82_815cd745,1.0,1,267390,281.2
tools,meta,eog,csm,3,2,3,task_20251231_152332_133_ad5a67e3_2a4e226c,0.5,0,110800,103.1
tools,meta,eog,csm,3,2,3,task_20251231_164213_376_00364ece_724e98d5,1.0,1,196067,227.7
tools,meta,eog,csm,3,2,3,task_20260101_111750_695_30600918_80637585,0.25,0,173646,284.2
tools,meta,eog,csm,3,2,3,task_20260105_191634_257_2aa6b0ad_ea0bbd82,0.666667,0,135696,161.6
tools,meta,eog,csm,3,2,3,task_20260105_221816_258_00364ece_50f56980,0.0,0,123848,144.7
tools,meta,eog,csm,3,2,3,task_20260106_090444_873_99ba2325_980a3405,0.5,0,224214,313.5
tools,meta,eog,csm,3,2,3,task_20260106_161859_265_00364ece_0e836ce8,0.5,0,329350,397.0
tools,meta,eog,csm,3,3,1,task_20251203_051113_560_99ba2325_1ff9b6e5,1.0,1,224245,337.2
tools,meta,eog,csm,3,3,1,task_20251205_060649_946_66392a82_354af85a,1.0,1,155457,254.6
tools,meta,eog,csm,3,3,1,task_20251205_072016_336_46ca2862_e9006fbb,1.0,1,210049,156.3
tools,meta,eog,csm,3,3,1,task_20251205_075543_102_46ca2862_7ba653d0,0.6,0,168264,211.5
tools,meta,eog,csm,3,3,1,task_20251210_183114_382_99ba2325_071a72ab,0.5,0,102410,242.0
tools,meta,eog,csm,3,3,1,task_20251211_021838_048_accab84d_a511ee6e,1.0,1,219682,287.3
tools,meta,eog,csm,3,3,1,task_20260101_191529_659_a8eea1c0_27d3bf1b,0.833333,0,175284,269.2
tools,meta,eog,csm,3,3,1,task_20260101_233731_695_00364ece_187f2808,1.0,1,324473,331.1
tools,meta,eog,csm,3,3,1,task_20260102_031908_712_accab84d_886a7365,0.888889,0,372697,398.2
tools,meta,eog,csm,3,3,1,task_20260102_100510_709_66392a82_3d301c18,1.0,1,96781,106.7
tools,meta,eog,csm,3,3,1,task_20260102_165223_158_99ba2325_67a4a1e9,0.5,0,134462,189.7
tools,meta,eog,csm,3,3,1,task_20260102_172945_725_ad5a67e3_5480e26f,0.8,0,316705,387.4
tools,meta,eog,csm,3,3,1,task_20260102_210829_972_2aa6b0ad_e3d70e04,1.0,1,347749,278.5
tools,meta,eog,csm,3,3,1,task_20260106_145907_700_a8eea1c0_f5bae698,0.857143,0,362851,454.7
tools,meta,eog,csm,3,3,1,task_20260106_151754_319_d4a463c3_41f0af13,0.666667,0,496997,417.9
tools,meta,eog,csm,3,3,1,task_20260106_161324_272_c4ad7a70_4b3980fc,0.75,0,235161,228.6
tools,meta,eog,csm,3,3,1,task_20260108_160928_699_391f1eff_905701cb,0.0,0,113013,167.7
tools,meta,eog,csm,3,3,1,task_20260121_162252_344_1afb323a_f878fac7,1.0,1,201585,233.1
tools,meta,eog,csm,3,3,1,task_20260121_163208_054_1afb323a_7f40ee66,0.0,0,185278,292.7
tools,meta,eog,csm,3,3,1,task_20260121_183027_058_1afb323a_c53cb400,0.8,0,182913,179.5
tools,meta,eog,csm,3,3,2,task_20251203_051113_560_99ba2325_1ff9b6e5,1.0,1,137416,252.9
tools,meta,eog,csm,3,3,2,task_20251205_060649_946_66392a82_354af85a,1.0,1,151617,171.0
tools,meta,eog,csm,3,3,2,task_20251205_072016_336_46ca2862_e9006fbb,1.0,1,195180,178.1
tools,meta,eog,csm,3,3,2,task_20251205_075543_102_46ca2862_7ba653d0,0.4,0,221346,241.0
tools,meta,eog,csm,3,3,2,task_20251210_183114_382_99ba2325_071a72ab,0.5,0,98774,141.6
tools,meta,eog,csm,3,3,2,task_20251211_021838_048_accab84d_a511ee6e,0.666667,0,181438,202.4
tools,meta,eog,csm,3,3,2,task_20260101_191529_659_a8eea1c0_27d3bf1b,0.833333,0,209691,358.1
tools,meta,eog,csm,3,3,2,task_20260101_233731_695_00364ece_187f2808,1.0,1,206625,309.2
tools,meta,eog,csm,3,3,2,task_20260102_031908_712_accab84d_886a7365,0.777778,0,374414,415.1
tools,meta,eog,csm,3,3,2,task_20260102_100510_709_66392a82_3d301c18,1.0,1,128484,83.3
tools,meta,eog,csm,3,3,2,task_20260102_165223_158_99ba2325_67a4a1e9,0.0,0,17004,28.0
tools,meta,eog,csm,3,3,2,task_20260102_172945_725_ad5a67e3_5480e26f,0.6,0,311946,365.7
tools,meta,eog,csm,3,3,2,task_20260102_210829_972_2aa6b0ad_e3d70e04,1.0,1,398034,318.2
tools,meta,eog,csm,3,3,2,task_20260106_145907_700_a8eea1c0_f5bae698,0.857143,0,353347,517.3
tools,meta,eog,csm,3,3,2,task_20260106_151754_319_d4a463c3_41f0af13,1.0,1,491125,313.5
tools,meta,eog,csm,3,3,2,task_20260106_161324_272_c4ad7a70_4b3980fc,0.75,0,149572,206.9
tools,meta,eog,csm,3,3,2,task_20260108_160928_699_391f1eff_905701cb,0.0,0,97765,137.6
tools,meta,eog,csm,3,3,2,task_20260121_162252_344_1afb323a_f878fac7,1.0,1,171961,238.7
tools,meta,eog,csm,3,3,2,task_20260121_163208_054_1afb323a_7f40ee66,0.0,0,132180,204.1
tools,meta,eog,csm,3,3,2,task_20260121_183027_058_1afb323a_c53cb400,0.8,0,202448,188.3
tools,meta,eog,csm,3,3,3,task_20251203_051113_560_99ba2325_1ff9b6e5,1.0,1,205007,334.7
tools,meta,eog,csm,3,3,3,task_20251205_060649_946_66392a82_354af85a,1.0,1,153338,156.6
tools,meta,eog,csm,3,3,3,task_20251205_072016_336_46ca2862_e9006fbb,1.0,1,231844,207.5
tools,meta,eog,csm,3,3,3,task_20251205_075543_102_46ca2862_7ba653d0,0.6,0,262298,231.4
tools,meta,eog,csm,3,3,3,task_20251210_183114_382_99ba2325_071a72ab,0.5,0,178939,294.6
tools,meta,eog,csm,3,3,3,task_20251211_021838_048_accab84d_a511ee6e,0.666667,0,200278,270.5
tools,meta,eog,csm,3,3,3,task_20260101_191529_659_a8eea1c0_27d3bf1b,0.833333,0,157918,239.4
tools,meta,eog,csm,3,3,3,task_20260101_233731_695_00364ece_187f2808,0.8,0,362573,429.8
tools,meta,eog,csm,3,3,3,task_20260102_031908_712_accab84d_886a7365,0.777778,0,387283,455.6
tools,meta,eog,csm,3,3,3,task_20260102_100510_709_66392a82_3d301c18,1.0,1,129410,79.0
tools,meta,eog,csm,3,3,3,task_20260102_165223_158_99ba2325_67a4a1e9,0.0,0,34865,76.7
tools,meta,eog,csm,3,3,3,task_20260102_172945_725_ad5a67e3_5480e26f,0.8,0,461560,402.3
tools,meta,eog,csm,3,3,3,task_20260102_210829_972_2aa6b0ad_e3d70e04,1.0,1,350023,301.1
tools,meta,eog,csm,3,3,3,task_20260106_145907_700_a8eea1c0_f5bae698,0.857143,0,302793,665.2
tools,meta,eog,csm,3,3,3,task_20260106_151754_319_d4a463c3_41f0af13,0.0,0,235100,230.9
tools,meta,eog,csm,3,3,3,task_20260106_161324_272_c4ad7a70_4b3980fc,0.75,0,293540,304.1
tools,meta,eog,csm,3,3,3,task_20260108_160928_699_391f1eff_905701cb,0.0,0,97148,174.5
tools,meta,eog,csm,3,3,3,task_20260121_162252_344_1afb323a_f878fac7,1.0,1,219761,299.0
tools,meta,eog,csm,3,3,3,task_20260121_163208_054_1afb323a_7f40ee66,0.0,0,166151,258.9
tools,meta,eog,csm,3,3,3,task_20260121_183027_058_1afb323a_c53cb400,0.8,0,185830,137.3
tools,meta,eog,csm,3,4,1,task_20251127_152838_396_99ba2325_8391501f,0.5,0,245272,256.4
tools,meta,eog,csm,3,4,1,task_20251128_204735_353_66392a82_3f8ef4a1,0.2,0,224636,242.5
tools,meta,eog,csm,3,4,1,task_20251201_164641_724_109c89c0_1b29acb9,0.5,0,424114,300.5
tools,meta,eog,csm,3,4,1,task_20251202_052822_939_66392a82_0479926e,1.0,1,209984,156.2
tools,meta,eog,csm,3,4,1,task_20251202_100743_745_109c89c0_958a07c1,0.0,0,18957,34.9
tools,meta,eog,csm,3,4,1,task_20251203_064555_149_66392a82_d124b805,1.0,1,152211,147.4
tools,meta,eog,csm,3,4,1,task_20251204_132620_055_5c0cd3a2_048c6e95,0.333333,0,510512,617.8
tools,meta,eog,csm,3,4,1,task_20251205_095558_939_5c0cd3a2_4af4214c,0.5,0,233178,370.1
tools,meta,eog,csm,3,4,1,task_20251205_101915_742_d4a463c3_8eac8077,0.5,0,417418,807.8
tools,meta,eog,csm,3,4,1,task_20251205_153330_906_a8eea1c0_8c7a6205,1.0,1,231964,307.7
tools,meta,eog,csm,3,4,1,task_20251207_174704_642_5c0cd3a2_c124578d,1.0,1,170792,169.6
tools,meta,eog,csm,3,4,1,task_20251209_122452_734_d4a463c3_e5f1961c,1.0,1,227325,209.0
tools,meta,eog,csm,3,4,1,task_20251212_011224_384_accab84d_4ad9b557,0.8,0,290252,355.5
tools,meta,eog,csm,3,4,1,task_20251231_123548_425_8cd8e61e_9303271e,0.0,0,97549,161.0
tools,meta,eog,csm,3,4,1,task_20251231_162628_797_a8eea1c0_0a53db6c,1.0,1,266825,350.2
tools,meta,eog,csm,3,4,1,task_20260101_043715_660_a8eea1c0_7304e48e,0.8,0,331824,500.4
tools,meta,eog,csm,3,4,1,task_20260101_122222_300_ad5a67e3_3757206c,0.2,0,261406,340.4
tools,meta,eog,csm,3,4,1,task_20260101_162109_100_a8eea1c0_e88250ef,0.666667,0,200043,472.0
tools,meta,eog,csm,3,4,1,task_20260101_202840_239_a8eea1c0_0f425b23,0.7,0,661780,782.1
tools,meta,eog,csm,3,4,1,task_20260102_063731_186_d4a463c3_f1c4df9b,1.0,1,192209,184.1
tools,meta,eog,csm,3,4,1,task_20260102_080409_151_d4a463c3_56c32265,0.75,0,190993,199.2
tools,meta,eog,csm,3,4,1,task_20260106_161816_678_a8eea1c0_1ef46cba,1.0,1,368582,389.9
tools,meta,eog,csm,3,4,1,task_20260107_111503_670_2aa6b0ad_e9611a77,1.0,1,230136,301.4
tools,meta,eog,csm,3,4,1,task_20260121_145409_648_1afb323a_4e203caa,0.0,0,133893,127.1
tools,meta,eog,csm,3,4,2,task_20251127_152838_396_99ba2325_8391501f,0.5,0,206578,158.3
tools,meta,eog,csm,3,4,2,task_20251128_204735_353_66392a82_3f8ef4a1,0.2,0,136140,190.1
tools,meta,eog,csm,3,4,2,task_20251201_164641_724_109c89c0_1b29acb9,0.5,0,473508,438.4
tools,meta,eog,csm,3,4,2,task_20251202_052822_939_66392a82_0479926e,1.0,1,203623,109.0
tools,meta,eog,csm,3,4,2,task_20251202_100743_745_109c89c0_958a07c1,0.0,0,18380,35.6
tools,meta,eog,csm,3,4,2,task_20251203_064555_149_66392a82_d124b805,0.5,0,150251,119.0
tools,meta,eog,csm,3,4,2,task_20251204_132620_055_5c0cd3a2_048c6e95,0.333333,0,331626,369.2
tools,meta,eog,csm,3,4,2,task_20251205_095558_939_5c0cd3a2_4af4214c,0.5,0,361280,473.3
tools,meta,eog,csm,3,4,2,task_20251205_101915_742_d4a463c3_8eac8077,0.25,0,397581,912.4
tools,meta,eog,csm,3,4,2,task_20251205_153330_906_a8eea1c0_8c7a6205,0.666667,0,177896,280.9
tools,meta,eog,csm,3,4,2,task_20251207_174704_642_5c0cd3a2_c124578d,1.0,1,171619,233.0
tools,meta,eog,csm,3,4,2,task_20251209_122452_734_d4a463c3_e5f1961c,1.0,1,229108,219.7
tools,meta,eog,csm,3,4,2,task_20251212_011224_384_accab84d_4ad9b557,0.8,0,264107,305.1
tools,meta,eog,csm,3,4,2,task_20251231_123548_425_8cd8e61e_9303271e,0.0,0,139239,240.7
tools,meta,eog,csm,3,4,2,task_20251231_162628_797_a8eea1c0_0a53db6c,0.857143,0,260252,377.4
tools,meta,eog,csm,3,4,2,task_20260101_043715_660_a8eea1c0_7304e48e,0.9,0,237318,359.6
tools,meta,eog,csm,3,4,2,task_20260101_122222_300_ad5a67e3_3757206c,0.6,0,258542,312.1
tools,meta,eog,csm,3,4,2,task_20260101_162109_100_a8eea1c0_e88250ef,0.888889,0,494430,803.7
tools,meta,eog,csm,3,4,2,task_20260101_202840_239_a8eea1c0_0f425b23,0.7,0,381309,568.0
tools,meta,eog,csm,3,4,2,task_20260102_063731_186_d4a463c3_f1c4df9b,1.0,1,191767,240.6
tools,meta,eog,csm,3,4,2,task_20260102_080409_151_d4a463c3_56c32265,0.75,0,170891,191.4
tools,meta,eog,csm,3,4,2,task_20260106_161816_678_a8eea1c0_1ef46cba,0.714286,0,196076,241.5
tools,meta,eog,csm,3,4,2,task_20260107_111503_670_2aa6b0ad_e9611a77,1.0,1,215783,286.0
tools,meta,eog,csm,3,4,2,task_20260121_145409_648_1afb323a_4e203caa,0.0,0,76718,108.8
tools,meta,eog,csm,3,4,3,task_20251127_152838_396_99ba2325_8391501f,0.5,0,246900,273.3
tools,meta,eog,csm,3,4,3,task_20251128_204735_353_66392a82_3f8ef4a1,0.2,0,115449,177.5
tools,meta,eog,csm,3,4,3,task_20251201_164641_724_109c89c0_1b29acb9,0.5,0,423524,363.7
tools,meta,eog,csm,3,4,3,task_20251202_052822_939_66392a82_0479926e,1.0,1,201130,86.2
tools,meta,eog,csm,3,4,3,task_20251202_100743_745_109c89c0_958a07c1,0.0,0,18441,36.0
tools,meta,eog,csm,3,4,3,task_20251203_064555_149_66392a82_d124b805,1.0,1,146529,88.9
tools,meta,eog,csm,3,4,3,task_20251204_132620_055_5c0cd3a2_048c6e95,0.333333,0,237836,376.1
tools,meta,eog,csm,3,4,3,task_20251205_095558_939_5c0cd3a2_4af4214c,1.0,1,394661,473.6
tools,meta,eog,csm,3,4,3,task_20251205_101915_742_d4a463c3_8eac8077,0.25,0,341804,750.9
tools,meta,eog,csm,3,4,3,task_20251205_153330_906_a8eea1c0_8c7a6205,0.666667,0,135168,168.4
tools,meta,eog,csm,3,4,3,task_20251207_174704_642_5c0cd3a2_c124578d,1.0,1,192246,196.5
tools,meta,eog,csm,3,4,3,task_20251209_122452_734_d4a463c3_e5f1961c,1.0,1,191337,219.0
tools,meta,eog,csm,3,4,3,task_20251212_011224_384_accab84d_4ad9b557,0.6,0,226300,268.3
tools,meta,eog,csm,3,4,3,task_20251231_123548_425_8cd8e61e_9303271e,0.0,0,118398,203.5
tools,meta,eog,csm,3,4,3,task_20251231_162628_797_a8eea1c0_0a53db6c,1.0,1,318891,353.6
tools,meta,eog,csm,3,4,3,task_20260101_043715_660_a8eea1c0_7304e48e,0.7,0,490376,448.0
tools,meta,eog,csm,3,4,3,task_20260101_122222_300_ad5a67e3_3757206c,0.6,0,257290,268.4
tools,meta,eog,csm,3,4,3,task_20260101_162109_100_a8eea1c0_e88250ef,0.888889,0,283748,392.7
tools,meta,eog,csm,3,4,3,task_20260101_202840_239_a8eea1c0_0f425b23,0.7,0,558934,796.9
tools,meta,eog,csm,3,4,3,task_20260102_063731_186_d4a463c3_f1c4df9b,1.0,1,194106,210.7
tools,meta,eog,csm,3,4,3,task_20260102_080409_151_d4a463c3_56c32265,0.75,0,198202,329.6
tools,meta,eog,csm,3,4,3,task_20260106_161816_678_a8eea1c0_1ef46cba,1.0,1,326975,333.3
tools,meta,eog,csm,3,4,3,task_20260107_111503_670_2aa6b0ad_e9611a77,1.0,1,290029,370.5
tools,meta,eog,csm,3,4,3,task_20260121_145409_648_1afb323a_4e203caa,0.0,0,96233,123.5
tools,meta,eog,csm,4,1,1,task_20251127_070938_325_b393a327_a40b1f4e,0.0,0,124283,112.2
tools,meta,eog,csm,4,1,1,task_20251204_231522_245_e6427839_5d09c3c2,1.0,1,198421,106.4
tools,meta,eog,csm,4,1,1,task_20251205_194841_224_391f1eff_136bedae,0.0,0,57389,50.2
tools,meta,eog,csm,4,1,1,task_20251208_035402_755_ad5a67e3_8ca9a646,0.0,0,291550,429.5
tools,meta,eog,csm,4,1,1,task_20251210_145940_356_accab84d_c16e9916,0.0,0,300744,325.3
tools,meta,eog,csm,4,1,1,task_20251210_161511_924_2aa6b0ad_1446c2b4,0.666667,0,213569,88.5
tools,meta,eog,csm,4,1,1,task_20251211_192109_853_99ba2325_b21298a0,0.6,0,225017,164.6
tools,meta,eog,csm,4,1,1,task_20260102_155148_014_accab84d_910b176a,0.5,0,123043,88.5
tools,meta,eog,csm,4,1,1,task_20260102_162857_012_391f1eff_39478d55,0.0,0,417385,554.5
tools,meta,eog,csm,4,1,1,task_20260106_134616_649_e6427839_7dba5a00,0.5,0,181889,186.4
tools,meta,eog,csm,4,1,1,task_20260106_155841_121_e6427839_fa425cbe,0.0,0,262727,186.9
tools,meta,eog,csm,4,1,1,task_20260106_185201_238_00364ece_8ab4fd80,0.333333,0,415384,416.8
tools,meta,eog,csm,4,1,1,task_20260107_162554_472_accab84d_41d2e871,0.0,0,405424,321.9
tools,meta,eog,csm,4,1,2,task_20251127_070938_325_b393a327_a40b1f4e,0.0,0,123596,106.3
tools,meta,eog,csm,4,1,2,task_20251204_231522_245_e6427839_5d09c3c2,1.0,1,182030,115.0
tools,meta,eog,csm,4,1,2,task_20251205_194841_224_391f1eff_136bedae,0.0,0,19456,32.8
tools,meta,eog,csm,4,1,2,task_20251208_035402_755_ad5a67e3_8ca9a646,0.0,0,297255,377.6
tools,meta,eog,csm,4,1,2,task_20251210_145940_356_accab84d_c16e9916,0.4,0,611499,621.8
tools,meta,eog,csm,4,1,2,task_20251210_161511_924_2aa6b0ad_1446c2b4,0.666667,0,214104,99.2
tools,meta,eog,csm,4,1,2,task_20251211_192109_853_99ba2325_b21298a0,0.8,0,335913,216.8
tools,meta,eog,csm,4,1,2,task_20260102_155148_014_accab84d_910b176a,0.5,0,125037,116.4
tools,meta,eog,csm,4,1,2,task_20260102_162857_012_391f1eff_39478d55,0.0,0,412969,414.5
tools,meta,eog,csm,4,1,2,task_20260106_134616_649_e6427839_7dba5a00,0.5,0,162289,170.1
tools,meta,eog,csm,4,1,2,task_20260106_155841_121_e6427839_fa425cbe,0.5,0,232112,308.8
tools,meta,eog,csm,4,1,2,task_20260106_185201_238_00364ece_8ab4fd80,0.333333,0,416323,420.7
tools,meta,eog,csm,4,1,2,task_20260107_162554_472_accab84d_41d2e871,0.0,0,367178,338.4
tools,meta,eog,csm,4,1,3,task_20251127_070938_325_b393a327_a40b1f4e,0.0,0,165401,143.9
tools,meta,eog,csm,4,1,3,task_20251204_231522_245_e6427839_5d09c3c2,1.0,1,178160,68.1
tools,meta,eog,csm,4,1,3,task_20251205_194841_224_391f1eff_136bedae,0.0,0,19249,26.8
tools,meta,eog,csm,4,1,3,task_20251208_035402_755_ad5a67e3_8ca9a646,0.0,0,390078,283.2
tools,meta,eog,csm,4,1,3,task_20251210_145940_356_accab84d_c16e9916,0.4,0,449920,511.9
tools,meta,eog,csm,4,1,3,task_20251210_161511_924_2aa6b0ad_1446c2b4,0.666667,0,158344,113.3
tools,meta,eog,csm,4,1,3,task_20251211_192109_853_99ba2325_b21298a0,0.6,0,223696,144.0
tools,meta,eog,csm,4,1,3,task_20260102_155148_014_accab84d_910b176a,0.5,0,123964,101.2
tools,meta,eog,csm,4,1,3,task_20260102_162857_012_391f1eff_39478d55,0.0,0,276052,293.7
tools,meta,eog,csm,4,1,3,task_20260106_134616_649_e6427839_7dba5a00,1.0,1,311699,203.1
tools,meta,eog,csm,4,1,3,task_20260106_155841_121_e6427839_fa425cbe,0.0,0,290367,312.9
tools,meta,eog,csm,4,1,3,task_20260106_185201_238_00364ece_8ab4fd80,0.333333,0,466452,606.9
tools,meta,eog,csm,4,1,3,task_20260107_162554_472_accab84d_41d2e871,0.0,0,227734,142.0
tools,meta,eog,csm,4,2,1,task_20251128_072831_616_6cd2e092_426f7c81,1.0,1,262739,318.8
tools,meta,eog,csm,4,2,1,task_20251203_194626_202_391f1eff_1336fae8,0.333333,0,142288,105.8
tools,meta,eog,csm,4,2,1,task_20251206_091748_833_a8eea1c0_7775ff15,1.0,1,265313,210.9
tools,meta,eog,csm,4,2,1,task_20251206_113950_467_6cd2e092_1a268d87,0.5,0,266365,207.0
tools,meta,eog,csm,4,2,1,task_20251206_114027_879_5c0cd3a2_904991cc,0.5,0,94642,56.9
tools,meta,eog,csm,4,2,1,task_20251206_130444_802_6cd2e092_8979087f,0.75,0,377239,517.4
tools,meta,eog,csm,4,2,1,task_20251212_222304_435_66392a82_815cd745,1.0,1,373374,209.6
tools,meta,eog,csm,4,2,1,task_20251231_152332_133_ad5a67e3_2a4e226c,0.5,0,158871,142.6
tools,meta,eog,csm,4,2,1,task_20251231_164213_376_00364ece_724e98d5,1.0,1,296024,303.3
tools,meta,eog,csm,4,2,1,task_20260101_111750_695_30600918_80637585,0.0,0,146273,196.2
tools,meta,eog,csm,4,2,1,task_20260105_191634_257_2aa6b0ad_ea0bbd82,0.0,0,0,0
tools,meta,eog,csm,4,2,1,task_20260105_221816_258_00364ece_50f56980,1.0,1,196167,206.0
tools,meta,eog,csm,4,2,1,task_20260106_090444_873_99ba2325_980a3405,0.5,0,236599,316.4
tools,meta,eog,csm,4,2,1,task_20260106_161859_265_00364ece_0e836ce8,0.25,0,353695,402.5
tools,meta,eog,csm,4,2,2,task_20251128_072831_616_6cd2e092_426f7c81,1.0,1,284927,393.4
tools,meta,eog,csm,4,2,2,task_20251203_194626_202_391f1eff_1336fae8,0.333333,0,120012,92.9
tools,meta,eog,csm,4,2,2,task_20251206_091748_833_a8eea1c0_7775ff15,1.0,1,264486,177.9
tools,meta,eog,csm,4,2,2,task_20251206_113950_467_6cd2e092_1a268d87,0.5,0,128924,130.2
tools,meta,eog,csm,4,2,2,task_20251206_114027_879_5c0cd3a2_904991cc,0.5,0,76747,35.5
tools,meta,eog,csm,4,2,2,task_20251206_130444_802_6cd2e092_8979087f,0.75,0,477627,595.1
tools,meta,eog,csm,4,2,2,task_20251212_222304_435_66392a82_815cd745,1.0,1,1072060,301.1
tools,meta,eog,csm,4,2,2,task_20251231_152332_133_ad5a67e3_2a4e226c,0.5,0,137435,97.9
tools,meta,eog,csm,4,2,2,task_20251231_164213_376_00364ece_724e98d5,1.0,1,272757,278.1
tools,meta,eog,csm,4,2,2,task_20260101_111750_695_30600918_80637585,0.25,0,245524,367.1
tools,meta,eog,csm,4,2,2,task_20260105_191634_257_2aa6b0ad_ea0bbd82,1.0,1,1182274,353.1
tools,meta,eog,csm,4,2,2,task_20260105_221816_258_00364ece_50f56980,0.25,0,216728,205.4
tools,meta,eog,csm,4,2,2,task_20260106_090444_873_99ba2325_980a3405,0.5,0,234479,323.4
tools,meta,eog,csm,4,2,2,task_20260106_161859_265_00364ece_0e836ce8,0.25,0,514229,592.1
tools,meta,eog,csm,4,2,3,task_20251128_072831_616_6cd2e092_426f7c81,1.0,1,238727,292.1
tools,meta,eog,csm,4,2,3,task_20251203_194626_202_391f1eff_1336fae8,0.333333,0,120312,92.4
tools,meta,eog,csm,4,2,3,task_20251206_091748_833_a8eea1c0_7775ff15,1.0,1,184960,153.9
tools,meta,eog,csm,4,2,3,task_20251206_113950_467_6cd2e092_1a268d87,0.5,0,224135,135.9
tools,meta,eog,csm,4,2,3,task_20251206_114027_879_5c0cd3a2_904991cc,0.5,0,77269,44.8
tools,meta,eog,csm,4,2,3,task_20251206_130444_802_6cd2e092_8979087f,0.75,0,269073,320.9
tools,meta,eog,csm,4,2,3,task_20251212_222304_435_66392a82_815cd745,1.0,1,441112,310.6
tools,meta,eog,csm,4,2,3,task_20251231_152332_133_ad5a67e3_2a4e226c,0.5,0,116518,82.1
tools,meta,eog,csm,4,2,3,task_20251231_164213_376_00364ece_724e98d5,1.0,1,250255,274.6
tools,meta,eog,csm,4,2,3,task_20260101_111750_695_30600918_80637585,0.25,0,213528,283.6
tools,meta,eog,csm,4,2,3,task_20260105_191634_257_2aa6b0ad_ea0bbd82,1.0,1,269459,150.3
tools,meta,eog,csm,4,2,3,task_20260105_221816_258_00364ece_50f56980,0.75,0,384083,341.2
tools,meta,eog,csm,4,2,3,task_20260106_090444_873_99ba2325_980a3405,0.5,0,260037,356.4
tools,meta,eog,csm,4,2,3,task_20260106_161859_265_00364ece_0e836ce8,0.25,0,448901,470.0
tools,meta,eog,csm,4,3,1,task_20251203_051113_560_99ba2325_1ff9b6e5,1.0,1,192201,237.3
tools,meta,eog,csm,4,3,1,task_20251205_060649_946_66392a82_354af85a,0.833333,0,182734,104.9
tools,meta,eog,csm,4,3,1,task_20251205_072016_336_46ca2862_e9006fbb,1.0,1,265276,155.5
tools,meta,eog,csm,4,3,1,task_20251205_075543_102_46ca2862_7ba653d0,0.6,0,287120,217.6
tools,meta,eog,csm,4,3,1,task_20251210_183114_382_99ba2325_071a72ab,0.5,0,171649,246.7
tools,meta,eog,csm,4,3,1,task_20251211_021838_048_accab84d_a511ee6e,0.666667,0,245283,196.5
tools,meta,eog,csm,4,3,1,task_20260101_191529_659_a8eea1c0_27d3bf1b,0.833333,0,428846,457.7
tools,meta,eog,csm,4,3,1,task_20260101_233731_695_00364ece_187f2808,1.0,1,326893,271.9
tools,meta,eog,csm,4,3,1,task_20260102_031908_712_accab84d_886a7365,0.777778,0,441996,495.6
tools,meta,eog,csm,4,3,1,task_20260102_100510_709_66392a82_3d301c18,1.0,1,222449,216.0
tools,meta,eog,csm,4,3,1,task_20260102_165223_158_99ba2325_67a4a1e9,0.0,0,21458,44.1
tools,meta,eog,csm,4,3,1,task_20260102_172945_725_ad5a67e3_5480e26f,0.6,0,347878,371.1
tools,meta,eog,csm,4,3,1,task_20260102_210829_972_2aa6b0ad_e3d70e04,1.0,1,462044,409.0
tools,meta,eog,csm,4,3,1,task_20260106_145907_700_a8eea1c0_f5bae698,0.857143,0,527924,675.7
tools,meta,eog,csm,4,3,1,task_20260106_151754_319_d4a463c3_41f0af13,0.0,0,243336,174.2
tools,meta,eog,csm,4,3,1,task_20260106_161324_272_c4ad7a70_4b3980fc,0.75,0,247683,284.0
tools,meta,eog,csm,4,3,1,task_20260108_160928_699_391f1eff_905701cb,0.0,0,164631,145.1
tools,meta,eog,csm,4,3,1,task_20260121_162252_344_1afb323a_f878fac7,1.0,1,314048,349.0
tools,meta,eog,csm,4,3,1,task_20260121_163208_054_1afb323a_7f40ee66,0.0,0,170288,211.7
tools,meta,eog,csm,4,3,1,task_20260121_183027_058_1afb323a_c53cb400,0.8,0,230963,210.9
tools,meta,eog,csm,4,3,2,task_20251203_051113_560_99ba2325_1ff9b6e5,1.0,1,170983,171.1
tools,meta,eog,csm,4,3,2,task_20251205_060649_946_66392a82_354af85a,1.0,1,188079,151.7
tools,meta,eog,csm,4,3,2,task_20251205_072016_336_46ca2862_e9006fbb,1.0,1,304934,145.5
tools,meta,eog,csm,4,3,2,task_20251205_075543_102_46ca2862_7ba653d0,0.6,0,283627,310.3
tools,meta,eog,csm,4,3,2,task_20251210_183114_382_99ba2325_071a72ab,0.5,0,127182,159.2
tools,meta,eog,csm,4,3,2,task_20251211_021838_048_accab84d_a511ee6e,0.666667,0,224012,161.5
tools,meta,eog,csm,4,3,2,task_20260101_191529_659_a8eea1c0_27d3bf1b,0.833333,0,407931,404.2
tools,meta,eog,csm,4,3,2,task_20260101_233731_695_00364ece_187f2808,0.6,0,345524,246.3
tools,meta,eog,csm,4,3,2,task_20260102_031908_712_accab84d_886a7365,0.777778,0,289502,274.8
tools,meta,eog,csm,4,3,2,task_20260102_100510_709_66392a82_3d301c18,1.0,1,159668,57.1
tools,meta,eog,csm,4,3,2,task_20260102_165223_158_99ba2325_67a4a1e9,0.5,0,208850,182.4
tools,meta,eog,csm,4,3,2,task_20260102_172945_725_ad5a67e3_5480e26f,0.8,0,527061,409.3
tools,meta,eog,csm,4,3,2,task_20260102_210829_972_2aa6b0ad_e3d70e04,1.0,1,446540,256.4
tools,meta,eog,csm,4,3,2,task_20260106_145907_700_a8eea1c0_f5bae698,0.857143,0,406132,512.5
tools,meta,eog,csm,4,3,2,task_20260106_151754_319_d4a463c3_41f0af13,0.0,0,321540,270.1
tools,meta,eog,csm,4,3,2,task_20260106_161324_272_c4ad7a70_4b3980fc,0.75,0,253307,233.4
tools,meta,eog,csm,4,3,2,task_20260108_160928_699_391f1eff_905701cb,0.0,0,163605,113.4
tools,meta,eog,csm,4,3,2,task_20260121_162252_344_1afb323a_f878fac7,1.0,1,224964,189.8
tools,meta,eog,csm,4,3,2,task_20260121_163208_054_1afb323a_7f40ee66,0.0,0,250279,231.0
tools,meta,eog,csm,4,3,2,task_20260121_183027_058_1afb323a_c53cb400,0.8,0,252052,184.7
tools,meta,eog,csm,4,3,3,task_20251203_051113_560_99ba2325_1ff9b6e5,1.0,1,229697,235.2
tools,meta,eog,csm,4,3,3,task_20251205_060649_946_66392a82_354af85a,0.666667,0,209761,136.6
tools,meta,eog,csm,4,3,3,task_20251205_072016_336_46ca2862_e9006fbb,1.0,1,225179,136.4
tools,meta,eog,csm,4,3,3,task_20251205_075543_102_46ca2862_7ba653d0,0.6,0,228010,286.8
tools,meta,eog,csm,4,3,3,task_20251210_183114_382_99ba2325_071a72ab,0.5,0,127883,194.5
tools,meta,eog,csm,4,3,3,task_20251211_021838_048_accab84d_a511ee6e,0.666667,0,202963,175.5
tools,meta,eog,csm,4,3,3,task_20260101_191529_659_a8eea1c0_27d3bf1b,0.833333,0,242796,254.8
tools,meta,eog,csm,4,3,3,task_20260101_233731_695_00364ece_187f2808,0.8,0,289081,244.6
tools,meta,eog,csm,4,3,3,task_20260102_031908_712_accab84d_886a7365,0.777778,0,268894,316.6
tools,meta,eog,csm,4,3,3,task_20260102_100510_709_66392a82_3d301c18,1.0,1,159682,61.2
tools,meta,eog,csm,4,3,3,task_20260102_165223_158_99ba2325_67a4a1e9,0.0,0,21652,47.0
tools,meta,eog,csm,4,3,3,task_20260102_172945_725_ad5a67e3_5480e26f,0.8,0,454644,398.5
tools,meta,eog,csm,4,3,3,task_20260102_210829_972_2aa6b0ad_e3d70e04,1.0,1,449610,295.2
tools,meta,eog,csm,4,3,3,task_20260106_145907_700_a8eea1c0_f5bae698,0.714286,0,493718,603.0
tools,meta,eog,csm,4,3,3,task_20260106_151754_319_d4a463c3_41f0af13,0.0,0,170328,165.5
tools,meta,eog,csm,4,3,3,task_20260106_161324_272_c4ad7a70_4b3980fc,0.75,0,217607,213.6
tools,meta,eog,csm,4,3,3,task_20260108_160928_699_391f1eff_905701cb,0.0,0,143295,122.3
tools,meta,eog,csm,4,3,3,task_20260121_162252_344_1afb323a_f878fac7,1.0,1,202555,154.7
tools,meta,eog,csm,4,3,3,task_20260121_163208_054_1afb323a_7f40ee66,0.0,0,231854,282.3
tools,meta,eog,csm,4,3,3,task_20260121_183027_058_1afb323a_c53cb400,0.8,0,229895,174.7
tools,meta,eog,csm,4,4,1,task_20251127_152838_396_99ba2325_8391501f,0.5,0,224208,177.9
tools,meta,eog,csm,4,4,1,task_20251128_204735_353_66392a82_3f8ef4a1,0.4,0,228307,269.9
tools,meta,eog,csm,4,4,1,task_20251201_164641_724_109c89c0_1b29acb9,0.5,0,494795,308.8
tools,meta,eog,csm,4,4,1,task_20251202_052822_939_66392a82_0479926e,0.8,0,167938,98.3
tools,meta,eog,csm,4,4,1,task_20251202_100743_745_109c89c0_958a07c1,0.0,0,20249,32.6
tools,meta,eog,csm,4,4,1,task_20251203_064555_149_66392a82_d124b805,0.5,0,167401,125.5
tools,meta,eog,csm,4,4,1,task_20251204_132620_055_5c0cd3a2_048c6e95,1.0,1,248601,319.1
tools,meta,eog,csm,4,4,1,task_20251205_095558_939_5c0cd3a2_4af4214c,1.0,1,303116,467.8
tools,meta,eog,csm,4,4,1,task_20251205_101915_742_d4a463c3_8eac8077,0.0,0,469547,824.2
tools,meta,eog,csm,4,4,1,task_20251205_153330_906_a8eea1c0_8c7a6205,0.666667,0,320664,403.6
tools,meta,eog,csm,4,4,1,task_20251207_174704_642_5c0cd3a2_c124578d,0.0,0,20912,45.4
tools,meta,eog,csm,4,4,1,task_20251209_122452_734_d4a463c3_e5f1961c,0.5,0,165262,164.4
tools,meta,eog,csm,4,4,1,task_20251212_011224_384_accab84d_4ad9b557,0.6,0,247986,215.4
tools,meta,eog,csm,4,4,1,task_20251231_123548_425_8cd8e61e_9303271e,0.0,0,116518,130.6
tools,meta,eog,csm,4,4,1,task_20251231_162628_797_a8eea1c0_0a53db6c,0.857143,0,200146,258.3
tools,meta,eog,csm,4,4,1,task_20260101_043715_660_a8eea1c0_7304e48e,0.8,0,292509,424.7
tools,meta,eog,csm,4,4,1,task_20260101_122222_300_ad5a67e3_3757206c,0.4,0,239947,353.5
tools,meta,eog,csm,4,4,1,task_20260101_162109_100_a8eea1c0_e88250ef,0.666667,0,264371,260.0
tools,meta,eog,csm,4,4,1,task_20260101_202840_239_a8eea1c0_0f425b23,0.7,0,578639,880.9
tools,meta,eog,csm,4,4,1,task_20260102_063731_186_d4a463c3_f1c4df9b,1.0,1,188849,181.5
tools,meta,eog,csm,4,4,1,task_20260102_080409_151_d4a463c3_56c32265,1.0,1,213804,266.2
tools,meta,eog,csm,4,4,1,task_20260106_161816_678_a8eea1c0_1ef46cba,0.714286,0,338644,334.8
tools,meta,eog,csm,4,4,1,task_20260107_111503_670_2aa6b0ad_e9611a77,1.0,1,323392,399.7
tools,meta,eog,csm,4,4,1,task_20260121_145409_648_1afb323a_4e203caa,0.0,0,227530,180.6
tools,meta,eog,csm,4,4,2,task_20251127_152838_396_99ba2325_8391501f,0.5,0,289793,226.6
tools,meta,eog,csm,4,4,2,task_20251128_204735_353_66392a82_3f8ef4a1,0.4,0,228246,237.5
tools,meta,eog,csm,4,4,2,task_20251201_164641_724_109c89c0_1b29acb9,0.5,0,573547,426.6
tools,meta,eog,csm,4,4,2,task_20251202_052822_939_66392a82_0479926e,1.0,1,211981,151.9
tools,meta,eog,csm,4,4,2,task_20251202_100743_745_109c89c0_958a07c1,0.0,0,20412,39.7
tools,meta,eog,csm,4,4,2,task_20251203_064555_149_66392a82_d124b805,0.5,0,162142,120.3
tools,meta,eog,csm,4,4,2,task_20251204_132620_055_5c0cd3a2_048c6e95,1.0,1,393138,436.1
tools,meta,eog,csm,4,4,2,task_20251205_095558_939_5c0cd3a2_4af4214c,0.5,0,243967,360.6
tools,meta,eog,csm,4,4,2,task_20251205_101915_742_d4a463c3_8eac8077,0.0,0,379043,577.6
tools,meta,eog,csm,4,4,2,task_20251205_153330_906_a8eea1c0_8c7a6205,0.666667,0,384126,451.9
tools,meta,eog,csm,4,4,2,task_20251207_174704_642_5c0cd3a2_c124578d,0.0,0,20709,28.7
tools,meta,eog,csm,4,4,2,task_20251209_122452_734_d4a463c3_e5f1961c,0.5,0,226932,253.7
tools,meta,eog,csm,4,4,2,task_20251212_011224_384_accab84d_4ad9b557,0.8,0,291565,513.3
tools,meta,eog,csm,4,4,2,task_20251231_123548_425_8cd8e61e_9303271e,0.0,0,149916,192.8
tools,meta,eog,csm,4,4,2,task_20251231_162628_797_a8eea1c0_0a53db6c,0.857143,0,245963,352.6
tools,meta,eog,csm,4,4,2,task_20260101_043715_660_a8eea1c0_7304e48e,0.9,0,309728,511.6
tools,meta,eog,csm,4,4,2,task_20260101_122222_300_ad5a67e3_3757206c,0.4,0,282642,323.1
tools,meta,eog,csm,4,4,2,task_20260101_162109_100_a8eea1c0_e88250ef,0.888889,0,144724,214.1
tools,meta,eog,csm,4,4,2,task_20260101_202840_239_a8eea1c0_0f425b23,0.7,0,643645,851.5
tools,meta,eog,csm,4,4,2,task_20260102_063731_186_d4a463c3_f1c4df9b,1.0,1,234665,215.1
tools,meta,eog,csm,4,4,2,task_20260102_080409_151_d4a463c3_56c32265,0.75,0,187538,187.1
tools,meta,eog,csm,4,4,2,task_20260106_161816_678_a8eea1c0_1ef46cba,0.714286,0,336876,293.3
tools,meta,eog,csm,4,4,2,task_20260107_111503_670_2aa6b0ad_e9611a77,1.0,1,274921,301.1
tools,meta,eog,csm,4,4,2,task_20260121_145409_648_1afb323a_4e203caa,0.0,0,206354,167.8
tools,meta,eog,csm,4,4,3,task_20251127_152838_396_99ba2325_8391501f,0.5,0,248181,222.0
tools,meta,eog,csm,4,4,3,task_20251128_204735_353_66392a82_3f8ef4a1,0.4,0,268463,241.6
tools,meta,eog,csm,4,4,3,task_20251201_164641_724_109c89c0_1b29acb9,0.5,0,523987,354.4
tools,meta,eog,csm,4,4,3,task_20251202_052822_939_66392a82_0479926e,0.8,0,162691,104.8
tools,meta,eog,csm,4,4,3,task_20251202_100743_745_109c89c0_958a07c1,0.333333,0,323502,487.6
tools,meta,eog,csm,4,4,3,task_20251203_064555_149_66392a82_d124b805,0.5,0,169194,140.8
tools,meta,eog,csm,4,4,3,task_20251204_132620_055_5c0cd3a2_048c6e95,1.0,1,287402,370.5
tools,meta,eog,csm,4,4,3,task_20251205_095558_939_5c0cd3a2_4af4214c,0.5,0,437185,565.4
tools,meta,eog,csm,4,4,3,task_20251205_101915_742_d4a463c3_8eac8077,0.25,0,196443,332.0
tools,meta,eog,csm,4,4,3,task_20251205_153330_906_a8eea1c0_8c7a6205,1.0,1,258218,343.3
tools,meta,eog,csm,4,4,3,task_20251207_174704_642_5c0cd3a2_c124578d,0.0,0,20860,50.0
tools,meta,eog,csm,4,4,3,task_20251209_122452_734_d4a463c3_e5f1961c,0.5,0,164046,165.2
tools,meta,eog,csm,4,4,3,task_20251212_011224_384_accab84d_4ad9b557,0.6,0,251407,300.9
tools,meta,eog,csm,4,4,3,task_20251231_123548_425_8cd8e61e_9303271e,0.0,0,65198,81.6
tools,meta,eog,csm,4,4,3,task_20251231_162628_797_a8eea1c0_0a53db6c,0.857143,0,396661,457.4
tools,meta,eog,csm,4,4,3,task_20260101_043715_660_a8eea1c0_7304e48e,0.5,0,402957,619.6
tools,meta,eog,csm,4,4,3,task_20260101_122222_300_ad5a67e3_3757206c,0.4,0,280464,259.3
tools,meta,eog,csm,4,4,3,task_20260101_162109_100_a8eea1c0_e88250ef,0.888889,0,431476,417.1
tools,meta,eog,csm,4,4,3,task_20260101_202840_239_a8eea1c0_0f425b23,0.7,0,582902,820.1
tools,meta,eog,csm,4,4,3,task_20260102_063731_186_d4a463c3_f1c4df9b,1.0,1,189238,197.3
tools,meta,eog,csm,4,4,3,task_20260102_080409_151_d4a463c3_56c32265,1.0,1,229370,225.0
tools,meta,eog,csm,4,4,3,task_20260106_161816_678_a8eea1c0_1ef46cba,0.714286,0,335640,286.2
tools,meta,eog,csm,4,4,3,task_20260107_111503_670_2aa6b0ad_e9611a77,1.0,1,301407,387.1
tools,meta,eog,csm,4,4,3,task_20260121_145409_648_1afb323a_4e203caa,0.0,0,209678,165.8
tools,meta,eog,drive,1,1,1,task_20251126_122314_557_be6c9105_daf0aae1,0.5,0,81391,77.4
tools,meta,eog,drive,1,1,1,task_20251126_122651_325_be6c9105_1864c322,0.75,0,73686,109.4
tools,meta,eog,drive,1,1,1,task_20251126_145836_025_be6c9105_3b572b98,0.25,0,73655,148.4
tools,meta,eog,drive,1,1,1,task_20251128_123025_545_13762b97_ad80b87c,0.666667,0,239184,301.5
tools,meta,eog,drive,1,1,1,task_20251128_123035_919_64a4ebb9_8b93bf99,1.0,1,75050,44.9
tools,meta,eog,drive,1,1,1,task_20251128_123301_181_64a4ebb9_4c1d5329,1.0,1,107079,77.0
tools,meta,eog,drive,1,1,1,task_20251128_123526_889_64a4ebb9_20d5e6ae,0.666667,0,81137,32.2
tools,meta,eog,drive,1,1,1,task_20251204_085603_739_ae7b45e2_b7a96253,0.5,0,128513,115.7
tools,meta,eog,drive,1,1,1,task_20251204_092258_460_be6c9105_33990b9e,0.0,0,112767,155.2
tools,meta,eog,drive,1,1,1,task_20251204_092557_093_ae7b45e2_24132aa0,0.75,0,121832,71.7
tools,meta,eog,drive,1,1,1,task_20251204_115902_743_13762b97_19892db1,0.333333,0,130279,102.3
tools,meta,eog,drive,1,1,1,task_20251204_122816_238_13762b97_cd4a8a4f,1.0,1,289582,340.2
tools,meta,eog,drive,1,1,1,task_20251205_162218_909_4d9df647_8538c2ae,0.166667,0,145039,396.1
tools,meta,eog,drive,1,1,1,task_20251211_105500_082_ae7b45e2_ee28e324,0.333333,0,107290,108.3
tools,meta,eog,drive,1,1,1,task_20251211_113022_685_23fcbcdb_906c78e7,0.2,0,58573,82.5
tools,meta,eog,drive,1,1,1,task_20251211_141114_742_4d9df647_e15bd80a,0.0,0,196497,292.3
tools,meta,eog,drive,1,1,1,task_20260105_170909_782_a9f62433_ecdfc657,1.0,1,112481,111.4
tools,meta,eog,drive,1,1,1,task_20260106_144651_681_4d9df647_72f9f11e,0.25,0,233788,298.4
tools,meta,eog,drive,1,1,1,task_20260107_162724_374_13762b97_6a97d001,1.0,1,128313,106.2
tools,meta,eog,drive,1,1,1,task_20260107_163801_607_64a4ebb9_6f9c4d1b,1.0,1,159909,84.3
tools,meta,eog,drive,1,1,1,task_20260107_173403_203_64a4ebb9_e8ddb8d7,1.0,1,177861,81.5
tools,meta,eog,drive,1,1,1,task_20260107_174626_202_64a4ebb9_e3e54b1d,1.0,1,156012,97.2
tools,meta,eog,drive,1,1,1,task_20260107_180857_873_ae7b45e2_47771a8c,0.333333,0,76053,54.6
tools,meta,eog,drive,1,1,1,task_20260108_101953_397_be6c9105_0ebb2503,1.0,1,118762,140.0
tools,meta,eog,drive,1,1,1,task_20260108_105408_681_be6c9105_852c4b49,0.666667,0,401072,342.8
tools,meta,eog,drive,1,1,1,task_20260108_133740_739_13762b97_41fc6ac0,0.857143,0,188203,237.8
tools,meta,eog,drive,1,1,1,task_20260108_203842_162_d8f93f2d_1aa3f29b,0.857143,0,252410,341.1
tools,meta,eog,drive,1,1,1,task_20260109_134319_026_64a4ebb9_98c48f81,0.75,0,99486,65.7
tools,meta,eog,drive,1,1,1,task_20260109_154737_612_4d9df647_ca8cc4b2,0.0,0,59403,121.6
tools,meta,eog,drive,1,1,2,task_20251126_122314_557_be6c9105_daf0aae1,1.0,1,119905,142.9
tools,meta,eog,drive,1,1,2,task_20251126_122651_325_be6c9105_1864c322,0.75,0,74866,180.6
tools,meta,eog,drive,1,1,2,task_20251126_145836_025_be6c9105_3b572b98,0.25,0,113948,191.7
tools,meta,eog,drive,1,1,2,task_20251128_123025_545_13762b97_ad80b87c,0.666667,0,187625,434.5
tools,meta,eog,drive,1,1,2,task_20251128_123035_919_64a4ebb9_8b93bf99,1.0,1,109183,103.0
tools,meta,eog,drive,1,1,2,task_20251128_123301_181_64a4ebb9_4c1d5329,1.0,1,107503,70.9
tools,meta,eog,drive,1,1,2,task_20251128_123526_889_64a4ebb9_20d5e6ae,0.666667,0,81281,25.3
tools,meta,eog,drive,1,1,2,task_20251204_085603_739_ae7b45e2_b7a96253,0.5,0,128069,113.4
tools,meta,eog,drive,1,1,2,task_20251204_092258_460_be6c9105_33990b9e,1.0,1,110831,113.1
tools,meta,eog,drive,1,1,2,task_20251204_092557_093_ae7b45e2_24132aa0,0.75,0,86056,53.3
tools,meta,eog,drive,1,1,2,task_20251204_115902_743_13762b97_19892db1,0.333333,0,195722,145.5
tools,meta,eog,drive,1,1,2,task_20251204_122816_238_13762b97_cd4a8a4f,1.0,1,200433,374.5
tools,meta,eog,drive,1,1,2,task_20251205_162218_909_4d9df647_8538c2ae,0.333333,0,140064,273.5
tools,meta,eog,drive,1,1,2,task_20251211_105500_082_ae7b45e2_ee28e324,0.333333,0,126457,125.3
tools,meta,eog,drive,1,1,2,task_20251211_113022_685_23fcbcdb_906c78e7,0.2,0,58423,75.6
tools,meta,eog,drive,1,1,2,task_20251211_141114_742_4d9df647_e15bd80a,0.0,0,83847,196.0
tools,meta,eog,drive,1,1,2,task_20260105_170909_782_a9f62433_ecdfc657,1.0,1,74246,112.1
tools,meta,eog,drive,1,1,2,task_20260106_144651_681_4d9df647_72f9f11e,0.75,0,292669,384.1
tools,meta,eog,drive,1,1,2,task_20260107_162724_374_13762b97_6a97d001,0.833333,0,153373,237.1
tools,meta,eog,drive,1,1,2,task_20260107_163801_607_64a4ebb9_6f9c4d1b,1.0,1,177863,78.3
tools,meta,eog,drive,1,1,2,task_20260107_173403_203_64a4ebb9_e8ddb8d7,0.5,0,154802,87.5
tools,meta,eog,drive,1,1,2,task_20260107_174626_202_64a4ebb9_e3e54b1d,1.0,1,178164,76.8
tools,meta,eog,drive,1,1,2,task_20260107_180857_873_ae7b45e2_47771a8c,0.333333,0,77186,54.3
tools,meta,eog,drive,1,1,2,task_20260108_101953_397_be6c9105_0ebb2503,1.0,1,114770,147.6
tools,meta,eog,drive,1,1,2,task_20260108_105408_681_be6c9105_852c4b49,1.0,1,326298,401.1
tools,meta,eog,drive,1,1,2,task_20260108_133740_739_13762b97_41fc6ac0,0.714286,0,369249,503.7
tools,meta,eog,drive,1,1,2,task_20260108_203842_162_d8f93f2d_1aa3f29b,1.0,1,315594,361.9
tools,meta,eog,drive,1,1,2,task_20260109_134319_026_64a4ebb9_98c48f81,0.75,0,100805,88.0
tools,meta,eog,drive,1,1,2,task_20260109_154737_612_4d9df647_ca8cc4b2,0.5,0,387118,422.9
tools,meta,eog,drive,1,1,3,task_20251126_122314_557_be6c9105_daf0aae1,0.5,0,99502,99.2
tools,meta,eog,drive,1,1,3,task_20251126_122651_325_be6c9105_1864c322,0.75,0,74786,69.5
tools,meta,eog,drive,1,1,3,task_20251126_145836_025_be6c9105_3b572b98,0.25,0,113720,177.2
tools,meta,eog,drive,1,1,3,task_20251128_123025_545_13762b97_ad80b87c,0.666667,0,158222,276.6
tools,meta,eog,drive,1,1,3,task_20251128_123035_919_64a4ebb9_8b93bf99,1.0,1,89012,58.2
tools,meta,eog,drive,1,1,3,task_20251128_123301_181_64a4ebb9_4c1d5329,1.0,1,160357,89.1
tools,meta,eog,drive,1,1,3,task_20251128_123526_889_64a4ebb9_20d5e6ae,0.666667,0,104195,65.9
tools,meta,eog,drive,1,1,3,task_20251204_085603_739_ae7b45e2_b7a96253,0.5,0,111102,127.0
tools,meta,eog,drive,1,1,3,task_20251204_092258_460_be6c9105_33990b9e,0.0,0,89545,143.4
tools,meta,eog,drive,1,1,3,task_20251204_092557_093_ae7b45e2_24132aa0,0.75,0,65305,36.3
tools,meta,eog,drive,1,1,3,task_20251204_115902_743_13762b97_19892db1,0.333333,0,201710,153.8
tools,meta,eog,drive,1,1,3,task_20251204_122816_238_13762b97_cd4a8a4f,1.0,1,309321,389.3
tools,meta,eog,drive,1,1,3,task_20251205_162218_909_4d9df647_8538c2ae,0.833333,0,218569,310.3
tools,meta,eog,drive,1,1,3,task_20251211_105500_082_ae7b45e2_ee28e324,0.333333,0,107803,115.6
tools,meta,eog,drive,1,1,3,task_20251211_113022_685_23fcbcdb_906c78e7,0.2,0,101473,99.0
tools,meta,eog,drive,1,1,3,task_20251211_141114_742_4d9df647_e15bd80a,0.0,0,101222,217.7
tools,meta,eog,drive,1,1,3,task_20260105_170909_782_a9f62433_ecdfc657,1.0,1,91012,90.5
tools,meta,eog,drive,1,1,3,task_20260106_144651_681_4d9df647_72f9f11e,0.25,0,295895,343.2
tools,meta,eog,drive,1,1,3,task_20260107_162724_374_13762b97_6a97d001,1.0,1,128753,111.8
tools,meta,eog,drive,1,1,3,task_20260107_163801_607_64a4ebb9_6f9c4d1b,1.0,1,179222,117.4
tools,meta,eog,drive,1,1,3,task_20260107_173403_203_64a4ebb9_e8ddb8d7,1.0,1,178837,128.8
tools,meta,eog,drive,1,1,3,task_20260107_174626_202_64a4ebb9_e3e54b1d,1.0,1,155691,96.1
tools,meta,eog,drive,1,1,3,task_20260107_180857_873_ae7b45e2_47771a8c,0.333333,0,76696,71.8
tools,meta,eog,drive,1,1,3,task_20260108_101953_397_be6c9105_0ebb2503,1.0,1,100758,144.5
tools,meta,eog,drive,1,1,3,task_20260108_105408_681_be6c9105_852c4b49,1.0,1,246250,302.7
tools,meta,eog,drive,1,1,3,task_20260108_133740_739_13762b97_41fc6ac0,0.857143,0,167252,225.0
tools,meta,eog,drive,1,1,3,task_20260108_203842_162_d8f93f2d_1aa3f29b,1.0,1,234190,372.7
tools,meta,eog,drive,1,1,3,task_20260109_134319_026_64a4ebb9_98c48f81,0.75,0,143453,77.6
tools,meta,eog,drive,1,1,3,task_20260109_154737_612_4d9df647_ca8cc4b2,0.25,0,290857,434.3
tools,meta,eog,drive,1,2,1,task_20251127_173847_074_4d9df647_632c493d,1.0,1,325008,460.8
tools,meta,eog,drive,1,2,1,task_20251204_045548_265_4d9df647_18dae74a,1.0,1,85536,109.0
tools,meta,eog,drive,1,2,1,task_20260105_095412_678_a9f62433_bb5f5bb7,1.0,1,158957,353.1
tools,meta,eog,drive,1,2,1,task_20260105_105429_833_a9f62433_b38b55f2,0.8,0,112902,188.3
tools,meta,eog,drive,1,2,1,task_20260105_113049_430_a9f62433_6dd18613,1.0,1,174223,272.9
tools,meta,eog,drive,1,2,1,task_20260106_155537_908_a9f62433_6d26efe3,1.0,1,222099,244.8
tools,meta,eog,drive,1,2,1,task_20260106_172901_590_a9f62433_f7baa0fa,0.0,0,67887,85.8
tools,meta,eog,drive,1,2,1,task_20260108_162316_574_13762b97_098a086c,0.714286,0,299139,313.8
tools,meta,eog,drive,1,2,1,task_20260109_100633_248_4c1a4a14_20a0385b,0.8,0,145364,318.4
tools,meta,eog,drive,1,2,1,task_20260112_111113_212_060e2c81_99e6099d,0.818182,0,281989,388.2
tools,meta,eog,drive,1,2,2,task_20251127_173847_074_4d9df647_632c493d,0.666667,0,379487,522.7
tools,meta,eog,drive,1,2,2,task_20251204_045548_265_4d9df647_18dae74a,1.0,1,129831,176.5
tools,meta,eog,drive,1,2,2,task_20260105_095412_678_a9f62433_bb5f5bb7,1.0,1,260418,498.4
tools,meta,eog,drive,1,2,2,task_20260105_105429_833_a9f62433_b38b55f2,1.0,1,154556,176.6
tools,meta,eog,drive,1,2,2,task_20260105_113049_430_a9f62433_6dd18613,1.0,1,151717,250.9
tools,meta,eog,drive,1,2,2,task_20260106_155537_908_a9f62433_6d26efe3,1.0,1,220692,218.5
tools,meta,eog,drive,1,2,2,task_20260106_172901_590_a9f62433_f7baa0fa,1.0,1,278739,374.1
tools,meta,eog,drive,1,2,2,task_20260108_162316_574_13762b97_098a086c,0.714286,0,258998,314.3
tools,meta,eog,drive,1,2,2,task_20260109_100633_248_4c1a4a14_20a0385b,1.0,1,163232,363.7
tools,meta,eog,drive,1,2,2,task_20260112_111113_212_060e2c81_99e6099d,0.818182,0,283653,381.7
tools,meta,eog,drive,1,2,3,task_20251127_173847_074_4d9df647_632c493d,0.333333,0,185609,678.0
tools,meta,eog,drive,1,2,3,task_20251204_045548_265_4d9df647_18dae74a,1.0,1,86190,165.4
tools,meta,eog,drive,1,2,3,task_20260105_095412_678_a9f62433_bb5f5bb7,1.0,1,238496,628.6
tools,meta,eog,drive,1,2,3,task_20260105_105429_833_a9f62433_b38b55f2,1.0,1,154281,215.2
tools,meta,eog,drive,1,2,3,task_20260105_113049_430_a9f62433_6dd18613,1.0,1,191187,328.5
tools,meta,eog,drive,1,2,3,task_20260106_155537_908_a9f62433_6d26efe3,1.0,1,197647,206.6
tools,meta,eog,drive,1,2,3,task_20260106_172901_590_a9f62433_f7baa0fa,1.0,1,257205,726.6
tools,meta,eog,drive,1,2,3,task_20260108_162316_574_13762b97_098a086c,0.857143,0,308253,698.1
tools,meta,eog,drive,1,2,3,task_20260109_100633_248_4c1a4a14_20a0385b,0.8,0,121192,527.3
tools,meta,eog,drive,1,2,3,task_20260112_111113_212_060e2c81_99e6099d,0.909091,0,306514,1033.3
tools,meta,eog,drive,2,1,1,task_20251126_122314_557_be6c9105_daf0aae1,1.0,1,113485,93.3
tools,meta,eog,drive,2,1,1,task_20251126_122651_325_be6c9105_1864c322,0.75,0,106630,118.0
tools,meta,eog,drive,2,1,1,task_20251126_145836_025_be6c9105_3b572b98,0.25,0,194595,323.9
tools,meta,eog,drive,2,1,1,task_20251128_123025_545_13762b97_ad80b87c,0.666667,0,203987,295.1
tools,meta,eog,drive,2,1,1,task_20251128_123035_919_64a4ebb9_8b93bf99,1.0,1,150785,69.4
tools,meta,eog,drive,2,1,1,task_20251128_123301_181_64a4ebb9_4c1d5329,1.0,1,123218,83.5
tools,meta,eog,drive,2,1,1,task_20251128_123526_889_64a4ebb9_20d5e6ae,0.666667,0,121205,51.8
tools,meta,eog,drive,2,1,1,task_20251204_085603_739_ae7b45e2_b7a96253,0.5,0,128455,137.5
tools,meta,eog,drive,2,1,1,task_20251204_092258_460_be6c9105_33990b9e,0.0,0,100101,188.4
tools,meta,eog,drive,2,1,1,task_20251204_092557_093_ae7b45e2_24132aa0,0.75,0,122375,74.3
tools,meta,eog,drive,2,1,1,task_20251204_115902_743_13762b97_19892db1,0.333333,0,307177,215.4
tools,meta,eog,drive,2,1,1,task_20251204_122816_238_13762b97_cd4a8a4f,1.0,1,244125,381.9
tools,meta,eog,drive,2,1,1,task_20251205_162218_909_4d9df647_8538c2ae,1.0,1,191750,272.0
tools,meta,eog,drive,2,1,1,task_20251211_105500_082_ae7b45e2_ee28e324,1.0,1,108780,82.7
tools,meta,eog,drive,2,1,1,task_20251211_113022_685_23fcbcdb_906c78e7,0.2,0,68589,89.4
tools,meta,eog,drive,2,1,1,task_20251211_141114_742_4d9df647_e15bd80a,0.0,0,170092,312.6
tools,meta,eog,drive,2,1,1,task_20260105_170909_782_a9f62433_ecdfc657,1.0,1,151092,89.0
tools,meta,eog,drive,2,1,1,task_20260106_144651_681_4d9df647_72f9f11e,0.5,0,324077,290.5
tools,meta,eog,drive,2,1,1,task_20260107_162724_374_13762b97_6a97d001,1.0,1,191040,141.6
tools,meta,eog,drive,2,1,1,task_20260107_163801_607_64a4ebb9_6f9c4d1b,1.0,1,182041,79.1
tools,meta,eog,drive,2,1,1,task_20260107_173403_203_64a4ebb9_e8ddb8d7,1.0,1,178296,93.6
tools,meta,eog,drive,2,1,1,task_20260107_174626_202_64a4ebb9_e3e54b1d,0.75,0,225610,144.4
tools,meta,eog,drive,2,1,1,task_20260107_180857_873_ae7b45e2_47771a8c,0.333333,0,87765,66.4
tools,meta,eog,drive,2,1,1,task_20260108_101953_397_be6c9105_0ebb2503,1.0,1,87109,79.3
tools,meta,eog,drive,2,1,1,task_20260108_105408_681_be6c9105_852c4b49,1.0,1,399401,308.1
tools,meta,eog,drive,2,1,1,task_20260108_133740_739_13762b97_41fc6ac0,0.714286,0,299458,369.9
tools,meta,eog,drive,2,1,1,task_20260108_203842_162_d8f93f2d_1aa3f29b,1.0,1,213897,251.3
tools,meta,eog,drive,2,1,1,task_20260109_134319_026_64a4ebb9_98c48f81,0.75,0,135913,186.4
tools,meta,eog,drive,2,1,1,task_20260109_154737_612_4d9df647_ca8cc4b2,0.25,0,320433,506.3
tools,meta,eog,drive,2,1,2,task_20251126_122314_557_be6c9105_daf0aae1,1.0,1,92494,109.6
tools,meta,eog,drive,2,1,2,task_20251126_122651_325_be6c9105_1864c322,0.75,0,107434,79.0
tools,meta,eog,drive,2,1,2,task_20251126_145836_025_be6c9105_3b572b98,0.25,0,152384,162.6
tools,meta,eog,drive,2,1,2,task_20251128_123025_545_13762b97_ad80b87c,0.666667,0,228483,328.5
tools,meta,eog,drive,2,1,2,task_20251128_123035_919_64a4ebb9_8b93bf99,1.0,1,150526,69.0
tools,meta,eog,drive,2,1,2,task_20251128_123301_181_64a4ebb9_4c1d5329,1.0,1,125087,49.2
tools,meta,eog,drive,2,1,2,task_20251128_123526_889_64a4ebb9_20d5e6ae,0.666667,0,79882,34.1
tools,meta,eog,drive,2,1,2,task_20251204_085603_739_ae7b45e2_b7a96253,0.5,0,103842,62.0
tools,meta,eog,drive,2,1,2,task_20251204_092258_460_be6c9105_33990b9e,1.0,1,121643,139.8
tools,meta,eog,drive,2,1,2,task_20251204_092557_093_ae7b45e2_24132aa0,0.75,0,101974,51.5
tools,meta,eog,drive,2,1,2,task_20251204_115902_743_13762b97_19892db1,0.333333,0,230354,131.9
tools,meta,eog,drive,2,1,2,task_20251204_122816_238_13762b97_cd4a8a4f,1.0,1,165580,175.1
tools,meta,eog,drive,2,1,2,task_20251205_162218_909_4d9df647_8538c2ae,0.333333,0,135870,198.7
tools,meta,eog,drive,2,1,2,task_20251211_105500_082_ae7b45e2_ee28e324,0.333333,0,61646,61.3
tools,meta,eog,drive,2,1,2,task_20251211_113022_685_23fcbcdb_906c78e7,0.2,0,92112,74.8
tools,meta,eog,drive,2,1,2,task_20251211_141114_742_4d9df647_e15bd80a,0.0,0,113375,143.5
tools,meta,eog,drive,2,1,2,task_20260105_170909_782_a9f62433_ecdfc657,1.0,1,109084,84.3
tools,meta,eog,drive,2,1,2,task_20260106_144651_681_4d9df647_72f9f11e,0.5,0,294042,185.3
tools,meta,eog,drive,2,1,2,task_20260107_162724_374_13762b97_6a97d001,1.0,1,148875,120.6
tools,meta,eog,drive,2,1,2,task_20260107_163801_607_64a4ebb9_6f9c4d1b,1.0,1,181797,71.5
tools,meta,eog,drive,2,1,2,task_20260107_173403_203_64a4ebb9_e8ddb8d7,1.0,1,177748,89.7
tools,meta,eog,drive,2,1,2,task_20260107_174626_202_64a4ebb9_e3e54b1d,1.0,1,177945,69.7
tools,meta,eog,drive,2,1,2,task_20260107_180857_873_ae7b45e2_47771a8c,0.333333,0,87784,41.3
tools,meta,eog,drive,2,1,2,task_20260108_101953_397_be6c9105_0ebb2503,1.0,1,108117,102.3
tools,meta,eog,drive,2,1,2,task_20260108_105408_681_be6c9105_852c4b49,1.0,1,474481,363.8
tools,meta,eog,drive,2,1,2,task_20260108_133740_739_13762b97_41fc6ac0,0.714286,0,225419,234.8
tools,meta,eog,drive,2,1,2,task_20260108_203842_162_d8f93f2d_1aa3f29b,1.0,1,311610,451.5
tools,meta,eog,drive,2,1,2,task_20260109_134319_026_64a4ebb9_98c48f81,0.75,0,111755,75.8
tools,meta,eog,drive,2,1,2,task_20260109_154737_612_4d9df647_ca8cc4b2,0.25,0,527825,576.1
tools,meta,eog,drive,2,1,3,task_20251126_122314_557_be6c9105_daf0aae1,1.0,1,114023,101.1
tools,meta,eog,drive,2,1,3,task_20251126_122651_325_be6c9105_1864c322,0.75,0,86327,74.9
tools,meta,eog,drive,2,1,3,task_20251126_145836_025_be6c9105_3b572b98,0.25,0,85468,108.0
tools,meta,eog,drive,2,1,3,task_20251128_123025_545_13762b97_ad80b87c,0.666667,0,249738,289.9
tools,meta,eog,drive,2,1,3,task_20251128_123035_919_64a4ebb9_8b93bf99,1.0,1,122471,59.3
tools,meta,eog,drive,2,1,3,task_20251128_123301_181_64a4ebb9_4c1d5329,1.0,1,122293,36.3
tools,meta,eog,drive,2,1,3,task_20251128_123526_889_64a4ebb9_20d5e6ae,0.666667,0,120262,38.4
tools,meta,eog,drive,2,1,3,task_20251204_085603_739_ae7b45e2_b7a96253,0.5,0,148044,89.9
tools,meta,eog,drive,2,1,3,task_20251204_092258_460_be6c9105_33990b9e,0.0,0,125539,125.6
tools,meta,eog,drive,2,1,3,task_20251204_092557_093_ae7b45e2_24132aa0,0.75,0,121323,58.1
tools,meta,eog,drive,2,1,3,task_20251204_115902_743_13762b97_19892db1,0.333333,0,244035,100.1
tools,meta,eog,drive,2,1,3,task_20251204_122816_238_13762b97_cd4a8a4f,1.0,1,316512,356.0
tools,meta,eog,drive,2,1,3,task_20251205_162218_909_4d9df647_8538c2ae,0.333333,0,113972,155.5
tools,meta,eog,drive,2,1,3,task_20251211_105500_082_ae7b45e2_ee28e324,0.333333,0,103525,95.9
tools,meta,eog,drive,2,1,3,task_20251211_113022_685_23fcbcdb_906c78e7,0.2,0,165768,116.3
tools,meta,eog,drive,2,1,3,task_20251211_141114_742_4d9df647_e15bd80a,0.0,0,168663,215.7
tools,meta,eog,drive,2,1,3,task_20260105_170909_782_a9f62433_ecdfc657,1.0,1,104971,77.3
tools,meta,eog,drive,2,1,3,task_20260106_144651_681_4d9df647_72f9f11e,0.5,0,299403,298.3
tools,meta,eog,drive,2,1,3,task_20260107_162724_374_13762b97_6a97d001,1.0,1,147924,94.0
tools,meta,eog,drive,2,1,3,task_20260107_163801_607_64a4ebb9_6f9c4d1b,1.0,1,181733,79.6
tools,meta,eog,drive,2,1,3,task_20260107_173403_203_64a4ebb9_e8ddb8d7,1.0,1,178035,82.4
tools,meta,eog,drive,2,1,3,task_20260107_174626_202_64a4ebb9_e3e54b1d,1.0,1,202512,67.4
tools,meta,eog,drive,2,1,3,task_20260107_180857_873_ae7b45e2_47771a8c,0.333333,0,87599,64.4
tools,meta,eog,drive,2,1,3,task_20260108_101953_397_be6c9105_0ebb2503,1.0,1,88633,112.0
tools,meta,eog,drive,2,1,3,task_20260108_105408_681_be6c9105_852c4b49,0.833333,0,503463,370.9
tools,meta,eog,drive,2,1,3,task_20260108_133740_739_13762b97_41fc6ac0,0.714286,0,170704,225.5
tools,meta,eog,drive,2,1,3,task_20260108_203842_162_d8f93f2d_1aa3f29b,1.0,1,259730,274.8
tools,meta,eog,drive,2,1,3,task_20260109_134319_026_64a4ebb9_98c48f81,0.75,0,89252,84.2
tools,meta,eog,drive,2,1,3,task_20260109_154737_612_4d9df647_ca8cc4b2,0.25,0,407508,503.9
tools,meta,eog,drive,2,2,1,task_20251127_173847_074_4d9df647_632c493d,0.666667,0,405853,349.4
tools,meta,eog,drive,2,2,1,task_20251204_045548_265_4d9df647_18dae74a,1.0,1,88297,84.7
tools,meta,eog,drive,2,2,1,task_20260105_095412_678_a9f62433_bb5f5bb7,1.0,1,161263,185.9
tools,meta,eog,drive,2,2,1,task_20260105_105429_833_a9f62433_b38b55f2,0.8,0,111053,83.4
tools,meta,eog,drive,2,2,1,task_20260105_113049_430_a9f62433_6dd18613,1.0,1,174972,166.7
tools,meta,eog,drive,2,2,1,task_20260106_155537_908_a9f62433_6d26efe3,1.0,1,229788,106.8
tools,meta,eog,drive,2,2,1,task_20260106_172901_590_a9f62433_f7baa0fa,1.0,1,231253,136.7
tools,meta,eog,drive,2,2,1,task_20260108_162316_574_13762b97_098a086c,0.714286,0,472211,296.4
tools,meta,eog,drive,2,2,1,task_20260109_100633_248_4c1a4a14_20a0385b,0.4,0,189938,235.0
tools,meta,eog,drive,2,2,1,task_20260112_111113_212_060e2c81_99e6099d,0.818182,0,255812,209.2
tools,meta,eog,drive,2,2,2,task_20251127_173847_074_4d9df647_632c493d,0.666667,0,261917,359.2
tools,meta,eog,drive,2,2,2,task_20251204_045548_265_4d9df647_18dae74a,1.0,1,130720,157.2
tools,meta,eog,drive,2,2,2,task_20260105_095412_678_a9f62433_bb5f5bb7,1.0,1,188464,324.0
tools,meta,eog,drive,2,2,2,task_20260105_105429_833_a9f62433_b38b55f2,0.8,0,125906,147.3
tools,meta,eog,drive,2,2,2,task_20260105_113049_430_a9f62433_6dd18613,0.8,0,192405,246.0
tools,meta,eog,drive,2,2,2,task_20260106_155537_908_a9f62433_6d26efe3,0.0,0,21708,51.0
tools,meta,eog,drive,2,2,2,task_20260106_172901_590_a9f62433_f7baa0fa,1.0,1,259075,250.9
tools,meta,eog,drive,2,2,2,task_20260108_162316_574_13762b97_098a086c,0.714286,0,286024,311.8
tools,meta,eog,drive,2,2,2,task_20260109_100633_248_4c1a4a14_20a0385b,0.8,0,141548,321.2
tools,meta,eog,drive,2,2,2,task_20260112_111113_212_060e2c81_99e6099d,0.818182,0,253352,300.2
tools,meta,eog,drive,2,2,3,task_20251127_173847_074_4d9df647_632c493d,0.666667,0,129858,185.5
tools,meta,eog,drive,2,2,3,task_20251204_045548_265_4d9df647_18dae74a,1.0,1,131022,132.2
tools,meta,eog,drive,2,2,3,task_20260105_095412_678_a9f62433_bb5f5bb7,1.0,1,294913,319.9
tools,meta,eog,drive,2,2,3,task_20260105_105429_833_a9f62433_b38b55f2,1.0,1,193063,119.8
tools,meta,eog,drive,2,2,3,task_20260105_113049_430_a9f62433_6dd18613,1.0,1,131488,215.1
tools,meta,eog,drive,2,2,3,task_20260106_155537_908_a9f62433_6d26efe3,1.0,1,248970,219.8
tools,meta,eog,drive,2,2,3,task_20260106_172901_590_a9f62433_f7baa0fa,1.0,1,280895,244.0
tools,meta,eog,drive,2,2,3,task_20260108_162316_574_13762b97_098a086c,0.857143,0,346793,317.3
tools,meta,eog,drive,2,2,3,task_20260109_100633_248_4c1a4a14_20a0385b,0.8,0,242636,313.6
tools,meta,eog,drive,2,2,3,task_20260112_111113_212_060e2c81_99e6099d,0.818182,0,254664,231.7
tools,meta,eog,drive,2,3,1,task_20251204_151109_029_ae7b45e2_1fa53dbc,1.0,1,237162,403.7
tools,meta,eog,drive,2,3,1,task_20251205_143732_430_4d9df647_6aceefba,0.75,0,331395,556.5
tools,meta,eog,drive,2,3,1,task_20251210_200511_673_4a23b9c9_dcd88f59,1.0,1,164921,256.4
tools,meta,eog,drive,2,3,1,task_20260108_113744_344_a9f62433_9cdd0a8f,1.0,1,390222,410.9
tools,meta,eog,drive,2,3,1,task_20260109_074002_906_060e2c81_e0a9e99d,0.666667,0,174105,210.7
tools,meta,eog,drive,2,3,1,task_20260109_145235_208_64a4ebb9_9befb3ae,1.0,1,191341,360.9
tools,meta,eog,drive,2,3,2,task_20251204_151109_029_ae7b45e2_1fa53dbc,1.0,1,249672,295.4
tools,meta,eog,drive,2,3,2,task_20251205_143732_430_4d9df647_6aceefba,0.75,0,294389,521.5
tools,meta,eog,drive,2,3,2,task_20251210_200511_673_4a23b9c9_dcd88f59,1.0,1,249784,338.8
tools,meta,eog,drive,2,3,2,task_20260108_113744_344_a9f62433_9cdd0a8f,1.0,1,191839,260.0
tools,meta,eog,drive,2,3,2,task_20260109_074002_906_060e2c81_e0a9e99d,0.666667,0,232046,261.3
tools,meta,eog,drive,2,3,2,task_20260109_145235_208_64a4ebb9_9befb3ae,1.0,1,243567,288.4
tools,meta,eog,drive,2,3,3,task_20251204_151109_029_ae7b45e2_1fa53dbc,1.0,1,261054,248.2
tools,meta,eog,drive,2,3,3,task_20251205_143732_430_4d9df647_6aceefba,1.0,1,390336,450.6
tools,meta,eog,drive,2,3,3,task_20251210_200511_673_4a23b9c9_dcd88f59,0.5,0,92237,76.7
tools,meta,eog,drive,2,3,3,task_20260108_113744_344_a9f62433_9cdd0a8f,1.0,1,267883,265.1
tools,meta,eog,drive,2,3,3,task_20260109_074002_906_060e2c81_e0a9e99d,0.666667,0,181127,192.7
tools,meta,eog,drive,2,3,3,task_20260109_145235_208_64a4ebb9_9befb3ae,1.0,1,145389,207.7
tools,meta,eog,drive,3,1,1,task_20251126_122314_557_be6c9105_daf0aae1,0.5,0,101419,87.3
tools,meta,eog,drive,3,1,1,task_20251126_122651_325_be6c9105_1864c322,1.0,1,94503,92.3
tools,meta,eog,drive,3,1,1,task_20251126_145836_025_be6c9105_3b572b98,0.25,0,141445,166.0
tools,meta,eog,drive,3,1,1,task_20251128_123025_545_13762b97_ad80b87c,0.666667,0,249342,319.7
tools,meta,eog,drive,3,1,1,task_20251128_123035_919_64a4ebb9_8b93bf99,1.0,1,166523,73.0
tools,meta,eog,drive,3,1,1,task_20251128_123301_181_64a4ebb9_4c1d5329,1.0,1,117775,50.1
tools,meta,eog,drive,3,1,1,task_20251128_123526_889_64a4ebb9_20d5e6ae,0.666667,0,134803,61.2
tools,meta,eog,drive,3,1,1,task_20251204_085603_739_ae7b45e2_b7a96253,0.375,0,117852,92.5
tools,meta,eog,drive,3,1,1,task_20251204_092258_460_be6c9105_33990b9e,1.0,1,142845,171.0
tools,meta,eog,drive,3,1,1,task_20251204_092557_093_ae7b45e2_24132aa0,0.75,0,135512,72.2
tools,meta,eog,drive,3,1,1,task_20251204_115902_743_13762b97_19892db1,0.333333,0,299622,144.4
tools,meta,eog,drive,3,1,1,task_20251204_122816_238_13762b97_cd4a8a4f,1.0,1,355616,324.4
tools,meta,eog,drive,3,1,1,task_20251205_162218_909_4d9df647_8538c2ae,1.0,1,172995,168.2
tools,meta,eog,drive,3,1,1,task_20251211_105500_082_ae7b45e2_ee28e324,0.333333,0,92438,93.0
tools,meta,eog,drive,3,1,1,task_20251211_113022_685_23fcbcdb_906c78e7,0.2,0,75463,102.7
tools,meta,eog,drive,3,1,1,task_20251211_141114_742_4d9df647_e15bd80a,0.0,0,339117,368.1
tools,meta,eog,drive,3,1,1,task_20260105_170909_782_a9f62433_ecdfc657,1.0,1,116890,84.2
tools,meta,eog,drive,3,1,1,task_20260106_144651_681_4d9df647_72f9f11e,0.5,0,292068,257.6
tools,meta,eog,drive,3,1,1,task_20260107_162724_374_13762b97_6a97d001,1.0,1,188565,118.0
tools,meta,eog,drive,3,1,1,task_20260107_163801_607_64a4ebb9_6f9c4d1b,1.0,1,201559,99.7
tools,meta,eog,drive,3,1,1,task_20260107_173403_203_64a4ebb9_e8ddb8d7,1.0,1,219892,103.4
tools,meta,eog,drive,3,1,1,task_20260107_174626_202_64a4ebb9_e3e54b1d,1.0,1,223773,62.2
tools,meta,eog,drive,3,1,1,task_20260107_180857_873_ae7b45e2_47771a8c,0.333333,0,96473,30.7
tools,meta,eog,drive,3,1,1,task_20260108_101953_397_be6c9105_0ebb2503,1.0,1,145921,122.4
tools,meta,eog,drive,3,1,1,task_20260108_105408_681_be6c9105_852c4b49,0.833333,0,465563,316.2
tools,meta,eog,drive,3,1,1,task_20260108_133740_739_13762b97_41fc6ac0,0.714286,0,272552,247.6
tools,meta,eog,drive,3,1,1,task_20260108_203842_162_d8f93f2d_1aa3f29b,1.0,1,319030,290.1
tools,meta,eog,drive,3,1,1,task_20260109_134319_026_64a4ebb9_98c48f81,0.75,0,150305,124.3
tools,meta,eog,drive,3,1,1,task_20260109_154737_612_4d9df647_ca8cc4b2,0.5,0,366135,504.3
tools,meta,eog,drive,3,1,2,task_20251126_122314_557_be6c9105_daf0aae1,0.5,0,203063,144.2
tools,meta,eog,drive,3,1,2,task_20251126_122651_325_be6c9105_1864c322,1.0,1,120976,85.0
tools,meta,eog,drive,3,1,2,task_20251126_145836_025_be6c9105_3b572b98,0.25,0,141898,154.1
tools,meta,eog,drive,3,1,2,task_20251128_123025_545_13762b97_ad80b87c,0.666667,0,198229,268.7
tools,meta,eog,drive,3,1,2,task_20251128_123035_919_64a4ebb9_8b93bf99,1.0,1,190433,98.2
tools,meta,eog,drive,3,1,2,task_20251128_123301_181_64a4ebb9_4c1d5329,1.0,1,115443,45.9
tools,meta,eog,drive,3,1,2,task_20251128_123526_889_64a4ebb9_20d5e6ae,0.666667,0,133910,48.3
tools,meta,eog,drive,3,1,2,task_20251204_085603_739_ae7b45e2_b7a96253,0.5,0,142499,105.7
tools,meta,eog,drive,3,1,2,task_20251204_092258_460_be6c9105_33990b9e,1.0,1,142624,163.5
tools,meta,eog,drive,3,1,2,task_20251204_092557_093_ae7b45e2_24132aa0,0.75,0,111116,86.4
tools,meta,eog,drive,3,1,2,task_20251204_115902_743_13762b97_19892db1,0.333333,0,199941,92.4
tools,meta,eog,drive,3,1,2,task_20251204_122816_238_13762b97_cd4a8a4f,1.0,1,296911,313.6
tools,meta,eog,drive,3,1,2,task_20251205_162218_909_4d9df647_8538c2ae,0.166667,0,125194,182.8
tools,meta,eog,drive,3,1,2,task_20251211_105500_082_ae7b45e2_ee28e324,1.0,1,124465,121.9
tools,meta,eog,drive,3,1,2,task_20251211_113022_685_23fcbcdb_906c78e7,0.2,0,74735,113.2
tools,meta,eog,drive,3,1,2,task_20251211_141114_742_4d9df647_e15bd80a,0.25,0,231872,241.0
tools,meta,eog,drive,3,1,2,task_20260105_170909_782_a9f62433_ecdfc657,1.0,1,118468,121.1
tools,meta,eog,drive,3,1,2,task_20260106_144651_681_4d9df647_72f9f11e,0.5,0,325129,282.5
tools,meta,eog,drive,3,1,2,task_20260107_162724_374_13762b97_6a97d001,1.0,1,165241,132.2
tools,meta,eog,drive,3,1,2,task_20260107_163801_607_64a4ebb9_6f9c4d1b,1.0,1,224818,133.7
tools,meta,eog,drive,3,1,2,task_20260107_173403_203_64a4ebb9_e8ddb8d7,1.0,1,220075,126.6
tools,meta,eog,drive,3,1,2,task_20260107_174626_202_64a4ebb9_e3e54b1d,1.0,1,195608,102.8
tools,meta,eog,drive,3,1,2,task_20260107_180857_873_ae7b45e2_47771a8c,0.333333,0,96884,109.9
tools,meta,eog,drive,3,1,2,task_20260108_101953_397_be6c9105_0ebb2503,1.0,1,123203,139.6
tools,meta,eog,drive,3,1,2,task_20260108_105408_681_be6c9105_852c4b49,1.0,1,478908,368.3
tools,meta,eog,drive,3,1,2,task_20260108_133740_739_13762b97_41fc6ac0,0.857143,0,217154,261.0
tools,meta,eog,drive,3,1,2,task_20260108_203842_162_d8f93f2d_1aa3f29b,1.0,1,260944,337.7
tools,meta,eog,drive,3,1,2,task_20260109_134319_026_64a4ebb9_98c48f81,0.75,0,101363,69.8
tools,meta,eog,drive,3,1,2,task_20260109_154737_612_4d9df647_ca8cc4b2,0.5,0,463068,627.4
tools,meta,eog,drive,3,1,3,task_20251126_122314_557_be6c9105_daf0aae1,1.0,1,99629,91.2
tools,meta,eog,drive,3,1,3,task_20251126_122651_325_be6c9105_1864c322,1.0,1,120665,114.0
tools,meta,eog,drive,3,1,3,task_20251126_145836_025_be6c9105_3b572b98,0.25,0,144946,161.8
tools,meta,eog,drive,3,1,3,task_20251128_123025_545_13762b97_ad80b87c,0.666667,0,165696,189.7
tools,meta,eog,drive,3,1,3,task_20251128_123035_919_64a4ebb9_8b93bf99,1.0,1,143338,50.4
tools,meta,eog,drive,3,1,3,task_20251128_123301_181_64a4ebb9_4c1d5329,1.0,1,137708,60.2
tools,meta,eog,drive,3,1,3,task_20251128_123526_889_64a4ebb9_20d5e6ae,0.666667,0,134110,40.7
tools,meta,eog,drive,3,1,3,task_20251204_085603_739_ae7b45e2_b7a96253,0.375,0,143536,118.0
tools,meta,eog,drive,3,1,3,task_20251204_092258_460_be6c9105_33990b9e,0.0,0,108750,125.7
tools,meta,eog,drive,3,1,3,task_20251204_092557_093_ae7b45e2_24132aa0,0.75,0,112262,63.1
tools,meta,eog,drive,3,1,3,task_20251204_115902_743_13762b97_19892db1,0.333333,0,267849,138.5
tools,meta,eog,drive,3,1,3,task_20251204_122816_238_13762b97_cd4a8a4f,1.0,1,422009,378.2
tools,meta,eog,drive,3,1,3,task_20251205_162218_909_4d9df647_8538c2ae,1.0,1,176777,195.9
tools,meta,eog,drive,3,1,3,task_20251211_105500_082_ae7b45e2_ee28e324,1.0,1,143278,81.2
tools,meta,eog,drive,3,1,3,task_20251211_113022_685_23fcbcdb_906c78e7,0.2,0,129874,126.5
tools,meta,eog,drive,3,1,3,task_20251211_141114_742_4d9df647_e15bd80a,0.0,0,188092,225.6
tools,meta,eog,drive,3,1,3,task_20260105_170909_782_a9f62433_ecdfc657,1.0,1,117875,78.7
tools,meta,eog,drive,3,1,3,task_20260106_144651_681_4d9df647_72f9f11e,0.5,0,383174,354.2
tools,meta,eog,drive,3,1,3,task_20260107_162724_374_13762b97_6a97d001,1.0,1,214722,153.0
tools,meta,eog,drive,3,1,3,task_20260107_163801_607_64a4ebb9_6f9c4d1b,1.0,1,200110,95.1
tools,meta,eog,drive,3,1,3,task_20260107_173403_203_64a4ebb9_e8ddb8d7,1.0,1,196492,92.2
tools,meta,eog,drive,3,1,3,task_20260107_174626_202_64a4ebb9_e3e54b1d,1.0,1,223376,84.6
tools,meta,eog,drive,3,1,3,task_20260107_180857_873_ae7b45e2_47771a8c,0.333333,0,97363,69.5
tools,meta,eog,drive,3,1,3,task_20260108_101953_397_be6c9105_0ebb2503,1.0,1,147420,115.2
tools,meta,eog,drive,3,1,3,task_20260108_105408_681_be6c9105_852c4b49,1.0,1,268496,209.0
tools,meta,eog,drive,3,1,3,task_20260108_133740_739_13762b97_41fc6ac0,0.571429,0,251051,294.6
tools,meta,eog,drive,3,1,3,task_20260108_203842_162_d8f93f2d_1aa3f29b,1.0,1,288195,301.9
tools,meta,eog,drive,3,1,3,task_20260109_134319_026_64a4ebb9_98c48f81,0.75,0,75994,55.1
tools,meta,eog,drive,3,1,3,task_20260109_154737_612_4d9df647_ca8cc4b2,0.25,0,258291,348.5
tools,meta,eog,drive,3,2,1,task_20251127_173847_074_4d9df647_632c493d,0.666667,0,374690,250.8
tools,meta,eog,drive,3,2,1,task_20251204_045548_265_4d9df647_18dae74a,1.0,1,142625,81.3
tools,meta,eog,drive,3,2,1,task_20260105_095412_678_a9f62433_bb5f5bb7,1.0,1,288456,234.7
tools,meta,eog,drive,3,2,1,task_20260105_105429_833_a9f62433_b38b55f2,0.8,0,275418,108.3
tools,meta,eog,drive,3,2,1,task_20260105_113049_430_a9f62433_6dd18613,1.0,1,221105,188.0
tools,meta,eog,drive,3,2,1,task_20260106_155537_908_a9f62433_6d26efe3,0.0,0,46624,41.6
tools,meta,eog,drive,3,2,1,task_20260106_172901_590_a9f62433_f7baa0fa,0.0,0,22967,14.5
tools,meta,eog,drive,3,2,1,task_20260108_162316_574_13762b97_098a086c,0.714286,0,336910,183.4
tools,meta,eog,drive,3,2,1,task_20260109_100633_248_4c1a4a14_20a0385b,1.0,1,183767,250.8
tools,meta,eog,drive,3,2,1,task_20260112_111113_212_060e2c81_99e6099d,0.909091,0,345179,243.0
tools,meta,eog,drive,3,2,2,task_20251127_173847_074_4d9df647_632c493d,0.666667,0,249878,217.5
tools,meta,eog,drive,3,2,2,task_20251204_045548_265_4d9df647_18dae74a,1.0,1,124689,106.6
tools,meta,eog,drive,3,2,2,task_20260105_095412_678_a9f62433_bb5f5bb7,1.0,1,456029,341.0
tools,meta,eog,drive,3,2,2,task_20260105_105429_833_a9f62433_b38b55f2,1.0,1,240037,96.0
tools,meta,eog,drive,3,2,2,task_20260105_113049_430_a9f62433_6dd18613,1.0,1,148189,164.4
tools,meta,eog,drive,3,2,2,task_20260106_155537_908_a9f62433_6d26efe3,1.0,1,221055,123.9
tools,meta,eog,drive,3,2,2,task_20260106_172901_590_a9f62433_f7baa0fa,1.0,1,280591,177.5
tools,meta,eog,drive,3,2,2,task_20260108_162316_574_13762b97_098a086c,0.428571,0,331007,192.3
tools,meta,eog,drive,3,2,2,task_20260109_100633_248_4c1a4a14_20a0385b,1.0,1,107580,138.1
tools,meta,eog,drive,3,2,2,task_20260112_111113_212_060e2c81_99e6099d,0.909091,0,307044,210.3
tools,meta,eog,drive,3,2,3,task_20251127_173847_074_4d9df647_632c493d,0.666667,0,346960,243.2
tools,meta,eog,drive,3,2,3,task_20251204_045548_265_4d9df647_18dae74a,1.0,1,145653,131.0
tools,meta,eog,drive,3,2,3,task_20260105_095412_678_a9f62433_bb5f5bb7,1.0,1,172316,192.3
tools,meta,eog,drive,3,2,3,task_20260105_105429_833_a9f62433_b38b55f2,1.0,1,220977,90.3
tools,meta,eog,drive,3,2,3,task_20260105_113049_430_a9f62433_6dd18613,1.0,1,169008,169.9
tools,meta,eog,drive,3,2,3,task_20260106_155537_908_a9f62433_6d26efe3,1.0,1,241311,104.6
tools,meta,eog,drive,3,2,3,task_20260106_172901_590_a9f62433_f7baa0fa,0.0,0,49045,90.4
tools,meta,eog,drive,3,2,3,task_20260108_162316_574_13762b97_098a086c,0.857143,0,327494,231.1
tools,meta,eog,drive,3,2,3,task_20260109_100633_248_4c1a4a14_20a0385b,1.0,1,238522,223.2
tools,meta,eog,drive,3,2,3,task_20260112_111113_212_060e2c81_99e6099d,0.818182,0,301194,196.8
tools,meta,eog,drive,3,3,1,task_20251204_151109_029_ae7b45e2_1fa53dbc,1.0,1,309155,174.0
tools,meta,eog,drive,3,3,1,task_20251205_143732_430_4d9df647_6aceefba,1.0,1,351301,305.9
tools,meta,eog,drive,3,3,1,task_20251210_200511_673_4a23b9c9_dcd88f59,1.0,1,222148,129.5
tools,meta,eog,drive,3,3,1,task_20260108_113744_344_a9f62433_9cdd0a8f,1.0,1,470881,268.1
tools,meta,eog,drive,3,3,1,task_20260109_074002_906_060e2c81_e0a9e99d,0.666667,0,174073,95.2
tools,meta,eog,drive,3,3,1,task_20260109_145235_208_64a4ebb9_9befb3ae,1.0,1,190074,178.1
tools,meta,eog,drive,3,3,2,task_20251204_151109_029_ae7b45e2_1fa53dbc,1.0,1,255511,192.2
tools,meta,eog,drive,3,3,2,task_20251205_143732_430_4d9df647_6aceefba,1.0,1,253159,247.0
tools,meta,eog,drive,3,3,2,task_20251210_200511_673_4a23b9c9_dcd88f59,1.0,1,136207,106.9
tools,meta,eog,drive,3,3,2,task_20260108_113744_344_a9f62433_9cdd0a8f,1.0,1,374208,225.5
tools,meta,eog,drive,3,3,2,task_20260109_074002_906_060e2c81_e0a9e99d,0.666667,0,173295,109.4
tools,meta,eog,drive,3,3,2,task_20260109_145235_208_64a4ebb9_9befb3ae,1.0,1,221243,181.5
tools,meta,eog,drive,3,3,3,task_20251204_151109_029_ae7b45e2_1fa53dbc,1.0,1,128395,95.5
tools,meta,eog,drive,3,3,3,task_20251205_143732_430_4d9df647_6aceefba,1.0,1,461448,365.7
tools,meta,eog,drive,3,3,3,task_20251210_200511_673_4a23b9c9_dcd88f59,1.0,1,223906,158.4
tools,meta,eog,drive,3,3,3,task_20260108_113744_344_a9f62433_9cdd0a8f,1.0,1,212056,87.2
tools,meta,eog,drive,3,3,3,task_20260109_074002_906_060e2c81_e0a9e99d,0.666667,0,199457,106.1
tools,meta,eog,drive,3,3,3,task_20260109_145235_208_64a4ebb9_9befb3ae,1.0,1,194307,190.3
tools,meta,eog,email,1,1,1,task_20260106_060646_574_1628b966_0fc7207a,1.0,1,32798,103.3
tools,meta,eog,email,1,1,1,task_20260106_140034_876_e7cfb93b_fc943e0e,0.6,0,77580,332.1
tools,meta,eog,email,1,1,2,task_20260106_060646_574_1628b966_0fc7207a,1.0,1,42908,168.7
tools,meta,eog,email,1,1,2,task_20260106_140034_876_e7cfb93b_fc943e0e,0.2,0,52877,302.1
tools,meta,eog,email,1,1,3,task_20260106_060646_574_1628b966_0fc7207a,1.0,1,41425,170.2
tools,meta,eog,email,1,1,3,task_20260106_140034_876_e7cfb93b_fc943e0e,0.2,0,101453,627.5
tools,meta,eog,email,1,2,1,task_20251203_093009_456_701c5774_24b57fbd,0.5,0,77432,289.8
tools,meta,eog,email,1,2,1,task_20251203_180743_144_e7cfb93b_56dbcb89,1.0,1,73688,204.2
tools,meta,eog,email,1,2,1,task_20260105_182555_369_e7cfb93b_c2cc205b,1.0,1,104735,425.2
tools,meta,eog,email,1,2,1,task_20260105_214127_504_e7cfb93b_e6640be3,1.0,1,64006,254.4
tools,meta,eog,email,1,2,1,task_20260106_213903_609_e7cfb93b_5e95c001,1.0,1,58102,168.6
tools,meta,eog,email,1,2,1,task_20260108_050214_962_e5bf1251_0cabbd3d,0.666667,0,71366,184.3
tools,meta,eog,email,1,2,2,task_20251203_093009_456_701c5774_24b57fbd,0.5,0,33617,154.9
tools,meta,eog,email,1,2,2,task_20251203_180743_144_e7cfb93b_56dbcb89,1.0,1,74288,263.9
tools,meta,eog,email,1,2,2,task_20260105_182555_369_e7cfb93b_c2cc205b,0.833333,0,143169,517.2
tools,meta,eog,email,1,2,2,task_20260105_214127_504_e7cfb93b_e6640be3,1.0,1,67994,347.9
tools,meta,eog,email,1,2,2,task_20260106_213903_609_e7cfb93b_5e95c001,1.0,1,77433,251.5
tools,meta,eog,email,1,2,2,task_20260108_050214_962_e5bf1251_0cabbd3d,0.666667,0,77569,244.9
tools,meta,eog,email,1,2,3,task_20251203_093009_456_701c5774_24b57fbd,0.5,0,54395,405.5
tools,meta,eog,email,1,2,3,task_20251203_180743_144_e7cfb93b_56dbcb89,0.714286,0,65841,444.0
tools,meta,eog,email,1,2,3,task_20260105_182555_369_e7cfb93b_c2cc205b,0.833333,0,152040,804.9
tools,meta,eog,email,1,2,3,task_20260105_214127_504_e7cfb93b_e6640be3,1.0,1,102974,331.9
tools,meta,eog,email,1,2,3,task_20260106_213903_609_e7cfb93b_5e95c001,1.0,1,66778,272.8
tools,meta,eog,email,1,2,3,task_20260108_050214_962_e5bf1251_0cabbd3d,0.666667,0,68538,447.1
tools,meta,eog,email,2,1,1,task_20260106_060646_574_1628b966_0fc7207a,1.0,1,34179,96.7
tools,meta,eog,email,2,1,1,task_20260106_140034_876_e7cfb93b_fc943e0e,0.2,0,59354,288.9
tools,meta,eog,email,2,1,2,task_20260106_060646_574_1628b966_0fc7207a,1.0,1,30972,131.1
tools,meta,eog,email,2,1,2,task_20260106_140034_876_e7cfb93b_fc943e0e,0.6,0,89261,288.0
tools,meta,eog,email,2,1,3,task_20260106_060646_574_1628b966_0fc7207a,1.0,1,35345,119.2
tools,meta,eog,email,2,1,3,task_20260106_140034_876_e7cfb93b_fc943e0e,0.6,0,90882,297.8
tools,meta,eog,email,2,2,1,task_20251203_093009_456_701c5774_24b57fbd,0.0,0,35517,100.0
tools,meta,eog,email,2,2,1,task_20251203_180743_144_e7cfb93b_56dbcb89,1.0,1,63154,229.0
tools,meta,eog,email,2,2,1,task_20260105_182555_369_e7cfb93b_c2cc205b,1.0,1,144299,268.8
tools,meta,eog,email,2,2,1,task_20260105_214127_504_e7cfb93b_e6640be3,1.0,1,107988,234.4
tools,meta,eog,email,2,2,1,task_20260106_213903_609_e7cfb93b_5e95c001,1.0,1,70619,145.8
tools,meta,eog,email,2,2,1,task_20260108_050214_962_e5bf1251_0cabbd3d,1.0,1,68035,94.8
tools,meta,eog,email,2,2,2,task_20251203_093009_456_701c5774_24b57fbd,0.0,0,15615,57.3
tools,meta,eog,email,2,2,2,task_20251203_180743_144_e7cfb93b_56dbcb89,1.0,1,38314,82.2
tools,meta,eog,email,2,2,2,task_20260105_182555_369_e7cfb93b_c2cc205b,0.833333,0,100892,238.7
tools,meta,eog,email,2,2,2,task_20260105_214127_504_e7cfb93b_e6640be3,0.75,0,159564,371.6
tools,meta,eog,email,2,2,2,task_20260106_213903_609_e7cfb93b_5e95c001,1.0,1,95642,200.8
tools,meta,eog,email,2,2,2,task_20260108_050214_962_e5bf1251_0cabbd3d,1.0,1,47788,70.2
tools,meta,eog,email,2,2,3,task_20251203_093009_456_701c5774_24b57fbd,0.0,0,30239,83.2
tools,meta,eog,email,2,2,3,task_20251203_180743_144_e7cfb93b_56dbcb89,1.0,1,53601,187.1
tools,meta,eog,email,2,2,3,task_20260105_182555_369_e7cfb93b_c2cc205b,1.0,1,96944,203.8
tools,meta,eog,email,2,2,3,task_20260105_214127_504_e7cfb93b_e6640be3,1.0,1,72068,218.4
tools,meta,eog,email,2,2,3,task_20260106_213903_609_e7cfb93b_5e95c001,1.0,1,106831,164.3
tools,meta,eog,email,2,2,3,task_20260108_050214_962_e5bf1251_0cabbd3d,1.0,1,51212,68.3
tools,meta,eog,email,2,3,1,task_20251204_101148_724_701c5774_7cb6254a,1.0,1,87278,511.4
tools,meta,eog,email,2,3,1,task_20251204_142444_575_e5bf1251_65039f7d,0.5,0,16641,101.4
tools,meta,eog,email,2,3,1,task_20260105_233603_790_e7cfb93b_cc802e4b,1.0,1,111467,519.0
tools,meta,eog,email,2,3,1,task_20260106_071510_179_911d75d7_0ae789ae,0.0,0,86996,343.3
tools,meta,eog,email,2,3,1,task_20260107_125943_886_1628b966_f951b083,0.5,0,48534,186.7
tools,meta,eog,email,2,3,1,task_20260107_142454_824_1628b966_4a482da4,1.0,1,46896,124.3
tools,meta,eog,email,2,3,1,task_20260108_101001_581_701c5774_3ac4e4fb,0.5,0,161390,780.3
tools,meta,eog,email,2,3,2,task_20251204_101148_724_701c5774_7cb6254a,0.666667,0,71286,175.5
tools,meta,eog,email,2,3,2,task_20251204_142444_575_e5bf1251_65039f7d,0.5,0,16862,78.5
tools,meta,eog,email,2,3,2,task_20260105_233603_790_e7cfb93b_cc802e4b,1.0,1,142320,530.4
tools,meta,eog,email,2,3,2,task_20260106_071510_179_911d75d7_0ae789ae,0.0,0,65211,159.8
tools,meta,eog,email,2,3,2,task_20260107_125943_886_1628b966_f951b083,0.5,0,30246,95.9
tools,meta,eog,email,2,3,2,task_20260107_142454_824_1628b966_4a482da4,1.0,1,47756,98.6
tools,meta,eog,email,2,3,2,task_20260108_101001_581_701c5774_3ac4e4fb,0.5,0,219178,787.4
tools,meta,eog,email,2,3,3,task_20251204_101148_724_701c5774_7cb6254a,1.0,1,104986,254.9
tools,meta,eog,email,2,3,3,task_20251204_142444_575_e5bf1251_65039f7d,0.5,0,16558,55.4
tools,meta,eog,email,2,3,3,task_20260105_233603_790_e7cfb93b_cc802e4b,0.857143,0,121773,221.0
tools,meta,eog,email,2,3,3,task_20260106_071510_179_911d75d7_0ae789ae,0.0,0,58638,118.8
tools,meta,eog,email,2,3,3,task_20260107_125943_886_1628b966_f951b083,0.5,0,50806,113.7
tools,meta,eog,email,2,3,3,task_20260107_142454_824_1628b966_4a482da4,1.0,1,52208,81.3
tools,meta,eog,email,2,3,3,task_20260108_101001_581_701c5774_3ac4e4fb,0.5,0,217995,635.8
tools,meta,eog,email,3,1,1,task_20260106_060646_574_1628b966_0fc7207a,1.0,1,120882,326.1
tools,meta,eog,email,3,1,1,task_20260106_140034_876_e7cfb93b_fc943e0e,0.6,0,150617,494.9
tools,meta,eog,email,3,1,2,task_20260106_060646_574_1628b966_0fc7207a,1.0,1,49800,159.8
tools,meta,eog,email,3,1,2,task_20260106_140034_876_e7cfb93b_fc943e0e,0.2,0,101094,273.1
tools,meta,eog,email,3,1,3,task_20260106_060646_574_1628b966_0fc7207a,1.0,1,90648,325.8
tools,meta,eog,email,3,1,3,task_20260106_140034_876_e7cfb93b_fc943e0e,1.0,1,196100,654.1
tools,meta,eog,email,3,2,1,task_20251203_093009_456_701c5774_24b57fbd,0.5,0,78291,197.9
tools,meta,eog,email,3,2,1,task_20251203_180743_144_e7cfb93b_56dbcb89,1.0,1,96877,146.2
tools,meta,eog,email,3,2,1,task_20260105_182555_369_e7cfb93b_c2cc205b,0.833333,0,107487,236.4
tools,meta,eog,email,3,2,1,task_20260105_214127_504_e7cfb93b_e6640be3,1.0,1,118245,225.0
tools,meta,eog,email,3,2,1,task_20260106_213903_609_e7cfb93b_5e95c001,1.0,1,116239,168.5
tools,meta,eog,email,3,2,1,task_20260108_050214_962_e5bf1251_0cabbd3d,1.0,1,67384,70.6
tools,meta,eog,email,3,2,2,task_20251203_093009_456_701c5774_24b57fbd,0.0,0,17724,46.4
tools,meta,eog,email,3,2,2,task_20251203_180743_144_e7cfb93b_56dbcb89,1.0,1,85060,185.8
tools,meta,eog,email,3,2,2,task_20260105_182555_369_e7cfb93b_c2cc205b,0.833333,0,131314,261.6
tools,meta,eog,email,3,2,2,task_20260105_214127_504_e7cfb93b_e6640be3,1.0,1,68830,154.6
tools,meta,eog,email,3,2,2,task_20260106_213903_609_e7cfb93b_5e95c001,1.0,1,50998,105.4
tools,meta,eog,email,3,2,2,task_20260108_050214_962_e5bf1251_0cabbd3d,0.666667,0,25112,62.3
tools,meta,eog,email,3,2,3,task_20251203_093009_456_701c5774_24b57fbd,0.0,0,35569,112.3
tools,meta,eog,email,3,2,3,task_20251203_180743_144_e7cfb93b_56dbcb89,1.0,1,83959,189.1
tools,meta,eog,email,3,2,3,task_20260105_182555_369_e7cfb93b_c2cc205b,1.0,1,212726,488.1
tools,meta,eog,email,3,2,3,task_20260105_214127_504_e7cfb93b_e6640be3,1.0,1,123465,268.5
tools,meta,eog,email,3,2,3,task_20260106_213903_609_e7cfb93b_5e95c001,1.0,1,101339,192.2
tools,meta,eog,email,3,2,3,task_20260108_050214_962_e5bf1251_0cabbd3d,1.0,1,63529,100.5
tools,meta,eog,email,3,3,1,task_20251204_101148_724_701c5774_7cb6254a,1.0,1,109116,283.0
tools,meta,eog,email,3,3,1,task_20251204_142444_575_e5bf1251_65039f7d,1.0,1,37561,44.1
tools,meta,eog,email,3,3,1,task_20260105_233603_790_e7cfb93b_cc802e4b,1.0,1,121289,259.2
tools,meta,eog,email,3,3,1,task_20260106_071510_179_911d75d7_0ae789ae,0.0,0,87222,223.5
tools,meta,eog,email,3,3,1,task_20260107_125943_886_1628b966_f951b083,0.5,0,40698,82.1
tools,meta,eog,email,3,3,1,task_20260107_142454_824_1628b966_4a482da4,1.0,1,53656,142.5
tools,meta,eog,email,3,3,1,task_20260108_101001_581_701c5774_3ac4e4fb,0.5,0,162762,445.3
tools,meta,eog,email,3,3,2,task_20251204_101148_724_701c5774_7cb6254a,1.0,1,96842,186.4
tools,meta,eog,email,3,3,2,task_20251204_142444_575_e5bf1251_65039f7d,0.5,0,16195,38.3
tools,meta,eog,email,3,3,2,task_20260105_233603_790_e7cfb93b_cc802e4b,1.0,1,98512,163.2
tools,meta,eog,email,3,3,2,task_20260106_071510_179_911d75d7_0ae789ae,0.0,0,60960,121.2
tools,meta,eog,email,3,3,2,task_20260107_125943_886_1628b966_f951b083,0.5,0,50467,78.9
tools,meta,eog,email,3,3,2,task_20260107_142454_824_1628b966_4a482da4,1.0,1,39338,45.9
tools,meta,eog,email,3,3,2,task_20260108_101001_581_701c5774_3ac4e4fb,0.5,0,154399,442.3
tools,meta,eog,email,3,3,3,task_20251204_101148_724_701c5774_7cb6254a,1.0,1,55136,150.1
tools,meta,eog,email,3,3,3,task_20251204_142444_575_e5bf1251_65039f7d,1.0,1,31257,55.3
tools,meta,eog,email,3,3,3,task_20260105_233603_790_e7cfb93b_cc802e4b,1.0,1,116778,222.7
tools,meta,eog,email,3,3,3,task_20260106_071510_179_911d75d7_0ae789ae,0.0,0,70086,158.2
tools,meta,eog,email,3,3,3,task_20260107_125943_886_1628b966_f951b083,0.5,0,41523,86.2
tools,meta,eog,email,3,3,3,task_20260107_142454_824_1628b966_4a482da4,1.0,1,40728,66.0
tools,meta,eog,email,3,3,3,task_20260108_101001_581_701c5774_3ac4e4fb,0.5,0,175879,481.6
tools,meta,eog,email,3,4,1,task_20251125_150631_436_e5bf1251_77dd7cbb,1.0,1,50708,74.6
tools,meta,eog,email,3,4,1,task_20251127_150451_336_701c5774_c2e9609a,1.0,1,98553,265.7
tools,meta,eog,email,3,4,1,task_20251203_113003_327_701c5774_2e2c97d2,1.0,1,44688,39.0
tools,meta,eog,email,3,4,1,task_20251203_120537_904_701c5774_849b4b7c,0.666667,0,44927,41.9
tools,meta,eog,email,3,4,1,task_20251204_083406_171_e7cfb93b_89e0d558,0.9,0,280781,488.7
tools,meta,eog,email,3,4,1,task_20251204_145059_811_e5bf1251_3b195ec1,1.0,1,29280,53.5
tools,meta,eog,email,3,4,1,task_20251209_094942_478_701c5774_dc4a4b13,0.333333,0,158469,629.3
tools,meta,eog,email,3,4,1,task_20251212_162948_602_8ce75c22_8b25a027,1.0,1,49073,49.0
tools,meta,eog,email,3,4,1,task_20260106_050111_551_701c5774_419d6733,1.0,1,169354,487.9
tools,meta,eog,email,3,4,1,task_20260107_160335_693_911d75d7_d116d7cf,0.5,0,58966,100.3
tools,meta,eog,email,3,4,1,task_20260107_191539_515_911d75d7_3ea7750e,1.0,1,52458,145.2
tools,meta,eog,email,3,4,1,task_20260107_214637_627_911d75d7_eb9d8622,0.0,0,40164,107.7
tools,meta,eog,email,3,4,2,task_20251125_150631_436_e5bf1251_77dd7cbb,1.0,1,68924,101.3
tools,meta,eog,email,3,4,2,task_20251127_150451_336_701c5774_c2e9609a,1.0,1,85574,204.8
tools,meta,eog,email,3,4,2,task_20251203_113003_327_701c5774_2e2c97d2,1.0,1,35685,26.0
tools,meta,eog,email,3,4,2,task_20251203_120537_904_701c5774_849b4b7c,1.0,1,45217,41.1
tools,meta,eog,email,3,4,2,task_20251204_083406_171_e7cfb93b_89e0d558,0.6,0,162043,396.8
tools,meta,eog,email,3,4,2,task_20251204_145059_811_e5bf1251_3b195ec1,1.0,1,47945,80.8
tools,meta,eog,email,3,4,2,task_20251209_094942_478_701c5774_dc4a4b13,0.333333,0,96857,486.0
tools,meta,eog,email,3,4,2,task_20251212_162948_602_8ce75c22_8b25a027,1.0,1,49189,52.6
tools,meta,eog,email,3,4,2,task_20260106_050111_551_701c5774_419d6733,0.333333,0,193071,544.7
tools,meta,eog,email,3,4,2,task_20260107_160335_693_911d75d7_d116d7cf,0.5,0,48854,84.1
tools,meta,eog,email,3,4,2,task_20260107_191539_515_911d75d7_3ea7750e,1.0,1,49743,96.4
tools,meta,eog,email,3,4,2,task_20260107_214637_627_911d75d7_eb9d8622,0.0,0,42298,105.2
tools,meta,eog,email,3,4,3,task_20251125_150631_436_e5bf1251_77dd7cbb,1.0,1,51041,67.8
tools,meta,eog,email,3,4,3,task_20251127_150451_336_701c5774_c2e9609a,1.0,1,103596,283.6
tools,meta,eog,email,3,4,3,task_20251203_113003_327_701c5774_2e2c97d2,1.0,1,36385,35.4
tools,meta,eog,email,3,4,3,task_20251203_120537_904_701c5774_849b4b7c,1.0,1,36150,34.0
tools,meta,eog,email,3,4,3,task_20251204_083406_171_e7cfb93b_89e0d558,0.7,0,107856,285.5
tools,meta,eog,email,3,4,3,task_20251204_145059_811_e5bf1251_3b195ec1,1.0,1,27594,31.7
tools,meta,eog,email,3,4,3,task_20251209_094942_478_701c5774_dc4a4b13,0.333333,0,153198,495.9
tools,meta,eog,email,3,4,3,task_20251212_162948_602_8ce75c22_8b25a027,1.0,1,35773,56.0
tools,meta,eog,email,3,4,3,task_20260106_050111_551_701c5774_419d6733,0.333333,0,135737,420.3
tools,meta,eog,email,3,4,3,task_20260107_160335_693_911d75d7_d116d7cf,0.5,0,58565,105.9
tools,meta,eog,email,3,4,3,task_20260107_191539_515_911d75d7_3ea7750e,1.0,1,51478,122.5
tools,meta,eog,email,3,4,3,task_20260107_214637_627_911d75d7_eb9d8622,0.0,0,41218,102.1
tools,meta,eog,email,4,1,1,task_20260106_060646_574_1628b966_0fc7207a,1.0,1,67334,226.1
tools,meta,eog,email,4,1,1,task_20260106_140034_876_e7cfb93b_fc943e0e,0.6,0,150517,400.2
tools,meta,eog,email,4,1,2,task_20260106_060646_574_1628b966_0fc7207a,1.0,1,113726,196.5
tools,meta,eog,email,4,1,2,task_20260106_140034_876_e7cfb93b_fc943e0e,0.6,0,251590,506.4
tools,meta,eog,email,4,1,3,task_20260106_060646_574_1628b966_0fc7207a,1.0,1,85134,195.2
tools,meta,eog,email,4,1,3,task_20260106_140034_876_e7cfb93b_fc943e0e,1.0,1,173796,458.5
tools,meta,eog,email,4,2,1,task_20251203_093009_456_701c5774_24b57fbd,0.0,0,64746,147.8
tools,meta,eog,email,4,2,1,task_20251203_180743_144_e7cfb93b_56dbcb89,1.0,1,69424,137.0
tools,meta,eog,email,4,2,1,task_20260105_182555_369_e7cfb93b_c2cc205b,1.0,1,138077,245.2
tools,meta,eog,email,4,2,1,task_20260105_214127_504_e7cfb93b_e6640be3,1.0,1,107054,294.8
tools,meta,eog,email,4,2,1,task_20260106_213903_609_e7cfb93b_5e95c001,1.0,1,81555,187.8
tools,meta,eog,email,4,2,1,task_20260108_050214_962_e5bf1251_0cabbd3d,0.666667,0,34050,77.6
tools,meta,eog,email,4,2,2,task_20251203_093009_456_701c5774_24b57fbd,0.0,0,31987,91.1
tools,meta,eog,email,4,2,2,task_20251203_180743_144_e7cfb93b_56dbcb89,1.0,1,96128,191.1
tools,meta,eog,email,4,2,2,task_20260105_182555_369_e7cfb93b_c2cc205b,0.833333,0,93930,189.9
tools,meta,eog,email,4,2,2,task_20260105_214127_504_e7cfb93b_e6640be3,1.0,1,91439,203.4
tools,meta,eog,email,4,2,2,task_20260106_213903_609_e7cfb93b_5e95c001,1.0,1,84153,177.4
tools,meta,eog,email,4,2,2,task_20260108_050214_962_e5bf1251_0cabbd3d,0.666667,0,34480,64.9
tools,meta,eog,email,4,2,3,task_20251203_093009_456_701c5774_24b57fbd,0.0,0,24387,107.8
tools,meta,eog,email,4,2,3,task_20251203_180743_144_e7cfb93b_56dbcb89,1.0,1,103875,157.2
tools,meta,eog,email,4,2,3,task_20260105_182555_369_e7cfb93b_c2cc205b,1.0,1,140956,239.2
tools,meta,eog,email,4,2,3,task_20260105_214127_504_e7cfb93b_e6640be3,1.0,1,82133,233.0
tools,meta,eog,email,4,2,3,task_20260106_213903_609_e7cfb93b_5e95c001,1.0,1,98211,156.6
tools,meta,eog,email,4,2,3,task_20260108_050214_962_e5bf1251_0cabbd3d,0.666667,0,29369,50.7
tools,meta,eog,email,4,3,1,task_20251204_101148_724_701c5774_7cb6254a,1.0,1,73550,99.8
tools,meta,eog,email,4,3,1,task_20251204_142444_575_e5bf1251_65039f7d,1.0,1,38413,59.5
tools,meta,eog,email,4,3,1,task_20260105_233603_790_e7cfb93b_cc802e4b,1.0,1,116334,165.7
tools,meta,eog,email,4,3,1,task_20260106_071510_179_911d75d7_0ae789ae,0.0,0,85354,220.5
tools,meta,eog,email,4,3,1,task_20260107_125943_886_1628b966_f951b083,0.5,0,69044,107.1
tools,meta,eog,email,4,3,1,task_20260107_142454_824_1628b966_4a482da4,1.0,1,45594,47.3
tools,meta,eog,email,4,3,1,task_20260108_101001_581_701c5774_3ac4e4fb,0.5,0,141308,443.5
tools,meta,eog,email,4,3,2,task_20251204_101148_724_701c5774_7cb6254a,1.0,1,100380,199.6
tools,meta,eog,email,4,3,2,task_20251204_142444_575_e5bf1251_65039f7d,1.0,1,36461,32.4
tools,meta,eog,email,4,3,2,task_20260105_233603_790_e7cfb93b_cc802e4b,0.714286,0,262286,478.5
tools,meta,eog,email,4,3,2,task_20260106_071510_179_911d75d7_0ae789ae,0.0,0,100254,126.1
tools,meta,eog,email,4,3,2,task_20260107_125943_886_1628b966_f951b083,0.5,0,35731,70.5
tools,meta,eog,email,4,3,2,task_20260107_142454_824_1628b966_4a482da4,1.0,1,45904,51.2
tools,meta,eog,email,4,3,2,task_20260108_101001_581_701c5774_3ac4e4fb,0.5,0,113669,274.6
tools,meta,eog,email,4,3,3,task_20251204_101148_724_701c5774_7cb6254a,1.0,1,86985,137.8
tools,meta,eog,email,4,3,3,task_20251204_142444_575_e5bf1251_65039f7d,1.0,1,36914,34.2
tools,meta,eog,email,4,3,3,task_20260105_233603_790_e7cfb93b_cc802e4b,1.0,1,210585,368.9
tools,meta,eog,email,4,3,3,task_20260106_071510_179_911d75d7_0ae789ae,0.0,0,90807,150.6
tools,meta,eog,email,4,3,3,task_20260107_125943_886_1628b966_f951b083,0.5,0,59525,101.9
tools,meta,eog,email,4,3,3,task_20260107_142454_824_1628b966_4a482da4,1.0,1,46284,46.6
tools,meta,eog,email,4,3,3,task_20260108_101001_581_701c5774_3ac4e4fb,0.5,0,101305,280.8
tools,meta,eog,email,4,4,1,task_20251125_150631_436_e5bf1251_77dd7cbb,1.0,1,51358,64.0
tools,meta,eog,email,4,4,1,task_20251127_150451_336_701c5774_c2e9609a,1.0,1,97612,198.2
tools,meta,eog,email,4,4,1,task_20251203_113003_327_701c5774_2e2c97d2,1.0,1,26736,18.6
tools,meta,eog,email,4,4,1,task_20251203_120537_904_701c5774_849b4b7c,0.666667,0,36231,22.9
tools,meta,eog,email,4,4,1,task_20251204_083406_171_e7cfb93b_89e0d558,1.0,1,201747,389.3
tools,meta,eog,email,4,4,1,task_20251204_145059_811_e5bf1251_3b195ec1,1.0,1,27839,27.6
tools,meta,eog,email,4,4,1,task_20251209_094942_478_701c5774_dc4a4b13,0.333333,0,191695,497.9
tools,meta,eog,email,4,4,1,task_20251212_162948_602_8ce75c22_8b25a027,1.0,1,52438,86.5
tools,meta,eog,email,4,4,1,task_20260106_050111_551_701c5774_419d6733,0.333333,0,65064,205.0
tools,meta,eog,email,4,4,1,task_20260107_160335_693_911d75d7_d116d7cf,0.5,0,49467,79.6
tools,meta,eog,email,4,4,1,task_20260107_191539_515_911d75d7_3ea7750e,1.0,1,51445,113.9
tools,meta,eog,email,4,4,1,task_20260107_214637_627_911d75d7_eb9d8622,0.0,0,19920,34.2
tools,meta,eog,email,4,4,2,task_20251125_150631_436_e5bf1251_77dd7cbb,0.5,0,41096,52.7
tools,meta,eog,email,4,4,2,task_20251127_150451_336_701c5774_c2e9609a,0.666667,0,101158,208.2
tools,meta,eog,email,4,4,2,task_20251203_113003_327_701c5774_2e2c97d2,1.0,1,36198,45.3
tools,meta,eog,email,4,4,2,task_20251203_120537_904_701c5774_849b4b7c,0.666667,0,36191,26.0
tools,meta,eog,email,4,4,2,task_20251204_083406_171_e7cfb93b_89e0d558,0.7,0,166812,315.3
tools,meta,eog,email,4,4,2,task_20251204_145059_811_e5bf1251_3b195ec1,1.0,1,27820,28.5
tools,meta,eog,email,4,4,2,task_20251209_094942_478_701c5774_dc4a4b13,0.333333,0,126204,366.5
tools,meta,eog,email,4,4,2,task_20251212_162948_602_8ce75c22_8b25a027,1.0,1,36059,31.9
tools,meta,eog,email,4,4,2,task_20260106_050111_551_701c5774_419d6733,0.333333,0,76511,236.0
tools,meta,eog,email,4,4,2,task_20260107_160335_693_911d75d7_d116d7cf,0.5,0,47891,50.5
tools,meta,eog,email,4,4,2,task_20260107_191539_515_911d75d7_3ea7750e,1.0,1,51038,89.4
tools,meta,eog,email,4,4,2,task_20260107_214637_627_911d75d7_eb9d8622,0.0,0,39388,65.5
tools,meta,eog,email,4,4,3,task_20251125_150631_436_e5bf1251_77dd7cbb,1.0,1,40907,62.7
tools,meta,eog,email,4,4,3,task_20251127_150451_336_701c5774_c2e9609a,0.666667,0,99032,209.7
tools,meta,eog,email,4,4,3,task_20251203_113003_327_701c5774_2e2c97d2,0.666667,0,44346,17.7
tools,meta,eog,email,4,4,3,task_20251203_120537_904_701c5774_849b4b7c,0.666667,0,44505,22.7
tools,meta,eog,email,4,4,3,task_20251204_083406_171_e7cfb93b_89e0d558,0.8,0,152521,263.8
tools,meta,eog,email,4,4,3,task_20251204_145059_811_e5bf1251_3b195ec1,1.0,1,27718,25.4
tools,meta,eog,email,4,4,3,task_20251209_094942_478_701c5774_dc4a4b13,0.333333,0,137862,352.2
tools,meta,eog,email,4,4,3,task_20251212_162948_602_8ce75c22_8b25a027,1.0,1,50085,47.5
tools,meta,eog,email,4,4,3,task_20260106_050111_551_701c5774_419d6733,0.666667,0,125572,286.9
tools,meta,eog,email,4,4,3,task_20260107_160335_693_911d75d7_d116d7cf,0.5,0,49624,75.3
tools,meta,eog,email,4,4,3,task_20260107_191539_515_911d75d7_3ea7750e,1.0,1,61412,120.1
tools,meta,eog,email,4,4,3,task_20260107_214637_627_911d75d7_eb9d8622,0.0,0,40243,62.7
tools,meta,eog,email,4,5,1,task_20251125_154624_258_701c5774_59c41eed,0.0,0,166149,419.1
tools,meta,eog,email,4,5,1,task_20251125_202309_857_e7cfb93b_9c156259,1.0,1,113848,187.0
tools,meta,eog,email,4,5,1,task_20251128_154607_365_1628b966_a730b5cf,1.0,1,37257,24.5
tools,meta,eog,email,4,5,1,task_20251204_120643_371_8ce75c22_f09e1799,0.8,0,102461,192.0
tools,meta,eog,email,4,5,1,task_20251204_153830_645_1628b966_3df25b52,1.0,1,97915,104.3
tools,meta,eog,email,4,5,1,task_20251211_054846_540_e5bf1251_265c5883,0.666667,0,97475,147.4
tools,meta,eog,email,4,5,1,task_20251211_100706_985_701c5774_8d658f71,0.75,0,250547,323.5
tools,meta,eog,email,4,5,1,task_20251212_072144_983_8ce75c22_1b848fdd,0.8,0,68262,94.5
tools,meta,eog,email,4,5,1,task_20260107_131200_705_1628b966_84e87e0f,1.0,1,42616,73.8
tools,meta,eog,email,4,5,1,task_20260107_141130_029_1628b966_8e264839,0.0,0,113756,196.1
tools,meta,eog,email,4,5,1,task_20260108_031733_760_e5bf1251_9e81ad1b,0.0,0,28468,44.5
tools,meta,eog,email,4,5,1,task_20260109_080715_585_911d75d7_ded91685,1.0,1,90848,82.9
tools,meta,eog,email,4,5,1,task_20260109_160851_122_911d75d7_3ece8e5e,0.5,0,182136,275.5
tools,meta,eog,email,4,5,2,task_20251125_154624_258_701c5774_59c41eed,0.0,0,125362,266.7
tools,meta,eog,email,4,5,2,task_20251125_202309_857_e7cfb93b_9c156259,1.0,1,181466,187.5
tools,meta,eog,email,4,5,2,task_20251128_154607_365_1628b966_a730b5cf,1.0,1,24676,19.0
tools,meta,eog,email,4,5,2,task_20251204_120643_371_8ce75c22_f09e1799,0.8,0,86316,157.3
tools,meta,eog,email,4,5,2,task_20251204_153830_645_1628b966_3df25b52,1.0,1,84746,148.9
tools,meta,eog,email,4,5,2,task_20251211_054846_540_e5bf1251_265c5883,1.0,1,109620,107.4
tools,meta,eog,email,4,5,2,task_20251211_100706_985_701c5774_8d658f71,0.75,0,209736,429.3
tools,meta,eog,email,4,5,2,task_20251212_072144_983_8ce75c22_1b848fdd,1.0,1,105838,158.3
tools,meta,eog,email,4,5,2,task_20260107_131200_705_1628b966_84e87e0f,0.5,0,42913,96.0
tools,meta,eog,email,4,5,2,task_20260107_141130_029_1628b966_8e264839,0.0,0,98363,264.9
tools,meta,eog,email,4,5,2,task_20260108_031733_760_e5bf1251_9e81ad1b,1.0,1,99957,114.6
tools,meta,eog,email,4,5,2,task_20260109_080715_585_911d75d7_ded91685,1.0,1,98965,88.1
tools,meta,eog,email,4,5,2,task_20260109_160851_122_911d75d7_3ece8e5e,0.0,0,79067,107.2
tools,meta,eog,email,4,5,3,task_20251125_154624_258_701c5774_59c41eed,0.0,0,218477,399.7
tools,meta,eog,email,4,5,3,task_20251125_202309_857_e7cfb93b_9c156259,1.0,1,150721,257.0
tools,meta,eog,email,4,5,3,task_20251128_154607_365_1628b966_a730b5cf,1.0,1,24756,17.0
tools,meta,eog,email,4,5,3,task_20251204_120643_371_8ce75c22_f09e1799,0.8,0,99525,198.4
tools,meta,eog,email,4,5,3,task_20251204_153830_645_1628b966_3df25b52,1.0,1,97492,97.3
tools,meta,eog,email,4,5,3,task_20251211_054846_540_e5bf1251_265c5883,1.0,1,82776,108.1
tools,meta,eog,email,4,5,3,task_20251211_100706_985_701c5774_8d658f71,0.75,0,194712,270.7
tools,meta,eog,email,4,5,3,task_20251212_072144_983_8ce75c22_1b848fdd,1.0,1,111362,122.2
tools,meta,eog,email,4,5,3,task_20260107_131200_705_1628b966_84e87e0f,0.5,0,28792,70.5
tools,meta,eog,email,4,5,3,task_20260107_141130_029_1628b966_8e264839,0.5,0,132352,211.0
tools,meta,eog,email,4,5,3,task_20260108_031733_760_e5bf1251_9e81ad1b,1.0,1,89888,136.6
tools,meta,eog,email,4,5,3,task_20260109_080715_585_911d75d7_ded91685,1.0,1,86767,101.0
tools,meta,eog,email,4,5,3,task_20260109_160851_122_911d75d7_3ece8e5e,0.0,0,83689,170.2
tools,meta,eog,email,5,1,1,task_20260106_060646_574_1628b966_0fc7207a,1.0,1,77388,270.6
tools,meta,eog,email,5,1,1,task_20260106_140034_876_e7cfb93b_fc943e0e,0.6,0,230052,521.8
tools,meta,eog,email,5,1,2,task_20260106_060646_574_1628b966_0fc7207a,1.0,1,152291,217.7
tools,meta,eog,email,5,1,2,task_20260106_140034_876_e7cfb93b_fc943e0e,0.6,0,228808,472.1
tools,meta,eog,email,5,1,3,task_20260106_060646_574_1628b966_0fc7207a,1.0,1,90588,170.7
tools,meta,eog,email,5,1,3,task_20260106_140034_876_e7cfb93b_fc943e0e,0.6,0,255930,550.9
tools,meta,eog,email,5,2,1,task_20251203_093009_456_701c5774_24b57fbd,0.0,0,55183,119.2
tools,meta,eog,email,5,2,1,task_20251203_180743_144_e7cfb93b_56dbcb89,1.0,1,92473,145.8
tools,meta,eog,email,5,2,1,task_20260105_182555_369_e7cfb93b_c2cc205b,0.833333,0,164256,278.7
tools,meta,eog,email,5,2,1,task_20260105_214127_504_e7cfb93b_e6640be3,1.0,1,235720,400.2
tools,meta,eog,email,5,2,1,task_20260106_213903_609_e7cfb93b_5e95c001,1.0,1,101335,223.8
tools,meta,eog,email,5,2,1,task_20260108_050214_962_e5bf1251_0cabbd3d,1.0,1,56596,63.1
tools,meta,eog,email,5,2,2,task_20251203_093009_456_701c5774_24b57fbd,0.0,0,58428,201.2
tools,meta,eog,email,5,2,2,task_20251203_180743_144_e7cfb93b_56dbcb89,1.0,1,132815,249.2
tools,meta,eog,email,5,2,2,task_20260105_182555_369_e7cfb93b_c2cc205b,1.0,1,178259,350.8
tools,meta,eog,email,5,2,2,task_20260105_214127_504_e7cfb93b_e6640be3,1.0,1,118063,329.0
tools,meta,eog,email,5,2,2,task_20260106_213903_609_e7cfb93b_5e95c001,1.0,1,122207,195.0
tools,meta,eog,email,5,2,2,task_20260108_050214_962_e5bf1251_0cabbd3d,1.0,1,73554,71.5
tools,meta,eog,email,5,2,3,task_20251203_093009_456_701c5774_24b57fbd,0.0,0,88673,204.2
tools,meta,eog,email,5,2,3,task_20251203_180743_144_e7cfb93b_56dbcb89,1.0,1,109218,180.9
tools,meta,eog,email,5,2,3,task_20260105_182555_369_e7cfb93b_c2cc205b,0.833333,0,218758,340.2
tools,meta,eog,email,5,2,3,task_20260105_214127_504_e7cfb93b_e6640be3,1.0,1,174360,300.8
tools,meta,eog,email,5,2,3,task_20260106_213903_609_e7cfb93b_5e95c001,1.0,1,161732,187.5
tools,meta,eog,email,5,2,3,task_20260108_050214_962_e5bf1251_0cabbd3d,1.0,1,60106,64.1
tools,meta,eog,email,5,3,1,task_20251204_101148_724_701c5774_7cb6254a,0.333333,0,115532,150.7
tools,meta,eog,email,5,3,1,task_20251204_142444_575_e5bf1251_65039f7d,1.0,1,78828,152.4
tools,meta,eog,email,5,3,1,task_20260105_233603_790_e7cfb93b_cc802e4b,1.0,1,221809,260.8
tools,meta,eog,email,5,3,1,task_20260106_071510_179_911d75d7_0ae789ae,0.0,0,147000,342.3
tools,meta,eog,email,5,3,1,task_20260107_125943_886_1628b966_f951b083,1.0,1,90751,81.7
tools,meta,eog,email,5,3,1,task_20260107_142454_824_1628b966_4a482da4,1.0,1,45222,39.5
tools,meta,eog,email,5,3,1,task_20260108_101001_581_701c5774_3ac4e4fb,0.5,0,209231,576.9
tools,meta,eog,email,5,3,2,task_20251204_101148_724_701c5774_7cb6254a,1.0,1,119819,290.7
tools,meta,eog,email,5,3,2,task_20251204_142444_575_e5bf1251_65039f7d,1.0,1,78295,69.1
tools,meta,eog,email,5,3,2,task_20260105_233603_790_e7cfb93b_cc802e4b,1.0,1,248707,440.3
tools,meta,eog,email,5,3,2,task_20260106_071510_179_911d75d7_0ae789ae,0.0,0,82471,123.0
tools,meta,eog,email,5,3,2,task_20260107_125943_886_1628b966_f951b083,0.5,0,60908,86.4
tools,meta,eog,email,5,3,2,task_20260107_142454_824_1628b966_4a482da4,1.0,1,60807,68.9
tools,meta,eog,email,5,3,2,task_20260108_101001_581_701c5774_3ac4e4fb,0.5,0,304966,593.7
tools,meta,eog,email,5,3,3,task_20251204_101148_724_701c5774_7cb6254a,0.333333,0,101229,148.7
tools,meta,eog,email,5,3,3,task_20251204_142444_575_e5bf1251_65039f7d,1.0,1,64356,51.3
tools,meta,eog,email,5,3,3,task_20260105_233603_790_e7cfb93b_cc802e4b,1.0,1,212107,366.3
tools,meta,eog,email,5,3,3,task_20260106_071510_179_911d75d7_0ae789ae,0.0,0,109260,129.6
tools,meta,eog,email,5,3,3,task_20260107_125943_886_1628b966_f951b083,0.5,0,60846,93.6
tools,meta,eog,email,5,3,3,task_20260107_142454_824_1628b966_4a482da4,1.0,1,46142,66.8
tools,meta,eog,email,5,3,3,task_20260108_101001_581_701c5774_3ac4e4fb,0.5,0,224708,404.3
tools,meta,eog,email,5,4,1,task_20251125_150631_436_e5bf1251_77dd7cbb,1.0,1,82872,104.5
tools,meta,eog,email,5,4,1,task_20251127_150451_336_701c5774_c2e9609a,1.0,1,147225,263.5
tools,meta,eog,email,5,4,1,task_20251203_113003_327_701c5774_2e2c97d2,0.666667,0,62527,67.6
tools,meta,eog,email,5,4,1,task_20251203_120537_904_701c5774_849b4b7c,0.666667,0,50672,32.8
tools,meta,eog,email,5,4,1,task_20251204_083406_171_e7cfb93b_89e0d558,0.9,0,254066,376.1
tools,meta,eog,email,5,4,1,task_20251204_145059_811_e5bf1251_3b195ec1,1.0,1,38593,26.9
tools,meta,eog,email,5,4,1,task_20251209_094942_478_701c5774_dc4a4b13,0.333333,0,228057,552.8
tools,meta,eog,email,5,4,1,task_20251212_162948_602_8ce75c22_8b25a027,1.0,1,48296,73.7
tools,meta,eog,email,5,4,1,task_20260106_050111_551_701c5774_419d6733,0.666667,0,246825,428.6
tools,meta,eog,email,5,4,1,task_20260107_160335_693_911d75d7_d116d7cf,0.5,0,81945,107.7
tools,meta,eog,email,5,4,1,task_20260107_191539_515_911d75d7_3ea7750e,1.0,1,69889,120.4
tools,meta,eog,email,5,4,1,task_20260107_214637_627_911d75d7_eb9d8622,0.0,0,27217,57.6
tools,meta,eog,email,5,4,2,task_20251125_150631_436_e5bf1251_77dd7cbb,1.0,1,81538,84.0
tools,meta,eog,email,5,4,2,task_20251127_150451_336_701c5774_c2e9609a,0.666667,0,70485,129.8
tools,meta,eog,email,5,4,2,task_20251203_113003_327_701c5774_2e2c97d2,1.0,1,50431,25.9
tools,meta,eog,email,5,4,2,task_20251203_120537_904_701c5774_849b4b7c,0.666667,0,50587,24.3
tools,meta,eog,email,5,4,2,task_20251204_083406_171_e7cfb93b_89e0d558,1.0,1,334440,421.1
tools,meta,eog,email,5,4,2,task_20251204_145059_811_e5bf1251_3b195ec1,1.0,1,38688,35.9
tools,meta,eog,email,5,4,2,task_20251209_094942_478_701c5774_dc4a4b13,0.333333,0,174399,363.2
tools,meta,eog,email,5,4,2,task_20251212_162948_602_8ce75c22_8b25a027,1.0,1,65771,67.4
tools,meta,eog,email,5,4,2,task_20260106_050111_551_701c5774_419d6733,0.333333,0,84350,242.9
tools,meta,eog,email,5,4,2,task_20260107_160335_693_911d75d7_d116d7cf,0.5,0,81897,100.4
tools,meta,eog,email,5,4,2,task_20260107_191539_515_911d75d7_3ea7750e,1.0,1,110457,138.1
tools,meta,eog,email,5,4,2,task_20260107_214637_627_911d75d7_eb9d8622,0.0,0,40148,61.7
tools,meta,eog,email,5,4,3,task_20251125_150631_436_e5bf1251_77dd7cbb,1.0,1,66824,48.9
tools,meta,eog,email,5,4,3,task_20251127_150451_336_701c5774_c2e9609a,1.0,1,131369,197.4
tools,meta,eog,email,5,4,3,task_20251203_113003_327_701c5774_2e2c97d2,1.0,1,50390,28.2
tools,meta,eog,email,5,4,3,task_20251203_120537_904_701c5774_849b4b7c,0.666667,0,50354,25.7
tools,meta,eog,email,5,4,3,task_20251204_083406_171_e7cfb93b_89e0d558,0.9,0,294407,480.3
tools,meta,eog,email,5,4,3,task_20251204_145059_811_e5bf1251_3b195ec1,1.0,1,50947,30.4
tools,meta,eog,email,5,4,3,task_20251209_094942_478_701c5774_dc4a4b13,0.333333,0,384931,975.4
tools,meta,eog,email,5,4,3,task_20251212_162948_602_8ce75c22_8b25a027,1.0,1,59794,67.8
tools,meta,eog,email,5,4,3,task_20260106_050111_551_701c5774_419d6733,0.0,0,225335,387.9
tools,meta,eog,email,5,4,3,task_20260107_160335_693_911d75d7_d116d7cf,0.5,0,67834,82.8
tools,meta,eog,email,5,4,3,task_20260107_191539_515_911d75d7_3ea7750e,1.0,1,83513,143.5
tools,meta,eog,email,5,4,3,task_20260107_214637_627_911d75d7_eb9d8622,0.0,0,28257,58.6
tools,meta,eog,email,5,5,1,task_20251125_154624_258_701c5774_59c41eed,0.0,0,165658,252.1
tools,meta,eog,email,5,5,1,task_20251125_202309_857_e7cfb93b_9c156259,1.0,1,129032,357.6
tools,meta,eog,email,5,5,1,task_20251128_154607_365_1628b966_a730b5cf,1.0,1,49324,23.1
tools,meta,eog,email,5,5,1,task_20251204_120643_371_8ce75c22_f09e1799,1.0,1,86514,171.6
tools,meta,eog,email,5,5,1,task_20251204_153830_645_1628b966_3df25b52,1.0,1,98136,115.3
tools,meta,eog,email,5,5,1,task_20251211_054846_540_e5bf1251_265c5883,0.666667,0,110685,122.3
tools,meta,eog,email,5,5,1,task_20251211_100706_985_701c5774_8d658f71,0.75,0,179718,267.1
tools,meta,eog,email,5,5,1,task_20251212_072144_983_8ce75c22_1b848fdd,1.0,1,104589,123.5
tools,meta,eog,email,5,5,1,task_20260107_131200_705_1628b966_84e87e0f,0.5,0,55986,95.0
tools,meta,eog,email,5,5,1,task_20260107_141130_029_1628b966_8e264839,0.5,0,181557,257.9
tools,meta,eog,email,5,5,1,task_20260108_031733_760_e5bf1251_9e81ad1b,0.666667,0,85814,126.2
tools,meta,eog,email,5,5,1,task_20260109_080715_585_911d75d7_ded91685,1.0,1,75920,45.4
tools,meta,eog,email,5,5,1,task_20260109_160851_122_911d75d7_3ece8e5e,0.0,0,83122,129.2
tools,meta,eog,email,5,5,2,task_20251125_154624_258_701c5774_59c41eed,0.666667,0,252316,425.0
tools,meta,eog,email,5,5,2,task_20251125_202309_857_e7cfb93b_9c156259,1.0,1,203823,324.0
tools,meta,eog,email,5,5,2,task_20251128_154607_365_1628b966_a730b5cf,1.0,1,24647,15.7
tools,meta,eog,email,5,5,2,task_20251204_120643_371_8ce75c22_f09e1799,0.6,0,110193,193.9
tools,meta,eog,email,5,5,2,task_20251204_153830_645_1628b966_3df25b52,1.0,1,85748,114.2
tools,meta,eog,email,5,5,2,task_20251211_054846_540_e5bf1251_265c5883,0.666667,0,72946,101.5
tools,meta,eog,email,5,5,2,task_20251211_100706_985_701c5774_8d658f71,0.5,0,202789,294.3
tools,meta,eog,email,5,5,2,task_20251212_072144_983_8ce75c22_1b848fdd,1.0,1,92526,139.1
tools,meta,eog,email,5,5,2,task_20260107_131200_705_1628b966_84e87e0f,0.5,0,28453,64.4
tools,meta,eog,email,5,5,2,task_20260107_141130_029_1628b966_8e264839,0.5,0,115012,206.8
tools,meta,eog,email,5,5,2,task_20260108_031733_760_e5bf1251_9e81ad1b,0.0,0,55213,116.9
tools,meta,eog,email,5,5,2,task_20260109_080715_585_911d75d7_ded91685,1.0,1,77112,68.1
tools,meta,eog,email,5,5,2,task_20260109_160851_122_911d75d7_3ece8e5e,0.0,0,81856,128.2
tools,meta,eog,email,5,5,3,task_20251125_154624_258_701c5774_59c41eed,0.0,0,243406,438.3
tools,meta,eog,email,5,5,3,task_20251125_202309_857_e7cfb93b_9c156259,1.0,1,149351,227.1
tools,meta,eog,email,5,5,3,task_20251128_154607_365_1628b966_a730b5cf,1.0,1,37598,24.4
tools,meta,eog,email,5,5,3,task_20251204_120643_371_8ce75c22_f09e1799,0.8,0,83497,152.2
tools,meta,eog,email,5,5,3,task_20251204_153830_645_1628b966_3df25b52,1.0,1,110848,109.6
tools,meta,eog,email,5,5,3,task_20251211_054846_540_e5bf1251_265c5883,0.666667,0,81009,117.6
tools,meta,eog,email,5,5,3,task_20251211_100706_985_701c5774_8d658f71,0.75,0,241802,360.4
tools,meta,eog,email,5,5,3,task_20251212_072144_983_8ce75c22_1b848fdd,1.0,1,88444,141.4
tools,meta,eog,email,5,5,3,task_20260107_131200_705_1628b966_84e87e0f,0.5,0,55342,103.4
tools,meta,eog,email,5,5,3,task_20260107_141130_029_1628b966_8e264839,0.5,0,115253,176.7
tools,meta,eog,email,5,5,3,task_20260108_031733_760_e5bf1251_9e81ad1b,0.666667,0,72426,88.6
tools,meta,eog,email,5,5,3,task_20260109_080715_585_911d75d7_ded91685,1.0,1,110033,83.0
tools,meta,eog,email,5,5,3,task_20260109_160851_122_911d75d7_3ece8e5e,0.0,0,82597,137.2
tools,meta,eog,email,5,6,1,task_20251203_104951_949_701c5774_5a606512,0.0,0,74907,231.2
tools,meta,eog,email,5,6,1,task_20251204_144745_585_e5bf1251_4e4c189d,1.0,1,82768,73.7
tools,meta,eog,email,5,6,1,task_20251211_194841_657_8ce75c22_43c6bc2f,1.0,1,132061,210.2
tools,meta,eog,email,5,6,1,task_20260106_052248_226_1628b966_d8c22aed,0.666667,0,177946,159.2
tools,meta,eog,email,5,6,1,task_20260108_143038_654_e5bf1251_b9e616b8,1.0,1,109125,140.9
tools,meta,eog,email,5,6,1,task_20260109_170111_125_8ce75c22_1c7034c5,1.0,1,139018,76.0
tools,meta,eog,email,5,6,2,task_20251203_104951_949_701c5774_5a606512,0.0,0,58398,167.1
tools,meta,eog,email,5,6,2,task_20251204_144745_585_e5bf1251_4e4c189d,1.0,1,50489,63.4
tools,meta,eog,email,5,6,2,task_20251211_194841_657_8ce75c22_43c6bc2f,1.0,1,99067,139.1
tools,meta,eog,email,5,6,2,task_20260106_052248_226_1628b966_d8c22aed,1.0,1,178049,312.6
tools,meta,eog,email,5,6,2,task_20260108_143038_654_e5bf1251_b9e616b8,1.0,1,136712,165.8
tools,meta,eog,email,5,6,2,task_20260109_170111_125_8ce75c22_1c7034c5,0.75,0,119635,110.9
tools,meta,eog,email,5,6,3,task_20251203_104951_949_701c5774_5a606512,1.0,1,222177,660.1
tools,meta,eog,email,5,6,3,task_20251204_144745_585_e5bf1251_4e4c189d,1.0,1,67055,69.5
tools,meta,eog,email,5,6,3,task_20251211_194841_657_8ce75c22_43c6bc2f,1.0,1,166079,187.2
tools,meta,eog,email,5,6,3,task_20260106_052248_226_1628b966_d8c22aed,1.0,1,226492,352.1
tools,meta,eog,email,5,6,3,task_20260108_143038_654_e5bf1251_b9e616b8,0.0,0,36815,102.6
tools,meta,eog,email,5,6,3,task_20260109_170111_125_8ce75c22_1c7034c5,1.0,1,185984,148.7
tools,meta,eog,email,6,1,1,task_20260106_060646_574_1628b966_0fc7207a,1.0,1,155556,320.8
tools,meta,eog,email,6,1,1,task_20260106_140034_876_e7cfb93b_fc943e0e,0.6,0,343302,678.4
tools,meta,eog,email,6,1,2,task_20260106_060646_574_1628b966_0fc7207a,1.0,1,275806,514.2
tools,meta,eog,email,6,1,2,task_20260106_140034_876_e7cfb93b_fc943e0e,0.6,0,164644,269.6
tools,meta,eog,email,6,1,3,task_20260106_060646_574_1628b966_0fc7207a,1.0,1,178624,450.0
tools,meta,eog,email,6,1,3,task_20260106_140034_876_e7cfb93b_fc943e0e,0.6,0,237998,371.9
tools,meta,eog,email,6,2,1,task_20251203_093009_456_701c5774_24b57fbd,0.0,0,53171,96.2
tools,meta,eog,email,6,2,1,task_20251203_180743_144_e7cfb93b_56dbcb89,1.0,1,99737,150.5
tools,meta,eog,email,6,2,1,task_20260105_182555_369_e7cfb93b_c2cc205b,1.0,1,157038,300.5
tools,meta,eog,email,6,2,1,task_20260105_214127_504_e7cfb93b_e6640be3,1.0,1,139387,300.0
tools,meta,eog,email,6,2,1,task_20260106_213903_609_e7cfb93b_5e95c001,1.0,1,160105,287.9
tools,meta,eog,email,6,2,1,task_20260108_050214_962_e5bf1251_0cabbd3d,0.666667,0,54572,89.4
tools,meta,eog,email,6,2,2,task_20251203_093009_456_701c5774_24b57fbd,0.5,0,127388,219.5
tools,meta,eog,email,6,2,2,task_20251203_180743_144_e7cfb93b_56dbcb89,1.0,1,115391,166.7
tools,meta,eog,email,6,2,2,task_20260105_182555_369_e7cfb93b_c2cc205b,1.0,1,274406,338.8
tools,meta,eog,email,6,2,2,task_20260105_214127_504_e7cfb93b_e6640be3,1.0,1,196464,412.2
tools,meta,eog,email,6,2,2,task_20260106_213903_609_e7cfb93b_5e95c001,1.0,1,164454,173.2
tools,meta,eog,email,6,2,2,task_20260108_050214_962_e5bf1251_0cabbd3d,1.0,1,136649,117.1
tools,meta,eog,email,6,2,3,task_20251203_093009_456_701c5774_24b57fbd,0.5,0,74553,205.5
tools,meta,eog,email,6,2,3,task_20251203_180743_144_e7cfb93b_56dbcb89,1.0,1,152728,218.3
tools,meta,eog,email,6,2,3,task_20260105_182555_369_e7cfb93b_c2cc205b,1.0,1,227706,251.6
tools,meta,eog,email,6,2,3,task_20260105_214127_504_e7cfb93b_e6640be3,1.0,1,219890,266.3
tools,meta,eog,email,6,2,3,task_20260106_213903_609_e7cfb93b_5e95c001,1.0,1,100661,122.9
tools,meta,eog,email,6,2,3,task_20260108_050214_962_e5bf1251_0cabbd3d,1.0,1,140506,132.4
tools,meta,eog,email,6,3,1,task_20251204_101148_724_701c5774_7cb6254a,1.0,1,126332,206.0
tools,meta,eog,email,6,3,1,task_20251204_142444_575_e5bf1251_65039f7d,1.0,1,82510,125.9
tools,meta,eog,email,6,3,1,task_20260105_233603_790_e7cfb93b_cc802e4b,1.0,1,205978,322.4
tools,meta,eog,email,6,3,1,task_20260106_071510_179_911d75d7_0ae789ae,0.0,0,152351,227.3
tools,meta,eog,email,6,3,1,task_20260107_125943_886_1628b966_f951b083,0.5,0,89053,123.3
tools,meta,eog,email,6,3,1,task_20260107_142454_824_1628b966_4a482da4,1.0,1,54498,47.2
tools,meta,eog,email,6,3,1,task_20260108_101001_581_701c5774_3ac4e4fb,0.5,0,178771,367.2
tools,meta,eog,email,6,3,2,task_20251204_101148_724_701c5774_7cb6254a,0.333333,0,317055,506.2
tools,meta,eog,email,6,3,2,task_20251204_142444_575_e5bf1251_65039f7d,1.0,1,82299,80.1
tools,meta,eog,email,6,3,2,task_20260105_233603_790_e7cfb93b_cc802e4b,1.0,1,161283,176.3
tools,meta,eog,email,6,3,2,task_20260106_071510_179_911d75d7_0ae789ae,0.0,0,102293,153.8
tools,meta,eog,email,6,3,2,task_20260107_125943_886_1628b966_f951b083,0.5,0,54604,79.4
tools,meta,eog,email,6,3,2,task_20260107_142454_824_1628b966_4a482da4,1.0,1,72864,67.6
tools,meta,eog,email,6,3,2,task_20260108_101001_581_701c5774_3ac4e4fb,0.5,0,171855,449.5
tools,meta,eog,email,6,3,3,task_20251204_101148_724_701c5774_7cb6254a,1.0,1,614768,593.2
tools,meta,eog,email,6,3,3,task_20251204_142444_575_e5bf1251_65039f7d,1.0,1,79811,54.4
tools,meta,eog,email,6,3,3,task_20260105_233603_790_e7cfb93b_cc802e4b,1.0,1,226487,573.1
tools,meta,eog,email,6,3,3,task_20260106_071510_179_911d75d7_0ae789ae,0.0,0,166568,191.8
tools,meta,eog,email,6,3,3,task_20260107_125943_886_1628b966_f951b083,0.5,0,74155,99.6
tools,meta,eog,email,6,3,3,task_20260107_142454_824_1628b966_4a482da4,1.0,1,73269,89.8
tools,meta,eog,email,6,3,3,task_20260108_101001_581_701c5774_3ac4e4fb,0.5,0,233858,444.3
tools,meta,eog,email,6,4,1,task_20251125_150631_436_e5bf1251_77dd7cbb,1.0,1,97904,74.7
tools,meta,eog,email,6,4,1,task_20251127_150451_336_701c5774_c2e9609a,1.0,1,158566,594.7
tools,meta,eog,email,6,4,1,task_20251203_113003_327_701c5774_2e2c97d2,1.0,1,62888,33.5
tools,meta,eog,email,6,4,1,task_20251203_120537_904_701c5774_849b4b7c,0.666667,0,63226,37.6
tools,meta,eog,email,6,4,1,task_20251204_083406_171_e7cfb93b_89e0d558,0.9,0,370078,560.7
tools,meta,eog,email,6,4,1,task_20251204_145059_811_e5bf1251_3b195ec1,1.0,1,63582,37.9
tools,meta,eog,email,6,4,1,task_20251209_094942_478_701c5774_dc4a4b13,0.333333,0,267270,653.0
tools,meta,eog,email,6,4,1,task_20251212_162948_602_8ce75c22_8b25a027,1.0,1,56643,62.8
tools,meta,eog,email,6,4,1,task_20260106_050111_551_701c5774_419d6733,0.0,0,403727,1363.5
tools,meta,eog,email,6,4,1,task_20260107_160335_693_911d75d7_d116d7cf,0.5,0,82229,84.3
tools,meta,eog,email,6,4,1,task_20260107_191539_515_911d75d7_3ea7750e,1.0,1,113550,114.4
tools,meta,eog,email,6,4,1,task_20260107_214637_627_911d75d7_eb9d8622,0.0,0,33039,71.2
tools,meta,eog,email,6,4,2,task_20251125_150631_436_e5bf1251_77dd7cbb,1.0,1,99988,97.3
tools,meta,eog,email,6,4,2,task_20251127_150451_336_701c5774_c2e9609a,1.0,1,173206,475.5
tools,meta,eog,email,6,4,2,task_20251203_113003_327_701c5774_2e2c97d2,1.0,1,77867,39.6
tools,meta,eog,email,6,4,2,task_20251203_120537_904_701c5774_849b4b7c,1.0,1,47946,39.6
tools,meta,eog,email,6,4,2,task_20251204_083406_171_e7cfb93b_89e0d558,1.0,1,412708,746.6
tools,meta,eog,email,6,4,2,task_20251204_145059_811_e5bf1251_3b195ec1,1.0,1,64673,65.7
tools,meta,eog,email,6,4,2,task_20251209_094942_478_701c5774_dc4a4b13,0.333333,0,168416,397.0
tools,meta,eog,email,6,4,2,task_20251212_162948_602_8ce75c22_8b25a027,1.0,1,93977,85.5
tools,meta,eog,email,6,4,2,task_20260106_050111_551_701c5774_419d6733,0.333333,0,179064,479.1
tools,meta,eog,email,6,4,2,task_20260107_160335_693_911d75d7_d116d7cf,0.5,0,82059,94.2
tools,meta,eog,email,6,4,2,task_20260107_191539_515_911d75d7_3ea7750e,1.0,1,99813,142.0
tools,meta,eog,email,6,4,2,task_20260107_214637_627_911d75d7_eb9d8622,0.0,0,33840,64.1
tools,meta,eog,email,6,4,3,task_20251125_150631_436_e5bf1251_77dd7cbb,1.0,1,98989,77.1
tools,meta,eog,email,6,4,3,task_20251127_150451_336_701c5774_c2e9609a,0.666667,0,113714,304.8
tools,meta,eog,email,6,4,3,task_20251203_113003_327_701c5774_2e2c97d2,1.0,1,63014,34.6
tools,meta,eog,email,6,4,3,task_20251203_120537_904_701c5774_849b4b7c,0.666667,0,78977,52.7
tools,meta,eog,email,6,4,3,task_20251204_083406_171_e7cfb93b_89e0d558,0.9,0,212666,400.3
tools,meta,eog,email,6,4,3,task_20251204_145059_811_e5bf1251_3b195ec1,1.0,1,63307,37.4
tools,meta,eog,email,6,4,3,task_20251209_094942_478_701c5774_dc4a4b13,0.333333,0,251147,622.8
tools,meta,eog,email,6,4,3,task_20251212_162948_602_8ce75c22_8b25a027,1.0,1,56219,43.5
tools,meta,eog,email,6,4,3,task_20260106_050111_551_701c5774_419d6733,0.333333,0,229173,470.8
tools,meta,eog,email,6,4,3,task_20260107_160335_693_911d75d7_d116d7cf,0.5,0,82816,82.4
tools,meta,eog,email,6,4,3,task_20260107_191539_515_911d75d7_3ea7750e,1.0,1,83904,104.4
tools,meta,eog,email,6,4,3,task_20260107_214637_627_911d75d7_eb9d8622,0.0,0,33611,70.0
tools,meta,eog,email,6,5,1,task_20251125_154624_258_701c5774_59c41eed,0.0,0,153597,276.2
tools,meta,eog,email,6,5,1,task_20251125_202309_857_e7cfb93b_9c156259,1.0,1,243415,350.6
tools,meta,eog,email,6,5,1,task_20251128_154607_365_1628b966_a730b5cf,1.0,1,30765,23.1
tools,meta,eog,email,6,5,1,task_20251204_120643_371_8ce75c22_f09e1799,1.0,1,137297,193.8
tools,meta,eog,email,6,5,1,task_20251204_153830_645_1628b966_3df25b52,1.0,1,119785,120.0
tools,meta,eog,email,6,5,1,task_20251211_054846_540_e5bf1251_265c5883,0.666667,0,158795,190.1
tools,meta,eog,email,6,5,1,task_20251211_100706_985_701c5774_8d658f71,0.5,0,247958,307.6
tools,meta,eog,email,6,5,1,task_20251212_072144_983_8ce75c22_1b848fdd,1.0,1,105422,117.5
tools,meta,eog,email,6,5,1,task_20260107_131200_705_1628b966_84e87e0f,0.5,0,51395,66.4
tools,meta,eog,email,6,5,1,task_20260107_141130_029_1628b966_8e264839,0.5,0,155941,218.1
tools,meta,eog,email,6,5,1,task_20260108_031733_760_e5bf1251_9e81ad1b,0.666667,0,133686,132.8
tools,meta,eog,email,6,5,1,task_20260109_080715_585_911d75d7_ded91685,1.0,1,110445,99.9
tools,meta,eog,email,6,5,1,task_20260109_160851_122_911d75d7_3ece8e5e,0.0,0,82377,111.5
tools,meta,eog,email,6,5,2,task_20251125_154624_258_701c5774_59c41eed,0.666667,0,281551,466.1
tools,meta,eog,email,6,5,2,task_20251125_202309_857_e7cfb93b_9c156259,1.0,1,205009,228.9
tools,meta,eog,email,6,5,2,task_20251128_154607_365_1628b966_a730b5cf,1.0,1,61348,37.5
tools,meta,eog,email,6,5,2,task_20251204_120643_371_8ce75c22_f09e1799,1.0,1,102180,217.2
tools,meta,eog,email,6,5,2,task_20251204_153830_645_1628b966_3df25b52,1.0,1,85564,99.7
tools,meta,eog,email,6,5,2,task_20251211_054846_540_e5bf1251_265c5883,0.666667,0,131306,145.6
tools,meta,eog,email,6,5,2,task_20251211_100706_985_701c5774_8d658f71,0.75,0,343972,517.1
tools,meta,eog,email,6,5,2,task_20251212_072144_983_8ce75c22_1b848fdd,1.0,1,105771,125.5
tools,meta,eog,email,6,5,2,task_20260107_131200_705_1628b966_84e87e0f,0.5,0,51818,67.7
tools,meta,eog,email,6,5,2,task_20260107_141130_029_1628b966_8e264839,0.5,0,137553,217.7
tools,meta,eog,email,6,5,2,task_20260108_031733_760_e5bf1251_9e81ad1b,0.666667,0,133654,160.1
tools,meta,eog,email,6,5,2,task_20260109_080715_585_911d75d7_ded91685,1.0,1,110294,107.8
tools,meta,eog,email,6,5,2,task_20260109_160851_122_911d75d7_3ece8e5e,0.0,0,83715,113.0
tools,meta,eog,email,6,5,3,task_20251125_154624_258_701c5774_59c41eed,0.666667,0,211096,288.0
tools,meta,eog,email,6,5,3,task_20251125_202309_857_e7cfb93b_9c156259,1.0,1,197287,207.5
tools,meta,eog,email,6,5,3,task_20251128_154607_365_1628b966_a730b5cf,1.0,1,30770,23.1
tools,meta,eog,email,6,5,3,task_20251204_120643_371_8ce75c22_f09e1799,1.0,1,99907,215.2
tools,meta,eog,email,6,5,3,task_20251204_153830_645_1628b966_3df25b52,1.0,1,85702,105.1
tools,meta,eog,email,6,5,3,task_20251211_054846_540_e5bf1251_265c5883,1.0,1,103482,149.0
tools,meta,eog,email,6,5,3,task_20251211_100706_985_701c5774_8d658f71,0.5,0,168741,333.5
tools,meta,eog,email,6,5,3,task_20251212_072144_983_8ce75c22_1b848fdd,1.0,1,179650,265.5
tools,meta,eog,email,6,5,3,task_20260107_131200_705_1628b966_84e87e0f,0.5,0,68158,109.9
tools,meta,eog,email,6,5,3,task_20260107_141130_029_1628b966_8e264839,0.5,0,135675,233.4
tools,meta,eog,email,6,5,3,task_20260108_031733_760_e5bf1251_9e81ad1b,1.0,1,84871,90.4
tools,meta,eog,email,6,5,3,task_20260109_080715_585_911d75d7_ded91685,1.0,1,148285,191.4
tools,meta,eog,email,6,5,3,task_20260109_160851_122_911d75d7_3ece8e5e,0.0,0,100924,182.6
tools,meta,eog,email,6,6,1,task_20251203_104951_949_701c5774_5a606512,0.0,0,90516,252.4
tools,meta,eog,email,6,6,1,task_20251204_144745_585_e5bf1251_4e4c189d,1.0,1,67121,95.2
tools,meta,eog,email,6,6,1,task_20251211_194841_657_8ce75c22_43c6bc2f,1.0,1,100243,136.0
tools,meta,eog,email,6,6,1,task_20260106_052248_226_1628b966_d8c22aed,1.0,1,122411,251.4
tools,meta,eog,email,6,6,1,task_20260108_143038_654_e5bf1251_b9e616b8,1.0,1,107903,80.9
tools,meta,eog,email,6,6,1,task_20260109_170111_125_8ce75c22_1c7034c5,0.75,0,117294,141.0
tools,meta,eog,email,6,6,2,task_20251203_104951_949_701c5774_5a606512,0.0,0,121695,762.7
tools,meta,eog,email,6,6,2,task_20251204_144745_585_e5bf1251_4e4c189d,1.0,1,51879,147.2
tools,meta,eog,email,6,6,2,task_20251211_194841_657_8ce75c22_43c6bc2f,1.0,1,98018,227.0
tools,meta,eog,email,6,6,2,task_20260106_052248_226_1628b966_d8c22aed,1.0,1,122261,347.8
tools,meta,eog,email,6,6,2,task_20260108_143038_654_e5bf1251_b9e616b8,1.0,1,73830,162.7
tools,meta,eog,email,6,6,2,task_20260109_170111_125_8ce75c22_1c7034c5,1.0,1,89240,166.8
tools,meta,eog,email,6,6,3,task_20251203_104951_949_701c5774_5a606512,0.5,0,132999,459.1
tools,meta,eog,email,6,6,3,task_20251204_144745_585_e5bf1251_4e4c189d,1.0,1,51589,69.3
tools,meta,eog,email,6,6,3,task_20251211_194841_657_8ce75c22_43c6bc2f,1.0,1,140371,161.4
tools,meta,eog,email,6,6,3,task_20260106_052248_226_1628b966_d8c22aed,1.0,1,161986,280.9
tools,meta,eog,email,6,6,3,task_20260108_143038_654_e5bf1251_b9e616b8,1.0,1,95008,95.4
tools,meta,eog,email,6,6,3,task_20260109_170111_125_8ce75c22_1c7034c5,1.0,1,142315,184.4
tools,meta,eog,hr,1,1,1,task_20251223_184833_888_a8eea1c0_87c53cb9,0.428571,0,66194,131.2
tools,meta,eog,hr,1,1,1,task_20251223_194142_190_46ca2862_d9cae434,0.5,0,91643,201.3
tools,meta,eog,hr,1,1,1,task_20251223_194912_450_46ca2862_0084047c,0.0,0,30599,119.7
tools,meta,eog,hr,1,1,1,task_20251224_094258_495_c4ad7a70_42fbe372,0.75,0,99489,172.5
tools,meta,eog,hr,1,1,1,task_20251224_133749_739_c4ad7a70_9df76270,1.0,1,96386,185.4
tools,meta,eog,hr,1,1,1,task_20251226_094920_495_99ba2325_627386b2,0.75,0,60645,190.8
tools,meta,eog,hr,1,1,1,task_20260112_141226_936_7aad91c1_61df8f2b,1.0,1,81781,156.4
tools,meta,eog,hr,1,1,1,task_20260116_104653_444_99ba2325_320d5ca4,1.0,1,144761,400.5
tools,meta,eog,hr,1,1,1,task_20260116_112336_208_c5cac200_da33db0a,0.833333,0,104723,241.8
tools,meta,eog,hr,1,1,1,task_20260116_160908_725_46ca2862_923e672e,0.0,0,22096,72.2
tools,meta,eog,hr,1,1,2,task_20251223_184833_888_a8eea1c0_87c53cb9,0.428571,0,51315,96.7
tools,meta,eog,hr,1,1,2,task_20251223_194142_190_46ca2862_d9cae434,0.5,0,91772,229.5
tools,meta,eog,hr,1,1,2,task_20251223_194912_450_46ca2862_0084047c,0.5,0,88339,266.8
tools,meta,eog,hr,1,1,2,task_20251224_094258_495_c4ad7a70_42fbe372,1.0,1,76638,197.8
tools,meta,eog,hr,1,1,2,task_20251224_133749_739_c4ad7a70_9df76270,1.0,1,85735,203.7
tools,meta,eog,hr,1,1,2,task_20251226_094920_495_99ba2325_627386b2,1.0,1,85257,247.6
tools,meta,eog,hr,1,1,2,task_20260112_141226_936_7aad91c1_61df8f2b,1.0,1,106601,226.5
tools,meta,eog,hr,1,1,2,task_20260116_104653_444_99ba2325_320d5ca4,1.0,1,76268,274.2
tools,meta,eog,hr,1,1,2,task_20260116_112336_208_c5cac200_da33db0a,0.833333,0,110767,323.1
tools,meta,eog,hr,1,1,2,task_20260116_160908_725_46ca2862_923e672e,0.0,0,31803,110.3
tools,meta,eog,hr,1,1,3,task_20251223_184833_888_a8eea1c0_87c53cb9,0.714286,0,107050,272.8
tools,meta,eog,hr,1,1,3,task_20251223_194142_190_46ca2862_d9cae434,0.5,0,93292,231.5
tools,meta,eog,hr,1,1,3,task_20251223_194912_450_46ca2862_0084047c,0.5,0,88849,239.2
tools,meta,eog,hr,1,1,3,task_20251224_094258_495_c4ad7a70_42fbe372,1.0,1,96488,161.3
tools,meta,eog,hr,1,1,3,task_20251224_133749_739_c4ad7a70_9df76270,0.75,0,97400,187.4
tools,meta,eog,hr,1,1,3,task_20251226_094920_495_99ba2325_627386b2,1.0,1,114369,293.0
tools,meta,eog,hr,1,1,3,task_20260112_141226_936_7aad91c1_61df8f2b,1.0,1,81173,172.8
tools,meta,eog,hr,1,1,3,task_20260116_104653_444_99ba2325_320d5ca4,0.5,0,79245,220.8
tools,meta,eog,hr,1,1,3,task_20260116_112336_208_c5cac200_da33db0a,1.0,1,116900,211.4
tools,meta,eog,hr,1,1,3,task_20260116_160908_725_46ca2862_923e672e,0.0,0,35044,157.4
tools,meta,eog,hr,1,2,1,task_20251217_211723_514_87437950_3bbbb519,0.25,0,103601,267.9
tools,meta,eog,hr,1,2,1,task_20251219_205632_335_cd46e60f_4db23138,0.0,0,134600,379.9
tools,meta,eog,hr,1,2,1,task_20251224_030218_157_00364ece_79650819,0.0,0,62998,120.8
tools,meta,eog,hr,1,2,1,task_20251224_195437_497_e6427839_6357fed2,0.0,0,85214,160.0
tools,meta,eog,hr,1,2,1,task_20251226_090527_363_b25153b4_6caf1a47,0.6,0,103443,319.9
tools,meta,eog,hr,1,2,1,task_20251226_135729_497_c4ad7a70_788f5baf,0.666667,0,82444,198.6
tools,meta,eog,hr,1,2,1,task_20251226_153702_699_ad5a67e3_43cd2d47,0.0,0,29108,115.1
tools,meta,eog,hr,1,2,1,task_20260114_170216_532_accab84d_9dc7ddd5,1.0,1,122512,196.1
tools,meta,eog,hr,1,2,1,task_20260114_180423_838_00364ece_9f2ad35c,0.5,0,190493,497.0
tools,meta,eog,hr,1,2,1,task_20260115_124602_090_accab84d_91ac1840,0.666667,0,190082,296.4
tools,meta,eog,hr,1,2,1,task_20260115_151312_690_57529556_9fca8861,0.875,0,284017,555.8
tools,meta,eog,hr,1,2,1,task_20260116_055513_891_99ba2325_849991b8,0.166667,0,15814,77.7
tools,meta,eog,hr,1,2,1,task_20260116_170758_750_d4a463c3_3885de59,0.666667,0,218934,515.8
tools,meta,eog,hr,1,2,2,task_20251217_211723_514_87437950_3bbbb519,0.25,0,127620,378.1
tools,meta,eog,hr,1,2,2,task_20251219_205632_335_cd46e60f_4db23138,0.0,0,43754,147.9
tools,meta,eog,hr,1,2,2,task_20251224_030218_157_00364ece_79650819,0.5,0,93082,174.2
tools,meta,eog,hr,1,2,2,task_20251224_195437_497_e6427839_6357fed2,0.0,0,67094,99.4
tools,meta,eog,hr,1,2,2,task_20251226_090527_363_b25153b4_6caf1a47,0.6,0,106104,319.4
tools,meta,eog,hr,1,2,2,task_20251226_135729_497_c4ad7a70_788f5baf,1.0,1,104096,169.1
tools,meta,eog,hr,1,2,2,task_20251226_153702_699_ad5a67e3_43cd2d47,0.0,0,30434,132.1
tools,meta,eog,hr,1,2,2,task_20260114_170216_532_accab84d_9dc7ddd5,0.333333,0,67760,123.4
tools,meta,eog,hr,1,2,2,task_20260114_180423_838_00364ece_9f2ad35c,0.5,0,123484,528.5
tools,meta,eog,hr,1,2,2,task_20260115_124602_090_accab84d_91ac1840,0.0,0,13914,69.7
tools,meta,eog,hr,1,2,2,task_20260115_151312_690_57529556_9fca8861,0.875,0,376979,1242.3
tools,meta,eog,hr,1,2,2,task_20260116_055513_891_99ba2325_849991b8,0.166667,0,15353,66.2
tools,meta,eog,hr,1,2,2,task_20260116_170758_750_d4a463c3_3885de59,0.777778,0,160342,591.5
tools,meta,eog,hr,1,2,3,task_20251217_211723_514_87437950_3bbbb519,0.25,0,153602,483.1
tools,meta,eog,hr,1,2,3,task_20251219_205632_335_cd46e60f_4db23138,0.0,0,272338,1063.5
tools,meta,eog,hr,1,2,3,task_20251224_030218_157_00364ece_79650819,0.5,0,97503,342.9
tools,meta,eog,hr,1,2,3,task_20251224_195437_497_e6427839_6357fed2,0.0,0,83965,268.4
tools,meta,eog,hr,1,2,3,task_20251226_090527_363_b25153b4_6caf1a47,0.6,0,74318,362.6
tools,meta,eog,hr,1,2,3,task_20251226_135729_497_c4ad7a70_788f5baf,0.666667,0,94927,330.2
tools,meta,eog,hr,1,2,3,task_20251226_153702_699_ad5a67e3_43cd2d47,0.0,0,30478,197.7
tools,meta,eog,hr,1,2,3,task_20260114_170216_532_accab84d_9dc7ddd5,1.0,1,91635,180.1
tools,meta,eog,hr,1,2,3,task_20260114_180423_838_00364ece_9f2ad35c,0.5,0,166995,872.2
tools,meta,eog,hr,1,2,3,task_20260115_124602_090_accab84d_91ac1840,0.0,0,55453,246.9
tools,meta,eog,hr,1,2,3,task_20260115_151312_690_57529556_9fca8861,1.0,1,294052,846.2
tools,meta,eog,hr,1,2,3,task_20260116_055513_891_99ba2325_849991b8,0.166667,0,29387,220.8
tools,meta,eog,hr,1,2,3,task_20260116_170758_750_d4a463c3_3885de59,0.777778,0,254609,764.6
tools,meta,eog,hr,2,1,1,task_20251223_184833_888_a8eea1c0_87c53cb9,1.0,1,201341,299.4
tools,meta,eog,hr,2,1,1,task_20251223_194142_190_46ca2862_d9cae434,0.5,0,108911,221.1
tools,meta,eog,hr,2,1,1,task_20251223_194912_450_46ca2862_0084047c,0.5,0,84219,184.2
tools,meta,eog,hr,2,1,1,task_20251224_094258_495_c4ad7a70_42fbe372,1.0,1,96587,169.3
tools,meta,eog,hr,2,1,1,task_20251224_133749_739_c4ad7a70_9df76270,1.0,1,136273,217.6
tools,meta,eog,hr,2,1,1,task_20251226_094920_495_99ba2325_627386b2,1.0,1,130451,279.7
tools,meta,eog,hr,2,1,1,task_20260112_141226_936_7aad91c1_61df8f2b,1.0,1,114595,145.2
tools,meta,eog,hr,2,1,1,task_20260116_104653_444_99ba2325_320d5ca4,0.75,0,75516,228.1
tools,meta,eog,hr,2,1,1,task_20260116_112336_208_c5cac200_da33db0a,0.833333,0,177717,271.7
tools,meta,eog,hr,2,1,1,task_20260116_160908_725_46ca2862_923e672e,0.0,0,28012,82.7
tools,meta,eog,hr,2,1,2,task_20251223_184833_888_a8eea1c0_87c53cb9,0.571429,0,122271,192.9
tools,meta,eog,hr,2,1,2,task_20251223_194142_190_46ca2862_d9cae434,0.5,0,111441,255.7
tools,meta,eog,hr,2,1,2,task_20251223_194912_450_46ca2862_0084047c,0.5,0,83034,216.0
tools,meta,eog,hr,2,1,2,task_20251224_094258_495_c4ad7a70_42fbe372,1.0,1,123874,155.6
tools,meta,eog,hr,2,1,2,task_20251224_133749_739_c4ad7a70_9df76270,1.0,1,120342,137.4
tools,meta,eog,hr,2,1,2,task_20251226_094920_495_99ba2325_627386b2,1.0,1,121004,295.9
tools,meta,eog,hr,2,1,2,task_20260112_141226_936_7aad91c1_61df8f2b,1.0,1,103627,173.4
tools,meta,eog,hr,2,1,2,task_20260116_104653_444_99ba2325_320d5ca4,1.0,1,116988,280.0
tools,meta,eog,hr,2,1,2,task_20260116_112336_208_c5cac200_da33db0a,0.833333,0,134054,247.4
tools,meta,eog,hr,2,1,2,task_20260116_160908_725_46ca2862_923e672e,0.0,0,101031,311.9
tools,meta,eog,hr,2,1,3,task_20251223_184833_888_a8eea1c0_87c53cb9,0.428571,0,68924,134.5
tools,meta,eog,hr,2,1,3,task_20251223_194142_190_46ca2862_d9cae434,0.5,0,93906,124.6
tools,meta,eog,hr,2,1,3,task_20251223_194912_450_46ca2862_0084047c,0.5,0,95633,213.7
tools,meta,eog,hr,2,1,3,task_20251224_094258_495_c4ad7a70_42fbe372,1.0,1,135559,191.2
tools,meta,eog,hr,2,1,3,task_20251224_133749_739_c4ad7a70_9df76270,1.0,1,109270,170.0
tools,meta,eog,hr,2,1,3,task_20251226_094920_495_99ba2325_627386b2,0.5,0,72675,174.9
tools,meta,eog,hr,2,1,3,task_20260112_141226_936_7aad91c1_61df8f2b,1.0,1,133048,185.5
tools,meta,eog,hr,2,1,3,task_20260116_104653_444_99ba2325_320d5ca4,0.75,0,129747,291.4
tools,meta,eog,hr,2,1,3,task_20260116_112336_208_c5cac200_da33db0a,0.833333,0,174979,259.7
tools,meta,eog,hr,2,1,3,task_20260116_160908_725_46ca2862_923e672e,0.0,0,68524,177.9
tools,meta,eog,hr,2,2,1,task_20251217_211723_514_87437950_3bbbb519,0.25,0,70002,166.2
tools,meta,eog,hr,2,2,1,task_20251219_205632_335_cd46e60f_4db23138,0.0,0,72663,208.9
tools,meta,eog,hr,2,2,1,task_20251224_030218_157_00364ece_79650819,0.5,0,93695,167.6
tools,meta,eog,hr,2,2,1,task_20251224_195437_497_e6427839_6357fed2,0.0,0,83708,139.1
tools,meta,eog,hr,2,2,1,task_20251226_090527_363_b25153b4_6caf1a47,0.8,0,102512,239.7
tools,meta,eog,hr,2,2,1,task_20251226_135729_497_c4ad7a70_788f5baf,0.666667,0,103772,142.3
tools,meta,eog,hr,2,2,1,task_20251226_153702_699_ad5a67e3_43cd2d47,0.0,0,44252,129.7
tools,meta,eog,hr,2,2,1,task_20260114_170216_532_accab84d_9dc7ddd5,1.0,1,104062,117.4
tools,meta,eog,hr,2,2,1,task_20260114_180423_838_00364ece_9f2ad35c,0.5,0,142885,440.2
tools,meta,eog,hr,2,2,1,task_20260115_124602_090_accab84d_91ac1840,0.0,0,74212,206.6
tools,meta,eog,hr,2,2,1,task_20260115_151312_690_57529556_9fca8861,1.0,1,313498,607.0
tools,meta,eog,hr,2,2,1,task_20260116_055513_891_99ba2325_849991b8,0.333333,0,204339,528.2
tools,meta,eog,hr,2,2,1,task_20260116_170758_750_d4a463c3_3885de59,0.777778,0,204597,411.3
tools,meta,eog,hr,2,2,2,task_20251217_211723_514_87437950_3bbbb519,0.25,0,142168,251.1
tools,meta,eog,hr,2,2,2,task_20251219_205632_335_cd46e60f_4db23138,0.0,0,31807,149.8
tools,meta,eog,hr,2,2,2,task_20251224_030218_157_00364ece_79650819,0.5,0,93882,131.6
tools,meta,eog,hr,2,2,2,task_20251224_195437_497_e6427839_6357fed2,0.0,0,83739,136.4
tools,meta,eog,hr,2,2,2,task_20251226_090527_363_b25153b4_6caf1a47,0.6,0,90148,246.9
tools,meta,eog,hr,2,2,2,task_20251226_135729_497_c4ad7a70_788f5baf,0.666667,0,90566,95.1
tools,meta,eog,hr,2,2,2,task_20251226_153702_699_ad5a67e3_43cd2d47,0.0,0,49547,151.9
tools,meta,eog,hr,2,2,2,task_20260114_170216_532_accab84d_9dc7ddd5,1.0,1,105758,154.4
tools,meta,eog,hr,2,2,2,task_20260114_180423_838_00364ece_9f2ad35c,0.5,0,138199,371.5
tools,meta,eog,hr,2,2,2,task_20260115_124602_090_accab84d_91ac1840,0.666667,0,168179,321.6
tools,meta,eog,hr,2,2,2,task_20260115_151312_690_57529556_9fca8861,0.875,0,256332,633.6
tools,meta,eog,hr,2,2,2,task_20260116_055513_891_99ba2325_849991b8,0.166667,0,75029,258.4
tools,meta,eog,hr,2,2,2,task_20260116_170758_750_d4a463c3_3885de59,0.777778,0,201350,398.9
tools,meta,eog,hr,2,2,3,task_20251217_211723_514_87437950_3bbbb519,0.25,0,144075,243.4
tools,meta,eog,hr,2,2,3,task_20251219_205632_335_cd46e60f_4db23138,0.0,0,91337,365.6
tools,meta,eog,hr,2,2,3,task_20251224_030218_157_00364ece_79650819,0.5,0,78362,154.0
tools,meta,eog,hr,2,2,3,task_20251224_195437_497_e6427839_6357fed2,0.0,0,82118,123.2
tools,meta,eog,hr,2,2,3,task_20251226_090527_363_b25153b4_6caf1a47,0.8,0,103750,277.3
tools,meta,eog,hr,2,2,3,task_20251226_135729_497_c4ad7a70_788f5baf,0.666667,0,103389,170.2
tools,meta,eog,hr,2,2,3,task_20251226_153702_699_ad5a67e3_43cd2d47,0.0,0,44755,202.2
tools,meta,eog,hr,2,2,3,task_20260114_170216_532_accab84d_9dc7ddd5,1.0,1,121532,175.2
tools,meta,eog,hr,2,2,3,task_20260114_180423_838_00364ece_9f2ad35c,0.75,0,180606,300.4
tools,meta,eog,hr,2,2,3,task_20260115_124602_090_accab84d_91ac1840,0.666667,0,159869,289.7
tools,meta,eog,hr,2,2,3,task_20260115_151312_690_57529556_9fca8861,0.0,0,89368,341.4
tools,meta,eog,hr,2,2,3,task_20260116_055513_891_99ba2325_849991b8,0.166667,0,47628,148.6
tools,meta,eog,hr,2,2,3,task_20260116_170758_750_d4a463c3_3885de59,0.666667,0,232987,508.8
tools,meta,eog,hr,2,3,1,task_20251217_073807_153_761f6b82_cba63024,0.571429,0,269582,548.0
tools,meta,eog,hr,2,3,1,task_20251218_234518_453_d9bcd1e5_72c94403,0.666667,0,165493,200.3
tools,meta,eog,hr,2,3,1,task_20251219_114935_971_a8eea1c0_188fc892,0.5,0,99972,190.0
tools,meta,eog,hr,2,3,1,task_20251219_155215_361_00364ece_c1c6ffc8,0.0,0,107207,172.1
tools,meta,eog,hr,2,3,1,task_20251225_124750_039_7e2e0039_de8a9d94,0.166667,0,16540,71.2
tools,meta,eog,hr,2,3,1,task_20251226_041218_355_d9bcd1e5_bc84c9d5,0.777778,0,222718,395.3
tools,meta,eog,hr,2,3,1,task_20251226_101143_297_99ba2325_75b99d9a,0.75,0,152976,348.5
tools,meta,eog,hr,2,3,1,task_20251226_102334_184_b25153b4_08c0849c,0.8,0,114936,204.1
tools,meta,eog,hr,2,3,1,task_20251226_104747_127_30600918_559da326,0.25,0,128548,371.1
tools,meta,eog,hr,2,3,1,task_20251226_132052_338_e6427839_727d852c,0.0,0,32313,85.7
tools,meta,eog,hr,2,3,1,task_20251226_173040_372_95fd9f79_c7e85ec1,0.833333,0,161175,361.3
tools,meta,eog,hr,2,3,1,task_20260109_172559_279_e6427839_f711406f,0.5,0,169389,569.3
tools,meta,eog,hr,2,3,1,task_20260109_202436_533_a8eea1c0_755eabdd,0.555556,0,273233,409.6
tools,meta,eog,hr,2,3,1,task_20260113_032200_394_ad5a67e3_5e3873b8,0.875,0,262491,283.4
tools,meta,eog,hr,2,3,1,task_20260114_091008_897_accab84d_786931e4,0.0,0,36155,173.6
tools,meta,eog,hr,2,3,1,task_20260115_130330_068_00364ece_cf2e9cf1,0.428571,0,222292,583.1
tools,meta,eog,hr,2,3,1,task_20260115_130852_498_a8eea1c0_e9192d7e,0.333333,0,160820,476.9
tools,meta,eog,hr,2,3,1,task_20260115_190725_477_a8eea1c0_eba3a1c5,0.833333,0,215267,333.8
tools,meta,eog,hr,2,3,1,task_20260116_084548_120_fa1836dc_679067bc,0.5,0,232878,666.0
tools,meta,eog,hr,2,3,1,task_20260116_085958_358_a8eea1c0_6d7f242a,0.333333,0,65152,180.9
tools,meta,eog,hr,2,3,1,task_20260116_105748_962_99ba2325_dcc658fa,0.75,0,242786,436.3
tools,meta,eog,hr,2,3,1,task_20260116_122712_166_d4a463c3_196fe24f,1.0,1,156064,177.3
tools,meta,eog,hr,2,3,1,task_20260116_143750_504_a8eea1c0_7d91efa1,0.6,0,94463,142.6
tools,meta,eog,hr,2,3,1,task_20260116_150213_342_a8eea1c0_6d6fe792,0.5,0,91022,88.8
tools,meta,eog,hr,2,3,1,task_20260119_022056_842_ad5a67e3_964df197,0.833333,0,195692,317.5
tools,meta,eog,hr,2,3,2,task_20251217_073807_153_761f6b82_cba63024,0.571429,0,315331,652.1
tools,meta,eog,hr,2,3,2,task_20251218_234518_453_d9bcd1e5_72c94403,1.0,1,171338,321.4
tools,meta,eog,hr,2,3,2,task_20251219_114935_971_a8eea1c0_188fc892,0.25,0,100558,205.4
tools,meta,eog,hr,2,3,2,task_20251219_155215_361_00364ece_c1c6ffc8,0.0,0,91759,124.9
tools,meta,eog,hr,2,3,2,task_20251225_124750_039_7e2e0039_de8a9d94,1.0,1,80556,110.3
tools,meta,eog,hr,2,3,2,task_20251226_041218_355_d9bcd1e5_bc84c9d5,0.777778,0,196032,323.7
tools,meta,eog,hr,2,3,2,task_20251226_101143_297_99ba2325_75b99d9a,0.75,0,125970,393.6
tools,meta,eog,hr,2,3,2,task_20251226_102334_184_b25153b4_08c0849c,0.8,0,144953,167.9
tools,meta,eog,hr,2,3,2,task_20251226_104747_127_30600918_559da326,0.5,0,241043,604.5
tools,meta,eog,hr,2,3,2,task_20251226_132052_338_e6427839_727d852c,0.0,0,69993,219.6
tools,meta,eog,hr,2,3,2,task_20251226_173040_372_95fd9f79_c7e85ec1,0.833333,0,159860,344.3
tools,meta,eog,hr,2,3,2,task_20260109_172559_279_e6427839_f711406f,1.0,1,159602,320.1
tools,meta,eog,hr,2,3,2,task_20260109_202436_533_a8eea1c0_755eabdd,0.555556,0,245502,372.3
tools,meta,eog,hr,2,3,2,task_20260113_032200_394_ad5a67e3_5e3873b8,0.875,0,248390,313.7
tools,meta,eog,hr,2,3,2,task_20260114_091008_897_accab84d_786931e4,0.75,0,140292,346.5
tools,meta,eog,hr,2,3,2,task_20260115_130330_068_00364ece_cf2e9cf1,0.142857,0,190476,378.4
tools,meta,eog,hr,2,3,2,task_20260115_130852_498_a8eea1c0_e9192d7e,0.333333,0,127705,434.7
tools,meta,eog,hr,2,3,2,task_20260115_190725_477_a8eea1c0_eba3a1c5,0.833333,0,244479,508.7
tools,meta,eog,hr,2,3,2,task_20260116_084548_120_fa1836dc_679067bc,0.5,0,256460,465.2
tools,meta,eog,hr,2,3,2,task_20260116_085958_358_a8eea1c0_6d7f242a,1.0,1,240152,318.9
tools,meta,eog,hr,2,3,2,task_20260116_105748_962_99ba2325_dcc658fa,0.75,0,171150,340.2
tools,meta,eog,hr,2,3,2,task_20260116_122712_166_d4a463c3_196fe24f,0.8,0,173102,206.9
tools,meta,eog,hr,2,3,2,task_20260116_143750_504_a8eea1c0_7d91efa1,0.4,0,98470,218.9
tools,meta,eog,hr,2,3,2,task_20260116_150213_342_a8eea1c0_6d6fe792,0.5,0,130300,104.6
tools,meta,eog,hr,2,3,2,task_20260119_022056_842_ad5a67e3_964df197,0.833333,0,280030,491.7
tools,meta,eog,hr,2,3,3,task_20251217_073807_153_761f6b82_cba63024,0.571429,0,389113,697.1
tools,meta,eog,hr,2,3,3,task_20251218_234518_453_d9bcd1e5_72c94403,1.0,1,129647,162.4
tools,meta,eog,hr,2,3,3,task_20251219_114935_971_a8eea1c0_188fc892,0.5,0,119759,223.7
tools,meta,eog,hr,2,3,3,task_20251219_155215_361_00364ece_c1c6ffc8,0.0,0,91471,122.1
tools,meta,eog,hr,2,3,3,task_20251225_124750_039_7e2e0039_de8a9d94,1.0,1,79544,107.2
tools,meta,eog,hr,2,3,3,task_20251226_041218_355_d9bcd1e5_bc84c9d5,0.777778,0,182265,423.9
tools,meta,eog,hr,2,3,3,task_20251226_101143_297_99ba2325_75b99d9a,0.75,0,155687,356.8
tools,meta,eog,hr,2,3,3,task_20251226_102334_184_b25153b4_08c0849c,0.8,0,177666,161.1
tools,meta,eog,hr,2,3,3,task_20251226_104747_127_30600918_559da326,0.5,0,163576,375.4
tools,meta,eog,hr,2,3,3,task_20251226_132052_338_e6427839_727d852c,0.0,0,67346,224.6
tools,meta,eog,hr,2,3,3,task_20251226_173040_372_95fd9f79_c7e85ec1,0.833333,0,124853,316.4
tools,meta,eog,hr,2,3,3,task_20260109_172559_279_e6427839_f711406f,0.5,0,112645,361.1
tools,meta,eog,hr,2,3,3,task_20260109_202436_533_a8eea1c0_755eabdd,0.555556,0,237441,413.5
tools,meta,eog,hr,2,3,3,task_20260113_032200_394_ad5a67e3_5e3873b8,0.875,0,230237,242.3
tools,meta,eog,hr,2,3,3,task_20260114_091008_897_accab84d_786931e4,0.0,0,52208,127.9
tools,meta,eog,hr,2,3,3,task_20260115_130330_068_00364ece_cf2e9cf1,0.285714,0,321726,487.5
tools,meta,eog,hr,2,3,3,task_20260115_130852_498_a8eea1c0_e9192d7e,0.333333,0,193780,394.5
tools,meta,eog,hr,2,3,3,task_20260115_190725_477_a8eea1c0_eba3a1c5,0.833333,0,133760,312.9
tools,meta,eog,hr,2,3,3,task_20260116_084548_120_fa1836dc_679067bc,0.333333,0,255516,592.0
tools,meta,eog,hr,2,3,3,task_20260116_085958_358_a8eea1c0_6d7f242a,1.0,1,222556,275.9
tools,meta,eog,hr,2,3,3,task_20260116_105748_962_99ba2325_dcc658fa,1.0,1,121714,278.0
tools,meta,eog,hr,2,3,3,task_20260116_122712_166_d4a463c3_196fe24f,1.0,1,172830,164.6
tools,meta,eog,hr,2,3,3,task_20260116_143750_504_a8eea1c0_7d91efa1,1.0,1,190089,172.8
tools,meta,eog,hr,2,3,3,task_20260116_150213_342_a8eea1c0_6d6fe792,0.5,0,106809,124.7
tools,meta,eog,hr,2,3,3,task_20260119_022056_842_ad5a67e3_964df197,0.833333,0,277705,463.6
tools,meta,eog,hr,3,1,1,task_20251223_184833_888_a8eea1c0_87c53cb9,0.571429,0,259302,227.0
tools,meta,eog,hr,3,1,1,task_20251223_194142_190_46ca2862_d9cae434,1.0,1,171362,194.9
tools,meta,eog,hr,3,1,1,task_20251223_194912_450_46ca2862_0084047c,0.5,0,262143,285.3
tools,meta,eog,hr,3,1,1,task_20251224_094258_495_c4ad7a70_42fbe372,0.5,0,124736,73.8
tools,meta,eog,hr,3,1,1,task_20251224_133749_739_c4ad7a70_9df76270,0.75,0,216431,226.1
tools,meta,eog,hr,3,1,1,task_20251226_094920_495_99ba2325_627386b2,0.75,0,173797,201.0
tools,meta,eog,hr,3,1,1,task_20260112_141226_936_7aad91c1_61df8f2b,1.0,1,157131,161.3
tools,meta,eog,hr,3,1,1,task_20260116_104653_444_99ba2325_320d5ca4,1.0,1,220421,293.7
tools,meta,eog,hr,3,1,1,task_20260116_112336_208_c5cac200_da33db0a,0.833333,0,174744,171.4
tools,meta,eog,hr,3,1,1,task_20260116_160908_725_46ca2862_923e672e,0.0,0,67368,171.5
tools,meta,eog,hr,3,1,2,task_20251223_184833_888_a8eea1c0_87c53cb9,0.428571,0,232755,165.1
tools,meta,eog,hr,3,1,2,task_20251223_194142_190_46ca2862_d9cae434,1.0,1,192068,198.4
tools,meta,eog,hr,3,1,2,task_20251223_194912_450_46ca2862_0084047c,1.0,1,151635,200.8
tools,meta,eog,hr,3,1,2,task_20251224_094258_495_c4ad7a70_42fbe372,0.75,0,171443,155.0
tools,meta,eog,hr,3,1,2,task_20251224_133749_739_c4ad7a70_9df76270,0.75,0,233601,189.0
tools,meta,eog,hr,3,1,2,task_20251226_094920_495_99ba2325_627386b2,0.75,0,175415,244.9
tools,meta,eog,hr,3,1,2,task_20260112_141226_936_7aad91c1_61df8f2b,1.0,1,178512,135.2
tools,meta,eog,hr,3,1,2,task_20260116_104653_444_99ba2325_320d5ca4,1.0,1,244867,260.1
tools,meta,eog,hr,3,1,2,task_20260116_112336_208_c5cac200_da33db0a,0.833333,0,199777,207.1
tools,meta,eog,hr,3,1,2,task_20260116_160908_725_46ca2862_923e672e,0.0,0,107599,176.6
tools,meta,eog,hr,3,1,3,task_20251223_184833_888_a8eea1c0_87c53cb9,0.428571,0,267431,258.2
tools,meta,eog,hr,3,1,3,task_20251223_194142_190_46ca2862_d9cae434,1.0,1,171072,258.6
tools,meta,eog,hr,3,1,3,task_20251223_194912_450_46ca2862_0084047c,1.0,1,236908,283.7
tools,meta,eog,hr,3,1,3,task_20251224_094258_495_c4ad7a70_42fbe372,0.75,0,151681,156.9
tools,meta,eog,hr,3,1,3,task_20251224_133749_739_c4ad7a70_9df76270,0.75,0,255051,190.9
tools,meta,eog,hr,3,1,3,task_20251226_094920_495_99ba2325_627386b2,0.75,0,196968,237.0
tools,meta,eog,hr,3,1,3,task_20260112_141226_936_7aad91c1_61df8f2b,1.0,1,179759,162.4
tools,meta,eog,hr,3,1,3,task_20260116_104653_444_99ba2325_320d5ca4,1.0,1,220105,231.2
tools,meta,eog,hr,3,1,3,task_20260116_112336_208_c5cac200_da33db0a,0.833333,0,132916,166.2
tools,meta,eog,hr,3,1,3,task_20260116_160908_725_46ca2862_923e672e,0.0,0,64459,95.1
tools,meta,eog,hr,3,2,1,task_20251217_211723_514_87437950_3bbbb519,0.25,0,170035,215.0
tools,meta,eog,hr,3,2,1,task_20251219_205632_335_cd46e60f_4db23138,0.25,0,303648,398.8
tools,meta,eog,hr,3,2,1,task_20251224_030218_157_00364ece_79650819,0.5,0,122337,71.8
tools,meta,eog,hr,3,2,1,task_20251224_195437_497_e6427839_6357fed2,0.0,0,173020,129.0
tools,meta,eog,hr,3,2,1,task_20251226_090527_363_b25153b4_6caf1a47,0.6,0,214853,182.8
tools,meta,eog,hr,3,2,1,task_20251226_135729_497_c4ad7a70_788f5baf,0.333333,0,166541,155.1
tools,meta,eog,hr,3,2,1,task_20251226_153702_699_ad5a67e3_43cd2d47,0.333333,0,175644,283.4
tools,meta,eog,hr,3,2,1,task_20260114_170216_532_accab84d_9dc7ddd5,0.333333,0,124633,90.5
tools,meta,eog,hr,3,2,1,task_20260114_180423_838_00364ece_9f2ad35c,1.0,1,323773,500.6
tools,meta,eog,hr,3,2,1,task_20260115_124602_090_accab84d_91ac1840,0.0,0,110829,149.9
tools,meta,eog,hr,3,2,1,task_20260115_151312_690_57529556_9fca8861,0.875,0,453108,504.4
tools,meta,eog,hr,3,2,1,task_20260116_055513_891_99ba2325_849991b8,0.333333,0,141805,327.7
tools,meta,eog,hr,3,2,1,task_20260116_170758_750_d4a463c3_3885de59,0.666667,0,353447,313.7
tools,meta,eog,hr,3,2,2,task_20251217_211723_514_87437950_3bbbb519,0.25,0,190653,188.1
tools,meta,eog,hr,3,2,2,task_20251219_205632_335_cd46e60f_4db23138,0.25,0,210374,288.6
tools,meta,eog,hr,3,2,2,task_20251224_030218_157_00364ece_79650819,1.0,1,104529,86.6
tools,meta,eog,hr,3,2,2,task_20251224_195437_497_e6427839_6357fed2,0.0,0,106691,76.6
tools,meta,eog,hr,3,2,2,task_20251226_090527_363_b25153b4_6caf1a47,0.8,0,258548,213.1
tools,meta,eog,hr,3,2,2,task_20251226_135729_497_c4ad7a70_788f5baf,0.333333,0,144328,116.9
tools,meta,eog,hr,3,2,2,task_20251226_153702_699_ad5a67e3_43cd2d47,0.0,0,67927,112.5
tools,meta,eog,hr,3,2,2,task_20260114_170216_532_accab84d_9dc7ddd5,1.0,1,168794,125.6
tools,meta,eog,hr,3,2,2,task_20260114_180423_838_00364ece_9f2ad35c,0.75,0,277223,485.8
tools,meta,eog,hr,3,2,2,task_20260115_124602_090_accab84d_91ac1840,0.833333,0,330067,365.7
tools,meta,eog,hr,3,2,2,task_20260115_151312_690_57529556_9fca8861,0.875,0,623763,540.1
tools,meta,eog,hr,3,2,2,task_20260116_055513_891_99ba2325_849991b8,0.5,0,143112,320.9
tools,meta,eog,hr,3,2,2,task_20260116_170758_750_d4a463c3_3885de59,0.444444,0,374374,413.6
tools,meta,eog,hr,3,2,3,task_20251217_211723_514_87437950_3bbbb519,0.25,0,130175,165.9
tools,meta,eog,hr,3,2,3,task_20251219_205632_335_cd46e60f_4db23138,0.25,0,219276,240.6
tools,meta,eog,hr,3,2,3,task_20251224_030218_157_00364ece_79650819,0.0,0,125526,113.5
tools,meta,eog,hr,3,2,3,task_20251224_195437_497_e6427839_6357fed2,0.0,0,129121,107.1
tools,meta,eog,hr,3,2,3,task_20251226_090527_363_b25153b4_6caf1a47,0.6,0,216338,172.7
tools,meta,eog,hr,3,2,3,task_20251226_135729_497_c4ad7a70_788f5baf,0.333333,0,104559,107.3
tools,meta,eog,hr,3,2,3,task_20251226_153702_699_ad5a67e3_43cd2d47,0.333333,0,135319,131.9
tools,meta,eog,hr,3,2,3,task_20260114_170216_532_accab84d_9dc7ddd5,1.0,1,166747,98.2
tools,meta,eog,hr,3,2,3,task_20260114_180423_838_00364ece_9f2ad35c,0.75,0,187256,284.5
tools,meta,eog,hr,3,2,3,task_20260115_124602_090_accab84d_91ac1840,0.0,0,135105,186.8
tools,meta,eog,hr,3,2,3,task_20260115_151312_690_57529556_9fca8861,0.875,0,331710,461.0
tools,meta,eog,hr,3,2,3,task_20260116_055513_891_99ba2325_849991b8,0.333333,0,161447,304.6
tools,meta,eog,hr,3,2,3,task_20260116_170758_750_d4a463c3_3885de59,0.444444,0,374746,478.0
tools,meta,eog,hr,3,3,1,task_20251217_073807_153_761f6b82_cba63024,0.571429,0,411185,366.7
tools,meta,eog,hr,3,3,1,task_20251218_234518_453_d9bcd1e5_72c94403,0.0,0,25447,85.0
tools,meta,eog,hr,3,3,1,task_20251219_114935_971_a8eea1c0_188fc892,0.5,0,148722,266.6
tools,meta,eog,hr,3,3,1,task_20251219_155215_361_00364ece_c1c6ffc8,0.0,0,147216,171.1
tools,meta,eog,hr,3,3,1,task_20251225_124750_039_7e2e0039_de8a9d94,1.0,1,130178,165.2
tools,meta,eog,hr,3,3,1,task_20251226_041218_355_d9bcd1e5_bc84c9d5,0.777778,0,199835,215.3
tools,meta,eog,hr,3,3,1,task_20251226_101143_297_99ba2325_75b99d9a,0.75,0,199178,260.9
tools,meta,eog,hr,3,3,1,task_20251226_102334_184_b25153b4_08c0849c,1.0,1,194514,183.9
tools,meta,eog,hr,3,3,1,task_20251226_104747_127_30600918_559da326,0.5,0,233764,297.9
tools,meta,eog,hr,3,3,1,task_20251226_132052_338_e6427839_727d852c,0.0,0,87750,144.0
tools,meta,eog,hr,3,3,1,task_20251226_173040_372_95fd9f79_c7e85ec1,1.0,1,308765,361.6
tools,meta,eog,hr,3,3,1,task_20260109_172559_279_e6427839_f711406f,0.666667,0,270133,295.9
tools,meta,eog,hr,3,3,1,task_20260109_202436_533_a8eea1c0_755eabdd,0.888889,0,423644,351.2
tools,meta,eog,hr,3,3,1,task_20260113_032200_394_ad5a67e3_5e3873b8,0.875,0,426709,248.3
tools,meta,eog,hr,3,3,1,task_20260114_091008_897_accab84d_786931e4,0.0,0,206668,338.8
tools,meta,eog,hr,3,3,1,task_20260115_130330_068_00364ece_cf2e9cf1,0.714286,0,534745,501.4
tools,meta,eog,hr,3,3,1,task_20260115_130852_498_a8eea1c0_e9192d7e,0.333333,0,225617,332.1
tools,meta,eog,hr,3,3,1,task_20260115_190725_477_a8eea1c0_eba3a1c5,0.833333,0,259470,328.7
tools,meta,eog,hr,3,3,1,task_20260116_084548_120_fa1836dc_679067bc,0.5,0,553765,742.9
tools,meta,eog,hr,3,3,1,task_20260116_085958_358_a8eea1c0_6d7f242a,1.0,1,228889,231.7
tools,meta,eog,hr,3,3,1,task_20260116_105748_962_99ba2325_dcc658fa,0.75,0,179881,257.1
tools,meta,eog,hr,3,3,1,task_20260116_122712_166_d4a463c3_196fe24f,1.0,1,249654,365.0
tools,meta,eog,hr,3,3,1,task_20260116_143750_504_a8eea1c0_7d91efa1,1.0,1,243857,117.9
tools,meta,eog,hr,3,3,1,task_20260116_150213_342_a8eea1c0_6d6fe792,0.5,0,199180,116.9
tools,meta,eog,hr,3,3,1,task_20260119_022056_842_ad5a67e3_964df197,0.833333,0,359862,309.9
tools,meta,eog,hr,3,3,2,task_20251217_073807_153_761f6b82_cba63024,0.571429,0,318293,334.4
tools,meta,eog,hr,3,3,2,task_20251218_234518_453_d9bcd1e5_72c94403,1.0,1,323802,245.7
tools,meta,eog,hr,3,3,2,task_20251219_114935_971_a8eea1c0_188fc892,1.0,1,128638,130.5
tools,meta,eog,hr,3,3,2,task_20251219_155215_361_00364ece_c1c6ffc8,0.0,0,143985,95.2
tools,meta,eog,hr,3,3,2,task_20251225_124750_039_7e2e0039_de8a9d94,0.166667,0,21691,60.4
tools,meta,eog,hr,3,3,2,task_20251226_041218_355_d9bcd1e5_bc84c9d5,0.777778,0,175436,193.8
tools,meta,eog,hr,3,3,2,task_20251226_101143_297_99ba2325_75b99d9a,0.75,0,217893,209.9
tools,meta,eog,hr,3,3,2,task_20251226_102334_184_b25153b4_08c0849c,0.8,0,287147,311.6
tools,meta,eog,hr,3,3,2,task_20251226_104747_127_30600918_559da326,0.5,0,227878,266.4
tools,meta,eog,hr,3,3,2,task_20251226_132052_338_e6427839_727d852c,0.0,0,69135,229.4
tools,meta,eog,hr,3,3,2,task_20251226_173040_372_95fd9f79_c7e85ec1,0.833333,0,304083,506.2
tools,meta,eog,hr,3,3,2,task_20260109_172559_279_e6427839_f711406f,0.666667,0,383938,389.9
tools,meta,eog,hr,3,3,2,task_20260109_202436_533_a8eea1c0_755eabdd,0.555556,0,377742,482.3
tools,meta,eog,hr,3,3,2,task_20260113_032200_394_ad5a67e3_5e3873b8,0.875,0,333098,330.0
tools,meta,eog,hr,3,3,2,task_20260114_091008_897_accab84d_786931e4,0.0,0,179540,296.9
tools,meta,eog,hr,3,3,2,task_20260115_130330_068_00364ece_cf2e9cf1,0.714286,0,500511,497.9
tools,meta,eog,hr,3,3,2,task_20260115_130852_498_a8eea1c0_e9192d7e,0.333333,0,167060,335.9
tools,meta,eog,hr,3,3,2,task_20260115_190725_477_a8eea1c0_eba3a1c5,0.833333,0,335550,379.5
tools,meta,eog,hr,3,3,2,task_20260116_084548_120_fa1836dc_679067bc,0.5,0,482880,666.0
tools,meta,eog,hr,3,3,2,task_20260116_085958_358_a8eea1c0_6d7f242a,1.0,1,224771,192.0
tools,meta,eog,hr,3,3,2,task_20260116_105748_962_99ba2325_dcc658fa,0.75,0,245341,312.3
tools,meta,eog,hr,3,3,2,task_20260116_122712_166_d4a463c3_196fe24f,1.0,1,272676,208.6
tools,meta,eog,hr,3,3,2,task_20260116_143750_504_a8eea1c0_7d91efa1,1.0,1,213961,195.2
tools,meta,eog,hr,3,3,2,task_20260116_150213_342_a8eea1c0_6d6fe792,0.5,0,179996,129.1
tools,meta,eog,hr,3,3,2,task_20260119_022056_842_ad5a67e3_964df197,0.833333,0,287896,257.2
tools,meta,eog,hr,3,3,3,task_20251217_073807_153_761f6b82_cba63024,0.571429,0,376372,433.1
tools,meta,eog,hr,3,3,3,task_20251218_234518_453_d9bcd1e5_72c94403,1.0,1,303189,294.8
tools,meta,eog,hr,3,3,3,task_20251219_114935_971_a8eea1c0_188fc892,1.0,1,151774,275.4
tools,meta,eog,hr,3,3,3,task_20251219_155215_361_00364ece_c1c6ffc8,0.0,0,123722,109.7
tools,meta,eog,hr,3,3,3,task_20251225_124750_039_7e2e0039_de8a9d94,1.0,1,107851,153.9
tools,meta,eog,hr,3,3,3,task_20251226_041218_355_d9bcd1e5_bc84c9d5,0.777778,0,181053,257.9
tools,meta,eog,hr,3,3,3,task_20251226_101143_297_99ba2325_75b99d9a,0.75,0,198422,208.6
tools,meta,eog,hr,3,3,3,task_20251226_102334_184_b25153b4_08c0849c,0.8,0,151588,120.5
tools,meta,eog,hr,3,3,3,task_20251226_104747_127_30600918_559da326,0.5,0,226200,228.1
tools,meta,eog,hr,3,3,3,task_20251226_132052_338_e6427839_727d852c,0.0,0,67361,150.4
tools,meta,eog,hr,3,3,3,task_20251226_173040_372_95fd9f79_c7e85ec1,0.833333,0,263434,444.6
tools,meta,eog,hr,3,3,3,task_20260109_172559_279_e6427839_f711406f,1.0,1,321625,418.0
tools,meta,eog,hr,3,3,3,task_20260109_202436_533_a8eea1c0_755eabdd,0.555556,0,578598,415.2
tools,meta,eog,hr,3,3,3,task_20260113_032200_394_ad5a67e3_5e3873b8,0.875,0,377252,273.7
tools,meta,eog,hr,3,3,3,task_20260114_091008_897_accab84d_786931e4,0.75,0,243413,496.8
tools,meta,eog,hr,3,3,3,task_20260115_130330_068_00364ece_cf2e9cf1,0.571429,0,647476,375.8
tools,meta,eog,hr,3,3,3,task_20260115_130852_498_a8eea1c0_e9192d7e,0.333333,0,141268,331.8
tools,meta,eog,hr,3,3,3,task_20260115_190725_477_a8eea1c0_eba3a1c5,0.833333,0,192200,198.1
tools,meta,eog,hr,3,3,3,task_20260116_084548_120_fa1836dc_679067bc,0.5,0,612184,677.0
tools,meta,eog,hr,3,3,3,task_20260116_085958_358_a8eea1c0_6d7f242a,0.666667,0,109367,157.6
tools,meta,eog,hr,3,3,3,task_20260116_105748_962_99ba2325_dcc658fa,0.75,0,247095,300.8
tools,meta,eog,hr,3,3,3,task_20260116_122712_166_d4a463c3_196fe24f,1.0,1,279405,319.6
tools,meta,eog,hr,3,3,3,task_20260116_143750_504_a8eea1c0_7d91efa1,1.0,1,224736,126.9
tools,meta,eog,hr,3,3,3,task_20260116_150213_342_a8eea1c0_6d6fe792,0.5,0,179979,131.8
tools,meta,eog,hr,3,3,3,task_20260119_022056_842_ad5a67e3_964df197,0.833333,0,208719,257.1
tools,meta,eog,hr,3,4,1,task_20251212_194942_087_761f6b82_451ef3b7,0.571429,0,267776,230.5
tools,meta,eog,hr,3,4,1,task_20251217_231709_248_b25153b4_4c5f9bde,0.571429,0,265448,207.4
tools,meta,eog,hr,3,4,1,task_20251219_155520_685_a8eea1c0_c6fb88a1,0.6,0,182386,64.5
tools,meta,eog,hr,3,4,1,task_20251223_061756_991_a8eea1c0_e497a345,0.2,0,166787,197.1
tools,meta,eog,hr,3,4,1,task_20251223_201118_525_46ca2862_e3f79e09,0.0,0,100075,262.8
tools,meta,eog,hr,3,4,1,task_20251224_064352_705_ec0cb5dd_46d83d4e,0.923077,0,339216,311.1
tools,meta,eog,hr,3,4,1,task_20251224_074251_092_46ca2862_b5b99f66,1.0,1,241786,240.0
tools,meta,eog,hr,3,4,1,task_20251225_062927_003_d9bcd1e5_d996901a,0.75,0,550122,610.8
tools,meta,eog,hr,3,4,1,task_20251225_180047_141_a8eea1c0_002e725f,1.0,1,299526,373.1
tools,meta,eog,hr,3,4,1,task_20251226_110144_731_b25153b4_773380f8,1.0,1,534280,554.9
tools,meta,eog,hr,3,4,1,task_20260109_185510_803_a8eea1c0_b51123d7,1.0,1,319731,199.8
tools,meta,eog,hr,3,4,1,task_20260111_151647_667_a8eea1c0_c7c264ba,0.285714,0,148411,231.8
tools,meta,eog,hr,3,4,1,task_20260111_190744_927_a8eea1c0_17bea726,0.0,0,271350,278.2
tools,meta,eog,hr,3,4,1,task_20260114_173911_329_a8eea1c0_b687c646,0.0,0,120236,115.1
tools,meta,eog,hr,3,4,1,task_20260114_220447_370_00364ece_0c9c7534,0.75,0,349167,218.3
tools,meta,eog,hr,3,4,1,task_20260115_043503_499_a8eea1c0_4b943c9b,0.75,0,222356,223.5
tools,meta,eog,hr,3,4,1,task_20260116_094554_219_c5cac200_82f2d2a8,0.8,0,473140,445.5
tools,meta,eog,hr,3,4,1,task_20260116_095609_650_c5cac200_741831a8,1.0,1,252416,231.4
tools,meta,eog,hr,3,4,1,task_20260116_112648_773_99ba2325_c572f123,0.857143,0,436709,498.6
tools,meta,eog,hr,3,4,1,task_20260116_185136_779_46ca2862_2b77b852,1.0,1,126306,231.3
tools,meta,eog,hr,3,4,1,task_20260116_203855_584_57529556_7b20a1d8,0.666667,0,257092,340.5
tools,meta,eog,hr,3,4,1,task_20260119_045416_534_ad5a67e3_78445838,1.0,1,364713,180.3
tools,meta,eog,hr,3,4,2,task_20251212_194942_087_761f6b82_451ef3b7,0.571429,0,325378,365.8
tools,meta,eog,hr,3,4,2,task_20251217_231709_248_b25153b4_4c5f9bde,0.857143,0,267820,188.8
tools,meta,eog,hr,3,4,2,task_20251219_155520_685_a8eea1c0_c6fb88a1,0.6,0,210193,177.4
tools,meta,eog,hr,3,4,2,task_20251223_061756_991_a8eea1c0_e497a345,0.2,0,144808,153.2
tools,meta,eog,hr,3,4,2,task_20251223_201118_525_46ca2862_e3f79e09,0.0,0,100297,204.7
tools,meta,eog,hr,3,4,2,task_20251224_064352_705_ec0cb5dd_46d83d4e,0.461538,0,23087,33.7
tools,meta,eog,hr,3,4,2,task_20251224_074251_092_46ca2862_b5b99f66,1.0,1,241740,344.2
tools,meta,eog,hr,3,4,2,task_20251225_062927_003_d9bcd1e5_d996901a,0.375,0,77520,158.3
tools,meta,eog,hr,3,4,2,task_20251225_180047_141_a8eea1c0_002e725f,1.0,1,298698,296.5
tools,meta,eog,hr,3,4,2,task_20251226_110144_731_b25153b4_773380f8,1.0,1,530039,473.0
tools,meta,eog,hr,3,4,2,task_20260109_185510_803_a8eea1c0_b51123d7,1.0,1,294810,156.1
tools,meta,eog,hr,3,4,2,task_20260111_151647_667_a8eea1c0_c7c264ba,1.0,1,344361,350.4
tools,meta,eog,hr,3,4,2,task_20260111_190744_927_a8eea1c0_17bea726,0.0,0,317868,251.3
tools,meta,eog,hr,3,4,2,task_20260114_173911_329_a8eea1c0_b687c646,0.0,0,143739,181.9
tools,meta,eog,hr,3,4,2,task_20260114_220447_370_00364ece_0c9c7534,0.75,0,192420,176.2
tools,meta,eog,hr,3,4,2,task_20260115_043503_499_a8eea1c0_4b943c9b,0.75,0,221893,277.4
tools,meta,eog,hr,3,4,2,task_20260116_094554_219_c5cac200_82f2d2a8,0.8,0,460951,398.1
tools,meta,eog,hr,3,4,2,task_20260116_095609_650_c5cac200_741831a8,1.0,1,249086,214.8
tools,meta,eog,hr,3,4,2,task_20260116_112648_773_99ba2325_c572f123,0.0,0,100489,155.8
tools,meta,eog,hr,3,4,2,task_20260116_185136_779_46ca2862_2b77b852,1.0,1,99363,190.8
tools,meta,eog,hr,3,4,2,task_20260116_203855_584_57529556_7b20a1d8,1.0,1,305891,372.6
tools,meta,eog,hr,3,4,2,task_20260119_045416_534_ad5a67e3_78445838,0.857143,0,312246,132.3
tools,meta,eog,hr,3,4,3,task_20251212_194942_087_761f6b82_451ef3b7,0.142857,0,50137,83.2
tools,meta,eog,hr,3,4,3,task_20251217_231709_248_b25153b4_4c5f9bde,0.857143,0,268844,247.7
tools,meta,eog,hr,3,4,3,task_20251219_155520_685_a8eea1c0_c6fb88a1,1.0,1,183959,73.2
tools,meta,eog,hr,3,4,3,task_20251223_061756_991_a8eea1c0_e497a345,0.2,0,141754,127.9
tools,meta,eog,hr,3,4,3,task_20251223_201118_525_46ca2862_e3f79e09,0.0,0,95959,191.9
tools,meta,eog,hr,3,4,3,task_20251224_064352_705_ec0cb5dd_46d83d4e,0.846154,0,489855,536.3
tools,meta,eog,hr,3,4,3,task_20251224_074251_092_46ca2862_b5b99f66,1.0,1,238006,145.5
tools,meta,eog,hr,3,4,3,task_20251225_062927_003_d9bcd1e5_d996901a,0.5,0,197854,280.0
tools,meta,eog,hr,3,4,3,task_20251225_180047_141_a8eea1c0_002e725f,1.0,1,299155,375.9
tools,meta,eog,hr,3,4,3,task_20251226_110144_731_b25153b4_773380f8,0.0,0,24229,55.6
tools,meta,eog,hr,3,4,3,task_20260109_185510_803_a8eea1c0_b51123d7,1.0,1,296338,206.6
tools,meta,eog,hr,3,4,3,task_20260111_151647_667_a8eea1c0_c7c264ba,0.428571,0,296877,385.6
tools,meta,eog,hr,3,4,3,task_20260111_190744_927_a8eea1c0_17bea726,0.0,0,276008,340.8
tools,meta,eog,hr,3,4,3,task_20260114_173911_329_a8eea1c0_b687c646,0.0,0,71901,88.7
tools,meta,eog,hr,3,4,3,task_20260114_220447_370_00364ece_0c9c7534,0.75,0,191146,159.6
tools,meta,eog,hr,3,4,3,task_20260115_043503_499_a8eea1c0_4b943c9b,0.75,0,266961,196.3
tools,meta,eog,hr,3,4,3,task_20260116_094554_219_c5cac200_82f2d2a8,1.0,1,406494,383.1
tools,meta,eog,hr,3,4,3,task_20260116_095609_650_c5cac200_741831a8,1.0,1,223762,300.5
tools,meta,eog,hr,3,4,3,task_20260116_112648_773_99ba2325_c572f123,0.857143,0,412386,526.0
tools,meta,eog,hr,3,4,3,task_20260116_185136_779_46ca2862_2b77b852,1.0,1,149564,261.4
tools,meta,eog,hr,3,4,3,task_20260116_203855_584_57529556_7b20a1d8,1.0,1,232137,302.6
tools,meta,eog,hr,3,4,3,task_20260119_045416_534_ad5a67e3_78445838,1.0,1,314987,173.1
tools,meta,eog,hr,4,1,1,task_20251223_184833_888_a8eea1c0_87c53cb9,0.571429,0,269317,198.9
tools,meta,eog,hr,4,1,1,task_20251223_194142_190_46ca2862_d9cae434,0.5,0,198254,250.3
tools,meta,eog,hr,4,1,1,task_20251223_194912_450_46ca2862_0084047c,1.0,1,202868,340.1
tools,meta,eog,hr,4,1,1,task_20251224_094258_495_c4ad7a70_42fbe372,0.75,0,221019,202.9
tools,meta,eog,hr,4,1,1,task_20251224_133749_739_c4ad7a70_9df76270,0.5,0,226049,179.4
tools,meta,eog,hr,4,1,1,task_20251226_094920_495_99ba2325_627386b2,1.0,1,224787,252.5
tools,meta,eog,hr,4,1,1,task_20260112_141226_936_7aad91c1_61df8f2b,1.0,1,265622,289.9
tools,meta,eog,hr,4,1,1,task_20260116_104653_444_99ba2325_320d5ca4,1.0,1,315509,513.3
tools,meta,eog,hr,4,1,1,task_20260116_112336_208_c5cac200_da33db0a,0.833333,0,347696,350.6
tools,meta,eog,hr,4,1,1,task_20260116_160908_725_46ca2862_923e672e,0.0,0,100619,164.3
tools,meta,eog,hr,4,1,2,task_20251223_184833_888_a8eea1c0_87c53cb9,0.571429,0,347879,270.8
tools,meta,eog,hr,4,1,2,task_20251223_194142_190_46ca2862_d9cae434,1.0,1,224188,277.6
tools,meta,eog,hr,4,1,2,task_20251223_194912_450_46ca2862_0084047c,1.0,1,229028,312.0
tools,meta,eog,hr,4,1,2,task_20251224_094258_495_c4ad7a70_42fbe372,0.5,0,215898,207.1
tools,meta,eog,hr,4,1,2,task_20251224_133749_739_c4ad7a70_9df76270,0.25,0,198635,220.2
tools,meta,eog,hr,4,1,2,task_20251226_094920_495_99ba2325_627386b2,0.75,0,178150,275.0
tools,meta,eog,hr,4,1,2,task_20260112_141226_936_7aad91c1_61df8f2b,0.75,0,311667,243.1
tools,meta,eog,hr,4,1,2,task_20260116_104653_444_99ba2325_320d5ca4,1.0,1,230530,277.5
tools,meta,eog,hr,4,1,2,task_20260116_112336_208_c5cac200_da33db0a,0.833333,0,177142,178.6
tools,meta,eog,hr,4,1,2,task_20260116_160908_725_46ca2862_923e672e,1.0,1,283154,377.2
tools,meta,eog,hr,4,1,3,task_20251223_184833_888_a8eea1c0_87c53cb9,0.571429,0,192283,131.3
tools,meta,eog,hr,4,1,3,task_20251223_194142_190_46ca2862_d9cae434,1.0,1,223187,201.1
tools,meta,eog,hr,4,1,3,task_20251223_194912_450_46ca2862_0084047c,1.0,1,198656,223.2
tools,meta,eog,hr,4,1,3,task_20251224_094258_495_c4ad7a70_42fbe372,0.5,0,167133,140.8
tools,meta,eog,hr,4,1,3,task_20251224_133749_739_c4ad7a70_9df76270,0.25,0,225801,253.7
tools,meta,eog,hr,4,1,3,task_20251226_094920_495_99ba2325_627386b2,0.75,0,154133,166.2
tools,meta,eog,hr,4,1,3,task_20260112_141226_936_7aad91c1_61df8f2b,1.0,1,213378,154.0
tools,meta,eog,hr,4,1,3,task_20260116_104653_444_99ba2325_320d5ca4,1.0,1,225084,313.5
tools,meta,eog,hr,4,1,3,task_20260116_112336_208_c5cac200_da33db0a,0.833333,0,308270,282.9
tools,meta,eog,hr,4,1,3,task_20260116_160908_725_46ca2862_923e672e,0.0,0,124104,141.5
tools,meta,eog,hr,4,2,1,task_20251217_211723_514_87437950_3bbbb519,0.25,0,221937,222.3
tools,meta,eog,hr,4,2,1,task_20251219_205632_335_cd46e60f_4db23138,0.25,0,335328,335.9
tools,meta,eog,hr,4,2,1,task_20251224_030218_157_00364ece_79650819,0.5,0,98399,90.4
tools,meta,eog,hr,4,2,1,task_20251224_195437_497_e6427839_6357fed2,0.0,0,175942,142.4
tools,meta,eog,hr,4,2,1,task_20251226_090527_363_b25153b4_6caf1a47,0.8,0,244107,166.1
tools,meta,eog,hr,4,2,1,task_20251226_135729_497_c4ad7a70_788f5baf,0.666667,0,138000,195.6
tools,meta,eog,hr,4,2,1,task_20251226_153702_699_ad5a67e3_43cd2d47,0.333333,0,175280,211.4
tools,meta,eog,hr,4,2,1,task_20260114_170216_532_accab84d_9dc7ddd5,1.0,1,202147,152.8
tools,meta,eog,hr,4,2,1,task_20260114_180423_838_00364ece_9f2ad35c,0.5,0,357587,470.6
tools,meta,eog,hr,4,2,1,task_20260115_124602_090_accab84d_91ac1840,0.666667,0,324608,238.0
tools,meta,eog,hr,4,2,1,task_20260115_151312_690_57529556_9fca8861,0.875,0,611782,471.3
tools,meta,eog,hr,4,2,1,task_20260116_055513_891_99ba2325_849991b8,0.333333,0,130704,183.5
tools,meta,eog,hr,4,2,1,task_20260116_170758_750_d4a463c3_3885de59,0.777778,0,368156,381.7
tools,meta,eog,hr,4,2,2,task_20251217_211723_514_87437950_3bbbb519,0.25,0,277407,301.8
tools,meta,eog,hr,4,2,2,task_20251219_205632_335_cd46e60f_4db23138,0.25,0,376075,360.3
tools,meta,eog,hr,4,2,2,task_20251224_030218_157_00364ece_79650819,1.0,1,119365,68.3
tools,meta,eog,hr,4,2,2,task_20251224_195437_497_e6427839_6357fed2,0.0,0,147145,93.6
tools,meta,eog,hr,4,2,2,task_20251226_090527_363_b25153b4_6caf1a47,0.8,0,268100,198.3
tools,meta,eog,hr,4,2,2,task_20251226_135729_497_c4ad7a70_788f5baf,0.666667,0,187153,168.2
tools,meta,eog,hr,4,2,2,task_20251226_153702_699_ad5a67e3_43cd2d47,0.0,0,98615,210.8
tools,meta,eog,hr,4,2,2,task_20260114_170216_532_accab84d_9dc7ddd5,0.333333,0,124094,89.6
tools,meta,eog,hr,4,2,2,task_20260114_180423_838_00364ece_9f2ad35c,0.75,0,251968,301.9
tools,meta,eog,hr,4,2,2,task_20260115_124602_090_accab84d_91ac1840,0.666667,0,628288,389.6
tools,meta,eog,hr,4,2,2,task_20260115_151312_690_57529556_9fca8861,0.875,0,532475,608.8
tools,meta,eog,hr,4,2,2,task_20260116_055513_891_99ba2325_849991b8,0.5,0,228804,316.0
tools,meta,eog,hr,4,2,2,task_20260116_170758_750_d4a463c3_3885de59,0.777778,0,403460,472.2
tools,meta,eog,hr,4,2,3,task_20251217_211723_514_87437950_3bbbb519,0.5,0,243450,235.5
tools,meta,eog,hr,4,2,3,task_20251219_205632_335_cd46e60f_4db23138,0.125,0,344236,288.6
tools,meta,eog,hr,4,2,3,task_20251224_030218_157_00364ece_79650819,0.5,0,194992,157.0
tools,meta,eog,hr,4,2,3,task_20251224_195437_497_e6427839_6357fed2,0.0,0,148528,92.8
tools,meta,eog,hr,4,2,3,task_20251226_090527_363_b25153b4_6caf1a47,0.8,0,245899,188.7
tools,meta,eog,hr,4,2,3,task_20251226_135729_497_c4ad7a70_788f5baf,0.333333,0,210279,144.9
tools,meta,eog,hr,4,2,3,task_20251226_153702_699_ad5a67e3_43cd2d47,0.333333,0,122103,120.4
tools,meta,eog,hr,4,2,3,task_20260114_170216_532_accab84d_9dc7ddd5,1.0,1,197740,93.5
tools,meta,eog,hr,4,2,3,task_20260114_180423_838_00364ece_9f2ad35c,1.0,1,257254,394.2
tools,meta,eog,hr,4,2,3,task_20260115_124602_090_accab84d_91ac1840,0.666667,0,359608,279.6
tools,meta,eog,hr,4,2,3,task_20260115_151312_690_57529556_9fca8861,0.875,0,415939,437.8
tools,meta,eog,hr,4,2,3,task_20260116_055513_891_99ba2325_849991b8,0.5,0,229690,271.5
tools,meta,eog,hr,4,2,3,task_20260116_170758_750_d4a463c3_3885de59,0.777778,0,400124,457.4
tools,meta,eog,hr,4,3,1,task_20251217_073807_153_761f6b82_cba63024,0.571429,0,458746,450.6
tools,meta,eog,hr,4,3,1,task_20251218_234518_453_d9bcd1e5_72c94403,1.0,1,201003,145.4
tools,meta,eog,hr,4,3,1,task_20251219_114935_971_a8eea1c0_188fc892,1.0,1,198092,149.1
tools,meta,eog,hr,4,3,1,task_20251219_155215_361_00364ece_c1c6ffc8,0.0,0,171288,120.0
tools,meta,eog,hr,4,3,1,task_20251225_124750_039_7e2e0039_de8a9d94,1.0,1,267715,127.8
tools,meta,eog,hr,4,3,1,task_20251226_041218_355_d9bcd1e5_bc84c9d5,0.777778,0,236261,236.9
tools,meta,eog,hr,4,3,1,task_20251226_101143_297_99ba2325_75b99d9a,0.75,0,245057,238.1
tools,meta,eog,hr,4,3,1,task_20251226_102334_184_b25153b4_08c0849c,0.8,0,324033,161.8
tools,meta,eog,hr,4,3,1,task_20251226_104747_127_30600918_559da326,0.5,0,405170,358.7
tools,meta,eog,hr,4,3,1,task_20251226_132052_338_e6427839_727d852c,0.0,0,99830,142.1
tools,meta,eog,hr,4,3,1,task_20251226_173040_372_95fd9f79_c7e85ec1,0.833333,0,260125,318.8
tools,meta,eog,hr,4,3,1,task_20260109_172559_279_e6427839_f711406f,0.833333,0,341611,276.4
tools,meta,eog,hr,4,3,1,task_20260109_202436_533_a8eea1c0_755eabdd,0.666667,0,421511,261.0
tools,meta,eog,hr,4,3,1,task_20260113_032200_394_ad5a67e3_5e3873b8,0.875,0,390927,239.5
tools,meta,eog,hr,4,3,1,task_20260114_091008_897_accab84d_786931e4,0.75,0,279222,339.4
tools,meta,eog,hr,4,3,1,task_20260115_130330_068_00364ece_cf2e9cf1,0.428571,0,557471,486.2
tools,meta,eog,hr,4,3,1,task_20260115_130852_498_a8eea1c0_e9192d7e,0.333333,0,214923,339.5
tools,meta,eog,hr,4,3,1,task_20260115_190725_477_a8eea1c0_eba3a1c5,0.833333,0,252093,253.0
tools,meta,eog,hr,4,3,1,task_20260116_084548_120_fa1836dc_679067bc,0.5,0,312032,468.7
tools,meta,eog,hr,4,3,1,task_20260116_085958_358_a8eea1c0_6d7f242a,1.0,1,208307,212.3
tools,meta,eog,hr,4,3,1,task_20260116_105748_962_99ba2325_dcc658fa,1.0,1,245489,273.5
tools,meta,eog,hr,4,3,1,task_20260116_122712_166_d4a463c3_196fe24f,1.0,1,321753,268.3
tools,meta,eog,hr,4,3,1,task_20260116_143750_504_a8eea1c0_7d91efa1,1.0,1,247168,162.4
tools,meta,eog,hr,4,3,1,task_20260116_150213_342_a8eea1c0_6d6fe792,0.5,0,210947,84.2
tools,meta,eog,hr,4,3,1,task_20260119_022056_842_ad5a67e3_964df197,0.833333,0,446346,429.2
tools,meta,eog,hr,4,3,2,task_20251217_073807_153_761f6b82_cba63024,0.571429,0,509826,619.8
tools,meta,eog,hr,4,3,2,task_20251218_234518_453_d9bcd1e5_72c94403,1.0,1,345322,182.7
tools,meta,eog,hr,4,3,2,task_20251219_114935_971_a8eea1c0_188fc892,1.0,1,197956,151.5
tools,meta,eog,hr,4,3,2,task_20251219_155215_361_00364ece_c1c6ffc8,0.0,0,146626,94.5
tools,meta,eog,hr,4,3,2,task_20251225_124750_039_7e2e0039_de8a9d94,1.0,1,218034,128.3
tools,meta,eog,hr,4,3,2,task_20251226_041218_355_d9bcd1e5_bc84c9d5,0.777778,0,339557,404.4
tools,meta,eog,hr,4,3,2,task_20251226_101143_297_99ba2325_75b99d9a,1.0,1,198208,163.8
tools,meta,eog,hr,4,3,2,task_20251226_102334_184_b25153b4_08c0849c,0.8,0,128069,109.4
tools,meta,eog,hr,4,3,2,task_20251226_104747_127_30600918_559da326,0.5,0,264468,242.4
tools,meta,eog,hr,4,3,2,task_20251226_132052_338_e6427839_727d852c,0.0,0,151558,268.9
tools,meta,eog,hr,4,3,2,task_20251226_173040_372_95fd9f79_c7e85ec1,0.833333,0,306953,295.6
tools,meta,eog,hr,4,3,2,task_20260109_172559_279_e6427839_f711406f,1.0,1,426944,350.4
tools,meta,eog,hr,4,3,2,task_20260109_202436_533_a8eea1c0_755eabdd,0.666667,0,404135,316.6
tools,meta,eog,hr,4,3,2,task_20260113_032200_394_ad5a67e3_5e3873b8,0.875,0,359175,193.9
tools,meta,eog,hr,4,3,2,task_20260114_091008_897_accab84d_786931e4,0.0,0,222295,239.4
tools,meta,eog,hr,4,3,2,task_20260115_130330_068_00364ece_cf2e9cf1,0.714286,0,626183,769.6
tools,meta,eog,hr,4,3,2,task_20260115_130852_498_a8eea1c0_e9192d7e,0.333333,0,403600,525.6
tools,meta,eog,hr,4,3,2,task_20260115_190725_477_a8eea1c0_eba3a1c5,0.833333,0,200709,207.1
tools,meta,eog,hr,4,3,2,task_20260116_084548_120_fa1836dc_679067bc,0.333333,0,421656,701.4
tools,meta,eog,hr,4,3,2,task_20260116_085958_358_a8eea1c0_6d7f242a,1.0,1,341149,315.6
tools,meta,eog,hr,4,3,2,task_20260116_105748_962_99ba2325_dcc658fa,1.0,1,227161,321.6
tools,meta,eog,hr,4,3,2,task_20260116_122712_166_d4a463c3_196fe24f,1.0,1,221503,124.6
tools,meta,eog,hr,4,3,2,task_20260116_143750_504_a8eea1c0_7d91efa1,1.0,1,317338,177.0
tools,meta,eog,hr,4,3,2,task_20260116_150213_342_a8eea1c0_6d6fe792,0.5,0,212222,108.0
tools,meta,eog,hr,4,3,2,task_20260119_022056_842_ad5a67e3_964df197,0.833333,0,391550,369.9
tools,meta,eog,hr,4,3,3,task_20251217_073807_153_761f6b82_cba63024,0.571429,0,506696,546.4
tools,meta,eog,hr,4,3,3,task_20251218_234518_453_d9bcd1e5_72c94403,1.0,1,300293,247.6
tools,meta,eog,hr,4,3,3,task_20251219_114935_971_a8eea1c0_188fc892,1.0,1,199053,153.5
tools,meta,eog,hr,4,3,3,task_20251219_155215_361_00364ece_c1c6ffc8,0.0,0,171826,105.0
tools,meta,eog,hr,4,3,3,task_20251225_124750_039_7e2e0039_de8a9d94,0.166667,0,50732,75.1
tools,meta,eog,hr,4,3,3,task_20251226_041218_355_d9bcd1e5_bc84c9d5,0.777778,0,361188,378.7
tools,meta,eog,hr,4,3,3,task_20251226_101143_297_99ba2325_75b99d9a,0.75,0,198682,249.0
tools,meta,eog,hr,4,3,3,task_20251226_102334_184_b25153b4_08c0849c,1.0,1,200558,128.2
tools,meta,eog,hr,4,3,3,task_20251226_104747_127_30600918_559da326,0.5,0,340935,376.6
tools,meta,eog,hr,4,3,3,task_20251226_132052_338_e6427839_727d852c,0.0,0,75355,114.3
tools,meta,eog,hr,4,3,3,task_20251226_173040_372_95fd9f79_c7e85ec1,1.0,1,361878,432.1
tools,meta,eog,hr,4,3,3,task_20260109_172559_279_e6427839_f711406f,0.833333,0,325170,374.9
tools,meta,eog,hr,4,3,3,task_20260109_202436_533_a8eea1c0_755eabdd,0.555556,0,417294,381.0
tools,meta,eog,hr,4,3,3,task_20260113_032200_394_ad5a67e3_5e3873b8,0.875,0,369762,446.6
tools,meta,eog,hr,4,3,3,task_20260114_091008_897_accab84d_786931e4,0.0,0,234569,378.8
tools,meta,eog,hr,4,3,3,task_20260115_130330_068_00364ece_cf2e9cf1,0.285714,0,438993,545.7
tools,meta,eog,hr,4,3,3,task_20260115_130852_498_a8eea1c0_e9192d7e,0.333333,0,266992,381.4
tools,meta,eog,hr,4,3,3,task_20260115_190725_477_a8eea1c0_eba3a1c5,0.833333,0,224813,218.1
tools,meta,eog,hr,4,3,3,task_20260116_084548_120_fa1836dc_679067bc,0.5,0,542043,889.8
tools,meta,eog,hr,4,3,3,task_20260116_085958_358_a8eea1c0_6d7f242a,0.666667,0,381559,405.0
tools,meta,eog,hr,4,3,3,task_20260116_105748_962_99ba2325_dcc658fa,0.75,0,252770,375.2
tools,meta,eog,hr,4,3,3,task_20260116_122712_166_d4a463c3_196fe24f,1.0,1,293746,178.9
tools,meta,eog,hr,4,3,3,task_20260116_143750_504_a8eea1c0_7d91efa1,1.0,1,263935,185.3
tools,meta,eog,hr,4,3,3,task_20260116_150213_342_a8eea1c0_6d6fe792,0.5,0,211137,103.9
tools,meta,eog,hr,4,3,3,task_20260119_022056_842_ad5a67e3_964df197,0.833333,0,358756,216.2
tools,meta,eog,hr,4,4,1,task_20251212_194942_087_761f6b82_451ef3b7,0.142857,0,25010,34.4
tools,meta,eog,hr,4,4,1,task_20251217_231709_248_b25153b4_4c5f9bde,0.857143,0,284105,313.4
tools,meta,eog,hr,4,4,1,task_20251219_155520_685_a8eea1c0_c6fb88a1,1.0,1,218287,115.9
tools,meta,eog,hr,4,4,1,task_20251223_061756_991_a8eea1c0_e497a345,0.6,0,218392,155.0
tools,meta,eog,hr,4,4,1,task_20251223_201118_525_46ca2862_e3f79e09,0.0,0,95089,173.2
tools,meta,eog,hr,4,4,1,task_20251224_064352_705_ec0cb5dd_46d83d4e,0.846154,0,500954,415.9
tools,meta,eog,hr,4,4,1,task_20251224_074251_092_46ca2862_b5b99f66,1.0,1,305840,209.3
tools,meta,eog,hr,4,4,1,task_20251225_062927_003_d9bcd1e5_d996901a,0.875,0,432906,403.3
tools,meta,eog,hr,4,4,1,task_20251225_180047_141_a8eea1c0_002e725f,1.0,1,252542,230.3
tools,meta,eog,hr,4,4,1,task_20251226_110144_731_b25153b4_773380f8,0.0,0,54301,159.4
tools,meta,eog,hr,4,4,1,task_20260109_185510_803_a8eea1c0_b51123d7,1.0,1,363618,242.6
tools,meta,eog,hr,4,4,1,task_20260111_151647_667_a8eea1c0_c7c264ba,0.285714,0,179470,313.0
tools,meta,eog,hr,4,4,1,task_20260111_190744_927_a8eea1c0_17bea726,0.0,0,330367,351.6
tools,meta,eog,hr,4,4,1,task_20260114_173911_329_a8eea1c0_b687c646,0.0,0,130743,222.6
tools,meta,eog,hr,4,4,1,task_20260114_220447_370_00364ece_0c9c7534,0.75,0,218855,192.0
tools,meta,eog,hr,4,4,1,task_20260115_043503_499_a8eea1c0_4b943c9b,0.75,0,277108,223.4
tools,meta,eog,hr,4,4,1,task_20260116_094554_219_c5cac200_82f2d2a8,0.8,0,212125,204.9
tools,meta,eog,hr,4,4,1,task_20260116_095609_650_c5cac200_741831a8,1.0,1,202455,289.5
tools,meta,eog,hr,4,4,1,task_20260116_112648_773_99ba2325_c572f123,0.142857,0,156442,320.2
tools,meta,eog,hr,4,4,1,task_20260116_185136_779_46ca2862_2b77b852,1.0,1,125648,342.3
tools,meta,eog,hr,4,4,1,task_20260116_203855_584_57529556_7b20a1d8,0.666667,0,282400,433.2
tools,meta,eog,hr,4,4,1,task_20260119_045416_534_ad5a67e3_78445838,0.857143,0,371243,184.5
tools,meta,eog,hr,4,4,2,task_20251212_194942_087_761f6b82_451ef3b7,0.142857,0,50013,72.0
tools,meta,eog,hr,4,4,2,task_20251217_231709_248_b25153b4_4c5f9bde,0.857143,0,356455,267.2
tools,meta,eog,hr,4,4,2,task_20251219_155520_685_a8eea1c0_c6fb88a1,1.0,1,145127,101.3
tools,meta,eog,hr,4,4,2,task_20251223_061756_991_a8eea1c0_e497a345,0.2,0,141438,94.2
tools,meta,eog,hr,4,4,2,task_20251223_201118_525_46ca2862_e3f79e09,0.0,0,49215,144.1
tools,meta,eog,hr,4,4,2,task_20251224_064352_705_ec0cb5dd_46d83d4e,0.846154,0,287017,257.9
tools,meta,eog,hr,4,4,2,task_20251224_074251_092_46ca2862_b5b99f66,0.0,0,173617,189.5
tools,meta,eog,hr,4,4,2,task_20251225_062927_003_d9bcd1e5_d996901a,0.875,0,209970,213.0
tools,meta,eog,hr,4,4,2,task_20251225_180047_141_a8eea1c0_002e725f,1.0,1,307639,272.1
tools,meta,eog,hr,4,4,2,task_20251226_110144_731_b25153b4_773380f8,0.0,0,25278,49.0
tools,meta,eog,hr,4,4,2,task_20260109_185510_803_a8eea1c0_b51123d7,1.0,1,297801,137.1
tools,meta,eog,hr,4,4,2,task_20260111_151647_667_a8eea1c0_c7c264ba,0.0,0,102214,206.7
tools,meta,eog,hr,4,4,2,task_20260111_190744_927_a8eea1c0_17bea726,0.0,0,306148,222.5
tools,meta,eog,hr,4,4,2,task_20260114_173911_329_a8eea1c0_b687c646,0.6,0,277935,237.8
tools,meta,eog,hr,4,4,2,task_20260114_220447_370_00364ece_0c9c7534,0.75,0,195731,164.0
tools,meta,eog,hr,4,4,2,task_20260115_043503_499_a8eea1c0_4b943c9b,0.75,0,300187,230.7
tools,meta,eog,hr,4,4,2,task_20260116_094554_219_c5cac200_82f2d2a8,1.0,1,292523,244.5
tools,meta,eog,hr,4,4,2,task_20260116_095609_650_c5cac200_741831a8,1.0,1,202554,195.7
tools,meta,eog,hr,4,4,2,task_20260116_112648_773_99ba2325_c572f123,0.0,0,150946,149.4
tools,meta,eog,hr,4,4,2,task_20260116_185136_779_46ca2862_2b77b852,0.666667,0,76434,139.8
tools,meta,eog,hr,4,4,2,task_20260116_203855_584_57529556_7b20a1d8,0.666667,0,304366,512.5
tools,meta,eog,hr,4,4,2,task_20260119_045416_534_ad5a67e3_78445838,0.857143,0,270701,153.8
tools,meta,eog,hr,4,4,3,task_20251212_194942_087_761f6b82_451ef3b7,0.571429,0,251574,175.3
tools,meta,eog,hr,4,4,3,task_20251217_231709_248_b25153b4_4c5f9bde,0.857143,0,283285,343.8
tools,meta,eog,hr,4,4,3,task_20251219_155520_685_a8eea1c0_c6fb88a1,1.0,1,217870,99.6
tools,meta,eog,hr,4,4,3,task_20251223_061756_991_a8eea1c0_e497a345,0.6,0,216583,110.4
tools,meta,eog,hr,4,4,3,task_20251223_201118_525_46ca2862_e3f79e09,1.0,1,552820,660.3
tools,meta,eog,hr,4,4,3,task_20251224_064352_705_ec0cb5dd_46d83d4e,0.846154,0,375758,348.2
tools,meta,eog,hr,4,4,3,task_20251224_074251_092_46ca2862_b5b99f66,0.0,0,123861,103.3
tools,meta,eog,hr,4,4,3,task_20251225_062927_003_d9bcd1e5_d996901a,0.75,0,220691,162.0
tools,meta,eog,hr,4,4,3,task_20251225_180047_141_a8eea1c0_002e725f,1.0,1,302549,256.1
tools,meta,eog,hr,4,4,3,task_20251226_110144_731_b25153b4_773380f8,1.0,1,491569,346.6
tools,meta,eog,hr,4,4,3,task_20260109_185510_803_a8eea1c0_b51123d7,1.0,1,323786,155.5
tools,meta,eog,hr,4,4,3,task_20260111_151647_667_a8eea1c0_c7c264ba,0.714286,0,328598,270.0
tools,meta,eog,hr,4,4,3,task_20260111_190744_927_a8eea1c0_17bea726,0.0,0,280587,260.5
tools,meta,eog,hr,4,4,3,task_20260114_173911_329_a8eea1c0_b687c646,0.6,0,303461,204.7
tools,meta,eog,hr,4,4,3,task_20260114_220447_370_00364ece_0c9c7534,0.75,0,194412,144.5
tools,meta,eog,hr,4,4,3,task_20260115_043503_499_a8eea1c0_4b943c9b,0.75,0,323350,187.2
tools,meta,eog,hr,4,4,3,task_20260116_094554_219_c5cac200_82f2d2a8,1.0,1,289161,314.5
tools,meta,eog,hr,4,4,3,task_20260116_095609_650_c5cac200_741831a8,1.0,1,177295,189.6
tools,meta,eog,hr,4,4,3,task_20260116_112648_773_99ba2325_c572f123,0.0,0,154637,164.8
tools,meta,eog,hr,4,4,3,task_20260116_185136_779_46ca2862_2b77b852,1.0,1,123619,191.1
tools,meta,eog,hr,4,4,3,task_20260116_203855_584_57529556_7b20a1d8,0.0,0,27174,66.1
tools,meta,eog,hr,4,4,3,task_20260119_045416_534_ad5a67e3_78445838,0.857143,0,393108,186.3
tools,meta,eog,hr,4,5,1,task_20251217_161056_114_d9bcd1e5_c8f3ccb9,0.8,0,150881,110.9
tools,meta,eog,hr,4,5,1,task_20260112_124137_537_761f6b82_9e1a6b99,0.25,0,344448,368.6
tools,meta,eog,hr,4,5,2,task_20251217_161056_114_d9bcd1e5_c8f3ccb9,0.8,0,249372,147.8
tools,meta,eog,hr,4,5,2,task_20260112_124137_537_761f6b82_9e1a6b99,0.25,0,342650,342.6
tools,meta,eog,hr,4,5,3,task_20251217_161056_114_d9bcd1e5_c8f3ccb9,0.8,0,227421,208.0
tools,meta,eog,hr,4,5,3,task_20260112_124137_537_761f6b82_9e1a6b99,0.25,0,319355,408.6
tools,meta,eog,hr,5,1,1,task_20251223_184833_888_a8eea1c0_87c53cb9,0.571429,0,280762,120.8
tools,meta,eog,hr,5,1,1,task_20251223_194142_190_46ca2862_d9cae434,1.0,1,255048,238.9
tools,meta,eog,hr,5,1,1,task_20251223_194912_450_46ca2862_0084047c,1.0,1,227519,308.5
tools,meta,eog,hr,5,1,1,task_20251224_094258_495_c4ad7a70_42fbe372,0.5,0,253010,219.7
tools,meta,eog,hr,5,1,1,task_20251224_133749_739_c4ad7a70_9df76270,0.25,0,284067,340.8
tools,meta,eog,hr,5,1,1,task_20251226_094920_495_99ba2325_627386b2,1.0,1,226550,257.7
tools,meta,eog,hr,5,1,1,task_20260112_141226_936_7aad91c1_61df8f2b,0.75,0,300679,339.1
tools,meta,eog,hr,5,1,1,task_20260116_104653_444_99ba2325_320d5ca4,0.75,0,236132,214.7
tools,meta,eog,hr,5,1,1,task_20260116_112336_208_c5cac200_da33db0a,1.0,1,262106,194.1
tools,meta,eog,hr,5,1,1,task_20260116_160908_725_46ca2862_923e672e,0.0,0,105693,132.4
tools,meta,eog,hr,5,1,2,task_20251223_184833_888_a8eea1c0_87c53cb9,0.571429,0,252638,156.0
tools,meta,eog,hr,5,1,2,task_20251223_194142_190_46ca2862_d9cae434,1.0,1,230759,222.3
tools,meta,eog,hr,5,1,2,task_20251223_194912_450_46ca2862_0084047c,1.0,1,180026,242.5
tools,meta,eog,hr,5,1,2,task_20251224_094258_495_c4ad7a70_42fbe372,0.25,0,199302,154.7
tools,meta,eog,hr,5,1,2,task_20251224_133749_739_c4ad7a70_9df76270,0.5,0,205384,174.0
tools,meta,eog,hr,5,1,2,task_20251226_094920_495_99ba2325_627386b2,1.0,1,229196,285.9
tools,meta,eog,hr,5,1,2,task_20260112_141226_936_7aad91c1_61df8f2b,0.75,0,318853,260.7
tools,meta,eog,hr,5,1,2,task_20260116_104653_444_99ba2325_320d5ca4,1.0,1,320792,189.6
tools,meta,eog,hr,5,1,2,task_20260116_112336_208_c5cac200_da33db0a,1.0,1,266208,246.6
tools,meta,eog,hr,5,1,2,task_20260116_160908_725_46ca2862_923e672e,0.0,0,131646,189.7
tools,meta,eog,hr,5,1,3,task_20251223_184833_888_a8eea1c0_87c53cb9,0.571429,0,203877,122.0
tools,meta,eog,hr,5,1,3,task_20251223_194142_190_46ca2862_d9cae434,1.0,1,256360,207.6
tools,meta,eog,hr,5,1,3,task_20251223_194912_450_46ca2862_0084047c,1.0,1,202152,228.0
tools,meta,eog,hr,5,1,3,task_20251224_094258_495_c4ad7a70_42fbe372,0.25,0,225232,179.4
tools,meta,eog,hr,5,1,3,task_20251224_133749_739_c4ad7a70_9df76270,0.75,0,284413,205.9
tools,meta,eog,hr,5,1,3,task_20251226_094920_495_99ba2325_627386b2,1.0,1,227796,226.7
tools,meta,eog,hr,5,1,3,task_20260112_141226_936_7aad91c1_61df8f2b,1.0,1,211499,124.7
tools,meta,eog,hr,5,1,3,task_20260116_104653_444_99ba2325_320d5ca4,0.5,0,213652,197.8
tools,meta,eog,hr,5,1,3,task_20260116_112336_208_c5cac200_da33db0a,1.0,1,292716,236.9
tools,meta,eog,hr,5,1,3,task_20260116_160908_725_46ca2862_923e672e,0.0,0,132706,193.1
tools,meta,eog,hr,5,2,1,task_20251217_211723_514_87437950_3bbbb519,0.25,0,380150,369.2
tools,meta,eog,hr,5,2,1,task_20251219_205632_335_cd46e60f_4db23138,0.0,0,25806,45.4
tools,meta,eog,hr,5,2,1,task_20251224_030218_157_00364ece_79650819,0.5,0,190760,150.6
tools,meta,eog,hr,5,2,1,task_20251224_195437_497_e6427839_6357fed2,0.0,0,154313,83.1
tools,meta,eog,hr,5,2,1,task_20251226_090527_363_b25153b4_6caf1a47,0.8,0,209100,159.8
tools,meta,eog,hr,5,2,1,task_20251226_135729_497_c4ad7a70_788f5baf,0.666667,0,195584,115.3
tools,meta,eog,hr,5,2,1,task_20251226_153702_699_ad5a67e3_43cd2d47,0.0,0,102655,165.0
tools,meta,eog,hr,5,2,1,task_20260114_170216_532_accab84d_9dc7ddd5,1.0,1,243289,145.8
tools,meta,eog,hr,5,2,1,task_20260114_180423_838_00364ece_9f2ad35c,1.0,1,319158,487.7
tools,meta,eog,hr,5,2,1,task_20260115_124602_090_accab84d_91ac1840,0.666667,0,541195,387.2
tools,meta,eog,hr,5,2,1,task_20260115_151312_690_57529556_9fca8861,1.0,1,675623,513.2
tools,meta,eog,hr,5,2,1,task_20260116_055513_891_99ba2325_849991b8,0.333333,0,235475,383.7
tools,meta,eog,hr,5,2,1,task_20260116_170758_750_d4a463c3_3885de59,0.777778,0,393644,352.3
tools,meta,eog,hr,5,2,2,task_20251217_211723_514_87437950_3bbbb519,0.25,0,228665,243.3
tools,meta,eog,hr,5,2,2,task_20251219_205632_335_cd46e60f_4db23138,0.0,0,25300,39.9
tools,meta,eog,hr,5,2,2,task_20251224_030218_157_00364ece_79650819,0.5,0,167895,191.6
tools,meta,eog,hr,5,2,2,task_20251224_195437_497_e6427839_6357fed2,0.0,0,154710,210.5
tools,meta,eog,hr,5,2,2,task_20251226_090527_363_b25153b4_6caf1a47,0.6,0,155744,114.3
tools,meta,eog,hr,5,2,2,task_20251226_135729_497_c4ad7a70_788f5baf,0.666667,0,222795,230.3
tools,meta,eog,hr,5,2,2,task_20251226_153702_699_ad5a67e3_43cd2d47,0.0,0,157771,213.6
tools,meta,eog,hr,5,2,2,task_20260114_170216_532_accab84d_9dc7ddd5,1.0,1,217541,111.1
tools,meta,eog,hr,5,2,2,task_20260114_180423_838_00364ece_9f2ad35c,0.75,0,334956,435.9
tools,meta,eog,hr,5,2,2,task_20260115_124602_090_accab84d_91ac1840,0.666667,0,426650,381.0
tools,meta,eog,hr,5,2,2,task_20260115_151312_690_57529556_9fca8861,0.875,0,509779,522.7
tools,meta,eog,hr,5,2,2,task_20260116_055513_891_99ba2325_849991b8,0.5,0,232311,330.0
tools,meta,eog,hr,5,2,2,task_20260116_170758_750_d4a463c3_3885de59,0.777778,0,433771,449.2
tools,meta,eog,hr,5,2,3,task_20251217_211723_514_87437950_3bbbb519,0.25,0,184136,154.7
tools,meta,eog,hr,5,2,3,task_20251219_205632_335_cd46e60f_4db23138,0.0,0,50594,73.7
tools,meta,eog,hr,5,2,3,task_20251224_030218_157_00364ece_79650819,0.0,0,142689,112.1
tools,meta,eog,hr,5,2,3,task_20251224_195437_497_e6427839_6357fed2,0.0,0,156029,79.8
tools,meta,eog,hr,5,2,3,task_20251226_090527_363_b25153b4_6caf1a47,0.6,0,256021,197.9
tools,meta,eog,hr,5,2,3,task_20251226_135729_497_c4ad7a70_788f5baf,0.666667,0,194082,151.3
tools,meta,eog,hr,5,2,3,task_20251226_153702_699_ad5a67e3_43cd2d47,0.0,0,180689,237.8
tools,meta,eog,hr,5,2,3,task_20260114_170216_532_accab84d_9dc7ddd5,1.0,1,209011,98.3
tools,meta,eog,hr,5,2,3,task_20260114_180423_838_00364ece_9f2ad35c,0.75,0,414152,696.1
tools,meta,eog,hr,5,2,3,task_20260115_124602_090_accab84d_91ac1840,0.0,0,181236,153.8
tools,meta,eog,hr,5,2,3,task_20260115_151312_690_57529556_9fca8861,0.75,0,478353,577.2
tools,meta,eog,hr,5,2,3,task_20260116_055513_891_99ba2325_849991b8,0.5,0,239797,455.7
tools,meta,eog,hr,5,2,3,task_20260116_170758_750_d4a463c3_3885de59,0.777778,0,474405,441.3
tools,meta,eog,hr,5,3,1,task_20251217_073807_153_761f6b82_cba63024,0.571429,0,625467,458.8
tools,meta,eog,hr,5,3,1,task_20251218_234518_453_d9bcd1e5_72c94403,0.666667,0,357945,141.7
tools,meta,eog,hr,5,3,1,task_20251219_114935_971_a8eea1c0_188fc892,1.0,1,143890,79.3
tools,meta,eog,hr,5,3,1,task_20251219_155215_361_00364ece_c1c6ffc8,0.0,0,202070,112.7
tools,meta,eog,hr,5,3,1,task_20251225_124750_039_7e2e0039_de8a9d94,0.166667,0,26346,52.6
tools,meta,eog,hr,5,3,1,task_20251226_041218_355_d9bcd1e5_bc84c9d5,0.777778,0,238036,125.4
tools,meta,eog,hr,5,3,1,task_20251226_101143_297_99ba2325_75b99d9a,1.0,1,260987,242.2
tools,meta,eog,hr,5,3,1,task_20251226_102334_184_b25153b4_08c0849c,1.0,1,338254,222.6
tools,meta,eog,hr,5,3,1,task_20251226_104747_127_30600918_559da326,0.25,0,211003,261.5
tools,meta,eog,hr,5,3,1,task_20251226_132052_338_e6427839_727d852c,0.0,0,105721,137.7
tools,meta,eog,hr,5,3,1,task_20251226_173040_372_95fd9f79_c7e85ec1,0.833333,0,301276,567.2
tools,meta,eog,hr,5,3,1,task_20260109_172559_279_e6427839_f711406f,0.833333,0,272810,234.3
tools,meta,eog,hr,5,3,1,task_20260109_202436_533_a8eea1c0_755eabdd,0.555556,0,696658,453.0
tools,meta,eog,hr,5,3,1,task_20260113_032200_394_ad5a67e3_5e3873b8,0.875,0,327455,204.3
tools,meta,eog,hr,5,3,1,task_20260114_091008_897_accab84d_786931e4,0.75,0,242266,280.3
tools,meta,eog,hr,5,3,1,task_20260115_130330_068_00364ece_cf2e9cf1,0.428571,0,415708,412.6
tools,meta,eog,hr,5,3,1,task_20260115_130852_498_a8eea1c0_e9192d7e,0.333333,0,247549,338.6
tools,meta,eog,hr,5,3,1,task_20260115_190725_477_a8eea1c0_eba3a1c5,0.833333,0,284982,274.5
tools,meta,eog,hr,5,3,1,task_20260116_084548_120_fa1836dc_679067bc,0.5,0,323743,288.8
tools,meta,eog,hr,5,3,1,task_20260116_085958_358_a8eea1c0_6d7f242a,1.0,1,417914,344.8
tools,meta,eog,hr,5,3,1,task_20260116_105748_962_99ba2325_dcc658fa,1.0,1,293550,271.5
tools,meta,eog,hr,5,3,1,task_20260116_122712_166_d4a463c3_196fe24f,1.0,1,255022,162.4
tools,meta,eog,hr,5,3,1,task_20260116_143750_504_a8eea1c0_7d91efa1,1.0,1,277516,174.6
tools,meta,eog,hr,5,3,1,task_20260116_150213_342_a8eea1c0_6d6fe792,0.5,0,201895,120.2
tools,meta,eog,hr,5,3,1,task_20260119_022056_842_ad5a67e3_964df197,0.833333,0,292619,341.6
tools,meta,eog,hr,5,3,2,task_20251217_073807_153_761f6b82_cba63024,0.571429,0,403696,305.6
tools,meta,eog,hr,5,3,2,task_20251218_234518_453_d9bcd1e5_72c94403,1.0,1,388760,244.5
tools,meta,eog,hr,5,3,2,task_20251219_114935_971_a8eea1c0_188fc892,0.5,0,120947,104.4
tools,meta,eog,hr,5,3,2,task_20251219_155215_361_00364ece_c1c6ffc8,0.0,0,128124,87.1
tools,meta,eog,hr,5,3,2,task_20251225_124750_039_7e2e0039_de8a9d94,1.0,1,155701,86.3
tools,meta,eog,hr,5,3,2,task_20251226_041218_355_d9bcd1e5_bc84c9d5,0.777778,0,337514,272.6
tools,meta,eog,hr,5,3,2,task_20251226_101143_297_99ba2325_75b99d9a,0.75,0,263312,313.4
tools,meta,eog,hr,5,3,2,task_20251226_102334_184_b25153b4_08c0849c,0.6,0,287624,176.3
tools,meta,eog,hr,5,3,2,task_20251226_104747_127_30600918_559da326,0.5,0,286370,304.7
tools,meta,eog,hr,5,3,2,task_20251226_132052_338_e6427839_727d852c,0.0,0,79595,130.4
tools,meta,eog,hr,5,3,2,task_20251226_173040_372_95fd9f79_c7e85ec1,0.833333,0,226839,283.5
tools,meta,eog,hr,5,3,2,task_20260109_172559_279_e6427839_f711406f,0.666667,0,356058,357.7
tools,meta,eog,hr,5,3,2,task_20260109_202436_533_a8eea1c0_755eabdd,0.555556,0,447341,345.2
tools,meta,eog,hr,5,3,2,task_20260113_032200_394_ad5a67e3_5e3873b8,0.875,0,357897,292.7
tools,meta,eog,hr,5,3,2,task_20260114_091008_897_accab84d_786931e4,0.75,0,312723,223.3
tools,meta,eog,hr,5,3,2,task_20260115_130330_068_00364ece_cf2e9cf1,0.428571,0,479207,411.1
tools,meta,eog,hr,5,3,2,task_20260115_130852_498_a8eea1c0_e9192d7e,0.5,0,244703,275.6
tools,meta,eog,hr,5,3,2,task_20260115_190725_477_a8eea1c0_eba3a1c5,0.833333,0,206564,290.0
tools,meta,eog,hr,5,3,2,task_20260116_084548_120_fa1836dc_679067bc,0.5,0,352838,445.6
tools,meta,eog,hr,5,3,2,task_20260116_085958_358_a8eea1c0_6d7f242a,1.0,1,250627,201.9
tools,meta,eog,hr,5,3,2,task_20260116_105748_962_99ba2325_dcc658fa,1.0,1,271995,400.5
tools,meta,eog,hr,5,3,2,task_20260116_122712_166_d4a463c3_196fe24f,1.0,1,354144,203.1
tools,meta,eog,hr,5,3,2,task_20260116_143750_504_a8eea1c0_7d91efa1,1.0,1,277123,124.1
tools,meta,eog,hr,5,3,2,task_20260116_150213_342_a8eea1c0_6d6fe792,0.666667,0,250195,93.8
tools,meta,eog,hr,5,3,2,task_20260119_022056_842_ad5a67e3_964df197,0.833333,0,332066,391.6
tools,meta,eog,hr,5,3,3,task_20251217_073807_153_761f6b82_cba63024,0.571429,0,476509,459.7
tools,meta,eog,hr,5,3,3,task_20251218_234518_453_d9bcd1e5_72c94403,1.0,1,312565,251.2
tools,meta,eog,hr,5,3,3,task_20251219_114935_971_a8eea1c0_188fc892,0.5,0,120765,85.7
tools,meta,eog,hr,5,3,3,task_20251219_155215_361_00364ece_c1c6ffc8,0.0,0,126318,78.7
tools,meta,eog,hr,5,3,3,task_20251225_124750_039_7e2e0039_de8a9d94,1.0,1,129959,100.8
tools,meta,eog,hr,5,3,3,task_20251226_041218_355_d9bcd1e5_bc84c9d5,0.777778,0,264688,212.6
tools,meta,eog,hr,5,3,3,task_20251226_101143_297_99ba2325_75b99d9a,0.75,0,231564,185.6
tools,meta,eog,hr,5,3,3,task_20251226_102334_184_b25153b4_08c0849c,1.0,1,262752,173.9
tools,meta,eog,hr,5,3,3,task_20251226_104747_127_30600918_559da326,0.25,0,260544,339.5
tools,meta,eog,hr,5,3,3,task_20251226_132052_338_e6427839_727d852c,0.0,0,79712,168.3
tools,meta,eog,hr,5,3,3,task_20251226_173040_372_95fd9f79_c7e85ec1,0.833333,0,268819,369.1
tools,meta,eog,hr,5,3,3,task_20260109_172559_279_e6427839_f711406f,1.0,1,306263,246.8
tools,meta,eog,hr,5,3,3,task_20260109_202436_533_a8eea1c0_755eabdd,0.666667,0,535917,403.4
tools,meta,eog,hr,5,3,3,task_20260113_032200_394_ad5a67e3_5e3873b8,0.875,0,352600,184.8
tools,meta,eog,hr,5,3,3,task_20260114_091008_897_accab84d_786931e4,0.0,0,191251,278.3
tools,meta,eog,hr,5,3,3,task_20260115_130330_068_00364ece_cf2e9cf1,0.857143,0,618973,528.8
tools,meta,eog,hr,5,3,3,task_20260115_130852_498_a8eea1c0_e9192d7e,0.5,0,271676,284.3
tools,meta,eog,hr,5,3,3,task_20260115_190725_477_a8eea1c0_eba3a1c5,0.833333,0,283307,328.6
tools,meta,eog,hr,5,3,3,task_20260116_084548_120_fa1836dc_679067bc,0.5,0,219598,315.9
tools,meta,eog,hr,5,3,3,task_20260116_085958_358_a8eea1c0_6d7f242a,1.0,1,412274,256.7
tools,meta,eog,hr,5,3,3,task_20260116_105748_962_99ba2325_dcc658fa,1.0,1,298416,345.8
tools,meta,eog,hr,5,3,3,task_20260116_122712_166_d4a463c3_196fe24f,1.0,1,392047,245.6
tools,meta,eog,hr,5,3,3,task_20260116_143750_504_a8eea1c0_7d91efa1,1.0,1,277289,149.6
tools,meta,eog,hr,5,3,3,task_20260116_150213_342_a8eea1c0_6d6fe792,0.5,0,224024,81.1
tools,meta,eog,hr,5,3,3,task_20260119_022056_842_ad5a67e3_964df197,0.833333,0,306693,247.4
tools,meta,eog,hr,5,4,1,task_20251212_194942_087_761f6b82_451ef3b7,0.571429,0,370272,323.3
tools,meta,eog,hr,5,4,1,task_20251217_231709_248_b25153b4_4c5f9bde,1.0,1,413534,192.6
tools,meta,eog,hr,5,4,1,task_20251219_155520_685_a8eea1c0_c6fb88a1,1.0,1,238873,239.9
tools,meta,eog,hr,5,4,1,task_20251223_061756_991_a8eea1c0_e497a345,0.4,0,230771,130.4
tools,meta,eog,hr,5,4,1,task_20251223_201118_525_46ca2862_e3f79e09,0.0,0,102541,138.2
tools,meta,eog,hr,5,4,1,task_20251224_064352_705_ec0cb5dd_46d83d4e,0.846154,0,343777,295.9
tools,meta,eog,hr,5,4,1,task_20251224_074251_092_46ca2862_b5b99f66,1.0,1,244665,159.6
tools,meta,eog,hr,5,4,1,task_20251225_062927_003_d9bcd1e5_d996901a,0.875,0,673630,575.6
tools,meta,eog,hr,5,4,1,task_20251225_180047_141_a8eea1c0_002e725f,0.428571,0,291068,286.9
tools,meta,eog,hr,5,4,1,task_20251226_110144_731_b25153b4_773380f8,1.0,1,648366,388.9
tools,meta,eog,hr,5,4,1,task_20260109_185510_803_a8eea1c0_b51123d7,1.0,1,291256,120.7
tools,meta,eog,hr,5,4,1,task_20260111_151647_667_a8eea1c0_c7c264ba,0.0,0,133353,178.3
tools,meta,eog,hr,5,4,1,task_20260111_190744_927_a8eea1c0_17bea726,0.0,0,262501,189.6
tools,meta,eog,hr,5,4,1,task_20260114_173911_329_a8eea1c0_b687c646,0.4,0,319602,211.4
tools,meta,eog,hr,5,4,1,task_20260114_220447_370_00364ece_0c9c7534,0.75,0,261610,190.0
tools,meta,eog,hr,5,4,1,task_20260115_043503_499_a8eea1c0_4b943c9b,0.625,0,247814,187.8
tools,meta,eog,hr,5,4,1,task_20260116_094554_219_c5cac200_82f2d2a8,1.0,1,337522,233.7
tools,meta,eog,hr,5,4,1,task_20260116_095609_650_c5cac200_741831a8,0.666667,0,207391,129.8
tools,meta,eog,hr,5,4,1,task_20260116_112648_773_99ba2325_c572f123,0.0,0,186944,254.6
tools,meta,eog,hr,5,4,1,task_20260116_185136_779_46ca2862_2b77b852,0.666667,0,129844,226.5
tools,meta,eog,hr,5,4,1,task_20260116_203855_584_57529556_7b20a1d8,0.666667,0,361170,417.5
tools,meta,eog,hr,5,4,1,task_20260119_045416_534_ad5a67e3_78445838,1.0,1,418427,179.2
tools,meta,eog,hr,5,4,2,task_20251212_194942_087_761f6b82_451ef3b7,0.142857,0,25228,32.8
tools,meta,eog,hr,5,4,2,task_20251217_231709_248_b25153b4_4c5f9bde,0.857143,0,391695,256.8
tools,meta,eog,hr,5,4,2,task_20251219_155520_685_a8eea1c0_c6fb88a1,1.0,1,198233,75.4
tools,meta,eog,hr,5,4,2,task_20251223_061756_991_a8eea1c0_e497a345,0.6,0,208093,141.0
tools,meta,eog,hr,5,4,2,task_20251223_201118_525_46ca2862_e3f79e09,1.0,1,714294,790.8
tools,meta,eog,hr,5,4,2,task_20251224_064352_705_ec0cb5dd_46d83d4e,0.846154,0,342189,264.6
tools,meta,eog,hr,5,4,2,task_20251224_074251_092_46ca2862_b5b99f66,1.0,1,296617,198.1
tools,meta,eog,hr,5,4,2,task_20251225_062927_003_d9bcd1e5_d996901a,0.875,0,362473,372.4
tools,meta,eog,hr,5,4,2,task_20251225_180047_141_a8eea1c0_002e725f,0.428571,0,260106,206.3
tools,meta,eog,hr,5,4,2,task_20251226_110144_731_b25153b4_773380f8,1.0,1,388407,272.0
tools,meta,eog,hr,5,4,2,task_20260109_185510_803_a8eea1c0_b51123d7,1.0,1,315028,130.5
tools,meta,eog,hr,5,4,2,task_20260111_151647_667_a8eea1c0_c7c264ba,0.0,0,79134,110.6
tools,meta,eog,hr,5,4,2,task_20260111_190744_927_a8eea1c0_17bea726,0.0,0,368156,249.6
tools,meta,eog,hr,5,4,2,task_20260114_173911_329_a8eea1c0_b687c646,0.4,0,316117,218.1
tools,meta,eog,hr,5,4,2,task_20260114_220447_370_00364ece_0c9c7534,0.75,0,234770,206.3
tools,meta,eog,hr,5,4,2,task_20260115_043503_499_a8eea1c0_4b943c9b,0.75,0,291740,221.5
tools,meta,eog,hr,5,4,2,task_20260116_094554_219_c5cac200_82f2d2a8,1.0,1,332572,271.4
tools,meta,eog,hr,5,4,2,task_20260116_095609_650_c5cac200_741831a8,0.666667,0,207194,144.0
tools,meta,eog,hr,5,4,2,task_20260116_112648_773_99ba2325_c572f123,0.857143,0,442264,337.6
tools,meta,eog,hr,5,4,2,task_20260116_185136_779_46ca2862_2b77b852,1.0,1,154675,212.1
tools,meta,eog,hr,5,4,2,task_20260116_203855_584_57529556_7b20a1d8,0.666667,0,247127,242.0
tools,meta,eog,hr,5,4,2,task_20260119_045416_534_ad5a67e3_78445838,1.0,1,373818,159.3
tools,meta,eog,hr,5,4,3,task_20251212_194942_087_761f6b82_451ef3b7,0.571429,0,284098,191.8
tools,meta,eog,hr,5,4,3,task_20251217_231709_248_b25153b4_4c5f9bde,0.428571,0,128448,123.7
tools,meta,eog,hr,5,4,3,task_20251219_155520_685_a8eea1c0_c6fb88a1,1.0,1,175271,78.0
tools,meta,eog,hr,5,4,3,task_20251223_061756_991_a8eea1c0_e497a345,0.4,0,265415,183.3
tools,meta,eog,hr,5,4,3,task_20251223_201118_525_46ca2862_e3f79e09,0.0,0,105556,171.0
tools,meta,eog,hr,5,4,3,task_20251224_064352_705_ec0cb5dd_46d83d4e,0.846154,0,245441,286.7
tools,meta,eog,hr,5,4,3,task_20251224_074251_092_46ca2862_b5b99f66,0.0,0,118412,91.8
tools,meta,eog,hr,5,4,3,task_20251225_062927_003_d9bcd1e5_d996901a,0.5,0,118625,195.9
tools,meta,eog,hr,5,4,3,task_20251225_180047_141_a8eea1c0_002e725f,1.0,1,244941,252.0
tools,meta,eog,hr,5,4,3,task_20251226_110144_731_b25153b4_773380f8,0.0,0,25302,32.0
tools,meta,eog,hr,5,4,3,task_20260109_185510_803_a8eea1c0_b51123d7,1.0,1,316355,149.7
tools,meta,eog,hr,5,4,3,task_20260111_151647_667_a8eea1c0_c7c264ba,0.0,0,106933,136.8
tools,meta,eog,hr,5,4,3,task_20260111_190744_927_a8eea1c0_17bea726,0.0,0,346366,254.9
tools,meta,eog,hr,5,4,3,task_20260114_173911_329_a8eea1c0_b687c646,0.2,0,209511,197.4
tools,meta,eog,hr,5,4,3,task_20260114_220447_370_00364ece_0c9c7534,0.75,0,265593,191.0
tools,meta,eog,hr,5,4,3,task_20260115_043503_499_a8eea1c0_4b943c9b,0.75,0,320861,291.6
tools,meta,eog,hr,5,4,3,task_20260116_094554_219_c5cac200_82f2d2a8,1.0,1,353685,315.0
tools,meta,eog,hr,5,4,3,task_20260116_095609_650_c5cac200_741831a8,0.666667,0,205120,139.6
tools,meta,eog,hr,5,4,3,task_20260116_112648_773_99ba2325_c572f123,0.0,0,81013,93.6
tools,meta,eog,hr,5,4,3,task_20260116_185136_779_46ca2862_2b77b852,1.0,1,159814,238.0
tools,meta,eog,hr,5,4,3,task_20260116_203855_584_57529556_7b20a1d8,0.666667,0,332900,395.6
tools,meta,eog,hr,5,4,3,task_20260119_045416_534_ad5a67e3_78445838,1.0,1,423451,171.7
tools,meta,eog,hr,5,5,1,task_20251217_161056_114_d9bcd1e5_c8f3ccb9,0.8,0,238473,85.1
tools,meta,eog,hr,5,5,1,task_20260112_124137_537_761f6b82_9e1a6b99,0.25,0,359374,375.0
tools,meta,eog,hr,5,5,2,task_20251217_161056_114_d9bcd1e5_c8f3ccb9,0.8,0,286924,97.3
tools,meta,eog,hr,5,5,2,task_20260112_124137_537_761f6b82_9e1a6b99,0.25,0,357260,332.2
tools,meta,eog,hr,5,5,3,task_20251217_161056_114_d9bcd1e5_c8f3ccb9,0.8,0,240488,76.6
tools,meta,eog,hr,5,5,3,task_20260112_124137_537_761f6b82_9e1a6b99,0.25,0,297572,255.5
tools,meta,eog,hybrid,1,1,1,task_20251216_223804_332_df2c536d_a1d9c559,0.666667,0,57245,118.5
tools,meta,eog,hybrid,1,1,1,task_20251218_173030_490_23fcbcdb_0e698d81,1.0,1,102500,163.7
tools,meta,eog,hybrid,1,1,1,task_20251219_174221_127_64a4ebb9_3a8bb36b,0.8,0,89117,106.9
tools,meta,eog,hybrid,1,1,1,task_20251221_222713_409_64a4ebb9_9915366d,0.6,0,106644,168.6
tools,meta,eog,hybrid,1,1,1,task_20251222_113047_572_64a4ebb9_cd2083a8,0.8,0,92781,120.0
tools,meta,eog,hybrid,1,1,1,task_20251225_130546_796_4d9df647_7e32b59a,0.0,0,40695,68.1
tools,meta,eog,hybrid,1,1,1,task_20251225_133905_252_060e2c81_7e4fd228,0.875,0,132467,106.8
tools,meta,eog,hybrid,1,1,1,task_20260113_141825_482_911d75d7_ecab6320,0.888889,0,303548,204.4
tools,meta,eog,hybrid,1,1,1,task_20260113_152354_165_9a1e131b_fc5e2cac,0.0,0,63754,139.8
tools,meta,eog,hybrid,1,1,1,task_20260114_073013_180_911d75d7_cc244085,0.25,0,166158,291.4
tools,meta,eog,hybrid,1,1,1,task_20260114_172825_147_1628b966_cc356289,1.0,1,47538,127.8
tools,meta,eog,hybrid,1,1,1,task_20260115_111059_508_9a1e131b_a201f065,0.333333,0,131823,179.8
tools,meta,eog,hybrid,1,1,1,task_20260115_170553_772_ae7b45e2_daae994c,0.5,0,96825,130.4
tools,meta,eog,hybrid,1,1,1,task_20260116_125421_530_806f1a83_3e703812,0.8,0,119647,163.5
tools,meta,eog,hybrid,1,1,1,task_20260117_084409_361_4d9df647_9892db8c,0.0,0,103366,233.3
tools,meta,eog,hybrid,1,1,2,task_20251216_223804_332_df2c536d_a1d9c559,0.333333,0,69207,143.9
tools,meta,eog,hybrid,1,1,2,task_20251217_140216_182_701c5774_9fcdf867,1.0,1,95416,127.9
tools,meta,eog,hybrid,1,1,2,task_20251217_160053_417_701c5774_db625115,0.666667,0,314771,403.8
tools,meta,eog,hybrid,1,1,2,task_20251218_102205_211_1628b966_06687c79,0.5,0,240683,277.5
tools,meta,eog,hybrid,1,1,2,task_20251218_103430_472_701c5774_42c99459,0.0,0,116639,213.8
tools,meta,eog,hybrid,1,1,2,task_20251218_173030_490_23fcbcdb_0e698d81,1.0,1,117092,171.7
tools,meta,eog,hybrid,1,1,2,task_20251219_174221_127_64a4ebb9_3a8bb36b,0.8,0,61992,86.3
tools,meta,eog,hybrid,1,1,2,task_20251221_222713_409_64a4ebb9_9915366d,0.6,0,105809,115.9
tools,meta,eog,hybrid,1,1,2,task_20251222_113047_572_64a4ebb9_cd2083a8,0.8,0,92462,91.4
tools,meta,eog,hybrid,1,1,2,task_20251224_104537_197_701c5774_5c104832,0.333333,0,149343,241.5
tools,meta,eog,hybrid,1,1,2,task_20251224_112727_844_701c5774_58c1bbfb,0.0,0,74007,133.8
tools,meta,eog,hybrid,1,1,2,task_20251225_130546_796_4d9df647_7e32b59a,0.2,0,80646,126.5
tools,meta,eog,hybrid,1,1,2,task_20251225_133905_252_060e2c81_7e4fd228,0.875,0,116899,102.6
tools,meta,eog,hybrid,1,1,2,task_20260113_141825_482_911d75d7_ecab6320,1.0,1,329581,166.7
tools,meta,eog,hybrid,1,1,2,task_20260113_152354_165_9a1e131b_fc5e2cac,0.0,0,55436,114.6
tools,meta,eog,hybrid,1,1,2,task_20260114_073013_180_911d75d7_cc244085,0.25,0,129594,415.7
tools,meta,eog,hybrid,1,1,2,task_20260114_172825_147_1628b966_cc356289,1.0,1,47281,102.2
tools,meta,eog,hybrid,1,1,2,task_20260115_111059_508_9a1e131b_a201f065,0.5,0,166629,223.4
tools,meta,eog,hybrid,1,1,2,task_20260115_121701_840_1628b966_ff394d2f,1.0,1,125807,162.0
tools,meta,eog,hybrid,1,1,2,task_20260115_170553_772_ae7b45e2_daae994c,0.5,0,78277,97.3
tools,meta,eog,hybrid,1,1,2,task_20260116_080150_885_1628b966_5a58d8e3,0.0,0,128439,218.8
tools,meta,eog,hybrid,1,1,2,task_20260116_125421_530_806f1a83_3e703812,0.8,0,136580,183.3
tools,meta,eog,hybrid,1,1,2,task_20260116_131741_243_1628b966_c66e5972,0.5,0,131215,226.9
tools,meta,eog,hybrid,1,1,2,task_20260117_084409_361_4d9df647_9892db8c,0.0,0,65506,160.2
tools,meta,eog,hybrid,1,1,3,task_20251216_223804_332_df2c536d_a1d9c559,0.666667,0,58938,124.2
tools,meta,eog,hybrid,1,1,3,task_20251217_140216_182_701c5774_9fcdf867,1.0,1,82272,126.3
tools,meta,eog,hybrid,1,1,3,task_20251217_160053_417_701c5774_db625115,0.666667,0,149158,238.4
tools,meta,eog,hybrid,1,1,3,task_20251218_102205_211_1628b966_06687c79,0.5,0,106931,190.3
tools,meta,eog,hybrid,1,1,3,task_20251218_103430_472_701c5774_42c99459,0.0,0,143669,339.7
tools,meta,eog,hybrid,1,1,3,task_20251218_173030_490_23fcbcdb_0e698d81,1.0,1,108379,198.8
tools,meta,eog,hybrid,1,1,3,task_20251219_174221_127_64a4ebb9_3a8bb36b,0.8,0,75935,94.6
tools,meta,eog,hybrid,1,1,3,task_20251221_222713_409_64a4ebb9_9915366d,0.6,0,76513,115.0
tools,meta,eog,hybrid,1,1,3,task_20251222_113047_572_64a4ebb9_cd2083a8,0.8,0,92221,93.7
tools,meta,eog,hybrid,1,1,3,task_20251224_104537_197_701c5774_5c104832,0.333333,0,229117,332.3
tools,meta,eog,hybrid,1,1,3,task_20251224_112727_844_701c5774_58c1bbfb,0.0,0,79793,167.9
tools,meta,eog,hybrid,1,1,3,task_20251225_130546_796_4d9df647_7e32b59a,0.0,0,59392,109.5
tools,meta,eog,hybrid,1,1,3,task_20251225_133905_252_060e2c81_7e4fd228,0.875,0,113784,98.7
tools,meta,eog,hybrid,1,1,3,task_20260113_141825_482_911d75d7_ecab6320,1.0,1,335633,165.5
tools,meta,eog,hybrid,1,1,3,task_20260113_152354_165_9a1e131b_fc5e2cac,0.0,0,52625,58.8
tools,meta,eog,hybrid,1,1,3,task_20260114_073013_180_911d75d7_cc244085,0.25,0,166985,293.1
tools,meta,eog,hybrid,1,1,3,task_20260114_172825_147_1628b966_cc356289,1.0,1,47426,88.4
tools,meta,eog,hybrid,1,1,3,task_20260115_111059_508_9a1e131b_a201f065,0.5,0,140773,151.6
tools,meta,eog,hybrid,1,1,3,task_20260115_121701_840_1628b966_ff394d2f,1.0,1,88918,138.2
tools,meta,eog,hybrid,1,1,3,task_20260115_170553_772_ae7b45e2_daae994c,0.5,0,95439,126.3
tools,meta,eog,hybrid,1,1,3,task_20260116_080150_885_1628b966_5a58d8e3,0.0,0,89378,127.5
tools,meta,eog,hybrid,1,1,3,task_20260116_125421_530_806f1a83_3e703812,0.8,0,167419,176.2
tools,meta,eog,hybrid,1,1,3,task_20260116_131741_243_1628b966_c66e5972,0.5,0,149387,206.6
tools,meta,eog,hybrid,1,1,3,task_20260117_084409_361_4d9df647_9892db8c,0.0,0,86040,236.9
tools,meta,eog,hybrid,1,2,1,task_20251222_151946_409_060e2c81_253357ab,1.0,1,199329,249.8
tools,meta,eog,hybrid,1,2,1,task_20251225_074839_957_701c5774_eef4d0c4,0.5,0,161052,333.5
tools,meta,eog,hybrid,1,2,1,task_20251226_133324_902_e5bf1251_942c943a,0.5,0,107277,139.7
tools,meta,eog,hybrid,1,2,1,task_20251226_150609_837_4d9df647_84917c0b,0.0,0,51689,183.8
tools,meta,eog,hybrid,1,2,1,task_20251226_150647_118_13762b97_8da0c6a5,0.625,0,160636,85.8
tools,meta,eog,hybrid,1,2,1,task_20251226_225931_685_bca89e7d_597733d7,0.75,0,98431,165.8
tools,meta,eog,hybrid,1,2,1,task_20260113_114937_574_4d9df647_a8d4341b,0.6,0,160444,429.0
tools,meta,eog,hybrid,1,2,1,task_20260113_120745_735_4d9df647_017a9009,1.0,1,111434,76.5
tools,meta,eog,hybrid,1,2,1,task_20260113_141542_776_911d75d7_78be6b0f,0.666667,0,116357,129.4
tools,meta,eog,hybrid,1,2,1,task_20260115_122753_129_1628b966_0c22c9cc,0.666667,0,132395,166.0
tools,meta,eog,hybrid,1,2,1,task_20260119_162417_443_d8f93f2d_2b15bc38,1.0,1,116976,132.2
tools,meta,eog,hybrid,1,2,2,task_20251222_151946_409_060e2c81_253357ab,1.0,1,309901,390.5
tools,meta,eog,hybrid,1,2,2,task_20251225_074839_957_701c5774_eef4d0c4,0.5,0,205997,429.3
tools,meta,eog,hybrid,1,2,2,task_20251226_133324_902_e5bf1251_942c943a,0.5,0,87305,107.5
tools,meta,eog,hybrid,1,2,2,task_20251226_150609_837_4d9df647_84917c0b,0.714286,0,277418,613.9
tools,meta,eog,hybrid,1,2,2,task_20251226_150647_118_13762b97_8da0c6a5,0.75,0,204226,187.4
tools,meta,eog,hybrid,1,2,2,task_20251226_225931_685_bca89e7d_597733d7,0.75,0,78633,80.0
tools,meta,eog,hybrid,1,2,2,task_20260113_114937_574_4d9df647_a8d4341b,0.4,0,149530,551.1
tools,meta,eog,hybrid,1,2,2,task_20260113_120745_735_4d9df647_017a9009,1.0,1,98038,95.5
tools,meta,eog,hybrid,1,2,2,task_20260113_141542_776_911d75d7_78be6b0f,0.0,0,83802,172.2
tools,meta,eog,hybrid,1,2,2,task_20260115_122753_129_1628b966_0c22c9cc,0.666667,0,162223,232.5
tools,meta,eog,hybrid,1,2,2,task_20260119_162417_443_d8f93f2d_2b15bc38,1.0,1,114928,82.4
tools,meta,eog,hybrid,1,2,3,task_20251222_151946_409_060e2c81_253357ab,1.0,1,198958,308.8
tools,meta,eog,hybrid,1,2,3,task_20251225_074839_957_701c5774_eef4d0c4,1.0,1,177894,647.7
tools,meta,eog,hybrid,1,2,3,task_20251226_133324_902_e5bf1251_942c943a,0.5,0,128864,266.8
tools,meta,eog,hybrid,1,2,3,task_20251226_150609_837_4d9df647_84917c0b,0.571429,0,365593,1401.6
tools,meta,eog,hybrid,1,2,3,task_20251226_150647_118_13762b97_8da0c6a5,0.75,0,344578,579.6
tools,meta,eog,hybrid,1,2,3,task_20251226_225931_685_bca89e7d_597733d7,1.0,1,79560,165.7
tools,meta,eog,hybrid,1,2,3,task_20260113_114937_574_4d9df647_a8d4341b,0.4,0,125440,592.3
tools,meta,eog,hybrid,1,2,3,task_20260113_120745_735_4d9df647_017a9009,1.0,1,117963,128.6
tools,meta,eog,hybrid,1,2,3,task_20260113_141542_776_911d75d7_78be6b0f,0.0,0,96760,222.8
tools,meta,eog,hybrid,1,2,3,task_20260115_122753_129_1628b966_0c22c9cc,0.666667,0,113148,448.6
tools,meta,eog,hybrid,1,2,3,task_20260119_162417_443_d8f93f2d_2b15bc38,1.0,1,118545,211.4
tools,meta,eog,hybrid,2,1,1,task_20251216_223804_332_df2c536d_a1d9c559,0.333333,0,55492,88.2
tools,meta,eog,hybrid,2,1,1,task_20251217_140216_182_701c5774_9fcdf867,0.666667,0,68939,81.1
tools,meta,eog,hybrid,2,1,1,task_20251217_160053_417_701c5774_db625115,0.666667,0,241793,343.2
tools,meta,eog,hybrid,2,1,1,task_20251218_102205_211_1628b966_06687c79,0.5,0,255215,328.1
tools,meta,eog,hybrid,2,1,1,task_20251218_103430_472_701c5774_42c99459,0.0,0,161698,241.7
tools,meta,eog,hybrid,2,1,1,task_20251218_173030_490_23fcbcdb_0e698d81,1.0,1,125155,167.1
tools,meta,eog,hybrid,2,1,1,task_20251219_174221_127_64a4ebb9_3a8bb36b,0.8,0,121976,81.4
tools,meta,eog,hybrid,2,1,1,task_20251221_222713_409_64a4ebb9_9915366d,0.6,0,111232,133.3
tools,meta,eog,hybrid,2,1,1,task_20251222_113047_572_64a4ebb9_cd2083a8,0.8,0,126335,95.9
tools,meta,eog,hybrid,2,1,1,task_20251224_104537_197_701c5774_5c104832,0.333333,0,257113,324.4
tools,meta,eog,hybrid,2,1,1,task_20251224_112727_844_701c5774_58c1bbfb,0.0,0,85179,135.6
tools,meta,eog,hybrid,2,1,1,task_20251225_130546_796_4d9df647_7e32b59a,0.0,0,47925,86.6
tools,meta,eog,hybrid,2,1,1,task_20251225_133905_252_060e2c81_7e4fd228,0.875,0,171486,115.1
tools,meta,eog,hybrid,2,1,1,task_20260113_141825_482_911d75d7_ecab6320,1.0,1,339324,132.0
tools,meta,eog,hybrid,2,1,1,task_20260113_152354_165_9a1e131b_fc5e2cac,0.0,0,91168,101.2
tools,meta,eog,hybrid,2,1,1,task_20260114_073013_180_911d75d7_cc244085,0.25,0,248180,353.8
tools,meta,eog,hybrid,2,1,1,task_20260114_172825_147_1628b966_cc356289,1.0,1,75485,92.8
tools,meta,eog,hybrid,2,1,1,task_20260115_111059_508_9a1e131b_a201f065,0.333333,0,111522,208.1
tools,meta,eog,hybrid,2,1,1,task_20260115_121701_840_1628b966_ff394d2f,1.0,1,127945,147.0
tools,meta,eog,hybrid,2,1,1,task_20260115_170553_772_ae7b45e2_daae994c,0.333333,0,74336,101.9
tools,meta,eog,hybrid,2,1,1,task_20260116_080150_885_1628b966_5a58d8e3,0.0,0,208621,309.8
tools,meta,eog,hybrid,2,1,1,task_20260116_125421_530_806f1a83_3e703812,0.8,0,215965,157.6
tools,meta,eog,hybrid,2,1,1,task_20260116_131741_243_1628b966_c66e5972,0.5,0,152711,245.2
tools,meta,eog,hybrid,2,1,1,task_20260117_084409_361_4d9df647_9892db8c,0.0,0,124239,254.1
tools,meta,eog,hybrid,2,1,2,task_20251216_223804_332_df2c536d_a1d9c559,0.333333,0,70343,126.2
tools,meta,eog,hybrid,2,1,2,task_20251217_140216_182_701c5774_9fcdf867,1.0,1,100397,116.8
tools,meta,eog,hybrid,2,1,2,task_20251217_160053_417_701c5774_db625115,0.666667,0,199832,313.8
tools,meta,eog,hybrid,2,1,2,task_20251218_102205_211_1628b966_06687c79,0.5,0,266647,298.1
tools,meta,eog,hybrid,2,1,2,task_20251218_103430_472_701c5774_42c99459,0.0,0,185365,312.5
tools,meta,eog,hybrid,2,1,2,task_20251218_173030_490_23fcbcdb_0e698d81,1.0,1,126657,195.4
tools,meta,eog,hybrid,2,1,2,task_20251219_174221_127_64a4ebb9_3a8bb36b,1.0,1,121543,86.6
tools,meta,eog,hybrid,2,1,2,task_20251221_222713_409_64a4ebb9_9915366d,1.0,1,162914,173.2
tools,meta,eog,hybrid,2,1,2,task_20251222_113047_572_64a4ebb9_cd2083a8,0.8,0,143023,103.3
tools,meta,eog,hybrid,2,1,2,task_20251224_104537_197_701c5774_5c104832,0.333333,0,209383,256.8
tools,meta,eog,hybrid,2,1,2,task_20251224_112727_844_701c5774_58c1bbfb,0.0,0,108335,178.5
tools,meta,eog,hybrid,2,1,2,task_20251225_130546_796_4d9df647_7e32b59a,0.0,0,74244,158.9
tools,meta,eog,hybrid,2,1,2,task_20251225_133905_252_060e2c81_7e4fd228,0.875,0,170227,126.9
tools,meta,eog,hybrid,2,1,2,task_20260113_141825_482_911d75d7_ecab6320,1.0,1,382003,143.1
tools,meta,eog,hybrid,2,1,2,task_20260113_152354_165_9a1e131b_fc5e2cac,0.0,0,91384,127.0
tools,meta,eog,hybrid,2,1,2,task_20260114_073013_180_911d75d7_cc244085,0.25,0,203332,398.2
tools,meta,eog,hybrid,2,1,2,task_20260114_172825_147_1628b966_cc356289,1.0,1,75466,92.5
tools,meta,eog,hybrid,2,1,2,task_20260115_111059_508_9a1e131b_a201f065,0.166667,0,127309,128.0
tools,meta,eog,hybrid,2,1,2,task_20260115_121701_840_1628b966_ff394d2f,1.0,1,124005,120.3
tools,meta,eog,hybrid,2,1,2,task_20260115_170553_772_ae7b45e2_daae994c,0.333333,0,72963,91.0
tools,meta,eog,hybrid,2,1,2,task_20260116_080150_885_1628b966_5a58d8e3,0.0,0,82470,142.5
tools,meta,eog,hybrid,2,1,2,task_20260116_125421_530_806f1a83_3e703812,0.8,0,228052,208.5
tools,meta,eog,hybrid,2,1,2,task_20260116_131741_243_1628b966_c66e5972,0.5,0,150065,234.6
tools,meta,eog,hybrid,2,1,2,task_20260117_084409_361_4d9df647_9892db8c,0.0,0,147084,270.0
tools,meta,eog,hybrid,2,1,3,task_20251216_223804_332_df2c536d_a1d9c559,0.666667,0,70508,129.5
tools,meta,eog,hybrid,2,1,3,task_20251217_140216_182_701c5774_9fcdf867,1.0,1,118539,120.1
tools,meta,eog,hybrid,2,1,3,task_20251217_160053_417_701c5774_db625115,0.666667,0,426845,448.6
tools,meta,eog,hybrid,2,1,3,task_20251218_102205_211_1628b966_06687c79,0.5,0,253572,288.8
tools,meta,eog,hybrid,2,1,3,task_20251218_103430_472_701c5774_42c99459,0.0,0,161358,248.4
tools,meta,eog,hybrid,2,1,3,task_20251218_173030_490_23fcbcdb_0e698d81,1.0,1,124430,166.2
tools,meta,eog,hybrid,2,1,3,task_20251219_174221_127_64a4ebb9_3a8bb36b,0.8,0,107542,103.8
tools,meta,eog,hybrid,2,1,3,task_20251221_222713_409_64a4ebb9_9915366d,0.6,0,75140,118.9
tools,meta,eog,hybrid,2,1,3,task_20251222_113047_572_64a4ebb9_cd2083a8,0.8,0,141068,61.5
tools,meta,eog,hybrid,2,1,3,task_20251224_104537_197_701c5774_5c104832,0.333333,0,223618,256.1
tools,meta,eog,hybrid,2,1,3,task_20251224_112727_844_701c5774_58c1bbfb,0.0,0,87221,157.1
tools,meta,eog,hybrid,2,1,3,task_20251225_130546_796_4d9df647_7e32b59a,0.0,0,49848,121.4
tools,meta,eog,hybrid,2,1,3,task_20251225_133905_252_060e2c81_7e4fd228,0.875,0,149696,88.0
tools,meta,eog,hybrid,2,1,3,task_20260113_141825_482_911d75d7_ecab6320,1.0,1,364532,167.8
tools,meta,eog,hybrid,2,1,3,task_20260113_152354_165_9a1e131b_fc5e2cac,0.0,0,77701,111.8
tools,meta,eog,hybrid,2,1,3,task_20260114_073013_180_911d75d7_cc244085,0.5,0,283728,441.6
tools,meta,eog,hybrid,2,1,3,task_20260114_172825_147_1628b966_cc356289,1.0,1,75236,103.8
tools,meta,eog,hybrid,2,1,3,task_20260115_111059_508_9a1e131b_a201f065,0.5,0,183920,224.3
tools,meta,eog,hybrid,2,1,3,task_20260115_121701_840_1628b966_ff394d2f,1.0,1,150073,110.6
tools,meta,eog,hybrid,2,1,3,task_20260115_170553_772_ae7b45e2_daae994c,0.5,0,94683,112.5
tools,meta,eog,hybrid,2,1,3,task_20260116_080150_885_1628b966_5a58d8e3,0.0,0,132732,160.5
tools,meta,eog,hybrid,2,1,3,task_20260116_125421_530_806f1a83_3e703812,0.8,0,178825,184.2
tools,meta,eog,hybrid,2,1,3,task_20260116_131741_243_1628b966_c66e5972,0.5,0,154194,263.4
tools,meta,eog,hybrid,2,1,3,task_20260117_084409_361_4d9df647_9892db8c,0.0,0,80236,152.3
tools,meta,eog,hybrid,2,2,1,task_20251222_151946_409_060e2c81_253357ab,1.0,1,175002,277.8
tools,meta,eog,hybrid,2,2,1,task_20251225_074839_957_701c5774_eef4d0c4,0.5,0,157707,195.4
tools,meta,eog,hybrid,2,2,1,task_20251226_133324_902_e5bf1251_942c943a,0.5,0,130231,102.0
tools,meta,eog,hybrid,2,2,1,task_20251226_150609_837_4d9df647_84917c0b,0.428571,0,354958,462.2
tools,meta,eog,hybrid,2,2,1,task_20251226_150647_118_13762b97_8da0c6a5,0.625,0,165422,121.7
tools,meta,eog,hybrid,2,2,1,task_20251226_225931_685_bca89e7d_597733d7,1.0,1,78853,81.4
tools,meta,eog,hybrid,2,2,1,task_20260113_114937_574_4d9df647_a8d4341b,0.2,0,56243,131.0
tools,meta,eog,hybrid,2,2,1,task_20260113_120745_735_4d9df647_017a9009,1.0,1,113017,66.1
tools,meta,eog,hybrid,2,2,1,task_20260113_141542_776_911d75d7_78be6b0f,0.666667,0,116045,102.7
tools,meta,eog,hybrid,2,2,1,task_20260115_122753_129_1628b966_0c22c9cc,0.666667,0,140524,175.0
tools,meta,eog,hybrid,2,2,1,task_20260119_162417_443_d8f93f2d_2b15bc38,1.0,1,115733,83.8
tools,meta,eog,hybrid,2,2,2,task_20251222_151946_409_060e2c81_253357ab,0.888889,0,138527,239.5
tools,meta,eog,hybrid,2,2,2,task_20251225_074839_957_701c5774_eef4d0c4,1.0,1,157452,181.3
tools,meta,eog,hybrid,2,2,2,task_20251226_133324_902_e5bf1251_942c943a,0.5,0,130403,100.9
tools,meta,eog,hybrid,2,2,2,task_20251226_150609_837_4d9df647_84917c0b,0.428571,0,344929,408.5
tools,meta,eog,hybrid,2,2,2,task_20251226_150647_118_13762b97_8da0c6a5,0.625,0,204071,66.5
tools,meta,eog,hybrid,2,2,2,task_20251226_225931_685_bca89e7d_597733d7,0.75,0,110186,115.8
tools,meta,eog,hybrid,2,2,2,task_20260113_114937_574_4d9df647_a8d4341b,0.6,0,220610,446.8
tools,meta,eog,hybrid,2,2,2,task_20260113_120745_735_4d9df647_017a9009,1.0,1,58919,70.1
tools,meta,eog,hybrid,2,2,2,task_20260113_141542_776_911d75d7_78be6b0f,0.0,0,69867,116.4
tools,meta,eog,hybrid,2,2,2,task_20260115_122753_129_1628b966_0c22c9cc,0.666667,0,139329,133.2
tools,meta,eog,hybrid,2,2,2,task_20260119_162417_443_d8f93f2d_2b15bc38,1.0,1,119674,173.1
tools,meta,eog,hybrid,2,2,3,task_20251222_151946_409_060e2c81_253357ab,0.777778,0,107478,189.3
tools,meta,eog,hybrid,2,2,3,task_20251225_074839_957_701c5774_eef4d0c4,1.0,1,160965,215.7
tools,meta,eog,hybrid,2,2,3,task_20251226_133324_902_e5bf1251_942c943a,0.5,0,129504,95.4
tools,meta,eog,hybrid,2,2,3,task_20251226_150609_837_4d9df647_84917c0b,0.0,0,75357,149.3
tools,meta,eog,hybrid,2,2,3,task_20251226_150647_118_13762b97_8da0c6a5,0.75,0,244591,147.2
tools,meta,eog,hybrid,2,2,3,task_20251226_225931_685_bca89e7d_597733d7,1.0,1,79120,97.1
tools,meta,eog,hybrid,2,2,3,task_20260113_114937_574_4d9df647_a8d4341b,0.4,0,123238,262.7
tools,meta,eog,hybrid,2,2,3,task_20260113_120745_735_4d9df647_017a9009,1.0,1,113524,95.6
tools,meta,eog,hybrid,2,2,3,task_20260113_141542_776_911d75d7_78be6b0f,0.666667,0,306913,136.5
tools,meta,eog,hybrid,2,2,3,task_20260115_122753_129_1628b966_0c22c9cc,0.666667,0,134574,129.0
tools,meta,eog,hybrid,2,2,3,task_20260119_162417_443_d8f93f2d_2b15bc38,1.0,1,117251,98.1
tools,meta,eog,hybrid,2,3,1,task_20251217_130333_406_df2c536d_96566d89,0.666667,0,105314,202.5
tools,meta,eog,hybrid,2,3,1,task_20251225_071630_879_701c5774_99b636e9,0.25,0,23996,86.8
tools,meta,eog,hybrid,2,3,1,task_20251225_161315_197_13762b97_44595aaa,0.625,0,164012,166.6
tools,meta,eog,hybrid,2,3,1,task_20260112_125407_584_1628b966_f5dd38b6,0.5,0,39841,86.6
tools,meta,eog,hybrid,2,3,1,task_20260114_163605_721_1628b966_187c9544,0.0,0,113654,174.9
tools,meta,eog,hybrid,2,3,1,task_20260114_174605_380_1628b966_b09f4a35,0.875,0,163992,202.0
tools,meta,eog,hybrid,2,3,1,task_20260116_064331_915_d8f93f2d_854d09b8,0.666667,0,240832,480.4
tools,meta,eog,hybrid,2,3,1,task_20260116_095226_245_4d9df647_08f9f5b1,0.25,0,170316,298.7
tools,meta,eog,hybrid,2,3,1,task_20260116_155214_819_baf0b358_0cf4418f,0.25,0,137195,142.5
tools,meta,eog,hybrid,2,3,2,task_20251217_130333_406_df2c536d_96566d89,0.333333,0,119343,232.3
tools,meta,eog,hybrid,2,3,2,task_20251225_071630_879_701c5774_99b636e9,0.25,0,47303,132.0
tools,meta,eog,hybrid,2,3,2,task_20251225_161315_197_13762b97_44595aaa,0.625,0,134897,133.7
tools,meta,eog,hybrid,2,3,2,task_20260112_125407_584_1628b966_f5dd38b6,0.5,0,39861,86.6
tools,meta,eog,hybrid,2,3,2,task_20260114_163605_721_1628b966_187c9544,0.0,0,158721,250.5
tools,meta,eog,hybrid,2,3,2,task_20260114_174605_380_1628b966_b09f4a35,1.0,1,166013,153.1
tools,meta,eog,hybrid,2,3,2,task_20260116_064331_915_d8f93f2d_854d09b8,0.666667,0,137316,182.0
tools,meta,eog,hybrid,2,3,2,task_20260116_095226_245_4d9df647_08f9f5b1,0.25,0,201375,259.7
tools,meta,eog,hybrid,2,3,2,task_20260116_155214_819_baf0b358_0cf4418f,0.25,0,138671,127.0
tools,meta,eog,hybrid,2,3,3,task_20251217_130333_406_df2c536d_96566d89,0.666667,0,88944,137.5
tools,meta,eog,hybrid,2,3,3,task_20251225_071630_879_701c5774_99b636e9,0.25,0,251662,403.9
tools,meta,eog,hybrid,2,3,3,task_20251225_161315_197_13762b97_44595aaa,0.625,0,164012,121.4
tools,meta,eog,hybrid,2,3,3,task_20260112_125407_584_1628b966_f5dd38b6,0.5,0,39988,74.6
tools,meta,eog,hybrid,2,3,3,task_20260114_163605_721_1628b966_187c9544,0.0,0,113928,154.7
tools,meta,eog,hybrid,2,3,3,task_20260114_174605_380_1628b966_b09f4a35,1.0,1,162556,114.2
tools,meta,eog,hybrid,2,3,3,task_20260116_064331_915_d8f93f2d_854d09b8,0.666667,0,293021,418.9
tools,meta,eog,hybrid,2,3,3,task_20260116_095226_245_4d9df647_08f9f5b1,0.25,0,171897,209.4
tools,meta,eog,hybrid,2,3,3,task_20260116_155214_819_baf0b358_0cf4418f,0.25,0,161251,154.9
tools,meta,eog,hybrid,3,1,1,task_20251216_223804_332_df2c536d_a1d9c559,0.333333,0,56672,73.0
tools,meta,eog,hybrid,3,1,1,task_20251217_140216_182_701c5774_9fcdf867,1.0,1,66233,57.6
tools,meta,eog,hybrid,3,1,1,task_20251217_160053_417_701c5774_db625115,0.666667,0,117677,164.6
tools,meta,eog,hybrid,3,1,1,task_20251218_102205_211_1628b966_06687c79,1.0,1,160488,150.2
tools,meta,eog,hybrid,3,1,1,task_20251218_103430_472_701c5774_42c99459,0.0,0,128539,147.2
tools,meta,eog,hybrid,3,1,1,task_20251218_173030_490_23fcbcdb_0e698d81,1.0,1,109158,107.1
tools,meta,eog,hybrid,3,1,1,task_20251219_174221_127_64a4ebb9_3a8bb36b,0.8,0,159746,89.5
tools,meta,eog,hybrid,3,1,1,task_20251221_222713_409_64a4ebb9_9915366d,0.6,0,102123,138.3
tools,meta,eog,hybrid,3,1,1,task_20251222_113047_572_64a4ebb9_cd2083a8,0.8,0,122088,122.1
tools,meta,eog,hybrid,3,1,1,task_20251224_104537_197_701c5774_5c104832,0.333333,0,174242,231.4
tools,meta,eog,hybrid,3,1,1,task_20251224_112727_844_701c5774_58c1bbfb,0.0,0,126671,204.1
tools,meta,eog,hybrid,3,1,1,task_20251225_130546_796_4d9df647_7e32b59a,0.0,0,21984,34.7
tools,meta,eog,hybrid,3,1,1,task_20251225_133905_252_060e2c81_7e4fd228,0.875,0,157493,104.7
tools,meta,eog,hybrid,3,1,1,task_20260113_141825_482_911d75d7_ecab6320,1.0,1,212358,209.5
tools,meta,eog,hybrid,3,1,1,task_20260113_152354_165_9a1e131b_fc5e2cac,0.0,0,94961,107.0
tools,meta,eog,hybrid,3,1,1,task_20260114_073013_180_911d75d7_cc244085,0.75,0,87788,64.3
tools,meta,eog,hybrid,3,1,1,task_20260114_172825_147_1628b966_cc356289,1.0,1,61742,111.0
tools,meta,eog,hybrid,3,1,1,task_20260115_111059_508_9a1e131b_a201f065,0.166667,0,148009,139.7
tools,meta,eog,hybrid,3,1,1,task_20260115_121701_840_1628b966_ff394d2f,1.0,1,43828,39.6
tools,meta,eog,hybrid,3,1,1,task_20260115_170553_772_ae7b45e2_daae994c,0.5,0,84870,107.3
tools,meta,eog,hybrid,3,1,1,task_20260116_080150_885_1628b966_5a58d8e3,0.0,0,119567,139.0
tools,meta,eog,hybrid,3,1,1,task_20260116_125421_530_806f1a83_3e703812,0.8,0,176608,153.1
tools,meta,eog,hybrid,3,1,1,task_20260116_131741_243_1628b966_c66e5972,1.0,1,81806,95.7
tools,meta,eog,hybrid,3,1,1,task_20260117_084409_361_4d9df647_9892db8c,0.0,0,299749,221.1
tools,meta,eog,hybrid,3,1,2,task_20251216_223804_332_df2c536d_a1d9c559,0.333333,0,73797,80.8
tools,meta,eog,hybrid,3,1,2,task_20251217_140216_182_701c5774_9fcdf867,1.0,1,80747,79.5
tools,meta,eog,hybrid,3,1,2,task_20251217_160053_417_701c5774_db625115,0.666667,0,101058,169.3
tools,meta,eog,hybrid,3,1,2,task_20251218_102205_211_1628b966_06687c79,0.5,0,101939,107.2
tools,meta,eog,hybrid,3,1,2,task_20251218_103430_472_701c5774_42c99459,0.0,0,190042,385.7
tools,meta,eog,hybrid,3,1,2,task_20251218_173030_490_23fcbcdb_0e698d81,1.0,1,88629,103.0
tools,meta,eog,hybrid,3,1,2,task_20251219_174221_127_64a4ebb9_3a8bb36b,0.8,0,136611,86.8
tools,meta,eog,hybrid,3,1,2,task_20251221_222713_409_64a4ebb9_9915366d,0.6,0,140327,119.1
tools,meta,eog,hybrid,3,1,2,task_20251222_113047_572_64a4ebb9_cd2083a8,0.8,0,159329,131.0
tools,meta,eog,hybrid,3,1,2,task_20251224_104537_197_701c5774_5c104832,0.333333,0,205882,227.6
tools,meta,eog,hybrid,3,1,2,task_20251224_112727_844_701c5774_58c1bbfb,0.0,0,51264,99.5
tools,meta,eog,hybrid,3,1,2,task_20251225_130546_796_4d9df647_7e32b59a,0.0,0,21661,22.6
tools,meta,eog,hybrid,3,1,2,task_20251225_133905_252_060e2c81_7e4fd228,0.875,0,159466,80.6
tools,meta,eog,hybrid,3,1,2,task_20260113_141825_482_911d75d7_ecab6320,0.888889,0,264277,208.1
tools,meta,eog,hybrid,3,1,2,task_20260113_152354_165_9a1e131b_fc5e2cac,0.0,0,110396,126.4
tools,meta,eog,hybrid,3,1,2,task_20260114_073013_180_911d75d7_cc244085,0.75,0,75360,83.3
tools,meta,eog,hybrid,3,1,2,task_20260114_172825_147_1628b966_cc356289,1.0,1,83644,99.5
tools,meta,eog,hybrid,3,1,2,task_20260115_111059_508_9a1e131b_a201f065,0.5,0,130327,143.8
tools,meta,eog,hybrid,3,1,2,task_20260115_121701_840_1628b966_ff394d2f,1.0,1,43158,31.7
tools,meta,eog,hybrid,3,1,2,task_20260115_170553_772_ae7b45e2_daae994c,0.333333,0,62369,91.7
tools,meta,eog,hybrid,3,1,2,task_20260116_080150_885_1628b966_5a58d8e3,0.0,0,81663,83.2
tools,meta,eog,hybrid,3,1,2,task_20260116_125421_530_806f1a83_3e703812,0.8,0,224349,179.0
tools,meta,eog,hybrid,3,1,2,task_20260116_131741_243_1628b966_c66e5972,1.0,1,82281,65.6
tools,meta,eog,hybrid,3,1,2,task_20260117_084409_361_4d9df647_9892db8c,0.0,0,110077,163.0
tools,meta,eog,hybrid,3,1,3,task_20251216_223804_332_df2c536d_a1d9c559,0.666667,0,71156,87.9
tools,meta,eog,hybrid,3,1,3,task_20251217_140216_182_701c5774_9fcdf867,1.0,1,79789,73.4
tools,meta,eog,hybrid,3,1,3,task_20251217_160053_417_701c5774_db625115,0.666667,0,109495,147.2
tools,meta,eog,hybrid,3,1,3,task_20251218_102205_211_1628b966_06687c79,1.0,1,102744,115.3
tools,meta,eog,hybrid,3,1,3,task_20251218_103430_472_701c5774_42c99459,0.0,0,173788,232.7
tools,meta,eog,hybrid,3,1,3,task_20251218_173030_490_23fcbcdb_0e698d81,1.0,1,90431,158.4
tools,meta,eog,hybrid,3,1,3,task_20251219_174221_127_64a4ebb9_3a8bb36b,0.8,0,117151,101.1
tools,meta,eog,hybrid,3,1,3,task_20251221_222713_409_64a4ebb9_9915366d,1.0,1,120903,128.8
tools,meta,eog,hybrid,3,1,3,task_20251222_113047_572_64a4ebb9_cd2083a8,0.8,0,122369,136.4
tools,meta,eog,hybrid,3,1,3,task_20251224_104537_197_701c5774_5c104832,0.333333,0,214899,263.3
tools,meta,eog,hybrid,3,1,3,task_20251224_112727_844_701c5774_58c1bbfb,0.0,0,50161,77.1
tools,meta,eog,hybrid,3,1,3,task_20251225_130546_796_4d9df647_7e32b59a,0.0,0,21873,41.8
tools,meta,eog,hybrid,3,1,3,task_20251225_133905_252_060e2c81_7e4fd228,0.875,0,184553,90.0
tools,meta,eog,hybrid,3,1,3,task_20260113_141825_482_911d75d7_ecab6320,1.0,1,248962,210.8
tools,meta,eog,hybrid,3,1,3,task_20260113_152354_165_9a1e131b_fc5e2cac,0.0,0,82854,127.7
tools,meta,eog,hybrid,3,1,3,task_20260114_073013_180_911d75d7_cc244085,0.75,0,100789,99.5
tools,meta,eog,hybrid,3,1,3,task_20260114_172825_147_1628b966_cc356289,1.0,1,83222,99.3
tools,meta,eog,hybrid,3,1,3,task_20260115_111059_508_9a1e131b_a201f065,0.166667,0,150211,140.7
tools,meta,eog,hybrid,3,1,3,task_20260115_121701_840_1628b966_ff394d2f,1.0,1,82893,55.7
tools,meta,eog,hybrid,3,1,3,task_20260115_170553_772_ae7b45e2_daae994c,0.5,0,83482,96.0
tools,meta,eog,hybrid,3,1,3,task_20260116_080150_885_1628b966_5a58d8e3,0.0,0,82527,103.0
tools,meta,eog,hybrid,3,1,3,task_20260116_125421_530_806f1a83_3e703812,0.6,0,225482,177.3
tools,meta,eog,hybrid,3,1,3,task_20260116_131741_243_1628b966_c66e5972,1.0,1,64657,57.0
tools,meta,eog,hybrid,3,1,3,task_20260117_084409_361_4d9df647_9892db8c,0.0,0,138474,225.9
tools,meta,eog,hybrid,3,2,1,task_20251222_151946_409_060e2c81_253357ab,1.0,1,200597,210.7
tools,meta,eog,hybrid,3,2,1,task_20251225_074839_957_701c5774_eef4d0c4,0.5,0,132299,148.2
tools,meta,eog,hybrid,3,2,1,task_20251226_133324_902_e5bf1251_942c943a,0.5,0,91006,63.9
tools,meta,eog,hybrid,3,2,1,task_20251226_150609_837_4d9df647_84917c0b,0.571429,0,184181,114.3
tools,meta,eog,hybrid,3,2,1,task_20251226_150647_118_13762b97_8da0c6a5,0.625,0,252111,162.1
tools,meta,eog,hybrid,3,2,1,task_20251226_225931_685_bca89e7d_597733d7,0.75,0,92868,69.5
tools,meta,eog,hybrid,3,2,1,task_20260113_114937_574_4d9df647_a8d4341b,0.8,0,143526,230.1
tools,meta,eog,hybrid,3,2,1,task_20260113_120745_735_4d9df647_017a9009,1.0,1,134590,57.1
tools,meta,eog,hybrid,3,2,1,task_20260113_141542_776_911d75d7_78be6b0f,0.0,0,41021,60.6
tools,meta,eog,hybrid,3,2,1,task_20260115_122753_129_1628b966_0c22c9cc,0.666667,0,78356,67.7
tools,meta,eog,hybrid,3,2,1,task_20260119_162417_443_d8f93f2d_2b15bc38,1.0,1,64188,64.3
tools,meta,eog,hybrid,3,2,2,task_20251222_151946_409_060e2c81_253357ab,1.0,1,272118,432.0
tools,meta,eog,hybrid,3,2,2,task_20251225_074839_957_701c5774_eef4d0c4,0.5,0,93432,123.4
tools,meta,eog,hybrid,3,2,2,task_20251226_133324_902_e5bf1251_942c943a,0.5,0,91303,75.5
tools,meta,eog,hybrid,3,2,2,task_20251226_150609_837_4d9df647_84917c0b,0.857143,0,226176,118.3
tools,meta,eog,hybrid,3,2,2,task_20251226_150647_118_13762b97_8da0c6a5,0.625,0,171994,85.0
tools,meta,eog,hybrid,3,2,2,task_20251226_225931_685_bca89e7d_597733d7,1.0,1,93307,69.5
tools,meta,eog,hybrid,3,2,2,task_20260113_114937_574_4d9df647_a8d4341b,0.8,0,142722,203.6
tools,meta,eog,hybrid,3,2,2,task_20260113_120745_735_4d9df647_017a9009,1.0,1,122256,57.3
tools,meta,eog,hybrid,3,2,2,task_20260113_141542_776_911d75d7_78be6b0f,0.0,0,46056,73.7
tools,meta,eog,hybrid,3,2,2,task_20260115_122753_129_1628b966_0c22c9cc,0.666667,0,45915,57.1
tools,meta,eog,hybrid,3,2,2,task_20260119_162417_443_d8f93f2d_2b15bc38,1.0,1,48395,58.6
tools,meta,eog,hybrid,3,2,3,task_20251222_151946_409_060e2c81_253357ab,1.0,1,188702,306.9
tools,meta,eog,hybrid,3,2,3,task_20251225_074839_957_701c5774_eef4d0c4,0.5,0,148204,212.8
tools,meta,eog,hybrid,3,2,3,task_20251226_133324_902_e5bf1251_942c943a,0.5,0,90919,81.9
tools,meta,eog,hybrid,3,2,3,task_20251226_150609_837_4d9df647_84917c0b,0.857143,0,159198,136.7
tools,meta,eog,hybrid,3,2,3,task_20251226_150647_118_13762b97_8da0c6a5,0.75,0,182856,111.3
tools,meta,eog,hybrid,3,2,3,task_20251226_225931_685_bca89e7d_597733d7,0.5,0,114098,125.8
tools,meta,eog,hybrid,3,2,3,task_20260113_114937_574_4d9df647_a8d4341b,0.8,0,194253,344.7
tools,meta,eog,hybrid,3,2,3,task_20260113_120745_735_4d9df647_017a9009,1.0,1,134879,84.1
tools,meta,eog,hybrid,3,2,3,task_20260113_141542_776_911d75d7_78be6b0f,0.0,0,56933,134.0
tools,meta,eog,hybrid,3,2,3,task_20260115_122753_129_1628b966_0c22c9cc,0.666667,0,46442,88.1
tools,meta,eog,hybrid,3,2,3,task_20260119_162417_443_d8f93f2d_2b15bc38,1.0,1,63869,57.6
tools,meta,eog,hybrid,3,3,1,task_20251217_130333_406_df2c536d_96566d89,0.333333,0,113942,122.3
tools,meta,eog,hybrid,3,3,1,task_20251225_071630_879_701c5774_99b636e9,0.5,0,171954,173.3
tools,meta,eog,hybrid,3,3,1,task_20251225_161315_197_13762b97_44595aaa,0.625,0,107985,97.8
tools,meta,eog,hybrid,3,3,1,task_20260112_125407_584_1628b966_f5dd38b6,0.5,0,53143,92.3
tools,meta,eog,hybrid,3,3,1,task_20260114_163605_721_1628b966_187c9544,1.0,1,78212,66.3
tools,meta,eog,hybrid,3,3,1,task_20260114_174605_380_1628b966_b09f4a35,0.75,0,163516,124.5
tools,meta,eog,hybrid,3,3,1,task_20260116_064331_915_d8f93f2d_854d09b8,0.666667,0,157536,115.3
tools,meta,eog,hybrid,3,3,1,task_20260116_095226_245_4d9df647_08f9f5b1,0.25,0,183688,94.4
tools,meta,eog,hybrid,3,3,1,task_20260116_155214_819_baf0b358_0cf4418f,0.25,0,180637,176.2
tools,meta,eog,hybrid,3,3,2,task_20251217_130333_406_df2c536d_96566d89,0.333333,0,107316,207.0
tools,meta,eog,hybrid,3,3,2,task_20251225_071630_879_701c5774_99b636e9,0.5,0,183372,216.6
tools,meta,eog,hybrid,3,3,2,task_20251225_161315_197_13762b97_44595aaa,0.75,0,78275,128.2
tools,meta,eog,hybrid,3,3,2,task_20260112_125407_584_1628b966_f5dd38b6,0.5,0,40259,69.5
tools,meta,eog,hybrid,3,3,2,task_20260114_163605_721_1628b966_187c9544,0.5,0,76071,75.6
tools,meta,eog,hybrid,3,3,2,task_20260114_174605_380_1628b966_b09f4a35,0.75,0,139628,74.4
tools,meta,eog,hybrid,3,3,2,task_20260116_064331_915_d8f93f2d_854d09b8,0.666667,0,214667,186.3
tools,meta,eog,hybrid,3,3,2,task_20260116_095226_245_4d9df647_08f9f5b1,0.75,0,187341,128.1
tools,meta,eog,hybrid,3,3,2,task_20260116_155214_819_baf0b358_0cf4418f,0.25,0,163466,178.6
tools,meta,eog,hybrid,3,3,3,task_20251217_130333_406_df2c536d_96566d89,0.666667,0,73000,129.8
tools,meta,eog,hybrid,3,3,3,task_20251225_071630_879_701c5774_99b636e9,0.25,0,170452,184.4
tools,meta,eog,hybrid,3,3,3,task_20251225_161315_197_13762b97_44595aaa,0.625,0,104378,69.9
tools,meta,eog,hybrid,3,3,3,task_20260112_125407_584_1628b966_f5dd38b6,0.5,0,39327,64.7
tools,meta,eog,hybrid,3,3,3,task_20260114_163605_721_1628b966_187c9544,0.5,0,75950,63.8
tools,meta,eog,hybrid,3,3,3,task_20260114_174605_380_1628b966_b09f4a35,0.875,0,138635,103.6
tools,meta,eog,hybrid,3,3,3,task_20260116_064331_915_d8f93f2d_854d09b8,0.666667,0,98938,134.2
tools,meta,eog,hybrid,3,3,3,task_20260116_095226_245_4d9df647_08f9f5b1,0.5,0,207304,155.3
tools,meta,eog,hybrid,3,3,3,task_20260116_155214_819_baf0b358_0cf4418f,0.25,0,162265,165.9
tools,meta,eog,hybrid,3,4,1,task_20251217_125948_467_6f5b66fc_10d57868,0.666667,0,101667,116.7
tools,meta,eog,hybrid,3,4,1,task_20251218_115158_065_1628b966_72217cb4,0.5,0,113774,189.4
tools,meta,eog,hybrid,3,4,1,task_20251219_115208_288_701c5774_66a236f8,0.75,0,290443,635.6
tools,meta,eog,hybrid,3,4,1,task_20251220_151043_591_0a0bf089_22634f28,0.8,0,171164,138.1
tools,meta,eog,hybrid,3,4,1,task_20251222_124541_619_64a4ebb9_abb23ceb,1.0,1,133550,70.4
tools,meta,eog,hybrid,3,4,1,task_20251223_005949_519_13762b97_e08c84a3,0.375,0,234746,431.3
tools,meta,eog,hybrid,3,4,1,task_20251224_153415_365_0a0bf089_01602883,0.333333,0,32396,65.4
tools,meta,eog,hybrid,3,4,1,task_20251224_215807_175_8ce75c22_1c31b786,0.25,0,392186,290.8
tools,meta,eog,hybrid,3,4,1,task_20251225_140851_135_64a4ebb9_c37d6b1b,1.0,1,117797,114.3
tools,meta,eog,hybrid,3,4,1,task_20251225_152926_506_4d9df647_e4e518ca,0.4,0,239176,351.6
tools,meta,eog,hybrid,3,4,1,task_20260114_133032_536_4d9df647_0635001b,1.0,1,186555,266.4
tools,meta,eog,hybrid,3,4,1,task_20260114_164939_471_4d9df647_2aaff95f,0.8,0,105478,104.7
tools,meta,eog,hybrid,3,4,1,task_20260115_145329_475_23fcbcdb_3a970315,0.75,0,272715,213.2
tools,meta,eog,hybrid,3,4,1,task_20260116_054437_417_59bb807c_d73ca3e4,0.2,0,197144,336.9
tools,meta,eog,hybrid,3,4,1,task_20260116_125857_450_1628b966_25b7eec5,0.0,0,77694,86.8
tools,meta,eog,hybrid,3,4,1,task_20260116_133210_131_806f1a83_4c204063,0.666667,0,125142,210.6
tools,meta,eog,hybrid,3,4,1,task_20260116_174925_124_d8f93f2d_9e20df73,1.0,1,154395,308.4
tools,meta,eog,hybrid,3,4,2,task_20251217_125948_467_6f5b66fc_10d57868,0.666667,0,51559,78.1
tools,meta,eog,hybrid,3,4,2,task_20251218_115158_065_1628b966_72217cb4,0.5,0,66887,114.4
tools,meta,eog,hybrid,3,4,2,task_20251219_115208_288_701c5774_66a236f8,0.5,0,338970,672.1
tools,meta,eog,hybrid,3,4,2,task_20251220_151043_591_0a0bf089_22634f28,0.8,0,194747,149.5
tools,meta,eog,hybrid,3,4,2,task_20251222_124541_619_64a4ebb9_abb23ceb,1.0,1,155906,124.1
tools,meta,eog,hybrid,3,4,2,task_20251223_005949_519_13762b97_e08c84a3,0.375,0,165413,412.5
tools,meta,eog,hybrid,3,4,2,task_20251224_153415_365_0a0bf089_01602883,0.666667,0,68408,108.5
tools,meta,eog,hybrid,3,4,2,task_20251224_215807_175_8ce75c22_1c31b786,0.25,0,366384,332.2
tools,meta,eog,hybrid,3,4,2,task_20251225_140851_135_64a4ebb9_c37d6b1b,1.0,1,153307,120.9
tools,meta,eog,hybrid,3,4,2,task_20251225_152926_506_4d9df647_e4e518ca,0.2,0,289647,444.2
tools,meta,eog,hybrid,3,4,2,task_20260114_133032_536_4d9df647_0635001b,1.0,1,354073,491.8
tools,meta,eog,hybrid,3,4,2,task_20260114_164939_471_4d9df647_2aaff95f,0.8,0,131389,108.3
tools,meta,eog,hybrid,3,4,2,task_20260115_145329_475_23fcbcdb_3a970315,0.75,0,92385,200.2
tools,meta,eog,hybrid,3,4,2,task_20260116_054437_417_59bb807c_d73ca3e4,0.6,0,249144,355.3
tools,meta,eog,hybrid,3,4,2,task_20260116_125857_450_1628b966_25b7eec5,0.0,0,71818,93.9
tools,meta,eog,hybrid,3,4,2,task_20260116_133210_131_806f1a83_4c204063,0.666667,0,83796,217.6
tools,meta,eog,hybrid,3,4,2,task_20260116_174925_124_d8f93f2d_9e20df73,1.0,1,291806,419.9
tools,meta,eog,hybrid,3,4,3,task_20251217_125948_467_6f5b66fc_10d57868,0.666667,0,122139,100.2
tools,meta,eog,hybrid,3,4,3,task_20251218_115158_065_1628b966_72217cb4,0.0,0,67113,112.8
tools,meta,eog,hybrid,3,4,3,task_20251219_115208_288_701c5774_66a236f8,0.5,0,133868,414.9
tools,meta,eog,hybrid,3,4,3,task_20251220_151043_591_0a0bf089_22634f28,0.8,0,192270,107.5
tools,meta,eog,hybrid,3,4,3,task_20251222_124541_619_64a4ebb9_abb23ceb,1.0,1,180784,76.2
tools,meta,eog,hybrid,3,4,3,task_20251223_005949_519_13762b97_e08c84a3,0.375,0,185308,390.1
tools,meta,eog,hybrid,3,4,3,task_20251224_153415_365_0a0bf089_01602883,0.666667,0,103146,167.5
tools,meta,eog,hybrid,3,4,3,task_20251224_215807_175_8ce75c22_1c31b786,0.25,0,369526,330.7
tools,meta,eog,hybrid,3,4,3,task_20251225_140851_135_64a4ebb9_c37d6b1b,1.0,1,135730,90.7
tools,meta,eog,hybrid,3,4,3,task_20251225_152926_506_4d9df647_e4e518ca,0.4,0,318543,468.9
tools,meta,eog,hybrid,3,4,3,task_20260114_133032_536_4d9df647_0635001b,1.0,1,281401,299.6
tools,meta,eog,hybrid,3,4,3,task_20260114_164939_471_4d9df647_2aaff95f,0.8,0,187399,171.6
tools,meta,eog,hybrid,3,4,3,task_20260115_145329_475_23fcbcdb_3a970315,0.75,0,238195,301.2
tools,meta,eog,hybrid,3,4,3,task_20260116_054437_417_59bb807c_d73ca3e4,0.2,0,210056,297.3
tools,meta,eog,hybrid,3,4,3,task_20260116_125857_450_1628b966_25b7eec5,0.0,0,77292,68.9
tools,meta,eog,hybrid,3,4,3,task_20260116_133210_131_806f1a83_4c204063,0.666667,0,103046,181.7
tools,meta,eog,hybrid,3,4,3,task_20260116_174925_124_d8f93f2d_9e20df73,1.0,1,224376,357.2
tools,meta,eog,hybrid,4,1,1,task_20251216_223804_332_df2c536d_a1d9c559,0.333333,0,116983,129.8
tools,meta,eog,hybrid,4,1,1,task_20251217_140216_182_701c5774_9fcdf867,1.0,1,87220,114.2
tools,meta,eog,hybrid,4,1,1,task_20251217_160053_417_701c5774_db625115,0.666667,0,546215,447.9
tools,meta,eog,hybrid,4,1,1,task_20251218_102205_211_1628b966_06687c79,0.5,0,320881,213.6
tools,meta,eog,hybrid,4,1,1,task_20251218_103430_472_701c5774_42c99459,0.0,0,125032,209.3
tools,meta,eog,hybrid,4,1,1,task_20251218_173030_490_23fcbcdb_0e698d81,1.0,1,79750,149.2
tools,meta,eog,hybrid,4,1,1,task_20251219_174221_127_64a4ebb9_3a8bb36b,0.8,0,177622,103.0
tools,meta,eog,hybrid,4,1,1,task_20251221_222713_409_64a4ebb9_9915366d,1.0,1,138066,157.2
tools,meta,eog,hybrid,4,1,1,task_20251222_113047_572_64a4ebb9_cd2083a8,0.8,0,204385,99.0
tools,meta,eog,hybrid,4,1,1,task_20251224_104537_197_701c5774_5c104832,0.333333,0,236030,319.8
tools,meta,eog,hybrid,4,1,1,task_20251224_112727_844_701c5774_58c1bbfb,0.0,0,140843,248.6
tools,meta,eog,hybrid,4,1,1,task_20251225_130546_796_4d9df647_7e32b59a,0.0,0,106872,118.7
tools,meta,eog,hybrid,4,1,1,task_20251225_133905_252_060e2c81_7e4fd228,0.875,0,212958,92.7
tools,meta,eog,hybrid,4,1,1,task_20260113_141825_482_911d75d7_ecab6320,1.0,1,229137,163.6
tools,meta,eog,hybrid,4,1,1,task_20260113_152354_165_9a1e131b_fc5e2cac,0.0,0,115643,124.5
tools,meta,eog,hybrid,4,1,1,task_20260114_073013_180_911d75d7_cc244085,0.75,0,95535,96.5
tools,meta,eog,hybrid,4,1,1,task_20260114_172825_147_1628b966_cc356289,1.0,1,69320,105.0
tools,meta,eog,hybrid,4,1,1,task_20260115_111059_508_9a1e131b_a201f065,0.5,0,104770,199.4
tools,meta,eog,hybrid,4,1,1,task_20260115_121701_840_1628b966_ff394d2f,1.0,1,62793,50.5
tools,meta,eog,hybrid,4,1,1,task_20260115_170553_772_ae7b45e2_daae994c,0.333333,0,95631,94.6
tools,meta,eog,hybrid,4,1,1,task_20260116_080150_885_1628b966_5a58d8e3,0.0,0,71833,81.9
tools,meta,eog,hybrid,4,1,1,task_20260116_125421_530_806f1a83_3e703812,1.0,1,250977,184.9
tools,meta,eog,hybrid,4,1,1,task_20260116_131741_243_1628b966_c66e5972,1.0,1,110104,129.0
tools,meta,eog,hybrid,4,1,1,task_20260117_084409_361_4d9df647_9892db8c,0.0,0,163151,208.7
tools,meta,eog,hybrid,4,1,2,task_20251216_223804_332_df2c536d_a1d9c559,0.666667,0,98263,124.9
tools,meta,eog,hybrid,4,1,2,task_20251217_140216_182_701c5774_9fcdf867,0.666667,0,72358,68.5
tools,meta,eog,hybrid,4,1,2,task_20251217_160053_417_701c5774_db625115,0.333333,0,149717,374.8
tools,meta,eog,hybrid,4,1,2,task_20251218_102205_211_1628b966_06687c79,0.5,0,268315,306.8
tools,meta,eog,hybrid,4,1,2,task_20251218_103430_472_701c5774_42c99459,0.0,0,158522,250.5
tools,meta,eog,hybrid,4,1,2,task_20251218_173030_490_23fcbcdb_0e698d81,1.0,1,96055,116.3
tools,meta,eog,hybrid,4,1,2,task_20251219_174221_127_64a4ebb9_3a8bb36b,0.8,0,182212,85.0
tools,meta,eog,hybrid,4,1,2,task_20251221_222713_409_64a4ebb9_9915366d,1.0,1,205049,164.8
tools,meta,eog,hybrid,4,1,2,task_20251222_113047_572_64a4ebb9_cd2083a8,0.8,0,204638,67.4
tools,meta,eog,hybrid,4,1,2,task_20251224_104537_197_701c5774_5c104832,0.333333,0,173972,258.5
tools,meta,eog,hybrid,4,1,2,task_20251224_112727_844_701c5774_58c1bbfb,0.0,0,140948,292.9
tools,meta,eog,hybrid,4,1,2,task_20251225_130546_796_4d9df647_7e32b59a,0.0,0,26448,37.1
tools,meta,eog,hybrid,4,1,2,task_20251225_133905_252_060e2c81_7e4fd228,0.875,0,192868,76.7
tools,meta,eog,hybrid,4,1,2,task_20260113_141825_482_911d75d7_ecab6320,1.0,1,189107,181.2
tools,meta,eog,hybrid,4,1,2,task_20260113_152354_165_9a1e131b_fc5e2cac,0.0,0,99308,113.1
tools,meta,eog,hybrid,4,1,2,task_20260114_073013_180_911d75d7_cc244085,0.75,0,94112,99.9
tools,meta,eog,hybrid,4,1,2,task_20260114_172825_147_1628b966_cc356289,1.0,1,93386,97.0
tools,meta,eog,hybrid,4,1,2,task_20260115_111059_508_9a1e131b_a201f065,0.166667,0,148282,125.2
tools,meta,eog,hybrid,4,1,2,task_20260115_121701_840_1628b966_ff394d2f,1.0,1,47159,34.9
tools,meta,eog,hybrid,4,1,2,task_20260115_170553_772_ae7b45e2_daae994c,0.333333,0,92924,67.4
tools,meta,eog,hybrid,4,1,2,task_20260116_080150_885_1628b966_5a58d8e3,0.0,0,93799,153.8
tools,meta,eog,hybrid,4,1,2,task_20260116_125421_530_806f1a83_3e703812,1.0,1,175621,122.2
tools,meta,eog,hybrid,4,1,2,task_20260116_131741_243_1628b966_c66e5972,1.0,1,56394,66.6
tools,meta,eog,hybrid,4,1,2,task_20260117_084409_361_4d9df647_9892db8c,0.0,0,184735,223.5
tools,meta,eog,hybrid,4,1,3,task_20251216_223804_332_df2c536d_a1d9c559,0.666667,0,86696,88.3
tools,meta,eog,hybrid,4,1,3,task_20251217_140216_182_701c5774_9fcdf867,1.0,1,85232,67.3
tools,meta,eog,hybrid,4,1,3,task_20251217_160053_417_701c5774_db625115,0.666667,0,520734,436.3
tools,meta,eog,hybrid,4,1,3,task_20251218_102205_211_1628b966_06687c79,0.5,0,177621,141.0
tools,meta,eog,hybrid,4,1,3,task_20251218_103430_472_701c5774_42c99459,0.0,0,157407,254.5
tools,meta,eog,hybrid,4,1,3,task_20251218_173030_490_23fcbcdb_0e698d81,1.0,1,79286,95.6
tools,meta,eog,hybrid,4,1,3,task_20251219_174221_127_64a4ebb9_3a8bb36b,0.8,0,161142,98.4
tools,meta,eog,hybrid,4,1,3,task_20251221_222713_409_64a4ebb9_9915366d,0.6,0,136702,130.1
tools,meta,eog,hybrid,4,1,3,task_20251222_113047_572_64a4ebb9_cd2083a8,0.8,0,181050,99.8
tools,meta,eog,hybrid,4,1,3,task_20251224_104537_197_701c5774_5c104832,0.333333,0,193798,284.4
tools,meta,eog,hybrid,4,1,3,task_20251224_112727_844_701c5774_58c1bbfb,0.0,0,56927,127.9
tools,meta,eog,hybrid,4,1,3,task_20251225_130546_796_4d9df647_7e32b59a,0.0,0,26133,44.8
tools,meta,eog,hybrid,4,1,3,task_20251225_133905_252_060e2c81_7e4fd228,0.875,0,212194,127.8
tools,meta,eog,hybrid,4,1,3,task_20260113_141825_482_911d75d7_ecab6320,1.0,1,215001,134.1
tools,meta,eog,hybrid,4,1,3,task_20260113_152354_165_9a1e131b_fc5e2cac,0.0,0,117360,101.2
tools,meta,eog,hybrid,4,1,3,task_20260114_073013_180_911d75d7_cc244085,0.75,0,82335,117.0
tools,meta,eog,hybrid,4,1,3,task_20260114_172825_147_1628b966_cc356289,1.0,1,93206,102.5
tools,meta,eog,hybrid,4,1,3,task_20260115_111059_508_9a1e131b_a201f065,0.5,0,148656,137.3
tools,meta,eog,hybrid,4,1,3,task_20260115_121701_840_1628b966_ff394d2f,1.0,1,46703,38.0
tools,meta,eog,hybrid,4,1,3,task_20260115_170553_772_ae7b45e2_daae994c,0.5,0,120402,110.8
tools,meta,eog,hybrid,4,1,3,task_20260116_080150_885_1628b966_5a58d8e3,0.0,0,110886,148.2
tools,meta,eog,hybrid,4,1,3,task_20260116_125421_530_806f1a83_3e703812,1.0,1,196819,136.4
tools,meta,eog,hybrid,4,1,3,task_20260116_131741_243_1628b966_c66e5972,1.0,1,55532,88.0
tools,meta,eog,hybrid,4,1,3,task_20260117_084409_361_4d9df647_9892db8c,0.0,0,296888,271.3
tools,meta,eog,hybrid,4,2,1,task_20251222_151946_409_060e2c81_253357ab,0.777778,0,218568,248.8
tools,meta,eog,hybrid,4,2,1,task_20251225_074839_957_701c5774_eef4d0c4,1.0,1,80060,74.6
tools,meta,eog,hybrid,4,2,1,task_20251226_133324_902_e5bf1251_942c943a,0.5,0,101321,72.0
tools,meta,eog,hybrid,4,2,1,task_20251226_150609_837_4d9df647_84917c0b,0.857143,0,242063,157.8
tools,meta,eog,hybrid,4,2,1,task_20251226_150647_118_13762b97_8da0c6a5,0.625,0,225196,128.3
tools,meta,eog,hybrid,4,2,1,task_20251226_225931_685_bca89e7d_597733d7,1.0,1,111960,83.7
tools,meta,eog,hybrid,4,2,1,task_20260113_114937_574_4d9df647_a8d4341b,0.6,0,189527,215.6
tools,meta,eog,hybrid,4,2,1,task_20260113_120745_735_4d9df647_017a9009,1.0,1,137260,82.6
tools,meta,eog,hybrid,4,2,1,task_20260113_141542_776_911d75d7_78be6b0f,0.0,0,102198,112.1
tools,meta,eog,hybrid,4,2,1,task_20260115_122753_129_1628b966_0c22c9cc,0.666667,0,48113,43.8
tools,meta,eog,hybrid,4,2,1,task_20260119_162417_443_d8f93f2d_2b15bc38,1.0,1,54940,56.6
tools,meta,eog,hybrid,4,2,2,task_20251222_151946_409_060e2c81_253357ab,0.666667,0,213823,330.6
tools,meta,eog,hybrid,4,2,2,task_20251225_074839_957_701c5774_eef4d0c4,0.5,0,145921,201.0
tools,meta,eog,hybrid,4,2,2,task_20251226_133324_902_e5bf1251_942c943a,1.0,1,122567,82.8
tools,meta,eog,hybrid,4,2,2,task_20251226_150609_837_4d9df647_84917c0b,0.857143,0,137154,127.3
tools,meta,eog,hybrid,4,2,2,task_20251226_150647_118_13762b97_8da0c6a5,0.625,0,231047,172.7
tools,meta,eog,hybrid,4,2,2,task_20251226_225931_685_bca89e7d_597733d7,1.0,1,160413,131.2
tools,meta,eog,hybrid,4,2,2,task_20260113_114937_574_4d9df647_a8d4341b,0.6,0,148213,227.9
tools,meta,eog,hybrid,4,2,2,task_20260113_120745_735_4d9df647_017a9009,1.0,1,83492,89.8
tools,meta,eog,hybrid,4,2,2,task_20260113_141542_776_911d75d7_78be6b0f,0.0,0,87098,118.6
tools,meta,eog,hybrid,4,2,2,task_20260115_122753_129_1628b966_0c22c9cc,0.666667,0,48287,111.9
tools,meta,eog,hybrid,4,2,2,task_20260119_162417_443_d8f93f2d_2b15bc38,1.0,1,54822,65.2
tools,meta,eog,hybrid,4,2,3,task_20251222_151946_409_060e2c81_253357ab,1.0,1,239204,365.0
tools,meta,eog,hybrid,4,2,3,task_20251225_074839_957_701c5774_eef4d0c4,0.5,0,102984,136.6
tools,meta,eog,hybrid,4,2,3,task_20251226_133324_902_e5bf1251_942c943a,0.5,0,102054,105.1
tools,meta,eog,hybrid,4,2,3,task_20251226_150609_837_4d9df647_84917c0b,0.857143,0,190661,111.6
tools,meta,eog,hybrid,4,2,3,task_20251226_150647_118_13762b97_8da0c6a5,0.75,0,185011,99.2
tools,meta,eog,hybrid,4,2,3,task_20251226_225931_685_bca89e7d_597733d7,0.75,0,114156,91.2
tools,meta,eog,hybrid,4,2,3,task_20260113_114937_574_4d9df647_a8d4341b,0.6,0,171523,257.8
tools,meta,eog,hybrid,4,2,3,task_20260113_120745_735_4d9df647_017a9009,1.0,1,161631,79.9
tools,meta,eog,hybrid,4,2,3,task_20260113_141542_776_911d75d7_78be6b0f,0.0,0,52108,107.5
tools,meta,eog,hybrid,4,2,3,task_20260115_122753_129_1628b966_0c22c9cc,0.666667,0,48883,46.4
tools,meta,eog,hybrid,4,2,3,task_20260119_162417_443_d8f93f2d_2b15bc38,1.0,1,72464,82.1
tools,meta,eog,hybrid,4,3,1,task_20251217_130333_406_df2c536d_96566d89,0.666667,0,106874,127.1
tools,meta,eog,hybrid,4,3,1,task_20251225_071630_879_701c5774_99b636e9,0.25,0,243112,351.9
tools,meta,eog,hybrid,4,3,1,task_20251225_161315_197_13762b97_44595aaa,0.875,0,105422,86.4
tools,meta,eog,hybrid,4,3,1,task_20260112_125407_584_1628b966_f5dd38b6,0.5,0,64453,72.0
tools,meta,eog,hybrid,4,3,1,task_20260114_163605_721_1628b966_187c9544,1.0,1,111799,95.3
tools,meta,eog,hybrid,4,3,1,task_20260114_174605_380_1628b966_b09f4a35,1.0,1,161023,101.4
tools,meta,eog,hybrid,4,3,1,task_20260116_064331_915_d8f93f2d_854d09b8,0.666667,0,175406,124.3
tools,meta,eog,hybrid,4,3,1,task_20260116_095226_245_4d9df647_08f9f5b1,0.5,0,141620,120.9
tools,meta,eog,hybrid,4,3,1,task_20260116_155214_819_baf0b358_0cf4418f,0.25,0,190051,173.5
tools,meta,eog,hybrid,4,3,2,task_20251217_130333_406_df2c536d_96566d89,0.666667,0,145451,156.4
tools,meta,eog,hybrid,4,3,2,task_20251225_071630_879_701c5774_99b636e9,0.5,0,217664,330.4
tools,meta,eog,hybrid,4,3,2,task_20251225_161315_197_13762b97_44595aaa,0.875,0,116154,78.8
tools,meta,eog,hybrid,4,3,2,task_20260112_125407_584_1628b966_f5dd38b6,0.5,0,48601,55.8
tools,meta,eog,hybrid,4,3,2,task_20260114_163605_721_1628b966_187c9544,1.0,1,85182,58.7
tools,meta,eog,hybrid,4,3,2,task_20260114_174605_380_1628b966_b09f4a35,0.875,0,159311,116.3
tools,meta,eog,hybrid,4,3,2,task_20260116_064331_915_d8f93f2d_854d09b8,0.666667,0,247557,180.2
tools,meta,eog,hybrid,4,3,2,task_20260116_095226_245_4d9df647_08f9f5b1,0.5,0,138789,153.7
tools,meta,eog,hybrid,4,3,2,task_20260116_155214_819_baf0b358_0cf4418f,0.25,0,244797,200.5
tools,meta,eog,hybrid,4,3,3,task_20251217_130333_406_df2c536d_96566d89,0.333333,0,269131,110.7
tools,meta,eog,hybrid,4,3,3,task_20251225_071630_879_701c5774_99b636e9,0.25,0,173679,245.4
tools,meta,eog,hybrid,4,3,3,task_20251225_161315_197_13762b97_44595aaa,0.75,0,85550,74.7
tools,meta,eog,hybrid,4,3,3,task_20260112_125407_584_1628b966_f5dd38b6,0.5,0,65562,97.7
tools,meta,eog,hybrid,4,3,3,task_20260114_163605_721_1628b966_187c9544,0.5,0,64825,60.6
tools,meta,eog,hybrid,4,3,3,task_20260114_174605_380_1628b966_b09f4a35,0.75,0,157997,102.6
tools,meta,eog,hybrid,4,3,3,task_20260116_064331_915_d8f93f2d_854d09b8,0.666667,0,227370,145.7
tools,meta,eog,hybrid,4,3,3,task_20260116_095226_245_4d9df647_08f9f5b1,0.5,0,192695,184.7
tools,meta,eog,hybrid,4,3,3,task_20260116_155214_819_baf0b358_0cf4418f,0.25,0,303467,388.1
tools,meta,eog,hybrid,4,4,1,task_20251217_125948_467_6f5b66fc_10d57868,0.666667,0,102584,77.3
tools,meta,eog,hybrid,4,4,1,task_20251218_115158_065_1628b966_72217cb4,1.0,1,90198,113.1
tools,meta,eog,hybrid,4,4,1,task_20251219_115208_288_701c5774_66a236f8,0.25,0,155585,379.4
tools,meta,eog,hybrid,4,4,1,task_20251220_151043_591_0a0bf089_22634f28,0.8,0,192142,72.2
tools,meta,eog,hybrid,4,4,1,task_20251222_124541_619_64a4ebb9_abb23ceb,1.0,1,161234,76.0
tools,meta,eog,hybrid,4,4,1,task_20251223_005949_519_13762b97_e08c84a3,0.375,0,173606,250.1
tools,meta,eog,hybrid,4,4,1,task_20251224_153415_365_0a0bf089_01602883,0.333333,0,32496,44.6
tools,meta,eog,hybrid,4,4,1,task_20251224_215807_175_8ce75c22_1c31b786,0.25,0,269552,248.2
tools,meta,eog,hybrid,4,4,1,task_20251225_140851_135_64a4ebb9_c37d6b1b,1.0,1,154833,84.5
tools,meta,eog,hybrid,4,4,1,task_20251225_152926_506_4d9df647_e4e518ca,0.2,0,109727,163.2
tools,meta,eog,hybrid,4,4,1,task_20260114_133032_536_4d9df647_0635001b,1.0,1,212828,292.0
tools,meta,eog,hybrid,4,4,1,task_20260114_164939_471_4d9df647_2aaff95f,0.8,0,106507,116.2
tools,meta,eog,hybrid,4,4,1,task_20260115_145329_475_23fcbcdb_3a970315,0.75,0,219410,200.2
tools,meta,eog,hybrid,4,4,1,task_20260116_054437_417_59bb807c_d73ca3e4,0.6,0,277324,217.6
tools,meta,eog,hybrid,4,4,1,task_20260116_125857_450_1628b966_25b7eec5,0.0,0,77204,55.0
tools,meta,eog,hybrid,4,4,1,task_20260116_133210_131_806f1a83_4c204063,0.666667,0,103460,132.9
tools,meta,eog,hybrid,4,4,1,task_20260116_174925_124_d8f93f2d_9e20df73,1.0,1,227051,324.0
tools,meta,eog,hybrid,4,4,2,task_20251217_125948_467_6f5b66fc_10d57868,0.666667,0,85422,85.0
tools,meta,eog,hybrid,4,4,2,task_20251218_115158_065_1628b966_72217cb4,0.5,0,90108,137.7
tools,meta,eog,hybrid,4,4,2,task_20251219_115208_288_701c5774_66a236f8,0.5,0,369535,701.8
tools,meta,eog,hybrid,4,4,2,task_20251220_151043_591_0a0bf089_22634f28,0.8,0,170941,120.4
tools,meta,eog,hybrid,4,4,2,task_20251222_124541_619_64a4ebb9_abb23ceb,1.0,1,137805,83.7
tools,meta,eog,hybrid,4,4,2,task_20251223_005949_519_13762b97_e08c84a3,0.0,0,97355,338.4
tools,meta,eog,hybrid,4,4,2,task_20251224_153415_365_0a0bf089_01602883,0.333333,0,32900,69.1
tools,meta,eog,hybrid,4,4,2,task_20251224_215807_175_8ce75c22_1c31b786,0.25,0,338716,270.1
tools,meta,eog,hybrid,4,4,2,task_20251225_140851_135_64a4ebb9_c37d6b1b,1.0,1,153328,72.6
tools,meta,eog,hybrid,4,4,2,task_20251225_152926_506_4d9df647_e4e518ca,0.6,0,317926,456.2
tools,meta,eog,hybrid,4,4,2,task_20260114_133032_536_4d9df647_0635001b,1.0,1,171528,282.1
tools,meta,eog,hybrid,4,4,2,task_20260114_164939_471_4d9df647_2aaff95f,0.8,0,161449,166.6
tools,meta,eog,hybrid,4,4,2,task_20260115_145329_475_23fcbcdb_3a970315,0.75,0,259977,241.0
tools,meta,eog,hybrid,4,4,2,task_20260116_054437_417_59bb807c_d73ca3e4,0.6,0,205045,396.3
tools,meta,eog,hybrid,4,4,2,task_20260116_125857_450_1628b966_25b7eec5,0.0,0,71948,55.2
tools,meta,eog,hybrid,4,4,2,task_20260116_133210_131_806f1a83_4c204063,1.0,1,182973,270.7
tools,meta,eog,hybrid,4,4,2,task_20260116_174925_124_d8f93f2d_9e20df73,1.0,1,131096,242.5
tools,meta,eog,hybrid,4,4,3,task_20251217_125948_467_6f5b66fc_10d57868,0.666667,0,119630,135.0
tools,meta,eog,hybrid,4,4,3,task_20251218_115158_065_1628b966_72217cb4,1.0,1,113259,140.6
tools,meta,eog,hybrid,4,4,3,task_20251219_115208_288_701c5774_66a236f8,0.5,0,210021,559.4
tools,meta,eog,hybrid,4,4,3,task_20251220_151043_591_0a0bf089_22634f28,0.8,0,192759,96.1
tools,meta,eog,hybrid,4,4,3,task_20251222_124541_619_64a4ebb9_abb23ceb,1.0,1,155931,78.8
tools,meta,eog,hybrid,4,4,3,task_20251223_005949_519_13762b97_e08c84a3,0.375,0,217206,347.3
tools,meta,eog,hybrid,4,4,3,task_20251224_153415_365_0a0bf089_01602883,0.333333,0,33041,69.6
tools,meta,eog,hybrid,4,4,3,task_20251224_215807_175_8ce75c22_1c31b786,0.25,0,140247,226.8
tools,meta,eog,hybrid,4,4,3,task_20251225_140851_135_64a4ebb9_c37d6b1b,1.0,1,99023,121.6
tools,meta,eog,hybrid,4,4,3,task_20251225_152926_506_4d9df647_e4e518ca,0.2,0,446622,681.3
tools,meta,eog,hybrid,4,4,3,task_20260114_133032_536_4d9df647_0635001b,1.0,1,192343,276.6
tools,meta,eog,hybrid,4,4,3,task_20260114_164939_471_4d9df647_2aaff95f,0.8,0,192827,170.2
tools,meta,eog,hybrid,4,4,3,task_20260115_145329_475_23fcbcdb_3a970315,0.75,0,222412,281.2
tools,meta,eog,hybrid,4,4,3,task_20260116_054437_417_59bb807c_d73ca3e4,0.6,0,180226,253.2
tools,meta,eog,hybrid,4,4,3,task_20260116_125857_450_1628b966_25b7eec5,0.0,0,115538,50.2
tools,meta,eog,hybrid,4,4,3,task_20260116_133210_131_806f1a83_4c204063,0.666667,0,121255,248.3
tools,meta,eog,hybrid,4,4,3,task_20260116_174925_124_d8f93f2d_9e20df73,1.0,1,211474,253.6
tools,meta,eog,itsm,1,1,1,task_20251210_205620_593_391f1eff_ad65c160,0.5,0,109794,151.6
tools,meta,eog,itsm,1,1,1,task_20251212_172511_458_e6427839_47076c15,0.5,0,61884,34.2
tools,meta,eog,itsm,1,1,1,task_20251212_184405_886_e6427839_6413728a,0.333333,0,124670,112.8
tools,meta,eog,itsm,1,1,1,task_20251212_191411_655_391f1eff_2fef896f,1.0,1,198035,167.2
tools,meta,eog,itsm,1,1,1,task_20251216_131651_690_764e5ead_f8619b02,1.0,1,168907,111.3
tools,meta,eog,itsm,1,1,1,task_20251217_153037_688_97d7df7d_be0bd794,1.0,1,151452,106.9
tools,meta,eog,itsm,1,1,1,task_20251217_205244_161_764e5ead_20429ef8,0.875,0,150170,87.3
tools,meta,eog,itsm,1,1,1,task_20251218_061956_641_109c89c0_423ed8ee,0.142857,0,528828,445.6
tools,meta,eog,itsm,1,1,1,task_20251218_082708_201_99ba2325_51726f9c,1.0,1,127872,132.0
tools,meta,eog,itsm,1,1,1,task_20251218_093719_611_764e5ead_5817d09a,1.0,1,259553,184.9
tools,meta,eog,itsm,1,1,1,task_20251218_104259_233_66392a82_74b17170,1.0,1,143886,71.4
tools,meta,eog,itsm,1,1,1,task_20251218_121722_423_1d219d93_8218da6c,0.666667,0,199081,207.7
tools,meta,eog,itsm,1,1,1,task_20251218_124419_383_66392a82_52c8290e,1.0,1,108177,129.8
tools,meta,eog,itsm,1,1,1,task_20251218_155314_617_c5ca08eb_3ce3c52f,1.0,1,131004,210.3
tools,meta,eog,itsm,1,1,1,task_20251218_183102_136_391f1eff_ac9a6986,1.0,1,104703,107.4
tools,meta,eog,itsm,1,1,1,task_20251218_220134_063_391f1eff_30369342,1.0,1,107448,119.8
tools,meta,eog,itsm,1,1,1,task_20251218_234602_633_391f1eff_09a746e7,0.5,0,105871,93.7
tools,meta,eog,itsm,1,1,1,task_20251219_091707_306_ad5a67e3_a76dbe57,0.0,0,85437,114.9
tools,meta,eog,itsm,1,1,1,task_20251219_111447_756_66392a82_1c69521d,1.0,1,131401,79.9
tools,meta,eog,itsm,1,1,1,task_20251219_115925_475_1d219d93_53d34d23,0.6,0,256335,178.7
tools,meta,eog,itsm,1,1,1,task_20251219_144431_663_97d7df7d_a52988e5,0.0,0,174635,189.7
tools,meta,eog,itsm,1,1,1,task_20251221_233237_652_66392a82_c1a599bb,0.0,0,21905,48.3
tools,meta,eog,itsm,1,1,1,task_20251222_072805_599_99ba2325_ae6b0778,1.0,1,188475,199.5
tools,meta,eog,itsm,1,1,1,task_20251222_105710_498_391f1eff_8b25dbef,1.0,1,129316,143.4
tools,meta,eog,itsm,1,1,1,task_20251222_133355_087_30600918_e9215c57,0.25,0,212401,173.4
tools,meta,eog,itsm,1,1,1,task_20251222_140957_029_c5ca08eb_3c4271f0,0.666667,0,149234,96.3
tools,meta,eog,itsm,1,1,1,task_20251222_190928_391_391f1eff_8cb006f5,0.25,0,150595,164.1
tools,meta,eog,itsm,1,1,1,task_20251222_195853_743_0be70e35_0916fba8,0.5,0,135014,144.7
tools,meta,eog,itsm,1,1,1,task_20251223_064316_340_01395ded_9c6f3e01,0.5,0,192851,311.2
tools,meta,eog,itsm,1,1,1,task_20251223_101136_983_1d219d93_d1ba6c2d,0.5,0,218032,242.6
tools,meta,eog,itsm,1,1,1,task_20251223_132605_091_764e5ead_dd00cc8f,0.6,0,326705,325.1
tools,meta,eog,itsm,1,1,1,task_20251223_151555_341_764e5ead_9648644d,0.285714,0,313206,265.0
tools,meta,eog,itsm,1,1,1,task_20260112_183416_157_a8eea1c0_0d6acfd0,0.2,0,87631,108.8
tools,meta,eog,itsm,1,1,1,task_20260113_031046_703_99ba2325_54f35603,1.0,1,189197,145.4
tools,meta,eog,itsm,1,1,1,task_20260113_182216_716_a8eea1c0_7a0619e9,0.666667,0,151932,161.3
tools,meta,eog,itsm,1,1,1,task_20260113_182602_664_46ca2862_b6ef60ca,1.0,1,106724,118.6
tools,meta,eog,itsm,1,1,1,task_20260113_212050_548_a8eea1c0_73a73ce7,1.0,1,140484,174.3
tools,meta,eog,itsm,1,1,1,task_20260114_094327_107_46ca2862_796e7685,1.0,1,130074,158.3
tools,meta,eog,itsm,1,1,1,task_20260114_174427_042_99ba2325_7915481a,0.0,0,45073,88.1
tools,meta,eog,itsm,1,1,1,task_20260114_180601_485_99ba2325_2dc8b3ce,1.0,1,135888,108.2
tools,meta,eog,itsm,1,1,1,task_20260114_181932_082_99ba2325_92ddef90,0.6,0,194285,152.5
tools,meta,eog,itsm,1,1,1,task_20260115_143541_964_fa1836dc_dc6652fd,0.0,0,22717,85.2
tools,meta,eog,itsm,1,1,1,task_20260115_152733_296_46ca2862_55f848d3,0.6,0,193214,198.7
tools,meta,eog,itsm,1,1,1,task_20260115_172636_260_fa1836dc_7a703e50,0.5,0,125778,72.1
tools,meta,eog,itsm,1,1,1,task_20260116_081645_096_66392a82_fd509f97,0.6,0,232853,324.6
tools,meta,eog,itsm,1,1,1,task_20260116_101840_488_e6427839_81df8ba3,0.75,0,167784,137.7
tools,meta,eog,itsm,1,1,1,task_20260116_124300_245_1d219d93_76cd5b4d,1.0,1,131584,203.9
tools,meta,eog,itsm,1,1,1,task_20260116_224538_330_66392a82_10d0806e,0.8,0,349520,266.5
tools,meta,eog,itsm,1,1,2,task_20251210_205620_593_391f1eff_ad65c160,0.5,0,221938,254.7
tools,meta,eog,itsm,1,1,2,task_20251212_172511_458_e6427839_47076c15,0.5,0,62387,60.8
tools,meta,eog,itsm,1,1,2,task_20251212_184405_886_e6427839_6413728a,0.333333,0,124614,73.9
tools,meta,eog,itsm,1,1,2,task_20251212_191411_655_391f1eff_2fef896f,0.666667,0,150928,126.7
tools,meta,eog,itsm,1,1,2,task_20251216_131651_690_764e5ead_f8619b02,0.666667,0,170717,119.0
tools,meta,eog,itsm,1,1,2,task_20251217_153037_688_97d7df7d_be0bd794,1.0,1,171699,113.7
tools,meta,eog,itsm,1,1,2,task_20251217_205244_161_764e5ead_20429ef8,0.75,0,178697,142.0
tools,meta,eog,itsm,1,1,2,task_20251218_061956_641_109c89c0_423ed8ee,0.285714,0,331260,266.6
tools,meta,eog,itsm,1,1,2,task_20251218_082708_201_99ba2325_51726f9c,1.0,1,155375,185.5
tools,meta,eog,itsm,1,1,2,task_20251218_093719_611_764e5ead_5817d09a,1.0,1,168874,141.3
tools,meta,eog,itsm,1,1,2,task_20251218_104259_233_66392a82_74b17170,1.0,1,148356,68.3
tools,meta,eog,itsm,1,1,2,task_20251218_121722_423_1d219d93_8218da6c,0.666667,0,238453,213.4
tools,meta,eog,itsm,1,1,2,task_20251218_124419_383_66392a82_52c8290e,1.0,1,107068,143.0
tools,meta,eog,itsm,1,1,2,task_20251218_155314_617_c5ca08eb_3ce3c52f,0.0,0,84382,92.5
tools,meta,eog,itsm,1,1,2,task_20251218_183102_136_391f1eff_ac9a6986,0.5,0,106362,98.0
tools,meta,eog,itsm,1,1,2,task_20251218_220134_063_391f1eff_30369342,1.0,1,152487,128.8
tools,meta,eog,itsm,1,1,2,task_20251218_234602_633_391f1eff_09a746e7,0.5,0,127006,115.4
tools,meta,eog,itsm,1,1,2,task_20251219_091707_306_ad5a67e3_a76dbe57,0.0,0,104673,110.1
tools,meta,eog,itsm,1,1,2,task_20251219_111447_756_66392a82_1c69521d,1.0,1,152289,115.1
tools,meta,eog,itsm,1,1,2,task_20251219_115925_475_1d219d93_53d34d23,0.6,0,240077,216.9
tools,meta,eog,itsm,1,1,2,task_20251219_144431_663_97d7df7d_a52988e5,0.0,0,131778,148.7
tools,meta,eog,itsm,1,1,2,task_20251221_233237_652_66392a82_c1a599bb,0.666667,0,105548,84.8
tools,meta,eog,itsm,1,1,2,task_20251222_072805_599_99ba2325_ae6b0778,1.0,1,190553,247.9
tools,meta,eog,itsm,1,1,2,task_20251222_105710_498_391f1eff_8b25dbef,1.0,1,85988,93.0
tools,meta,eog,itsm,1,1,2,task_20251222_133355_087_30600918_e9215c57,0.25,0,185929,165.9
tools,meta,eog,itsm,1,1,2,task_20251222_140957_029_c5ca08eb_3c4271f0,0.666667,0,149533,78.1
tools,meta,eog,itsm,1,1,2,task_20251222_190928_391_391f1eff_8cb006f5,0.25,0,240374,343.9
tools,meta,eog,itsm,1,1,2,task_20251222_195853_743_0be70e35_0916fba8,0.5,0,178890,177.5
tools,meta,eog,itsm,1,1,2,task_20251223_064316_340_01395ded_9c6f3e01,0.25,0,218208,428.6
tools,meta,eog,itsm,1,1,2,task_20251223_101136_983_1d219d93_d1ba6c2d,0.5,0,198113,168.6
tools,meta,eog,itsm,1,1,2,task_20251223_132605_091_764e5ead_dd00cc8f,0.6,0,189609,223.3
tools,meta,eog,itsm,1,1,2,task_20251223_151555_341_764e5ead_9648644d,0.571429,0,312384,248.1
tools,meta,eog,itsm,1,1,2,task_20260112_183416_157_a8eea1c0_0d6acfd0,0.4,0,157746,147.7
tools,meta,eog,itsm,1,1,2,task_20260113_031046_703_99ba2325_54f35603,1.0,1,134450,73.4
tools,meta,eog,itsm,1,1,2,task_20260113_182216_716_a8eea1c0_7a0619e9,0.666667,0,147910,121.1
tools,meta,eog,itsm,1,1,2,task_20260113_182602_664_46ca2862_b6ef60ca,0.5,0,128007,158.4
tools,meta,eog,itsm,1,1,2,task_20260113_212050_548_a8eea1c0_73a73ce7,0.0,0,112668,113.4
tools,meta,eog,itsm,1,1,2,task_20260114_094327_107_46ca2862_796e7685,1.0,1,130264,127.4
tools,meta,eog,itsm,1,1,2,task_20260114_174427_042_99ba2325_7915481a,0.333333,0,42491,35.6
tools,meta,eog,itsm,1,1,2,task_20260114_180601_485_99ba2325_2dc8b3ce,1.0,1,156715,73.6
tools,meta,eog,itsm,1,1,2,task_20260114_181932_082_99ba2325_92ddef90,0.6,0,222661,238.1
tools,meta,eog,itsm,1,1,2,task_20260115_143541_964_fa1836dc_dc6652fd,0.444444,0,141409,254.3
tools,meta,eog,itsm,1,1,2,task_20260115_152733_296_46ca2862_55f848d3,0.6,0,150184,145.8
tools,meta,eog,itsm,1,1,2,task_20260115_172636_260_fa1836dc_7a703e50,0.5,0,126196,73.8
tools,meta,eog,itsm,1,1,2,task_20260116_081645_096_66392a82_fd509f97,0.6,0,301682,523.1
tools,meta,eog,itsm,1,1,2,task_20260116_101840_488_e6427839_81df8ba3,0.75,0,154891,151.5
tools,meta,eog,itsm,1,1,2,task_20260116_124300_245_1d219d93_76cd5b4d,1.0,1,153530,133.4
tools,meta,eog,itsm,1,1,2,task_20260116_224538_330_66392a82_10d0806e,0.6,0,343034,185.3
tools,meta,eog,itsm,1,1,3,task_20251210_205620_593_391f1eff_ad65c160,0.5,0,153725,192.3
tools,meta,eog,itsm,1,1,3,task_20251212_172511_458_e6427839_47076c15,0.5,0,61491,53.5
tools,meta,eog,itsm,1,1,3,task_20251212_184405_886_e6427839_6413728a,0.333333,0,147538,101.1
tools,meta,eog,itsm,1,1,3,task_20251212_191411_655_391f1eff_2fef896f,1.0,1,205304,154.4
tools,meta,eog,itsm,1,1,3,task_20251216_131651_690_764e5ead_f8619b02,1.0,1,196112,137.3
tools,meta,eog,itsm,1,1,3,task_20251217_153037_688_97d7df7d_be0bd794,1.0,1,171834,110.1
tools,meta,eog,itsm,1,1,3,task_20251217_205244_161_764e5ead_20429ef8,0.75,0,154044,136.9
tools,meta,eog,itsm,1,1,3,task_20251218_061956_641_109c89c0_423ed8ee,0.142857,0,250713,201.1
tools,meta,eog,itsm,1,1,3,task_20251218_082708_201_99ba2325_51726f9c,1.0,1,106376,113.6
tools,meta,eog,itsm,1,1,3,task_20251218_093719_611_764e5ead_5817d09a,1.0,1,249126,251.8
tools,meta,eog,itsm,1,1,3,task_20251218_104259_233_66392a82_74b17170,1.0,1,125986,91.0
tools,meta,eog,itsm,1,1,3,task_20251218_121722_423_1d219d93_8218da6c,0.166667,0,89100,132.8
tools,meta,eog,itsm,1,1,3,task_20251218_124419_383_66392a82_52c8290e,1.0,1,107655,128.7
tools,meta,eog,itsm,1,1,3,task_20251218_155314_617_c5ca08eb_3ce3c52f,0.0,0,105864,101.0
tools,meta,eog,itsm,1,1,3,task_20251218_183102_136_391f1eff_ac9a6986,1.0,1,108556,99.6
tools,meta,eog,itsm,1,1,3,task_20251218_220134_063_391f1eff_30369342,1.0,1,107485,89.9
tools,meta,eog,itsm,1,1,3,task_20251218_234602_633_391f1eff_09a746e7,0.5,0,128074,126.5
tools,meta,eog,itsm,1,1,3,task_20251219_091707_306_ad5a67e3_a76dbe57,0.0,0,84946,90.8
tools,meta,eog,itsm,1,1,3,task_20251219_111447_756_66392a82_1c69521d,0.0,0,42867,53.8
tools,meta,eog,itsm,1,1,3,task_20251219_115925_475_1d219d93_53d34d23,0.6,0,224216,207.7
tools,meta,eog,itsm,1,1,3,task_20251219_144431_663_97d7df7d_a52988e5,0.0,0,154007,238.5
tools,meta,eog,itsm,1,1,3,task_20251221_233237_652_66392a82_c1a599bb,0.666667,0,105032,109.0
tools,meta,eog,itsm,1,1,3,task_20251222_072805_599_99ba2325_ae6b0778,1.0,1,191141,203.1
tools,meta,eog,itsm,1,1,3,task_20251222_105710_498_391f1eff_8b25dbef,1.0,1,107515,110.3
tools,meta,eog,itsm,1,1,3,task_20251222_133355_087_30600918_e9215c57,0.25,0,186993,118.8
tools,meta,eog,itsm,1,1,3,task_20251222_140957_029_c5ca08eb_3c4271f0,0.666667,0,101924,77.5
tools,meta,eog,itsm,1,1,3,task_20251222_190928_391_391f1eff_8cb006f5,0.25,0,155654,187.0
tools,meta,eog,itsm,1,1,3,task_20251222_195853_743_0be70e35_0916fba8,0.5,0,178360,152.1
tools,meta,eog,itsm,1,1,3,task_20251223_064316_340_01395ded_9c6f3e01,0.5,0,282729,460.2
tools,meta,eog,itsm,1,1,3,task_20251223_101136_983_1d219d93_d1ba6c2d,0.5,0,238294,203.5
tools,meta,eog,itsm,1,1,3,task_20251223_132605_091_764e5ead_dd00cc8f,0.8,0,313248,273.1
tools,meta,eog,itsm,1,1,3,task_20251223_151555_341_764e5ead_9648644d,0.285714,0,220410,209.5
tools,meta,eog,itsm,1,1,3,task_20260112_183416_157_a8eea1c0_0d6acfd0,0.2,0,88892,138.3
tools,meta,eog,itsm,1,1,3,task_20260113_031046_703_99ba2325_54f35603,1.0,1,149865,106.3
tools,meta,eog,itsm,1,1,3,task_20260113_182216_716_a8eea1c0_7a0619e9,0.333333,0,150257,182.7
tools,meta,eog,itsm,1,1,3,task_20260113_182602_664_46ca2862_b6ef60ca,1.0,1,129355,140.3
tools,meta,eog,itsm,1,1,3,task_20260113_212050_548_a8eea1c0_73a73ce7,0.0,0,108052,120.5
tools,meta,eog,itsm,1,1,3,task_20260114_094327_107_46ca2862_796e7685,1.0,1,172986,160.3
tools,meta,eog,itsm,1,1,3,task_20260114_174427_042_99ba2325_7915481a,0.0,0,45105,71.9
tools,meta,eog,itsm,1,1,3,task_20260114_180601_485_99ba2325_2dc8b3ce,1.0,1,180033,87.1
tools,meta,eog,itsm,1,1,3,task_20260114_181932_082_99ba2325_92ddef90,0.8,0,262570,198.2
tools,meta,eog,itsm,1,1,3,task_20260115_143541_964_fa1836dc_dc6652fd,0.444444,0,161242,228.5
tools,meta,eog,itsm,1,1,3,task_20260115_152733_296_46ca2862_55f848d3,0.6,0,149110,114.5
tools,meta,eog,itsm,1,1,3,task_20260115_172636_260_fa1836dc_7a703e50,0.5,0,147792,115.8
tools,meta,eog,itsm,1,1,3,task_20260116_081645_096_66392a82_fd509f97,0.6,0,230668,405.2
tools,meta,eog,itsm,1,1,3,task_20260116_101840_488_e6427839_81df8ba3,0.75,0,105905,82.0
tools,meta,eog,itsm,1,1,3,task_20260116_124300_245_1d219d93_76cd5b4d,1.0,1,174173,195.7
tools,meta,eog,itsm,1,1,3,task_20260116_224538_330_66392a82_10d0806e,0.0,0,22310,43.6
tools,meta,eog,itsm,1,2,1,task_20251218_164829_676_97d7df7d_893f6b2c,0.333333,0,285181,509.2
tools,meta,eog,itsm,1,2,1,task_20251219_062202_346_66392a82_1d2065dd,0.666667,0,115768,87.8
tools,meta,eog,itsm,1,2,1,task_20251219_130920_558_99ba2325_7f9481df,1.0,1,161562,76.3
tools,meta,eog,itsm,1,2,1,task_20251221_045452_579_99ba2325_0e601eac,0.8,0,215113,197.2
tools,meta,eog,itsm,1,2,1,task_20251222_075116_761_30600918_a7f0a69a,0.25,0,178043,171.6
tools,meta,eog,itsm,1,2,1,task_20251223_063905_655_30600918_3e736be9,0.2,0,179719,226.1
tools,meta,eog,itsm,1,2,1,task_20251223_135402_072_c5ca08eb_67009578,1.0,1,138716,106.2
tools,meta,eog,itsm,1,2,1,task_20260112_194743_238_a8eea1c0_a4b1468a,0.166667,0,209252,316.5
tools,meta,eog,itsm,1,2,1,task_20260113_183935_893_e6427839_03a04c19,0.5,0,189611,136.9
tools,meta,eog,itsm,1,2,1,task_20260114_073658_459_78a5b71e_cab5cc9f,0.0,0,98152,286.1
tools,meta,eog,itsm,1,2,1,task_20260115_153041_899_d4a463c3_cab6d59b,0.0,0,244345,214.9
tools,meta,eog,itsm,1,2,1,task_20260117_000130_134_2aa6b0ad_a20f3a61,0.0,0,184301,335.2
tools,meta,eog,itsm,1,2,2,task_20251218_164829_676_97d7df7d_893f6b2c,0.0,0,339877,720.5
tools,meta,eog,itsm,1,2,2,task_20251219_062202_346_66392a82_1d2065dd,1.0,1,118911,99.7
tools,meta,eog,itsm,1,2,2,task_20251219_130920_558_99ba2325_7f9481df,1.0,1,185224,89.9
tools,meta,eog,itsm,1,2,2,task_20251221_045452_579_99ba2325_0e601eac,0.8,0,194484,241.5
tools,meta,eog,itsm,1,2,2,task_20251222_075116_761_30600918_a7f0a69a,0.25,0,126745,122.6
tools,meta,eog,itsm,1,2,2,task_20251223_063905_655_30600918_3e736be9,0.6,0,259561,245.0
tools,meta,eog,itsm,1,2,2,task_20251223_135402_072_c5ca08eb_67009578,1.0,1,115242,134.9
tools,meta,eog,itsm,1,2,2,task_20260112_194743_238_a8eea1c0_a4b1468a,0.166667,0,346798,438.9
tools,meta,eog,itsm,1,2,2,task_20260113_183935_893_e6427839_03a04c19,0.5,0,112301,51.7
tools,meta,eog,itsm,1,2,2,task_20260114_073658_459_78a5b71e_cab5cc9f,0.5,0,120797,236.2
tools,meta,eog,itsm,1,2,2,task_20260115_153041_899_d4a463c3_cab6d59b,0.0,0,299079,233.4
tools,meta,eog,itsm,1,2,2,task_20260117_000130_134_2aa6b0ad_a20f3a61,0.0,0,175435,265.6
tools,meta,eog,itsm,1,2,3,task_20251218_164829_676_97d7df7d_893f6b2c,0.0,0,350120,903.6
tools,meta,eog,itsm,1,2,3,task_20251219_062202_346_66392a82_1d2065dd,0.666667,0,206939,322.8
tools,meta,eog,itsm,1,2,3,task_20251219_130920_558_99ba2325_7f9481df,0.666667,0,159106,141.9
tools,meta,eog,itsm,1,2,3,task_20251221_045452_579_99ba2325_0e601eac,0.8,0,195326,453.8
tools,meta,eog,itsm,1,2,3,task_20251222_075116_761_30600918_a7f0a69a,0.25,0,124592,278.1
tools,meta,eog,itsm,1,2,3,task_20251223_063905_655_30600918_3e736be9,0.4,0,181672,628.9
tools,meta,eog,itsm,1,2,3,task_20251223_135402_072_c5ca08eb_67009578,1.0,1,114888,222.7
tools,meta,eog,itsm,1,2,3,task_20260112_194743_238_a8eea1c0_a4b1468a,0.833333,0,278490,738.8
tools,meta,eog,itsm,1,2,3,task_20260113_183935_893_e6427839_03a04c19,0.0,0,68324,135.5
tools,meta,eog,itsm,1,2,3,task_20260114_073658_459_78a5b71e_cab5cc9f,0.0,0,72012,418.5
tools,meta,eog,itsm,1,2,3,task_20260115_153041_899_d4a463c3_cab6d59b,0.0,0,219926,395.8
tools,meta,eog,itsm,1,2,3,task_20260117_000130_134_2aa6b0ad_a20f3a61,0.0,0,157496,610.5
tools,meta,eog,itsm,2,1,1,task_20251210_205620_593_391f1eff_ad65c160,0.5,0,151342,331.9
tools,meta,eog,itsm,2,1,1,task_20251212_172511_458_e6427839_47076c15,0.5,0,73086,56.4
tools,meta,eog,itsm,2,1,1,task_20251212_184405_886_e6427839_6413728a,0.333333,0,173635,99.9
tools,meta,eog,itsm,2,1,1,task_20251212_191411_655_391f1eff_2fef896f,1.0,1,308959,150.4
tools,meta,eog,itsm,2,1,1,task_20251216_131651_690_764e5ead_f8619b02,0.666667,0,200328,179.2
tools,meta,eog,itsm,2,1,1,task_20251217_153037_688_97d7df7d_be0bd794,1.0,1,177757,172.3
tools,meta,eog,itsm,2,1,1,task_20251217_205244_161_764e5ead_20429ef8,0.75,0,203687,141.0
tools,meta,eog,itsm,2,1,1,task_20251218_061956_641_109c89c0_423ed8ee,0.571429,0,241659,333.0
tools,meta,eog,itsm,2,1,1,task_20251218_082708_201_99ba2325_51726f9c,1.0,1,229316,227.0
tools,meta,eog,itsm,2,1,1,task_20251218_093719_611_764e5ead_5817d09a,1.0,1,262785,249.1
tools,meta,eog,itsm,2,1,1,task_20251218_104259_233_66392a82_74b17170,1.0,1,147700,80.5
tools,meta,eog,itsm,2,1,1,task_20251218_121722_423_1d219d93_8218da6c,0.833333,0,332421,286.2
tools,meta,eog,itsm,2,1,1,task_20251218_124419_383_66392a82_52c8290e,1.0,1,145748,134.5
tools,meta,eog,itsm,2,1,1,task_20251218_155314_617_c5ca08eb_3ce3c52f,1.0,1,127076,113.6
tools,meta,eog,itsm,2,1,1,task_20251218_183102_136_391f1eff_ac9a6986,0.5,0,125216,136.6
tools,meta,eog,itsm,2,1,1,task_20251218_220134_063_391f1eff_30369342,1.0,1,152494,208.8
tools,meta,eog,itsm,2,1,1,task_20251218_234602_633_391f1eff_09a746e7,0.5,0,151549,94.0
tools,meta,eog,itsm,2,1,1,task_20251219_091707_306_ad5a67e3_a76dbe57,0.0,0,73888,72.6
tools,meta,eog,itsm,2,1,1,task_20251219_111447_756_66392a82_1c69521d,1.0,1,150918,90.0
tools,meta,eog,itsm,2,1,1,task_20251219_115925_475_1d219d93_53d34d23,0.2,0,309347,282.2
tools,meta,eog,itsm,2,1,1,task_20251219_144431_663_97d7df7d_a52988e5,0.0,0,178270,227.2
tools,meta,eog,itsm,2,1,1,task_20251221_233237_652_66392a82_c1a599bb,1.0,1,146000,111.8
tools,meta,eog,itsm,2,1,1,task_20251222_072805_599_99ba2325_ae6b0778,1.0,1,220612,198.1
tools,meta,eog,itsm,2,1,1,task_20251222_105710_498_391f1eff_8b25dbef,1.0,1,119813,95.7
tools,meta,eog,itsm,2,1,1,task_20251222_133355_087_30600918_e9215c57,0.5,0,130268,80.8
tools,meta,eog,itsm,2,1,1,task_20251222_140957_029_c5ca08eb_3c4271f0,0.666667,0,146734,127.5
tools,meta,eog,itsm,2,1,1,task_20251222_190928_391_391f1eff_8cb006f5,0.25,0,126929,114.3
tools,meta,eog,itsm,2,1,1,task_20251222_195853_743_0be70e35_0916fba8,0.5,0,218166,228.3
tools,meta,eog,itsm,2,1,1,task_20251223_064316_340_01395ded_9c6f3e01,0.0,0,227917,388.9
tools,meta,eog,itsm,2,1,1,task_20251223_101136_983_1d219d93_d1ba6c2d,0.833333,0,282419,254.4
tools,meta,eog,itsm,2,1,1,task_20251223_132605_091_764e5ead_dd00cc8f,0.6,0,221400,338.4
tools,meta,eog,itsm,2,1,1,task_20251223_151555_341_764e5ead_9648644d,0.571429,0,240907,260.1
tools,meta,eog,itsm,2,1,1,task_20260112_183416_157_a8eea1c0_0d6acfd0,0.4,0,208516,200.2
tools,meta,eog,itsm,2,1,1,task_20260113_031046_703_99ba2325_54f35603,1.0,1,152426,98.1
tools,meta,eog,itsm,2,1,1,task_20260113_182216_716_a8eea1c0_7a0619e9,0.666667,0,281366,180.1
tools,meta,eog,itsm,2,1,1,task_20260113_182602_664_46ca2862_b6ef60ca,1.0,1,125116,114.7
tools,meta,eog,itsm,2,1,1,task_20260113_212050_548_a8eea1c0_73a73ce7,0.5,0,184489,215.3
tools,meta,eog,itsm,2,1,1,task_20260114_094327_107_46ca2862_796e7685,1.0,1,176131,221.5
tools,meta,eog,itsm,2,1,1,task_20260114_174427_042_99ba2325_7915481a,0.0,0,53296,64.4
tools,meta,eog,itsm,2,1,1,task_20260114_180601_485_99ba2325_2dc8b3ce,0.666667,0,212164,101.0
tools,meta,eog,itsm,2,1,1,task_20260114_181932_082_99ba2325_92ddef90,0.6,0,206005,175.8
tools,meta,eog,itsm,2,1,1,task_20260115_143541_964_fa1836dc_dc6652fd,1.0,1,292526,206.6
tools,meta,eog,itsm,2,1,1,task_20260115_152733_296_46ca2862_55f848d3,0.6,0,174471,119.9
tools,meta,eog,itsm,2,1,1,task_20260115_172636_260_fa1836dc_7a703e50,0.5,0,149074,103.0
tools,meta,eog,itsm,2,1,1,task_20260116_081645_096_66392a82_fd509f97,0.6,0,301510,482.9
tools,meta,eog,itsm,2,1,1,task_20260116_101840_488_e6427839_81df8ba3,0.75,0,148376,145.9
tools,meta,eog,itsm,2,1,1,task_20260116_124300_245_1d219d93_76cd5b4d,1.0,1,154520,128.5
tools,meta,eog,itsm,2,1,1,task_20260116_224538_330_66392a82_10d0806e,0.6,0,458382,371.2
tools,meta,eog,itsm,2,1,2,task_20251210_205620_593_391f1eff_ad65c160,0.5,0,147308,136.5
tools,meta,eog,itsm,2,1,2,task_20251212_172511_458_e6427839_47076c15,0.5,0,72712,63.2
tools,meta,eog,itsm,2,1,2,task_20251212_184405_886_e6427839_6413728a,0.333333,0,146952,114.2
tools,meta,eog,itsm,2,1,2,task_20251212_191411_655_391f1eff_2fef896f,0.666667,0,179162,164.8
tools,meta,eog,itsm,2,1,2,task_20251216_131651_690_764e5ead_f8619b02,1.0,1,279955,240.1
tools,meta,eog,itsm,2,1,2,task_20251217_153037_688_97d7df7d_be0bd794,1.0,1,203397,158.3
tools,meta,eog,itsm,2,1,2,task_20251217_205244_161_764e5ead_20429ef8,0.75,0,203652,216.7
tools,meta,eog,itsm,2,1,2,task_20251218_061956_641_109c89c0_423ed8ee,0.142857,0,343078,389.9
tools,meta,eog,itsm,2,1,2,task_20251218_082708_201_99ba2325_51726f9c,0.5,0,100952,134.7
tools,meta,eog,itsm,2,1,2,task_20251218_093719_611_764e5ead_5817d09a,1.0,1,287561,255.9
tools,meta,eog,itsm,2,1,2,task_20251218_104259_233_66392a82_74b17170,1.0,1,147534,78.5
tools,meta,eog,itsm,2,1,2,task_20251218_121722_423_1d219d93_8218da6c,0.666667,0,227892,214.6
tools,meta,eog,itsm,2,1,2,task_20251218_124419_383_66392a82_52c8290e,1.0,1,123711,240.6
tools,meta,eog,itsm,2,1,2,task_20251218_155314_617_c5ca08eb_3ce3c52f,1.0,1,127789,167.1
tools,meta,eog,itsm,2,1,2,task_20251218_183102_136_391f1eff_ac9a6986,0.5,0,123567,120.8
tools,meta,eog,itsm,2,1,2,task_20251218_220134_063_391f1eff_30369342,1.0,1,151170,136.8
tools,meta,eog,itsm,2,1,2,task_20251218_234602_633_391f1eff_09a746e7,0.5,0,125550,75.6
tools,meta,eog,itsm,2,1,2,task_20251219_091707_306_ad5a67e3_a76dbe57,0.0,0,74445,79.0
tools,meta,eog,itsm,2,1,2,task_20251219_111447_756_66392a82_1c69521d,1.0,1,179672,144.7
tools,meta,eog,itsm,2,1,2,task_20251219_115925_475_1d219d93_53d34d23,0.6,0,280210,356.0
tools,meta,eog,itsm,2,1,2,task_20251219_144431_663_97d7df7d_a52988e5,0.0,0,124525,141.5
tools,meta,eog,itsm,2,1,2,task_20251221_233237_652_66392a82_c1a599bb,0.0,0,24540,43.8
tools,meta,eog,itsm,2,1,2,task_20251222_072805_599_99ba2325_ae6b0778,1.0,1,324362,341.9
tools,meta,eog,itsm,2,1,2,task_20251222_105710_498_391f1eff_8b25dbef,1.0,1,119210,90.8
tools,meta,eog,itsm,2,1,2,task_20251222_133355_087_30600918_e9215c57,0.25,0,261659,223.0
tools,meta,eog,itsm,2,1,2,task_20251222_140957_029_c5ca08eb_3c4271f0,0.666667,0,147397,119.9
tools,meta,eog,itsm,2,1,2,task_20251222_190928_391_391f1eff_8cb006f5,0.25,0,183153,209.7
tools,meta,eog,itsm,2,1,2,task_20251222_195853_743_0be70e35_0916fba8,0.5,0,201581,144.6
tools,meta,eog,itsm,2,1,2,task_20251223_064316_340_01395ded_9c6f3e01,0.0,0,171508,404.0
tools,meta,eog,itsm,2,1,2,task_20251223_101136_983_1d219d93_d1ba6c2d,0.5,0,254292,176.9
tools,meta,eog,itsm,2,1,2,task_20251223_132605_091_764e5ead_dd00cc8f,0.6,0,252450,260.2
tools,meta,eog,itsm,2,1,2,task_20251223_151555_341_764e5ead_9648644d,0.571429,0,208956,202.1
tools,meta,eog,itsm,2,1,2,task_20260112_183416_157_a8eea1c0_0d6acfd0,0.2,0,79277,145.3
tools,meta,eog,itsm,2,1,2,task_20260113_031046_703_99ba2325_54f35603,1.0,1,180528,110.1
tools,meta,eog,itsm,2,1,2,task_20260113_182216_716_a8eea1c0_7a0619e9,0.666667,0,123544,119.3
tools,meta,eog,itsm,2,1,2,task_20260113_182602_664_46ca2862_b6ef60ca,0.5,0,100742,154.9
tools,meta,eog,itsm,2,1,2,task_20260113_212050_548_a8eea1c0_73a73ce7,0.0,0,100685,109.4
tools,meta,eog,itsm,2,1,2,task_20260114_094327_107_46ca2862_796e7685,1.0,1,203098,161.1
tools,meta,eog,itsm,2,1,2,task_20260114_174427_042_99ba2325_7915481a,0.0,0,81339,166.2
tools,meta,eog,itsm,2,1,2,task_20260114_180601_485_99ba2325_2dc8b3ce,0.666667,0,215868,136.9
tools,meta,eog,itsm,2,1,2,task_20260114_181932_082_99ba2325_92ddef90,0.6,0,231109,285.3
tools,meta,eog,itsm,2,1,2,task_20260115_143541_964_fa1836dc_dc6652fd,0.0,0,81673,169.9
tools,meta,eog,itsm,2,1,2,task_20260115_152733_296_46ca2862_55f848d3,0.6,0,198996,177.3
tools,meta,eog,itsm,2,1,2,task_20260115_172636_260_fa1836dc_7a703e50,0.5,0,147443,74.1
tools,meta,eog,itsm,2,1,2,task_20260116_081645_096_66392a82_fd509f97,0.6,0,327560,444.6
tools,meta,eog,itsm,2,1,2,task_20260116_101840_488_e6427839_81df8ba3,0.75,0,198616,202.1
tools,meta,eog,itsm,2,1,2,task_20260116_124300_245_1d219d93_76cd5b4d,1.0,1,158298,157.8
tools,meta,eog,itsm,2,1,2,task_20260116_224538_330_66392a82_10d0806e,0.0,0,25640,44.2
tools,meta,eog,itsm,2,1,3,task_20251210_205620_593_391f1eff_ad65c160,0.5,0,123722,105.4
tools,meta,eog,itsm,2,1,3,task_20251212_172511_458_e6427839_47076c15,0.5,0,99693,198.6
tools,meta,eog,itsm,2,1,3,task_20251212_184405_886_e6427839_6413728a,0.333333,0,146865,102.2
tools,meta,eog,itsm,2,1,3,task_20251212_191411_655_391f1eff_2fef896f,1.0,1,176651,116.6
tools,meta,eog,itsm,2,1,3,task_20251216_131651_690_764e5ead_f8619b02,1.0,1,223938,104.4
tools,meta,eog,itsm,2,1,3,task_20251217_153037_688_97d7df7d_be0bd794,1.0,1,127593,115.1
tools,meta,eog,itsm,2,1,3,task_20251217_205244_161_764e5ead_20429ef8,0.75,0,203544,127.7
tools,meta,eog,itsm,2,1,3,task_20251218_061956_641_109c89c0_423ed8ee,0.142857,0,339302,351.5
tools,meta,eog,itsm,2,1,3,task_20251218_082708_201_99ba2325_51726f9c,0.5,0,149925,116.4
tools,meta,eog,itsm,2,1,3,task_20251218_093719_611_764e5ead_5817d09a,1.0,1,391072,341.8
tools,meta,eog,itsm,2,1,3,task_20251218_104259_233_66392a82_74b17170,0.666667,0,97516,48.0
tools,meta,eog,itsm,2,1,3,task_20251218_121722_423_1d219d93_8218da6c,0.666667,0,250246,269.8
tools,meta,eog,itsm,2,1,3,task_20251218_124419_383_66392a82_52c8290e,1.0,1,98383,107.8
tools,meta,eog,itsm,2,1,3,task_20251218_155314_617_c5ca08eb_3ce3c52f,1.0,1,130252,243.7
tools,meta,eog,itsm,2,1,3,task_20251218_183102_136_391f1eff_ac9a6986,0.5,0,123823,71.4
tools,meta,eog,itsm,2,1,3,task_20251218_220134_063_391f1eff_30369342,1.0,1,148442,74.1
tools,meta,eog,itsm,2,1,3,task_20251218_234602_633_391f1eff_09a746e7,0.5,0,126061,72.1
tools,meta,eog,itsm,2,1,3,task_20251219_091707_306_ad5a67e3_a76dbe57,0.0,0,156550,112.9
tools,meta,eog,itsm,2,1,3,task_20251219_111447_756_66392a82_1c69521d,1.0,1,99469,45.7
tools,meta,eog,itsm,2,1,3,task_20251219_115925_475_1d219d93_53d34d23,0.2,0,236762,221.9
tools,meta,eog,itsm,2,1,3,task_20251219_144431_663_97d7df7d_a52988e5,0.0,0,177097,199.6
tools,meta,eog,itsm,2,1,3,task_20251221_233237_652_66392a82_c1a599bb,1.0,1,143684,105.8
tools,meta,eog,itsm,2,1,3,task_20251222_072805_599_99ba2325_ae6b0778,1.0,1,187610,178.2
tools,meta,eog,itsm,2,1,3,task_20251222_105710_498_391f1eff_8b25dbef,1.0,1,122754,114.5
tools,meta,eog,itsm,2,1,3,task_20251222_133355_087_30600918_e9215c57,0.5,0,239807,227.7
tools,meta,eog,itsm,2,1,3,task_20251222_140957_029_c5ca08eb_3c4271f0,0.666667,0,145835,101.4
tools,meta,eog,itsm,2,1,3,task_20251222_190928_391_391f1eff_8cb006f5,0.5,0,233127,365.5
tools,meta,eog,itsm,2,1,3,task_20251222_195853_743_0be70e35_0916fba8,0.5,0,134456,162.9
tools,meta,eog,itsm,2,1,3,task_20251223_064316_340_01395ded_9c6f3e01,0.0,0,135789,278.0
tools,meta,eog,itsm,2,1,3,task_20251223_101136_983_1d219d93_d1ba6c2d,0.5,0,178835,140.7
tools,meta,eog,itsm,2,1,3,task_20251223_132605_091_764e5ead_dd00cc8f,0.6,0,368326,349.6
tools,meta,eog,itsm,2,1,3,task_20251223_151555_341_764e5ead_9648644d,0.428571,0,268743,258.2
tools,meta,eog,itsm,2,1,3,task_20260112_183416_157_a8eea1c0_0d6acfd0,0.4,0,179883,192.4
tools,meta,eog,itsm,2,1,3,task_20260113_031046_703_99ba2325_54f35603,1.0,1,155374,106.7
tools,meta,eog,itsm,2,1,3,task_20260113_182216_716_a8eea1c0_7a0619e9,1.0,1,124418,115.6
tools,meta,eog,itsm,2,1,3,task_20260113_182602_664_46ca2862_b6ef60ca,1.0,1,151055,124.6
tools,meta,eog,itsm,2,1,3,task_20260113_212050_548_a8eea1c0_73a73ce7,0.0,0,163512,244.3
tools,meta,eog,itsm,2,1,3,task_20260114_094327_107_46ca2862_796e7685,1.0,1,176762,177.2
tools,meta,eog,itsm,2,1,3,task_20260114_174427_042_99ba2325_7915481a,0.333333,0,75810,81.4
tools,meta,eog,itsm,2,1,3,task_20260114_180601_485_99ba2325_2dc8b3ce,0.666667,0,212498,89.3
tools,meta,eog,itsm,2,1,3,task_20260114_181932_082_99ba2325_92ddef90,0.4,0,209367,220.6
tools,meta,eog,itsm,2,1,3,task_20260115_143541_964_fa1836dc_dc6652fd,0.0,0,53982,82.7
tools,meta,eog,itsm,2,1,3,task_20260115_152733_296_46ca2862_55f848d3,0.6,0,201329,197.1
tools,meta,eog,itsm,2,1,3,task_20260115_172636_260_fa1836dc_7a703e50,0.5,0,147728,119.0
tools,meta,eog,itsm,2,1,3,task_20260116_081645_096_66392a82_fd509f97,0.6,0,297371,538.6
tools,meta,eog,itsm,2,1,3,task_20260116_101840_488_e6427839_81df8ba3,0.75,0,225482,305.0
tools,meta,eog,itsm,2,1,3,task_20260116_124300_245_1d219d93_76cd5b4d,1.0,1,129420,142.9
tools,meta,eog,itsm,2,1,3,task_20260116_224538_330_66392a82_10d0806e,0.8,0,462616,422.0
tools,meta,eog,itsm,2,2,1,task_20251218_164829_676_97d7df7d_893f6b2c,0.333333,0,309127,533.4
tools,meta,eog,itsm,2,2,1,task_20251219_062202_346_66392a82_1d2065dd,0.666667,0,124452,118.2
tools,meta,eog,itsm,2,2,1,task_20251219_130920_558_99ba2325_7f9481df,1.0,1,169937,83.2
tools,meta,eog,itsm,2,2,1,task_20251221_045452_579_99ba2325_0e601eac,0.8,0,203802,167.0
tools,meta,eog,itsm,2,2,1,task_20251222_075116_761_30600918_a7f0a69a,0.25,0,160148,159.3
tools,meta,eog,itsm,2,2,1,task_20251223_063905_655_30600918_3e736be9,0.6,0,220327,234.4
tools,meta,eog,itsm,2,2,1,task_20251223_135402_072_c5ca08eb_67009578,1.0,1,121376,127.5
tools,meta,eog,itsm,2,2,1,task_20260112_194743_238_a8eea1c0_a4b1468a,0.333333,0,302467,394.7
tools,meta,eog,itsm,2,2,1,task_20260113_183935_893_e6427839_03a04c19,0.5,0,120225,44.7
tools,meta,eog,itsm,2,2,1,task_20260114_073658_459_78a5b71e_cab5cc9f,0.5,0,181027,305.8
tools,meta,eog,itsm,2,2,1,task_20260115_153041_899_d4a463c3_cab6d59b,0.0,0,384714,303.8
tools,meta,eog,itsm,2,2,1,task_20260117_000130_134_2aa6b0ad_a20f3a61,0.0,0,190762,279.9
tools,meta,eog,itsm,2,2,2,task_20251218_164829_676_97d7df7d_893f6b2c,0.333333,0,248505,379.5
tools,meta,eog,itsm,2,2,2,task_20251219_062202_346_66392a82_1d2065dd,1.0,1,147881,96.5
tools,meta,eog,itsm,2,2,2,task_20251219_130920_558_99ba2325_7f9481df,0.666667,0,120601,60.8
tools,meta,eog,itsm,2,2,2,task_20251221_045452_579_99ba2325_0e601eac,0.8,0,228237,178.8
tools,meta,eog,itsm,2,2,2,task_20251222_075116_761_30600918_a7f0a69a,0.0,0,133674,153.6
tools,meta,eog,itsm,2,2,2,task_20251223_063905_655_30600918_3e736be9,0.4,0,191881,220.9
tools,meta,eog,itsm,2,2,2,task_20251223_135402_072_c5ca08eb_67009578,1.0,1,146115,110.1
tools,meta,eog,itsm,2,2,2,task_20260112_194743_238_a8eea1c0_a4b1468a,0.166667,0,162089,309.7
tools,meta,eog,itsm,2,2,2,task_20260113_183935_893_e6427839_03a04c19,1.0,1,147537,85.4
tools,meta,eog,itsm,2,2,2,task_20260114_073658_459_78a5b71e_cab5cc9f,0.0,0,103357,122.5
tools,meta,eog,itsm,2,2,2,task_20260115_153041_899_d4a463c3_cab6d59b,0.75,0,352385,315.0
tools,meta,eog,itsm,2,2,2,task_20260117_000130_134_2aa6b0ad_a20f3a61,0.0,0,220937,290.9
tools,meta,eog,itsm,2,2,3,task_20251218_164829_676_97d7df7d_893f6b2c,0.0,0,300910,467.7
tools,meta,eog,itsm,2,2,3,task_20251219_062202_346_66392a82_1d2065dd,1.0,1,172330,124.0
tools,meta,eog,itsm,2,2,3,task_20251219_130920_558_99ba2325_7f9481df,1.0,1,170833,78.0
tools,meta,eog,itsm,2,2,3,task_20251221_045452_579_99ba2325_0e601eac,0.8,0,200896,141.5
tools,meta,eog,itsm,2,2,3,task_20251222_075116_761_30600918_a7f0a69a,0.25,0,160728,172.5
tools,meta,eog,itsm,2,2,3,task_20251223_063905_655_30600918_3e736be9,0.4,0,191152,158.9
tools,meta,eog,itsm,2,2,3,task_20251223_135402_072_c5ca08eb_67009578,1.0,1,122505,113.1
tools,meta,eog,itsm,2,2,3,task_20260112_194743_238_a8eea1c0_a4b1468a,0.166667,0,272481,338.3
tools,meta,eog,itsm,2,2,3,task_20260113_183935_893_e6427839_03a04c19,0.5,0,122141,57.3
tools,meta,eog,itsm,2,2,3,task_20260114_073658_459_78a5b71e_cab5cc9f,0.5,0,152267,214.8
tools,meta,eog,itsm,2,2,3,task_20260115_153041_899_d4a463c3_cab6d59b,0.0,0,295777,303.4
tools,meta,eog,itsm,2,2,3,task_20260117_000130_134_2aa6b0ad_a20f3a61,0.0,0,163677,236.3
tools,meta,eog,itsm,2,3,1,task_20251212_191815_314_391f1eff_c23d76df,0.333333,0,177124,318.5
tools,meta,eog,itsm,2,3,1,task_20251218_183819_272_99ba2325_dd71c332,0.0,0,29192,78.9
tools,meta,eog,itsm,2,3,1,task_20251218_184224_139_764e5ead_e6e42358,0.6,0,585139,635.3
tools,meta,eog,itsm,2,3,1,task_20251219_134543_563_fa1836dc_00dab62f,1.0,1,254100,203.2
tools,meta,eog,itsm,2,3,1,task_20251219_174851_846_764e5ead_250f05e1,0.428571,0,453319,651.0
tools,meta,eog,itsm,2,3,1,task_20251222_181355_411_764e5ead_48850a98,0.0,0,344844,466.8
tools,meta,eog,itsm,2,3,1,task_20251223_081019_100_d4a463c3_f8774fe4,0.5,0,137979,151.1
tools,meta,eog,itsm,2,3,1,task_20260113_125933_225_accab84d_d7ec710e,0.333333,0,335139,695.3
tools,meta,eog,itsm,2,3,1,task_20260113_143610_437_46ca2862_56a4f834,0.4,0,234924,252.7
tools,meta,eog,itsm,2,3,1,task_20260114_081229_036_78a5b71e_a4fb07a9,0.5,0,113863,142.5
tools,meta,eog,itsm,2,3,1,task_20260114_134336_659_e6427839_91142068,0.8,0,418970,375.6
tools,meta,eog,itsm,2,3,1,task_20260114_173716_566_46ca2862_301e0b47,0.833333,0,261948,290.6
tools,meta,eog,itsm,2,3,1,task_20260116_235649_372_66392a82_ccb66a9a,0.5,0,237852,315.0
tools,meta,eog,itsm,2,3,2,task_20251212_191815_314_391f1eff_c23d76df,0.333333,0,232924,228.1
tools,meta,eog,itsm,2,3,2,task_20251218_183819_272_99ba2325_dd71c332,0.5,0,114033,168.3
tools,meta,eog,itsm,2,3,2,task_20251218_184224_139_764e5ead_e6e42358,0.0,0,150187,208.5
tools,meta,eog,itsm,2,3,2,task_20251219_134543_563_fa1836dc_00dab62f,0.75,0,197698,154.1
tools,meta,eog,itsm,2,3,2,task_20251219_174851_846_764e5ead_250f05e1,0.285714,0,564719,354.9
tools,meta,eog,itsm,2,3,2,task_20251222_181355_411_764e5ead_48850a98,0.25,0,421980,452.8
tools,meta,eog,itsm,2,3,2,task_20251223_081019_100_d4a463c3_f8774fe4,0.5,0,136397,123.0
tools,meta,eog,itsm,2,3,2,task_20260113_125933_225_accab84d_d7ec710e,0.333333,0,368691,516.9
tools,meta,eog,itsm,2,3,2,task_20260113_143610_437_46ca2862_56a4f834,0.4,0,208481,221.7
tools,meta,eog,itsm,2,3,2,task_20260114_081229_036_78a5b71e_a4fb07a9,0.5,0,171334,196.1
tools,meta,eog,itsm,2,3,2,task_20260114_134336_659_e6427839_91142068,0.8,0,269806,264.0
tools,meta,eog,itsm,2,3,2,task_20260114_173716_566_46ca2862_301e0b47,0.833333,0,291390,269.6
tools,meta,eog,itsm,2,3,2,task_20260116_235649_372_66392a82_ccb66a9a,0.5,0,209014,321.3
tools,meta,eog,itsm,2,3,3,task_20251212_191815_314_391f1eff_c23d76df,0.333333,0,297412,348.2
tools,meta,eog,itsm,2,3,3,task_20251218_183819_272_99ba2325_dd71c332,0.0,0,85175,91.2
tools,meta,eog,itsm,2,3,3,task_20251218_184224_139_764e5ead_e6e42358,0.4,0,366609,303.5
tools,meta,eog,itsm,2,3,3,task_20251219_134543_563_fa1836dc_00dab62f,1.0,1,112269,96.3
tools,meta,eog,itsm,2,3,3,task_20251219_174851_846_764e5ead_250f05e1,0.285714,0,473998,386.4
tools,meta,eog,itsm,2,3,3,task_20251222_181355_411_764e5ead_48850a98,0.0,0,280027,328.8
tools,meta,eog,itsm,2,3,3,task_20251223_081019_100_d4a463c3_f8774fe4,0.5,0,137745,101.4
tools,meta,eog,itsm,2,3,3,task_20260113_125933_225_accab84d_d7ec710e,0.333333,0,403130,598.8
tools,meta,eog,itsm,2,3,3,task_20260113_143610_437_46ca2862_56a4f834,0.4,0,172853,120.5
tools,meta,eog,itsm,2,3,3,task_20260114_081229_036_78a5b71e_a4fb07a9,0.5,0,85738,79.3
tools,meta,eog,itsm,2,3,3,task_20260114_134336_659_e6427839_91142068,0.8,0,410661,237.6
tools,meta,eog,itsm,2,3,3,task_20260114_173716_566_46ca2862_301e0b47,0.833333,0,226294,155.4
tools,meta,eog,itsm,2,3,3,task_20260116_235649_372_66392a82_ccb66a9a,0.5,0,176476,187.4
tools,meta,eog,itsm,3,1,1,task_20251210_205620_593_391f1eff_ad65c160,0.5,0,267620,270.3
tools,meta,eog,itsm,3,1,1,task_20251212_172511_458_e6427839_47076c15,0.5,0,84154,78.7
tools,meta,eog,itsm,3,1,1,task_20251212_184405_886_e6427839_6413728a,0.333333,0,230917,154.9
tools,meta,eog,itsm,3,1,1,task_20251212_191411_655_391f1eff_2fef896f,1.0,1,263316,190.1
tools,meta,eog,itsm,3,1,1,task_20251216_131651_690_764e5ead_f8619b02,1.0,1,259423,138.9
tools,meta,eog,itsm,3,1,1,task_20251217_153037_688_97d7df7d_be0bd794,1.0,1,203868,139.4
tools,meta,eog,itsm,3,1,1,task_20251217_205244_161_764e5ead_20429ef8,0.75,0,236840,147.3
tools,meta,eog,itsm,3,1,1,task_20251218_061956_641_109c89c0_423ed8ee,0.142857,0,446023,351.6
tools,meta,eog,itsm,3,1,1,task_20251218_082708_201_99ba2325_51726f9c,0.5,0,202035,203.0
tools,meta,eog,itsm,3,1,1,task_20251218_093719_611_764e5ead_5817d09a,1.0,1,314096,316.4
tools,meta,eog,itsm,3,1,1,task_20251218_104259_233_66392a82_74b17170,1.0,1,171584,126.6
tools,meta,eog,itsm,3,1,1,task_20251218_121722_423_1d219d93_8218da6c,1.0,1,359577,322.9
tools,meta,eog,itsm,3,1,1,task_20251218_124419_383_66392a82_52c8290e,1.0,1,147210,187.0
tools,meta,eog,itsm,3,1,1,task_20251218_155314_617_c5ca08eb_3ce3c52f,1.0,1,174263,174.6
tools,meta,eog,itsm,3,1,1,task_20251218_183102_136_391f1eff_ac9a6986,0.5,0,138543,74.1
tools,meta,eog,itsm,3,1,1,task_20251218_220134_063_391f1eff_30369342,1.0,1,148007,143.2
tools,meta,eog,itsm,3,1,1,task_20251218_234602_633_391f1eff_09a746e7,0.5,0,174711,263.2
tools,meta,eog,itsm,3,1,1,task_20251219_091707_306_ad5a67e3_a76dbe57,0.0,0,110611,105.1
tools,meta,eog,itsm,3,1,1,task_20251219_111447_756_66392a82_1c69521d,1.0,1,142180,124.0
tools,meta,eog,itsm,3,1,1,task_20251219_115925_475_1d219d93_53d34d23,0.6,0,348427,232.3
tools,meta,eog,itsm,3,1,1,task_20251219_144431_663_97d7df7d_a52988e5,0.0,0,180694,201.8
tools,meta,eog,itsm,3,1,1,task_20251221_233237_652_66392a82_c1a599bb,0.0,0,57951,88.1
tools,meta,eog,itsm,3,1,1,task_20251222_072805_599_99ba2325_ae6b0778,1.0,1,250370,250.9
tools,meta,eog,itsm,3,1,1,task_20251222_105710_498_391f1eff_8b25dbef,1.0,1,259928,199.1
tools,meta,eog,itsm,3,1,1,task_20251222_133355_087_30600918_e9215c57,0.5,0,304619,190.5
tools,meta,eog,itsm,3,1,1,task_20251222_140957_029_c5ca08eb_3c4271f0,0.666667,0,143233,129.1
tools,meta,eog,itsm,3,1,1,task_20251222_190928_391_391f1eff_8cb006f5,0.25,0,228354,281.3
tools,meta,eog,itsm,3,1,1,task_20251222_195853_743_0be70e35_0916fba8,0.5,0,208980,172.2
tools,meta,eog,itsm,3,1,1,task_20251223_064316_340_01395ded_9c6f3e01,0.25,0,223989,484.0
tools,meta,eog,itsm,3,1,1,task_20251223_101136_983_1d219d93_d1ba6c2d,0.5,0,295273,299.5
tools,meta,eog,itsm,3,1,1,task_20251223_132605_091_764e5ead_dd00cc8f,0.6,0,386749,423.9
tools,meta,eog,itsm,3,1,1,task_20251223_151555_341_764e5ead_9648644d,0.571429,0,485368,413.2
tools,meta,eog,itsm,3,1,1,task_20260112_183416_157_a8eea1c0_0d6acfd0,0.4,0,238565,227.4
tools,meta,eog,itsm,3,1,1,task_20260113_031046_703_99ba2325_54f35603,1.0,1,239162,119.1
tools,meta,eog,itsm,3,1,1,task_20260113_182216_716_a8eea1c0_7a0619e9,1.0,1,143564,118.9
tools,meta,eog,itsm,3,1,1,task_20260113_182602_664_46ca2862_b6ef60ca,0.5,0,142497,133.1
tools,meta,eog,itsm,3,1,1,task_20260113_212050_548_a8eea1c0_73a73ce7,1.0,1,245822,212.5
tools,meta,eog,itsm,3,1,1,task_20260114_094327_107_46ca2862_796e7685,1.0,1,203434,290.6
tools,meta,eog,itsm,3,1,1,task_20260114_174427_042_99ba2325_7915481a,0.333333,0,154234,221.9
tools,meta,eog,itsm,3,1,1,task_20260114_180601_485_99ba2325_2dc8b3ce,0.666667,0,211951,137.7
tools,meta,eog,itsm,3,1,1,task_20260114_181932_082_99ba2325_92ddef90,0.4,0,268069,249.3
tools,meta,eog,itsm,3,1,1,task_20260115_143541_964_fa1836dc_dc6652fd,0.0,0,91003,123.2
tools,meta,eog,itsm,3,1,1,task_20260115_152733_296_46ca2862_55f848d3,0.6,0,232158,252.1
tools,meta,eog,itsm,3,1,1,task_20260115_172636_260_fa1836dc_7a703e50,0.5,0,170066,110.8
tools,meta,eog,itsm,3,1,1,task_20260116_081645_096_66392a82_fd509f97,1.0,1,365351,481.6
tools,meta,eog,itsm,3,1,1,task_20260116_101840_488_e6427839_81df8ba3,0.5,0,256839,193.1
tools,meta,eog,itsm,3,1,1,task_20260116_124300_245_1d219d93_76cd5b4d,0.5,0,177443,201.1
tools,meta,eog,itsm,3,1,1,task_20260116_224538_330_66392a82_10d0806e,0.6,0,466662,318.9
tools,meta,eog,itsm,3,1,2,task_20251210_205620_593_391f1eff_ad65c160,0.5,0,236553,257.5
tools,meta,eog,itsm,3,1,2,task_20251212_172511_458_e6427839_47076c15,0.5,0,85025,79.6
tools,meta,eog,itsm,3,1,2,task_20251212_184405_886_e6427839_6413728a,0.333333,0,198952,126.3
tools,meta,eog,itsm,3,1,2,task_20251212_191411_655_391f1eff_2fef896f,1.0,1,269052,199.1
tools,meta,eog,itsm,3,1,2,task_20251216_131651_690_764e5ead_f8619b02,0.666667,0,322771,292.3
tools,meta,eog,itsm,3,1,2,task_20251217_153037_688_97d7df7d_be0bd794,1.0,1,228359,124.3
tools,meta,eog,itsm,3,1,2,task_20251217_205244_161_764e5ead_20429ef8,0.875,0,231464,109.3
tools,meta,eog,itsm,3,1,2,task_20251218_061956_641_109c89c0_423ed8ee,0.142857,0,349644,344.4
tools,meta,eog,itsm,3,1,2,task_20251218_082708_201_99ba2325_51726f9c,0.5,0,115870,150.8
tools,meta,eog,itsm,3,1,2,task_20251218_093719_611_764e5ead_5817d09a,1.0,1,150434,286.2
tools,meta,eog,itsm,3,1,2,task_20251218_104259_233_66392a82_74b17170,1.0,1,141676,67.1
tools,meta,eog,itsm,3,1,2,task_20251218_121722_423_1d219d93_8218da6c,0.833333,0,358902,228.6
tools,meta,eog,itsm,3,1,2,task_20251218_124419_383_66392a82_52c8290e,1.0,1,116168,168.4
tools,meta,eog,itsm,3,1,2,task_20251218_155314_617_c5ca08eb_3ce3c52f,1.0,1,144513,245.5
tools,meta,eog,itsm,3,1,2,task_20251218_183102_136_391f1eff_ac9a6986,0.5,0,140810,148.1
tools,meta,eog,itsm,3,1,2,task_20251218_220134_063_391f1eff_30369342,1.0,1,174830,163.4
tools,meta,eog,itsm,3,1,2,task_20251218_234602_633_391f1eff_09a746e7,0.5,0,202550,217.1
tools,meta,eog,itsm,3,1,2,task_20251219_091707_306_ad5a67e3_a76dbe57,0.0,0,139279,134.2
tools,meta,eog,itsm,3,1,2,task_20251219_111447_756_66392a82_1c69521d,1.0,1,170888,101.8
tools,meta,eog,itsm,3,1,2,task_20251219_115925_475_1d219d93_53d34d23,0.6,0,268579,225.9
tools,meta,eog,itsm,3,1,2,task_20251219_144431_663_97d7df7d_a52988e5,0.0,0,210313,289.1
tools,meta,eog,itsm,3,1,2,task_20251221_233237_652_66392a82_c1a599bb,1.0,1,141440,153.9
tools,meta,eog,itsm,3,1,2,task_20251222_072805_599_99ba2325_ae6b0778,0.666667,0,283356,291.8
tools,meta,eog,itsm,3,1,2,task_20251222_105710_498_391f1eff_8b25dbef,0.5,0,145373,214.3
tools,meta,eog,itsm,3,1,2,task_20251222_133355_087_30600918_e9215c57,0.75,0,273094,269.5
tools,meta,eog,itsm,3,1,2,task_20251222_140957_029_c5ca08eb_3c4271f0,0.666667,0,170294,107.2
tools,meta,eog,itsm,3,1,2,task_20251222_190928_391_391f1eff_8cb006f5,0.25,0,175570,193.3
tools,meta,eog,itsm,3,1,2,task_20251222_195853_743_0be70e35_0916fba8,0.5,0,185601,179.6
tools,meta,eog,itsm,3,1,2,task_20251223_064316_340_01395ded_9c6f3e01,0.5,0,376001,732.3
tools,meta,eog,itsm,3,1,2,task_20251223_101136_983_1d219d93_d1ba6c2d,0.5,0,324307,340.0
tools,meta,eog,itsm,3,1,2,task_20251223_132605_091_764e5ead_dd00cc8f,0.6,0,366477,453.0
tools,meta,eog,itsm,3,1,2,task_20251223_151555_341_764e5ead_9648644d,0.571429,0,387804,332.4
tools,meta,eog,itsm,3,1,2,task_20260112_183416_157_a8eea1c0_0d6acfd0,0.4,0,177311,176.6
tools,meta,eog,itsm,3,1,2,task_20260113_031046_703_99ba2325_54f35603,1.0,1,173329,107.4
tools,meta,eog,itsm,3,1,2,task_20260113_182216_716_a8eea1c0_7a0619e9,1.0,1,203309,207.9
tools,meta,eog,itsm,3,1,2,task_20260113_182602_664_46ca2862_b6ef60ca,1.0,1,231165,398.2
tools,meta,eog,itsm,3,1,2,task_20260113_212050_548_a8eea1c0_73a73ce7,0.0,0,118288,239.9
tools,meta,eog,itsm,3,1,2,task_20260114_094327_107_46ca2862_796e7685,1.0,1,233985,287.3
tools,meta,eog,itsm,3,1,2,task_20260114_174427_042_99ba2325_7915481a,0.0,0,59991,162.2
tools,meta,eog,itsm,3,1,2,task_20260114_180601_485_99ba2325_2dc8b3ce,0.666667,0,210261,176.7
tools,meta,eog,itsm,3,1,2,task_20260114_181932_082_99ba2325_92ddef90,0.6,0,242485,259.2
tools,meta,eog,itsm,3,1,2,task_20260115_143541_964_fa1836dc_dc6652fd,0.0,0,60032,171.9
tools,meta,eog,itsm,3,1,2,task_20260115_152733_296_46ca2862_55f848d3,0.6,0,233698,231.0
tools,meta,eog,itsm,3,1,2,task_20260115_172636_260_fa1836dc_7a703e50,0.5,0,169359,76.3
tools,meta,eog,itsm,3,1,2,task_20260116_081645_096_66392a82_fd509f97,1.0,1,359147,697.3
tools,meta,eog,itsm,3,1,2,task_20260116_101840_488_e6427839_81df8ba3,0.75,0,260313,176.9
tools,meta,eog,itsm,3,1,2,task_20260116_124300_245_1d219d93_76cd5b4d,0.5,0,148525,142.7
tools,meta,eog,itsm,3,1,2,task_20260116_224538_330_66392a82_10d0806e,0.6,0,469857,353.9
tools,meta,eog,itsm,3,1,3,task_20251210_205620_593_391f1eff_ad65c160,0.5,0,206975,303.1
tools,meta,eog,itsm,3,1,3,task_20251212_172511_458_e6427839_47076c15,0.5,0,111335,110.4
tools,meta,eog,itsm,3,1,3,task_20251212_184405_886_e6427839_6413728a,0.333333,0,168349,89.1
tools,meta,eog,itsm,3,1,3,task_20251212_191411_655_391f1eff_2fef896f,1.0,1,206457,267.9
tools,meta,eog,itsm,3,1,3,task_20251216_131651_690_764e5ead_f8619b02,0.666667,0,175030,176.9
tools,meta,eog,itsm,3,1,3,task_20251217_153037_688_97d7df7d_be0bd794,1.0,1,229450,132.7
tools,meta,eog,itsm,3,1,3,task_20251217_205244_161_764e5ead_20429ef8,0.75,0,233690,123.9
tools,meta,eog,itsm,3,1,3,task_20251218_061956_641_109c89c0_423ed8ee,0.571429,0,323593,383.7
tools,meta,eog,itsm,3,1,3,task_20251218_082708_201_99ba2325_51726f9c,0.5,0,144691,122.0
tools,meta,eog,itsm,3,1,3,task_20251218_093719_611_764e5ead_5817d09a,1.0,1,362225,382.4
tools,meta,eog,itsm,3,1,3,task_20251218_104259_233_66392a82_74b17170,1.0,1,170335,117.5
tools,meta,eog,itsm,3,1,3,task_20251218_121722_423_1d219d93_8218da6c,0.666667,0,387316,435.0
tools,meta,eog,itsm,3,1,3,task_20251218_124419_383_66392a82_52c8290e,1.0,1,174911,180.7
tools,meta,eog,itsm,3,1,3,task_20251218_155314_617_c5ca08eb_3ce3c52f,0.0,0,140681,118.9
tools,meta,eog,itsm,3,1,3,task_20251218_183102_136_391f1eff_ac9a6986,0.5,0,140971,144.8
tools,meta,eog,itsm,3,1,3,task_20251218_220134_063_391f1eff_30369342,1.0,1,201771,196.8
tools,meta,eog,itsm,3,1,3,task_20251218_234602_633_391f1eff_09a746e7,0.5,0,176813,244.0
tools,meta,eog,itsm,3,1,3,task_20251219_091707_306_ad5a67e3_a76dbe57,0.0,0,82746,153.2
tools,meta,eog,itsm,3,1,3,task_20251219_111447_756_66392a82_1c69521d,1.0,1,111281,86.8
tools,meta,eog,itsm,3,1,3,task_20251219_115925_475_1d219d93_53d34d23,0.4,0,329547,255.8
tools,meta,eog,itsm,3,1,3,task_20251219_144431_663_97d7df7d_a52988e5,0.0,0,206537,399.8
tools,meta,eog,itsm,3,1,3,task_20251221_233237_652_66392a82_c1a599bb,1.0,1,143035,129.2
tools,meta,eog,itsm,3,1,3,task_20251222_072805_599_99ba2325_ae6b0778,1.0,1,240160,271.3
tools,meta,eog,itsm,3,1,3,task_20251222_105710_498_391f1eff_8b25dbef,1.0,1,174002,139.1
tools,meta,eog,itsm,3,1,3,task_20251222_133355_087_30600918_e9215c57,0.25,0,240353,347.5
tools,meta,eog,itsm,3,1,3,task_20251222_140957_029_c5ca08eb_3c4271f0,0.666667,0,141873,136.8
tools,meta,eog,itsm,3,1,3,task_20251222_190928_391_391f1eff_8cb006f5,0.25,0,203675,360.5
tools,meta,eog,itsm,3,1,3,task_20251222_195853_743_0be70e35_0916fba8,0.5,0,213347,204.3
tools,meta,eog,itsm,3,1,3,task_20251223_064316_340_01395ded_9c6f3e01,0.25,0,504299,658.1
tools,meta,eog,itsm,3,1,3,task_20251223_101136_983_1d219d93_d1ba6c2d,0.5,0,294720,282.3
tools,meta,eog,itsm,3,1,3,task_20251223_132605_091_764e5ead_dd00cc8f,0.6,0,348387,494.1
tools,meta,eog,itsm,3,1,3,task_20251223_151555_341_764e5ead_9648644d,0.571429,0,424652,304.0
tools,meta,eog,itsm,3,1,3,task_20260112_183416_157_a8eea1c0_0d6acfd0,0.4,0,208677,244.8
tools,meta,eog,itsm,3,1,3,task_20260113_031046_703_99ba2325_54f35603,1.0,1,211749,178.1
tools,meta,eog,itsm,3,1,3,task_20260113_182216_716_a8eea1c0_7a0619e9,0.666667,0,205346,229.4
tools,meta,eog,itsm,3,1,3,task_20260113_182602_664_46ca2862_b6ef60ca,0.5,0,142244,164.4
tools,meta,eog,itsm,3,1,3,task_20260113_212050_548_a8eea1c0_73a73ce7,0.0,0,118690,153.2
tools,meta,eog,itsm,3,1,3,task_20260114_094327_107_46ca2862_796e7685,1.0,1,235405,337.5
tools,meta,eog,itsm,3,1,3,task_20260114_174427_042_99ba2325_7915481a,0.333333,0,151360,233.1
tools,meta,eog,itsm,3,1,3,task_20260114_180601_485_99ba2325_2dc8b3ce,0.666667,0,240732,193.0
tools,meta,eog,itsm,3,1,3,task_20260114_181932_082_99ba2325_92ddef90,0.4,0,269370,297.7
tools,meta,eog,itsm,3,1,3,task_20260115_143541_964_fa1836dc_dc6652fd,0.0,0,91113,220.4
tools,meta,eog,itsm,3,1,3,task_20260115_152733_296_46ca2862_55f848d3,0.6,0,258063,202.1
tools,meta,eog,itsm,3,1,3,task_20260115_172636_260_fa1836dc_7a703e50,0.5,0,169022,79.8
tools,meta,eog,itsm,3,1,3,task_20260116_081645_096_66392a82_fd509f97,0.6,0,220354,464.6
tools,meta,eog,itsm,3,1,3,task_20260116_101840_488_e6427839_81df8ba3,0.75,0,199504,164.1
tools,meta,eog,itsm,3,1,3,task_20260116_124300_245_1d219d93_76cd5b4d,0.5,0,178956,265.8
tools,meta,eog,itsm,3,1,3,task_20260116_224538_330_66392a82_10d0806e,0.8,0,517076,558.9
tools,meta,eog,itsm,3,2,1,task_20251218_164829_676_97d7df7d_893f6b2c,0.333333,0,308946,505.3
tools,meta,eog,itsm,3,2,1,task_20251219_062202_346_66392a82_1d2065dd,0.666667,0,168024,95.1
tools,meta,eog,itsm,3,2,1,task_20251219_130920_558_99ba2325_7f9481df,1.0,1,223477,94.0
tools,meta,eog,itsm,3,2,1,task_20251221_045452_579_99ba2325_0e601eac,0.8,0,317105,174.3
tools,meta,eog,itsm,3,2,1,task_20251222_075116_761_30600918_a7f0a69a,0.25,0,150011,92.7
tools,meta,eog,itsm,3,2,1,task_20251223_063905_655_30600918_3e736be9,0.4,0,248596,226.8
tools,meta,eog,itsm,3,2,1,task_20251223_135402_072_c5ca08eb_67009578,1.0,1,171784,95.5
tools,meta,eog,itsm,3,2,1,task_20260112_194743_238_a8eea1c0_a4b1468a,0.166667,0,403540,632.4
tools,meta,eog,itsm,3,2,1,task_20260113_183935_893_e6427839_03a04c19,1.0,1,227673,151.5
tools,meta,eog,itsm,3,2,1,task_20260114_073658_459_78a5b71e_cab5cc9f,0.5,0,237071,154.8
tools,meta,eog,itsm,3,2,1,task_20260115_153041_899_d4a463c3_cab6d59b,0.5,0,343159,390.5
tools,meta,eog,itsm,3,2,1,task_20260117_000130_134_2aa6b0ad_a20f3a61,0.0,0,311119,345.1
tools,meta,eog,itsm,3,2,2,task_20251218_164829_676_97d7df7d_893f6b2c,0.0,0,241072,347.1
tools,meta,eog,itsm,3,2,2,task_20251219_062202_346_66392a82_1d2065dd,1.0,1,115581,95.9
tools,meta,eog,itsm,3,2,2,task_20251219_130920_558_99ba2325_7f9481df,1.0,1,194396,112.0
tools,meta,eog,itsm,3,2,2,task_20251221_045452_579_99ba2325_0e601eac,0.8,0,319196,283.8
tools,meta,eog,itsm,3,2,2,task_20251222_075116_761_30600918_a7f0a69a,0.25,0,183339,163.5
tools,meta,eog,itsm,3,2,2,task_20251223_063905_655_30600918_3e736be9,0.2,0,184120,200.3
tools,meta,eog,itsm,3,2,2,task_20251223_135402_072_c5ca08eb_67009578,1.0,1,143273,108.4
tools,meta,eog,itsm,3,2,2,task_20260112_194743_238_a8eea1c0_a4b1468a,0.166667,0,367589,370.2
tools,meta,eog,itsm,3,2,2,task_20260113_183935_893_e6427839_03a04c19,1.0,1,197056,83.3
tools,meta,eog,itsm,3,2,2,task_20260114_073658_459_78a5b71e_cab5cc9f,0.5,0,231904,109.1
tools,meta,eog,itsm,3,2,2,task_20260115_153041_899_d4a463c3_cab6d59b,0.5,0,361938,301.7
tools,meta,eog,itsm,3,2,2,task_20260117_000130_134_2aa6b0ad_a20f3a61,0.0,0,188138,249.0
tools,meta,eog,itsm,3,2,3,task_20251218_164829_676_97d7df7d_893f6b2c,0.0,0,361249,490.9
tools,meta,eog,itsm,3,2,3,task_20251219_062202_346_66392a82_1d2065dd,0.666667,0,169316,71.6
tools,meta,eog,itsm,3,2,3,task_20251219_130920_558_99ba2325_7f9481df,1.0,1,196022,75.1
tools,meta,eog,itsm,3,2,3,task_20251221_045452_579_99ba2325_0e601eac,0.8,0,288129,260.3
tools,meta,eog,itsm,3,2,3,task_20251222_075116_761_30600918_a7f0a69a,0.25,0,152401,136.4
tools,meta,eog,itsm,3,2,3,task_20251223_063905_655_30600918_3e736be9,0.0,0,184238,171.4
tools,meta,eog,itsm,3,2,3,task_20251223_135402_072_c5ca08eb_67009578,1.0,1,142522,94.9
tools,meta,eog,itsm,3,2,3,task_20260112_194743_238_a8eea1c0_a4b1468a,0.666667,0,243825,208.6
tools,meta,eog,itsm,3,2,3,task_20260113_183935_893_e6427839_03a04c19,0.5,0,138852,57.0
tools,meta,eog,itsm,3,2,3,task_20260114_073658_459_78a5b71e_cab5cc9f,0.5,0,233506,162.6
tools,meta,eog,itsm,3,2,3,task_20260115_153041_899_d4a463c3_cab6d59b,0.75,0,374265,284.2
tools,meta,eog,itsm,3,2,3,task_20260117_000130_134_2aa6b0ad_a20f3a61,0.0,0,281807,447.5
tools,meta,eog,itsm,3,3,1,task_20251212_191815_314_391f1eff_c23d76df,0.333333,0,271409,273.2
tools,meta,eog,itsm,3,3,1,task_20251218_183819_272_99ba2325_dd71c332,0.0,0,87001,139.2
tools,meta,eog,itsm,3,3,1,task_20251218_184224_139_764e5ead_e6e42358,0.6,0,401928,341.6
tools,meta,eog,itsm,3,3,1,task_20251219_134543_563_fa1836dc_00dab62f,1.0,1,233981,151.7
tools,meta,eog,itsm,3,3,1,task_20251219_174851_846_764e5ead_250f05e1,0.285714,0,585851,250.0
tools,meta,eog,itsm,3,3,1,task_20251222_181355_411_764e5ead_48850a98,0.0,0,27983,29.9
tools,meta,eog,itsm,3,3,1,task_20251223_081019_100_d4a463c3_f8774fe4,0.5,0,139079,82.4
tools,meta,eog,itsm,3,3,1,task_20260113_125933_225_accab84d_d7ec710e,0.0,0,191521,331.3
tools,meta,eog,itsm,3,3,1,task_20260113_143610_437_46ca2862_56a4f834,0.4,0,205146,184.7
tools,meta,eog,itsm,3,3,1,task_20260114_081229_036_78a5b71e_a4fb07a9,0.5,0,87809,145.4
tools,meta,eog,itsm,3,3,1,task_20260114_134336_659_e6427839_91142068,0.8,0,406987,199.9
tools,meta,eog,itsm,3,3,1,task_20260114_173716_566_46ca2862_301e0b47,0.833333,0,374593,406.6
tools,meta,eog,itsm,3,3,1,task_20260116_235649_372_66392a82_ccb66a9a,0.5,0,237206,246.3
tools,meta,eog,itsm,3,3,2,task_20251212_191815_314_391f1eff_c23d76df,0.333333,0,269110,260.2
tools,meta,eog,itsm,3,3,2,task_20251218_183819_272_99ba2325_dd71c332,0.0,0,28371,29.7
tools,meta,eog,itsm,3,3,2,task_20251218_184224_139_764e5ead_e6e42358,0.6,0,482097,328.0
tools,meta,eog,itsm,3,3,2,task_20251219_134543_563_fa1836dc_00dab62f,1.0,1,292222,195.5
tools,meta,eog,itsm,3,3,2,task_20251219_174851_846_764e5ead_250f05e1,0.428571,0,393899,305.4
tools,meta,eog,itsm,3,3,2,task_20251222_181355_411_764e5ead_48850a98,0.0,0,27863,31.2
tools,meta,eog,itsm,3,3,2,task_20251223_081019_100_d4a463c3_f8774fe4,1.0,1,168882,115.9
tools,meta,eog,itsm,3,3,2,task_20260113_125933_225_accab84d_d7ec710e,0.333333,0,509074,539.5
tools,meta,eog,itsm,3,3,2,task_20260113_143610_437_46ca2862_56a4f834,0.4,0,263439,139.5
tools,meta,eog,itsm,3,3,2,task_20260114_081229_036_78a5b71e_a4fb07a9,0.5,0,116918,137.9
tools,meta,eog,itsm,3,3,2,task_20260114_134336_659_e6427839_91142068,0.8,0,409823,262.0
tools,meta,eog,itsm,3,3,2,task_20260114_173716_566_46ca2862_301e0b47,1.0,1,293258,208.2
tools,meta,eog,itsm,3,3,2,task_20260116_235649_372_66392a82_ccb66a9a,0.5,0,209971,216.8
tools,meta,eog,itsm,3,3,3,task_20251212_191815_314_391f1eff_c23d76df,0.333333,0,236114,192.6
tools,meta,eog,itsm,3,3,3,task_20251218_183819_272_99ba2325_dd71c332,1.0,1,115761,119.0
tools,meta,eog,itsm,3,3,3,task_20251218_184224_139_764e5ead_e6e42358,0.6,0,469833,343.5
tools,meta,eog,itsm,3,3,3,task_20251219_134543_563_fa1836dc_00dab62f,0.75,0,290782,183.3
tools,meta,eog,itsm,3,3,3,task_20251219_174851_846_764e5ead_250f05e1,0.285714,0,337431,349.6
tools,meta,eog,itsm,3,3,3,task_20251222_181355_411_764e5ead_48850a98,0.25,0,418236,374.8
tools,meta,eog,itsm,3,3,3,task_20251223_081019_100_d4a463c3_f8774fe4,0.5,0,140086,95.9
tools,meta,eog,itsm,3,3,3,task_20260113_125933_225_accab84d_d7ec710e,0.0,0,123028,199.7
tools,meta,eog,itsm,3,3,3,task_20260113_143610_437_46ca2862_56a4f834,0.4,0,232906,135.4
tools,meta,eog,itsm,3,3,3,task_20260114_081229_036_78a5b71e_a4fb07a9,0.5,0,146130,196.6
tools,meta,eog,itsm,3,3,3,task_20260114_134336_659_e6427839_91142068,0.8,0,297370,222.3
tools,meta,eog,itsm,3,3,3,task_20260114_173716_566_46ca2862_301e0b47,0.833333,0,293572,205.3
tools,meta,eog,itsm,3,3,3,task_20260116_235649_372_66392a82_ccb66a9a,0.5,0,179700,208.5
tools,meta,eog,teams,1,1,1,task_20251121_134729_533_464ee3e0_2dcf2712,1.0,1,78866,110.2
tools,meta,eog,teams,1,1,1,task_20251123_232016_480_7ebc1127_7a8d85a7,1.0,1,209424,130.2
tools,meta,eog,teams,1,1,1,task_20251125_110309_032_464ee3e0_33f12828,0.75,0,157506,96.0
tools,meta,eog,teams,1,1,1,task_20251125_113335_636_7ebc1127_a4ebffe8,0.5,0,136066,150.9
tools,meta,eog,teams,1,1,1,task_20251126_054150_897_7ebc1127_60097647,1.0,1,125121,60.5
tools,meta,eog,teams,1,1,1,task_20251129_042410_343_df0ecdeb_573538d3,0.8,0,208898,188.0
tools,meta,eog,teams,1,1,1,task_20251203_080912_583_df0ecdeb_a3470951,0.7,0,248929,227.4
tools,meta,eog,teams,1,1,1,task_20251203_115913_239_b5bd4eb9_2e02dcf0,0.0,0,53269,110.7
tools,meta,eog,teams,1,1,1,task_20260106_003109_589_b5bd4eb9_d0454fa5,1.0,1,221347,195.5
tools,meta,eog,teams,1,1,1,task_20260106_104903_639_0154326e_81f6a68a,0.5,0,133671,153.1
tools,meta,eog,teams,1,1,1,task_20260106_112645_853_8e9e30d7_1d4b934c,1.0,1,187528,175.9
tools,meta,eog,teams,1,1,1,task_20260106_123222_425_8e9e30d7_7dea421b,0.8,0,108882,138.8
tools,meta,eog,teams,1,1,1,task_20260106_155851_715_df0ecdeb_7b4347ef,0.75,0,163623,217.5
tools,meta,eog,teams,1,1,1,task_20260107_032952_337_7ebc1127_75b96b98,1.0,1,136501,162.1
tools,meta,eog,teams,1,1,1,task_20260108_075149_000_df0ecdeb_ead1b33a,1.0,1,127399,75.5
tools,meta,eog,teams,1,1,1,task_20260108_082113_548_df0ecdeb_2725d17f,0.75,0,102113,142.0
tools,meta,eog,teams,1,1,1,task_20260108_172650_003_8e9e30d7_a1ff8588,0.272727,0,207982,278.7
tools,meta,eog,teams,1,1,1,task_20260108_194921_186_8e9e30d7_a087d6f8,0.333333,0,314492,384.9
tools,meta,eog,teams,1,1,1,task_20260109_063128_468_8e9e30d7_e983fafa,0.0,0,255789,310.1
tools,meta,eog,teams,1,1,1,task_20260109_122356_038_0154326e_d224a99d,1.0,1,135101,188.2
tools,meta,eog,teams,1,1,2,task_20251121_134729_533_464ee3e0_2dcf2712,1.0,1,106631,91.5
tools,meta,eog,teams,1,1,2,task_20251123_232016_480_7ebc1127_7a8d85a7,1.0,1,208665,85.9
tools,meta,eog,teams,1,1,2,task_20251125_110309_032_464ee3e0_33f12828,0.75,0,130995,70.3
tools,meta,eog,teams,1,1,2,task_20251125_113335_636_7ebc1127_a4ebffe8,0.333333,0,219487,149.2
tools,meta,eog,teams,1,1,2,task_20251126_054150_897_7ebc1127_60097647,1.0,1,125921,83.5
tools,meta,eog,teams,1,1,2,task_20251129_042410_343_df0ecdeb_573538d3,0.8,0,183403,151.1
tools,meta,eog,teams,1,1,2,task_20251203_080912_583_df0ecdeb_a3470951,0.6,0,307312,196.1
tools,meta,eog,teams,1,1,2,task_20251203_115913_239_b5bd4eb9_2e02dcf0,0.857143,0,139859,208.0
tools,meta,eog,teams,1,1,2,task_20260106_003109_589_b5bd4eb9_d0454fa5,1.0,1,220006,199.8
tools,meta,eog,teams,1,1,2,task_20260106_104903_639_0154326e_81f6a68a,0.666667,0,212480,239.9
tools,meta,eog,teams,1,1,2,task_20260106_112645_853_8e9e30d7_1d4b934c,1.0,1,133581,143.7
tools,meta,eog,teams,1,1,2,task_20260106_123222_425_8e9e30d7_7dea421b,0.8,0,108749,167.1
tools,meta,eog,teams,1,1,2,task_20260106_155851_715_df0ecdeb_7b4347ef,1.0,1,163031,209.4
tools,meta,eog,teams,1,1,2,task_20260107_032952_337_7ebc1127_75b96b98,0.5,0,167747,221.7
tools,meta,eog,teams,1,1,2,task_20260108_075149_000_df0ecdeb_ead1b33a,1.0,1,129646,84.2
tools,meta,eog,teams,1,1,2,task_20260108_082113_548_df0ecdeb_2725d17f,0.75,0,102084,108.7
tools,meta,eog,teams,1,1,2,task_20260108_172650_003_8e9e30d7_a1ff8588,0.181818,0,258181,160.8
tools,meta,eog,teams,1,1,2,task_20260108_194921_186_8e9e30d7_a087d6f8,0.444444,0,381999,424.4
tools,meta,eog,teams,1,1,2,task_20260109_063128_468_8e9e30d7_e983fafa,0.166667,0,170905,209.9
tools,meta,eog,teams,1,1,2,task_20260109_122356_038_0154326e_d224a99d,0.714286,0,192274,263.3
tools,meta,eog,teams,1,1,3,task_20251121_134729_533_464ee3e0_2dcf2712,1.0,1,105930,73.5
tools,meta,eog,teams,1,1,3,task_20251123_232016_480_7ebc1127_7a8d85a7,1.0,1,206725,98.6
tools,meta,eog,teams,1,1,3,task_20251125_110309_032_464ee3e0_33f12828,1.0,1,183160,99.6
tools,meta,eog,teams,1,1,3,task_20251125_113335_636_7ebc1127_a4ebffe8,0.333333,0,221674,201.7
tools,meta,eog,teams,1,1,3,task_20251126_054150_897_7ebc1127_60097647,1.0,1,125144,63.7
tools,meta,eog,teams,1,1,3,task_20251129_042410_343_df0ecdeb_573538d3,1.0,1,270264,187.6
tools,meta,eog,teams,1,1,3,task_20251203_080912_583_df0ecdeb_a3470951,1.0,1,207966,128.5
tools,meta,eog,teams,1,1,3,task_20251203_115913_239_b5bd4eb9_2e02dcf0,0.857143,0,219903,225.4
tools,meta,eog,teams,1,1,3,task_20260106_003109_589_b5bd4eb9_d0454fa5,1.0,1,245403,140.5
tools,meta,eog,teams,1,1,3,task_20260106_104903_639_0154326e_81f6a68a,0.5,0,212223,198.3
tools,meta,eog,teams,1,1,3,task_20260106_112645_853_8e9e30d7_1d4b934c,1.0,1,189690,158.9
tools,meta,eog,teams,1,1,3,task_20260106_123222_425_8e9e30d7_7dea421b,0.8,0,108375,161.5
tools,meta,eog,teams,1,1,3,task_20260106_155851_715_df0ecdeb_7b4347ef,0.75,0,161623,176.3
tools,meta,eog,teams,1,1,3,task_20260107_032952_337_7ebc1127_75b96b98,1.0,1,160100,111.9
tools,meta,eog,teams,1,1,3,task_20260108_075149_000_df0ecdeb_ead1b33a,1.0,1,156075,129.8
tools,meta,eog,teams,1,1,3,task_20260108_082113_548_df0ecdeb_2725d17f,0.75,0,128932,80.0
tools,meta,eog,teams,1,1,3,task_20260108_172650_003_8e9e30d7_a1ff8588,0.272727,0,179823,237.7
tools,meta,eog,teams,1,1,3,task_20260108_194921_186_8e9e30d7_a087d6f8,0.555556,0,176576,206.2
tools,meta,eog,teams,1,1,3,task_20260109_063128_468_8e9e30d7_e983fafa,0.0,0,81365,140.3
tools,meta,eog,teams,1,1,3,task_20260109_122356_038_0154326e_d224a99d,0.714286,0,198644,242.8
tools,meta,eog,teams,1,2,1,task_20251125_115122_370_8e9e30d7_e2700b24,0.875,0,270998,284.0
tools,meta,eog,teams,1,2,1,task_20251129_042304_817_df0ecdeb_3df990f2,0.75,0,185806,93.4
tools,meta,eog,teams,1,2,1,task_20251204_100825_050_df0ecdeb_c1b28adf,0.875,0,261360,210.0
tools,meta,eog,teams,1,2,1,task_20260105_163515_719_8e9e30d7_d86e69de,1.0,1,339728,606.9
tools,meta,eog,teams,1,2,1,task_20260105_225106_969_0154326e_fc0d4a7b,0.2,0,56118,66.3
tools,meta,eog,teams,1,2,1,task_20260107_044347_094_7ebc1127_4e1fc798,0.8,0,89600,146.5
tools,meta,eog,teams,1,2,1,task_20260108_162420_138_df0ecdeb_96950310,1.0,1,113427,193.5
tools,meta,eog,teams,1,2,1,task_20260108_174958_137_df0ecdeb_a05f1e14,1.0,1,198020,158.5
tools,meta,eog,teams,1,2,1,task_20260109_060901_602_8e9e30d7_06581f9f,1.0,1,148182,250.1
tools,meta,eog,teams,1,2,1,task_20260109_063639_321_8e9e30d7_c31290aa,1.0,1,130711,199.2
tools,meta,eog,teams,1,2,1,task_20260109_155926_434_df0ecdeb_405562a2,0.0,0,348403,418.3
tools,meta,eog,teams,1,2,2,task_20251125_115122_370_8e9e30d7_e2700b24,0.875,0,241692,331.0
tools,meta,eog,teams,1,2,2,task_20251129_042304_817_df0ecdeb_3df990f2,0.75,0,95937,115.1
tools,meta,eog,teams,1,2,2,task_20251204_100825_050_df0ecdeb_c1b28adf,1.0,1,325664,488.7
tools,meta,eog,teams,1,2,2,task_20260105_163515_719_8e9e30d7_d86e69de,0.833333,0,402920,917.3
tools,meta,eog,teams,1,2,2,task_20260105_225106_969_0154326e_fc0d4a7b,1.0,1,204208,182.0
tools,meta,eog,teams,1,2,2,task_20260107_044347_094_7ebc1127_4e1fc798,1.0,1,178009,216.8
tools,meta,eog,teams,1,2,2,task_20260108_162420_138_df0ecdeb_96950310,1.0,1,113627,206.9
tools,meta,eog,teams,1,2,2,task_20260108_174958_137_df0ecdeb_a05f1e14,0.888889,0,173488,129.1
tools,meta,eog,teams,1,2,2,task_20260109_060901_602_8e9e30d7_06581f9f,1.0,1,180347,223.8
tools,meta,eog,teams,1,2,2,task_20260109_063639_321_8e9e30d7_c31290aa,1.0,1,258157,507.0
tools,meta,eog,teams,1,2,2,task_20260109_155926_434_df0ecdeb_405562a2,0.0,0,286240,590.5
tools,meta,eog,teams,1,2,3,task_20251125_115122_370_8e9e30d7_e2700b24,1.0,1,362782,653.6
tools,meta,eog,teams,1,2,3,task_20251129_042304_817_df0ecdeb_3df990f2,1.0,1,189073,228.8
tools,meta,eog,teams,1,2,3,task_20251204_100825_050_df0ecdeb_c1b28adf,0.875,0,98583,244.5
tools,meta,eog,teams,1,2,3,task_20260105_163515_719_8e9e30d7_d86e69de,0.5,0,183260,505.3
tools,meta,eog,teams,1,2,3,task_20260105_225106_969_0154326e_fc0d4a7b,0.2,0,56670,137.3
tools,meta,eog,teams,1,2,3,task_20260107_044347_094_7ebc1127_4e1fc798,0.8,0,239279,509.0
tools,meta,eog,teams,1,2,3,task_20260108_162420_138_df0ecdeb_96950310,1.0,1,142906,255.3
tools,meta,eog,teams,1,2,3,task_20260108_174958_137_df0ecdeb_a05f1e14,1.0,1,225394,245.2
tools,meta,eog,teams,1,2,3,task_20260109_060901_602_8e9e30d7_06581f9f,1.0,1,118505,291.7
tools,meta,eog,teams,1,2,3,task_20260109_063639_321_8e9e30d7_c31290aa,1.0,1,407364,592.4
tools,meta,eog,teams,1,2,3,task_20260109_155926_434_df0ecdeb_405562a2,0.0,0,283389,730.0
tools,meta,eog,teams,2,1,1,task_20251121_134729_533_464ee3e0_2dcf2712,1.0,1,120992,88.6
tools,meta,eog,teams,2,1,1,task_20251123_232016_480_7ebc1127_7a8d85a7,1.0,1,236881,141.0
tools,meta,eog,teams,2,1,1,task_20251125_110309_032_464ee3e0_33f12828,1.0,1,177242,88.8
tools,meta,eog,teams,2,1,1,task_20251125_113335_636_7ebc1127_a4ebffe8,0.5,0,219588,186.3
tools,meta,eog,teams,2,1,1,task_20251126_054150_897_7ebc1127_60097647,1.0,1,143339,67.3
tools,meta,eog,teams,2,1,1,task_20251129_042410_343_df0ecdeb_573538d3,0.8,0,194653,126.8
tools,meta,eog,teams,2,1,1,task_20251203_080912_583_df0ecdeb_a3470951,1.0,1,166714,119.4
tools,meta,eog,teams,2,1,1,task_20251203_115913_239_b5bd4eb9_2e02dcf0,0.0,0,61369,119.5
tools,meta,eog,teams,2,1,1,task_20260106_003109_589_b5bd4eb9_d0454fa5,0.0,0,320211,354.5
tools,meta,eog,teams,2,1,1,task_20260106_104903_639_0154326e_81f6a68a,0.5,0,205630,171.0
tools,meta,eog,teams,2,1,1,task_20260106_112645_853_8e9e30d7_1d4b934c,1.0,1,177329,173.3
tools,meta,eog,teams,2,1,1,task_20260106_123222_425_8e9e30d7_7dea421b,1.0,1,212093,233.7
tools,meta,eog,teams,2,1,1,task_20260106_155851_715_df0ecdeb_7b4347ef,0.75,0,210217,319.6
tools,meta,eog,teams,2,1,1,task_20260107_032952_337_7ebc1127_75b96b98,0.833333,0,153462,185.3
tools,meta,eog,teams,2,1,1,task_20260108_075149_000_df0ecdeb_ead1b33a,1.0,1,170706,127.3
tools,meta,eog,teams,2,1,1,task_20260108_082113_548_df0ecdeb_2725d17f,1.0,1,149056,162.3
tools,meta,eog,teams,2,1,1,task_20260108_172650_003_8e9e30d7_a1ff8588,0.272727,0,413902,214.4
tools,meta,eog,teams,2,1,1,task_20260108_194921_186_8e9e30d7_a087d6f8,0.666667,0,390148,355.5
tools,meta,eog,teams,2,1,1,task_20260109_063128_468_8e9e30d7_e983fafa,0.0,0,351669,328.3
tools,meta,eog,teams,2,1,1,task_20260109_122356_038_0154326e_d224a99d,0.857143,0,222698,212.8
tools,meta,eog,teams,2,1,2,task_20251121_134729_533_464ee3e0_2dcf2712,1.0,1,121064,78.3
tools,meta,eog,teams,2,1,2,task_20251123_232016_480_7ebc1127_7a8d85a7,1.0,1,235896,93.8
tools,meta,eog,teams,2,1,2,task_20251125_110309_032_464ee3e0_33f12828,1.0,1,147086,50.9
tools,meta,eog,teams,2,1,2,task_20251125_113335_636_7ebc1127_a4ebffe8,0.5,0,350564,270.2
tools,meta,eog,teams,2,1,2,task_20251126_054150_897_7ebc1127_60097647,1.0,1,143418,44.4
tools,meta,eog,teams,2,1,2,task_20251129_042410_343_df0ecdeb_573538d3,0.8,0,196396,165.9
tools,meta,eog,teams,2,1,2,task_20251203_080912_583_df0ecdeb_a3470951,0.9,0,233321,196.4
tools,meta,eog,teams,2,1,2,task_20251203_115913_239_b5bd4eb9_2e02dcf0,0.0,0,91158,153.2
tools,meta,eog,teams,2,1,2,task_20260106_003109_589_b5bd4eb9_d0454fa5,0.666667,0,253438,288.5
tools,meta,eog,teams,2,1,2,task_20260106_104903_639_0154326e_81f6a68a,0.666667,0,269009,195.7
tools,meta,eog,teams,2,1,2,task_20260106_112645_853_8e9e30d7_1d4b934c,1.0,1,206778,194.1
tools,meta,eog,teams,2,1,2,task_20260106_123222_425_8e9e30d7_7dea421b,0.8,0,177667,289.5
tools,meta,eog,teams,2,1,2,task_20260106_155851_715_df0ecdeb_7b4347ef,0.75,0,183831,261.6
tools,meta,eog,teams,2,1,2,task_20260107_032952_337_7ebc1127_75b96b98,1.0,1,247698,224.0
tools,meta,eog,teams,2,1,2,task_20260108_075149_000_df0ecdeb_ead1b33a,1.0,1,172019,186.3
tools,meta,eog,teams,2,1,2,task_20260108_082113_548_df0ecdeb_2725d17f,1.0,1,148263,149.6
tools,meta,eog,teams,2,1,2,task_20260108_172650_003_8e9e30d7_a1ff8588,0.363636,0,199266,268.7
tools,meta,eog,teams,2,1,2,task_20260108_194921_186_8e9e30d7_a087d6f8,0.666667,0,260418,257.7
tools,meta,eog,teams,2,1,2,task_20260109_063128_468_8e9e30d7_e983fafa,0.5,0,310310,307.7
tools,meta,eog,teams,2,1,2,task_20260109_122356_038_0154326e_d224a99d,1.0,1,219612,176.7
tools,meta,eog,teams,2,1,3,task_20251121_134729_533_464ee3e0_2dcf2712,1.0,1,121294,157.6
tools,meta,eog,teams,2,1,3,task_20251123_232016_480_7ebc1127_7a8d85a7,1.0,1,236162,151.2
tools,meta,eog,teams,2,1,3,task_20251125_110309_032_464ee3e0_33f12828,1.0,1,205117,161.5
tools,meta,eog,teams,2,1,3,task_20251125_113335_636_7ebc1127_a4ebffe8,0.5,0,281115,236.3
tools,meta,eog,teams,2,1,3,task_20251126_054150_897_7ebc1127_60097647,1.0,1,143938,87.3
tools,meta,eog,teams,2,1,3,task_20251129_042410_343_df0ecdeb_573538d3,0.8,0,228943,204.8
tools,meta,eog,teams,2,1,3,task_20251203_080912_583_df0ecdeb_a3470951,0.9,0,304067,226.3
tools,meta,eog,teams,2,1,3,task_20251203_115913_239_b5bd4eb9_2e02dcf0,0.0,0,60955,101.6
tools,meta,eog,teams,2,1,3,task_20260106_003109_589_b5bd4eb9_d0454fa5,1.0,1,307950,304.6
tools,meta,eog,teams,2,1,3,task_20260106_104903_639_0154326e_81f6a68a,0.5,0,296696,293.9
tools,meta,eog,teams,2,1,3,task_20260106_112645_853_8e9e30d7_1d4b934c,1.0,1,178944,282.1
tools,meta,eog,teams,2,1,3,task_20260106_123222_425_8e9e30d7_7dea421b,0.8,0,179026,310.1
tools,meta,eog,teams,2,1,3,task_20260106_155851_715_df0ecdeb_7b4347ef,0.0,0,59765,111.5
tools,meta,eog,teams,2,1,3,task_20260107_032952_337_7ebc1127_75b96b98,1.0,1,154564,203.8
tools,meta,eog,teams,2,1,3,task_20260108_075149_000_df0ecdeb_ead1b33a,1.0,1,173585,210.9
tools,meta,eog,teams,2,1,3,task_20260108_082113_548_df0ecdeb_2725d17f,0.75,0,119071,151.6
tools,meta,eog,teams,2,1,3,task_20260108_172650_003_8e9e30d7_a1ff8588,0.272727,0,333198,491.5
tools,meta,eog,teams,2,1,3,task_20260108_194921_186_8e9e30d7_a087d6f8,0.888889,0,362755,440.0
tools,meta,eog,teams,2,1,3,task_20260109_063128_468_8e9e30d7_e983fafa,0.0,0,288653,650.3
tools,meta,eog,teams,2,1,3,task_20260109_122356_038_0154326e_d224a99d,0.857143,0,186453,204.0
tools,meta,eog,teams,2,2,1,task_20251125_115122_370_8e9e30d7_e2700b24,0.875,0,311094,236.5
tools,meta,eog,teams,2,2,1,task_20251129_042304_817_df0ecdeb_3df990f2,0.75,0,230077,99.9
tools,meta,eog,teams,2,2,1,task_20251204_100825_050_df0ecdeb_c1b28adf,0.875,0,334759,170.8
tools,meta,eog,teams,2,2,1,task_20260105_163515_719_8e9e30d7_d86e69de,1.0,1,344393,496.5
tools,meta,eog,teams,2,2,1,task_20260105_225106_969_0154326e_fc0d4a7b,1.0,1,211716,114.5
tools,meta,eog,teams,2,2,1,task_20260107_044347_094_7ebc1127_4e1fc798,1.0,1,248122,141.6
tools,meta,eog,teams,2,2,1,task_20260108_162420_138_df0ecdeb_96950310,1.0,1,175242,186.2
tools,meta,eog,teams,2,2,1,task_20260108_174958_137_df0ecdeb_a05f1e14,0.888889,0,239931,102.8
tools,meta,eog,teams,2,2,1,task_20260109_060901_602_8e9e30d7_06581f9f,1.0,1,156729,158.2
tools,meta,eog,teams,2,2,1,task_20260109_063639_321_8e9e30d7_c31290aa,1.0,1,330489,421.8
tools,meta,eog,teams,2,2,1,task_20260109_155926_434_df0ecdeb_405562a2,0.0,0,462389,418.5
tools,meta,eog,teams,2,2,2,task_20251125_115122_370_8e9e30d7_e2700b24,0.875,0,347757,294.6
tools,meta,eog,teams,2,2,2,task_20251129_042304_817_df0ecdeb_3df990f2,0.75,0,230261,102.0
tools,meta,eog,teams,2,2,2,task_20251204_100825_050_df0ecdeb_c1b28adf,0.875,0,298103,179.9
tools,meta,eog,teams,2,2,2,task_20260105_163515_719_8e9e30d7_d86e69de,0.5,0,218117,258.9
tools,meta,eog,teams,2,2,2,task_20260105_225106_969_0154326e_fc0d4a7b,1.0,1,213492,169.2
tools,meta,eog,teams,2,2,2,task_20260107_044347_094_7ebc1127_4e1fc798,0.8,0,251567,207.6
tools,meta,eog,teams,2,2,2,task_20260108_162420_138_df0ecdeb_96950310,0.5,0,119214,168.1
tools,meta,eog,teams,2,2,2,task_20260108_174958_137_df0ecdeb_a05f1e14,1.0,1,238655,128.0
tools,meta,eog,teams,2,2,2,task_20260109_060901_602_8e9e30d7_06581f9f,1.0,1,152974,96.5
tools,meta,eog,teams,2,2,2,task_20260109_063639_321_8e9e30d7_c31290aa,1.0,1,387408,440.4
tools,meta,eog,teams,2,2,2,task_20260109_155926_434_df0ecdeb_405562a2,0.0,0,623518,680.5
tools,meta,eog,teams,2,2,3,task_20251125_115122_370_8e9e30d7_e2700b24,0.875,0,257262,197.3
tools,meta,eog,teams,2,2,3,task_20251129_042304_817_df0ecdeb_3df990f2,0.75,0,167416,98.1
tools,meta,eog,teams,2,2,3,task_20251204_100825_050_df0ecdeb_c1b28adf,0.875,0,300417,193.0
tools,meta,eog,teams,2,2,3,task_20260105_163515_719_8e9e30d7_d86e69de,1.0,1,318417,630.1
tools,meta,eog,teams,2,2,3,task_20260105_225106_969_0154326e_fc0d4a7b,1.0,1,243500,234.0
tools,meta,eog,teams,2,2,3,task_20260107_044347_094_7ebc1127_4e1fc798,0.8,0,154148,137.4
tools,meta,eog,teams,2,2,3,task_20260108_162420_138_df0ecdeb_96950310,1.0,1,117757,125.8
tools,meta,eog,teams,2,2,3,task_20260108_174958_137_df0ecdeb_a05f1e14,1.0,1,239095,87.0
tools,meta,eog,teams,2,2,3,task_20260109_060901_602_8e9e30d7_06581f9f,1.0,1,154887,120.5
tools,meta,eog,teams,2,2,3,task_20260109_063639_321_8e9e30d7_c31290aa,0.916667,0,363472,448.3
tools,meta,eog,teams,2,2,3,task_20260109_155926_434_df0ecdeb_405562a2,0.0,0,303063,397.6
tools,meta,eog,teams,2,3,1,task_20251126_070103_077_501bbb2c_7c7c4ea6,1.0,1,198816,160.4
tools,meta,eog,teams,2,3,1,task_20251202_174228_665_df0ecdeb_e84a9e55,1.0,1,334068,205.0
tools,meta,eog,teams,2,3,1,task_20251205_134123_742_b5bd4eb9_003270a9,1.0,1,337847,311.6
tools,meta,eog,teams,2,3,1,task_20251205_192805_864_464ee3e0_91f2c02f,0.0,0,33399,45.4
tools,meta,eog,teams,2,3,1,task_20251205_210412_800_0154326e_3caf7df7,1.0,1,286218,477.3
tools,meta,eog,teams,2,3,1,task_20260106_143232_971_0154326e_0af4275b,1.0,1,137469,212.1
tools,meta,eog,teams,2,3,2,task_20251126_070103_077_501bbb2c_7c7c4ea6,1.0,1,167464,143.1
tools,meta,eog,teams,2,3,2,task_20251202_174228_665_df0ecdeb_e84a9e55,1.0,1,371447,337.3
tools,meta,eog,teams,2,3,2,task_20251205_134123_742_b5bd4eb9_003270a9,1.0,1,171984,186.8
tools,meta,eog,teams,2,3,2,task_20251205_192805_864_464ee3e0_91f2c02f,0.666667,0,365091,294.8
tools,meta,eog,teams,2,3,2,task_20251205_210412_800_0154326e_3caf7df7,0.75,0,210959,290.1
tools,meta,eog,teams,2,3,2,task_20260106_143232_971_0154326e_0af4275b,1.0,1,137846,203.4
tools,meta,eog,teams,2,3,3,task_20251126_070103_077_501bbb2c_7c7c4ea6,1.0,1,166144,85.8
tools,meta,eog,teams,2,3,3,task_20251202_174228_665_df0ecdeb_e84a9e55,1.0,1,256556,117.4
tools,meta,eog,teams,2,3,3,task_20251205_134123_742_b5bd4eb9_003270a9,0.8,0,434657,496.1
tools,meta,eog,teams,2,3,3,task_20251205_192805_864_464ee3e0_91f2c02f,0.777778,0,467475,236.3
tools,meta,eog,teams,2,3,3,task_20251205_210412_800_0154326e_3caf7df7,1.0,1,391643,384.0
tools,meta,eog,teams,2,3,3,task_20260106_143232_971_0154326e_0af4275b,1.0,1,137389,151.8
tools,meta,eog,teams,3,1,1,task_20251121_134729_533_464ee3e0_2dcf2712,0.5,0,134995,120.3
tools,meta,eog,teams,3,1,1,task_20251123_232016_480_7ebc1127_7a8d85a7,1.0,1,295360,142.9
tools,meta,eog,teams,3,1,1,task_20251125_110309_032_464ee3e0_33f12828,1.0,1,200744,122.0
tools,meta,eog,teams,3,1,1,task_20251125_113335_636_7ebc1127_a4ebffe8,0.5,0,346881,190.5
tools,meta,eog,teams,3,1,1,task_20251126_054150_897_7ebc1127_60097647,1.0,1,157863,81.5
tools,meta,eog,teams,3,1,1,task_20251129_042410_343_df0ecdeb_573538d3,0.8,0,258895,187.4
tools,meta,eog,teams,3,1,1,task_20251203_080912_583_df0ecdeb_a3470951,0.9,0,222565,151.3
tools,meta,eog,teams,3,1,1,task_20251203_115913_239_b5bd4eb9_2e02dcf0,0.857143,0,346267,297.8
tools,meta,eog,teams,3,1,1,task_20260106_003109_589_b5bd4eb9_d0454fa5,1.0,1,310704,225.1
tools,meta,eog,teams,3,1,1,task_20260106_104903_639_0154326e_81f6a68a,0.666667,0,312734,189.2
tools,meta,eog,teams,3,1,1,task_20260106_112645_853_8e9e30d7_1d4b934c,1.0,1,275393,223.7
tools,meta,eog,teams,3,1,1,task_20260106_123222_425_8e9e30d7_7dea421b,1.0,1,206728,281.6
tools,meta,eog,teams,3,1,1,task_20260106_155851_715_df0ecdeb_7b4347ef,0.0,0,33045,84.8
tools,meta,eog,teams,3,1,1,task_20260107_032952_337_7ebc1127_75b96b98,1.0,1,210801,216.1
tools,meta,eog,teams,3,1,1,task_20260108_075149_000_df0ecdeb_ead1b33a,1.0,1,231167,117.5
tools,meta,eog,teams,3,1,1,task_20260108_082113_548_df0ecdeb_2725d17f,0.75,0,129709,117.2
tools,meta,eog,teams,3,1,1,task_20260108_172650_003_8e9e30d7_a1ff8588,0.272727,0,547841,313.9
tools,meta,eog,teams,3,1,1,task_20260108_194921_186_8e9e30d7_a087d6f8,0.555556,0,500691,404.4
tools,meta,eog,teams,3,1,1,task_20260109_063128_468_8e9e30d7_e983fafa,0.5,0,316190,312.0
tools,meta,eog,teams,3,1,1,task_20260109_122356_038_0154326e_d224a99d,0.714286,0,244030,288.8
tools,meta,eog,teams,3,1,2,task_20251121_134729_533_464ee3e0_2dcf2712,1.0,1,136237,86.2
tools,meta,eog,teams,3,1,2,task_20251123_232016_480_7ebc1127_7a8d85a7,1.0,1,296535,117.2
tools,meta,eog,teams,3,1,2,task_20251125_110309_032_464ee3e0_33f12828,0.75,0,201540,96.2
tools,meta,eog,teams,3,1,2,task_20251125_113335_636_7ebc1127_a4ebffe8,0.5,0,469421,267.4
tools,meta,eog,teams,3,1,2,task_20251126_054150_897_7ebc1127_60097647,1.0,1,159250,87.9
tools,meta,eog,teams,3,1,2,task_20251129_042410_343_df0ecdeb_573538d3,0.8,0,223695,135.0
tools,meta,eog,teams,3,1,2,task_20251203_080912_583_df0ecdeb_a3470951,0.9,0,294546,159.0
tools,meta,eog,teams,3,1,2,task_20251203_115913_239_b5bd4eb9_2e02dcf0,0.857143,0,277970,295.7
tools,meta,eog,teams,3,1,2,task_20260106_003109_589_b5bd4eb9_d0454fa5,1.0,1,544916,385.8
tools,meta,eog,teams,3,1,2,task_20260106_104903_639_0154326e_81f6a68a,0.5,0,206675,242.4
tools,meta,eog,teams,3,1,2,task_20260106_112645_853_8e9e30d7_1d4b934c,1.0,1,170928,174.7
tools,meta,eog,teams,3,1,2,task_20260106_123222_425_8e9e30d7_7dea421b,1.0,1,205008,259.8
tools,meta,eog,teams,3,1,2,task_20260106_155851_715_df0ecdeb_7b4347ef,1.0,1,241238,311.8
tools,meta,eog,teams,3,1,2,task_20260107_032952_337_7ebc1127_75b96b98,0.666667,0,354992,243.3
tools,meta,eog,teams,3,1,2,task_20260108_075149_000_df0ecdeb_ead1b33a,1.0,1,198960,107.7
tools,meta,eog,teams,3,1,2,task_20260108_082113_548_df0ecdeb_2725d17f,0.75,0,98325,111.7
tools,meta,eog,teams,3,1,2,task_20260108_172650_003_8e9e30d7_a1ff8588,0.272727,0,397906,264.5
tools,meta,eog,teams,3,1,2,task_20260108_194921_186_8e9e30d7_a087d6f8,0.555556,0,251230,325.0
tools,meta,eog,teams,3,1,2,task_20260109_063128_468_8e9e30d7_e983fafa,0.166667,0,389432,391.6
tools,meta,eog,teams,3,1,2,task_20260109_122356_038_0154326e_d224a99d,0.714286,0,243506,285.7
tools,meta,eog,teams,3,1,3,task_20251121_134729_533_464ee3e0_2dcf2712,1.0,1,135294,134.6
tools,meta,eog,teams,3,1,3,task_20251123_232016_480_7ebc1127_7a8d85a7,1.0,1,263697,117.2
tools,meta,eog,teams,3,1,3,task_20251125_110309_032_464ee3e0_33f12828,1.0,1,203074,101.0
tools,meta,eog,teams,3,1,3,task_20251125_113335_636_7ebc1127_a4ebffe8,0.5,0,351148,193.9
tools,meta,eog,teams,3,1,3,task_20251126_054150_897_7ebc1127_60097647,1.0,1,158272,89.0
tools,meta,eog,teams,3,1,3,task_20251129_042410_343_df0ecdeb_573538d3,0.8,0,219250,146.9
tools,meta,eog,teams,3,1,3,task_20251203_080912_583_df0ecdeb_a3470951,0.9,0,363821,87.2
tools,meta,eog,teams,3,1,3,task_20251203_115913_239_b5bd4eb9_2e02dcf0,0.0,0,66834,60.2
tools,meta,eog,teams,3,1,3,task_20260106_003109_589_b5bd4eb9_d0454fa5,0.833333,0,507243,453.4
tools,meta,eog,teams,3,1,3,task_20260106_104903_639_0154326e_81f6a68a,0.666667,0,345840,245.9
tools,meta,eog,teams,3,1,3,task_20260106_112645_853_8e9e30d7_1d4b934c,1.0,1,236232,150.5
tools,meta,eog,teams,3,1,3,task_20260106_123222_425_8e9e30d7_7dea421b,1.0,1,170878,291.3
tools,meta,eog,teams,3,1,3,task_20260106_155851_715_df0ecdeb_7b4347ef,0.75,0,202793,324.3
tools,meta,eog,teams,3,1,3,task_20260107_032952_337_7ebc1127_75b96b98,0.666667,0,314724,269.6
tools,meta,eog,teams,3,1,3,task_20260108_075149_000_df0ecdeb_ead1b33a,1.0,1,200294,129.9
tools,meta,eog,teams,3,1,3,task_20260108_082113_548_df0ecdeb_2725d17f,0.75,0,99881,118.0
tools,meta,eog,teams,3,1,3,task_20260108_172650_003_8e9e30d7_a1ff8588,0.272727,0,437621,253.5
tools,meta,eog,teams,3,1,3,task_20260108_194921_186_8e9e30d7_a087d6f8,0.777778,0,293773,291.9
tools,meta,eog,teams,3,1,3,task_20260109_063128_468_8e9e30d7_e983fafa,0.0,0,351602,438.8
tools,meta,eog,teams,3,1,3,task_20260109_122356_038_0154326e_d224a99d,0.714286,0,245679,215.7
tools,meta,eog,teams,3,2,1,task_20251125_115122_370_8e9e30d7_e2700b24,1.0,1,391992,417.9
tools,meta,eog,teams,3,2,1,task_20251129_042304_817_df0ecdeb_3df990f2,0.75,0,249107,101.5
tools,meta,eog,teams,3,2,1,task_20251204_100825_050_df0ecdeb_c1b28adf,0.875,0,374328,207.8
tools,meta,eog,teams,3,2,1,task_20260105_163515_719_8e9e30d7_d86e69de,1.0,1,469071,427.5
tools,meta,eog,teams,3,2,1,task_20260105_225106_969_0154326e_fc0d4a7b,1.0,1,237678,121.5
tools,meta,eog,teams,3,2,1,task_20260107_044347_094_7ebc1127_4e1fc798,1.0,1,137230,217.0
tools,meta,eog,teams,3,2,1,task_20260108_162420_138_df0ecdeb_96950310,1.0,1,166314,170.2
tools,meta,eog,teams,3,2,1,task_20260108_174958_137_df0ecdeb_a05f1e14,0.888889,0,265650,87.7
tools,meta,eog,teams,3,2,1,task_20260109_060901_602_8e9e30d7_06581f9f,1.0,1,134296,111.6
tools,meta,eog,teams,3,2,1,task_20260109_063639_321_8e9e30d7_c31290aa,0.916667,0,297383,368.0
tools,meta,eog,teams,3,2,1,task_20260109_155926_434_df0ecdeb_405562a2,0.0,0,185106,225.9
tools,meta,eog,teams,3,2,2,task_20251125_115122_370_8e9e30d7_e2700b24,0.875,0,528028,372.6
tools,meta,eog,teams,3,2,2,task_20251129_042304_817_df0ecdeb_3df990f2,0.75,0,248603,75.5
tools,meta,eog,teams,3,2,2,task_20251204_100825_050_df0ecdeb_c1b28adf,0.875,0,339964,113.2
tools,meta,eog,teams,3,2,2,task_20260105_163515_719_8e9e30d7_d86e69de,1.0,1,392448,301.5
tools,meta,eog,teams,3,2,2,task_20260105_225106_969_0154326e_fc0d4a7b,1.0,1,204735,106.0
tools,meta,eog,teams,3,2,2,task_20260107_044347_094_7ebc1127_4e1fc798,1.0,1,138621,189.0
tools,meta,eog,teams,3,2,2,task_20260108_162420_138_df0ecdeb_96950310,1.0,1,199791,155.3
tools,meta,eog,teams,3,2,2,task_20260108_174958_137_df0ecdeb_a05f1e14,0.888889,0,266811,121.4
tools,meta,eog,teams,3,2,2,task_20260109_060901_602_8e9e30d7_06581f9f,1.0,1,135585,101.5
tools,meta,eog,teams,3,2,2,task_20260109_063639_321_8e9e30d7_c31290aa,1.0,1,407555,377.8
tools,meta,eog,teams,3,2,2,task_20260109_155926_434_df0ecdeb_405562a2,0.0,0,572978,333.7
tools,meta,eog,teams,3,2,3,task_20251125_115122_370_8e9e30d7_e2700b24,0.875,0,388766,288.5
tools,meta,eog,teams,3,2,3,task_20251129_042304_817_df0ecdeb_3df990f2,0.75,0,285063,121.9
tools,meta,eog,teams,3,2,3,task_20251204_100825_050_df0ecdeb_c1b28adf,0.875,0,343563,211.3
tools,meta,eog,teams,3,2,3,task_20260105_163515_719_8e9e30d7_d86e69de,1.0,1,467666,364.5
tools,meta,eog,teams,3,2,3,task_20260105_225106_969_0154326e_fc0d4a7b,1.0,1,202141,86.7
tools,meta,eog,teams,3,2,3,task_20260107_044347_094_7ebc1127_4e1fc798,0.6,0,210975,223.4
tools,meta,eog,teams,3,2,3,task_20260108_162420_138_df0ecdeb_96950310,1.0,1,134248,124.3
tools,meta,eog,teams,3,2,3,task_20260108_174958_137_df0ecdeb_a05f1e14,0.888889,0,267318,88.8
tools,meta,eog,teams,3,2,3,task_20260109_060901_602_8e9e30d7_06581f9f,1.0,1,170934,134.2
tools,meta,eog,teams,3,2,3,task_20260109_063639_321_8e9e30d7_c31290aa,1.0,1,618729,333.1
tools,meta,eog,teams,3,2,3,task_20260109_155926_434_df0ecdeb_405562a2,0.0,0,588507,460.7
tools,meta,eog,teams,3,3,1,task_20251126_070103_077_501bbb2c_7c7c4ea6,1.0,1,164175,71.9
tools,meta,eog,teams,3,3,1,task_20251202_174228_665_df0ecdeb_e84a9e55,0.888889,0,332106,121.7
tools,meta,eog,teams,3,3,1,task_20251205_134123_742_b5bd4eb9_003270a9,0.8,0,513089,462.4
tools,meta,eog,teams,3,3,1,task_20251205_192805_864_464ee3e0_91f2c02f,0.0,0,33107,27.4
tools,meta,eog,teams,3,3,1,task_20251205_210412_800_0154326e_3caf7df7,1.0,1,501425,334.9
tools,meta,eog,teams,3,3,1,task_20260106_143232_971_0154326e_0af4275b,1.0,1,138118,114.5
tools,meta,eog,teams,3,3,2,task_20251126_070103_077_501bbb2c_7c7c4ea6,1.0,1,195916,56.0
tools,meta,eog,teams,3,3,2,task_20251202_174228_665_df0ecdeb_e84a9e55,0.888889,0,331904,190.0
tools,meta,eog,teams,3,3,2,task_20251205_134123_742_b5bd4eb9_003270a9,1.0,1,423211,277.2
tools,meta,eog,teams,3,3,2,task_20251205_192805_864_464ee3e0_91f2c02f,0.0,0,33305,41.7
tools,meta,eog,teams,3,3,2,task_20251205_210412_800_0154326e_3caf7df7,0.75,0,482119,549.2
tools,meta,eog,teams,3,3,2,task_20260106_143232_971_0154326e_0af4275b,1.0,1,173103,133.1
tools,meta,eog,teams,3,3,3,task_20251126_070103_077_501bbb2c_7c7c4ea6,1.0,1,163815,48.1
tools,meta,eog,teams,3,3,3,task_20251202_174228_665_df0ecdeb_e84a9e55,0.888889,0,295901,107.5
tools,meta,eog,teams,3,3,3,task_20251205_134123_742_b5bd4eb9_003270a9,1.0,1,394120,193.4
tools,meta,eog,teams,3,3,3,task_20251205_192805_864_464ee3e0_91f2c02f,0.0,0,65457,66.9
tools,meta,eog,teams,3,3,3,task_20251205_210412_800_0154326e_3caf7df7,0.75,0,211716,511.6
tools,meta,eog,teams,3,3,3,task_20260106_143232_971_0154326e_0af4275b,1.0,1,305692,173.8
tools,meta,eog,teams,3,4,1,task_20251126_055301_905_8e9e30d7_6aab00b8,0.8,0,336641,365.2
tools,meta,eog,teams,3,4,1,task_20251128_120055_076_8e9e30d7_e5dcfa22,1.0,1,390440,251.9
tools,meta,eog,teams,3,4,1,task_20251128_200856_738_0154326e_752f99ad,0.875,0,448603,257.0
tools,meta,eog,teams,3,4,1,task_20260106_040225_149_7ebc1127_e9ac645c,1.0,1,182278,144.7
tools,meta,eog,teams,3,4,1,task_20260107_111155_131_0154326e_96e0246b,0.888889,0,431687,414.9
tools,meta,eog,teams,3,4,1,task_20260109_004703_994_7ebc1127_6f97f3e9,0.714286,0,580593,444.6
tools,meta,eog,teams,3,4,2,task_20251126_055301_905_8e9e30d7_6aab00b8,0.8,0,381072,378.4
tools,meta,eog,teams,3,4,2,task_20251128_120055_076_8e9e30d7_e5dcfa22,0.875,0,430467,447.5
tools,meta,eog,teams,3,4,2,task_20251128_200856_738_0154326e_752f99ad,0.75,0,489242,293.9
tools,meta,eog,teams,3,4,2,task_20260106_040225_149_7ebc1127_e9ac645c,1.0,1,181311,145.9
tools,meta,eog,teams,3,4,2,task_20260107_111155_131_0154326e_96e0246b,0.666667,0,330455,510.7
tools,meta,eog,teams,3,4,2,task_20260109_004703_994_7ebc1127_6f97f3e9,0.714286,0,636385,797.3
tools,meta,eog,teams,3,4,3,task_20251126_055301_905_8e9e30d7_6aab00b8,0.8,0,190662,247.6
tools,meta,eog,teams,3,4,3,task_20251128_120055_076_8e9e30d7_e5dcfa22,0.875,0,429327,327.3
tools,meta,eog,teams,3,4,3,task_20251128_200856_738_0154326e_752f99ad,0.875,0,345006,236.5
tools,meta,eog,teams,3,4,3,task_20260106_040225_149_7ebc1127_e9ac645c,1.0,1,181717,104.2
tools,meta,eog,teams,3,4,3,task_20260107_111155_131_0154326e_96e0246b,0.888889,0,429829,319.2
tools,meta,eog,teams,3,4,3,task_20260109_004703_994_7ebc1127_6f97f3e9,0.714286,0,385994,347.8
tools,meta,eog,teams,4,1,1,task_20251121_134729_533_464ee3e0_2dcf2712,1.0,1,149356,127.5
tools,meta,eog,teams,4,1,1,task_20251123_232016_480_7ebc1127_7a8d85a7,1.0,1,328114,143.8
tools,meta,eog,teams,4,1,1,task_20251125_110309_032_464ee3e0_33f12828,1.0,1,248824,144.1
tools,meta,eog,teams,4,1,1,task_20251125_113335_636_7ebc1127_a4ebffe8,0.5,0,340048,202.7
tools,meta,eog,teams,4,1,1,task_20251126_054150_897_7ebc1127_60097647,1.0,1,179491,75.8
tools,meta,eog,teams,4,1,1,task_20251129_042410_343_df0ecdeb_573538d3,0.8,0,284846,193.7
tools,meta,eog,teams,4,1,1,task_20251203_080912_583_df0ecdeb_a3470951,0.9,0,408323,142.8
tools,meta,eog,teams,4,1,1,task_20251203_115913_239_b5bd4eb9_2e02dcf0,1.0,1,449339,326.0
tools,meta,eog,teams,4,1,1,task_20260106_003109_589_b5bd4eb9_d0454fa5,1.0,1,418060,324.4
tools,meta,eog,teams,4,1,1,task_20260106_104903_639_0154326e_81f6a68a,0.5,0,338827,185.6
tools,meta,eog,teams,4,1,1,task_20260106_112645_853_8e9e30d7_1d4b934c,1.0,1,183709,153.5
tools,meta,eog,teams,4,1,1,task_20260106_123222_425_8e9e30d7_7dea421b,1.0,1,267890,277.2
tools,meta,eog,teams,4,1,1,task_20260106_155851_715_df0ecdeb_7b4347ef,0.75,0,298909,286.5
tools,meta,eog,teams,4,1,1,task_20260107_032952_337_7ebc1127_75b96b98,0.666667,0,305234,225.6
tools,meta,eog,teams,4,1,1,task_20260108_075149_000_df0ecdeb_ead1b33a,1.0,1,219045,113.5
tools,meta,eog,teams,4,1,1,task_20260108_082113_548_df0ecdeb_2725d17f,0.75,0,181413,128.2
tools,meta,eog,teams,4,1,1,task_20260108_172650_003_8e9e30d7_a1ff8588,0.272727,0,641457,628.5
tools,meta,eog,teams,4,1,1,task_20260108_194921_186_8e9e30d7_a087d6f8,0.777778,0,401772,420.8
tools,meta,eog,teams,4,1,1,task_20260109_063128_468_8e9e30d7_e983fafa,0.5,0,424496,363.8
tools,meta,eog,teams,4,1,1,task_20260109_122356_038_0154326e_d224a99d,0.857143,0,308164,373.1
tools,meta,eog,teams,4,1,2,task_20251121_134729_533_464ee3e0_2dcf2712,1.0,1,185093,106.8
tools,meta,eog,teams,4,1,2,task_20251123_232016_480_7ebc1127_7a8d85a7,1.0,1,294207,166.6
tools,meta,eog,teams,4,1,2,task_20251125_110309_032_464ee3e0_33f12828,1.0,1,213950,117.0
tools,meta,eog,teams,4,1,2,task_20251125_113335_636_7ebc1127_a4ebffe8,0.333333,0,386529,287.5
tools,meta,eog,teams,4,1,2,task_20251126_054150_897_7ebc1127_60097647,1.0,1,179612,64.6
tools,meta,eog,teams,4,1,2,task_20251129_042410_343_df0ecdeb_573538d3,0.8,0,289098,251.1
tools,meta,eog,teams,4,1,2,task_20251203_080912_583_df0ecdeb_a3470951,0.9,0,406218,145.8
tools,meta,eog,teams,4,1,2,task_20251203_115913_239_b5bd4eb9_2e02dcf0,0.857143,0,414785,321.7
tools,meta,eog,teams,4,1,2,task_20260106_003109_589_b5bd4eb9_d0454fa5,0.833333,0,420796,412.3
tools,meta,eog,teams,4,1,2,task_20260106_104903_639_0154326e_81f6a68a,0.5,0,336888,243.9
tools,meta,eog,teams,4,1,2,task_20260106_112645_853_8e9e30d7_1d4b934c,1.0,1,185018,115.2
tools,meta,eog,teams,4,1,2,task_20260106_123222_425_8e9e30d7_7dea421b,1.0,1,341152,256.6
tools,meta,eog,teams,4,1,2,task_20260106_155851_715_df0ecdeb_7b4347ef,0.0,0,36703,52.6
tools,meta,eog,teams,4,1,2,task_20260107_032952_337_7ebc1127_75b96b98,0.666667,0,265492,150.7
tools,meta,eog,teams,4,1,2,task_20260108_075149_000_df0ecdeb_ead1b33a,1.0,1,219057,131.3
tools,meta,eog,teams,4,1,2,task_20260108_082113_548_df0ecdeb_2725d17f,0.75,0,183635,117.9
tools,meta,eog,teams,4,1,2,task_20260108_172650_003_8e9e30d7_a1ff8588,0.272727,0,317205,239.7
tools,meta,eog,teams,4,1,2,task_20260108_194921_186_8e9e30d7_a087d6f8,0.555556,0,200804,251.8
tools,meta,eog,teams,4,1,2,task_20260109_063128_468_8e9e30d7_e983fafa,0.333333,0,358792,482.1
tools,meta,eog,teams,4,1,2,task_20260109_122356_038_0154326e_d224a99d,1.0,1,225825,187.0
tools,meta,eog,teams,4,1,3,task_20251121_134729_533_464ee3e0_2dcf2712,1.0,1,151311,154.0
tools,meta,eog,teams,4,1,3,task_20251123_232016_480_7ebc1127_7a8d85a7,1.0,1,327895,126.9
tools,meta,eog,teams,4,1,3,task_20251125_110309_032_464ee3e0_33f12828,1.0,1,213506,120.7
tools,meta,eog,teams,4,1,3,task_20251125_113335_636_7ebc1127_a4ebffe8,0.5,0,301447,180.6
tools,meta,eog,teams,4,1,3,task_20251126_054150_897_7ebc1127_60097647,1.0,1,179949,53.3
tools,meta,eog,teams,4,1,3,task_20251129_042410_343_df0ecdeb_573538d3,1.0,1,242428,152.1
tools,meta,eog,teams,4,1,3,task_20251203_080912_583_df0ecdeb_a3470951,0.9,0,407544,135.1
tools,meta,eog,teams,4,1,3,task_20251203_115913_239_b5bd4eb9_2e02dcf0,0.0,0,73747,119.0
tools,meta,eog,teams,4,1,3,task_20260106_003109_589_b5bd4eb9_d0454fa5,1.0,1,408367,341.5
tools,meta,eog,teams,4,1,3,task_20260106_104903_639_0154326e_81f6a68a,0.5,0,299969,200.6
tools,meta,eog,teams,4,1,3,task_20260106_112645_853_8e9e30d7_1d4b934c,1.0,1,147087,133.3
tools,meta,eog,teams,4,1,3,task_20260106_123222_425_8e9e30d7_7dea421b,1.0,1,349920,396.2
tools,meta,eog,teams,4,1,3,task_20260106_155851_715_df0ecdeb_7b4347ef,0.75,0,226982,287.1
tools,meta,eog,teams,4,1,3,task_20260107_032952_337_7ebc1127_75b96b98,1.0,1,310157,188.1
tools,meta,eog,teams,4,1,3,task_20260108_075149_000_df0ecdeb_ead1b33a,1.0,1,183228,91.5
tools,meta,eog,teams,4,1,3,task_20260108_082113_548_df0ecdeb_2725d17f,0.75,0,143998,110.5
tools,meta,eog,teams,4,1,3,task_20260108_172650_003_8e9e30d7_a1ff8588,0.272727,0,605116,426.0
tools,meta,eog,teams,4,1,3,task_20260108_194921_186_8e9e30d7_a087d6f8,0.555556,0,585514,374.5
tools,meta,eog,teams,4,1,3,task_20260109_063128_468_8e9e30d7_e983fafa,0.166667,0,318957,471.8
tools,meta,eog,teams,4,1,3,task_20260109_122356_038_0154326e_d224a99d,0.285714,0,113217,142.9
tools,meta,eog,teams,4,2,1,task_20251125_115122_370_8e9e30d7_e2700b24,0.875,0,431259,455.8
tools,meta,eog,teams,4,2,1,task_20251129_042304_817_df0ecdeb_3df990f2,1.0,1,118814,76.5
tools,meta,eog,teams,4,2,1,task_20251204_100825_050_df0ecdeb_c1b28adf,0.875,0,368273,217.4
tools,meta,eog,teams,4,2,1,task_20260105_163515_719_8e9e30d7_d86e69de,1.0,1,281567,445.5
tools,meta,eog,teams,4,2,1,task_20260105_225106_969_0154326e_fc0d4a7b,1.0,1,259442,152.7
tools,meta,eog,teams,4,2,1,task_20260107_044347_094_7ebc1127_4e1fc798,0.6,0,350351,216.4
tools,meta,eog,teams,4,2,1,task_20260108_162420_138_df0ecdeb_96950310,1.0,1,184693,141.4
tools,meta,eog,teams,4,2,1,task_20260108_174958_137_df0ecdeb_a05f1e14,0.888889,0,295235,147.9
tools,meta,eog,teams,4,2,1,task_20260109_060901_602_8e9e30d7_06581f9f,1.0,1,187503,171.4
tools,meta,eog,teams,4,2,1,task_20260109_063639_321_8e9e30d7_c31290aa,0.75,0,410693,496.9
tools,meta,eog,teams,4,2,1,task_20260109_155926_434_df0ecdeb_405562a2,0.0,0,597659,497.9
tools,meta,eog,teams,4,2,2,task_20251125_115122_370_8e9e30d7_e2700b24,0.875,0,317759,413.9
tools,meta,eog,teams,4,2,2,task_20251129_042304_817_df0ecdeb_3df990f2,0.75,0,119071,88.9
tools,meta,eog,teams,4,2,2,task_20251204_100825_050_df0ecdeb_c1b28adf,0.875,0,371364,341.3
tools,meta,eog,teams,4,2,2,task_20260105_163515_719_8e9e30d7_d86e69de,1.0,1,356757,475.6
tools,meta,eog,teams,4,2,2,task_20260105_225106_969_0154326e_fc0d4a7b,1.0,1,258854,142.4
tools,meta,eog,teams,4,2,2,task_20260107_044347_094_7ebc1127_4e1fc798,0.6,0,232079,177.5
tools,meta,eog,teams,4,2,2,task_20260108_162420_138_df0ecdeb_96950310,1.0,1,184744,140.0
tools,meta,eog,teams,4,2,2,task_20260108_174958_137_df0ecdeb_a05f1e14,0.888889,0,225274,139.2
tools,meta,eog,teams,4,2,2,task_20260109_060901_602_8e9e30d7_06581f9f,1.0,1,149146,78.0
tools,meta,eog,teams,4,2,2,task_20260109_063639_321_8e9e30d7_c31290aa,0.833333,0,515453,639.8
tools,meta,eog,teams,4,2,2,task_20260109_155926_434_df0ecdeb_405562a2,0.0,0,436031,355.0
tools,meta,eog,teams,4,2,3,task_20251125_115122_370_8e9e30d7_e2700b24,1.0,1,584247,440.7
tools,meta,eog,teams,4,2,3,task_20251129_042304_817_df0ecdeb_3df990f2,0.75,0,274933,78.8
tools,meta,eog,teams,4,2,3,task_20251204_100825_050_df0ecdeb_c1b28adf,0.875,0,412504,192.2
tools,meta,eog,teams,4,2,3,task_20260105_163515_719_8e9e30d7_d86e69de,1.0,1,394275,430.8
tools,meta,eog,teams,4,2,3,task_20260105_225106_969_0154326e_fc0d4a7b,0.2,0,72817,83.8
tools,meta,eog,teams,4,2,3,task_20260107_044347_094_7ebc1127_4e1fc798,0.8,0,150169,98.7
tools,meta,eog,teams,4,2,3,task_20260108_162420_138_df0ecdeb_96950310,0.5,0,185714,164.5
tools,meta,eog,teams,4,2,3,task_20260108_174958_137_df0ecdeb_a05f1e14,0.888889,0,294263,82.8
tools,meta,eog,teams,4,2,3,task_20260109_060901_602_8e9e30d7_06581f9f,1.0,1,187785,82.4
tools,meta,eog,teams,4,2,3,task_20260109_063639_321_8e9e30d7_c31290aa,1.0,1,588537,457.0
tools,meta,eog,teams,4,2,3,task_20260109_155926_434_df0ecdeb_405562a2,0.0,0,330519,373.9
tools,meta,eog,teams,4,3,1,task_20251126_070103_077_501bbb2c_7c7c4ea6,1.0,1,182850,81.4
tools,meta,eog,teams,4,3,1,task_20251202_174228_665_df0ecdeb_e84a9e55,0.888889,0,404829,263.7
tools,meta,eog,teams,4,3,1,task_20251205_134123_742_b5bd4eb9_003270a9,0.8,0,582104,416.7
tools,meta,eog,teams,4,3,1,task_20251205_192805_864_464ee3e0_91f2c02f,0.0,0,36898,29.2
tools,meta,eog,teams,4,3,1,task_20251205_210412_800_0154326e_3caf7df7,1.0,1,514842,234.7
tools,meta,eog,teams,4,3,1,task_20260106_143232_971_0154326e_0af4275b,1.0,1,230270,150.2
tools,meta,eog,teams,4,3,2,task_20251126_070103_077_501bbb2c_7c7c4ea6,1.0,1,217986,67.9
tools,meta,eog,teams,4,3,2,task_20251202_174228_665_df0ecdeb_e84a9e55,0.888889,0,407482,194.9
tools,meta,eog,teams,4,3,2,task_20251205_134123_742_b5bd4eb9_003270a9,1.0,1,464772,274.5
tools,meta,eog,teams,4,3,2,task_20251205_192805_864_464ee3e0_91f2c02f,0.0,0,37156,32.8
tools,meta,eog,teams,4,3,2,task_20251205_210412_800_0154326e_3caf7df7,1.0,1,357365,262.7
tools,meta,eog,teams,4,3,2,task_20260106_143232_971_0154326e_0af4275b,1.0,1,153008,118.5
tools,meta,eog,teams,4,3,3,task_20251126_070103_077_501bbb2c_7c7c4ea6,1.0,1,182752,62.0
tools,meta,eog,teams,4,3,3,task_20251202_174228_665_df0ecdeb_e84a9e55,0.888889,0,447860,189.1
tools,meta,eog,teams,4,3,3,task_20251205_134123_742_b5bd4eb9_003270a9,1.0,1,308715,194.1
tools,meta,eog,teams,4,3,3,task_20251205_192805_864_464ee3e0_91f2c02f,0.777778,0,554054,323.5
tools,meta,eog,teams,4,3,3,task_20251205_210412_800_0154326e_3caf7df7,0.0,0,74238,122.4
tools,meta,eog,teams,4,3,3,task_20260106_143232_971_0154326e_0af4275b,1.0,1,266739,236.4
tools,meta,eog,teams,4,4,1,task_20251126_055301_905_8e9e30d7_6aab00b8,1.0,1,413359,302.6
tools,meta,eog,teams,4,4,1,task_20251128_120055_076_8e9e30d7_e5dcfa22,0.625,0,542573,317.6
tools,meta,eog,teams,4,4,1,task_20251128_200856_738_0154326e_752f99ad,0.75,0,307600,313.5
tools,meta,eog,teams,4,4,1,task_20260106_040225_149_7ebc1127_e9ac645c,1.0,1,222856,103.8
tools,meta,eog,teams,4,4,1,task_20260107_111155_131_0154326e_96e0246b,0.888889,0,157379,150.0
tools,meta,eog,teams,4,4,1,task_20260109_004703_994_7ebc1127_6f97f3e9,0.571429,0,703460,735.1
tools,meta,eog,teams,4,4,2,task_20251126_055301_905_8e9e30d7_6aab00b8,1.0,1,412852,377.2
tools,meta,eog,teams,4,4,2,task_20251128_120055_076_8e9e30d7_e5dcfa22,0.875,0,344232,307.5
tools,meta,eog,teams,4,4,2,task_20251128_200856_738_0154326e_752f99ad,0.75,0,463963,389.0
tools,meta,eog,teams,4,4,2,task_20260106_040225_149_7ebc1127_e9ac645c,1.0,1,183684,81.1
tools,meta,eog,teams,4,4,2,task_20260107_111155_131_0154326e_96e0246b,1.0,1,351801,364.0
tools,meta,eog,teams,4,4,2,task_20260109_004703_994_7ebc1127_6f97f3e9,0.714286,0,477750,330.9
tools,meta,eog,teams,4,4,3,task_20251126_055301_905_8e9e30d7_6aab00b8,1.0,1,341564,315.1
tools,meta,eog,teams,4,4,3,task_20251128_120055_076_8e9e30d7_e5dcfa22,0.125,0,199587,267.8
tools,meta,eog,teams,4,4,3,task_20251128_200856_738_0154326e_752f99ad,0.75,0,272531,347.4
tools,meta,eog,teams,4,4,3,task_20260106_040225_149_7ebc1127_e9ac645c,1.0,1,184589,114.3
tools,meta,eog,teams,4,4,3,task_20260107_111155_131_0154326e_96e0246b,0.777778,0,321148,423.7
tools,meta,eog,teams,4,4,3,task_20260109_004703_994_7ebc1127_6f97f3e9,0.714286,0,608445,395.9
