track,arm,benchmark,stream,adapt_stage,eval_cohort,run,task_id,score,success,recorded_tokens,recorded_seconds
tools,gepa,ale,ale,1,1,1,business_finance/american_option_pricing_ls,0.0,0,757769,785.9
tools,gepa,ale,ale,1,1,1,business_finance/basel_operational_risk_bia_cn,0.0,0,353633,256.6
tools,gepa,ale,ale,1,1,1,business_finance/bpmn_supply_disruption_l3,0.0,0,877018,609.3
tools,gepa,ale,ale,1,1,1,business_finance/digital_marketing_audience_segmentation_1,0.762,0,279904,264.4
tools,gepa,ale,ale,1,1,1,business_finance/pe_screening_memo_1,0.78125,0,672927,261.9
tools,gepa,ale,ale,1,1,1,business_finance/sse_northbound_programmatic_trading_01,0.333333,0,525109,204.0
tools,gepa,ale,ale,1,1,1,computing_math/branch_bound_atsp,0.8,0,6247961,1910.1
tools,gepa,ale,ale,1,1,1,computing_math/cfr_game_theory_equilibrium,0.0,0,875427,987.1
tools,gepa,ale,ale,1,1,1,computing_math/cost_optimization_1,0.0,0,2294881,900.5
tools,gepa,ale,ale,1,1,1,computing_math/ising_post_measurement_1,1.0,1,294993,274.3
tools,gepa,ale,ale,1,1,1,computing_math/k8s_payment_api_root_cause_analysis,0.697727,0,347266,214.0
tools,gepa,ale,ale,1,1,1,computing_math/recsys_cold_start_instance_1,0.5,0,2163601,1040.7
tools,gepa,ale,ale,1,1,1,computing_math/synthetic_causal_structure_inference,0.276282,0,312900,194.3
tools,gepa,ale,ale,1,1,1,education_info/homework_grading_numerical_pdes_instance_02,0.740485,0,971438,475.0
tools,gepa,ale,ale,1,1,1,education_info/marc_remediation_folio_overlay,0.1,0,1383320,710.7
tools,gepa,ale,ale,1,1,1,education_info/moodle_gradebook_closeout_reconciliation,0.0,0,1861372,582.5
tools,gepa,ale,ale,1,1,1,engineering/aerospace_low_thrust_trajectory,0.0,0,698388,346.2
tools,gepa,ale,ale,1,1,1,health_medicine/crf_sdtm_mapping_4,0.4545,0,1590517,586.2
tools,gepa,ale,ale,1,1,1,health_medicine/epidemiology_forecast,0.0,0,1518335,1004.4
tools,gepa,ale,ale,1,1,1,health_medicine/flusight_offline_hosp_forecast_2024_12_14,0.465132,0,506976,223.9
tools,gepa,ale,ale,1,1,1,health_medicine/healthcare_bias_audit_27a_public_replication_v1,0.0,0,4589056,974.2
tools,gepa,ale,ale,1,1,1,health_medicine/nhanes_confounder_sensitivity_analysis,0.546875,0,408887,336.1
tools,gepa,ale,ale,1,1,1,health_medicine/scene3_skullstrip_qc,1.0,1,172606,218.1
tools,gepa,ale,ale,1,1,1,legal/agora_governance_classify_instance_1,0.334921,0,2377450,497.4
tools,gepa,ale,ale,1,1,1,life_sciences/cell_tracking_instance_1,0.193268,0,219873,265.5
tools,gepa,ale,ale,1,1,1,life_sciences/cell_translocation_analysis,0.0,0,1141140,685.5
tools,gepa,ale,ale,1,1,1,life_sciences/tcga_brca_deg_analysis,0.0,0,574963,1351.8
tools,gepa,ale,ale,1,1,1,physical_sciences/adapt_vqe_molecular_energy,1.0,1,884648,655.7
tools,gepa,ale,ale,1,1,1,physical_sciences/gillespie_gene_regulatory_network,0.0,0,1182117,1126.1
tools,gepa,ale,ale,1,1,1,physical_sciences/glm_lake_calibration,0.0,0,381349,292.2
tools,gepa,ale,ale,1,1,1,physical_sciences/molecular_structure_plausibility,0.166667,0,367619,196.6
tools,gepa,ale,ale,1,1,1,physical_sciences/mose2_bse_absorption_soc,0.0,0,264549,370.7
tools,gepa,ale,ale,1,1,1,psychology_neuro/scene2_resample,0.0,0,1231367,887.5
tools,gepa,ale,ale,1,1,1,transport_safety/abm_hangzhou_metro,0.0,0,2259760,958.8
tools,gepa,ale,ale,1,1,2,business_finance/american_option_pricing_ls,0.5,0,1464468,554.2
tools,gepa,ale,ale,1,1,2,business_finance/basel_operational_risk_bia_cn,0.0,0,468099,434.5
tools,gepa,ale,ale,1,1,2,business_finance/bpmn_supply_disruption_l3,0.9424,0,967484,502.9
tools,gepa,ale,ale,1,1,2,business_finance/digital_marketing_audience_segmentation_1,0.9042,0,385198,253.0
tools,gepa,ale,ale,1,1,2,business_finance/pe_screening_memo_1,0.7375,0,603397,325.4
tools,gepa,ale,ale,1,1,2,business_finance/sse_northbound_programmatic_trading_01,0.666667,0,438205,158.1
tools,gepa,ale,ale,1,1,2,computing_math/branch_bound_atsp,0.775,0,1460085,1050.1
tools,gepa,ale,ale,1,1,2,computing_math/cfr_game_theory_equilibrium,0.0,0,2336736,925.1
tools,gepa,ale,ale,1,1,2,computing_math/cost_optimization_1,0.63813,0,1363361,558.2
tools,gepa,ale,ale,1,1,2,computing_math/ising_post_measurement_1,1.0,1,360090,264.7
tools,gepa,ale,ale,1,1,2,computing_math/k8s_payment_api_root_cause_analysis,0.663889,0,291505,190.3
tools,gepa,ale,ale,1,1,2,computing_math/recsys_cold_start_instance_1,0.5,0,547869,328.4
tools,gepa,ale,ale,1,1,2,computing_math/synthetic_causal_structure_inference,0.326809,0,221940,181.8
tools,gepa,ale,ale,1,1,2,education_info/homework_grading_numerical_pdes_instance_02,0.716485,0,1207673,381.3
tools,gepa,ale,ale,1,1,2,education_info/marc_remediation_folio_overlay,0.2,0,599193,252.8
tools,gepa,ale,ale,1,1,2,education_info/moodle_gradebook_closeout_reconciliation,0.0,0,2470452,482.8
tools,gepa,ale,ale,1,1,2,engineering/aerospace_low_thrust_trajectory,0.0,0,417776,311.5
tools,gepa,ale,ale,1,1,2,health_medicine/crf_sdtm_mapping_4,0.0,0,1808158,380.1
tools,gepa,ale,ale,1,1,2,health_medicine/epidemiology_forecast,0.0,0,412915,295.6
tools,gepa,ale,ale,1,1,2,health_medicine/flusight_offline_hosp_forecast_2024_12_14,0.633921,0,453339,274.0
tools,gepa,ale,ale,1,1,2,health_medicine/healthcare_bias_audit_27a_public_replication_v1,0.0,0,5734591,1396.2
tools,gepa,ale,ale,1,1,2,health_medicine/nhanes_confounder_sensitivity_analysis,0.562125,0,839741,432.8
tools,gepa,ale,ale,1,1,2,health_medicine/scene3_skullstrip_qc,1.0,1,34914,123.3
tools,gepa,ale,ale,1,1,2,legal/agora_governance_classify_instance_1,0.271852,0,1890969,484.4
tools,gepa,ale,ale,1,1,2,life_sciences/cell_tracking_instance_1,0.326147,0,386704,244.6
tools,gepa,ale,ale,1,1,2,life_sciences/cell_translocation_analysis,0.0,0,527593,541.9
tools,gepa,ale,ale,1,1,2,life_sciences/tcga_brca_deg_analysis,0.0,0,3090392,575.8
tools,gepa,ale,ale,1,1,2,physical_sciences/adapt_vqe_molecular_energy,0.0,0,2037968,878.4
tools,gepa,ale,ale,1,1,2,physical_sciences/gillespie_gene_regulatory_network,0.62,0,358202,339.4
tools,gepa,ale,ale,1,1,2,physical_sciences/glm_lake_calibration,0.0,0,1176150,389.3
tools,gepa,ale,ale,1,1,2,physical_sciences/molecular_structure_plausibility,0.222222,0,221184,196.9
tools,gepa,ale,ale,1,1,2,physical_sciences/mose2_bse_absorption_soc,0.0,0,2520540,745.9
tools,gepa,ale,ale,1,1,2,psychology_neuro/scene2_resample,0.0,0,1046494,628.0
tools,gepa,ale,ale,1,1,2,transport_safety/abm_hangzhou_metro,0.0,0,2463159,806.9
tools,gepa,ale,ale,1,1,3,business_finance/american_option_pricing_ls,0.5,0,1697804,698.6
tools,gepa,ale,ale,1,1,3,business_finance/basel_operational_risk_bia_cn,0.0,0,539152,321.0
tools,gepa,ale,ale,1,1,3,business_finance/bpmn_supply_disruption_l3,0.8043,0,1210579,504.4
tools,gepa,ale,ale,1,1,3,business_finance/digital_marketing_audience_segmentation_1,0.9042,0,174096,231.0
tools,gepa,ale,ale,1,1,3,business_finance/pe_screening_memo_1,0.78125,0,1590910,524.8
tools,gepa,ale,ale,1,1,3,business_finance/sse_northbound_programmatic_trading_01,0.666667,0,612987,259.8
tools,gepa,ale,ale,1,1,3,computing_math/branch_bound_atsp,0.0,0,1512049,589.8
tools,gepa,ale,ale,1,1,3,computing_math/cfr_game_theory_equilibrium,0.33,0,3084567,988.2
tools,gepa,ale,ale,1,1,3,computing_math/cost_optimization_1,0.904678,0,748429,577.8
tools,gepa,ale,ale,1,1,3,computing_math/ising_post_measurement_1,0.0,0,379194,403.5
tools,gepa,ale,ale,1,1,3,computing_math/k8s_payment_api_root_cause_analysis,0.705,0,177825,248.9
tools,gepa,ale,ale,1,1,3,computing_math/recsys_cold_start_instance_1,0.5,0,1956966,610.1
tools,gepa,ale,ale,1,1,3,computing_math/synthetic_causal_structure_inference,0.249526,0,306699,209.1
tools,gepa,ale,ale,1,1,3,education_info/homework_grading_numerical_pdes_instance_02,0.418485,0,449602,317.3
tools,gepa,ale,ale,1,1,3,education_info/marc_remediation_folio_overlay,0.2,0,942108,282.2
tools,gepa,ale,ale,1,1,3,education_info/moodle_gradebook_closeout_reconciliation,0.0,0,1796532,447.0
tools,gepa,ale,ale,1,1,3,engineering/aerospace_low_thrust_trajectory,0.0,0,322546,211.4
tools,gepa,ale,ale,1,1,3,health_medicine/crf_sdtm_mapping_4,0.3947,0,1414533,252.7
tools,gepa,ale,ale,1,1,3,health_medicine/epidemiology_forecast,0.0,0,242891,210.8
tools,gepa,ale,ale,1,1,3,health_medicine/flusight_offline_hosp_forecast_2024_12_14,0.137528,0,335664,128.7
tools,gepa,ale,ale,1,1,3,health_medicine/healthcare_bias_audit_27a_public_replication_v1,0.0,0,2150770,1468.3
tools,gepa,ale,ale,1,1,3,health_medicine/nhanes_confounder_sensitivity_analysis,0.847917,0,392622,318.7
tools,gepa,ale,ale,1,1,3,health_medicine/scene3_skullstrip_qc,1.0,1,116085,126.2
tools,gepa,ale,ale,1,1,3,legal/agora_governance_classify_instance_1,0.42963,0,2630114,592.2
tools,gepa,ale,ale,1,1,3,life_sciences/cell_tracking_instance_1,0.49274,0,2415902,555.7
tools,gepa,ale,ale,1,1,3,life_sciences/cell_translocation_analysis,0.0,0,4206576,1908.3
tools,gepa,ale,ale,1,1,3,life_sciences/tcga_brca_deg_analysis,0.0,0,657460,220.5
tools,gepa,ale,ale,1,1,3,physical_sciences/adapt_vqe_molecular_energy,0.333333,0,565470,778.4
tools,gepa,ale,ale,1,1,3,physical_sciences/gillespie_gene_regulatory_network,0.0,0,265183,277.8
tools,gepa,ale,ale,1,1,3,physical_sciences/glm_lake_calibration,0.0,0,673617,260.6
tools,gepa,ale,ale,1,1,3,physical_sciences/molecular_structure_plausibility,0.166667,0,452732,326.2
tools,gepa,ale,ale,1,1,3,physical_sciences/mose2_bse_absorption_soc,0.0,0,1401756,750.8
tools,gepa,ale,ale,1,1,3,psychology_neuro/scene2_resample,0.0,0,124145,282.6
tools,gepa,ale,ale,1,1,3,transport_safety/abm_hangzhou_metro,1.0,1,818671,604.6
tools,gepa,ale,ale,1,2,1,computing_math/cp_test_gen_1,0.4,0,883861,413.8
tools,gepa,ale,ale,1,2,1,computing_math/k3_abelian_extensions,0.0,0,1652573,835.3
tools,gepa,ale,ale,1,2,1,engineering/mpc_control_building_v1,0.0,0,1617724,1145.2
tools,gepa,ale,ale,1,2,1,health_medicine/healthcare_variant_annotation_pipeline,1.0,1,161755,169.5
tools,gepa,ale,ale,1,2,2,computing_math/cp_test_gen_1,0.5,0,181285,364.5
tools,gepa,ale,ale,1,2,2,computing_math/k3_abelian_extensions,1.0,1,1814139,782.2
tools,gepa,ale,ale,1,2,2,engineering/mpc_control_building_v1,0.0,0,14540316,1404.0
tools,gepa,ale,ale,1,2,2,health_medicine/healthcare_variant_annotation_pipeline,1.0,1,529058,284.0
tools,gepa,ale,ale,1,2,3,computing_math/cp_test_gen_1,0.5,0,721101,475.3
tools,gepa,ale,ale,1,2,3,computing_math/k3_abelian_extensions,1.0,1,2293580,1234.3
tools,gepa,ale,ale,1,2,3,engineering/mpc_control_building_v1,0.0,0,10396019,1239.3
tools,gepa,ale,ale,1,2,3,health_medicine/healthcare_variant_annotation_pipeline,1.0,1,253880,370.4
tools,gepa,ale,ale,2,1,1,business_finance/american_option_pricing_ls,0.5,0,911700,730.2
tools,gepa,ale,ale,2,1,1,business_finance/basel_operational_risk_bia_cn,0.0,0,459506,355.1
tools,gepa,ale,ale,2,1,1,business_finance/bpmn_supply_disruption_l3,0.0,0,1026791,1037.9
tools,gepa,ale,ale,2,1,1,business_finance/digital_marketing_audience_segmentation_1,0.7245,0,361373,205.7
tools,gepa,ale,ale,2,1,1,business_finance/pe_screening_memo_1,0.65625,0,919475,393.4
tools,gepa,ale,ale,2,1,1,business_finance/sse_northbound_programmatic_trading_01,0.666667,0,1077511,272.8
tools,gepa,ale,ale,2,1,1,computing_math/branch_bound_atsp,0.9,0,2591606,1896.0
tools,gepa,ale,ale,2,1,1,computing_math/cfr_game_theory_equilibrium,0.33,0,4579254,956.8
tools,gepa,ale,ale,2,1,1,computing_math/cost_optimization_1,0.848428,0,1174834,525.2
tools,gepa,ale,ale,2,1,1,computing_math/ising_post_measurement_1,1.0,1,169984,250.9
tools,gepa,ale,ale,2,1,1,computing_math/k8s_payment_api_root_cause_analysis,0.663889,0,191409,256.1
tools,gepa,ale,ale,2,1,1,computing_math/recsys_cold_start_instance_1,0.333333,0,2610124,905.6
tools,gepa,ale,ale,2,1,1,computing_math/synthetic_causal_structure_inference,0.198305,0,1050639,259.6
tools,gepa,ale,ale,2,1,1,education_info/homework_grading_numerical_pdes_instance_02,0.0,0,367544,247.3
tools,gepa,ale,ale,2,1,1,education_info/marc_remediation_folio_overlay,0.1,0,1346036,375.5
tools,gepa,ale,ale,2,1,1,education_info/moodle_gradebook_closeout_reconciliation,0.0,0,2639794,569.5
tools,gepa,ale,ale,2,1,1,engineering/aerospace_low_thrust_trajectory,0.0,0,1540926,487.2
tools,gepa,ale,ale,2,1,1,health_medicine/crf_sdtm_mapping_4,0.5024,0,1468160,364.9
tools,gepa,ale,ale,2,1,1,health_medicine/epidemiology_forecast,0.0,0,554604,302.1
tools,gepa,ale,ale,2,1,1,health_medicine/flusight_offline_hosp_forecast_2024_12_14,0.171757,0,419186,296.6
tools,gepa,ale,ale,2,1,1,health_medicine/healthcare_bias_audit_27a_public_replication_v1,0.0,0,0,892.2
tools,gepa,ale,ale,2,1,1,health_medicine/nhanes_confounder_sensitivity_analysis,0.562882,0,236002,255.7
tools,gepa,ale,ale,2,1,1,health_medicine/scene3_skullstrip_qc,1.0,1,141882,131.8
tools,gepa,ale,ale,2,1,1,legal/agora_governance_classify_instance_1,0.599471,0,2489795,414.5
tools,gepa,ale,ale,2,1,1,life_sciences/cell_tracking_instance_1,0.497699,0,2090090,477.5
tools,gepa,ale,ale,2,1,1,life_sciences/cell_translocation_analysis,0.0,0,634656,645.3
tools,gepa,ale,ale,2,1,1,life_sciences/tcga_brca_deg_analysis,0.0,0,7400413,3830.9
tools,gepa,ale,ale,2,1,1,physical_sciences/adapt_vqe_molecular_energy,1.0,1,1389463,450.7
tools,gepa,ale,ale,2,1,1,physical_sciences/gillespie_gene_regulatory_network,0.0,0,790249,536.3
tools,gepa,ale,ale,2,1,1,physical_sciences/glm_lake_calibration,0.0,0,2221536,576.1
tools,gepa,ale,ale,2,1,1,physical_sciences/molecular_structure_plausibility,0.222222,0,284713,175.3
tools,gepa,ale,ale,2,1,1,physical_sciences/mose2_bse_absorption_soc,0.0,0,700987,348.3
tools,gepa,ale,ale,2,1,1,psychology_neuro/scene2_resample,0.0,0,1023522,647.5
tools,gepa,ale,ale,2,1,1,transport_safety/abm_hangzhou_metro,0.0,0,1347222,1211.3
tools,gepa,ale,ale,2,1,2,business_finance/american_option_pricing_ls,0.5,0,1379076,709.1
tools,gepa,ale,ale,2,1,2,business_finance/basel_operational_risk_bia_cn,0.0,0,892139,412.3
tools,gepa,ale,ale,2,1,2,business_finance/bpmn_supply_disruption_l3,0.0,0,1879904,678.5
tools,gepa,ale,ale,2,1,2,business_finance/digital_marketing_audience_segmentation_1,0.8792,0,256320,173.6
tools,gepa,ale,ale,2,1,2,business_finance/pe_screening_memo_1,0.80625,0,851469,265.8
tools,gepa,ale,ale,2,1,2,business_finance/sse_northbound_programmatic_trading_01,0.333333,0,1592782,279.9
tools,gepa,ale,ale,2,1,2,computing_math/branch_bound_atsp,0.775,0,1481392,908.7
tools,gepa,ale,ale,2,1,2,computing_math/cfr_game_theory_equilibrium,0.0,0,996322,602.1
tools,gepa,ale,ale,2,1,2,computing_math/cost_optimization_1,0.76938,0,1329190,678.0
tools,gepa,ale,ale,2,1,2,computing_math/ising_post_measurement_1,0.0,0,179857,222.9
tools,gepa,ale,ale,2,1,2,computing_math/k8s_payment_api_root_cause_analysis,0.63,0,217429,163.6
tools,gepa,ale,ale,2,1,2,computing_math/recsys_cold_start_instance_1,0.833333,0,891299,607.8
tools,gepa,ale,ale,2,1,2,computing_math/synthetic_causal_structure_inference,0.297887,0,292142,242.1
tools,gepa,ale,ale,2,1,2,education_info/homework_grading_numerical_pdes_instance_02,0.675818,0,534922,178.5
tools,gepa,ale,ale,2,1,2,education_info/marc_remediation_folio_overlay,0.2,0,682817,263.8
tools,gepa,ale,ale,2,1,2,education_info/moodle_gradebook_closeout_reconciliation,0.0,0,1916466,339.9
tools,gepa,ale,ale,2,1,2,engineering/aerospace_low_thrust_trajectory,0.0,0,1154891,423.9
tools,gepa,ale,ale,2,1,2,health_medicine/crf_sdtm_mapping_4,0.5072,0,813616,254.1
tools,gepa,ale,ale,2,1,2,health_medicine/epidemiology_forecast,0.0,0,291097,275.4
tools,gepa,ale,ale,2,1,2,health_medicine/flusight_offline_hosp_forecast_2024_12_14,0.171757,0,211744,153.2
tools,gepa,ale,ale,2,1,2,health_medicine/healthcare_bias_audit_27a_public_replication_v1,0.0,0,3428139,1133.2
tools,gepa,ale,ale,2,1,2,health_medicine/nhanes_confounder_sensitivity_analysis,0.941667,0,385095,325.4
tools,gepa,ale,ale,2,1,2,health_medicine/scene3_skullstrip_qc,1.0,1,109097,127.0
tools,gepa,ale,ale,2,1,2,legal/agora_governance_classify_instance_1,0.342328,0,1331271,274.3
tools,gepa,ale,ale,2,1,2,life_sciences/cell_tracking_instance_1,0.481407,0,313163,196.9
tools,gepa,ale,ale,2,1,2,life_sciences/cell_translocation_analysis,0.0,0,1774431,851.0
tools,gepa,ale,ale,2,1,2,life_sciences/tcga_brca_deg_analysis,1.0,1,1836660,831.0
tools,gepa,ale,ale,2,1,2,physical_sciences/adapt_vqe_molecular_energy,0.333333,0,506725,365.9
tools,gepa,ale,ale,2,1,2,physical_sciences/gillespie_gene_regulatory_network,0.0,0,1366777,561.3
tools,gepa,ale,ale,2,1,2,physical_sciences/glm_lake_calibration,0.0,0,3708817,689.1
tools,gepa,ale,ale,2,1,2,physical_sciences/molecular_structure_plausibility,0.333333,0,443797,217.3
tools,gepa,ale,ale,2,1,2,physical_sciences/mose2_bse_absorption_soc,0.0,0,3582838,506.6
tools,gepa,ale,ale,2,1,2,psychology_neuro/scene2_resample,0.0,0,1100179,342.7
tools,gepa,ale,ale,2,1,2,transport_safety/abm_hangzhou_metro,1.0,1,825389,670.6
tools,gepa,ale,ale,2,1,3,business_finance/american_option_pricing_ls,0.0,0,622611,629.0
tools,gepa,ale,ale,2,1,3,business_finance/basel_operational_risk_bia_cn,0.0,0,593975,256.6
tools,gepa,ale,ale,2,1,3,business_finance/bpmn_supply_disruption_l3,0.8152,0,1418018,458.7
tools,gepa,ale,ale,2,1,3,business_finance/digital_marketing_audience_segmentation_1,0.9042,0,265875,218.5
tools,gepa,ale,ale,2,1,3,business_finance/pe_screening_memo_1,0.76875,0,1089361,341.4
tools,gepa,ale,ale,2,1,3,business_finance/sse_northbound_programmatic_trading_01,0.333333,0,1542506,275.7
tools,gepa,ale,ale,2,1,3,computing_math/branch_bound_atsp,0.95,0,2352687,2929.0
tools,gepa,ale,ale,2,1,3,computing_math/cfr_game_theory_equilibrium,0.0,0,1623496,673.8
tools,gepa,ale,ale,2,1,3,computing_math/cost_optimization_1,0.848428,0,1058765,453.7
tools,gepa,ale,ale,2,1,3,computing_math/ising_post_measurement_1,1.0,1,510313,346.4
tools,gepa,ale,ale,2,1,3,computing_math/k8s_payment_api_root_cause_analysis,0.922727,0,183098,171.1
tools,gepa,ale,ale,2,1,3,computing_math/recsys_cold_start_instance_1,0.333333,0,1389148,515.6
tools,gepa,ale,ale,2,1,3,computing_math/synthetic_causal_structure_inference,0.0,0,1462671,418.0
tools,gepa,ale,ale,2,1,3,education_info/homework_grading_numerical_pdes_instance_02,0.699818,0,874121,307.1
tools,gepa,ale,ale,2,1,3,education_info/marc_remediation_folio_overlay,0.1,0,564787,263.0
tools,gepa,ale,ale,2,1,3,education_info/moodle_gradebook_closeout_reconciliation,0.0,0,1495174,453.8
tools,gepa,ale,ale,2,1,3,engineering/aerospace_low_thrust_trajectory,0.0,0,460848,348.0
tools,gepa,ale,ale,2,1,3,health_medicine/crf_sdtm_mapping_4,0.4211,0,445218,284.4
tools,gepa,ale,ale,2,1,3,health_medicine/epidemiology_forecast,0.0,0,181825,297.9
tools,gepa,ale,ale,2,1,3,health_medicine/flusight_offline_hosp_forecast_2024_12_14,0.0,0,238713,161.2
tools,gepa,ale,ale,2,1,3,health_medicine/healthcare_bias_audit_27a_public_replication_v1,0.0,0,0,1010.2
tools,gepa,ale,ale,2,1,3,health_medicine/nhanes_confounder_sensitivity_analysis,0.538542,0,626531,266.9
tools,gepa,ale,ale,2,1,3,health_medicine/scene3_skullstrip_qc,1.0,1,146101,156.5
tools,gepa,ale,ale,2,1,3,legal/agora_governance_classify_instance_1,0.358995,0,4618175,533.1
tools,gepa,ale,ale,2,1,3,life_sciences/cell_tracking_instance_1,0.519739,0,277524,315.3
tools,gepa,ale,ale,2,1,3,life_sciences/cell_translocation_analysis,0.0,0,1634604,911.0
tools,gepa,ale,ale,2,1,3,life_sciences/tcga_brca_deg_analysis,0.0,0,542145,525.8
tools,gepa,ale,ale,2,1,3,physical_sciences/adapt_vqe_molecular_energy,0.0,0,744908,521.7
tools,gepa,ale,ale,2,1,3,physical_sciences/gillespie_gene_regulatory_network,0.0,0,808002,515.7
tools,gepa,ale,ale,2,1,3,physical_sciences/glm_lake_calibration,0.0,0,1178054,1250.8
tools,gepa,ale,ale,2,1,3,physical_sciences/molecular_structure_plausibility,0.142857,0,418593,175.8
tools,gepa,ale,ale,2,1,3,physical_sciences/mose2_bse_absorption_soc,0.0,0,3109038,531.8
tools,gepa,ale,ale,2,1,3,psychology_neuro/scene2_resample,0.0,0,1066729,430.4
tools,gepa,ale,ale,2,1,3,transport_safety/abm_hangzhou_metro,0.0,0,2898888,671.6
tools,gepa,ale,ale,2,2,1,computing_math/cp_test_gen_1,0.0,0,557687,399.1
tools,gepa,ale,ale,2,2,1,computing_math/k3_abelian_extensions,0.0,0,889217,484.1
tools,gepa,ale,ale,2,2,1,engineering/mpc_control_building_v1,0.0,0,3087213,1074.6
tools,gepa,ale,ale,2,2,1,health_medicine/healthcare_variant_annotation_pipeline,1.0,1,499287,309.1
tools,gepa,ale,ale,2,2,2,computing_math/cp_test_gen_1,0.1,0,628363,321.2
tools,gepa,ale,ale,2,2,2,computing_math/k3_abelian_extensions,0.0,0,390730,435.6
tools,gepa,ale,ale,2,2,2,engineering/mpc_control_building_v1,0.0,0,1968261,436.1
tools,gepa,ale,ale,2,2,2,health_medicine/healthcare_variant_annotation_pipeline,0.999,0,422840,166.1
tools,gepa,ale,ale,2,2,3,computing_math/cp_test_gen_1,0.4,0,1213836,358.9
tools,gepa,ale,ale,2,2,3,computing_math/k3_abelian_extensions,0.0,0,859072,573.9
tools,gepa,ale,ale,2,2,3,engineering/mpc_control_building_v1,0.0,0,1799180,438.7
tools,gepa,ale,ale,2,2,3,health_medicine/healthcare_variant_annotation_pipeline,0.0,0,238752,143.6
tools,gepa,ale,ale,2,3,1,business_finance/digital_marketing_ab_test_analysis_1,0.0,0,2228237,415.5
tools,gepa,ale,ale,2,3,1,life_sciences/tms_marrow_cell_type_annotation_instance_1,0.0,0,1465209,600.6
tools,gepa,ale,ale,2,3,2,business_finance/digital_marketing_ab_test_analysis_1,0.0,0,616934,375.9
tools,gepa,ale,ale,2,3,2,life_sciences/tms_marrow_cell_type_annotation_instance_1,0.0,0,154626,196.0
tools,gepa,ale,ale,2,3,3,business_finance/digital_marketing_ab_test_analysis_1,0.0,0,309555,375.4
tools,gepa,ale,ale,2,3,3,life_sciences/tms_marrow_cell_type_annotation_instance_1,0.0,0,409933,475.9
tools,gepa,ale,ale,3,1,1,business_finance/american_option_pricing_ls,1.0,1,532711,471.7
tools,gepa,ale,ale,3,1,1,business_finance/basel_operational_risk_bia_cn,0.0,0,1111961,558.3
tools,gepa,ale,ale,3,1,1,business_finance/bpmn_supply_disruption_l3,0.8119,0,4104234,749.3
tools,gepa,ale,ale,3,1,1,business_finance/digital_marketing_audience_segmentation_1,0.8375,0,1148513,559.9
tools,gepa,ale,ale,3,1,1,business_finance/pe_screening_memo_1,0.8125,0,884282,315.4
tools,gepa,ale,ale,3,1,1,business_finance/sse_northbound_programmatic_trading_01,0.333333,0,713574,267.8
tools,gepa,ale,ale,3,1,1,computing_math/branch_bound_atsp,0.0,0,895489,384.8
tools,gepa,ale,ale,3,1,1,computing_math/cfr_game_theory_equilibrium,0.33,0,1379873,781.2
tools,gepa,ale,ale,3,1,1,computing_math/cost_optimization_1,0.660928,0,820097,382.6
tools,gepa,ale,ale,3,1,1,computing_math/ising_post_measurement_1,1.0,1,968782,463.2
tools,gepa,ale,ale,3,1,1,computing_math/k8s_payment_api_root_cause_analysis,0.722727,0,4787295,579.0
tools,gepa,ale,ale,3,1,1,computing_math/recsys_cold_start_instance_1,0.333333,0,3812733,895.6
tools,gepa,ale,ale,3,1,1,computing_math/synthetic_causal_structure_inference,0.297227,0,470495,297.1
tools,gepa,ale,ale,3,1,1,education_info/homework_grading_numerical_pdes_instance_02,0.659818,0,279684,166.3
tools,gepa,ale,ale,3,1,1,education_info/marc_remediation_folio_overlay,0.2,0,1400947,572.6
tools,gepa,ale,ale,3,1,1,education_info/moodle_gradebook_closeout_reconciliation,0.0,0,1414822,455.6
tools,gepa,ale,ale,3,1,1,engineering/aerospace_low_thrust_trajectory,0.0,0,685209,310.2
tools,gepa,ale,ale,3,1,1,health_medicine/crf_sdtm_mapping_4,0.3756,0,2423454,440.6
tools,gepa,ale,ale,3,1,1,health_medicine/epidemiology_forecast,0.0,0,256534,207.5
tools,gepa,ale,ale,3,1,1,health_medicine/flusight_offline_hosp_forecast_2024_12_14,0.102667,0,271133,148.0
tools,gepa,ale,ale,3,1,1,health_medicine/healthcare_bias_audit_27a_public_replication_v1,0.0,0,4194189,849.7
tools,gepa,ale,ale,3,1,1,health_medicine/nhanes_confounder_sensitivity_analysis,1.0,1,292389,250.0
tools,gepa,ale,ale,3,1,1,health_medicine/scene3_skullstrip_qc,1.0,1,181829,121.7
tools,gepa,ale,ale,3,1,1,legal/agora_governance_classify_instance_1,0.360847,0,2221291,559.0
tools,gepa,ale,ale,3,1,1,life_sciences/cell_tracking_instance_1,0.482616,0,1849889,609.1
tools,gepa,ale,ale,3,1,1,life_sciences/cell_translocation_analysis,0.0,0,402140,486.8
tools,gepa,ale,ale,3,1,1,life_sciences/tcga_brca_deg_analysis,1.0,1,461398,256.7
tools,gepa,ale,ale,3,1,1,physical_sciences/adapt_vqe_molecular_energy,0.333333,0,1547830,478.6
tools,gepa,ale,ale,3,1,1,physical_sciences/gillespie_gene_regulatory_network,0.0,0,278736,310.2
tools,gepa,ale,ale,3,1,1,physical_sciences/glm_lake_calibration,0.0,0,2694895,638.3
tools,gepa,ale,ale,3,1,1,physical_sciences/molecular_structure_plausibility,0.333333,0,291069,261.1
tools,gepa,ale,ale,3,1,1,physical_sciences/mose2_bse_absorption_soc,0.0,0,5357620,695.4
tools,gepa,ale,ale,3,1,1,psychology_neuro/scene2_resample,0.0,0,756146,354.3
tools,gepa,ale,ale,3,1,1,transport_safety/abm_hangzhou_metro,0.0,0,493923,468.9
tools,gepa,ale,ale,3,1,2,business_finance/american_option_pricing_ls,0.0,0,1360558,572.1
tools,gepa,ale,ale,3,1,2,business_finance/basel_operational_risk_bia_cn,0.0,0,1258063,428.7
tools,gepa,ale,ale,3,1,2,business_finance/bpmn_supply_disruption_l3,0.8227,0,917237,439.7
tools,gepa,ale,ale,3,1,2,business_finance/digital_marketing_audience_segmentation_1,0.8667,0,298165,190.7
tools,gepa,ale,ale,3,1,2,business_finance/pe_screening_memo_1,0.6875,0,894732,294.7
tools,gepa,ale,ale,3,1,2,business_finance/sse_northbound_programmatic_trading_01,0.666667,0,436701,158.9
tools,gepa,ale,ale,3,1,2,computing_math/branch_bound_atsp,0.2875,0,1480364,1056.2
tools,gepa,ale,ale,3,1,2,computing_math/cfr_game_theory_equilibrium,0.33,0,2179318,831.3
tools,gepa,ale,ale,3,1,2,computing_math/cost_optimization_1,0.848428,0,1807547,701.5
tools,gepa,ale,ale,3,1,2,computing_math/ising_post_measurement_1,1.0,1,557820,443.0
tools,gepa,ale,ale,3,1,2,computing_math/k8s_payment_api_root_cause_analysis,0.705,0,204377,158.8
tools,gepa,ale,ale,3,1,2,computing_math/recsys_cold_start_instance_1,0.333333,0,3924111,616.0
tools,gepa,ale,ale,3,1,2,computing_math/synthetic_causal_structure_inference,0.320783,0,290191,186.7
tools,gepa,ale,ale,3,1,2,education_info/homework_grading_numerical_pdes_instance_02,0.661818,0,637311,214.1
tools,gepa,ale,ale,3,1,2,education_info/marc_remediation_folio_overlay,0.0,0,982415,555.0
tools,gepa,ale,ale,3,1,2,education_info/moodle_gradebook_closeout_reconciliation,0.0,0,2478469,531.1
tools,gepa,ale,ale,3,1,2,engineering/aerospace_low_thrust_trajectory,0.0,0,839694,450.7
tools,gepa,ale,ale,3,1,2,health_medicine/crf_sdtm_mapping_4,0.5789,0,1476399,477.9
tools,gepa,ale,ale,3,1,2,health_medicine/epidemiology_forecast,0.0,0,404076,300.6
tools,gepa,ale,ale,3,1,2,health_medicine/flusight_offline_hosp_forecast_2024_12_14,0.429246,0,363036,244.8
tools,gepa,ale,ale,3,1,2,health_medicine/healthcare_bias_audit_27a_public_replication_v1,0.0,0,1482621,793.3
tools,gepa,ale,ale,3,1,2,health_medicine/nhanes_confounder_sensitivity_analysis,0.571093,0,312775,205.5
tools,gepa,ale,ale,3,1,2,health_medicine/scene3_skullstrip_qc,1.0,1,93699,136.7
tools,gepa,ale,ale,3,1,2,legal/agora_governance_classify_instance_1,0.0,0,2741719,627.9
tools,gepa,ale,ale,3,1,2,life_sciences/cell_tracking_instance_1,0.469804,0,515141,344.1
tools,gepa,ale,ale,3,1,2,life_sciences/cell_translocation_analysis,0.0,0,399343,432.9
tools,gepa,ale,ale,3,1,2,life_sciences/tcga_brca_deg_analysis,0.0,0,2987283,672.9
tools,gepa,ale,ale,3,1,2,physical_sciences/adapt_vqe_molecular_energy,0.666667,0,785693,626.0
tools,gepa,ale,ale,3,1,2,physical_sciences/gillespie_gene_regulatory_network,0.63,0,686083,555.3
tools,gepa,ale,ale,3,1,2,physical_sciences/glm_lake_calibration,0.0,0,2802810,1023.0
tools,gepa,ale,ale,3,1,2,physical_sciences/molecular_structure_plausibility,0.333333,0,409035,180.5
tools,gepa,ale,ale,3,1,2,physical_sciences/mose2_bse_absorption_soc,0.0,0,3672206,710.6
tools,gepa,ale,ale,3,1,2,psychology_neuro/scene2_resample,0.0,0,506583,230.2
tools,gepa,ale,ale,3,1,2,transport_safety/abm_hangzhou_metro,0.0,0,679414,644.3
tools,gepa,ale,ale,3,1,3,business_finance/american_option_pricing_ls,0.0,0,2362227,650.4
tools,gepa,ale,ale,3,1,3,business_finance/basel_operational_risk_bia_cn,0.0,0,1729715,424.3
tools,gepa,ale,ale,3,1,3,business_finance/bpmn_supply_disruption_l3,0.868,0,858979,553.7
tools,gepa,ale,ale,3,1,3,business_finance/digital_marketing_audience_segmentation_1,0.9042,0,268658,189.2
tools,gepa,ale,ale,3,1,3,business_finance/pe_screening_memo_1,0.0,0,773950,271.3
tools,gepa,ale,ale,3,1,3,business_finance/sse_northbound_programmatic_trading_01,0.666667,0,702046,260.1
tools,gepa,ale,ale,3,1,3,computing_math/branch_bound_atsp,0.7125,0,2078082,1582.1
tools,gepa,ale,ale,3,1,3,computing_math/cfr_game_theory_equilibrium,0.67,0,1587787,957.1
tools,gepa,ale,ale,3,1,3,computing_math/cost_optimization_1,0.83105,0,2652076,655.2
tools,gepa,ale,ale,3,1,3,computing_math/ising_post_measurement_1,1.0,1,557505,343.1
tools,gepa,ale,ale,3,1,3,computing_math/k8s_payment_api_root_cause_analysis,0.655,0,220537,181.1
tools,gepa,ale,ale,3,1,3,computing_math/recsys_cold_start_instance_1,0.333333,0,404454,324.9
tools,gepa,ale,ale,3,1,3,computing_math/synthetic_causal_structure_inference,0.374607,0,403660,198.0
tools,gepa,ale,ale,3,1,3,education_info/homework_grading_numerical_pdes_instance_02,0.759818,0,723076,370.9
tools,gepa,ale,ale,3,1,3,education_info/marc_remediation_folio_overlay,0.0,0,1924641,555.0
tools,gepa,ale,ale,3,1,3,education_info/moodle_gradebook_closeout_reconciliation,0.0,0,1778153,473.1
tools,gepa,ale,ale,3,1,3,engineering/aerospace_low_thrust_trajectory,0.0,0,768165,481.9
tools,gepa,ale,ale,3,1,3,health_medicine/crf_sdtm_mapping_4,0.3397,0,1020213,283.1
tools,gepa,ale,ale,3,1,3,health_medicine/epidemiology_forecast,0.0,0,469031,311.9
tools,gepa,ale,ale,3,1,3,health_medicine/flusight_offline_hosp_forecast_2024_12_14,0.595454,0,637091,255.4
tools,gepa,ale,ale,3,1,3,health_medicine/healthcare_bias_audit_27a_public_replication_v1,0.0,0,6703870,1085.9
tools,gepa,ale,ale,3,1,3,health_medicine/nhanes_confounder_sensitivity_analysis,0.838888,0,1285933,623.3
tools,gepa,ale,ale,3,1,3,health_medicine/scene3_skullstrip_qc,1.0,1,74386,132.3
tools,gepa,ale,ale,3,1,3,legal/agora_governance_classify_instance_1,0.453439,0,1863130,371.1
tools,gepa,ale,ale,3,1,3,life_sciences/cell_tracking_instance_1,0.486666,0,2752043,689.7
tools,gepa,ale,ale,3,1,3,life_sciences/cell_translocation_analysis,0.0,0,2497220,715.3
tools,gepa,ale,ale,3,1,3,life_sciences/tcga_brca_deg_analysis,1.0,1,434296,200.7
tools,gepa,ale,ale,3,1,3,physical_sciences/adapt_vqe_molecular_energy,0.0,0,1201481,758.3
tools,gepa,ale,ale,3,1,3,physical_sciences/gillespie_gene_regulatory_network,0.0,0,501429,400.5
tools,gepa,ale,ale,3,1,3,physical_sciences/glm_lake_calibration,0.0,0,4413372,779.2
tools,gepa,ale,ale,3,1,3,physical_sciences/molecular_structure_plausibility,0.5,0,460578,220.6
tools,gepa,ale,ale,3,1,3,physical_sciences/mose2_bse_absorption_soc,0.0,0,2860799,681.2
tools,gepa,ale,ale,3,1,3,psychology_neuro/scene2_resample,0.0,0,485598,327.4
tools,gepa,ale,ale,3,1,3,transport_safety/abm_hangzhou_metro,0.0,0,1204643,539.3
tools,gepa,ale,ale,3,2,1,computing_math/cp_test_gen_1,0.2,0,537522,374.1
tools,gepa,ale,ale,3,2,1,computing_math/k3_abelian_extensions,0.0,0,1611925,734.2
tools,gepa,ale,ale,3,2,1,engineering/mpc_control_building_v1,0.0,0,3415747,774.2
tools,gepa,ale,ale,3,2,1,health_medicine/healthcare_variant_annotation_pipeline,1.0,1,520656,223.9
tools,gepa,ale,ale,3,2,2,computing_math/cp_test_gen_1,0.7,0,762457,444.5
tools,gepa,ale,ale,3,2,2,computing_math/k3_abelian_extensions,1.0,1,597265,494.5
tools,gepa,ale,ale,3,2,2,engineering/mpc_control_building_v1,0.0,0,4743910,954.4
tools,gepa,ale,ale,3,2,2,health_medicine/healthcare_variant_annotation_pipeline,1.0,1,129338,134.4
tools,gepa,ale,ale,3,2,3,computing_math/cp_test_gen_1,0.5,0,542604,332.3
tools,gepa,ale,ale,3,2,3,computing_math/k3_abelian_extensions,1.0,1,1858518,1022.3
tools,gepa,ale,ale,3,2,3,engineering/mpc_control_building_v1,0.0,0,2903099,577.2
tools,gepa,ale,ale,3,2,3,health_medicine/healthcare_variant_annotation_pipeline,1.0,1,146487,137.2
tools,gepa,ale,ale,3,3,1,business_finance/digital_marketing_ab_test_analysis_1,0.0,0,632494,343.5
tools,gepa,ale,ale,3,3,1,life_sciences/tms_marrow_cell_type_annotation_instance_1,0.0,0,391832,323.4
tools,gepa,ale,ale,3,3,2,business_finance/digital_marketing_ab_test_analysis_1,0.0,0,1695030,603.4
tools,gepa,ale,ale,3,3,2,life_sciences/tms_marrow_cell_type_annotation_instance_1,0.0,0,424622,433.5
tools,gepa,ale,ale,3,3,3,business_finance/digital_marketing_ab_test_analysis_1,0.0,0,228775,174.3
tools,gepa,ale,ale,3,3,3,life_sciences/tms_marrow_cell_type_annotation_instance_1,0.0,0,679945,549.3
tools,gepa,ale,ale,3,4,1,business_finance/financial_stmt_reconstruction_aapl_fy2024,1.0,1,272132,187.8
tools,gepa,ale,ale,3,4,1,business_finance/sec_10k_financial_parsing,0.4135,0,4750660,1067.1
tools,gepa,ale,ale,3,4,1,engineering/openroad_sky130_ibex_pnr_signoff,0.0,0,1038356,335.0
tools,gepa,ale,ale,3,4,1,health_medicine/prostate_imrt_matrad_reproduction,0.0,0,10981779,1095.3
tools,gepa,ale,ale,3,4,1,health_medicine/wsi_tumor_localization_1,0.0,0,625193,326.8
tools,gepa,ale,ale,3,4,1,life_sciences/gene_expression_differential_analysis_functional_enrichment_analysis_1,0.0,0,0,881.4
tools,gepa,ale,ale,3,4,2,business_finance/financial_stmt_reconstruction_aapl_fy2024,1.0,1,443975,225.6
tools,gepa,ale,ale,3,4,2,business_finance/sec_10k_financial_parsing,0.5381,0,4650665,1220.2
tools,gepa,ale,ale,3,4,2,engineering/openroad_sky130_ibex_pnr_signoff,0.0,0,487074,226.8
tools,gepa,ale,ale,3,4,2,health_medicine/prostate_imrt_matrad_reproduction,0.0,0,6671164,1117.8
tools,gepa,ale,ale,3,4,2,health_medicine/wsi_tumor_localization_1,0.0,0,418740,324.7
tools,gepa,ale,ale,3,4,2,life_sciences/gene_expression_differential_analysis_functional_enrichment_analysis_1,0.0,0,0,1140.5
tools,gepa,ale,ale,3,4,3,business_finance/financial_stmt_reconstruction_aapl_fy2024,1.0,1,498707,275.1
tools,gepa,ale,ale,3,4,3,business_finance/sec_10k_financial_parsing,0.0,0,2877265,1254.6
tools,gepa,ale,ale,3,4,3,engineering/openroad_sky130_ibex_pnr_signoff,0.0,0,1078776,561.7
tools,gepa,ale,ale,3,4,3,health_medicine/prostate_imrt_matrad_reproduction,0.0,0,3779491,770.3
tools,gepa,ale,ale,3,4,3,health_medicine/wsi_tumor_localization_1,0.0,0,422335,327.7
tools,gepa,ale,ale,3,4,3,life_sciences/gene_expression_differential_analysis_functional_enrichment_analysis_1,0.0,0,0,666.7
tools,gepa,ale,ale,4,1,1,business_finance/american_option_pricing_ls,0.0,0,417256,397.9
tools,gepa,ale,ale,4,1,1,business_finance/basel_operational_risk_bia_cn,0.0,0,3168777,910.7
tools,gepa,ale,ale,4,1,1,business_finance/bpmn_supply_disruption_l3,0.6844,0,1138237,902.0
tools,gepa,ale,ale,4,1,1,business_finance/digital_marketing_audience_segmentation_1,0.7245,0,501818,257.7
tools,gepa,ale,ale,4,1,1,business_finance/pe_screening_memo_1,0.80625,0,570060,255.2
tools,gepa,ale,ale,4,1,1,business_finance/sse_northbound_programmatic_trading_01,0.333333,0,517177,166.3
tools,gepa,ale,ale,4,1,1,computing_math/branch_bound_atsp,0.95,0,2600336,1374.9
tools,gepa,ale,ale,4,1,1,computing_math/cfr_game_theory_equilibrium,0.33,0,1416775,803.4
tools,gepa,ale,ale,4,1,1,computing_math/cost_optimization_1,0.0,0,4846758,843.0
tools,gepa,ale,ale,4,1,1,computing_math/ising_post_measurement_1,0.0,0,218541,296.7
tools,gepa,ale,ale,4,1,1,computing_math/k8s_payment_api_root_cause_analysis,0.697727,0,219802,197.7
tools,gepa,ale,ale,4,1,1,computing_math/recsys_cold_start_instance_1,0.5,0,847015,763.9
tools,gepa,ale,ale,4,1,1,computing_math/synthetic_causal_structure_inference,0.275984,0,471105,274.7
tools,gepa,ale,ale,4,1,1,education_info/homework_grading_numerical_pdes_instance_02,0.618667,0,1467510,358.5
tools,gepa,ale,ale,4,1,1,education_info/marc_remediation_folio_overlay,0.0,0,741587,269.7
tools,gepa,ale,ale,4,1,1,education_info/moodle_gradebook_closeout_reconciliation,0.0,0,1594171,433.1
tools,gepa,ale,ale,4,1,1,engineering/aerospace_low_thrust_trajectory,0.0,0,642302,490.7
tools,gepa,ale,ale,4,1,1,health_medicine/crf_sdtm_mapping_4,0.0,0,1475115,375.3
tools,gepa,ale,ale,4,1,1,health_medicine/epidemiology_forecast,0.0,0,414355,370.8
tools,gepa,ale,ale,4,1,1,health_medicine/flusight_offline_hosp_forecast_2024_12_14,0.052709,0,373253,242.4
tools,gepa,ale,ale,4,1,1,health_medicine/healthcare_bias_audit_27a_public_replication_v1,0.0,0,4472150,1334.9
tools,gepa,ale,ale,4,1,1,health_medicine/nhanes_confounder_sensitivity_analysis,0.596194,0,991104,418.9
tools,gepa,ale,ale,4,1,1,health_medicine/scene3_skullstrip_qc,1.0,1,168052,121.9
tools,gepa,ale,ale,4,1,1,legal/agora_governance_classify_instance_1,0.293875,0,2545717,359.9
tools,gepa,ale,ale,4,1,1,life_sciences/cell_tracking_instance_1,0.495583,0,375519,289.1
tools,gepa,ale,ale,4,1,1,life_sciences/cell_translocation_analysis,0.0,0,994798,639.9
tools,gepa,ale,ale,4,1,1,life_sciences/tcga_brca_deg_analysis,0.0,0,1145837,567.9
tools,gepa,ale,ale,4,1,1,physical_sciences/adapt_vqe_molecular_energy,1.0,1,300844,256.1
tools,gepa,ale,ale,4,1,1,physical_sciences/gillespie_gene_regulatory_network,0.68,0,703906,415.3
tools,gepa,ale,ale,4,1,1,physical_sciences/glm_lake_calibration,0.0,0,936328,402.5
tools,gepa,ale,ale,4,1,1,physical_sciences/molecular_structure_plausibility,0.222222,0,133090,140.5
tools,gepa,ale,ale,4,1,1,physical_sciences/mose2_bse_absorption_soc,0.0,0,466084,280.7
tools,gepa,ale,ale,4,1,1,psychology_neuro/scene2_resample,0.0,0,112816,212.3
tools,gepa,ale,ale,4,1,1,transport_safety/abm_hangzhou_metro,0.0,0,1092623,554.6
tools,gepa,ale,ale,4,1,2,business_finance/american_option_pricing_ls,0.0,0,291698,282.9
tools,gepa,ale,ale,4,1,2,business_finance/basel_operational_risk_bia_cn,0.0,0,1125153,473.4
tools,gepa,ale,ale,4,1,2,business_finance/bpmn_supply_disruption_l3,0.0,0,1206277,607.2
tools,gepa,ale,ale,4,1,2,business_finance/digital_marketing_audience_segmentation_1,0.8667,0,263269,193.5
tools,gepa,ale,ale,4,1,2,business_finance/pe_screening_memo_1,0.825,0,1169418,353.7
tools,gepa,ale,ale,4,1,2,business_finance/sse_northbound_programmatic_trading_01,0.666667,0,2975257,436.0
tools,gepa,ale,ale,4,1,2,computing_math/branch_bound_atsp,0.9,0,2220724,2071.0
tools,gepa,ale,ale,4,1,2,computing_math/cfr_game_theory_equilibrium,0.0,0,2732102,606.8
tools,gepa,ale,ale,4,1,2,computing_math/cost_optimization_1,0.63813,0,2134126,746.7
tools,gepa,ale,ale,4,1,2,computing_math/ising_post_measurement_1,0.0,0,480433,468.2
tools,gepa,ale,ale,4,1,2,computing_math/k8s_payment_api_root_cause_analysis,0.705,0,3489831,675.6
tools,gepa,ale,ale,4,1,2,computing_math/recsys_cold_start_instance_1,0.333333,0,1890396,1298.6
tools,gepa,ale,ale,4,1,2,computing_math/synthetic_causal_structure_inference,0.344766,0,511765,293.4
tools,gepa,ale,ale,4,1,2,education_info/homework_grading_numerical_pdes_instance_02,0.783818,0,718167,343.7
tools,gepa,ale,ale,4,1,2,education_info/marc_remediation_folio_overlay,0.0,0,1053603,557.8
tools,gepa,ale,ale,4,1,2,education_info/moodle_gradebook_closeout_reconciliation,0.0,0,1029778,230.0
tools,gepa,ale,ale,4,1,2,engineering/aerospace_low_thrust_trajectory,0.0,0,846859,485.0
tools,gepa,ale,ale,4,1,2,health_medicine/crf_sdtm_mapping_4,0.622,0,1478008,371.9
tools,gepa,ale,ale,4,1,2,health_medicine/epidemiology_forecast,0.0,0,262422,276.4
tools,gepa,ale,ale,4,1,2,health_medicine/flusight_offline_hosp_forecast_2024_12_14,0.186715,0,631628,231.7
tools,gepa,ale,ale,4,1,2,health_medicine/healthcare_bias_audit_27a_public_replication_v1,0.0,0,0,346.5
tools,gepa,ale,ale,4,1,2,health_medicine/nhanes_confounder_sensitivity_analysis,0.571194,0,1581556,435.7
tools,gepa,ale,ale,4,1,2,health_medicine/scene3_skullstrip_qc,1.0,1,236018,144.8
tools,gepa,ale,ale,4,1,2,legal/agora_governance_classify_instance_1,0.0,0,8976644,764.8
tools,gepa,ale,ale,4,1,2,life_sciences/cell_tracking_instance_1,0.496864,0,890105,548.6
tools,gepa,ale,ale,4,1,2,life_sciences/cell_translocation_analysis,0.0,0,264586,275.3
tools,gepa,ale,ale,4,1,2,life_sciences/tcga_brca_deg_analysis,0.0,0,1971035,618.0
tools,gepa,ale,ale,4,1,2,physical_sciences/adapt_vqe_molecular_energy,1.0,1,805456,446.4
tools,gepa,ale,ale,4,1,2,physical_sciences/gillespie_gene_regulatory_network,0.44,0,1001079,896.5
tools,gepa,ale,ale,4,1,2,physical_sciences/glm_lake_calibration,0.0,0,2200555,1205.6
tools,gepa,ale,ale,4,1,2,physical_sciences/molecular_structure_plausibility,0.333333,0,344057,193.5
tools,gepa,ale,ale,4,1,2,physical_sciences/mose2_bse_absorption_soc,0.0,0,374770,370.5
tools,gepa,ale,ale,4,1,2,psychology_neuro/scene2_resample,0.0,0,932307,442.6
tools,gepa,ale,ale,4,1,2,transport_safety/abm_hangzhou_metro,0.0,0,3605818,1073.5
tools,gepa,ale,ale,4,1,3,business_finance/american_option_pricing_ls,0.5,0,1134878,1144.9
tools,gepa,ale,ale,4,1,3,business_finance/basel_operational_risk_bia_cn,0.0,0,1224548,440.4
tools,gepa,ale,ale,4,1,3,business_finance/bpmn_supply_disruption_l3,0.8786,0,1261565,436.8
tools,gepa,ale,ale,4,1,3,business_finance/digital_marketing_audience_segmentation_1,0.8667,0,320731,238.4
tools,gepa,ale,ale,4,1,3,business_finance/pe_screening_memo_1,0.83125,0,1299037,434.5
tools,gepa,ale,ale,4,1,3,business_finance/sse_northbound_programmatic_trading_01,0.0,0,531922,224.2
tools,gepa,ale,ale,4,1,3,computing_math/branch_bound_atsp,0.9,0,2141097,1937.4
tools,gepa,ale,ale,4,1,3,computing_math/cfr_game_theory_equilibrium,0.33,0,1824014,991.7
tools,gepa,ale,ale,4,1,3,computing_math/cost_optimization_1,0.660928,0,1838008,890.9
tools,gepa,ale,ale,4,1,3,computing_math/ising_post_measurement_1,0.0,0,585281,588.5
tools,gepa,ale,ale,4,1,3,computing_math/k8s_payment_api_root_cause_analysis,0.0,0,821221,492.7
tools,gepa,ale,ale,4,1,3,computing_math/recsys_cold_start_instance_1,0.5,0,1044172,745.2
tools,gepa,ale,ale,4,1,3,computing_math/synthetic_causal_structure_inference,0.277023,0,868825,294.6
tools,gepa,ale,ale,4,1,3,education_info/homework_grading_numerical_pdes_instance_02,0.517636,0,1584777,430.4
tools,gepa,ale,ale,4,1,3,education_info/marc_remediation_folio_overlay,0.2,0,1105557,339.2
tools,gepa,ale,ale,4,1,3,education_info/moodle_gradebook_closeout_reconciliation,0.0,0,1037784,428.0
tools,gepa,ale,ale,4,1,3,engineering/aerospace_low_thrust_trajectory,0.0,0,1074139,915.6
tools,gepa,ale,ale,4,1,3,health_medicine/crf_sdtm_mapping_4,0.6555,0,1935756,492.0
tools,gepa,ale,ale,4,1,3,health_medicine/epidemiology_forecast,0.0,0,473129,319.2
tools,gepa,ale,ale,4,1,3,health_medicine/flusight_offline_hosp_forecast_2024_12_14,0.201458,0,673401,497.8
tools,gepa,ale,ale,4,1,3,health_medicine/healthcare_bias_audit_27a_public_replication_v1,0.0,0,3824406,849.9
tools,gepa,ale,ale,4,1,3,health_medicine/nhanes_confounder_sensitivity_analysis,0.571153,0,276215,180.9
tools,gepa,ale,ale,4,1,3,health_medicine/scene3_skullstrip_qc,1.0,1,115869,115.8
tools,gepa,ale,ale,4,1,3,legal/agora_governance_classify_instance_1,0.0,0,0,2732.9
tools,gepa,ale,ale,4,1,3,life_sciences/cell_tracking_instance_1,0.508929,0,1505803,599.7
tools,gepa,ale,ale,4,1,3,life_sciences/cell_translocation_analysis,0.0,0,779041,433.9
tools,gepa,ale,ale,4,1,3,life_sciences/tcga_brca_deg_analysis,0.0,0,527042,560.6
tools,gepa,ale,ale,4,1,3,physical_sciences/adapt_vqe_molecular_energy,0.333333,0,581366,870.9
tools,gepa,ale,ale,4,1,3,physical_sciences/gillespie_gene_regulatory_network,0.58,0,1091584,517.8
tools,gepa,ale,ale,4,1,3,physical_sciences/glm_lake_calibration,0.0,0,3721325,1230.7
tools,gepa,ale,ale,4,1,3,physical_sciences/molecular_structure_plausibility,0.666667,0,485756,245.7
tools,gepa,ale,ale,4,1,3,physical_sciences/mose2_bse_absorption_soc,0.0,0,4297614,669.1
tools,gepa,ale,ale,4,1,3,psychology_neuro/scene2_resample,0.0,0,655993,787.3
tools,gepa,ale,ale,4,1,3,transport_safety/abm_hangzhou_metro,0.0,0,1715968,760.8
tools,gepa,ale,ale,4,2,1,computing_math/cp_test_gen_1,0.2,0,1362444,572.8
tools,gepa,ale,ale,4,2,1,computing_math/k3_abelian_extensions,1.0,1,1100473,547.8
tools,gepa,ale,ale,4,2,1,engineering/mpc_control_building_v1,0.0,0,1232170,642.8
tools,gepa,ale,ale,4,2,1,health_medicine/healthcare_variant_annotation_pipeline,0.983,0,1288696,417.8
tools,gepa,ale,ale,4,2,2,computing_math/cp_test_gen_1,0.2,0,504735,279.5
tools,gepa,ale,ale,4,2,2,computing_math/k3_abelian_extensions,0.0,0,212054,264.3
tools,gepa,ale,ale,4,2,2,engineering/mpc_control_building_v1,0.0,0,969148,679.7
tools,gepa,ale,ale,4,2,2,health_medicine/healthcare_variant_annotation_pipeline,0.989,0,1118355,384.2
tools,gepa,ale,ale,4,2,3,computing_math/cp_test_gen_1,0.5,0,362570,298.9
tools,gepa,ale,ale,4,2,3,computing_math/k3_abelian_extensions,0.0,0,530911,678.6
tools,gepa,ale,ale,4,2,3,engineering/mpc_control_building_v1,0.0,0,644544,369.0
tools,gepa,ale,ale,4,2,3,health_medicine/healthcare_variant_annotation_pipeline,1.0,1,371511,213.9
tools,gepa,ale,ale,4,3,1,business_finance/digital_marketing_ab_test_analysis_1,0.0,0,716493,1116.0
tools,gepa,ale,ale,4,3,1,life_sciences/tms_marrow_cell_type_annotation_instance_1,0.0,0,377017,255.9
tools,gepa,ale,ale,4,3,2,business_finance/digital_marketing_ab_test_analysis_1,1.0,1,402176,278.4
tools,gepa,ale,ale,4,3,2,life_sciences/tms_marrow_cell_type_annotation_instance_1,0.0,0,479206,238.4
tools,gepa,ale,ale,4,3,3,business_finance/digital_marketing_ab_test_analysis_1,0.0,0,525339,213.4
tools,gepa,ale,ale,4,3,3,life_sciences/tms_marrow_cell_type_annotation_instance_1,0.0,0,871346,538.3
tools,gepa,ale,ale,4,4,1,business_finance/financial_stmt_reconstruction_aapl_fy2024,1.0,1,1436448,475.5
tools,gepa,ale,ale,4,4,1,business_finance/sec_10k_financial_parsing,0.002,0,2462749,505.6
tools,gepa,ale,ale,4,4,1,engineering/openroad_sky130_ibex_pnr_signoff,0.0,0,763930,220.5
tools,gepa,ale,ale,4,4,1,health_medicine/prostate_imrt_matrad_reproduction,0.0,0,9335045,965.0
tools,gepa,ale,ale,4,4,1,health_medicine/wsi_tumor_localization_1,0.0,0,707450,310.5
tools,gepa,ale,ale,4,4,1,life_sciences/gene_expression_differential_analysis_functional_enrichment_analysis_1,0.0,0,0,690.0
tools,gepa,ale,ale,4,4,2,business_finance/financial_stmt_reconstruction_aapl_fy2024,1.0,1,770919,324.2
tools,gepa,ale,ale,4,4,2,business_finance/sec_10k_financial_parsing,0.0996,0,2963912,924.1
tools,gepa,ale,ale,4,4,2,engineering/openroad_sky130_ibex_pnr_signoff,0.0,0,604418,309.8
tools,gepa,ale,ale,4,4,2,health_medicine/prostate_imrt_matrad_reproduction,0.0,0,3544189,759.9
tools,gepa,ale,ale,4,4,2,health_medicine/wsi_tumor_localization_1,0.0,0,488497,324.9
tools,gepa,ale,ale,4,4,2,life_sciences/gene_expression_differential_analysis_functional_enrichment_analysis_1,0.0,0,0,1060.0
tools,gepa,ale,ale,4,4,3,business_finance/financial_stmt_reconstruction_aapl_fy2024,1.0,1,292504,188.9
tools,gepa,ale,ale,4,4,3,business_finance/sec_10k_financial_parsing,0.4125,0,445303,409.8
tools,gepa,ale,ale,4,4,3,engineering/openroad_sky130_ibex_pnr_signoff,0.0,0,962572,260.9
tools,gepa,ale,ale,4,4,3,health_medicine/prostate_imrt_matrad_reproduction,0.0,0,4670196,646.6
tools,gepa,ale,ale,4,4,3,health_medicine/wsi_tumor_localization_1,0.0,0,475767,424.9
tools,gepa,ale,ale,4,4,3,life_sciences/gene_expression_differential_analysis_functional_enrichment_analysis_1,0.0,0,0,559.4
tools,gepa,ale,ale,4,5,1,business_finance/legal_ma_consistency_audit_01,0.0,0,1530920,280.3
tools,gepa,ale,ale,4,5,1,computing_math/clustered_cyclic_code_circuit_level_simulation,0.0,0,4377135,2091.6
tools,gepa,ale,ale,4,5,1,computing_math/data_pipeline_etl_instance_1,0.5,0,332966,225.5
tools,gepa,ale,ale,4,5,1,computing_math/k8s_migration_1,0.458333,0,2347556,525.7
tools,gepa,ale,ale,4,5,1,engineering/humanoid_wbc_policy_evaluation,0.0875,0,337025,693.9
tools,gepa,ale,ale,4,5,1,health_medicine/healthcare_sap_group_sequential_nsclc,0.29,0,2635368,1289.5
tools,gepa,ale,ale,4,5,1,health_medicine/healthcare_tcga_luad_survival_kras,0.0,0,3068443,922.3
tools,gepa,ale,ale,4,5,1,health_medicine/ltmle_targeted_bootstrap_simulation_study,0.0,0,2102254,455.5
tools,gepa,ale,ale,4,5,1,health_medicine/public_health_mask_mandate_ratio,0.333333,0,3195103,2133.2
tools,gepa,ale,ale,4,5,1,health_medicine/replicate_paper_1,1.0,1,400862,329.3
tools,gepa,ale,ale,4,5,1,life_sciences/hg002_chr22_germline_variant_pipeline,0.0,0,1352793,591.8
tools,gepa,ale,ale,4,5,1,life_sciences/idp_ensemble_scoring,0.0,0,4124599,1137.4
tools,gepa,ale,ale,4,5,1,life_sciences/rgi_mcr1_colistin_v2,1.0,1,3035741,578.9
tools,gepa,ale,ale,4,5,1,physical_sciences/climate_prediction,0.4484,0,1321495,1073.4
tools,gepa,ale,ale,4,5,1,social_sciences/atwood_2022_measles_vaccine_reproduction,1.0,1,732045,332.1
tools,gepa,ale,ale,4,5,1,transport_safety/capacitated_vehicle_routing_problems,1.0,1,889423,741.7
tools,gepa,ale,ale,4,5,1,transport_safety/fds_single_compartment_detector_reconstruction,0.0,0,3018033,1017.3
tools,gepa,ale,ale,4,5,2,business_finance/legal_ma_consistency_audit_01,0.0,0,1174226,225.6
tools,gepa,ale,ale,4,5,2,computing_math/clustered_cyclic_code_circuit_level_simulation,0.0,0,3799710,1349.4
tools,gepa,ale,ale,4,5,2,computing_math/data_pipeline_etl_instance_1,0.833333,0,566368,285.7
tools,gepa,ale,ale,4,5,2,computing_math/k8s_migration_1,0.0,0,2013586,920.6
tools,gepa,ale,ale,4,5,2,engineering/humanoid_wbc_policy_evaluation,0.4375,0,973317,799.6
tools,gepa,ale,ale,4,5,2,health_medicine/healthcare_sap_group_sequential_nsclc,0.296667,0,2279449,802.8
tools,gepa,ale,ale,4,5,2,health_medicine/healthcare_tcga_luad_survival_kras,0.0,0,4528602,1559.2
tools,gepa,ale,ale,4,5,2,health_medicine/ltmle_targeted_bootstrap_simulation_study,0.0,0,1637192,776.3
tools,gepa,ale,ale,4,5,2,health_medicine/public_health_mask_mandate_ratio,0.166667,0,2465147,1052.8
tools,gepa,ale,ale,4,5,2,health_medicine/replicate_paper_1,1.0,1,547718,360.6
tools,gepa,ale,ale,4,5,2,life_sciences/hg002_chr22_germline_variant_pipeline,0.3,0,3412062,812.3
tools,gepa,ale,ale,4,5,2,life_sciences/idp_ensemble_scoring,0.05,0,7135400,979.9
tools,gepa,ale,ale,4,5,2,life_sciences/rgi_mcr1_colistin_v2,1.0,1,585152,353.2
tools,gepa,ale,ale,4,5,2,physical_sciences/climate_prediction,0.25,0,1143738,1207.4
tools,gepa,ale,ale,4,5,2,social_sciences/atwood_2022_measles_vaccine_reproduction,1.0,1,776937,411.4
tools,gepa,ale,ale,4,5,2,transport_safety/capacitated_vehicle_routing_problems,1.0,1,1087535,690.4
tools,gepa,ale,ale,4,5,2,transport_safety/fds_single_compartment_detector_reconstruction,0.0,0,1886529,1001.8
tools,gepa,ale,ale,4,5,3,business_finance/legal_ma_consistency_audit_01,0.0,0,1353452,279.0
tools,gepa,ale,ale,4,5,3,computing_math/clustered_cyclic_code_circuit_level_simulation,0.0,0,3868753,1225.9
tools,gepa,ale,ale,4,5,3,computing_math/data_pipeline_etl_instance_1,0.333333,0,1270043,702.0
tools,gepa,ale,ale,4,5,3,computing_math/k8s_migration_1,0.0,0,2598029,530.7
tools,gepa,ale,ale,4,5,3,engineering/humanoid_wbc_policy_evaluation,0.175,0,1014012,300.8
tools,gepa,ale,ale,4,5,3,health_medicine/healthcare_sap_group_sequential_nsclc,0.0,0,726149,833.8
tools,gepa,ale,ale,4,5,3,health_medicine/healthcare_tcga_luad_survival_kras,0.0,0,748420,820.8
tools,gepa,ale,ale,4,5,3,health_medicine/ltmle_targeted_bootstrap_simulation_study,0.0,0,7061687,1378.1
tools,gepa,ale,ale,4,5,3,health_medicine/public_health_mask_mandate_ratio,0.0,0,622282,740.2
tools,gepa,ale,ale,4,5,3,health_medicine/replicate_paper_1,1.0,1,3757352,874.6
tools,gepa,ale,ale,4,5,3,life_sciences/hg002_chr22_germline_variant_pipeline,0.0,0,1723179,594.1
tools,gepa,ale,ale,4,5,3,life_sciences/idp_ensemble_scoring,0.0,0,7150869,1714.1
tools,gepa,ale,ale,4,5,3,life_sciences/rgi_mcr1_colistin_v2,1.0,1,644491,531.1
tools,gepa,ale,ale,4,5,3,physical_sciences/climate_prediction,0.4468,0,481673,966.1
tools,gepa,ale,ale,4,5,3,social_sciences/atwood_2022_measles_vaccine_reproduction,0.0,0,2252363,1144.2
tools,gepa,ale,ale,4,5,3,transport_safety/capacitated_vehicle_routing_problems,1.0,1,972225,725.8
tools,gepa,ale,ale,4,5,3,transport_safety/fds_single_compartment_detector_reconstruction,0.0,0,832447,354.4
tools,gepa,ale,ale,5,1,1,business_finance/american_option_pricing_ls,0.5,0,569923,355.0
tools,gepa,ale,ale,5,1,1,business_finance/basel_operational_risk_bia_cn,0.0,0,518957,302.6
tools,gepa,ale,ale,5,1,1,business_finance/bpmn_supply_disruption_l3,0.8195,0,964934,355.3
tools,gepa,ale,ale,5,1,1,business_finance/digital_marketing_audience_segmentation_1,0.9417,0,317594,208.2
tools,gepa,ale,ale,5,1,1,business_finance/pe_screening_memo_1,0.70625,0,858777,226.0
tools,gepa,ale,ale,5,1,1,business_finance/sse_northbound_programmatic_trading_01,0.333333,0,526307,168.6
tools,gepa,ale,ale,5,1,1,computing_math/branch_bound_atsp,0.0,0,1967130,770.8
tools,gepa,ale,ale,5,1,1,computing_math/cfr_game_theory_equilibrium,0.0,0,1108934,677.5
tools,gepa,ale,ale,5,1,1,computing_math/cost_optimization_1,0.65286,0,1513450,493.7
tools,gepa,ale,ale,5,1,1,computing_math/ising_post_measurement_1,1.0,1,482360,388.6
tools,gepa,ale,ale,5,1,1,computing_math/k8s_payment_api_root_cause_analysis,0.738889,0,105154,158.4
tools,gepa,ale,ale,5,1,1,computing_math/recsys_cold_start_instance_1,1.0,1,465223,393.1
tools,gepa,ale,ale,5,1,1,computing_math/synthetic_causal_structure_inference,0.251927,0,768693,384.7
tools,gepa,ale,ale,5,1,1,education_info/homework_grading_numerical_pdes_instance_02,0.563152,0,2514919,484.7
tools,gepa,ale,ale,5,1,1,education_info/marc_remediation_folio_overlay,0.1,0,927304,280.6
tools,gepa,ale,ale,5,1,1,education_info/moodle_gradebook_closeout_reconciliation,0.0,0,1722249,457.1
tools,gepa,ale,ale,5,1,1,engineering/aerospace_low_thrust_trajectory,0.0,0,628215,444.7
tools,gepa,ale,ale,5,1,1,health_medicine/crf_sdtm_mapping_4,0.5574,0,3036379,549.6
tools,gepa,ale,ale,5,1,1,health_medicine/epidemiology_forecast,0.0,0,261854,290.5
tools,gepa,ale,ale,5,1,1,health_medicine/flusight_offline_hosp_forecast_2024_12_14,0.090675,0,448638,249.6
tools,gepa,ale,ale,5,1,1,health_medicine/healthcare_bias_audit_27a_public_replication_v1,0.0,0,2817024,984.8
tools,gepa,ale,ale,5,1,1,health_medicine/nhanes_confounder_sensitivity_analysis,0.571153,0,281696,201.8
tools,gepa,ale,ale,5,1,1,health_medicine/scene3_skullstrip_qc,1.0,1,230422,222.5
tools,gepa,ale,ale,5,1,1,legal/agora_governance_classify_instance_1,0.545157,0,3064937,503.9
tools,gepa,ale,ale,5,1,1,life_sciences/cell_tracking_instance_1,0.30034,0,1608051,493.7
tools,gepa,ale,ale,5,1,1,life_sciences/cell_translocation_analysis,0.0,0,632058,440.1
tools,gepa,ale,ale,5,1,1,life_sciences/tcga_brca_deg_analysis,0.0,0,2584794,1095.5
tools,gepa,ale,ale,5,1,1,physical_sciences/adapt_vqe_molecular_energy,0.0,0,664213,590.4
tools,gepa,ale,ale,5,1,1,physical_sciences/gillespie_gene_regulatory_network,0.68,0,1141434,535.0
tools,gepa,ale,ale,5,1,1,physical_sciences/glm_lake_calibration,0.0,0,1212545,386.6
tools,gepa,ale,ale,5,1,1,physical_sciences/molecular_structure_plausibility,0.333333,0,237462,190.4
tools,gepa,ale,ale,5,1,1,physical_sciences/mose2_bse_absorption_soc,0.0,0,505261,210.7
tools,gepa,ale,ale,5,1,1,psychology_neuro/scene2_resample,0.0,0,134058,235.2
tools,gepa,ale,ale,5,1,1,transport_safety/abm_hangzhou_metro,0.0,0,434548,400.3
tools,gepa,ale,ale,5,1,2,business_finance/american_option_pricing_ls,0.0,0,1804633,666.0
tools,gepa,ale,ale,5,1,2,business_finance/basel_operational_risk_bia_cn,0.0,0,833076,381.2
tools,gepa,ale,ale,5,1,2,business_finance/bpmn_supply_disruption_l3,0.0,0,2067441,929.0
tools,gepa,ale,ale,5,1,2,business_finance/digital_marketing_audience_segmentation_1,0.9417,0,349523,213.4
tools,gepa,ale,ale,5,1,2,business_finance/pe_screening_memo_1,0.80625,0,630522,208.6
tools,gepa,ale,ale,5,1,2,business_finance/sse_northbound_programmatic_trading_01,0.666667,0,548761,181.0
tools,gepa,ale,ale,5,1,2,computing_math/branch_bound_atsp,0.9,0,2842144,888.4
tools,gepa,ale,ale,5,1,2,computing_math/cfr_game_theory_equilibrium,0.0,0,788474,790.9
tools,gepa,ale,ale,5,1,2,computing_math/cost_optimization_1,0.0,0,1404019,501.6
tools,gepa,ale,ale,5,1,2,computing_math/ising_post_measurement_1,1.0,1,819859,475.2
tools,gepa,ale,ale,5,1,2,computing_math/k8s_payment_api_root_cause_analysis,0.747727,0,366434,314.1
tools,gepa,ale,ale,5,1,2,computing_math/recsys_cold_start_instance_1,0.5,0,1308399,579.1
tools,gepa,ale,ale,5,1,2,computing_math/synthetic_causal_structure_inference,0.25032,0,369112,181.5
tools,gepa,ale,ale,5,1,2,education_info/homework_grading_numerical_pdes_instance_02,0.693152,0,430430,191.1
tools,gepa,ale,ale,5,1,2,education_info/marc_remediation_folio_overlay,0.1,0,488777,244.9
tools,gepa,ale,ale,5,1,2,education_info/moodle_gradebook_closeout_reconciliation,0.0,0,2848736,437.8
tools,gepa,ale,ale,5,1,2,engineering/aerospace_low_thrust_trajectory,0.0,0,760534,393.4
tools,gepa,ale,ale,5,1,2,health_medicine/crf_sdtm_mapping_4,0.4713,0,3982525,937.8
tools,gepa,ale,ale,5,1,2,health_medicine/epidemiology_forecast,0.0,0,691298,393.7
tools,gepa,ale,ale,5,1,2,health_medicine/flusight_offline_hosp_forecast_2024_12_14,0.417457,0,782319,259.2
tools,gepa,ale,ale,5,1,2,health_medicine/healthcare_bias_audit_27a_public_replication_v1,0.0,0,2792605,734.0
tools,gepa,ale,ale,5,1,2,health_medicine/nhanes_confounder_sensitivity_analysis,0.975,0,372284,343.3
tools,gepa,ale,ale,5,1,2,health_medicine/scene3_skullstrip_qc,1.0,1,350943,296.5
tools,gepa,ale,ale,5,1,2,legal/agora_governance_classify_instance_1,0.0,0,1694449,663.0
tools,gepa,ale,ale,5,1,2,life_sciences/cell_tracking_instance_1,0.603254,0,553703,394.2
tools,gepa,ale,ale,5,1,2,life_sciences/cell_translocation_analysis,0.0,0,333286,348.8
tools,gepa,ale,ale,5,1,2,life_sciences/tcga_brca_deg_analysis,1.0,1,1645166,715.0
tools,gepa,ale,ale,5,1,2,physical_sciences/adapt_vqe_molecular_energy,0.333333,0,746803,510.9
tools,gepa,ale,ale,5,1,2,physical_sciences/gillespie_gene_regulatory_network,0.68,0,375288,300.0
tools,gepa,ale,ale,5,1,2,physical_sciences/glm_lake_calibration,0.0,0,1265580,412.6
tools,gepa,ale,ale,5,1,2,physical_sciences/molecular_structure_plausibility,0.25,0,464840,230.0
tools,gepa,ale,ale,5,1,2,physical_sciences/mose2_bse_absorption_soc,0.0,0,313598,240.0
tools,gepa,ale,ale,5,1,2,psychology_neuro/scene2_resample,0.0,0,1431340,505.0
tools,gepa,ale,ale,5,1,2,transport_safety/abm_hangzhou_metro,0.0,0,1136655,640.1
tools,gepa,ale,ale,5,1,3,business_finance/american_option_pricing_ls,1.0,1,774983,552.0
tools,gepa,ale,ale,5,1,3,business_finance/basel_operational_risk_bia_cn,0.0,0,1414725,657.4
tools,gepa,ale,ale,5,1,3,business_finance/bpmn_supply_disruption_l3,0.8395,0,1215066,519.4
tools,gepa,ale,ale,5,1,3,business_finance/digital_marketing_audience_segmentation_1,0.7245,0,284015,223.0
tools,gepa,ale,ale,5,1,3,business_finance/pe_screening_memo_1,0.8625,0,587528,293.6
tools,gepa,ale,ale,5,1,3,business_finance/sse_northbound_programmatic_trading_01,0.333333,0,544240,184.6
tools,gepa,ale,ale,5,1,3,computing_math/branch_bound_atsp,0.9,0,6945901,1943.9
tools,gepa,ale,ale,5,1,3,computing_math/cfr_game_theory_equilibrium,0.0,0,1756349,941.5
tools,gepa,ale,ale,5,1,3,computing_math/cost_optimization_1,0.848428,0,1028986,637.7
tools,gepa,ale,ale,5,1,3,computing_math/ising_post_measurement_1,0.0,0,397740,327.5
tools,gepa,ale,ale,5,1,3,computing_math/k8s_payment_api_root_cause_analysis,0.722727,0,346169,226.2
tools,gepa,ale,ale,5,1,3,computing_math/recsys_cold_start_instance_1,0.333333,0,1203607,1285.8
tools,gepa,ale,ale,5,1,3,computing_math/synthetic_causal_structure_inference,0.298567,0,864883,327.1
tools,gepa,ale,ale,5,1,3,education_info/homework_grading_numerical_pdes_instance_02,0.785818,0,586588,215.7
tools,gepa,ale,ale,5,1,3,education_info/marc_remediation_folio_overlay,0.0,0,4127975,840.8
tools,gepa,ale,ale,5,1,3,education_info/moodle_gradebook_closeout_reconciliation,0.0,0,1636142,486.5
tools,gepa,ale,ale,5,1,3,engineering/aerospace_low_thrust_trajectory,0.0,0,882115,403.4
tools,gepa,ale,ale,5,1,3,health_medicine/crf_sdtm_mapping_4,0.5096,0,8869759,941.5
tools,gepa,ale,ale,5,1,3,health_medicine/epidemiology_forecast,0.0,0,227043,304.2
tools,gepa,ale,ale,5,1,3,health_medicine/flusight_offline_hosp_forecast_2024_12_14,0.6278,0,379377,389.3
tools,gepa,ale,ale,5,1,3,health_medicine/healthcare_bias_audit_27a_public_replication_v1,0.0,0,3457380,940.1
tools,gepa,ale,ale,5,1,3,health_medicine/nhanes_confounder_sensitivity_analysis,0.563542,0,903977,544.2
tools,gepa,ale,ale,5,1,3,health_medicine/scene3_skullstrip_qc,1.0,1,216686,223.7
tools,gepa,ale,ale,5,1,3,legal/agora_governance_classify_instance_1,0.133333,0,1501726,335.3
tools,gepa,ale,ale,5,1,3,life_sciences/cell_tracking_instance_1,0.454415,0,1061752,610.0
tools,gepa,ale,ale,5,1,3,life_sciences/cell_translocation_analysis,0.0,0,1049385,720.1
tools,gepa,ale,ale,5,1,3,life_sciences/tcga_brca_deg_analysis,1.0,1,1476464,720.4
tools,gepa,ale,ale,5,1,3,physical_sciences/adapt_vqe_molecular_energy,0.0,0,1302123,1165.1
tools,gepa,ale,ale,5,1,3,physical_sciences/gillespie_gene_regulatory_network,0.62,0,566610,280.1
tools,gepa,ale,ale,5,1,3,physical_sciences/glm_lake_calibration,0.0,0,551882,273.5
tools,gepa,ale,ale,5,1,3,physical_sciences/molecular_structure_plausibility,0.2,0,556344,215.4
tools,gepa,ale,ale,5,1,3,physical_sciences/mose2_bse_absorption_soc,0.0,0,256607,208.1
tools,gepa,ale,ale,5,1,3,psychology_neuro/scene2_resample,0.0,0,860530,662.3
tools,gepa,ale,ale,5,1,3,transport_safety/abm_hangzhou_metro,0.0,0,706653,490.3
tools,gepa,ale,ale,5,2,1,computing_math/cp_test_gen_1,0.4,0,1600888,634.1
tools,gepa,ale,ale,5,2,1,computing_math/k3_abelian_extensions,0.0,0,821938,719.0
tools,gepa,ale,ale,5,2,1,engineering/mpc_control_building_v1,0.0,0,1724550,764.0
tools,gepa,ale,ale,5,2,1,health_medicine/healthcare_variant_annotation_pipeline,1.0,1,992740,389.0
tools,gepa,ale,ale,5,2,2,computing_math/cp_test_gen_1,0.6,0,135231,264.4
tools,gepa,ale,ale,5,2,2,computing_math/k3_abelian_extensions,0.0,0,927815,534.5
tools,gepa,ale,ale,5,2,2,engineering/mpc_control_building_v1,0.0,0,4493064,1259.6
tools,gepa,ale,ale,5,2,2,health_medicine/healthcare_variant_annotation_pipeline,1.0,1,242139,179.1
tools,gepa,ale,ale,5,2,3,computing_math/cp_test_gen_1,0.5,0,549899,284.5
tools,gepa,ale,ale,5,2,3,computing_math/k3_abelian_extensions,0.0,0,673811,604.5
tools,gepa,ale,ale,5,2,3,engineering/mpc_control_building_v1,0.0,0,2461630,774.5
tools,gepa,ale,ale,5,2,3,health_medicine/healthcare_variant_annotation_pipeline,1.0,1,373580,229.5
tools,gepa,ale,ale,5,3,1,business_finance/digital_marketing_ab_test_analysis_1,0.0,0,645408,353.3
tools,gepa,ale,ale,5,3,1,life_sciences/tms_marrow_cell_type_annotation_instance_1,0.0,0,326733,233.2
tools,gepa,ale,ale,5,3,2,business_finance/digital_marketing_ab_test_analysis_1,0.0,0,662424,458.3
tools,gepa,ale,ale,5,3,2,life_sciences/tms_marrow_cell_type_annotation_instance_1,0.0,0,751424,403.2
tools,gepa,ale,ale,5,3,3,business_finance/digital_marketing_ab_test_analysis_1,0.0,0,256732,335.5
tools,gepa,ale,ale,5,3,3,life_sciences/tms_marrow_cell_type_annotation_instance_1,0.0,0,507742,400.4
tools,gepa,ale,ale,5,4,1,business_finance/financial_stmt_reconstruction_aapl_fy2024,1.0,1,410961,169.0
tools,gepa,ale,ale,5,4,1,business_finance/sec_10k_financial_parsing,0.5014,0,1301586,608.7
tools,gepa,ale,ale,5,4,1,engineering/openroad_sky130_ibex_pnr_signoff,0.0,0,570097,228.9
tools,gepa,ale,ale,5,4,1,health_medicine/prostate_imrt_matrad_reproduction,0.0,0,8339244,903.9
tools,gepa,ale,ale,5,4,1,health_medicine/wsi_tumor_localization_1,0.0,0,527475,278.6
tools,gepa,ale,ale,5,4,1,life_sciences/gene_expression_differential_analysis_functional_enrichment_analysis_1,0.0,0,0,578.7
tools,gepa,ale,ale,5,4,2,business_finance/financial_stmt_reconstruction_aapl_fy2024,1.0,1,387898,152.4
tools,gepa,ale,ale,5,4,2,business_finance/sec_10k_financial_parsing,0.0,0,1266638,607.0
tools,gepa,ale,ale,5,4,2,engineering/openroad_sky130_ibex_pnr_signoff,0.0,0,762944,242.5
tools,gepa,ale,ale,5,4,2,health_medicine/prostate_imrt_matrad_reproduction,0.0,0,9811924,962.6
tools,gepa,ale,ale,5,4,2,health_medicine/wsi_tumor_localization_1,0.0,0,355617,242.3
tools,gepa,ale,ale,5,4,2,life_sciences/gene_expression_differential_analysis_functional_enrichment_analysis_1,0.0,0,0,1022.5
tools,gepa,ale,ale,5,4,3,business_finance/financial_stmt_reconstruction_aapl_fy2024,1.0,1,404929,134.3
tools,gepa,ale,ale,5,4,3,business_finance/sec_10k_financial_parsing,0.4348,0,1192201,739.6
tools,gepa,ale,ale,5,4,3,engineering/openroad_sky130_ibex_pnr_signoff,0.0,0,735666,304.3
tools,gepa,ale,ale,5,4,3,health_medicine/prostate_imrt_matrad_reproduction,0.0,0,10160269,1044.3
tools,gepa,ale,ale,5,4,3,health_medicine/wsi_tumor_localization_1,0.0,0,572694,319.6
tools,gepa,ale,ale,5,4,3,life_sciences/gene_expression_differential_analysis_functional_enrichment_analysis_1,0.0,0,0,549.6
tools,gepa,ale,ale,5,5,1,business_finance/legal_ma_consistency_audit_01,0.0,0,1013477,210.4
tools,gepa,ale,ale,5,5,1,computing_math/clustered_cyclic_code_circuit_level_simulation,0.0,0,665025,298.4
tools,gepa,ale,ale,5,5,1,computing_math/data_pipeline_etl_instance_1,0.5,0,970973,380.3
tools,gepa,ale,ale,5,5,1,computing_math/k8s_migration_1,0.479167,0,1123663,272.6
tools,gepa,ale,ale,5,5,1,engineering/humanoid_wbc_policy_evaluation,0.125,0,644582,698.7
tools,gepa,ale,ale,5,5,1,health_medicine/healthcare_sap_group_sequential_nsclc,0.0,0,946811,860.7
tools,gepa,ale,ale,5,5,1,health_medicine/healthcare_tcga_luad_survival_kras,0.0,0,347175,489.6
tools,gepa,ale,ale,5,5,1,health_medicine/ltmle_targeted_bootstrap_simulation_study,0.0,0,2977656,692.0
tools,gepa,ale,ale,5,5,1,health_medicine/public_health_mask_mandate_ratio,0.0,0,1578842,1022.0
tools,gepa,ale,ale,5,5,1,health_medicine/replicate_paper_1,0.0,0,1132189,586.6
tools,gepa,ale,ale,5,5,1,life_sciences/hg002_chr22_germline_variant_pipeline,0.0,0,1287185,377.0
tools,gepa,ale,ale,5,5,1,life_sciences/idp_ensemble_scoring,0.05,0,3017969,951.1
tools,gepa,ale,ale,5,5,1,life_sciences/rgi_mcr1_colistin_v2,0.0,0,1275238,322.4
tools,gepa,ale,ale,5,5,1,physical_sciences/climate_prediction,0.4468,0,449076,934.5
tools,gepa,ale,ale,5,5,1,social_sciences/atwood_2022_measles_vaccine_reproduction,1.0,1,1104998,885.9
tools,gepa,ale,ale,5,5,1,transport_safety/capacitated_vehicle_routing_problems,1.0,1,1847441,939.8
tools,gepa,ale,ale,5,5,1,transport_safety/fds_single_compartment_detector_reconstruction,0.0,0,682269,350.4
tools,gepa,ale,ale,5,5,2,business_finance/legal_ma_consistency_audit_01,0.0,0,1882646,307.5
tools,gepa,ale,ale,5,5,2,computing_math/clustered_cyclic_code_circuit_level_simulation,0.0,0,7491229,3242.5
tools,gepa,ale,ale,5,5,2,computing_math/data_pipeline_etl_instance_1,0.833333,0,2624454,720.2
tools,gepa,ale,ale,5,5,2,computing_math/k8s_migration_1,0.7,0,855996,337.1
tools,gepa,ale,ale,5,5,2,engineering/humanoid_wbc_policy_evaluation,0.0875,0,781295,740.7
tools,gepa,ale,ale,5,5,2,health_medicine/healthcare_sap_group_sequential_nsclc,0.19,0,1057984,629.8
tools,gepa,ale,ale,5,5,2,health_medicine/healthcare_tcga_luad_survival_kras,0.0,0,1754718,959.0
tools,gepa,ale,ale,5,5,2,health_medicine/ltmle_targeted_bootstrap_simulation_study,0.0,0,7940351,1170.6
tools,gepa,ale,ale,5,5,2,health_medicine/public_health_mask_mandate_ratio,0.333333,0,1958945,686.7
tools,gepa,ale,ale,5,5,2,health_medicine/replicate_paper_1,1.0,1,282300,284.8
tools,gepa,ale,ale,5,5,2,life_sciences/hg002_chr22_germline_variant_pipeline,0.0,0,931546,357.9
tools,gepa,ale,ale,5,5,2,life_sciences/idp_ensemble_scoring,0.0,0,2561037,824.3
tools,gepa,ale,ale,5,5,2,life_sciences/rgi_mcr1_colistin_v2,1.0,1,514129,290.2
tools,gepa,ale,ale,5,5,2,physical_sciences/climate_prediction,0.4098,0,896443,996.8
tools,gepa,ale,ale,5,5,2,social_sciences/atwood_2022_measles_vaccine_reproduction,0.0,0,1556567,1051.7
tools,gepa,ale,ale,5,5,2,transport_safety/capacitated_vehicle_routing_problems,0.33,0,540368,425.6
tools,gepa,ale,ale,5,5,2,transport_safety/fds_single_compartment_detector_reconstruction,0.0,0,903306,497.3
tools,gepa,ale,ale,5,5,3,business_finance/legal_ma_consistency_audit_01,0.0,0,1922744,291.8
tools,gepa,ale,ale,5,5,3,computing_math/clustered_cyclic_code_circuit_level_simulation,0.0,0,4081203,1596.2
tools,gepa,ale,ale,5,5,3,computing_math/data_pipeline_etl_instance_1,0.666667,0,317220,344.1
tools,gepa,ale,ale,5,5,3,computing_math/k8s_migration_1,0.379167,0,1642618,637.2
tools,gepa,ale,ale,5,5,3,engineering/humanoid_wbc_policy_evaluation,0.2125,0,803889,758.1
tools,gepa,ale,ale,5,5,3,health_medicine/healthcare_sap_group_sequential_nsclc,0.19,0,1930921,790.0
tools,gepa,ale,ale,5,5,3,health_medicine/healthcare_tcga_luad_survival_kras,0.0,0,1436972,1315.0
tools,gepa,ale,ale,5,5,3,health_medicine/ltmle_targeted_bootstrap_simulation_study,0.0,0,3466996,1005.0
tools,gepa,ale,ale,5,5,3,health_medicine/public_health_mask_mandate_ratio,0.333333,0,686256,972.7
tools,gepa,ale,ale,5,5,3,health_medicine/replicate_paper_1,1.0,1,2478644,850.0
tools,gepa,ale,ale,5,5,3,life_sciences/hg002_chr22_germline_variant_pipeline,0.0,0,1514098,454.8
tools,gepa,ale,ale,5,5,3,life_sciences/idp_ensemble_scoring,0.0,0,1669667,799.4
tools,gepa,ale,ale,5,5,3,life_sciences/rgi_mcr1_colistin_v2,1.0,1,504619,254.1
tools,gepa,ale,ale,5,5,3,physical_sciences/climate_prediction,0.5188,0,1481073,1718.9
tools,gepa,ale,ale,5,5,3,social_sciences/atwood_2022_measles_vaccine_reproduction,0.0,0,2726360,979.7
tools,gepa,ale,ale,5,5,3,transport_safety/capacitated_vehicle_routing_problems,0.33,0,1126880,416.6
tools,gepa,ale,ale,5,5,3,transport_safety/fds_single_compartment_detector_reconstruction,0.0,0,1009852,598.4
tools,gepa,eog,calendar,1,1,1,task_20251124_112741_995_0a0bf089_3906a767,0.8,0,156894,101.2
tools,gepa,eog,calendar,1,1,1,task_20251128_220140_863_df2c536d_4aa7dcfd,0.666667,0,85191,136.2
tools,gepa,eog,calendar,1,1,1,task_20251130_105156_866_0a0bf089_eef6d2ed,0.25,0,141232,115.9
tools,gepa,eog,calendar,1,1,1,task_20251203_080219_432_6f5b66fc_03eb353c,0.8,0,136872,227.6
tools,gepa,eog,calendar,1,1,1,task_20251203_091910_549_bca89e7d_de59e44a,0.666667,0,242977,407.6
tools,gepa,eog,calendar,1,1,1,task_20251203_142634_160_bca89e7d_193f597f,0.8,0,90972,260.4
tools,gepa,eog,calendar,1,1,1,task_20251203_142725_377_6f5b66fc_c990483e,0.666667,0,74837,199.4
tools,gepa,eog,calendar,1,1,1,task_20251205_032409_945_0a0bf089_61f5be29,0.0,0,27923,37.3
tools,gepa,eog,calendar,1,1,1,task_20260102_175948_337_6f5b66fc_f9bfbf1d,0.666667,0,84344,163.4
tools,gepa,eog,calendar,1,1,1,task_20260104_192853_372_6f5b66fc_12ceda34,0.333333,0,50321,89.5
tools,gepa,eog,calendar,1,1,1,task_20260104_205924_379_e0ac0c6d_cec96398,0.5,0,105727,100.4
tools,gepa,eog,calendar,1,1,1,task_20260105_074654_229_bca89e7d_39d9c8ac,1.0,1,151530,271.8
tools,gepa,eog,calendar,1,1,1,task_20260105_124102_961_e0ac0c6d_0b196906,1.0,1,48389,73.2
tools,gepa,eog,calendar,1,1,1,task_20260105_140440_086_e0ac0c6d_27ecac16,1.0,1,48229,82.9
tools,gepa,eog,calendar,1,1,1,task_20260105_163511_384_79b3b025_1ff6d0c6,1.0,1,90962,132.1
tools,gepa,eog,calendar,1,1,1,task_20260105_212045_832_e0ac0c6d_84c7f524,0.833333,0,46817,53.3
tools,gepa,eog,calendar,1,1,1,task_20260105_221239_098_e0ac0c6d_f5f338f3,1.0,1,47754,82.3
tools,gepa,eog,calendar,1,1,1,task_20260105_222434_398_79b3b025_ccd9b889,0.75,0,111164,171.3
tools,gepa,eog,calendar,1,1,1,task_20260106_103319_873_baf0b358_69ce7445,1.0,1,149026,169.2
tools,gepa,eog,calendar,1,1,1,task_20260106_114228_782_79b3b025_b556c84d,1.0,1,129921,170.4
tools,gepa,eog,calendar,1,1,1,task_20260106_152415_149_6f5b66fc_aad3df17,1.0,1,109916,286.8
tools,gepa,eog,calendar,1,1,1,task_20260106_170952_179_e0ac0c6d_791fba5e,1.0,1,46578,54.9
tools,gepa,eog,calendar,1,1,1,task_20260107_144751_333_79b3b025_92bfb77e,0.857143,0,142957,247.1
tools,gepa,eog,calendar,1,1,1,task_20260107_193032_599_e0ac0c6d_403469c5,1.0,1,46918,49.4
tools,gepa,eog,calendar,1,1,1,task_20260108_182727_772_4608325d_60b7f5d9,0.666667,0,89391,100.6
tools,gepa,eog,calendar,1,1,1,task_20260121_144251_116_38405923_9438dabd,0.0,0,61390,86.0
tools,gepa,eog,calendar,1,1,1,task_20260121_161936_323_cbcf38f8_50ccd164,0.0,0,89583,106.0
tools,gepa,eog,calendar,1,1,1,task_20260121_171247_475_cbcf38f8_c0a86487,0.5,0,157202,124.8
tools,gepa,eog,calendar,1,1,1,task_20260122_024556_370_38405923_1a174d84,0.833333,0,61180,77.6
tools,gepa,eog,calendar,1,1,2,task_20251124_112741_995_0a0bf089_3906a767,0.8,0,98271,84.4
tools,gepa,eog,calendar,1,1,2,task_20251128_220140_863_df2c536d_4aa7dcfd,0.666667,0,101927,143.2
tools,gepa,eog,calendar,1,1,2,task_20251130_105156_866_0a0bf089_eef6d2ed,0.25,0,130955,96.1
tools,gepa,eog,calendar,1,1,2,task_20251203_080219_432_6f5b66fc_03eb353c,0.8,0,141879,301.4
tools,gepa,eog,calendar,1,1,2,task_20251203_091910_549_bca89e7d_de59e44a,0.833333,0,157486,301.0
tools,gepa,eog,calendar,1,1,2,task_20251203_142634_160_bca89e7d_193f597f,1.0,1,76075,215.9
tools,gepa,eog,calendar,1,1,2,task_20251203_142725_377_6f5b66fc_c990483e,0.666667,0,147418,316.0
tools,gepa,eog,calendar,1,1,2,task_20251205_032409_945_0a0bf089_61f5be29,0.0,0,29415,63.3
tools,gepa,eog,calendar,1,1,2,task_20260102_175948_337_6f5b66fc_f9bfbf1d,1.0,1,69676,132.7
tools,gepa,eog,calendar,1,1,2,task_20260104_192853_372_6f5b66fc_12ceda34,0.333333,0,60630,132.7
tools,gepa,eog,calendar,1,1,2,task_20260104_205924_379_e0ac0c6d_cec96398,0.5,0,88057,118.9
tools,gepa,eog,calendar,1,1,2,task_20260105_074654_229_bca89e7d_39d9c8ac,1.0,1,134627,235.2
tools,gepa,eog,calendar,1,1,2,task_20260105_124102_961_e0ac0c6d_0b196906,1.0,1,47444,61.7
tools,gepa,eog,calendar,1,1,2,task_20260105_140440_086_e0ac0c6d_27ecac16,1.0,1,48207,112.7
tools,gepa,eog,calendar,1,1,2,task_20260105_163511_384_79b3b025_1ff6d0c6,1.0,1,72430,132.8
tools,gepa,eog,calendar,1,1,2,task_20260105_212045_832_e0ac0c6d_84c7f524,0.833333,0,47827,79.2
tools,gepa,eog,calendar,1,1,2,task_20260105_221239_098_e0ac0c6d_f5f338f3,1.0,1,45827,85.5
tools,gepa,eog,calendar,1,1,2,task_20260105_222434_398_79b3b025_ccd9b889,0.75,0,129027,181.2
tools,gepa,eog,calendar,1,1,2,task_20260106_103319_873_baf0b358_69ce7445,1.0,1,147963,222.7
tools,gepa,eog,calendar,1,1,2,task_20260106_114228_782_79b3b025_b556c84d,1.0,1,127225,201.2
tools,gepa,eog,calendar,1,1,2,task_20260106_152415_149_6f5b66fc_aad3df17,1.0,1,68629,148.7
tools,gepa,eog,calendar,1,1,2,task_20260106_170952_179_e0ac0c6d_791fba5e,1.0,1,68028,111.9
tools,gepa,eog,calendar,1,1,2,task_20260107_144751_333_79b3b025_92bfb77e,0.857143,0,166858,255.7
tools,gepa,eog,calendar,1,1,2,task_20260107_193032_599_e0ac0c6d_403469c5,1.0,1,48181,105.8
tools,gepa,eog,calendar,1,1,2,task_20260108_182727_772_4608325d_60b7f5d9,0.666667,0,149952,166.2
tools,gepa,eog,calendar,1,1,2,task_20260121_144251_116_38405923_9438dabd,0.0,0,60295,77.4
tools,gepa,eog,calendar,1,1,2,task_20260121_161936_323_cbcf38f8_50ccd164,0.0,0,69339,121.2
tools,gepa,eog,calendar,1,1,2,task_20260121_171247_475_cbcf38f8_c0a86487,0.5,0,108385,130.7
tools,gepa,eog,calendar,1,1,2,task_20260122_024556_370_38405923_1a174d84,0.833333,0,62164,90.0
tools,gepa,eog,calendar,1,1,3,task_20251124_112741_995_0a0bf089_3906a767,0.8,0,91671,131.8
tools,gepa,eog,calendar,1,1,3,task_20251128_220140_863_df2c536d_4aa7dcfd,0.666667,0,113225,106.4
tools,gepa,eog,calendar,1,1,3,task_20251130_105156_866_0a0bf089_eef6d2ed,0.25,0,80987,65.0
tools,gepa,eog,calendar,1,1,3,task_20251203_080219_432_6f5b66fc_03eb353c,0.8,0,110211,277.6
tools,gepa,eog,calendar,1,1,3,task_20251203_091910_549_bca89e7d_de59e44a,0.666667,0,148747,367.3
tools,gepa,eog,calendar,1,1,3,task_20251203_142634_160_bca89e7d_193f597f,1.0,1,75136,234.8
tools,gepa,eog,calendar,1,1,3,task_20251203_142725_377_6f5b66fc_c990483e,0.333333,0,110312,216.4
tools,gepa,eog,calendar,1,1,3,task_20251205_032409_945_0a0bf089_61f5be29,0.0,0,28163,44.0
tools,gepa,eog,calendar,1,1,3,task_20260102_175948_337_6f5b66fc_f9bfbf1d,0.666667,0,83467,132.7
tools,gepa,eog,calendar,1,1,3,task_20260104_192853_372_6f5b66fc_12ceda34,0.333333,0,63103,126.8
tools,gepa,eog,calendar,1,1,3,task_20260104_205924_379_e0ac0c6d_cec96398,0.5,0,111791,160.9
tools,gepa,eog,calendar,1,1,3,task_20260105_074654_229_bca89e7d_39d9c8ac,1.0,1,155159,218.8
tools,gepa,eog,calendar,1,1,3,task_20260105_124102_961_e0ac0c6d_0b196906,1.0,1,47848,72.6
tools,gepa,eog,calendar,1,1,3,task_20260105_140440_086_e0ac0c6d_27ecac16,1.0,1,66554,109.7
tools,gepa,eog,calendar,1,1,3,task_20260105_163511_384_79b3b025_1ff6d0c6,1.0,1,92223,138.7
tools,gepa,eog,calendar,1,1,3,task_20260105_212045_832_e0ac0c6d_84c7f524,0.833333,0,47161,53.3
tools,gepa,eog,calendar,1,1,3,task_20260105_221239_098_e0ac0c6d_f5f338f3,1.0,1,48581,97.5
tools,gepa,eog,calendar,1,1,3,task_20260105_222434_398_79b3b025_ccd9b889,0.75,0,112879,158.7
tools,gepa,eog,calendar,1,1,3,task_20260106_103319_873_baf0b358_69ce7445,1.0,1,174766,206.0
tools,gepa,eog,calendar,1,1,3,task_20260106_114228_782_79b3b025_b556c84d,1.0,1,117429,176.4
tools,gepa,eog,calendar,1,1,3,task_20260106_152415_149_6f5b66fc_aad3df17,1.0,1,104691,167.0
tools,gepa,eog,calendar,1,1,3,task_20260106_170952_179_e0ac0c6d_791fba5e,1.0,1,46757,56.0
tools,gepa,eog,calendar,1,1,3,task_20260107_144751_333_79b3b025_92bfb77e,0.857143,0,102525,241.2
tools,gepa,eog,calendar,1,1,3,task_20260107_193032_599_e0ac0c6d_403469c5,1.0,1,47567,89.7
tools,gepa,eog,calendar,1,1,3,task_20260108_182727_772_4608325d_60b7f5d9,0.666667,0,124854,131.5
tools,gepa,eog,calendar,1,1,3,task_20260121_144251_116_38405923_9438dabd,0.0,0,90011,109.2
tools,gepa,eog,calendar,1,1,3,task_20260121_161936_323_cbcf38f8_50ccd164,0.0,0,71742,138.8
tools,gepa,eog,calendar,1,1,3,task_20260121_171247_475_cbcf38f8_c0a86487,0.5,0,109806,139.1
tools,gepa,eog,calendar,1,1,3,task_20260122_024556_370_38405923_1a174d84,0.833333,0,62032,84.9
tools,gepa,eog,calendar,1,2,1,task_20251117_165528_648_bca89e7d_3e81ece9,1.0,1,195523,642.1
tools,gepa,eog,calendar,1,2,1,task_20251201_113908_295_e81f6083_e770442c,1.0,1,150387,647.0
tools,gepa,eog,calendar,1,2,1,task_20251203_184109_641_6f5b66fc_e62d330e,0.333333,0,91240,463.7
tools,gepa,eog,calendar,1,2,1,task_20251203_190727_704_e81f6083_f2fd8fe6,0.1,0,282129,1384.1
tools,gepa,eog,calendar,1,2,1,task_20251203_194320_796_df2c536d_c885488e,0.75,0,202428,979.8
tools,gepa,eog,calendar,1,2,1,task_20260104_143530_440_6f5b66fc_b6b24e96,0.333333,0,95553,746.7
tools,gepa,eog,calendar,1,2,1,task_20260106_112632_846_bca89e7d_5d19e8f3,1.0,1,109370,338.0
tools,gepa,eog,calendar,1,2,1,task_20260107_093643_038_df2c536d_f90fd06e,1.0,1,89294,265.3
tools,gepa,eog,calendar,1,2,1,task_20260108_142310_191_df2c536d_c6edcf9f,0.666667,0,95997,493.7
tools,gepa,eog,calendar,1,2,1,task_20260121_214553_691_cbcf38f8_abce7315,0.333333,0,137694,697.8
tools,gepa,eog,calendar,1,2,2,task_20251117_165528_648_bca89e7d_3e81ece9,1.0,1,111731,306.6
tools,gepa,eog,calendar,1,2,2,task_20251201_113908_295_e81f6083_e770442c,0.714286,0,157449,498.8
tools,gepa,eog,calendar,1,2,2,task_20251203_184109_641_6f5b66fc_e62d330e,0.333333,0,148058,720.2
tools,gepa,eog,calendar,1,2,2,task_20251203_190727_704_e81f6083_f2fd8fe6,0.0,0,98975,645.4
tools,gepa,eog,calendar,1,2,2,task_20251203_194320_796_df2c536d_c885488e,0.75,0,112030,610.7
tools,gepa,eog,calendar,1,2,2,task_20260104_143530_440_6f5b66fc_b6b24e96,0.333333,0,95765,694.9
tools,gepa,eog,calendar,1,2,2,task_20260106_112632_846_bca89e7d_5d19e8f3,1.0,1,128406,326.2
tools,gepa,eog,calendar,1,2,2,task_20260107_093643_038_df2c536d_f90fd06e,0.75,0,88666,219.4
tools,gepa,eog,calendar,1,2,2,task_20260108_142310_191_df2c536d_c6edcf9f,0.666667,0,141230,614.5
tools,gepa,eog,calendar,1,2,2,task_20260121_214553_691_cbcf38f8_abce7315,0.333333,0,141320,698.2
tools,gepa,eog,calendar,1,2,3,task_20251117_165528_648_bca89e7d_3e81ece9,1.0,1,131404,461.7
tools,gepa,eog,calendar,1,2,3,task_20251201_113908_295_e81f6083_e770442c,1.0,1,252473,863.7
tools,gepa,eog,calendar,1,2,3,task_20251203_184109_641_6f5b66fc_e62d330e,0.0,0,98960,645.1
tools,gepa,eog,calendar,1,2,3,task_20251203_190727_704_e81f6083_f2fd8fe6,0.4,0,165635,983.1
tools,gepa,eog,calendar,1,2,3,task_20251203_194320_796_df2c536d_c885488e,0.75,0,114686,700.6
tools,gepa,eog,calendar,1,2,3,task_20260104_143530_440_6f5b66fc_b6b24e96,0.666667,0,198131,1084.7
tools,gepa,eog,calendar,1,2,3,task_20260106_112632_846_bca89e7d_5d19e8f3,1.0,1,109055,399.3
tools,gepa,eog,calendar,1,2,3,task_20260107_093643_038_df2c536d_f90fd06e,1.0,1,88736,267.4
tools,gepa,eog,calendar,1,2,3,task_20260108_142310_191_df2c536d_c6edcf9f,0.666667,0,95708,513.0
tools,gepa,eog,calendar,1,2,3,task_20260121_214553_691_cbcf38f8_abce7315,0.666667,0,94763,494.8
tools,gepa,eog,calendar,2,1,1,task_20251124_112741_995_0a0bf089_3906a767,0.8,0,66536,73.8
tools,gepa,eog,calendar,2,1,1,task_20251128_220140_863_df2c536d_4aa7dcfd,0.333333,0,75150,110.1
tools,gepa,eog,calendar,2,1,1,task_20251130_105156_866_0a0bf089_eef6d2ed,0.25,0,149539,146.1
tools,gepa,eog,calendar,2,1,1,task_20251203_080219_432_6f5b66fc_03eb353c,0.8,0,145077,270.1
tools,gepa,eog,calendar,2,1,1,task_20251203_091910_549_bca89e7d_de59e44a,0.666667,0,125365,326.9
tools,gepa,eog,calendar,2,1,1,task_20251203_142634_160_bca89e7d_193f597f,1.0,1,102251,205.6
tools,gepa,eog,calendar,2,1,1,task_20251203_142725_377_6f5b66fc_c990483e,0.333333,0,99250,237.0
tools,gepa,eog,calendar,2,1,1,task_20251205_032409_945_0a0bf089_61f5be29,0.0,0,33428,52.5
tools,gepa,eog,calendar,2,1,1,task_20260102_175948_337_6f5b66fc_f9bfbf1d,0.666667,0,76050,146.4
tools,gepa,eog,calendar,2,1,1,task_20260104_192853_372_6f5b66fc_12ceda34,0.333333,0,52884,76.2
tools,gepa,eog,calendar,2,1,1,task_20260104_205924_379_e0ac0c6d_cec96398,0.5,0,117715,100.4
tools,gepa,eog,calendar,2,1,1,task_20260105_074654_229_bca89e7d_39d9c8ac,1.0,1,201751,327.3
tools,gepa,eog,calendar,2,1,1,task_20260105_124102_961_e0ac0c6d_0b196906,1.0,1,55660,100.2
tools,gepa,eog,calendar,2,1,1,task_20260105_140440_086_e0ac0c6d_27ecac16,1.0,1,54001,79.6
tools,gepa,eog,calendar,2,1,1,task_20260105_163511_384_79b3b025_1ff6d0c6,1.0,1,102633,116.1
tools,gepa,eog,calendar,2,1,1,task_20260105_212045_832_e0ac0c6d_84c7f524,0.833333,0,74709,99.1
tools,gepa,eog,calendar,2,1,1,task_20260105_221239_098_e0ac0c6d_f5f338f3,1.0,1,53447,86.7
tools,gepa,eog,calendar,2,1,1,task_20260105_222434_398_79b3b025_ccd9b889,0.75,0,119673,123.8
tools,gepa,eog,calendar,2,1,1,task_20260106_103319_873_baf0b358_69ce7445,1.0,1,170149,203.3
tools,gepa,eog,calendar,2,1,1,task_20260106_114228_782_79b3b025_b556c84d,1.0,1,169251,232.4
tools,gepa,eog,calendar,2,1,1,task_20260106_152415_149_6f5b66fc_aad3df17,1.0,1,97020,147.3
tools,gepa,eog,calendar,2,1,1,task_20260106_170952_179_e0ac0c6d_791fba5e,1.0,1,53609,58.5
tools,gepa,eog,calendar,2,1,1,task_20260107_144751_333_79b3b025_92bfb77e,0.857143,0,202874,311.6
tools,gepa,eog,calendar,2,1,1,task_20260107_193032_599_e0ac0c6d_403469c5,1.0,1,53539,70.9
tools,gepa,eog,calendar,2,1,1,task_20260108_182727_772_4608325d_60b7f5d9,0.666667,0,99602,163.6
tools,gepa,eog,calendar,2,1,1,task_20260121_144251_116_38405923_9438dabd,0.0,0,88338,116.8
tools,gepa,eog,calendar,2,1,1,task_20260121_161936_323_cbcf38f8_50ccd164,0.0,0,77474,116.0
tools,gepa,eog,calendar,2,1,1,task_20260121_171247_475_cbcf38f8_c0a86487,0.5,0,119919,147.4
tools,gepa,eog,calendar,2,1,1,task_20260122_024556_370_38405923_1a174d84,0.833333,0,110548,126.7
tools,gepa,eog,calendar,2,1,2,task_20251124_112741_995_0a0bf089_3906a767,0.8,0,112516,85.0
tools,gepa,eog,calendar,2,1,2,task_20251128_220140_863_df2c536d_4aa7dcfd,0.666667,0,114181,137.5
tools,gepa,eog,calendar,2,1,2,task_20251130_105156_866_0a0bf089_eef6d2ed,0.25,0,131934,261.3
tools,gepa,eog,calendar,2,1,2,task_20251203_080219_432_6f5b66fc_03eb353c,0.8,0,118706,212.8
tools,gepa,eog,calendar,2,1,2,task_20251203_091910_549_bca89e7d_de59e44a,0.666667,0,106673,216.8
tools,gepa,eog,calendar,2,1,2,task_20251203_142634_160_bca89e7d_193f597f,0.8,0,129757,248.7
tools,gepa,eog,calendar,2,1,2,task_20251203_142725_377_6f5b66fc_c990483e,0.333333,0,79341,185.5
tools,gepa,eog,calendar,2,1,2,task_20251205_032409_945_0a0bf089_61f5be29,0.0,0,32962,62.8
tools,gepa,eog,calendar,2,1,2,task_20260102_175948_337_6f5b66fc_f9bfbf1d,1.0,1,77511,126.9
tools,gepa,eog,calendar,2,1,2,task_20260104_192853_372_6f5b66fc_12ceda34,0.333333,0,54096,129.3
tools,gepa,eog,calendar,2,1,2,task_20260104_205924_379_e0ac0c6d_cec96398,0.5,0,124061,126.7
tools,gepa,eog,calendar,2,1,2,task_20260105_074654_229_bca89e7d_39d9c8ac,1.0,1,106262,166.4
tools,gepa,eog,calendar,2,1,2,task_20260105_124102_961_e0ac0c6d_0b196906,1.0,1,54083,65.0
tools,gepa,eog,calendar,2,1,2,task_20260105_140440_086_e0ac0c6d_27ecac16,1.0,1,54566,87.2
tools,gepa,eog,calendar,2,1,2,task_20260105_163511_384_79b3b025_1ff6d0c6,1.0,1,78503,148.6
tools,gepa,eog,calendar,2,1,2,task_20260105_212045_832_e0ac0c6d_84c7f524,0.833333,0,73619,95.3
tools,gepa,eog,calendar,2,1,2,task_20260105_221239_098_e0ac0c6d_f5f338f3,1.0,1,53609,75.9
tools,gepa,eog,calendar,2,1,2,task_20260105_222434_398_79b3b025_ccd9b889,0.75,0,125859,148.3
tools,gepa,eog,calendar,2,1,2,task_20260106_103319_873_baf0b358_69ce7445,1.0,1,165460,149.9
tools,gepa,eog,calendar,2,1,2,task_20260106_114228_782_79b3b025_b556c84d,1.0,1,142243,180.3
tools,gepa,eog,calendar,2,1,2,task_20260106_152415_149_6f5b66fc_aad3df17,1.0,1,101519,215.2
tools,gepa,eog,calendar,2,1,2,task_20260106_170952_179_e0ac0c6d_791fba5e,1.0,1,52868,74.0
tools,gepa,eog,calendar,2,1,2,task_20260107_144751_333_79b3b025_92bfb77e,0.857143,0,137836,274.6
tools,gepa,eog,calendar,2,1,2,task_20260107_193032_599_e0ac0c6d_403469c5,1.0,1,52731,71.3
tools,gepa,eog,calendar,2,1,2,task_20260108_182727_772_4608325d_60b7f5d9,0.666667,0,120174,151.5
tools,gepa,eog,calendar,2,1,2,task_20260121_144251_116_38405923_9438dabd,0.0,0,101755,119.2
tools,gepa,eog,calendar,2,1,2,task_20260121_161936_323_cbcf38f8_50ccd164,0.0,0,217412,202.7
tools,gepa,eog,calendar,2,1,2,task_20260121_171247_475_cbcf38f8_c0a86487,0.5,0,139246,171.7
tools,gepa,eog,calendar,2,1,2,task_20260122_024556_370_38405923_1a174d84,0.833333,0,87455,111.1
tools,gepa,eog,calendar,2,1,3,task_20251124_112741_995_0a0bf089_3906a767,0.8,0,113954,81.0
tools,gepa,eog,calendar,2,1,3,task_20251128_220140_863_df2c536d_4aa7dcfd,0.666667,0,173275,218.5
tools,gepa,eog,calendar,2,1,3,task_20251130_105156_866_0a0bf089_eef6d2ed,0.25,0,193889,143.7
tools,gepa,eog,calendar,2,1,3,task_20251203_080219_432_6f5b66fc_03eb353c,0.6,0,143896,254.4
tools,gepa,eog,calendar,2,1,3,task_20251203_091910_549_bca89e7d_de59e44a,0.833333,0,138570,269.0
tools,gepa,eog,calendar,2,1,3,task_20251203_142634_160_bca89e7d_193f597f,0.8,0,105591,261.9
tools,gepa,eog,calendar,2,1,3,task_20251203_142725_377_6f5b66fc_c990483e,0.333333,0,123037,236.7
tools,gepa,eog,calendar,2,1,3,task_20251205_032409_945_0a0bf089_61f5be29,0.0,0,33622,65.5
tools,gepa,eog,calendar,2,1,3,task_20260102_175948_337_6f5b66fc_f9bfbf1d,1.0,1,77098,117.1
tools,gepa,eog,calendar,2,1,3,task_20260104_192853_372_6f5b66fc_12ceda34,0.333333,0,69317,108.6
tools,gepa,eog,calendar,2,1,3,task_20260104_205924_379_e0ac0c6d_cec96398,0.5,0,121741,132.7
tools,gepa,eog,calendar,2,1,3,task_20260105_074654_229_bca89e7d_39d9c8ac,1.0,1,169419,267.9
tools,gepa,eog,calendar,2,1,3,task_20260105_124102_961_e0ac0c6d_0b196906,1.0,1,53435,57.4
tools,gepa,eog,calendar,2,1,3,task_20260105_140440_086_e0ac0c6d_27ecac16,1.0,1,71747,65.7
tools,gepa,eog,calendar,2,1,3,task_20260105_163511_384_79b3b025_1ff6d0c6,1.0,1,99223,167.7
tools,gepa,eog,calendar,2,1,3,task_20260105_212045_832_e0ac0c6d_84c7f524,0.833333,0,53203,62.3
tools,gepa,eog,calendar,2,1,3,task_20260105_221239_098_e0ac0c6d_f5f338f3,1.0,1,54362,65.2
tools,gepa,eog,calendar,2,1,3,task_20260105_222434_398_79b3b025_ccd9b889,0.75,0,126706,155.6
tools,gepa,eog,calendar,2,1,3,task_20260106_103319_873_baf0b358_69ce7445,1.0,1,193599,150.1
tools,gepa,eog,calendar,2,1,3,task_20260106_114228_782_79b3b025_b556c84d,1.0,1,151226,259.2
tools,gepa,eog,calendar,2,1,3,task_20260106_152415_149_6f5b66fc_aad3df17,1.0,1,77344,159.9
tools,gepa,eog,calendar,2,1,3,task_20260106_170952_179_e0ac0c6d_791fba5e,1.0,1,52335,43.9
tools,gepa,eog,calendar,2,1,3,task_20260107_144751_333_79b3b025_92bfb77e,1.0,1,231857,347.2
tools,gepa,eog,calendar,2,1,3,task_20260107_193032_599_e0ac0c6d_403469c5,1.0,1,52787,60.7
tools,gepa,eog,calendar,2,1,3,task_20260108_182727_772_4608325d_60b7f5d9,0.666667,0,141147,148.4
tools,gepa,eog,calendar,2,1,3,task_20260121_144251_116_38405923_9438dabd,0.0,0,71273,95.3
tools,gepa,eog,calendar,2,1,3,task_20260121_161936_323_cbcf38f8_50ccd164,0.0,0,124339,210.4
tools,gepa,eog,calendar,2,1,3,task_20260121_171247_475_cbcf38f8_c0a86487,0.5,0,144811,128.2
tools,gepa,eog,calendar,2,1,3,task_20260122_024556_370_38405923_1a174d84,0.833333,0,148139,165.1
tools,gepa,eog,calendar,2,2,1,task_20251117_165528_648_bca89e7d_3e81ece9,1.0,1,92997,129.2
tools,gepa,eog,calendar,2,2,1,task_20251201_113908_295_e81f6083_e770442c,1.0,1,238793,411.1
tools,gepa,eog,calendar,2,2,1,task_20251203_184109_641_6f5b66fc_e62d330e,0.333333,0,77993,245.6
tools,gepa,eog,calendar,2,2,1,task_20251203_190727_704_e81f6083_f2fd8fe6,0.0,0,345115,590.7
tools,gepa,eog,calendar,2,2,1,task_20251203_194320_796_df2c536d_c885488e,0.75,0,115630,269.4
tools,gepa,eog,calendar,2,2,1,task_20260104_143530_440_6f5b66fc_b6b24e96,0.666667,0,154555,347.6
tools,gepa,eog,calendar,2,2,1,task_20260106_112632_846_bca89e7d_5d19e8f3,1.0,1,164483,353.9
tools,gepa,eog,calendar,2,2,1,task_20260107_093643_038_df2c536d_f90fd06e,1.0,1,88135,113.9
tools,gepa,eog,calendar,2,2,1,task_20260108_142310_191_df2c536d_c6edcf9f,0.666667,0,97470,251.2
tools,gepa,eog,calendar,2,2,1,task_20260121_214553_691_cbcf38f8_abce7315,0.333333,0,141348,288.5
tools,gepa,eog,calendar,2,2,2,task_20251117_165528_648_bca89e7d_3e81ece9,1.0,1,167738,225.7
tools,gepa,eog,calendar,2,2,2,task_20251201_113908_295_e81f6083_e770442c,1.0,1,232297,406.2
tools,gepa,eog,calendar,2,2,2,task_20251203_184109_641_6f5b66fc_e62d330e,0.333333,0,130790,264.3
tools,gepa,eog,calendar,2,2,2,task_20251203_190727_704_e81f6083_f2fd8fe6,0.4,0,134148,310.2
tools,gepa,eog,calendar,2,2,2,task_20251203_194320_796_df2c536d_c885488e,0.75,0,161698,341.4
tools,gepa,eog,calendar,2,2,2,task_20260104_143530_440_6f5b66fc_b6b24e96,0.0,0,135854,323.5
tools,gepa,eog,calendar,2,2,2,task_20260106_112632_846_bca89e7d_5d19e8f3,1.0,1,94184,168.9
tools,gepa,eog,calendar,2,2,2,task_20260107_093643_038_df2c536d_f90fd06e,0.75,0,139319,105.2
tools,gepa,eog,calendar,2,2,2,task_20260108_142310_191_df2c536d_c6edcf9f,0.666667,0,158552,284.2
tools,gepa,eog,calendar,2,2,2,task_20260121_214553_691_cbcf38f8_abce7315,0.666667,0,94798,193.7
tools,gepa,eog,calendar,2,2,3,task_20251117_165528_648_bca89e7d_3e81ece9,1.0,1,148848,210.2
tools,gepa,eog,calendar,2,2,3,task_20251201_113908_295_e81f6083_e770442c,1.0,1,166487,258.1
tools,gepa,eog,calendar,2,2,3,task_20251203_184109_641_6f5b66fc_e62d330e,0.333333,0,112553,233.9
tools,gepa,eog,calendar,2,2,3,task_20251203_190727_704_e81f6083_f2fd8fe6,0.4,0,189223,451.9
tools,gepa,eog,calendar,2,2,3,task_20251203_194320_796_df2c536d_c885488e,0.75,0,137298,277.4
tools,gepa,eog,calendar,2,2,3,task_20260104_143530_440_6f5b66fc_b6b24e96,0.333333,0,94506,211.1
tools,gepa,eog,calendar,2,2,3,task_20260106_112632_846_bca89e7d_5d19e8f3,1.0,1,110066,183.3
tools,gepa,eog,calendar,2,2,3,task_20260107_093643_038_df2c536d_f90fd06e,0.75,0,123415,120.0
tools,gepa,eog,calendar,2,2,3,task_20260108_142310_191_df2c536d_c6edcf9f,0.666667,0,137941,218.4
tools,gepa,eog,calendar,2,2,3,task_20260121_214553_691_cbcf38f8_abce7315,0.666667,0,94385,169.7
tools,gepa,eog,calendar,2,3,1,task_20251202_121726_036_e81f6083_cc1636ad,1.0,1,193135,666.7
tools,gepa,eog,calendar,2,3,1,task_20251203_133512_548_e81f6083_738dfe0c,1.0,1,91242,457.9
tools,gepa,eog,calendar,2,3,1,task_20260106_143218_938_79b3b025_ce953a94,0.428571,0,112734,484.6
tools,gepa,eog,calendar,2,3,1,task_20260106_153404_124_79b3b025_914e7207,0.857143,0,95236,518.8
tools,gepa,eog,calendar,2,3,2,task_20251202_121726_036_e81f6083_cc1636ad,1.0,1,168294,518.0
tools,gepa,eog,calendar,2,3,2,task_20251203_133512_548_e81f6083_738dfe0c,1.0,1,163298,707.2
tools,gepa,eog,calendar,2,3,2,task_20260106_143218_938_79b3b025_ce953a94,0.428571,0,143086,709.7
tools,gepa,eog,calendar,2,3,2,task_20260106_153404_124_79b3b025_914e7207,0.857143,0,121239,604.1
tools,gepa,eog,calendar,2,3,3,task_20251202_121726_036_e81f6083_cc1636ad,1.0,1,191883,622.3
tools,gepa,eog,calendar,2,3,3,task_20251203_133512_548_e81f6083_738dfe0c,1.0,1,208479,675.3
tools,gepa,eog,calendar,2,3,3,task_20260106_143218_938_79b3b025_ce953a94,0.428571,0,180734,821.4
tools,gepa,eog,calendar,2,3,3,task_20260106_153404_124_79b3b025_914e7207,0.857143,0,112624,500.5
tools,gepa,eog,calendar,3,1,1,task_20251124_112741_995_0a0bf089_3906a767,0.8,0,233735,150.2
tools,gepa,eog,calendar,3,1,1,task_20251128_220140_863_df2c536d_4aa7dcfd,0.666667,0,252819,209.3
tools,gepa,eog,calendar,3,1,1,task_20251130_105156_866_0a0bf089_eef6d2ed,0.25,0,346892,140.6
tools,gepa,eog,calendar,3,1,1,task_20251203_080219_432_6f5b66fc_03eb353c,0.8,0,264291,465.9
tools,gepa,eog,calendar,3,1,1,task_20251203_091910_549_bca89e7d_de59e44a,0.666667,0,269572,437.6
tools,gepa,eog,calendar,3,1,1,task_20251203_142634_160_bca89e7d_193f597f,0.8,0,295638,495.6
tools,gepa,eog,calendar,3,1,1,task_20251203_142725_377_6f5b66fc_c990483e,0.333333,0,193417,247.0
tools,gepa,eog,calendar,3,1,1,task_20251205_032409_945_0a0bf089_61f5be29,0.0,0,61024,60.3
tools,gepa,eog,calendar,3,1,1,task_20260102_175948_337_6f5b66fc_f9bfbf1d,1.0,1,217677,161.1
tools,gepa,eog,calendar,3,1,1,task_20260104_192853_372_6f5b66fc_12ceda34,0.333333,0,68731,101.5
tools,gepa,eog,calendar,3,1,1,task_20260104_205924_379_e0ac0c6d_cec96398,0.5,0,120540,113.3
tools,gepa,eog,calendar,3,1,1,task_20260105_074654_229_bca89e7d_39d9c8ac,1.0,1,254523,514.4
tools,gepa,eog,calendar,3,1,1,task_20260105_124102_961_e0ac0c6d_0b196906,1.0,1,94187,100.9
tools,gepa,eog,calendar,3,1,1,task_20260105_140440_086_e0ac0c6d_27ecac16,1.0,1,92470,96.7
tools,gepa,eog,calendar,3,1,1,task_20260105_163511_384_79b3b025_1ff6d0c6,1.0,1,233389,230.2
tools,gepa,eog,calendar,3,1,1,task_20260105_212045_832_e0ac0c6d_84c7f524,0.833333,0,181833,115.9
tools,gepa,eog,calendar,3,1,1,task_20260105_221239_098_e0ac0c6d_f5f338f3,1.0,1,108958,86.3
tools,gepa,eog,calendar,3,1,1,task_20260105_222434_398_79b3b025_ccd9b889,0.75,0,217465,200.9
tools,gepa,eog,calendar,3,1,1,task_20260106_103319_873_baf0b358_69ce7445,1.0,1,456538,352.7
tools,gepa,eog,calendar,3,1,1,task_20260106_114228_782_79b3b025_b556c84d,1.0,1,304487,291.8
tools,gepa,eog,calendar,3,1,1,task_20260106_152415_149_6f5b66fc_aad3df17,1.0,1,305305,384.6
tools,gepa,eog,calendar,3,1,1,task_20260106_170952_179_e0ac0c6d_791fba5e,1.0,1,181647,92.0
tools,gepa,eog,calendar,3,1,1,task_20260107_144751_333_79b3b025_92bfb77e,0.857143,0,318006,333.6
tools,gepa,eog,calendar,3,1,1,task_20260107_193032_599_e0ac0c6d_403469c5,1.0,1,93310,114.0
tools,gepa,eog,calendar,3,1,1,task_20260108_182727_772_4608325d_60b7f5d9,1.0,1,267348,246.3
tools,gepa,eog,calendar,3,1,1,task_20260121_144251_116_38405923_9438dabd,0.0,0,337727,170.7
tools,gepa,eog,calendar,3,1,1,task_20260121_161936_323_cbcf38f8_50ccd164,0.0,0,125333,186.1
tools,gepa,eog,calendar,3,1,1,task_20260121_171247_475_cbcf38f8_c0a86487,0.5,0,258744,186.8
tools,gepa,eog,calendar,3,1,1,task_20260122_024556_370_38405923_1a174d84,0.666667,0,348538,229.4
tools,gepa,eog,calendar,3,1,2,task_20251124_112741_995_0a0bf089_3906a767,0.8,0,296110,247.8
tools,gepa,eog,calendar,3,1,2,task_20251128_220140_863_df2c536d_4aa7dcfd,0.333333,0,159953,158.2
tools,gepa,eog,calendar,3,1,2,task_20251130_105156_866_0a0bf089_eef6d2ed,0.25,0,350588,195.1
tools,gepa,eog,calendar,3,1,2,task_20251203_080219_432_6f5b66fc_03eb353c,0.8,0,369131,575.1
tools,gepa,eog,calendar,3,1,2,task_20251203_091910_549_bca89e7d_de59e44a,0.666667,0,244252,362.0
tools,gepa,eog,calendar,3,1,2,task_20251203_142634_160_bca89e7d_193f597f,0.8,0,223757,336.8
tools,gepa,eog,calendar,3,1,2,task_20251203_142725_377_6f5b66fc_c990483e,0.333333,0,176728,265.7
tools,gepa,eog,calendar,3,1,2,task_20251205_032409_945_0a0bf089_61f5be29,0.0,0,40856,47.4
tools,gepa,eog,calendar,3,1,2,task_20260102_175948_337_6f5b66fc_f9bfbf1d,1.0,1,218771,177.0
tools,gepa,eog,calendar,3,1,2,task_20260104_192853_372_6f5b66fc_12ceda34,0.333333,0,64980,90.2
tools,gepa,eog,calendar,3,1,2,task_20260104_205924_379_e0ac0c6d_cec96398,0.5,0,238053,201.2
tools,gepa,eog,calendar,3,1,2,task_20260105_074654_229_bca89e7d_39d9c8ac,1.0,1,258361,419.3
tools,gepa,eog,calendar,3,1,2,task_20260105_124102_961_e0ac0c6d_0b196906,1.0,1,89848,104.0
tools,gepa,eog,calendar,3,1,2,task_20260105_140440_086_e0ac0c6d_27ecac16,1.0,1,158571,100.5
tools,gepa,eog,calendar,3,1,2,task_20260105_163511_384_79b3b025_1ff6d0c6,1.0,1,210254,204.7
tools,gepa,eog,calendar,3,1,2,task_20260105_212045_832_e0ac0c6d_84c7f524,0.833333,0,181348,102.6
tools,gepa,eog,calendar,3,1,2,task_20260105_221239_098_e0ac0c6d_f5f338f3,1.0,1,109124,100.7
tools,gepa,eog,calendar,3,1,2,task_20260105_222434_398_79b3b025_ccd9b889,0.75,0,274185,275.1
tools,gepa,eog,calendar,3,1,2,task_20260106_103319_873_baf0b358_69ce7445,1.0,1,397212,257.5
tools,gepa,eog,calendar,3,1,2,task_20260106_114228_782_79b3b025_b556c84d,1.0,1,346176,355.9
tools,gepa,eog,calendar,3,1,2,task_20260106_152415_149_6f5b66fc_aad3df17,0.666667,0,293739,297.6
tools,gepa,eog,calendar,3,1,2,task_20260106_170952_179_e0ac0c6d_791fba5e,1.0,1,133797,85.1
tools,gepa,eog,calendar,3,1,2,task_20260107_144751_333_79b3b025_92bfb77e,0.857143,0,375359,485.0
tools,gepa,eog,calendar,3,1,2,task_20260107_193032_599_e0ac0c6d_403469c5,1.0,1,165902,114.0
tools,gepa,eog,calendar,3,1,2,task_20260108_182727_772_4608325d_60b7f5d9,1.0,1,209260,192.4
tools,gepa,eog,calendar,3,1,2,task_20260121_144251_116_38405923_9438dabd,0.0,0,196657,129.2
tools,gepa,eog,calendar,3,1,2,task_20260121_161936_323_cbcf38f8_50ccd164,0.0,0,145438,152.7
tools,gepa,eog,calendar,3,1,2,task_20260121_171247_475_cbcf38f8_c0a86487,0.5,0,351265,182.0
tools,gepa,eog,calendar,3,1,2,task_20260122_024556_370_38405923_1a174d84,0.833333,0,325230,250.1
tools,gepa,eog,calendar,3,1,3,task_20251124_112741_995_0a0bf089_3906a767,0.8,0,213706,183.9
tools,gepa,eog,calendar,3,1,3,task_20251128_220140_863_df2c536d_4aa7dcfd,0.333333,0,161239,157.5
tools,gepa,eog,calendar,3,1,3,task_20251130_105156_866_0a0bf089_eef6d2ed,0.25,0,578329,235.5
tools,gepa,eog,calendar,3,1,3,task_20251203_080219_432_6f5b66fc_03eb353c,0.8,0,243779,393.7
tools,gepa,eog,calendar,3,1,3,task_20251203_091910_549_bca89e7d_de59e44a,0.666667,0,193429,345.0
tools,gepa,eog,calendar,3,1,3,task_20251203_142634_160_bca89e7d_193f597f,0.8,0,252225,413.3
tools,gepa,eog,calendar,3,1,3,task_20251203_142725_377_6f5b66fc_c990483e,0.666667,0,222752,332.6
tools,gepa,eog,calendar,3,1,3,task_20251205_032409_945_0a0bf089_61f5be29,0.0,0,60429,69.8
tools,gepa,eog,calendar,3,1,3,task_20260102_175948_337_6f5b66fc_f9bfbf1d,1.0,1,218505,180.0
tools,gepa,eog,calendar,3,1,3,task_20260104_192853_372_6f5b66fc_12ceda34,0.333333,0,67522,148.3
tools,gepa,eog,calendar,3,1,3,task_20260104_205924_379_e0ac0c6d_cec96398,0.5,0,150007,188.5
tools,gepa,eog,calendar,3,1,3,task_20260105_074654_229_bca89e7d_39d9c8ac,1.0,1,350285,452.0
tools,gepa,eog,calendar,3,1,3,task_20260105_124102_961_e0ac0c6d_0b196906,1.0,1,134671,105.5
tools,gepa,eog,calendar,3,1,3,task_20260105_140440_086_e0ac0c6d_27ecac16,1.0,1,132527,148.9
tools,gepa,eog,calendar,3,1,3,task_20260105_163511_384_79b3b025_1ff6d0c6,1.0,1,231057,283.3
tools,gepa,eog,calendar,3,1,3,task_20260105_212045_832_e0ac0c6d_84c7f524,0.833333,0,187057,115.9
tools,gepa,eog,calendar,3,1,3,task_20260105_221239_098_e0ac0c6d_f5f338f3,1.0,1,227395,134.3
tools,gepa,eog,calendar,3,1,3,task_20260105_222434_398_79b3b025_ccd9b889,0.75,0,232279,258.5
tools,gepa,eog,calendar,3,1,3,task_20260106_103319_873_baf0b358_69ce7445,1.0,1,377245,387.2
tools,gepa,eog,calendar,3,1,3,task_20260106_114228_782_79b3b025_b556c84d,1.0,1,342927,363.0
tools,gepa,eog,calendar,3,1,3,task_20260106_152415_149_6f5b66fc_aad3df17,1.0,1,262583,309.7
tools,gepa,eog,calendar,3,1,3,task_20260106_170952_179_e0ac0c6d_791fba5e,1.0,1,178482,144.3
tools,gepa,eog,calendar,3,1,3,task_20260107_144751_333_79b3b025_92bfb77e,0.857143,0,286837,374.3
tools,gepa,eog,calendar,3,1,3,task_20260107_193032_599_e0ac0c6d_403469c5,1.0,1,136976,151.2
tools,gepa,eog,calendar,3,1,3,task_20260108_182727_772_4608325d_60b7f5d9,1.0,1,314020,308.5
tools,gepa,eog,calendar,3,1,3,task_20260121_144251_116_38405923_9438dabd,0.0,0,272493,192.7
tools,gepa,eog,calendar,3,1,3,task_20260121_161936_323_cbcf38f8_50ccd164,0.0,0,120476,168.4
tools,gepa,eog,calendar,3,1,3,task_20260121_171247_475_cbcf38f8_c0a86487,0.5,0,349075,176.7
tools,gepa,eog,calendar,3,1,3,task_20260122_024556_370_38405923_1a174d84,0.833333,0,350985,262.1
tools,gepa,eog,calendar,3,2,1,task_20251117_165528_648_bca89e7d_3e81ece9,1.0,1,507738,526.9
tools,gepa,eog,calendar,3,2,1,task_20251201_113908_295_e81f6083_e770442c,1.0,1,374100,442.9
tools,gepa,eog,calendar,3,2,1,task_20251203_184109_641_6f5b66fc_e62d330e,0.333333,0,217953,324.9
tools,gepa,eog,calendar,3,2,1,task_20251203_190727_704_e81f6083_f2fd8fe6,0.4,0,284371,542.5
tools,gepa,eog,calendar,3,2,1,task_20251203_194320_796_df2c536d_c885488e,0.75,0,369758,501.2
tools,gepa,eog,calendar,3,2,1,task_20260104_143530_440_6f5b66fc_b6b24e96,0.666667,0,265648,376.7
tools,gepa,eog,calendar,3,2,1,task_20260106_112632_846_bca89e7d_5d19e8f3,1.0,1,306381,326.2
tools,gepa,eog,calendar,3,2,1,task_20260107_093643_038_df2c536d_f90fd06e,0.75,0,232720,277.8
tools,gepa,eog,calendar,3,2,1,task_20260108_142310_191_df2c536d_c6edcf9f,0.666667,0,164764,271.0
tools,gepa,eog,calendar,3,2,1,task_20260121_214553_691_cbcf38f8_abce7315,0.666667,0,166399,313.1
tools,gepa,eog,calendar,3,2,2,task_20251117_165528_648_bca89e7d_3e81ece9,1.0,1,369692,414.2
tools,gepa,eog,calendar,3,2,2,task_20251201_113908_295_e81f6083_e770442c,0.857143,0,350819,363.2
tools,gepa,eog,calendar,3,2,2,task_20251203_184109_641_6f5b66fc_e62d330e,0.333333,0,183555,277.7
tools,gepa,eog,calendar,3,2,2,task_20251203_190727_704_e81f6083_f2fd8fe6,0.4,0,426183,721.7
tools,gepa,eog,calendar,3,2,2,task_20251203_194320_796_df2c536d_c885488e,0.75,0,223120,407.7
tools,gepa,eog,calendar,3,2,2,task_20260104_143530_440_6f5b66fc_b6b24e96,0.333333,0,119489,278.0
tools,gepa,eog,calendar,3,2,2,task_20260106_112632_846_bca89e7d_5d19e8f3,1.0,1,410704,289.4
tools,gepa,eog,calendar,3,2,2,task_20260107_093643_038_df2c536d_f90fd06e,0.75,0,259390,323.1
tools,gepa,eog,calendar,3,2,2,task_20260108_142310_191_df2c536d_c6edcf9f,0.333333,0,144247,324.8
tools,gepa,eog,calendar,3,2,2,task_20260121_214553_691_cbcf38f8_abce7315,0.666667,0,189924,284.6
tools,gepa,eog,calendar,3,2,3,task_20251117_165528_648_bca89e7d_3e81ece9,0.666667,0,311194,401.4
tools,gepa,eog,calendar,3,2,3,task_20251201_113908_295_e81f6083_e770442c,0.857143,0,492712,488.6
tools,gepa,eog,calendar,3,2,3,task_20251203_184109_641_6f5b66fc_e62d330e,0.333333,0,207114,328.5
tools,gepa,eog,calendar,3,2,3,task_20251203_190727_704_e81f6083_f2fd8fe6,0.4,0,213192,402.8
tools,gepa,eog,calendar,3,2,3,task_20251203_194320_796_df2c536d_c885488e,0.75,0,355490,444.8
tools,gepa,eog,calendar,3,2,3,task_20260104_143530_440_6f5b66fc_b6b24e96,0.666667,0,298096,468.7
tools,gepa,eog,calendar,3,2,3,task_20260106_112632_846_bca89e7d_5d19e8f3,1.0,1,308301,257.7
tools,gepa,eog,calendar,3,2,3,task_20260107_093643_038_df2c536d_f90fd06e,0.75,0,212731,206.2
tools,gepa,eog,calendar,3,2,3,task_20260108_142310_191_df2c536d_c6edcf9f,0.666667,0,214747,312.7
tools,gepa,eog,calendar,3,2,3,task_20260121_214553_691_cbcf38f8_abce7315,0.666667,0,193809,381.8
tools,gepa,eog,calendar,3,3,1,task_20251202_121726_036_e81f6083_cc1636ad,0.916667,0,257946,484.8
tools,gepa,eog,calendar,3,3,1,task_20251203_133512_548_e81f6083_738dfe0c,1.0,1,296655,437.4
tools,gepa,eog,calendar,3,3,1,task_20260106_143218_938_79b3b025_ce953a94,0.285714,0,338595,537.1
tools,gepa,eog,calendar,3,3,1,task_20260106_153404_124_79b3b025_914e7207,0.857143,0,335874,449.9
tools,gepa,eog,calendar,3,3,2,task_20251202_121726_036_e81f6083_cc1636ad,0.916667,0,229865,469.1
tools,gepa,eog,calendar,3,3,2,task_20251203_133512_548_e81f6083_738dfe0c,1.0,1,425542,721.8
tools,gepa,eog,calendar,3,3,2,task_20260106_143218_938_79b3b025_ce953a94,0.285714,0,186831,393.6
tools,gepa,eog,calendar,3,3,2,task_20260106_153404_124_79b3b025_914e7207,0.857143,0,275098,511.5
tools,gepa,eog,calendar,3,3,3,task_20251202_121726_036_e81f6083_cc1636ad,0.916667,0,224640,377.1
tools,gepa,eog,calendar,3,3,3,task_20251203_133512_548_e81f6083_738dfe0c,1.0,1,296097,483.1
tools,gepa,eog,calendar,3,3,3,task_20260106_143218_938_79b3b025_ce953a94,0.285714,0,439317,566.4
tools,gepa,eog,calendar,3,3,3,task_20260106_153404_124_79b3b025_914e7207,0.857143,0,258601,407.1
tools,gepa,eog,csm,1,1,1,task_20251127_070938_325_b393a327_a40b1f4e,0.0,0,71413,161.1
tools,gepa,eog,csm,1,1,1,task_20251204_231522_245_e6427839_5d09c3c2,1.0,1,89969,192.3
tools,gepa,eog,csm,1,1,1,task_20251205_194841_224_391f1eff_136bedae,0.0,0,18042,41.7
tools,gepa,eog,csm,1,1,1,task_20251208_035402_755_ad5a67e3_8ca9a646,0.0,0,126813,314.7
tools,gepa,eog,csm,1,1,1,task_20251210_145940_356_accab84d_c16e9916,0.4,0,203349,509.3
tools,gepa,eog,csm,1,1,1,task_20251210_161511_924_2aa6b0ad_1446c2b4,1.0,1,102682,164.5
tools,gepa,eog,csm,1,1,1,task_20251211_192109_853_99ba2325_b21298a0,0.4,0,73948,171.3
tools,gepa,eog,csm,1,1,1,task_20260102_155148_014_accab84d_910b176a,0.5,0,61311,151.5
tools,gepa,eog,csm,1,1,1,task_20260102_162857_012_391f1eff_39478d55,0.5,0,112347,307.0
tools,gepa,eog,csm,1,1,1,task_20260106_134616_649_e6427839_7dba5a00,0.5,0,93061,249.6
tools,gepa,eog,csm,1,1,1,task_20260106_155841_121_e6427839_fa425cbe,0.5,0,128361,263.0
tools,gepa,eog,csm,1,1,1,task_20260106_185201_238_00364ece_8ab4fd80,0.666667,0,84990,189.7
tools,gepa,eog,csm,1,1,1,task_20260107_162554_472_accab84d_41d2e871,0.0,0,125710,335.0
tools,gepa,eog,csm,1,1,2,task_20251127_070938_325_b393a327_a40b1f4e,0.0,0,96558,302.4
tools,gepa,eog,csm,1,1,2,task_20251204_231522_245_e6427839_5d09c3c2,1.0,1,81638,266.0
tools,gepa,eog,csm,1,1,2,task_20251205_194841_224_391f1eff_136bedae,0.0,0,9152,29.3
tools,gepa,eog,csm,1,1,2,task_20251208_035402_755_ad5a67e3_8ca9a646,0.0,0,112333,242.6
tools,gepa,eog,csm,1,1,2,task_20251210_145940_356_accab84d_c16e9916,0.2,0,146373,324.3
tools,gepa,eog,csm,1,1,2,task_20251210_161511_924_2aa6b0ad_1446c2b4,1.0,1,92097,161.2
tools,gepa,eog,csm,1,1,2,task_20251211_192109_853_99ba2325_b21298a0,0.6,0,71774,195.5
tools,gepa,eog,csm,1,1,2,task_20260102_155148_014_accab84d_910b176a,0.5,0,69486,145.3
tools,gepa,eog,csm,1,1,2,task_20260102_162857_012_391f1eff_39478d55,1.0,1,109614,280.9
tools,gepa,eog,csm,1,1,2,task_20260106_134616_649_e6427839_7dba5a00,0.5,0,86014,235.2
tools,gepa,eog,csm,1,1,2,task_20260106_155841_121_e6427839_fa425cbe,0.5,0,82933,148.2
tools,gepa,eog,csm,1,1,2,task_20260106_185201_238_00364ece_8ab4fd80,0.666667,0,150959,261.5
tools,gepa,eog,csm,1,1,2,task_20260107_162554_472_accab84d_41d2e871,0.0,0,110997,214.4
tools,gepa,eog,csm,1,1,3,task_20251127_070938_325_b393a327_a40b1f4e,0.0,0,82469,264.1
tools,gepa,eog,csm,1,1,3,task_20251204_231522_245_e6427839_5d09c3c2,1.0,1,62701,179.2
tools,gepa,eog,csm,1,1,3,task_20251205_194841_224_391f1eff_136bedae,0.0,0,27393,76.6
tools,gepa,eog,csm,1,1,3,task_20251208_035402_755_ad5a67e3_8ca9a646,0.0,0,111474,297.3
tools,gepa,eog,csm,1,1,3,task_20251210_145940_356_accab84d_c16e9916,0.4,0,175942,406.6
tools,gepa,eog,csm,1,1,3,task_20251210_161511_924_2aa6b0ad_1446c2b4,1.0,1,101991,202.1
tools,gepa,eog,csm,1,1,3,task_20251211_192109_853_99ba2325_b21298a0,0.6,0,54026,139.1
tools,gepa,eog,csm,1,1,3,task_20260102_155148_014_accab84d_910b176a,0.5,0,61259,147.9
tools,gepa,eog,csm,1,1,3,task_20260102_162857_012_391f1eff_39478d55,0.5,0,86577,218.1
tools,gepa,eog,csm,1,1,3,task_20260106_134616_649_e6427839_7dba5a00,0.5,0,87047,201.2
tools,gepa,eog,csm,1,1,3,task_20260106_155841_121_e6427839_fa425cbe,1.0,1,84372,171.2
tools,gepa,eog,csm,1,1,3,task_20260106_185201_238_00364ece_8ab4fd80,0.666667,0,117270,290.4
tools,gepa,eog,csm,1,1,3,task_20260107_162554_472_accab84d_41d2e871,0.0,0,10932,42.2
tools,gepa,eog,csm,1,2,1,task_20251128_072831_616_6cd2e092_426f7c81,1.0,1,409978,1075.0
tools,gepa,eog,csm,1,2,1,task_20251203_194626_202_391f1eff_1336fae8,0.0,0,111422,313.2
tools,gepa,eog,csm,1,2,1,task_20251206_091748_833_a8eea1c0_7775ff15,1.0,1,147968,380.3
tools,gepa,eog,csm,1,2,1,task_20251206_113950_467_6cd2e092_1a268d87,0.5,0,108324,429.3
tools,gepa,eog,csm,1,2,1,task_20251206_114027_879_5c0cd3a2_904991cc,0.5,0,73169,163.9
tools,gepa,eog,csm,1,2,1,task_20251206_130444_802_6cd2e092_8979087f,0.75,0,376801,1100.8
tools,gepa,eog,csm,1,2,1,task_20251212_222304_435_66392a82_815cd745,0.6,0,172069,385.0
tools,gepa,eog,csm,1,2,1,task_20251231_152332_133_ad5a67e3_2a4e226c,0.5,0,85720,276.1
tools,gepa,eog,csm,1,2,1,task_20251231_164213_376_00364ece_724e98d5,1.0,1,185095,571.5
tools,gepa,eog,csm,1,2,1,task_20260101_111750_695_30600918_80637585,0.0,0,92733,516.4
tools,gepa,eog,csm,1,2,1,task_20260105_191634_257_2aa6b0ad_ea0bbd82,1.0,1,143298,320.1
tools,gepa,eog,csm,1,2,1,task_20260105_221816_258_00364ece_50f56980,1.0,1,162354,423.7
tools,gepa,eog,csm,1,2,1,task_20260106_090444_873_99ba2325_980a3405,0.5,0,102245,367.6
tools,gepa,eog,csm,1,2,1,task_20260106_161859_265_00364ece_0e836ce8,0.25,0,236692,572.4
tools,gepa,eog,csm,1,2,2,task_20251128_072831_616_6cd2e092_426f7c81,0.75,0,377710,857.0
tools,gepa,eog,csm,1,2,2,task_20251203_194626_202_391f1eff_1336fae8,0.0,0,68486,240.6
tools,gepa,eog,csm,1,2,2,task_20251206_091748_833_a8eea1c0_7775ff15,1.0,1,138679,456.5
tools,gepa,eog,csm,1,2,2,task_20251206_113950_467_6cd2e092_1a268d87,0.5,0,128374,406.4
tools,gepa,eog,csm,1,2,2,task_20251206_114027_879_5c0cd3a2_904991cc,0.5,0,87799,193.9
tools,gepa,eog,csm,1,2,2,task_20251206_130444_802_6cd2e092_8979087f,0.75,0,639356,1001.5
tools,gepa,eog,csm,1,2,2,task_20251212_222304_435_66392a82_815cd745,0.8,0,207119,404.2
tools,gepa,eog,csm,1,2,2,task_20251231_152332_133_ad5a67e3_2a4e226c,0.5,0,96890,279.8
tools,gepa,eog,csm,1,2,2,task_20251231_164213_376_00364ece_724e98d5,0.8,0,186667,573.2
tools,gepa,eog,csm,1,2,2,task_20260101_111750_695_30600918_80637585,0.25,0,181288,783.1
tools,gepa,eog,csm,1,2,2,task_20260105_191634_257_2aa6b0ad_ea0bbd82,1.0,1,161784,304.7
tools,gepa,eog,csm,1,2,2,task_20260105_221816_258_00364ece_50f56980,1.0,1,131355,354.5
tools,gepa,eog,csm,1,2,2,task_20260106_090444_873_99ba2325_980a3405,1.0,1,107162,356.1
tools,gepa,eog,csm,1,2,2,task_20260106_161859_265_00364ece_0e836ce8,0.5,0,180130,565.4
tools,gepa,eog,csm,1,2,3,task_20251128_072831_616_6cd2e092_426f7c81,0.75,0,260982,770.8
tools,gepa,eog,csm,1,2,3,task_20251203_194626_202_391f1eff_1336fae8,0.0,0,147008,473.2
tools,gepa,eog,csm,1,2,3,task_20251206_091748_833_a8eea1c0_7775ff15,1.0,1,93588,341.7
tools,gepa,eog,csm,1,2,3,task_20251206_113950_467_6cd2e092_1a268d87,0.5,0,72047,281.2
tools,gepa,eog,csm,1,2,3,task_20251206_114027_879_5c0cd3a2_904991cc,0.5,0,53589,141.1
tools,gepa,eog,csm,1,2,3,task_20251206_130444_802_6cd2e092_8979087f,1.0,1,314968,880.5
tools,gepa,eog,csm,1,2,3,task_20251212_222304_435_66392a82_815cd745,1.0,1,150150,390.9
tools,gepa,eog,csm,1,2,3,task_20251231_152332_133_ad5a67e3_2a4e226c,0.5,0,87580,240.1
tools,gepa,eog,csm,1,2,3,task_20251231_164213_376_00364ece_724e98d5,1.0,1,142117,462.9
tools,gepa,eog,csm,1,2,3,task_20260101_111750_695_30600918_80637585,0.0,0,134090,729.2
tools,gepa,eog,csm,1,2,3,task_20260105_191634_257_2aa6b0ad_ea0bbd82,1.0,1,146191,295.9
tools,gepa,eog,csm,1,2,3,task_20260105_221816_258_00364ece_50f56980,1.0,1,158685,489.7
tools,gepa,eog,csm,1,2,3,task_20260106_090444_873_99ba2325_980a3405,1.0,1,111298,442.9
tools,gepa,eog,csm,1,2,3,task_20260106_161859_265_00364ece_0e836ce8,0.25,0,212253,671.8
tools,gepa,eog,csm,2,1,1,task_20251127_070938_325_b393a327_a40b1f4e,0.0,0,105137,250.3
tools,gepa,eog,csm,2,1,1,task_20251204_231522_245_e6427839_5d09c3c2,1.0,1,118204,176.5
tools,gepa,eog,csm,2,1,1,task_20251205_194841_224_391f1eff_136bedae,0.0,0,11499,28.5
tools,gepa,eog,csm,2,1,1,task_20251208_035402_755_ad5a67e3_8ca9a646,0.0,0,292993,480.9
tools,gepa,eog,csm,2,1,1,task_20251210_145940_356_accab84d_c16e9916,0.0,0,150612,276.6
tools,gepa,eog,csm,2,1,1,task_20251210_161511_924_2aa6b0ad_1446c2b4,0.666667,0,103753,127.4
tools,gepa,eog,csm,2,1,1,task_20251211_192109_853_99ba2325_b21298a0,0.8,0,87711,144.5
tools,gepa,eog,csm,2,1,1,task_20260102_155148_014_accab84d_910b176a,0.5,0,74403,122.1
tools,gepa,eog,csm,2,1,1,task_20260102_162857_012_391f1eff_39478d55,0.5,0,121188,372.9
tools,gepa,eog,csm,2,1,1,task_20260106_134616_649_e6427839_7dba5a00,0.5,0,130267,328.8
tools,gepa,eog,csm,2,1,1,task_20260106_155841_121_e6427839_fa425cbe,0.0,0,179287,322.7
tools,gepa,eog,csm,2,1,1,task_20260106_185201_238_00364ece_8ab4fd80,0.666667,0,136265,391.6
tools,gepa,eog,csm,2,1,1,task_20260107_162554_472_accab84d_41d2e871,0.0,0,95479,198.5
tools,gepa,eog,csm,2,1,2,task_20251127_070938_325_b393a327_a40b1f4e,0.0,0,124981,284.4
tools,gepa,eog,csm,2,1,2,task_20251204_231522_245_e6427839_5d09c3c2,1.0,1,131360,201.9
tools,gepa,eog,csm,2,1,2,task_20251205_194841_224_391f1eff_136bedae,0.0,0,22658,43.9
tools,gepa,eog,csm,2,1,2,task_20251208_035402_755_ad5a67e3_8ca9a646,0.0,0,153445,250.6
tools,gepa,eog,csm,2,1,2,task_20251210_145940_356_accab84d_c16e9916,0.0,0,191877,371.2
tools,gepa,eog,csm,2,1,2,task_20251210_161511_924_2aa6b0ad_1446c2b4,0.666667,0,149064,129.6
tools,gepa,eog,csm,2,1,2,task_20251211_192109_853_99ba2325_b21298a0,1.0,1,124300,160.0
tools,gepa,eog,csm,2,1,2,task_20260102_155148_014_accab84d_910b176a,0.5,0,115956,275.0
tools,gepa,eog,csm,2,1,2,task_20260102_162857_012_391f1eff_39478d55,0.0,0,129702,304.6
tools,gepa,eog,csm,2,1,2,task_20260106_134616_649_e6427839_7dba5a00,0.5,0,169904,369.3
tools,gepa,eog,csm,2,1,2,task_20260106_155841_121_e6427839_fa425cbe,0.5,0,142000,263.1
tools,gepa,eog,csm,2,1,2,task_20260106_185201_238_00364ece_8ab4fd80,0.333333,0,188277,422.5
tools,gepa,eog,csm,2,1,2,task_20260107_162554_472_accab84d_41d2e871,0.0,0,66074,155.4
tools,gepa,eog,csm,2,1,3,task_20251127_070938_325_b393a327_a40b1f4e,0.0,0,114763,266.9
tools,gepa,eog,csm,2,1,3,task_20251204_231522_245_e6427839_5d09c3c2,1.0,1,122593,169.8
tools,gepa,eog,csm,2,1,3,task_20251205_194841_224_391f1eff_136bedae,0.0,0,21811,32.9
tools,gepa,eog,csm,2,1,3,task_20251208_035402_755_ad5a67e3_8ca9a646,0.0,0,203378,378.8
tools,gepa,eog,csm,2,1,3,task_20251210_145940_356_accab84d_c16e9916,0.2,0,179044,350.6
tools,gepa,eog,csm,2,1,3,task_20251210_161511_924_2aa6b0ad_1446c2b4,1.0,1,116540,113.9
tools,gepa,eog,csm,2,1,3,task_20251211_192109_853_99ba2325_b21298a0,0.8,0,114677,193.7
tools,gepa,eog,csm,2,1,3,task_20260102_155148_014_accab84d_910b176a,0.5,0,64287,135.5
tools,gepa,eog,csm,2,1,3,task_20260102_162857_012_391f1eff_39478d55,0.0,0,120720,320.6
tools,gepa,eog,csm,2,1,3,task_20260106_134616_649_e6427839_7dba5a00,0.5,0,116080,252.0
tools,gepa,eog,csm,2,1,3,task_20260106_155841_121_e6427839_fa425cbe,0.0,0,126978,247.8
tools,gepa,eog,csm,2,1,3,task_20260106_185201_238_00364ece_8ab4fd80,0.333333,0,122894,267.8
tools,gepa,eog,csm,2,1,3,task_20260107_162554_472_accab84d_41d2e871,0.0,0,121433,219.7
tools,gepa,eog,csm,2,2,1,task_20251128_072831_616_6cd2e092_426f7c81,0.75,0,370875,622.7
tools,gepa,eog,csm,2,2,1,task_20251203_194626_202_391f1eff_1336fae8,0.666667,0,135689,261.5
tools,gepa,eog,csm,2,2,1,task_20251206_091748_833_a8eea1c0_7775ff15,1.0,1,152835,289.7
tools,gepa,eog,csm,2,2,1,task_20251206_113950_467_6cd2e092_1a268d87,0.5,0,117347,189.9
tools,gepa,eog,csm,2,2,1,task_20251206_114027_879_5c0cd3a2_904991cc,0.5,0,104706,121.0
tools,gepa,eog,csm,2,2,1,task_20251206_130444_802_6cd2e092_8979087f,0.75,0,471509,569.3
tools,gepa,eog,csm,2,2,1,task_20251212_222304_435_66392a82_815cd745,1.0,1,188282,202.3
tools,gepa,eog,csm,2,2,1,task_20251231_152332_133_ad5a67e3_2a4e226c,0.5,0,95715,157.0
tools,gepa,eog,csm,2,2,1,task_20251231_164213_376_00364ece_724e98d5,1.0,1,151048,306.1
tools,gepa,eog,csm,2,2,1,task_20260101_111750_695_30600918_80637585,0.25,0,164445,337.5
tools,gepa,eog,csm,2,2,1,task_20260105_191634_257_2aa6b0ad_ea0bbd82,1.0,1,137460,141.9
tools,gepa,eog,csm,2,2,1,task_20260105_221816_258_00364ece_50f56980,1.0,1,168304,268.8
tools,gepa,eog,csm,2,2,1,task_20260106_090444_873_99ba2325_980a3405,1.0,1,109264,237.3
tools,gepa,eog,csm,2,2,1,task_20260106_161859_265_00364ece_0e836ce8,0.25,0,190043,413.9
tools,gepa,eog,csm,2,2,2,task_20251128_072831_616_6cd2e092_426f7c81,0.75,0,199720,436.4
tools,gepa,eog,csm,2,2,2,task_20251203_194626_202_391f1eff_1336fae8,0.666667,0,142910,239.1
tools,gepa,eog,csm,2,2,2,task_20251206_091748_833_a8eea1c0_7775ff15,1.0,1,137735,224.5
tools,gepa,eog,csm,2,2,2,task_20251206_113950_467_6cd2e092_1a268d87,0.5,0,116476,136.6
tools,gepa,eog,csm,2,2,2,task_20251206_114027_879_5c0cd3a2_904991cc,0.5,0,94973,174.9
tools,gepa,eog,csm,2,2,2,task_20251206_130444_802_6cd2e092_8979087f,0.75,0,293814,377.7
tools,gepa,eog,csm,2,2,2,task_20251212_222304_435_66392a82_815cd745,0.8,0,268022,381.4
tools,gepa,eog,csm,2,2,2,task_20251231_152332_133_ad5a67e3_2a4e226c,0.5,0,85877,151.3
tools,gepa,eog,csm,2,2,2,task_20251231_164213_376_00364ece_724e98d5,1.0,1,163547,296.6
tools,gepa,eog,csm,2,2,2,task_20260101_111750_695_30600918_80637585,0.25,0,156595,456.6
tools,gepa,eog,csm,2,2,2,task_20260105_191634_257_2aa6b0ad_ea0bbd82,1.0,1,148888,179.8
tools,gepa,eog,csm,2,2,2,task_20260105_221816_258_00364ece_50f56980,0.75,0,2723757,468.7
tools,gepa,eog,csm,2,2,2,task_20260106_090444_873_99ba2325_980a3405,1.0,1,107783,253.2
tools,gepa,eog,csm,2,2,2,task_20260106_161859_265_00364ece_0e836ce8,0.25,0,141284,256.5
tools,gepa,eog,csm,2,2,3,task_20251128_072831_616_6cd2e092_426f7c81,0.75,0,303692,500.0
tools,gepa,eog,csm,2,2,3,task_20251203_194626_202_391f1eff_1336fae8,0.0,0,111082,218.7
tools,gepa,eog,csm,2,2,3,task_20251206_091748_833_a8eea1c0_7775ff15,1.0,1,88627,193.9
tools,gepa,eog,csm,2,2,3,task_20251206_113950_467_6cd2e092_1a268d87,0.5,0,103289,180.1
tools,gepa,eog,csm,2,2,3,task_20251206_114027_879_5c0cd3a2_904991cc,0.5,0,95125,198.8
tools,gepa,eog,csm,2,2,3,task_20251206_130444_802_6cd2e092_8979087f,1.0,1,292498,737.5
tools,gepa,eog,csm,2,2,3,task_20251212_222304_435_66392a82_815cd745,1.0,1,222096,300.6
tools,gepa,eog,csm,2,2,3,task_20251231_152332_133_ad5a67e3_2a4e226c,0.5,0,86107,182.5
tools,gepa,eog,csm,2,2,3,task_20251231_164213_376_00364ece_724e98d5,1.0,1,127579,280.5
tools,gepa,eog,csm,2,2,3,task_20260101_111750_695_30600918_80637585,0.25,0,177076,471.2
tools,gepa,eog,csm,2,2,3,task_20260105_191634_257_2aa6b0ad_ea0bbd82,1.0,1,174886,247.8
tools,gepa,eog,csm,2,2,3,task_20260105_221816_258_00364ece_50f56980,1.0,1,116436,219.1
tools,gepa,eog,csm,2,2,3,task_20260106_090444_873_99ba2325_980a3405,1.0,1,164600,308.6
tools,gepa,eog,csm,2,2,3,task_20260106_161859_265_00364ece_0e836ce8,0.25,0,174091,342.1
tools,gepa,eog,csm,2,3,1,task_20251203_051113_560_99ba2325_1ff9b6e5,0.666667,0,116134,445.7
tools,gepa,eog,csm,2,3,1,task_20251205_060649_946_66392a82_354af85a,0.0,0,133081,401.6
tools,gepa,eog,csm,2,3,1,task_20251205_072016_336_46ca2862_e9006fbb,1.0,1,241001,592.1
tools,gepa,eog,csm,2,3,1,task_20251205_075543_102_46ca2862_7ba653d0,0.6,0,204950,716.6
tools,gepa,eog,csm,2,3,1,task_20251210_183114_382_99ba2325_071a72ab,0.5,0,115961,511.1
tools,gepa,eog,csm,2,3,1,task_20251211_021838_048_accab84d_a511ee6e,1.0,1,252584,625.9
tools,gepa,eog,csm,2,3,1,task_20260101_191529_659_a8eea1c0_27d3bf1b,0.833333,0,150849,655.7
tools,gepa,eog,csm,2,3,1,task_20260101_233731_695_00364ece_187f2808,0.6,0,311515,1296.2
tools,gepa,eog,csm,2,3,1,task_20260102_031908_712_accab84d_886a7365,0.888889,0,307142,807.9
tools,gepa,eog,csm,2,3,1,task_20260102_100510_709_66392a82_3d301c18,0.8,0,100729,205.3
tools,gepa,eog,csm,2,3,1,task_20260102_165223_158_99ba2325_67a4a1e9,0.5,0,105710,548.5
tools,gepa,eog,csm,2,3,1,task_20260102_172945_725_ad5a67e3_5480e26f,0.6,0,156535,623.6
tools,gepa,eog,csm,2,3,1,task_20260102_210829_972_2aa6b0ad_e3d70e04,1.0,1,102872,352.2
tools,gepa,eog,csm,2,3,1,task_20260106_145907_700_a8eea1c0_f5bae698,0.857143,0,382092,1141.3
tools,gepa,eog,csm,2,3,1,task_20260106_151754_319_d4a463c3_41f0af13,0.0,0,137266,323.7
tools,gepa,eog,csm,2,3,1,task_20260106_161324_272_c4ad7a70_4b3980fc,1.0,1,135115,561.5
tools,gepa,eog,csm,2,3,1,task_20260108_160928_699_391f1eff_905701cb,0.0,0,124679,393.8
tools,gepa,eog,csm,2,3,1,task_20260121_162252_344_1afb323a_f878fac7,1.0,1,116407,427.4
tools,gepa,eog,csm,2,3,1,task_20260121_163208_054_1afb323a_7f40ee66,0.0,0,102849,417.4
tools,gepa,eog,csm,2,3,1,task_20260121_183027_058_1afb323a_c53cb400,0.8,0,201114,495.0
tools,gepa,eog,csm,2,3,2,task_20251203_051113_560_99ba2325_1ff9b6e5,1.0,1,101725,417.0
tools,gepa,eog,csm,2,3,2,task_20251205_060649_946_66392a82_354af85a,0.833333,0,129765,291.8
tools,gepa,eog,csm,2,3,2,task_20251205_072016_336_46ca2862_e9006fbb,1.0,1,169866,527.1
tools,gepa,eog,csm,2,3,2,task_20251205_075543_102_46ca2862_7ba653d0,0.8,0,266202,714.9
tools,gepa,eog,csm,2,3,2,task_20251210_183114_382_99ba2325_071a72ab,0.5,0,105454,466.0
tools,gepa,eog,csm,2,3,2,task_20251211_021838_048_accab84d_a511ee6e,0.666667,0,229301,703.2
tools,gepa,eog,csm,2,3,2,task_20260101_191529_659_a8eea1c0_27d3bf1b,0.666667,0,138989,603.7
tools,gepa,eog,csm,2,3,2,task_20260101_233731_695_00364ece_187f2808,0.8,0,211914,708.0
tools,gepa,eog,csm,2,3,2,task_20260102_031908_712_accab84d_886a7365,0.888889,0,386654,1228.4
tools,gepa,eog,csm,2,3,2,task_20260102_100510_709_66392a82_3d301c18,1.0,1,78457,107.9
tools,gepa,eog,csm,2,3,2,task_20260102_165223_158_99ba2325_67a4a1e9,0.5,0,71788,336.8
tools,gepa,eog,csm,2,3,2,task_20260102_172945_725_ad5a67e3_5480e26f,0.6,0,249113,845.4
tools,gepa,eog,csm,2,3,2,task_20260102_210829_972_2aa6b0ad_e3d70e04,1.0,1,112407,431.6
tools,gepa,eog,csm,2,3,2,task_20260106_145907_700_a8eea1c0_f5bae698,0.857143,0,308879,1083.3
tools,gepa,eog,csm,2,3,2,task_20260106_151754_319_d4a463c3_41f0af13,0.0,0,135232,270.6
tools,gepa,eog,csm,2,3,2,task_20260106_161324_272_c4ad7a70_4b3980fc,1.0,1,170562,633.0
tools,gepa,eog,csm,2,3,2,task_20260108_160928_699_391f1eff_905701cb,0.0,0,106904,282.8
tools,gepa,eog,csm,2,3,2,task_20260121_162252_344_1afb323a_f878fac7,1.0,1,86077,329.6
tools,gepa,eog,csm,2,3,2,task_20260121_163208_054_1afb323a_7f40ee66,0.0,0,115674,490.4
tools,gepa,eog,csm,2,3,2,task_20260121_183027_058_1afb323a_c53cb400,0.8,0,234690,583.1
tools,gepa,eog,csm,2,3,3,task_20251203_051113_560_99ba2325_1ff9b6e5,0.333333,0,131865,500.5
tools,gepa,eog,csm,2,3,3,task_20251205_060649_946_66392a82_354af85a,0.0,0,0,0
tools,gepa,eog,csm,2,3,3,task_20251205_072016_336_46ca2862_e9006fbb,1.0,1,258257,502.9
tools,gepa,eog,csm,2,3,3,task_20251205_075543_102_46ca2862_7ba653d0,0.0,0,0,0
tools,gepa,eog,csm,2,3,3,task_20251210_183114_382_99ba2325_071a72ab,0.0,0,0,0
tools,gepa,eog,csm,2,3,3,task_20251211_021838_048_accab84d_a511ee6e,0.666667,0,167746,427.5
tools,gepa,eog,csm,2,3,3,task_20260101_191529_659_a8eea1c0_27d3bf1b,0.0,0,0,0
tools,gepa,eog,csm,2,3,3,task_20260101_233731_695_00364ece_187f2808,0.0,0,0,0
tools,gepa,eog,csm,2,3,3,task_20260102_031908_712_accab84d_886a7365,0.888889,0,320222,816.9
tools,gepa,eog,csm,2,3,3,task_20260102_100510_709_66392a82_3d301c18,0.0,0,0,0
tools,gepa,eog,csm,2,3,3,task_20260102_165223_158_99ba2325_67a4a1e9,0.0,0,14261,106.9
tools,gepa,eog,csm,2,3,3,task_20260102_172945_725_ad5a67e3_5480e26f,0.6,0,242043,850.2
tools,gepa,eog,csm,2,3,3,task_20260102_210829_972_2aa6b0ad_e3d70e04,0.0,0,0,0
tools,gepa,eog,csm,2,3,3,task_20260106_145907_700_a8eea1c0_f5bae698,0.0,0,0,0
tools,gepa,eog,csm,2,3,3,task_20260106_151754_319_d4a463c3_41f0af13,0.666667,0,367227,687.3
tools,gepa,eog,csm,2,3,3,task_20260106_161324_272_c4ad7a70_4b3980fc,1.0,1,199054,659.5
tools,gepa,eog,csm,2,3,3,task_20260108_160928_699_391f1eff_905701cb,0.0,0,106557,249.8
tools,gepa,eog,csm,2,3,3,task_20260121_162252_344_1afb323a_f878fac7,0.666667,0,168944,482.8
tools,gepa,eog,csm,2,3,3,task_20260121_163208_054_1afb323a_7f40ee66,0.0,0,0,0
tools,gepa,eog,csm,2,3,3,task_20260121_183027_058_1afb323a_c53cb400,0.0,0,0,0
tools,gepa,eog,csm,3,1,1,task_20251127_070938_325_b393a327_a40b1f4e,0.0,0,162242,308.4
tools,gepa,eog,csm,3,1,1,task_20251204_231522_245_e6427839_5d09c3c2,1.0,1,167449,275.9
tools,gepa,eog,csm,3,1,1,task_20251205_194841_224_391f1eff_136bedae,0.0,0,25430,58.9
tools,gepa,eog,csm,3,1,1,task_20251208_035402_755_ad5a67e3_8ca9a646,0.0,0,175472,456.0
tools,gepa,eog,csm,3,1,1,task_20251210_145940_356_accab84d_c16e9916,0.4,0,206592,531.0
tools,gepa,eog,csm,3,1,1,task_20251210_161511_924_2aa6b0ad_1446c2b4,0.666667,0,154398,166.2
tools,gepa,eog,csm,3,1,1,task_20251211_192109_853_99ba2325_b21298a0,0.8,0,159964,208.2
tools,gepa,eog,csm,3,1,1,task_20260102_155148_014_accab84d_910b176a,0.5,0,117495,254.4
tools,gepa,eog,csm,3,1,1,task_20260102_162857_012_391f1eff_39478d55,0.0,0,210915,459.7
tools,gepa,eog,csm,3,1,1,task_20260106_134616_649_e6427839_7dba5a00,1.0,1,131814,343.4
tools,gepa,eog,csm,3,1,1,task_20260106_155841_121_e6427839_fa425cbe,0.5,0,196411,301.4
tools,gepa,eog,csm,3,1,1,task_20260106_185201_238_00364ece_8ab4fd80,0.333333,0,191845,559.5
tools,gepa,eog,csm,3,1,1,task_20260107_162554_472_accab84d_41d2e871,0.0,0,13876,42.4
tools,gepa,eog,csm,3,1,2,task_20251127_070938_325_b393a327_a40b1f4e,0.0,0,145487,295.3
tools,gepa,eog,csm,3,1,2,task_20251204_231522_245_e6427839_5d09c3c2,1.0,1,95706,194.9
tools,gepa,eog,csm,3,1,2,task_20251205_194841_224_391f1eff_136bedae,0.0,0,12907,27.8
tools,gepa,eog,csm,3,1,2,task_20251208_035402_755_ad5a67e3_8ca9a646,0.0,0,190960,361.4
tools,gepa,eog,csm,3,1,2,task_20251210_145940_356_accab84d_c16e9916,0.0,0,218349,538.4
tools,gepa,eog,csm,3,1,2,task_20251210_161511_924_2aa6b0ad_1446c2b4,0.666667,0,156296,165.1
tools,gepa,eog,csm,3,1,2,task_20251211_192109_853_99ba2325_b21298a0,0.8,0,163258,205.4
tools,gepa,eog,csm,3,1,2,task_20260102_155148_014_accab84d_910b176a,0.5,0,85260,183.5
tools,gepa,eog,csm,3,1,2,task_20260102_162857_012_391f1eff_39478d55,0.5,0,109983,289.7
tools,gepa,eog,csm,3,1,2,task_20260106_134616_649_e6427839_7dba5a00,0.5,0,154876,418.8
tools,gepa,eog,csm,3,1,2,task_20260106_155841_121_e6427839_fa425cbe,0.0,0,188650,385.8
tools,gepa,eog,csm,3,1,2,task_20260106_185201_238_00364ece_8ab4fd80,0.333333,0,230006,579.0
tools,gepa,eog,csm,3,1,2,task_20260107_162554_472_accab84d_41d2e871,0.0,0,148366,362.3
tools,gepa,eog,csm,3,1,3,task_20251127_070938_325_b393a327_a40b1f4e,0.0,0,145938,348.3
tools,gepa,eog,csm,3,1,3,task_20251204_231522_245_e6427839_5d09c3c2,1.0,1,119270,185.1
tools,gepa,eog,csm,3,1,3,task_20251205_194841_224_391f1eff_136bedae,0.0,0,13028,34.2
tools,gepa,eog,csm,3,1,3,task_20251208_035402_755_ad5a67e3_8ca9a646,0.0,0,210614,414.0
tools,gepa,eog,csm,3,1,3,task_20251210_145940_356_accab84d_c16e9916,0.4,0,272699,480.1
tools,gepa,eog,csm,3,1,3,task_20251210_161511_924_2aa6b0ad_1446c2b4,0.666667,0,485078,157.1
tools,gepa,eog,csm,3,1,3,task_20251211_192109_853_99ba2325_b21298a0,0.8,0,141871,209.0
tools,gepa,eog,csm,3,1,3,task_20260102_155148_014_accab84d_910b176a,0.5,0,71110,165.3
tools,gepa,eog,csm,3,1,3,task_20260102_162857_012_391f1eff_39478d55,0.0,0,162175,391.3
tools,gepa,eog,csm,3,1,3,task_20260106_134616_649_e6427839_7dba5a00,0.5,0,210652,529.4
tools,gepa,eog,csm,3,1,3,task_20260106_155841_121_e6427839_fa425cbe,0.0,0,183984,314.7
tools,gepa,eog,csm,3,1,3,task_20260106_185201_238_00364ece_8ab4fd80,0.333333,0,169517,468.9
tools,gepa,eog,csm,3,1,3,task_20260107_162554_472_accab84d_41d2e871,0.0,0,138836,304.3
tools,gepa,eog,csm,3,2,1,task_20251128_072831_616_6cd2e092_426f7c81,1.0,1,208918,691.9
tools,gepa,eog,csm,3,2,1,task_20251203_194626_202_391f1eff_1336fae8,0.666667,0,190234,260.3
tools,gepa,eog,csm,3,2,1,task_20251206_091748_833_a8eea1c0_7775ff15,1.0,1,158451,381.6
tools,gepa,eog,csm,3,2,1,task_20251206_113950_467_6cd2e092_1a268d87,0.5,0,116447,209.9
tools,gepa,eog,csm,3,2,1,task_20251206_114027_879_5c0cd3a2_904991cc,0.5,0,125722,193.5
tools,gepa,eog,csm,3,2,1,task_20251206_130444_802_6cd2e092_8979087f,1.0,1,359859,615.9
tools,gepa,eog,csm,3,2,1,task_20251212_222304_435_66392a82_815cd745,1.0,1,158373,264.6
tools,gepa,eog,csm,3,2,1,task_20251231_152332_133_ad5a67e3_2a4e226c,0.5,0,96421,180.4
tools,gepa,eog,csm,3,2,1,task_20251231_164213_376_00364ece_724e98d5,1.0,1,213547,454.8
tools,gepa,eog,csm,3,2,1,task_20260101_111750_695_30600918_80637585,0.25,0,153806,394.4
tools,gepa,eog,csm,3,2,1,task_20260105_191634_257_2aa6b0ad_ea0bbd82,1.0,1,207935,276.9
tools,gepa,eog,csm,3,2,1,task_20260105_221816_258_00364ece_50f56980,1.0,1,184104,365.3
tools,gepa,eog,csm,3,2,1,task_20260106_090444_873_99ba2325_980a3405,0.5,0,150928,340.3
tools,gepa,eog,csm,3,2,1,task_20260106_161859_265_00364ece_0e836ce8,0.25,0,136855,299.9
tools,gepa,eog,csm,3,2,2,task_20251128_072831_616_6cd2e092_426f7c81,1.0,1,241185,567.5
tools,gepa,eog,csm,3,2,2,task_20251203_194626_202_391f1eff_1336fae8,0.666667,0,87104,171.7
tools,gepa,eog,csm,3,2,2,task_20251206_091748_833_a8eea1c0_7775ff15,1.0,1,181488,304.7
tools,gepa,eog,csm,3,2,2,task_20251206_113950_467_6cd2e092_1a268d87,0.5,0,129912,243.2
tools,gepa,eog,csm,3,2,2,task_20251206_114027_879_5c0cd3a2_904991cc,0.5,0,121121,189.4
tools,gepa,eog,csm,3,2,2,task_20251206_130444_802_6cd2e092_8979087f,1.0,1,209942,516.8
tools,gepa,eog,csm,3,2,2,task_20251212_222304_435_66392a82_815cd745,1.0,1,260851,286.8
tools,gepa,eog,csm,3,2,2,task_20251231_152332_133_ad5a67e3_2a4e226c,0.5,0,149921,233.3
tools,gepa,eog,csm,3,2,2,task_20251231_164213_376_00364ece_724e98d5,1.0,1,270794,447.6
tools,gepa,eog,csm,3,2,2,task_20260101_111750_695_30600918_80637585,0.25,0,190503,396.5
tools,gepa,eog,csm,3,2,2,task_20260105_191634_257_2aa6b0ad_ea0bbd82,1.0,1,137848,131.6
tools,gepa,eog,csm,3,2,2,task_20260105_221816_258_00364ece_50f56980,1.0,1,244108,437.5
tools,gepa,eog,csm,3,2,2,task_20260106_090444_873_99ba2325_980a3405,1.0,1,146296,255.4
tools,gepa,eog,csm,3,2,2,task_20260106_161859_265_00364ece_0e836ce8,0.25,0,167582,365.7
tools,gepa,eog,csm,3,2,3,task_20251128_072831_616_6cd2e092_426f7c81,1.0,1,362217,479.2
tools,gepa,eog,csm,3,2,3,task_20251203_194626_202_391f1eff_1336fae8,0.666667,0,103289,253.9
tools,gepa,eog,csm,3,2,3,task_20251206_091748_833_a8eea1c0_7775ff15,1.0,1,128612,259.1
tools,gepa,eog,csm,3,2,3,task_20251206_113950_467_6cd2e092_1a268d87,0.5,0,151043,194.4
tools,gepa,eog,csm,3,2,3,task_20251206_114027_879_5c0cd3a2_904991cc,0.5,0,103985,103.4
tools,gepa,eog,csm,3,2,3,task_20251206_130444_802_6cd2e092_8979087f,0.75,0,250399,493.3
tools,gepa,eog,csm,3,2,3,task_20251212_222304_435_66392a82_815cd745,1.0,1,211706,288.7
tools,gepa,eog,csm,3,2,3,task_20251231_152332_133_ad5a67e3_2a4e226c,0.5,0,98399,224.1
tools,gepa,eog,csm,3,2,3,task_20251231_164213_376_00364ece_724e98d5,1.0,1,188362,420.3
tools,gepa,eog,csm,3,2,3,task_20260101_111750_695_30600918_80637585,0.25,0,136869,320.1
tools,gepa,eog,csm,3,2,3,task_20260105_191634_257_2aa6b0ad_ea0bbd82,1.0,1,167044,177.5
tools,gepa,eog,csm,3,2,3,task_20260105_221816_258_00364ece_50f56980,1.0,1,166926,247.4
tools,gepa,eog,csm,3,2,3,task_20260106_090444_873_99ba2325_980a3405,1.0,1,119745,266.8
tools,gepa,eog,csm,3,2,3,task_20260106_161859_265_00364ece_0e836ce8,0.25,0,305636,538.7
tools,gepa,eog,csm,3,3,1,task_20251203_051113_560_99ba2325_1ff9b6e5,1.0,1,120222,316.2
tools,gepa,eog,csm,3,3,1,task_20251205_060649_946_66392a82_354af85a,1.0,1,132026,207.4
tools,gepa,eog,csm,3,3,1,task_20251205_072016_336_46ca2862_e9006fbb,1.0,1,267154,334.9
tools,gepa,eog,csm,3,3,1,task_20251205_075543_102_46ca2862_7ba653d0,0.8,0,214935,389.4
tools,gepa,eog,csm,3,3,1,task_20251210_183114_382_99ba2325_071a72ab,0.5,0,114658,229.1
tools,gepa,eog,csm,3,3,1,task_20251211_021838_048_accab84d_a511ee6e,1.0,1,127066,212.7
tools,gepa,eog,csm,3,3,1,task_20260101_191529_659_a8eea1c0_27d3bf1b,0.666667,0,102123,204.0
tools,gepa,eog,csm,3,3,1,task_20260101_233731_695_00364ece_187f2808,0.4,0,319505,754.8
tools,gepa,eog,csm,3,3,1,task_20260102_031908_712_accab84d_886a7365,0.888889,0,248916,433.0
tools,gepa,eog,csm,3,3,1,task_20260102_100510_709_66392a82_3d301c18,0.8,0,98625,156.1
tools,gepa,eog,csm,3,3,1,task_20260102_165223_158_99ba2325_67a4a1e9,0.0,0,14348,50.4
tools,gepa,eog,csm,3,3,1,task_20260102_172945_725_ad5a67e3_5480e26f,0.8,0,209798,370.7
tools,gepa,eog,csm,3,3,1,task_20260102_210829_972_2aa6b0ad_e3d70e04,1.0,1,158927,360.4
tools,gepa,eog,csm,3,3,1,task_20260106_145907_700_a8eea1c0_f5bae698,0.857143,0,166457,394.1
tools,gepa,eog,csm,3,3,1,task_20260106_151754_319_d4a463c3_41f0af13,1.0,1,335475,380.4
tools,gepa,eog,csm,3,3,1,task_20260106_161324_272_c4ad7a70_4b3980fc,1.0,1,218330,459.8
tools,gepa,eog,csm,3,3,1,task_20260108_160928_699_391f1eff_905701cb,0.0,0,135848,195.8
tools,gepa,eog,csm,3,3,1,task_20260121_162252_344_1afb323a_f878fac7,1.0,1,98415,224.1
tools,gepa,eog,csm,3,3,1,task_20260121_163208_054_1afb323a_7f40ee66,0.0,0,85273,168.4
tools,gepa,eog,csm,3,3,1,task_20260121_183027_058_1afb323a_c53cb400,0.8,0,171957,256.9
tools,gepa,eog,csm,3,3,2,task_20251203_051113_560_99ba2325_1ff9b6e5,1.0,1,118258,275.4
tools,gepa,eog,csm,3,3,2,task_20251205_060649_946_66392a82_354af85a,1.0,1,148127,176.2
tools,gepa,eog,csm,3,3,2,task_20251205_072016_336_46ca2862_e9006fbb,1.0,1,365992,256.0
tools,gepa,eog,csm,3,3,2,task_20251205_075543_102_46ca2862_7ba653d0,0.8,0,201594,259.9
tools,gepa,eog,csm,3,3,2,task_20251210_183114_382_99ba2325_071a72ab,0.5,0,117933,324.2
tools,gepa,eog,csm,3,3,2,task_20251211_021838_048_accab84d_a511ee6e,1.0,1,211082,295.7
tools,gepa,eog,csm,3,3,2,task_20260101_191529_659_a8eea1c0_27d3bf1b,0.833333,0,88399,150.9
tools,gepa,eog,csm,3,3,2,task_20260101_233731_695_00364ece_187f2808,0.6,0,361161,776.5
tools,gepa,eog,csm,3,3,2,task_20260102_031908_712_accab84d_886a7365,0.888889,0,385573,542.0
tools,gepa,eog,csm,3,3,2,task_20260102_100510_709_66392a82_3d301c18,1.0,1,66193,73.9
tools,gepa,eog,csm,3,3,2,task_20260102_165223_158_99ba2325_67a4a1e9,1.0,1,113648,249.5
tools,gepa,eog,csm,3,3,2,task_20260102_172945_725_ad5a67e3_5480e26f,0.8,0,199205,329.9
tools,gepa,eog,csm,3,3,2,task_20260102_210829_972_2aa6b0ad_e3d70e04,1.0,1,180445,310.0
tools,gepa,eog,csm,3,3,2,task_20260106_145907_700_a8eea1c0_f5bae698,0.857143,0,257676,494.1
tools,gepa,eog,csm,3,3,2,task_20260106_151754_319_d4a463c3_41f0af13,0.0,0,171054,222.6
tools,gepa,eog,csm,3,3,2,task_20260106_161324_272_c4ad7a70_4b3980fc,1.0,1,195642,375.0
tools,gepa,eog,csm,3,3,2,task_20260108_160928_699_391f1eff_905701cb,0.0,0,94936,155.2
tools,gepa,eog,csm,3,3,2,task_20260121_162252_344_1afb323a_f878fac7,1.0,1,101177,223.9
tools,gepa,eog,csm,3,3,2,task_20260121_163208_054_1afb323a_7f40ee66,0.0,0,114097,281.3
tools,gepa,eog,csm,3,3,2,task_20260121_183027_058_1afb323a_c53cb400,0.8,0,183624,223.3
tools,gepa,eog,csm,3,3,3,task_20251203_051113_560_99ba2325_1ff9b6e5,1.0,1,104083,261.4
tools,gepa,eog,csm,3,3,3,task_20251205_060649_946_66392a82_354af85a,0.666667,0,135902,306.5
tools,gepa,eog,csm,3,3,3,task_20251205_072016_336_46ca2862_e9006fbb,1.0,1,222682,348.1
tools,gepa,eog,csm,3,3,3,task_20251205_075543_102_46ca2862_7ba653d0,0.4,0,94689,159.0
tools,gepa,eog,csm,3,3,3,task_20251210_183114_382_99ba2325_071a72ab,0.5,0,116149,262.4
tools,gepa,eog,csm,3,3,3,task_20251211_021838_048_accab84d_a511ee6e,1.0,1,179477,292.1
tools,gepa,eog,csm,3,3,3,task_20260101_191529_659_a8eea1c0_27d3bf1b,0.666667,0,148672,340.9
tools,gepa,eog,csm,3,3,3,task_20260101_233731_695_00364ece_187f2808,0.4,0,150522,467.6
tools,gepa,eog,csm,3,3,3,task_20260102_031908_712_accab84d_886a7365,0.888889,0,223809,419.4
tools,gepa,eog,csm,3,3,3,task_20260102_100510_709_66392a82_3d301c18,0.8,0,267182,252.4
tools,gepa,eog,csm,3,3,3,task_20260102_165223_158_99ba2325_67a4a1e9,0.0,0,14761,72.8
tools,gepa,eog,csm,3,3,3,task_20260102_172945_725_ad5a67e3_5480e26f,0.8,0,212010,268.6
tools,gepa,eog,csm,3,3,3,task_20260102_210829_972_2aa6b0ad_e3d70e04,1.0,1,167980,239.6
tools,gepa,eog,csm,3,3,3,task_20260106_145907_700_a8eea1c0_f5bae698,0.857143,0,276526,647.9
tools,gepa,eog,csm,3,3,3,task_20260106_151754_319_d4a463c3_41f0af13,1.0,1,299013,321.3
tools,gepa,eog,csm,3,3,3,task_20260106_161324_272_c4ad7a70_4b3980fc,1.0,1,183335,408.1
tools,gepa,eog,csm,3,3,3,task_20260108_160928_699_391f1eff_905701cb,0.0,0,147841,209.3
tools,gepa,eog,csm,3,3,3,task_20260121_162252_344_1afb323a_f878fac7,0.666667,0,85578,266.9
tools,gepa,eog,csm,3,3,3,task_20260121_163208_054_1afb323a_7f40ee66,0.0,0,128944,345.7
tools,gepa,eog,csm,3,3,3,task_20260121_183027_058_1afb323a_c53cb400,0.8,0,216123,267.7
tools,gepa,eog,csm,3,4,1,task_20251127_152838_396_99ba2325_8391501f,0.75,0,236310,592.6
tools,gepa,eog,csm,3,4,1,task_20251128_204735_353_66392a82_3f8ef4a1,0.6,0,159194,482.6
tools,gepa,eog,csm,3,4,1,task_20251201_164641_724_109c89c0_1b29acb9,0.5,0,329494,591.5
tools,gepa,eog,csm,3,4,1,task_20251202_052822_939_66392a82_0479926e,1.0,1,233519,218.2
tools,gepa,eog,csm,3,4,1,task_20251202_100743_745_109c89c0_958a07c1,0.0,0,15574,42.9
tools,gepa,eog,csm,3,4,1,task_20251203_064555_149_66392a82_d124b805,1.0,1,149746,208.0
tools,gepa,eog,csm,3,4,1,task_20251204_132620_055_5c0cd3a2_048c6e95,1.0,1,242801,474.3
tools,gepa,eog,csm,3,4,1,task_20251205_095558_939_5c0cd3a2_4af4214c,0.5,0,198018,654.1
tools,gepa,eog,csm,3,4,1,task_20251205_101915_742_d4a463c3_8eac8077,0.0,0,188018,643.3
tools,gepa,eog,csm,3,4,1,task_20251205_153330_906_a8eea1c0_8c7a6205,0.666667,0,162161,356.6
tools,gepa,eog,csm,3,4,1,task_20251207_174704_642_5c0cd3a2_c124578d,0.0,0,15556,47.7
tools,gepa,eog,csm,3,4,1,task_20251209_122452_734_d4a463c3_e5f1961c,1.0,1,175582,381.5
tools,gepa,eog,csm,3,4,1,task_20251212_011224_384_accab84d_4ad9b557,0.6,0,226302,455.9
tools,gepa,eog,csm,3,4,1,task_20251231_123548_425_8cd8e61e_9303271e,0.333333,0,159041,522.6
tools,gepa,eog,csm,3,4,1,task_20251231_162628_797_a8eea1c0_0a53db6c,1.0,1,180624,669.0
tools,gepa,eog,csm,3,4,1,task_20260101_043715_660_a8eea1c0_7304e48e,0.6,0,231526,593.2
tools,gepa,eog,csm,3,4,1,task_20260101_122222_300_ad5a67e3_3757206c,0.6,0,247425,646.3
tools,gepa,eog,csm,3,4,1,task_20260101_162109_100_a8eea1c0_e88250ef,0.888889,0,205131,490.5
tools,gepa,eog,csm,3,4,1,task_20260101_202840_239_a8eea1c0_0f425b23,0.7,0,352226,878.0
tools,gepa,eog,csm,3,4,1,task_20260102_063731_186_d4a463c3_f1c4df9b,1.0,1,243358,413.8
tools,gepa,eog,csm,3,4,1,task_20260102_080409_151_d4a463c3_56c32265,1.0,1,311595,718.6
tools,gepa,eog,csm,3,4,1,task_20260106_161816_678_a8eea1c0_1ef46cba,0.714286,0,321970,620.8
tools,gepa,eog,csm,3,4,1,task_20260107_111503_670_2aa6b0ad_e9611a77,0.75,0,198449,453.7
tools,gepa,eog,csm,3,4,1,task_20260121_145409_648_1afb323a_4e203caa,0.0,0,49743,152.7
tools,gepa,eog,csm,3,4,2,task_20251127_152838_396_99ba2325_8391501f,0.75,0,198615,468.3
tools,gepa,eog,csm,3,4,2,task_20251128_204735_353_66392a82_3f8ef4a1,0.6,0,273653,562.8
tools,gepa,eog,csm,3,4,2,task_20251201_164641_724_109c89c0_1b29acb9,0.5,0,381509,681.8
tools,gepa,eog,csm,3,4,2,task_20251202_052822_939_66392a82_0479926e,1.0,1,219669,243.4
tools,gepa,eog,csm,3,4,2,task_20251202_100743_745_109c89c0_958a07c1,0.0,0,15835,68.4
tools,gepa,eog,csm,3,4,2,task_20251203_064555_149_66392a82_d124b805,1.0,1,161776,196.5
tools,gepa,eog,csm,3,4,2,task_20251204_132620_055_5c0cd3a2_048c6e95,1.0,1,248888,695.4
tools,gepa,eog,csm,3,4,2,task_20251205_095558_939_5c0cd3a2_4af4214c,0.5,0,259770,1059.3
tools,gepa,eog,csm,3,4,2,task_20251205_101915_742_d4a463c3_8eac8077,0.25,0,347265,1435.7
tools,gepa,eog,csm,3,4,2,task_20251205_153330_906_a8eea1c0_8c7a6205,1.0,1,170710,432.4
tools,gepa,eog,csm,3,4,2,task_20251207_174704_642_5c0cd3a2_c124578d,0.0,0,31577,71.5
tools,gepa,eog,csm,3,4,2,task_20251209_122452_734_d4a463c3_e5f1961c,1.0,1,227735,564.0
tools,gepa,eog,csm,3,4,2,task_20251212_011224_384_accab84d_4ad9b557,0.8,0,304243,776.3
tools,gepa,eog,csm,3,4,2,task_20251231_123548_425_8cd8e61e_9303271e,0.0,0,52005,268.9
tools,gepa,eog,csm,3,4,2,task_20251231_162628_797_a8eea1c0_0a53db6c,1.0,1,289081,1147.3
tools,gepa,eog,csm,3,4,2,task_20260101_043715_660_a8eea1c0_7304e48e,0.8,0,874202,738.3
tools,gepa,eog,csm,3,4,2,task_20260101_122222_300_ad5a67e3_3757206c,0.6,0,240977,573.9
tools,gepa,eog,csm,3,4,2,task_20260101_162109_100_a8eea1c0_e88250ef,0.666667,0,173699,419.1
tools,gepa,eog,csm,3,4,2,task_20260101_202840_239_a8eea1c0_0f425b23,0.7,0,345450,867.3
tools,gepa,eog,csm,3,4,2,task_20260102_063731_186_d4a463c3_f1c4df9b,1.0,1,238835,404.4
tools,gepa,eog,csm,3,4,2,task_20260102_080409_151_d4a463c3_56c32265,1.0,1,214119,397.0
tools,gepa,eog,csm,3,4,2,task_20260106_161816_678_a8eea1c0_1ef46cba,0.714286,0,152959,374.0
tools,gepa,eog,csm,3,4,2,task_20260107_111503_670_2aa6b0ad_e9611a77,0.75,0,105085,292.0
tools,gepa,eog,csm,3,4,2,task_20260121_145409_648_1afb323a_4e203caa,0.0,0,81467,249.5
tools,gepa,eog,csm,3,4,3,task_20251127_152838_396_99ba2325_8391501f,0.5,0,137575,460.7
tools,gepa,eog,csm,3,4,3,task_20251128_204735_353_66392a82_3f8ef4a1,0.2,0,181897,499.9
tools,gepa,eog,csm,3,4,3,task_20251201_164641_724_109c89c0_1b29acb9,0.5,0,416578,797.1
tools,gepa,eog,csm,3,4,3,task_20251202_052822_939_66392a82_0479926e,0.8,0,204953,283.7
tools,gepa,eog,csm,3,4,3,task_20251202_100743_745_109c89c0_958a07c1,0.0,0,15711,48.8
tools,gepa,eog,csm,3,4,3,task_20251203_064555_149_66392a82_d124b805,1.0,1,129078,143.4
tools,gepa,eog,csm,3,4,3,task_20251204_132620_055_5c0cd3a2_048c6e95,0.333333,0,270171,841.2
tools,gepa,eog,csm,3,4,3,task_20251205_095558_939_5c0cd3a2_4af4214c,1.0,1,186936,825.9
tools,gepa,eog,csm,3,4,3,task_20251205_101915_742_d4a463c3_8eac8077,0.0,0,350574,1661.3
tools,gepa,eog,csm,3,4,3,task_20251205_153330_906_a8eea1c0_8c7a6205,0.666667,0,141913,385.4
tools,gepa,eog,csm,3,4,3,task_20251207_174704_642_5c0cd3a2_c124578d,0.0,0,16174,48.0
tools,gepa,eog,csm,3,4,3,task_20251209_122452_734_d4a463c3_e5f1961c,1.0,1,160079,398.6
tools,gepa,eog,csm,3,4,3,task_20251212_011224_384_accab84d_4ad9b557,0.8,0,140709,422.2
tools,gepa,eog,csm,3,4,3,task_20251231_123548_425_8cd8e61e_9303271e,0.333333,0,152902,597.0
tools,gepa,eog,csm,3,4,3,task_20251231_162628_797_a8eea1c0_0a53db6c,1.0,1,177855,725.5
tools,gepa,eog,csm,3,4,3,task_20260101_043715_660_a8eea1c0_7304e48e,0.7,0,345860,927.2
tools,gepa,eog,csm,3,4,3,task_20260101_122222_300_ad5a67e3_3757206c,0.4,0,228932,759.9
tools,gepa,eog,csm,3,4,3,task_20260101_162109_100_a8eea1c0_e88250ef,0.666667,0,432555,1246.8
tools,gepa,eog,csm,3,4,3,task_20260101_202840_239_a8eea1c0_0f425b23,0.7,0,379276,1105.3
tools,gepa,eog,csm,3,4,3,task_20260102_063731_186_d4a463c3_f1c4df9b,1.0,1,131861,272.7
tools,gepa,eog,csm,3,4,3,task_20260102_080409_151_d4a463c3_56c32265,1.0,1,147757,312.9
tools,gepa,eog,csm,3,4,3,task_20260106_161816_678_a8eea1c0_1ef46cba,1.0,1,203175,338.2
tools,gepa,eog,csm,3,4,3,task_20260107_111503_670_2aa6b0ad_e9611a77,0.75,0,121091,316.0
tools,gepa,eog,csm,3,4,3,task_20260121_145409_648_1afb323a_4e203caa,0.0,0,65463,203.5
tools,gepa,eog,csm,4,1,1,task_20251127_070938_325_b393a327_a40b1f4e,0.0,0,157690,360.1
tools,gepa,eog,csm,4,1,1,task_20251204_231522_245_e6427839_5d09c3c2,1.0,1,154601,173.4
tools,gepa,eog,csm,4,1,1,task_20251205_194841_224_391f1eff_136bedae,0.0,0,16894,26.4
tools,gepa,eog,csm,4,1,1,task_20251208_035402_755_ad5a67e3_8ca9a646,0.0,0,277401,374.2
tools,gepa,eog,csm,4,1,1,task_20251210_145940_356_accab84d_c16e9916,0.4,0,168985,420.6
tools,gepa,eog,csm,4,1,1,task_20251210_161511_924_2aa6b0ad_1446c2b4,1.0,1,227953,263.1
tools,gepa,eog,csm,4,1,1,task_20251211_192109_853_99ba2325_b21298a0,1.0,1,200743,289.6
tools,gepa,eog,csm,4,1,1,task_20260102_155148_014_accab84d_910b176a,0.5,0,212331,330.3
tools,gepa,eog,csm,4,1,1,task_20260102_162857_012_391f1eff_39478d55,0.5,0,209361,385.8
tools,gepa,eog,csm,4,1,1,task_20260106_134616_649_e6427839_7dba5a00,0.5,0,192566,334.9
tools,gepa,eog,csm,4,1,1,task_20260106_155841_121_e6427839_fa425cbe,1.0,1,239231,318.0
tools,gepa,eog,csm,4,1,1,task_20260106_185201_238_00364ece_8ab4fd80,0.333333,0,237621,456.2
tools,gepa,eog,csm,4,1,1,task_20260107_162554_472_accab84d_41d2e871,0.0,0,138043,194.8
tools,gepa,eog,csm,4,1,2,task_20251127_070938_325_b393a327_a40b1f4e,0.0,0,146649,230.3
tools,gepa,eog,csm,4,1,2,task_20251204_231522_245_e6427839_5d09c3c2,1.0,1,193155,218.3
tools,gepa,eog,csm,4,1,2,task_20251205_194841_224_391f1eff_136bedae,0.0,0,17135,28.5
tools,gepa,eog,csm,4,1,2,task_20251208_035402_755_ad5a67e3_8ca9a646,0.0,0,202904,231.5
tools,gepa,eog,csm,4,1,2,task_20251210_145940_356_accab84d_c16e9916,0.4,0,275533,521.1
tools,gepa,eog,csm,4,1,2,task_20251210_161511_924_2aa6b0ad_1446c2b4,1.0,1,210880,203.8
tools,gepa,eog,csm,4,1,2,task_20251211_192109_853_99ba2325_b21298a0,0.8,0,218157,258.3
tools,gepa,eog,csm,4,1,2,task_20260102_155148_014_accab84d_910b176a,0.5,0,186708,284.2
tools,gepa,eog,csm,4,1,2,task_20260102_162857_012_391f1eff_39478d55,0.5,0,325488,508.3
tools,gepa,eog,csm,4,1,2,task_20260106_134616_649_e6427839_7dba5a00,1.0,1,128683,192.1
tools,gepa,eog,csm,4,1,2,task_20260106_155841_121_e6427839_fa425cbe,0.5,0,207670,262.5
tools,gepa,eog,csm,4,1,2,task_20260106_185201_238_00364ece_8ab4fd80,0.666667,0,318768,389.8
tools,gepa,eog,csm,4,1,2,task_20260107_162554_472_accab84d_41d2e871,0.0,0,201960,274.8
tools,gepa,eog,csm,4,1,3,task_20251127_070938_325_b393a327_a40b1f4e,0.0,0,259009,317.7
tools,gepa,eog,csm,4,1,3,task_20251204_231522_245_e6427839_5d09c3c2,1.0,1,110372,167.3
tools,gepa,eog,csm,4,1,3,task_20251205_194841_224_391f1eff_136bedae,0.0,0,50859,78.8
tools,gepa,eog,csm,4,1,3,task_20251208_035402_755_ad5a67e3_8ca9a646,0.0,0,196902,199.7
tools,gepa,eog,csm,4,1,3,task_20251210_145940_356_accab84d_c16e9916,0.6,0,299375,455.1
tools,gepa,eog,csm,4,1,3,task_20251210_161511_924_2aa6b0ad_1446c2b4,0.666667,0,172200,121.9
tools,gepa,eog,csm,4,1,3,task_20251211_192109_853_99ba2325_b21298a0,0.6,0,137997,114.2
tools,gepa,eog,csm,4,1,3,task_20260102_155148_014_accab84d_910b176a,0.5,0,148477,197.0
tools,gepa,eog,csm,4,1,3,task_20260102_162857_012_391f1eff_39478d55,0.5,0,197471,278.4
tools,gepa,eog,csm,4,1,3,task_20260106_134616_649_e6427839_7dba5a00,0.5,0,152151,226.7
tools,gepa,eog,csm,4,1,3,task_20260106_155841_121_e6427839_fa425cbe,1.0,1,302841,257.1
tools,gepa,eog,csm,4,1,3,task_20260106_185201_238_00364ece_8ab4fd80,0.666667,0,298018,554.0
tools,gepa,eog,csm,4,1,3,task_20260107_162554_472_accab84d_41d2e871,0.0,0,305375,284.3
tools,gepa,eog,csm,4,2,1,task_20251128_072831_616_6cd2e092_426f7c81,0.75,0,293000,470.0
tools,gepa,eog,csm,4,2,1,task_20251203_194626_202_391f1eff_1336fae8,0.666667,0,144706,185.3
tools,gepa,eog,csm,4,2,1,task_20251206_091748_833_a8eea1c0_7775ff15,1.0,1,288589,267.1
tools,gepa,eog,csm,4,2,1,task_20251206_113950_467_6cd2e092_1a268d87,0.5,0,130936,149.4
tools,gepa,eog,csm,4,2,1,task_20251206_114027_879_5c0cd3a2_904991cc,0.5,0,147547,122.8
tools,gepa,eog,csm,4,2,1,task_20251206_130444_802_6cd2e092_8979087f,1.0,1,330210,509.8
tools,gepa,eog,csm,4,2,1,task_20251212_222304_435_66392a82_815cd745,1.0,1,311563,294.5
tools,gepa,eog,csm,4,2,1,task_20251231_152332_133_ad5a67e3_2a4e226c,0.5,0,155548,140.8
tools,gepa,eog,csm,4,2,1,task_20251231_164213_376_00364ece_724e98d5,1.0,1,249665,256.7
tools,gepa,eog,csm,4,2,1,task_20260101_111750_695_30600918_80637585,0.25,0,220544,370.7
tools,gepa,eog,csm,4,2,1,task_20260105_191634_257_2aa6b0ad_ea0bbd82,1.0,1,246607,154.9
tools,gepa,eog,csm,4,2,1,task_20260105_221816_258_00364ece_50f56980,0.75,0,506568,575.9
tools,gepa,eog,csm,4,2,1,task_20260106_090444_873_99ba2325_980a3405,1.0,1,154048,263.4
tools,gepa,eog,csm,4,2,1,task_20260106_161859_265_00364ece_0e836ce8,0.25,0,390380,400.1
tools,gepa,eog,csm,4,2,2,task_20251128_072831_616_6cd2e092_426f7c81,0.75,0,328589,367.4
tools,gepa,eog,csm,4,2,2,task_20251203_194626_202_391f1eff_1336fae8,0.666667,0,245232,283.8
tools,gepa,eog,csm,4,2,2,task_20251206_091748_833_a8eea1c0_7775ff15,1.0,1,127112,150.2
tools,gepa,eog,csm,4,2,2,task_20251206_113950_467_6cd2e092_1a268d87,0.5,0,206984,215.6
tools,gepa,eog,csm,4,2,2,task_20251206_114027_879_5c0cd3a2_904991cc,0.5,0,118721,108.0
tools,gepa,eog,csm,4,2,2,task_20251206_130444_802_6cd2e092_8979087f,0.75,0,631690,409.4
tools,gepa,eog,csm,4,2,2,task_20251212_222304_435_66392a82_815cd745,1.0,1,355326,308.0
tools,gepa,eog,csm,4,2,2,task_20251231_152332_133_ad5a67e3_2a4e226c,0.5,0,120384,101.0
tools,gepa,eog,csm,4,2,2,task_20251231_164213_376_00364ece_724e98d5,0.8,0,367516,398.5
tools,gepa,eog,csm,4,2,2,task_20260101_111750_695_30600918_80637585,0.25,0,143975,285.9
tools,gepa,eog,csm,4,2,2,task_20260105_191634_257_2aa6b0ad_ea0bbd82,1.0,1,232412,176.1
tools,gepa,eog,csm,4,2,2,task_20260105_221816_258_00364ece_50f56980,1.0,1,353370,413.4
tools,gepa,eog,csm,4,2,2,task_20260106_090444_873_99ba2325_980a3405,0.5,0,189511,284.1
tools,gepa,eog,csm,4,2,2,task_20260106_161859_265_00364ece_0e836ce8,0.25,0,307485,407.8
tools,gepa,eog,csm,4,2,3,task_20251128_072831_616_6cd2e092_426f7c81,0.75,0,458594,491.4
tools,gepa,eog,csm,4,2,3,task_20251203_194626_202_391f1eff_1336fae8,0.666667,0,204057,266.8
tools,gepa,eog,csm,4,2,3,task_20251206_091748_833_a8eea1c0_7775ff15,1.0,1,129158,175.5
tools,gepa,eog,csm,4,2,3,task_20251206_113950_467_6cd2e092_1a268d87,0.5,0,218172,241.6
tools,gepa,eog,csm,4,2,3,task_20251206_114027_879_5c0cd3a2_904991cc,0.5,0,146147,106.7
tools,gepa,eog,csm,4,2,3,task_20251206_130444_802_6cd2e092_8979087f,1.0,1,299828,434.2
tools,gepa,eog,csm,4,2,3,task_20251212_222304_435_66392a82_815cd745,0.8,0,334426,323.7
tools,gepa,eog,csm,4,2,3,task_20251231_152332_133_ad5a67e3_2a4e226c,0.5,0,141455,152.0
tools,gepa,eog,csm,4,2,3,task_20251231_164213_376_00364ece_724e98d5,1.0,1,219653,290.1
tools,gepa,eog,csm,4,2,3,task_20260101_111750_695_30600918_80637585,0.25,0,155121,253.9
tools,gepa,eog,csm,4,2,3,task_20260105_191634_257_2aa6b0ad_ea0bbd82,1.0,1,271726,163.7
tools,gepa,eog,csm,4,2,3,task_20260105_221816_258_00364ece_50f56980,1.0,1,172354,208.5
tools,gepa,eog,csm,4,2,3,task_20260106_090444_873_99ba2325_980a3405,0.5,0,209548,300.0
tools,gepa,eog,csm,4,2,3,task_20260106_161859_265_00364ece_0e836ce8,0.25,0,347285,358.1
tools,gepa,eog,csm,4,3,1,task_20251203_051113_560_99ba2325_1ff9b6e5,1.0,1,150913,271.3
tools,gepa,eog,csm,4,3,1,task_20251205_060649_946_66392a82_354af85a,1.0,1,161915,151.7
tools,gepa,eog,csm,4,3,1,task_20251205_072016_336_46ca2862_e9006fbb,1.0,1,230912,285.8
tools,gepa,eog,csm,4,3,1,task_20251205_075543_102_46ca2862_7ba653d0,0.6,0,348091,331.2
tools,gepa,eog,csm,4,3,1,task_20251210_183114_382_99ba2325_071a72ab,0.5,0,134081,236.4
tools,gepa,eog,csm,4,3,1,task_20251211_021838_048_accab84d_a511ee6e,1.0,1,251822,257.4
tools,gepa,eog,csm,4,3,1,task_20260101_191529_659_a8eea1c0_27d3bf1b,0.833333,0,137847,211.4
tools,gepa,eog,csm,4,3,1,task_20260101_233731_695_00364ece_187f2808,0.6,0,229671,342.9
tools,gepa,eog,csm,4,3,1,task_20260102_031908_712_accab84d_886a7365,0.777778,0,360698,433.9
tools,gepa,eog,csm,4,3,1,task_20260102_100510_709_66392a82_3d301c18,0.8,0,270527,194.5
tools,gepa,eog,csm,4,3,1,task_20260102_165223_158_99ba2325_67a4a1e9,0.5,0,185322,292.8
tools,gepa,eog,csm,4,3,1,task_20260102_172945_725_ad5a67e3_5480e26f,0.6,0,296544,334.6
tools,gepa,eog,csm,4,3,1,task_20260102_210829_972_2aa6b0ad_e3d70e04,1.0,1,191821,317.6
tools,gepa,eog,csm,4,3,1,task_20260106_145907_700_a8eea1c0_f5bae698,0.857143,0,311327,342.7
tools,gepa,eog,csm,4,3,1,task_20260106_151754_319_d4a463c3_41f0af13,0.0,0,152272,151.0
tools,gepa,eog,csm,4,3,1,task_20260106_161324_272_c4ad7a70_4b3980fc,1.0,1,191201,292.5
tools,gepa,eog,csm,4,3,1,task_20260108_160928_699_391f1eff_905701cb,0.0,0,213296,242.1
tools,gepa,eog,csm,4,3,1,task_20260121_162252_344_1afb323a_f878fac7,0.666667,0,208480,330.7
tools,gepa,eog,csm,4,3,1,task_20260121_163208_054_1afb323a_7f40ee66,0.0,0,110804,170.1
tools,gepa,eog,csm,4,3,1,task_20260121_183027_058_1afb323a_c53cb400,0.8,0,220300,253.2
tools,gepa,eog,csm,4,3,2,task_20251203_051113_560_99ba2325_1ff9b6e5,1.0,1,145052,226.8
tools,gepa,eog,csm,4,3,2,task_20251205_060649_946_66392a82_354af85a,1.0,1,161388,139.0
tools,gepa,eog,csm,4,3,2,task_20251205_072016_336_46ca2862_e9006fbb,1.0,1,234093,233.2
tools,gepa,eog,csm,4,3,2,task_20251205_075543_102_46ca2862_7ba653d0,0.6,0,198698,188.8
tools,gepa,eog,csm,4,3,2,task_20251210_183114_382_99ba2325_071a72ab,1.0,1,146344,220.8
tools,gepa,eog,csm,4,3,2,task_20251211_021838_048_accab84d_a511ee6e,1.0,1,201887,243.5
tools,gepa,eog,csm,4,3,2,task_20260101_191529_659_a8eea1c0_27d3bf1b,0.666667,0,187702,241.0
tools,gepa,eog,csm,4,3,2,task_20260101_233731_695_00364ece_187f2808,0.8,0,208513,263.8
tools,gepa,eog,csm,4,3,2,task_20260102_031908_712_accab84d_886a7365,0.777778,0,276008,300.8
tools,gepa,eog,csm,4,3,2,task_20260102_100510_709_66392a82_3d301c18,0.8,0,155616,184.1
tools,gepa,eog,csm,4,3,2,task_20260102_165223_158_99ba2325_67a4a1e9,0.5,0,165478,274.3
tools,gepa,eog,csm,4,3,2,task_20260102_172945_725_ad5a67e3_5480e26f,0.8,0,412101,356.2
tools,gepa,eog,csm,4,3,2,task_20260102_210829_972_2aa6b0ad_e3d70e04,1.0,1,148018,171.8
tools,gepa,eog,csm,4,3,2,task_20260106_145907_700_a8eea1c0_f5bae698,0.857143,0,227358,472.1
tools,gepa,eog,csm,4,3,2,task_20260106_151754_319_d4a463c3_41f0af13,0.0,0,18178,41.9
tools,gepa,eog,csm,4,3,2,task_20260106_161324_272_c4ad7a70_4b3980fc,1.0,1,299182,422.3
tools,gepa,eog,csm,4,3,2,task_20260108_160928_699_391f1eff_905701cb,0.0,0,197150,259.6
tools,gepa,eog,csm,4,3,2,task_20260121_162252_344_1afb323a_f878fac7,1.0,1,148793,251.7
tools,gepa,eog,csm,4,3,2,task_20260121_163208_054_1afb323a_7f40ee66,0.0,0,165674,234.1
tools,gepa,eog,csm,4,3,2,task_20260121_183027_058_1afb323a_c53cb400,0.8,0,259601,238.0
tools,gepa,eog,csm,4,3,3,task_20251203_051113_560_99ba2325_1ff9b6e5,1.0,1,151542,256.3
tools,gepa,eog,csm,4,3,3,task_20251205_060649_946_66392a82_354af85a,0.833333,0,161385,142.1
tools,gepa,eog,csm,4,3,3,task_20251205_072016_336_46ca2862_e9006fbb,1.0,1,284632,191.1
tools,gepa,eog,csm,4,3,3,task_20251205_075543_102_46ca2862_7ba653d0,0.6,0,238350,222.0
tools,gepa,eog,csm,4,3,3,task_20251210_183114_382_99ba2325_071a72ab,1.0,1,202716,316.8
tools,gepa,eog,csm,4,3,3,task_20251211_021838_048_accab84d_a511ee6e,1.0,1,309161,337.6
tools,gepa,eog,csm,4,3,3,task_20260101_191529_659_a8eea1c0_27d3bf1b,0.666667,0,209956,288.2
tools,gepa,eog,csm,4,3,3,task_20260101_233731_695_00364ece_187f2808,0.8,0,263333,308.1
tools,gepa,eog,csm,4,3,3,task_20260102_031908_712_accab84d_886a7365,0.888889,0,308730,342.5
tools,gepa,eog,csm,4,3,3,task_20260102_100510_709_66392a82_3d301c18,0.8,0,492601,168.0
tools,gepa,eog,csm,4,3,3,task_20260102_165223_158_99ba2325_67a4a1e9,0.5,0,147300,209.0
tools,gepa,eog,csm,4,3,3,task_20260102_172945_725_ad5a67e3_5480e26f,0.6,0,341085,261.1
tools,gepa,eog,csm,4,3,3,task_20260102_210829_972_2aa6b0ad_e3d70e04,1.0,1,342995,287.1
tools,gepa,eog,csm,4,3,3,task_20260106_145907_700_a8eea1c0_f5bae698,0.857143,0,363066,595.3
tools,gepa,eog,csm,4,3,3,task_20260106_151754_319_d4a463c3_41f0af13,0.0,0,299931,286.1
tools,gepa,eog,csm,4,3,3,task_20260106_161324_272_c4ad7a70_4b3980fc,1.0,1,225196,267.9
tools,gepa,eog,csm,4,3,3,task_20260108_160928_699_391f1eff_905701cb,0.0,0,157714,141.9
tools,gepa,eog,csm,4,3,3,task_20260121_162252_344_1afb323a_f878fac7,1.0,1,165574,250.6
tools,gepa,eog,csm,4,3,3,task_20260121_163208_054_1afb323a_7f40ee66,0.0,0,129492,198.3
tools,gepa,eog,csm,4,3,3,task_20260121_183027_058_1afb323a_c53cb400,0.8,0,236860,179.8
tools,gepa,eog,csm,4,4,1,task_20251127_152838_396_99ba2325_8391501f,0.5,0,207771,343.7
tools,gepa,eog,csm,4,4,1,task_20251128_204735_353_66392a82_3f8ef4a1,0.2,0,111585,180.2
tools,gepa,eog,csm,4,4,1,task_20251201_164641_724_109c89c0_1b29acb9,0.5,0,611676,648.0
tools,gepa,eog,csm,4,4,1,task_20251202_052822_939_66392a82_0479926e,1.0,1,201194,136.2
tools,gepa,eog,csm,4,4,1,task_20251202_100743_745_109c89c0_958a07c1,0.666667,0,210643,420.2
tools,gepa,eog,csm,4,4,1,task_20251203_064555_149_66392a82_d124b805,1.0,1,218423,123.3
tools,gepa,eog,csm,4,4,1,task_20251204_132620_055_5c0cd3a2_048c6e95,0.333333,0,396470,545.7
tools,gepa,eog,csm,4,4,1,task_20251205_095558_939_5c0cd3a2_4af4214c,0.5,0,239208,499.7
tools,gepa,eog,csm,4,4,1,task_20251205_101915_742_d4a463c3_8eac8077,0.25,0,336513,689.8
tools,gepa,eog,csm,4,4,1,task_20251205_153330_906_a8eea1c0_8c7a6205,0.333333,0,115074,210.1
tools,gepa,eog,csm,4,4,1,task_20251207_174704_642_5c0cd3a2_c124578d,1.0,1,306458,300.2
tools,gepa,eog,csm,4,4,1,task_20251209_122452_734_d4a463c3_e5f1961c,0.5,0,151681,238.8
tools,gepa,eog,csm,4,4,1,task_20251212_011224_384_accab84d_4ad9b557,0.8,0,268671,351.9
tools,gepa,eog,csm,4,4,1,task_20251231_123548_425_8cd8e61e_9303271e,0.333333,0,121516,183.0
tools,gepa,eog,csm,4,4,1,task_20251231_162628_797_a8eea1c0_0a53db6c,0.714286,0,217428,468.6
tools,gepa,eog,csm,4,4,1,task_20260101_043715_660_a8eea1c0_7304e48e,0.6,0,536225,590.6
tools,gepa,eog,csm,4,4,1,task_20260101_122222_300_ad5a67e3_3757206c,0.2,0,209804,307.8
tools,gepa,eog,csm,4,4,1,task_20260101_162109_100_a8eea1c0_e88250ef,1.0,1,469338,704.4
tools,gepa,eog,csm,4,4,1,task_20260101_202840_239_a8eea1c0_0f425b23,0.7,0,219046,396.9
tools,gepa,eog,csm,4,4,1,task_20260102_063731_186_d4a463c3_f1c4df9b,1.0,1,191030,231.7
tools,gepa,eog,csm,4,4,1,task_20260102_080409_151_d4a463c3_56c32265,1.0,1,245204,350.9
tools,gepa,eog,csm,4,4,1,task_20260106_161816_678_a8eea1c0_1ef46cba,0.714286,0,409940,447.5
tools,gepa,eog,csm,4,4,1,task_20260107_111503_670_2aa6b0ad_e9611a77,1.0,1,185635,358.1
tools,gepa,eog,csm,4,4,1,task_20260121_145409_648_1afb323a_4e203caa,0.0,0,56111,90.6
tools,gepa,eog,csm,4,4,2,task_20251127_152838_396_99ba2325_8391501f,0.5,0,171284,287.9
tools,gepa,eog,csm,4,4,2,task_20251128_204735_353_66392a82_3f8ef4a1,0.2,0,239741,332.6
tools,gepa,eog,csm,4,4,2,task_20251201_164641_724_109c89c0_1b29acb9,0.5,0,146423,256.9
tools,gepa,eog,csm,4,4,2,task_20251202_052822_939_66392a82_0479926e,1.0,1,278560,150.3
tools,gepa,eog,csm,4,4,2,task_20251202_100743_745_109c89c0_958a07c1,0.0,0,17618,42.0
tools,gepa,eog,csm,4,4,2,task_20251203_064555_149_66392a82_d124b805,1.0,1,187560,178.8
tools,gepa,eog,csm,4,4,2,task_20251204_132620_055_5c0cd3a2_048c6e95,0.333333,0,211685,285.3
tools,gepa,eog,csm,4,4,2,task_20251205_095558_939_5c0cd3a2_4af4214c,0.5,0,238730,453.4
tools,gepa,eog,csm,4,4,2,task_20251205_101915_742_d4a463c3_8eac8077,0.25,0,327452,717.7
tools,gepa,eog,csm,4,4,2,task_20251205_153330_906_a8eea1c0_8c7a6205,0.666667,0,185006,248.9
tools,gepa,eog,csm,4,4,2,task_20251207_174704_642_5c0cd3a2_c124578d,1.0,1,165740,229.3
tools,gepa,eog,csm,4,4,2,task_20251209_122452_734_d4a463c3_e5f1961c,1.0,1,207719,189.6
tools,gepa,eog,csm,4,4,2,task_20251212_011224_384_accab84d_4ad9b557,0.8,0,376706,452.0
tools,gepa,eog,csm,4,4,2,task_20251231_123548_425_8cd8e61e_9303271e,0.0,0,57156,112.0
tools,gepa,eog,csm,4,4,2,task_20251231_162628_797_a8eea1c0_0a53db6c,0.714286,0,220179,385.8
tools,gepa,eog,csm,4,4,2,task_20260101_043715_660_a8eea1c0_7304e48e,0.6,0,415015,395.1
tools,gepa,eog,csm,4,4,2,task_20260101_122222_300_ad5a67e3_3757206c,0.4,0,335522,478.2
tools,gepa,eog,csm,4,4,2,task_20260101_162109_100_a8eea1c0_e88250ef,1.0,1,582887,735.8
tools,gepa,eog,csm,4,4,2,task_20260101_202840_239_a8eea1c0_0f425b23,0.7,0,231683,426.8
tools,gepa,eog,csm,4,4,2,task_20260102_063731_186_d4a463c3_f1c4df9b,1.0,1,315090,379.3
tools,gepa,eog,csm,4,4,2,task_20260102_080409_151_d4a463c3_56c32265,0.75,0,188331,277.2
tools,gepa,eog,csm,4,4,2,task_20260106_161816_678_a8eea1c0_1ef46cba,0.714286,0,257952,309.1
tools,gepa,eog,csm,4,4,2,task_20260107_111503_670_2aa6b0ad_e9611a77,0.75,0,282517,534.4
tools,gepa,eog,csm,4,4,2,task_20260121_145409_648_1afb323a_4e203caa,0.0,0,54104,112.0
tools,gepa,eog,csm,4,4,3,task_20251127_152838_396_99ba2325_8391501f,0.5,0,153209,259.7
tools,gepa,eog,csm,4,4,3,task_20251128_204735_353_66392a82_3f8ef4a1,0.2,0,300792,309.3
tools,gepa,eog,csm,4,4,3,task_20251201_164641_724_109c89c0_1b29acb9,0.5,0,357096,321.5
tools,gepa,eog,csm,4,4,3,task_20251202_052822_939_66392a82_0479926e,0.8,0,183317,153.0
tools,gepa,eog,csm,4,4,3,task_20251202_100743_745_109c89c0_958a07c1,0.0,0,17414,26.2
tools,gepa,eog,csm,4,4,3,task_20251203_064555_149_66392a82_d124b805,1.0,1,201560,164.1
tools,gepa,eog,csm,4,4,3,task_20251204_132620_055_5c0cd3a2_048c6e95,0.333333,0,392131,436.0
tools,gepa,eog,csm,4,4,3,task_20251205_095558_939_5c0cd3a2_4af4214c,0.5,0,485756,812.9
tools,gepa,eog,csm,4,4,3,task_20251205_101915_742_d4a463c3_8eac8077,0.25,0,354899,806.9
tools,gepa,eog,csm,4,4,3,task_20251205_153330_906_a8eea1c0_8c7a6205,0.666667,0,134131,233.8
tools,gepa,eog,csm,4,4,3,task_20251207_174704_642_5c0cd3a2_c124578d,0.0,0,17855,48.5
tools,gepa,eog,csm,4,4,3,task_20251209_122452_734_d4a463c3_e5f1961c,0.5,0,152155,222.5
tools,gepa,eog,csm,4,4,3,task_20251212_011224_384_accab84d_4ad9b557,0.8,0,297802,462.3
tools,gepa,eog,csm,4,4,3,task_20251231_123548_425_8cd8e61e_9303271e,0.0,0,56060,121.4
tools,gepa,eog,csm,4,4,3,task_20251231_162628_797_a8eea1c0_0a53db6c,0.714286,0,180635,344.2
tools,gepa,eog,csm,4,4,3,task_20260101_043715_660_a8eea1c0_7304e48e,0.6,0,557406,713.0
tools,gepa,eog,csm,4,4,3,task_20260101_122222_300_ad5a67e3_3757206c,0.6,0,250369,354.3
tools,gepa,eog,csm,4,4,3,task_20260101_162109_100_a8eea1c0_e88250ef,0.666667,0,202008,309.5
tools,gepa,eog,csm,4,4,3,task_20260101_202840_239_a8eea1c0_0f425b23,0.7,0,334535,610.2
tools,gepa,eog,csm,4,4,3,task_20260102_063731_186_d4a463c3_f1c4df9b,1.0,1,191425,279.4
tools,gepa,eog,csm,4,4,3,task_20260102_080409_151_d4a463c3_56c32265,1.0,1,203941,300.7
tools,gepa,eog,csm,4,4,3,task_20260106_161816_678_a8eea1c0_1ef46cba,0.714286,0,333878,362.3
tools,gepa,eog,csm,4,4,3,task_20260107_111503_670_2aa6b0ad_e9611a77,1.0,1,205381,414.0
tools,gepa,eog,csm,4,4,3,task_20260121_145409_648_1afb323a_4e203caa,0.0,0,55017,101.2
tools,gepa,eog,drive,1,1,1,task_20251126_122314_557_be6c9105_daf0aae1,0.5,0,83469,153.3
tools,gepa,eog,drive,1,1,1,task_20251126_122651_325_be6c9105_1864c322,0.75,0,74735,88.5
tools,gepa,eog,drive,1,1,1,task_20251126_145836_025_be6c9105_3b572b98,0.25,0,92827,155.6
tools,gepa,eog,drive,1,1,1,task_20251128_123025_545_13762b97_ad80b87c,0.666667,0,148842,354.4
tools,gepa,eog,drive,1,1,1,task_20251128_123035_919_64a4ebb9_8b93bf99,1.0,1,163214,163.2
tools,gepa,eog,drive,1,1,1,task_20251128_123301_181_64a4ebb9_4c1d5329,1.0,1,82093,88.1
tools,gepa,eog,drive,1,1,1,task_20251128_123526_889_64a4ebb9_20d5e6ae,0.666667,0,92400,75.2
tools,gepa,eog,drive,1,1,1,task_20251204_085603_739_ae7b45e2_b7a96253,0.5,0,87514,115.9
tools,gepa,eog,drive,1,1,1,task_20251204_092258_460_be6c9105_33990b9e,1.0,1,96222,177.1
tools,gepa,eog,drive,1,1,1,task_20251204_092557_093_ae7b45e2_24132aa0,0.75,0,107238,106.8
tools,gepa,eog,drive,1,1,1,task_20251204_115902_743_13762b97_19892db1,0.333333,0,163295,185.2
tools,gepa,eog,drive,1,1,1,task_20251204_122816_238_13762b97_cd4a8a4f,1.0,1,219615,410.2
tools,gepa,eog,drive,1,1,1,task_20251205_162218_909_4d9df647_8538c2ae,0.0,0,63610,220.6
tools,gepa,eog,drive,1,1,1,task_20251211_105500_082_ae7b45e2_ee28e324,0.333333,0,39906,50.5
tools,gepa,eog,drive,1,1,1,task_20251211_113022_685_23fcbcdb_906c78e7,0.2,0,44568,69.5
tools,gepa,eog,drive,1,1,1,task_20251211_141114_742_4d9df647_e15bd80a,0.0,0,109931,197.1
tools,gepa,eog,drive,1,1,1,task_20260105_170909_782_a9f62433_ecdfc657,1.0,1,129327,128.3
tools,gepa,eog,drive,1,1,1,task_20260106_144651_681_4d9df647_72f9f11e,0.5,0,246372,281.6
tools,gepa,eog,drive,1,1,1,task_20260107_162724_374_13762b97_6a97d001,1.0,1,144841,168.5
tools,gepa,eog,drive,1,1,1,task_20260107_163801_607_64a4ebb9_6f9c4d1b,1.0,1,168812,119.3
tools,gepa,eog,drive,1,1,1,task_20260107_173403_203_64a4ebb9_e8ddb8d7,1.0,1,169393,124.9
tools,gepa,eog,drive,1,1,1,task_20260107_174626_202_64a4ebb9_e3e54b1d,1.0,1,185860,184.8
tools,gepa,eog,drive,1,1,1,task_20260107_180857_873_ae7b45e2_47771a8c,0.333333,0,77240,86.8
tools,gepa,eog,drive,1,1,1,task_20260108_101953_397_be6c9105_0ebb2503,1.0,1,187100,269.6
tools,gepa,eog,drive,1,1,1,task_20260108_105408_681_be6c9105_852c4b49,0.666667,0,283171,232.5
tools,gepa,eog,drive,1,1,1,task_20260108_133740_739_13762b97_41fc6ac0,0.857143,0,214412,377.2
tools,gepa,eog,drive,1,1,1,task_20260108_203842_162_d8f93f2d_1aa3f29b,0.857143,0,220186,289.3
tools,gepa,eog,drive,1,1,1,task_20260109_134319_026_64a4ebb9_98c48f81,0.75,0,143644,132.0
tools,gepa,eog,drive,1,1,1,task_20260109_154737_612_4d9df647_ca8cc4b2,0.0,0,77405,190.1
tools,gepa,eog,drive,1,1,2,task_20251126_122314_557_be6c9105_daf0aae1,0.5,0,129872,177.2
tools,gepa,eog,drive,1,1,2,task_20251126_122651_325_be6c9105_1864c322,0.75,0,91835,141.1
tools,gepa,eog,drive,1,1,2,task_20251126_145836_025_be6c9105_3b572b98,0.25,0,86705,167.5
tools,gepa,eog,drive,1,1,2,task_20251128_123025_545_13762b97_ad80b87c,0.666667,0,118199,291.4
tools,gepa,eog,drive,1,1,2,task_20251128_123035_919_64a4ebb9_8b93bf99,1.0,1,98237,144.7
tools,gepa,eog,drive,1,1,2,task_20251128_123301_181_64a4ebb9_4c1d5329,1.0,1,114421,96.7
tools,gepa,eog,drive,1,1,2,task_20251128_123526_889_64a4ebb9_20d5e6ae,0.666667,0,92412,93.0
tools,gepa,eog,drive,1,1,2,task_20251204_085603_739_ae7b45e2_b7a96253,0.5,0,103752,167.1
tools,gepa,eog,drive,1,1,2,task_20251204_092258_460_be6c9105_33990b9e,1.0,1,110192,170.1
tools,gepa,eog,drive,1,1,2,task_20251204_092557_093_ae7b45e2_24132aa0,0.75,0,107228,150.7
tools,gepa,eog,drive,1,1,2,task_20251204_115902_743_13762b97_19892db1,0.333333,0,167599,304.1
tools,gepa,eog,drive,1,1,2,task_20251204_122816_238_13762b97_cd4a8a4f,1.0,1,188197,279.4
tools,gepa,eog,drive,1,1,2,task_20251205_162218_909_4d9df647_8538c2ae,0.166667,0,136425,331.0
tools,gepa,eog,drive,1,1,2,task_20251211_105500_082_ae7b45e2_ee28e324,0.333333,0,53845,70.0
tools,gepa,eog,drive,1,1,2,task_20251211_113022_685_23fcbcdb_906c78e7,0.2,0,42460,83.1
tools,gepa,eog,drive,1,1,2,task_20251211_141114_742_4d9df647_e15bd80a,0.25,0,205889,331.6
tools,gepa,eog,drive,1,1,2,task_20260105_170909_782_a9f62433_ecdfc657,1.0,1,72872,123.4
tools,gepa,eog,drive,1,1,2,task_20260106_144651_681_4d9df647_72f9f11e,0.5,0,175655,257.8
tools,gepa,eog,drive,1,1,2,task_20260107_162724_374_13762b97_6a97d001,1.0,1,146363,212.8
tools,gepa,eog,drive,1,1,2,task_20260107_163801_607_64a4ebb9_6f9c4d1b,1.0,1,156345,141.8
tools,gepa,eog,drive,1,1,2,task_20260107_173403_203_64a4ebb9_e8ddb8d7,1.0,1,182481,160.7
tools,gepa,eog,drive,1,1,2,task_20260107_174626_202_64a4ebb9_e3e54b1d,1.0,1,203916,207.9
tools,gepa,eog,drive,1,1,2,task_20260107_180857_873_ae7b45e2_47771a8c,0.333333,0,58988,62.9
tools,gepa,eog,drive,1,1,2,task_20260108_101953_397_be6c9105_0ebb2503,1.0,1,167180,157.6
tools,gepa,eog,drive,1,1,2,task_20260108_105408_681_be6c9105_852c4b49,0.833333,0,222555,383.5
tools,gepa,eog,drive,1,1,2,task_20260108_133740_739_13762b97_41fc6ac0,0.714286,0,157643,365.9
tools,gepa,eog,drive,1,1,2,task_20260108_203842_162_d8f93f2d_1aa3f29b,1.0,1,234243,305.5
tools,gepa,eog,drive,1,1,2,task_20260109_134319_026_64a4ebb9_98c48f81,0.75,0,80441,156.9
tools,gepa,eog,drive,1,1,2,task_20260109_154737_612_4d9df647_ca8cc4b2,0.0,0,278228,684.5
tools,gepa,eog,drive,1,1,3,task_20251126_122314_557_be6c9105_daf0aae1,0.5,0,166334,172.5
tools,gepa,eog,drive,1,1,3,task_20251126_122651_325_be6c9105_1864c322,0.75,0,121072,134.6
tools,gepa,eog,drive,1,1,3,task_20251126_145836_025_be6c9105_3b572b98,0.25,0,146442,265.1
tools,gepa,eog,drive,1,1,3,task_20251128_123025_545_13762b97_ad80b87c,0.666667,0,158972,388.7
tools,gepa,eog,drive,1,1,3,task_20251128_123035_919_64a4ebb9_8b93bf99,1.0,1,118351,95.4
tools,gepa,eog,drive,1,1,3,task_20251128_123301_181_64a4ebb9_4c1d5329,1.0,1,81714,84.7
tools,gepa,eog,drive,1,1,3,task_20251128_123526_889_64a4ebb9_20d5e6ae,0.666667,0,92942,82.7
tools,gepa,eog,drive,1,1,3,task_20251204_085603_739_ae7b45e2_b7a96253,0.5,0,85402,130.7
tools,gepa,eog,drive,1,1,3,task_20251204_092258_460_be6c9105_33990b9e,1.0,1,131637,163.5
tools,gepa,eog,drive,1,1,3,task_20251204_092557_093_ae7b45e2_24132aa0,0.5,0,63750,135.8
tools,gepa,eog,drive,1,1,3,task_20251204_115902_743_13762b97_19892db1,0.333333,0,212729,368.8
tools,gepa,eog,drive,1,1,3,task_20251204_122816_238_13762b97_cd4a8a4f,1.0,1,230189,421.6
tools,gepa,eog,drive,1,1,3,task_20251205_162218_909_4d9df647_8538c2ae,0.833333,0,116064,294.1
tools,gepa,eog,drive,1,1,3,task_20251211_105500_082_ae7b45e2_ee28e324,0.333333,0,40861,74.1
tools,gepa,eog,drive,1,1,3,task_20251211_113022_685_23fcbcdb_906c78e7,0.2,0,81547,113.9
tools,gepa,eog,drive,1,1,3,task_20251211_141114_742_4d9df647_e15bd80a,0.0,0,116192,256.5
tools,gepa,eog,drive,1,1,3,task_20260105_170909_782_a9f62433_ecdfc657,1.0,1,86570,108.6
tools,gepa,eog,drive,1,1,3,task_20260106_144651_681_4d9df647_72f9f11e,0.5,0,159374,213.9
tools,gepa,eog,drive,1,1,3,task_20260107_162724_374_13762b97_6a97d001,1.0,1,170376,205.1
tools,gepa,eog,drive,1,1,3,task_20260107_163801_607_64a4ebb9_6f9c4d1b,1.0,1,156908,149.3
tools,gepa,eog,drive,1,1,3,task_20260107_173403_203_64a4ebb9_e8ddb8d7,1.0,1,200811,157.5
tools,gepa,eog,drive,1,1,3,task_20260107_174626_202_64a4ebb9_e3e54b1d,1.0,1,168816,131.8
tools,gepa,eog,drive,1,1,3,task_20260107_180857_873_ae7b45e2_47771a8c,0.333333,0,59095,46.2
tools,gepa,eog,drive,1,1,3,task_20260108_101953_397_be6c9105_0ebb2503,1.0,1,94728,195.9
tools,gepa,eog,drive,1,1,3,task_20260108_105408_681_be6c9105_852c4b49,0.833333,0,296219,363.8
tools,gepa,eog,drive,1,1,3,task_20260108_133740_739_13762b97_41fc6ac0,0.857143,0,168926,266.6
tools,gepa,eog,drive,1,1,3,task_20260108_203842_162_d8f93f2d_1aa3f29b,1.0,1,199718,294.8
tools,gepa,eog,drive,1,1,3,task_20260109_134319_026_64a4ebb9_98c48f81,0.75,0,178546,164.0
tools,gepa,eog,drive,1,1,3,task_20260109_154737_612_4d9df647_ca8cc4b2,0.0,0,193963,486.1
tools,gepa,eog,drive,1,2,1,task_20251127_173847_074_4d9df647_632c493d,0.666667,0,222742,887.9
tools,gepa,eog,drive,1,2,1,task_20251204_045548_265_4d9df647_18dae74a,1.0,1,112036,409.3
tools,gepa,eog,drive,1,2,1,task_20260105_095412_678_a9f62433_bb5f5bb7,1.0,1,206340,713.9
tools,gepa,eog,drive,1,2,1,task_20260105_105429_833_a9f62433_b38b55f2,0.8,0,294940,446.4
tools,gepa,eog,drive,1,2,1,task_20260105_113049_430_a9f62433_6dd18613,1.0,1,141517,675.7
tools,gepa,eog,drive,1,2,1,task_20260106_155537_908_a9f62433_6d26efe3,1.0,1,190675,418.4
tools,gepa,eog,drive,1,2,1,task_20260106_172901_590_a9f62433_f7baa0fa,1.0,1,230345,421.6
tools,gepa,eog,drive,1,2,1,task_20260108_162316_574_13762b97_098a086c,0.714286,0,276216,960.5
tools,gepa,eog,drive,1,2,1,task_20260109_100633_248_4c1a4a14_20a0385b,0.8,0,242544,1436.7
tools,gepa,eog,drive,1,2,1,task_20260112_111113_212_060e2c81_99e6099d,0.818182,0,225037,565.4
tools,gepa,eog,drive,1,2,2,task_20251127_173847_074_4d9df647_632c493d,0.666667,0,220191,815.5
tools,gepa,eog,drive,1,2,2,task_20251204_045548_265_4d9df647_18dae74a,1.0,1,73615,319.0
tools,gepa,eog,drive,1,2,2,task_20260105_095412_678_a9f62433_bb5f5bb7,1.0,1,168157,560.3
tools,gepa,eog,drive,1,2,2,task_20260105_105429_833_a9f62433_b38b55f2,0.8,0,143598,355.7
tools,gepa,eog,drive,1,2,2,task_20260105_113049_430_a9f62433_6dd18613,1.0,1,122007,540.1
tools,gepa,eog,drive,1,2,2,task_20260106_155537_908_a9f62433_6d26efe3,1.0,1,191794,514.2
tools,gepa,eog,drive,1,2,2,task_20260106_172901_590_a9f62433_f7baa0fa,1.0,1,218797,386.6
tools,gepa,eog,drive,1,2,2,task_20260108_162316_574_13762b97_098a086c,0.714286,0,315138,1118.2
tools,gepa,eog,drive,1,2,2,task_20260109_100633_248_4c1a4a14_20a0385b,0.8,0,242878,1529.9
tools,gepa,eog,drive,1,2,2,task_20260112_111113_212_060e2c81_99e6099d,1.0,1,304115,989.3
tools,gepa,eog,drive,1,2,3,task_20251127_173847_074_4d9df647_632c493d,0.666667,0,266247,848.3
tools,gepa,eog,drive,1,2,3,task_20251204_045548_265_4d9df647_18dae74a,1.0,1,126505,408.6
tools,gepa,eog,drive,1,2,3,task_20260105_095412_678_a9f62433_bb5f5bb7,1.0,1,286692,1000.7
tools,gepa,eog,drive,1,2,3,task_20260105_105429_833_a9f62433_b38b55f2,0.8,0,190931,344.0
tools,gepa,eog,drive,1,2,3,task_20260105_113049_430_a9f62433_6dd18613,0.6,0,291942,1513.9
tools,gepa,eog,drive,1,2,3,task_20260106_155537_908_a9f62433_6d26efe3,1.0,1,190123,417.1
tools,gepa,eog,drive,1,2,3,task_20260106_172901_590_a9f62433_f7baa0fa,1.0,1,208265,498.8
tools,gepa,eog,drive,1,2,3,task_20260108_162316_574_13762b97_098a086c,0.714286,0,421377,1419.1
tools,gepa,eog,drive,1,2,3,task_20260109_100633_248_4c1a4a14_20a0385b,0.8,0,163261,836.0
tools,gepa,eog,drive,1,2,3,task_20260112_111113_212_060e2c81_99e6099d,0.818182,0,227498,752.6
tools,gepa,eog,drive,2,1,1,task_20251126_122314_557_be6c9105_daf0aae1,1.0,1,95834,150.6
tools,gepa,eog,drive,2,1,1,task_20251126_122651_325_be6c9105_1864c322,0.75,0,103486,109.9
tools,gepa,eog,drive,2,1,1,task_20251126_145836_025_be6c9105_3b572b98,0.25,0,99635,165.2
tools,gepa,eog,drive,2,1,1,task_20251128_123025_545_13762b97_ad80b87c,0.666667,0,176619,319.5
tools,gepa,eog,drive,2,1,1,task_20251128_123035_919_64a4ebb9_8b93bf99,1.0,1,120843,146.5
tools,gepa,eog,drive,2,1,1,task_20251128_123301_181_64a4ebb9_4c1d5329,1.0,1,96666,86.9
tools,gepa,eog,drive,2,1,1,task_20251128_123526_889_64a4ebb9_20d5e6ae,0.666667,0,125970,95.7
tools,gepa,eog,drive,2,1,1,task_20251204_085603_739_ae7b45e2_b7a96253,0.5,0,101372,138.4
tools,gepa,eog,drive,2,1,1,task_20251204_092258_460_be6c9105_33990b9e,1.0,1,106424,147.8
tools,gepa,eog,drive,2,1,1,task_20251204_092557_093_ae7b45e2_24132aa0,0.75,0,109925,91.2
tools,gepa,eog,drive,2,1,1,task_20251204_115902_743_13762b97_19892db1,0.333333,0,211782,244.2
tools,gepa,eog,drive,2,1,1,task_20251204_122816_238_13762b97_cd4a8a4f,0.0,0,49543,172.3
tools,gepa,eog,drive,2,1,1,task_20251205_162218_909_4d9df647_8538c2ae,0.5,0,122628,310.5
tools,gepa,eog,drive,2,1,1,task_20251211_105500_082_ae7b45e2_ee28e324,0.333333,0,32433,55.9
tools,gepa,eog,drive,2,1,1,task_20251211_113022_685_23fcbcdb_906c78e7,0.2,0,52438,82.4
tools,gepa,eog,drive,2,1,1,task_20251211_141114_742_4d9df647_e15bd80a,0.25,0,258115,369.4
tools,gepa,eog,drive,2,1,1,task_20260105_170909_782_a9f62433_ecdfc657,0.2,0,28544,52.3
tools,gepa,eog,drive,2,1,1,task_20260106_144651_681_4d9df647_72f9f11e,0.5,0,248198,347.3
tools,gepa,eog,drive,2,1,1,task_20260107_162724_374_13762b97_6a97d001,1.0,1,167814,175.7
tools,gepa,eog,drive,2,1,1,task_20260107_163801_607_64a4ebb9_6f9c4d1b,1.0,1,199102,214.9
tools,gepa,eog,drive,2,1,1,task_20260107_173403_203_64a4ebb9_e8ddb8d7,1.0,1,215222,152.8
tools,gepa,eog,drive,2,1,1,task_20260107_174626_202_64a4ebb9_e3e54b1d,1.0,1,196406,150.9
tools,gepa,eog,drive,2,1,1,task_20260107_180857_873_ae7b45e2_47771a8c,0.333333,0,68964,77.4
tools,gepa,eog,drive,2,1,1,task_20260108_101953_397_be6c9105_0ebb2503,1.0,1,227791,164.4
tools,gepa,eog,drive,2,1,1,task_20260108_105408_681_be6c9105_852c4b49,0.833333,0,260448,364.0
tools,gepa,eog,drive,2,1,1,task_20260108_133740_739_13762b97_41fc6ac0,0.857143,0,269414,417.0
tools,gepa,eog,drive,2,1,1,task_20260108_203842_162_d8f93f2d_1aa3f29b,1.0,1,193975,280.3
tools,gepa,eog,drive,2,1,1,task_20260109_134319_026_64a4ebb9_98c48f81,0.75,0,198402,131.5
tools,gepa,eog,drive,2,1,1,task_20260109_154737_612_4d9df647_ca8cc4b2,0.25,0,358904,719.9
tools,gepa,eog,drive,2,1,2,task_20251126_122314_557_be6c9105_daf0aae1,1.0,1,135654,196.2
tools,gepa,eog,drive,2,1,2,task_20251126_122651_325_be6c9105_1864c322,0.75,0,106463,122.3
tools,gepa,eog,drive,2,1,2,task_20251126_145836_025_be6c9105_3b572b98,0.25,0,118733,197.5
tools,gepa,eog,drive,2,1,2,task_20251128_123025_545_13762b97_ad80b87c,0.666667,0,169514,320.0
tools,gepa,eog,drive,2,1,2,task_20251128_123035_919_64a4ebb9_8b93bf99,1.0,1,211329,236.9
tools,gepa,eog,drive,2,1,2,task_20251128_123301_181_64a4ebb9_4c1d5329,1.0,1,112668,91.4
tools,gepa,eog,drive,2,1,2,task_20251128_123526_889_64a4ebb9_20d5e6ae,0.333333,0,220687,217.9
tools,gepa,eog,drive,2,1,2,task_20251204_085603_739_ae7b45e2_b7a96253,0.5,0,123928,135.9
tools,gepa,eog,drive,2,1,2,task_20251204_092258_460_be6c9105_33990b9e,1.0,1,127092,177.9
tools,gepa,eog,drive,2,1,2,task_20251204_092557_093_ae7b45e2_24132aa0,0.75,0,157665,131.5
tools,gepa,eog,drive,2,1,2,task_20251204_115902_743_13762b97_19892db1,0.333333,0,213474,218.9
tools,gepa,eog,drive,2,1,2,task_20251204_122816_238_13762b97_cd4a8a4f,1.0,1,222672,379.3
tools,gepa,eog,drive,2,1,2,task_20251205_162218_909_4d9df647_8538c2ae,0.666667,0,177350,445.4
tools,gepa,eog,drive,2,1,2,task_20251211_105500_082_ae7b45e2_ee28e324,0.333333,0,48866,68.6
tools,gepa,eog,drive,2,1,2,task_20251211_113022_685_23fcbcdb_906c78e7,0.2,0,67909,151.4
tools,gepa,eog,drive,2,1,2,task_20251211_141114_742_4d9df647_e15bd80a,0.0,0,177619,405.2
tools,gepa,eog,drive,2,1,2,task_20260105_170909_782_a9f62433_ecdfc657,0.2,0,28856,60.3
tools,gepa,eog,drive,2,1,2,task_20260106_144651_681_4d9df647_72f9f11e,0.5,0,316499,435.3
tools,gepa,eog,drive,2,1,2,task_20260107_162724_374_13762b97_6a97d001,1.0,1,167868,155.3
tools,gepa,eog,drive,2,1,2,task_20260107_163801_607_64a4ebb9_6f9c4d1b,1.0,1,179381,124.4
tools,gepa,eog,drive,2,1,2,task_20260107_173403_203_64a4ebb9_e8ddb8d7,1.0,1,196768,133.5
tools,gepa,eog,drive,2,1,2,task_20260107_174626_202_64a4ebb9_e3e54b1d,1.0,1,195943,132.7
tools,gepa,eog,drive,2,1,2,task_20260107_180857_873_ae7b45e2_47771a8c,0.333333,0,68984,77.3
tools,gepa,eog,drive,2,1,2,task_20260108_101953_397_be6c9105_0ebb2503,1.0,1,199421,268.2
tools,gepa,eog,drive,2,1,2,task_20260108_105408_681_be6c9105_852c4b49,0.833333,0,276781,384.7
tools,gepa,eog,drive,2,1,2,task_20260108_133740_739_13762b97_41fc6ac0,0.857143,0,204846,320.9
tools,gepa,eog,drive,2,1,2,task_20260108_203842_162_d8f93f2d_1aa3f29b,1.0,1,278052,382.9
tools,gepa,eog,drive,2,1,2,task_20260109_134319_026_64a4ebb9_98c48f81,0.75,0,236669,177.1
tools,gepa,eog,drive,2,1,2,task_20260109_154737_612_4d9df647_ca8cc4b2,0.0,0,50977,104.7
tools,gepa,eog,drive,2,1,3,task_20251126_122314_557_be6c9105_daf0aae1,0.5,0,114202,146.1
tools,gepa,eog,drive,2,1,3,task_20251126_122651_325_be6c9105_1864c322,0.75,0,146701,122.0
tools,gepa,eog,drive,2,1,3,task_20251126_145836_025_be6c9105_3b572b98,0.25,0,137784,249.6
tools,gepa,eog,drive,2,1,3,task_20251128_123025_545_13762b97_ad80b87c,0.666667,0,283904,418.2
tools,gepa,eog,drive,2,1,3,task_20251128_123035_919_64a4ebb9_8b93bf99,1.0,1,120423,101.3
tools,gepa,eog,drive,2,1,3,task_20251128_123301_181_64a4ebb9_4c1d5329,1.0,1,96055,77.4
tools,gepa,eog,drive,2,1,3,task_20251128_123526_889_64a4ebb9_20d5e6ae,0.666667,0,110139,84.4
tools,gepa,eog,drive,2,1,3,task_20251204_085603_739_ae7b45e2_b7a96253,0.5,0,133010,119.6
tools,gepa,eog,drive,2,1,3,task_20251204_092258_460_be6c9105_33990b9e,1.0,1,103010,110.2
tools,gepa,eog,drive,2,1,3,task_20251204_092557_093_ae7b45e2_24132aa0,0.75,0,113103,125.2
tools,gepa,eog,drive,2,1,3,task_20251204_115902_743_13762b97_19892db1,0.333333,0,196257,185.7
tools,gepa,eog,drive,2,1,3,task_20251204_122816_238_13762b97_cd4a8a4f,1.0,1,295426,436.1
tools,gepa,eog,drive,2,1,3,task_20251205_162218_909_4d9df647_8538c2ae,0.166667,0,94489,266.5
tools,gepa,eog,drive,2,1,3,task_20251211_105500_082_ae7b45e2_ee28e324,0.333333,0,47429,52.2
tools,gepa,eog,drive,2,1,3,task_20251211_113022_685_23fcbcdb_906c78e7,0.2,0,68028,94.4
tools,gepa,eog,drive,2,1,3,task_20251211_141114_742_4d9df647_e15bd80a,0.0,0,127144,320.4
tools,gepa,eog,drive,2,1,3,task_20260105_170909_782_a9f62433_ecdfc657,1.0,1,83481,112.9
tools,gepa,eog,drive,2,1,3,task_20260106_144651_681_4d9df647_72f9f11e,0.5,0,242045,290.8
tools,gepa,eog,drive,2,1,3,task_20260107_162724_374_13762b97_6a97d001,1.0,1,118917,147.1
tools,gepa,eog,drive,2,1,3,task_20260107_163801_607_64a4ebb9_6f9c4d1b,1.0,1,180421,146.3
tools,gepa,eog,drive,2,1,3,task_20260107_173403_203_64a4ebb9_e8ddb8d7,1.0,1,196508,151.9
tools,gepa,eog,drive,2,1,3,task_20260107_174626_202_64a4ebb9_e3e54b1d,1.0,1,214662,152.3
tools,gepa,eog,drive,2,1,3,task_20260107_180857_873_ae7b45e2_47771a8c,0.333333,0,69676,77.2
tools,gepa,eog,drive,2,1,3,task_20260108_101953_397_be6c9105_0ebb2503,1.0,1,169055,293.5
tools,gepa,eog,drive,2,1,3,task_20260108_105408_681_be6c9105_852c4b49,0.833333,0,382753,442.0
tools,gepa,eog,drive,2,1,3,task_20260108_133740_739_13762b97_41fc6ac0,0.714286,0,281561,378.1
tools,gepa,eog,drive,2,1,3,task_20260108_203842_162_d8f93f2d_1aa3f29b,1.0,1,313845,413.3
tools,gepa,eog,drive,2,1,3,task_20260109_134319_026_64a4ebb9_98c48f81,0.75,0,221028,155.6
tools,gepa,eog,drive,2,1,3,task_20260109_154737_612_4d9df647_ca8cc4b2,0.5,0,336531,687.4
tools,gepa,eog,drive,2,2,1,task_20251127_173847_074_4d9df647_632c493d,1.0,1,257501,381.0
tools,gepa,eog,drive,2,2,1,task_20251204_045548_265_4d9df647_18dae74a,1.0,1,109872,187.3
tools,gepa,eog,drive,2,2,1,task_20260105_095412_678_a9f62433_bb5f5bb7,1.0,1,233442,323.4
tools,gepa,eog,drive,2,2,1,task_20260105_105429_833_a9f62433_b38b55f2,0.8,0,214441,159.8
tools,gepa,eog,drive,2,2,1,task_20260105_113049_430_a9f62433_6dd18613,1.0,1,266159,327.8
tools,gepa,eog,drive,2,2,1,task_20260106_155537_908_a9f62433_6d26efe3,1.0,1,190540,163.1
tools,gepa,eog,drive,2,2,1,task_20260106_172901_590_a9f62433_f7baa0fa,1.0,1,236052,193.5
tools,gepa,eog,drive,2,2,1,task_20260108_162316_574_13762b97_098a086c,0.428571,0,435195,529.4
tools,gepa,eog,drive,2,2,1,task_20260109_100633_248_4c1a4a14_20a0385b,0.8,0,161892,387.6
tools,gepa,eog,drive,2,2,1,task_20260112_111113_212_060e2c81_99e6099d,0.909091,0,334006,381.9
tools,gepa,eog,drive,2,2,2,task_20251127_173847_074_4d9df647_632c493d,1.0,1,235961,308.8
tools,gepa,eog,drive,2,2,2,task_20251204_045548_265_4d9df647_18dae74a,1.0,1,125491,167.5
tools,gepa,eog,drive,2,2,2,task_20260105_095412_678_a9f62433_bb5f5bb7,1.0,1,163692,282.2
tools,gepa,eog,drive,2,2,2,task_20260105_105429_833_a9f62433_b38b55f2,1.0,1,211161,103.5
tools,gepa,eog,drive,2,2,2,task_20260105_113049_430_a9f62433_6dd18613,1.0,1,170198,339.0
tools,gepa,eog,drive,2,2,2,task_20260106_155537_908_a9f62433_6d26efe3,1.0,1,167043,218.6
tools,gepa,eog,drive,2,2,2,task_20260106_172901_590_a9f62433_f7baa0fa,1.0,1,193661,182.7
tools,gepa,eog,drive,2,2,2,task_20260108_162316_574_13762b97_098a086c,0.857143,0,383283,428.7
tools,gepa,eog,drive,2,2,2,task_20260109_100633_248_4c1a4a14_20a0385b,0.8,0,175249,329.5
tools,gepa,eog,drive,2,2,2,task_20260112_111113_212_060e2c81_99e6099d,0.909091,0,257128,333.1
tools,gepa,eog,drive,2,2,3,task_20251127_173847_074_4d9df647_632c493d,1.0,1,255497,361.9
tools,gepa,eog,drive,2,2,3,task_20251204_045548_265_4d9df647_18dae74a,1.0,1,147828,224.7
tools,gepa,eog,drive,2,2,3,task_20260105_095412_678_a9f62433_bb5f5bb7,1.0,1,173298,295.8
tools,gepa,eog,drive,2,2,3,task_20260105_105429_833_a9f62433_b38b55f2,1.0,1,189156,134.0
tools,gepa,eog,drive,2,2,3,task_20260105_113049_430_a9f62433_6dd18613,0.8,0,118092,308.5
tools,gepa,eog,drive,2,2,3,task_20260106_155537_908_a9f62433_6d26efe3,1.0,1,165145,185.6
tools,gepa,eog,drive,2,2,3,task_20260106_172901_590_a9f62433_f7baa0fa,1.0,1,242510,189.8
tools,gepa,eog,drive,2,2,3,task_20260108_162316_574_13762b97_098a086c,0.571429,0,468942,486.0
tools,gepa,eog,drive,2,2,3,task_20260109_100633_248_4c1a4a14_20a0385b,0.8,0,161194,338.7
tools,gepa,eog,drive,2,2,3,task_20260112_111113_212_060e2c81_99e6099d,0.818182,0,225542,216.5
tools,gepa,eog,drive,2,3,1,task_20251204_151109_029_ae7b45e2_1fa53dbc,1.0,1,188134,508.5
tools,gepa,eog,drive,2,3,1,task_20251205_143732_430_4d9df647_6aceefba,1.0,1,375427,1215.1
tools,gepa,eog,drive,2,3,1,task_20251210_200511_673_4a23b9c9_dcd88f59,1.0,1,171912,597.7
tools,gepa,eog,drive,2,3,1,task_20260108_113744_344_a9f62433_9cdd0a8f,1.0,1,171902,305.8
tools,gepa,eog,drive,2,3,1,task_20260109_074002_906_060e2c81_e0a9e99d,0.666667,0,165255,421.9
tools,gepa,eog,drive,2,3,1,task_20260109_145235_208_64a4ebb9_9befb3ae,1.0,1,115890,413.8
tools,gepa,eog,drive,2,3,2,task_20251204_151109_029_ae7b45e2_1fa53dbc,1.0,1,309119,510.8
tools,gepa,eog,drive,2,3,2,task_20251205_143732_430_4d9df647_6aceefba,1.0,1,190216,646.0
tools,gepa,eog,drive,2,3,2,task_20251210_200511_673_4a23b9c9_dcd88f59,1.0,1,219713,543.7
tools,gepa,eog,drive,2,3,2,task_20260108_113744_344_a9f62433_9cdd0a8f,1.0,1,170092,311.7
tools,gepa,eog,drive,2,3,2,task_20260109_074002_906_060e2c81_e0a9e99d,0.666667,0,189794,461.9
tools,gepa,eog,drive,2,3,2,task_20260109_145235_208_64a4ebb9_9befb3ae,1.0,1,195614,481.8
tools,gepa,eog,drive,2,3,3,task_20251204_151109_029_ae7b45e2_1fa53dbc,1.0,1,191558,493.8
tools,gepa,eog,drive,2,3,3,task_20251205_143732_430_4d9df647_6aceefba,1.0,1,281959,956.8
tools,gepa,eog,drive,2,3,3,task_20251210_200511_673_4a23b9c9_dcd88f59,1.0,1,147164,739.7
tools,gepa,eog,drive,2,3,3,task_20260108_113744_344_a9f62433_9cdd0a8f,1.0,1,194561,303.4
tools,gepa,eog,drive,2,3,3,task_20260109_074002_906_060e2c81_e0a9e99d,0.666667,0,140875,340.4
tools,gepa,eog,drive,2,3,3,task_20260109_145235_208_64a4ebb9_9befb3ae,1.0,1,138095,445.9
tools,gepa,eog,drive,3,1,1,task_20251126_122314_557_be6c9105_daf0aae1,0.5,0,109883,154.5
tools,gepa,eog,drive,3,1,1,task_20251126_122651_325_be6c9105_1864c322,0.75,0,177897,141.7
tools,gepa,eog,drive,3,1,1,task_20251126_145836_025_be6c9105_3b572b98,0.25,0,154925,198.1
tools,gepa,eog,drive,3,1,1,task_20251128_123025_545_13762b97_ad80b87c,0.666667,0,254385,464.1
tools,gepa,eog,drive,3,1,1,task_20251128_123035_919_64a4ebb9_8b93bf99,1.0,1,119008,103.5
tools,gepa,eog,drive,3,1,1,task_20251128_123301_181_64a4ebb9_4c1d5329,1.0,1,129660,94.2
tools,gepa,eog,drive,3,1,1,task_20251128_123526_889_64a4ebb9_20d5e6ae,0.666667,0,148014,103.9
tools,gepa,eog,drive,3,1,1,task_20251204_085603_739_ae7b45e2_b7a96253,0.5,0,98420,152.7
tools,gepa,eog,drive,3,1,1,task_20251204_092258_460_be6c9105_33990b9e,1.0,1,138000,160.5
tools,gepa,eog,drive,3,1,1,task_20251204_092557_093_ae7b45e2_24132aa0,0.75,0,183805,210.9
tools,gepa,eog,drive,3,1,1,task_20251204_115902_743_13762b97_19892db1,0.333333,0,217134,201.4
tools,gepa,eog,drive,3,1,1,task_20251204_122816_238_13762b97_cd4a8a4f,1.0,1,277600,515.8
tools,gepa,eog,drive,3,1,1,task_20251205_162218_909_4d9df647_8538c2ae,0.5,0,177353,367.1
tools,gepa,eog,drive,3,1,1,task_20251211_105500_082_ae7b45e2_ee28e324,0.333333,0,57310,86.2
tools,gepa,eog,drive,3,1,1,task_20251211_113022_685_23fcbcdb_906c78e7,0.2,0,104837,127.1
tools,gepa,eog,drive,3,1,1,task_20251211_141114_742_4d9df647_e15bd80a,0.25,0,415480,631.8
tools,gepa,eog,drive,3,1,1,task_20260105_170909_782_a9f62433_ecdfc657,0.2,0,35295,66.8
tools,gepa,eog,drive,3,1,1,task_20260106_144651_681_4d9df647_72f9f11e,0.5,0,195301,225.9
tools,gepa,eog,drive,3,1,1,task_20260107_162724_374_13762b97_6a97d001,1.0,1,260424,244.8
tools,gepa,eog,drive,3,1,1,task_20260107_163801_607_64a4ebb9_6f9c4d1b,1.0,1,202009,139.8
tools,gepa,eog,drive,3,1,1,task_20260107_173403_203_64a4ebb9_e8ddb8d7,1.0,1,222239,148.2
tools,gepa,eog,drive,3,1,1,task_20260107_174626_202_64a4ebb9_e3e54b1d,1.0,1,204882,152.2
tools,gepa,eog,drive,3,1,1,task_20260107_180857_873_ae7b45e2_47771a8c,0.333333,0,79188,92.8
tools,gepa,eog,drive,3,1,1,task_20260108_101953_397_be6c9105_0ebb2503,1.0,1,166751,175.8
tools,gepa,eog,drive,3,1,1,task_20260108_105408_681_be6c9105_852c4b49,0.833333,0,433893,404.5
tools,gepa,eog,drive,3,1,1,task_20260108_133740_739_13762b97_41fc6ac0,0.857143,0,228025,394.2
tools,gepa,eog,drive,3,1,1,task_20260108_203842_162_d8f93f2d_1aa3f29b,1.0,1,329138,448.5
tools,gepa,eog,drive,3,1,1,task_20260109_134319_026_64a4ebb9_98c48f81,0.75,0,177734,194.9
tools,gepa,eog,drive,3,1,1,task_20260109_154737_612_4d9df647_ca8cc4b2,0.0,0,158494,397.0
tools,gepa,eog,drive,3,1,2,task_20251126_122314_557_be6c9105_daf0aae1,1.0,1,126798,153.0
tools,gepa,eog,drive,3,1,2,task_20251126_122651_325_be6c9105_1864c322,0.75,0,139602,119.1
tools,gepa,eog,drive,3,1,2,task_20251126_145836_025_be6c9105_3b572b98,0.25,0,118180,181.1
tools,gepa,eog,drive,3,1,2,task_20251128_123025_545_13762b97_ad80b87c,0.666667,0,238378,438.2
tools,gepa,eog,drive,3,1,2,task_20251128_123035_919_64a4ebb9_8b93bf99,1.0,1,113069,115.7
tools,gepa,eog,drive,3,1,2,task_20251128_123301_181_64a4ebb9_4c1d5329,1.0,1,109534,59.4
tools,gepa,eog,drive,3,1,2,task_20251128_123526_889_64a4ebb9_20d5e6ae,0.666667,0,148126,115.1
tools,gepa,eog,drive,3,1,2,task_20251204_085603_739_ae7b45e2_b7a96253,0.5,0,116893,165.6
tools,gepa,eog,drive,3,1,2,task_20251204_092258_460_be6c9105_33990b9e,1.0,1,160397,183.1
tools,gepa,eog,drive,3,1,2,task_20251204_092557_093_ae7b45e2_24132aa0,0.75,0,144658,111.9
tools,gepa,eog,drive,3,1,2,task_20251204_115902_743_13762b97_19892db1,0.333333,0,199678,183.9
tools,gepa,eog,drive,3,1,2,task_20251204_122816_238_13762b97_cd4a8a4f,1.0,1,253954,400.8
tools,gepa,eog,drive,3,1,2,task_20251205_162218_909_4d9df647_8538c2ae,0.666667,0,205305,268.0
tools,gepa,eog,drive,3,1,2,task_20251211_105500_082_ae7b45e2_ee28e324,0.333333,0,54697,77.6
tools,gepa,eog,drive,3,1,2,task_20251211_113022_685_23fcbcdb_906c78e7,0.2,0,75003,112.4
tools,gepa,eog,drive,3,1,2,task_20251211_141114_742_4d9df647_e15bd80a,0.0,0,59544,117.6
tools,gepa,eog,drive,3,1,2,task_20260105_170909_782_a9f62433_ecdfc657,0.2,0,34349,55.2
tools,gepa,eog,drive,3,1,2,task_20260106_144651_681_4d9df647_72f9f11e,0.5,0,297134,309.9
tools,gepa,eog,drive,3,1,2,task_20260107_162724_374_13762b97_6a97d001,1.0,1,195401,190.1
tools,gepa,eog,drive,3,1,2,task_20260107_163801_607_64a4ebb9_6f9c4d1b,1.0,1,185418,162.6
tools,gepa,eog,drive,3,1,2,task_20260107_173403_203_64a4ebb9_e8ddb8d7,0.5,0,221210,124.1
tools,gepa,eog,drive,3,1,2,task_20260107_174626_202_64a4ebb9_e3e54b1d,1.0,1,242762,154.6
tools,gepa,eog,drive,3,1,2,task_20260107_180857_873_ae7b45e2_47771a8c,0.333333,0,78481,56.0
tools,gepa,eog,drive,3,1,2,task_20260108_101953_397_be6c9105_0ebb2503,1.0,1,121508,212.7
tools,gepa,eog,drive,3,1,2,task_20260108_105408_681_be6c9105_852c4b49,0.833333,0,345304,295.6
tools,gepa,eog,drive,3,1,2,task_20260108_133740_739_13762b97_41fc6ac0,0.714286,0,387777,419.9
tools,gepa,eog,drive,3,1,2,task_20260108_203842_162_d8f93f2d_1aa3f29b,1.0,1,280738,410.6
tools,gepa,eog,drive,3,1,2,task_20260109_134319_026_64a4ebb9_98c48f81,0.75,0,107458,146.0
tools,gepa,eog,drive,3,1,2,task_20260109_154737_612_4d9df647_ca8cc4b2,0.5,0,286129,555.6
tools,gepa,eog,drive,3,1,3,task_20251126_122314_557_be6c9105_daf0aae1,0.5,0,127807,150.4
tools,gepa,eog,drive,3,1,3,task_20251126_122651_325_be6c9105_1864c322,0.75,0,116703,129.4
tools,gepa,eog,drive,3,1,3,task_20251126_145836_025_be6c9105_3b572b98,0.25,0,201697,259.4
tools,gepa,eog,drive,3,1,3,task_20251128_123025_545_13762b97_ad80b87c,0.666667,0,187090,353.0
tools,gepa,eog,drive,3,1,3,task_20251128_123035_919_64a4ebb9_8b93bf99,1.0,1,118468,107.1
tools,gepa,eog,drive,3,1,3,task_20251128_123301_181_64a4ebb9_4c1d5329,1.0,1,129589,101.6
tools,gepa,eog,drive,3,1,3,task_20251128_123526_889_64a4ebb9_20d5e6ae,0.666667,0,128091,140.3
tools,gepa,eog,drive,3,1,3,task_20251204_085603_739_ae7b45e2_b7a96253,0.5,0,136879,142.4
tools,gepa,eog,drive,3,1,3,task_20251204_092258_460_be6c9105_33990b9e,1.0,1,117384,144.0
tools,gepa,eog,drive,3,1,3,task_20251204_092557_093_ae7b45e2_24132aa0,0.75,0,145709,124.6
tools,gepa,eog,drive,3,1,3,task_20251204_115902_743_13762b97_19892db1,0.333333,0,184889,205.3
tools,gepa,eog,drive,3,1,3,task_20251204_122816_238_13762b97_cd4a8a4f,1.0,1,297518,369.7
tools,gepa,eog,drive,3,1,3,task_20251205_162218_909_4d9df647_8538c2ae,0.5,0,130540,231.5
tools,gepa,eog,drive,3,1,3,task_20251211_105500_082_ae7b45e2_ee28e324,1.0,1,120959,169.1
tools,gepa,eog,drive,3,1,3,task_20251211_113022_685_23fcbcdb_906c78e7,0.2,0,78104,103.3
tools,gepa,eog,drive,3,1,3,task_20251211_141114_742_4d9df647_e15bd80a,0.0,0,212896,355.4
tools,gepa,eog,drive,3,1,3,task_20260105_170909_782_a9f62433_ecdfc657,1.0,1,116693,127.1
tools,gepa,eog,drive,3,1,3,task_20260106_144651_681_4d9df647_72f9f11e,0.5,0,294496,362.0
tools,gepa,eog,drive,3,1,3,task_20260107_162724_374_13762b97_6a97d001,1.0,1,195061,167.1
tools,gepa,eog,drive,3,1,3,task_20260107_163801_607_64a4ebb9_6f9c4d1b,1.0,1,223718,174.7
tools,gepa,eog,drive,3,1,3,task_20260107_173403_203_64a4ebb9_e8ddb8d7,1.0,1,240967,142.3
tools,gepa,eog,drive,3,1,3,task_20260107_174626_202_64a4ebb9_e3e54b1d,1.0,1,222420,140.4
tools,gepa,eog,drive,3,1,3,task_20260107_180857_873_ae7b45e2_47771a8c,0.333333,0,78538,87.6
tools,gepa,eog,drive,3,1,3,task_20260108_101953_397_be6c9105_0ebb2503,1.0,1,167180,163.4
tools,gepa,eog,drive,3,1,3,task_20260108_105408_681_be6c9105_852c4b49,0.666667,0,424059,324.5
tools,gepa,eog,drive,3,1,3,task_20260108_133740_739_13762b97_41fc6ac0,0.714286,0,181111,337.3
tools,gepa,eog,drive,3,1,3,task_20260108_203842_162_d8f93f2d_1aa3f29b,1.0,1,240618,324.3
tools,gepa,eog,drive,3,1,3,task_20260109_134319_026_64a4ebb9_98c48f81,0.75,0,242162,173.9
tools,gepa,eog,drive,3,1,3,task_20260109_154737_612_4d9df647_ca8cc4b2,0.5,0,465027,741.9
tools,gepa,eog,drive,3,2,1,task_20251127_173847_074_4d9df647_632c493d,0.666667,0,242543,382.4
tools,gepa,eog,drive,3,2,1,task_20251204_045548_265_4d9df647_18dae74a,1.0,1,103470,148.9
tools,gepa,eog,drive,3,2,1,task_20260105_095412_678_a9f62433_bb5f5bb7,1.0,1,326717,428.6
tools,gepa,eog,drive,3,2,1,task_20260105_105429_833_a9f62433_b38b55f2,0.8,0,234502,169.5
tools,gepa,eog,drive,3,2,1,task_20260105_113049_430_a9f62433_6dd18613,1.0,1,261211,384.2
tools,gepa,eog,drive,3,2,1,task_20260106_155537_908_a9f62433_6d26efe3,1.0,1,210480,193.9
tools,gepa,eog,drive,3,2,1,task_20260106_172901_590_a9f62433_f7baa0fa,1.0,1,260328,228.5
tools,gepa,eog,drive,3,2,1,task_20260108_162316_574_13762b97_098a086c,0.714286,0,332975,395.0
tools,gepa,eog,drive,3,2,1,task_20260109_100633_248_4c1a4a14_20a0385b,0.4,0,211207,424.3
tools,gepa,eog,drive,3,2,1,task_20260112_111113_212_060e2c81_99e6099d,0.818182,0,254685,313.0
tools,gepa,eog,drive,3,2,2,task_20251127_173847_074_4d9df647_632c493d,1.0,1,304346,445.0
tools,gepa,eog,drive,3,2,2,task_20251204_045548_265_4d9df647_18dae74a,1.0,1,168126,237.6
tools,gepa,eog,drive,3,2,2,task_20260105_095412_678_a9f62433_bb5f5bb7,1.0,1,196870,296.0
tools,gepa,eog,drive,3,2,2,task_20260105_105429_833_a9f62433_b38b55f2,0.8,0,162369,138.9
tools,gepa,eog,drive,3,2,2,task_20260105_113049_430_a9f62433_6dd18613,1.0,1,146505,272.5
tools,gepa,eog,drive,3,2,2,task_20260106_155537_908_a9f62433_6d26efe3,1.0,1,209836,141.5
tools,gepa,eog,drive,3,2,2,task_20260106_172901_590_a9f62433_f7baa0fa,1.0,1,282900,162.3
tools,gepa,eog,drive,3,2,2,task_20260108_162316_574_13762b97_098a086c,0.714286,0,265417,377.5
tools,gepa,eog,drive,3,2,2,task_20260109_100633_248_4c1a4a14_20a0385b,0.8,0,206863,399.1
tools,gepa,eog,drive,3,2,2,task_20260112_111113_212_060e2c81_99e6099d,0.818182,0,253523,355.0
tools,gepa,eog,drive,3,2,3,task_20251127_173847_074_4d9df647_632c493d,0.666667,0,130256,228.1
tools,gepa,eog,drive,3,2,3,task_20251204_045548_265_4d9df647_18dae74a,1.0,1,175794,185.3
tools,gepa,eog,drive,3,2,3,task_20260105_095412_678_a9f62433_bb5f5bb7,1.0,1,181058,379.7
tools,gepa,eog,drive,3,2,3,task_20260105_105429_833_a9f62433_b38b55f2,0.8,0,263792,196.8
tools,gepa,eog,drive,3,2,3,task_20260105_113049_430_a9f62433_6dd18613,0.8,0,154909,335.9
tools,gepa,eog,drive,3,2,3,task_20260106_155537_908_a9f62433_6d26efe3,1.0,1,209827,148.9
tools,gepa,eog,drive,3,2,3,task_20260106_172901_590_a9f62433_f7baa0fa,1.0,1,232542,186.1
tools,gepa,eog,drive,3,2,3,task_20260108_162316_574_13762b97_098a086c,0.857143,0,369580,433.2
tools,gepa,eog,drive,3,2,3,task_20260109_100633_248_4c1a4a14_20a0385b,1.0,1,284887,498.4
tools,gepa,eog,drive,3,2,3,task_20260112_111113_212_060e2c81_99e6099d,0.818182,0,245619,343.8
tools,gepa,eog,drive,3,3,1,task_20251204_151109_029_ae7b45e2_1fa53dbc,1.0,1,225539,188.5
tools,gepa,eog,drive,3,3,1,task_20251205_143732_430_4d9df647_6aceefba,1.0,1,305138,457.1
tools,gepa,eog,drive,3,3,1,task_20251210_200511_673_4a23b9c9_dcd88f59,1.0,1,241028,330.9
tools,gepa,eog,drive,3,3,1,task_20260108_113744_344_a9f62433_9cdd0a8f,1.0,1,323903,212.7
tools,gepa,eog,drive,3,3,1,task_20260109_074002_906_060e2c81_e0a9e99d,0.666667,0,189187,188.5
tools,gepa,eog,drive,3,3,1,task_20260109_145235_208_64a4ebb9_9befb3ae,1.0,1,202135,383.4
tools,gepa,eog,drive,3,3,2,task_20251204_151109_029_ae7b45e2_1fa53dbc,1.0,1,232399,334.7
tools,gepa,eog,drive,3,3,2,task_20251205_143732_430_4d9df647_6aceefba,1.0,1,334433,517.3
tools,gepa,eog,drive,3,3,2,task_20251210_200511_673_4a23b9c9_dcd88f59,1.0,1,195865,257.1
tools,gepa,eog,drive,3,3,2,task_20260108_113744_344_a9f62433_9cdd0a8f,1.0,1,171214,99.2
tools,gepa,eog,drive,3,3,2,task_20260109_074002_906_060e2c81_e0a9e99d,0.666667,0,164098,148.9
tools,gepa,eog,drive,3,3,2,task_20260109_145235_208_64a4ebb9_9befb3ae,1.0,1,172076,210.1
tools,gepa,eog,drive,3,3,3,task_20251204_151109_029_ae7b45e2_1fa53dbc,1.0,1,300534,181.6
tools,gepa,eog,drive,3,3,3,task_20251205_143732_430_4d9df647_6aceefba,1.0,1,245671,406.2
tools,gepa,eog,drive,3,3,3,task_20251210_200511_673_4a23b9c9_dcd88f59,1.0,1,325303,376.2
tools,gepa,eog,drive,3,3,3,task_20260108_113744_344_a9f62433_9cdd0a8f,1.0,1,136437,162.1
tools,gepa,eog,drive,3,3,3,task_20260109_074002_906_060e2c81_e0a9e99d,0.666667,0,164652,166.1
tools,gepa,eog,drive,3,3,3,task_20260109_145235_208_64a4ebb9_9befb3ae,1.0,1,188764,292.4
tools,gepa,eog,email,1,1,1,task_20260106_060646_574_1628b966_0fc7207a,1.0,1,33804,136.2
tools,gepa,eog,email,1,1,1,task_20260106_140034_876_e7cfb93b_fc943e0e,0.2,0,59599,254.2
tools,gepa,eog,email,1,1,2,task_20260106_060646_574_1628b966_0fc7207a,1.0,1,24019,102.6
tools,gepa,eog,email,1,1,2,task_20260106_140034_876_e7cfb93b_fc943e0e,0.2,0,76175,344.3
tools,gepa,eog,email,1,1,3,task_20260106_060646_574_1628b966_0fc7207a,1.0,1,37785,133.6
tools,gepa,eog,email,1,1,3,task_20260106_140034_876_e7cfb93b_fc943e0e,0.6,0,46427,241.6
tools,gepa,eog,email,1,2,1,task_20251203_093009_456_701c5774_24b57fbd,0.5,0,40056,309.4
tools,gepa,eog,email,1,2,1,task_20251203_180743_144_e7cfb93b_56dbcb89,1.0,1,55323,323.4
tools,gepa,eog,email,1,2,1,task_20260105_182555_369_e7cfb93b_c2cc205b,0.833333,0,77667,468.8
tools,gepa,eog,email,1,2,1,task_20260105_214127_504_e7cfb93b_e6640be3,1.0,1,95350,648.6
tools,gepa,eog,email,1,2,1,task_20260106_213903_609_e7cfb93b_5e95c001,1.0,1,50645,275.4
tools,gepa,eog,email,1,2,1,task_20260108_050214_962_e5bf1251_0cabbd3d,0.666667,0,44013,230.7
tools,gepa,eog,email,1,2,2,task_20251203_093009_456_701c5774_24b57fbd,0.5,0,57825,444.4
tools,gepa,eog,email,1,2,2,task_20251203_180743_144_e7cfb93b_56dbcb89,1.0,1,47695,261.6
tools,gepa,eog,email,1,2,2,task_20260105_182555_369_e7cfb93b_c2cc205b,1.0,1,147330,758.6
tools,gepa,eog,email,1,2,2,task_20260105_214127_504_e7cfb93b_e6640be3,1.0,1,111244,634.9
tools,gepa,eog,email,1,2,2,task_20260106_213903_609_e7cfb93b_5e95c001,1.0,1,81927,455.6
tools,gepa,eog,email,1,2,2,task_20260108_050214_962_e5bf1251_0cabbd3d,0.666667,0,90007,347.6
tools,gepa,eog,email,1,2,3,task_20251203_093009_456_701c5774_24b57fbd,0.5,0,39876,309.5
tools,gepa,eog,email,1,2,3,task_20251203_180743_144_e7cfb93b_56dbcb89,0.714286,0,56004,317.1
tools,gepa,eog,email,1,2,3,task_20260105_182555_369_e7cfb93b_c2cc205b,1.0,1,108676,645.0
tools,gepa,eog,email,1,2,3,task_20260105_214127_504_e7cfb93b_e6640be3,1.0,1,61855,509.8
tools,gepa,eog,email,1,2,3,task_20260106_213903_609_e7cfb93b_5e95c001,1.0,1,64457,328.0
tools,gepa,eog,email,1,2,3,task_20260108_050214_962_e5bf1251_0cabbd3d,0.666667,0,72323,313.7
tools,gepa,eog,email,2,1,1,task_20260106_060646_574_1628b966_0fc7207a,1.0,1,70642,182.7
tools,gepa,eog,email,2,1,1,task_20260106_140034_876_e7cfb93b_fc943e0e,0.2,0,68493,192.1
tools,gepa,eog,email,2,1,2,task_20260106_060646_574_1628b966_0fc7207a,1.0,1,87122,257.7
tools,gepa,eog,email,2,1,2,task_20260106_140034_876_e7cfb93b_fc943e0e,0.2,0,112444,294.5
tools,gepa,eog,email,2,1,3,task_20260106_060646_574_1628b966_0fc7207a,1.0,1,50164,187.3
tools,gepa,eog,email,2,1,3,task_20260106_140034_876_e7cfb93b_fc943e0e,0.6,0,99293,423.3
tools,gepa,eog,email,2,2,1,task_20251203_093009_456_701c5774_24b57fbd,0.0,0,108812,426.6
tools,gepa,eog,email,2,2,1,task_20251203_180743_144_e7cfb93b_56dbcb89,0.857143,0,74853,240.7
tools,gepa,eog,email,2,2,1,task_20260105_182555_369_e7cfb93b_c2cc205b,0.833333,0,140062,374.3
tools,gepa,eog,email,2,2,1,task_20260105_214127_504_e7cfb93b_e6640be3,1.0,1,177779,518.0
tools,gepa,eog,email,2,2,1,task_20260106_213903_609_e7cfb93b_5e95c001,1.0,1,82316,168.7
tools,gepa,eog,email,2,2,1,task_20260108_050214_962_e5bf1251_0cabbd3d,0.666667,0,64936,179.0
tools,gepa,eog,email,2,2,2,task_20251203_093009_456_701c5774_24b57fbd,0.0,0,92954,367.4
tools,gepa,eog,email,2,2,2,task_20251203_180743_144_e7cfb93b_56dbcb89,1.0,1,55322,146.2
tools,gepa,eog,email,2,2,2,task_20260105_182555_369_e7cfb93b_c2cc205b,0.666667,0,124035,356.6
tools,gepa,eog,email,2,2,2,task_20260105_214127_504_e7cfb93b_e6640be3,1.0,1,99472,257.0
tools,gepa,eog,email,2,2,2,task_20260106_213903_609_e7cfb93b_5e95c001,1.0,1,52531,148.7
tools,gepa,eog,email,2,2,2,task_20260108_050214_962_e5bf1251_0cabbd3d,0.666667,0,60112,134.6
tools,gepa,eog,email,2,2,3,task_20251203_093009_456_701c5774_24b57fbd,0.5,0,134256,597.4
tools,gepa,eog,email,2,2,3,task_20251203_180743_144_e7cfb93b_56dbcb89,1.0,1,77624,204.8
tools,gepa,eog,email,2,2,3,task_20260105_182555_369_e7cfb93b_c2cc205b,0.833333,0,160796,387.4
tools,gepa,eog,email,2,2,3,task_20260105_214127_504_e7cfb93b_e6640be3,1.0,1,136583,362.1
tools,gepa,eog,email,2,2,3,task_20260106_213903_609_e7cfb93b_5e95c001,1.0,1,65152,161.8
tools,gepa,eog,email,2,2,3,task_20260108_050214_962_e5bf1251_0cabbd3d,0.666667,0,81109,151.1
tools,gepa,eog,email,2,3,1,task_20251204_101148_724_701c5774_7cb6254a,1.0,1,90451,425.6
tools,gepa,eog,email,2,3,1,task_20251204_142444_575_e5bf1251_65039f7d,1.0,1,38397,141.2
tools,gepa,eog,email,2,3,1,task_20260105_233603_790_e7cfb93b_cc802e4b,1.0,1,145604,564.1
tools,gepa,eog,email,2,3,1,task_20260106_071510_179_911d75d7_0ae789ae,0.0,0,72578,279.6
tools,gepa,eog,email,2,3,1,task_20260107_125943_886_1628b966_f951b083,0.5,0,106981,290.1
tools,gepa,eog,email,2,3,1,task_20260107_142454_824_1628b966_4a482da4,1.0,1,77760,163.2
tools,gepa,eog,email,2,3,1,task_20260108_101001_581_701c5774_3ac4e4fb,0.25,0,117894,605.8
tools,gepa,eog,email,2,3,2,task_20251204_101148_724_701c5774_7cb6254a,1.0,1,89785,371.2
tools,gepa,eog,email,2,3,2,task_20251204_142444_575_e5bf1251_65039f7d,1.0,1,39278,191.2
tools,gepa,eog,email,2,3,2,task_20260105_233603_790_e7cfb93b_cc802e4b,1.0,1,116907,408.3
tools,gepa,eog,email,2,3,2,task_20260106_071510_179_911d75d7_0ae789ae,0.0,0,74223,307.9
tools,gepa,eog,email,2,3,2,task_20260107_125943_886_1628b966_f951b083,0.5,0,64988,152.9
tools,gepa,eog,email,2,3,2,task_20260107_142454_824_1628b966_4a482da4,1.0,1,83003,229.9
tools,gepa,eog,email,2,3,2,task_20260108_101001_581_701c5774_3ac4e4fb,0.25,0,160102,807.1
tools,gepa,eog,email,2,3,3,task_20251204_101148_724_701c5774_7cb6254a,1.0,1,99098,713.7
tools,gepa,eog,email,2,3,3,task_20251204_142444_575_e5bf1251_65039f7d,1.0,1,39537,183.3
tools,gepa,eog,email,2,3,3,task_20260105_233603_790_e7cfb93b_cc802e4b,1.0,1,158837,524.5
tools,gepa,eog,email,2,3,3,task_20260106_071510_179_911d75d7_0ae789ae,0.0,0,98544,410.7
tools,gepa,eog,email,2,3,3,task_20260107_125943_886_1628b966_f951b083,0.5,0,78355,145.7
tools,gepa,eog,email,2,3,3,task_20260107_142454_824_1628b966_4a482da4,1.0,1,80086,191.7
tools,gepa,eog,email,2,3,3,task_20260108_101001_581_701c5774_3ac4e4fb,0.25,0,123295,579.7
tools,gepa,eog,email,3,1,1,task_20260106_060646_574_1628b966_0fc7207a,1.0,1,95630,242.5
tools,gepa,eog,email,3,1,1,task_20260106_140034_876_e7cfb93b_fc943e0e,0.6,0,78793,200.4
tools,gepa,eog,email,3,1,2,task_20260106_060646_574_1628b966_0fc7207a,1.0,1,100801,184.9
tools,gepa,eog,email,3,1,2,task_20260106_140034_876_e7cfb93b_fc943e0e,0.2,0,86692,248.4
tools,gepa,eog,email,3,1,3,task_20260106_060646_574_1628b966_0fc7207a,1.0,1,93780,201.5
tools,gepa,eog,email,3,1,3,task_20260106_140034_876_e7cfb93b_fc943e0e,0.2,0,153499,609.3
tools,gepa,eog,email,3,2,1,task_20251203_093009_456_701c5774_24b57fbd,0.5,0,141454,585.8
tools,gepa,eog,email,3,2,1,task_20251203_180743_144_e7cfb93b_56dbcb89,1.0,1,127777,267.0
tools,gepa,eog,email,3,2,1,task_20260105_182555_369_e7cfb93b_c2cc205b,0.666667,0,121975,290.0
tools,gepa,eog,email,3,2,1,task_20260105_214127_504_e7cfb93b_e6640be3,1.0,1,132314,432.7
tools,gepa,eog,email,3,2,1,task_20260106_213903_609_e7cfb93b_5e95c001,1.0,1,135383,321.1
tools,gepa,eog,email,3,2,1,task_20260108_050214_962_e5bf1251_0cabbd3d,0.666667,0,83811,184.4
tools,gepa,eog,email,3,2,2,task_20251203_093009_456_701c5774_24b57fbd,0.0,0,108368,476.0
tools,gepa,eog,email,3,2,2,task_20251203_180743_144_e7cfb93b_56dbcb89,1.0,1,93030,271.4
tools,gepa,eog,email,3,2,2,task_20260105_182555_369_e7cfb93b_c2cc205b,0.666667,0,122353,287.3
tools,gepa,eog,email,3,2,2,task_20260105_214127_504_e7cfb93b_e6640be3,1.0,1,130375,395.5
tools,gepa,eog,email,3,2,2,task_20260106_213903_609_e7cfb93b_5e95c001,1.0,1,102612,330.4
tools,gepa,eog,email,3,2,2,task_20260108_050214_962_e5bf1251_0cabbd3d,0.666667,0,69257,158.7
tools,gepa,eog,email,3,2,3,task_20251203_093009_456_701c5774_24b57fbd,0.0,0,89195,353.2
tools,gepa,eog,email,3,2,3,task_20251203_180743_144_e7cfb93b_56dbcb89,1.0,1,155974,300.6
tools,gepa,eog,email,3,2,3,task_20260105_182555_369_e7cfb93b_c2cc205b,0.833333,0,176048,353.5
tools,gepa,eog,email,3,2,3,task_20260105_214127_504_e7cfb93b_e6640be3,1.0,1,70386,311.8
tools,gepa,eog,email,3,2,3,task_20260106_213903_609_e7cfb93b_5e95c001,1.0,1,179709,274.4
tools,gepa,eog,email,3,2,3,task_20260108_050214_962_e5bf1251_0cabbd3d,0.666667,0,70319,144.7
tools,gepa,eog,email,3,3,1,task_20251204_101148_724_701c5774_7cb6254a,1.0,1,153826,458.4
tools,gepa,eog,email,3,3,1,task_20251204_142444_575_e5bf1251_65039f7d,1.0,1,49933,118.4
tools,gepa,eog,email,3,3,1,task_20260105_233603_790_e7cfb93b_cc802e4b,1.0,1,131140,383.6
tools,gepa,eog,email,3,3,1,task_20260106_071510_179_911d75d7_0ae789ae,0.0,0,86101,199.4
tools,gepa,eog,email,3,3,1,task_20260107_125943_886_1628b966_f951b083,0.5,0,123467,223.2
tools,gepa,eog,email,3,3,1,task_20260107_142454_824_1628b966_4a482da4,1.0,1,78655,100.5
tools,gepa,eog,email,3,3,1,task_20260108_101001_581_701c5774_3ac4e4fb,0.25,0,196260,570.9
tools,gepa,eog,email,3,3,2,task_20251204_101148_724_701c5774_7cb6254a,1.0,1,113862,365.4
tools,gepa,eog,email,3,3,2,task_20251204_142444_575_e5bf1251_65039f7d,1.0,1,40582,96.4
tools,gepa,eog,email,3,3,2,task_20260105_233603_790_e7cfb93b_cc802e4b,1.0,1,90391,250.1
tools,gepa,eog,email,3,3,2,task_20260106_071510_179_911d75d7_0ae789ae,0.0,0,85879,210.1
tools,gepa,eog,email,3,3,2,task_20260107_125943_886_1628b966_f951b083,0.5,0,149610,190.7
tools,gepa,eog,email,3,3,2,task_20260107_142454_824_1628b966_4a482da4,1.0,1,78759,94.9
tools,gepa,eog,email,3,3,2,task_20260108_101001_581_701c5774_3ac4e4fb,0.25,0,133950,413.0
tools,gepa,eog,email,3,3,3,task_20251204_101148_724_701c5774_7cb6254a,0.333333,0,147690,414.9
tools,gepa,eog,email,3,3,3,task_20251204_142444_575_e5bf1251_65039f7d,1.0,1,47842,98.9
tools,gepa,eog,email,3,3,3,task_20260105_233603_790_e7cfb93b_cc802e4b,1.0,1,119415,350.0
tools,gepa,eog,email,3,3,3,task_20260106_071510_179_911d75d7_0ae789ae,0.0,0,74037,196.7
tools,gepa,eog,email,3,3,3,task_20260107_125943_886_1628b966_f951b083,0.5,0,122714,188.1
tools,gepa,eog,email,3,3,3,task_20260107_142454_824_1628b966_4a482da4,1.0,1,80637,120.3
tools,gepa,eog,email,3,3,3,task_20260108_101001_581_701c5774_3ac4e4fb,0.25,0,215402,607.7
tools,gepa,eog,email,3,4,1,task_20251125_150631_436_e5bf1251_77dd7cbb,0.5,0,61768,154.3
tools,gepa,eog,email,3,4,1,task_20251127_150451_336_701c5774_c2e9609a,1.0,1,99832,343.3
tools,gepa,eog,email,3,4,1,task_20251203_113003_327_701c5774_2e2c97d2,1.0,1,43136,78.0
tools,gepa,eog,email,3,4,1,task_20251203_120537_904_701c5774_849b4b7c,0.666667,0,54387,74.9
tools,gepa,eog,email,3,4,1,task_20251204_083406_171_e7cfb93b_89e0d558,0.6,0,131892,631.4
tools,gepa,eog,email,3,4,1,task_20251204_145059_811_e5bf1251_3b195ec1,1.0,1,46275,183.8
tools,gepa,eog,email,3,4,1,task_20251209_094942_478_701c5774_dc4a4b13,0.0,0,182268,954.3
tools,gepa,eog,email,3,4,1,task_20251212_162948_602_8ce75c22_8b25a027,1.0,1,129212,189.0
tools,gepa,eog,email,3,4,1,task_20260106_050111_551_701c5774_419d6733,0.333333,0,155603,1088.4
tools,gepa,eog,email,3,4,1,task_20260107_160335_693_911d75d7_d116d7cf,0.5,0,79334,155.3
tools,gepa,eog,email,3,4,1,task_20260107_191539_515_911d75d7_3ea7750e,1.0,1,82785,232.7
tools,gepa,eog,email,3,4,1,task_20260107_214637_627_911d75d7_eb9d8622,0.0,0,55623,194.4
tools,gepa,eog,email,3,4,2,task_20251125_150631_436_e5bf1251_77dd7cbb,1.0,1,73309,160.9
tools,gepa,eog,email,3,4,2,task_20251127_150451_336_701c5774_c2e9609a,1.0,1,89499,400.3
tools,gepa,eog,email,3,4,2,task_20251203_113003_327_701c5774_2e2c97d2,1.0,1,34434,103.6
tools,gepa,eog,email,3,4,2,task_20251203_120537_904_701c5774_849b4b7c,0.666667,0,53490,68.9
tools,gepa,eog,email,3,4,2,task_20251204_083406_171_e7cfb93b_89e0d558,0.9,0,165684,499.8
tools,gepa,eog,email,3,4,2,task_20251204_145059_811_e5bf1251_3b195ec1,1.0,1,46284,166.9
tools,gepa,eog,email,3,4,2,task_20251209_094942_478_701c5774_dc4a4b13,0.0,0,223008,1244.8
tools,gepa,eog,email,3,4,2,task_20251212_162948_602_8ce75c22_8b25a027,1.0,1,124225,268.5
tools,gepa,eog,email,3,4,2,task_20260106_050111_551_701c5774_419d6733,0.333333,0,171955,1259.8
tools,gepa,eog,email,3,4,2,task_20260107_160335_693_911d75d7_d116d7cf,0.5,0,53571,155.1
tools,gepa,eog,email,3,4,2,task_20260107_191539_515_911d75d7_3ea7750e,1.0,1,83892,257.6
tools,gepa,eog,email,3,4,2,task_20260107_214637_627_911d75d7_eb9d8622,0.0,0,53656,148.9
tools,gepa,eog,email,3,4,3,task_20251125_150631_436_e5bf1251_77dd7cbb,1.0,1,60286,158.1
tools,gepa,eog,email,3,4,3,task_20251127_150451_336_701c5774_c2e9609a,1.0,1,164454,697.6
tools,gepa,eog,email,3,4,3,task_20251203_113003_327_701c5774_2e2c97d2,1.0,1,66958,144.2
tools,gepa,eog,email,3,4,3,task_20251203_120537_904_701c5774_849b4b7c,0.666667,0,67348,134.7
tools,gepa,eog,email,3,4,3,task_20251204_083406_171_e7cfb93b_89e0d558,1.0,1,137560,763.4
tools,gepa,eog,email,3,4,3,task_20251204_145059_811_e5bf1251_3b195ec1,1.0,1,80170,183.9
tools,gepa,eog,email,3,4,3,task_20251209_094942_478_701c5774_dc4a4b13,0.0,0,166101,775.8
tools,gepa,eog,email,3,4,3,task_20251212_162948_602_8ce75c22_8b25a027,1.0,1,184214,288.4
tools,gepa,eog,email,3,4,3,task_20260106_050111_551_701c5774_419d6733,0.333333,0,98543,554.3
tools,gepa,eog,email,3,4,3,task_20260107_160335_693_911d75d7_d116d7cf,0.5,0,97909,305.1
tools,gepa,eog,email,3,4,3,task_20260107_191539_515_911d75d7_3ea7750e,0.5,0,98246,343.9
tools,gepa,eog,email,3,4,3,task_20260107_214637_627_911d75d7_eb9d8622,0.0,0,40693,120.1
tools,gepa,eog,email,4,1,1,task_20260106_060646_574_1628b966_0fc7207a,1.0,1,136800,359.5
tools,gepa,eog,email,4,1,1,task_20260106_140034_876_e7cfb93b_fc943e0e,0.6,0,138105,394.3
tools,gepa,eog,email,4,1,2,task_20260106_060646_574_1628b966_0fc7207a,1.0,1,169421,256.1
tools,gepa,eog,email,4,1,2,task_20260106_140034_876_e7cfb93b_fc943e0e,0.2,0,93185,240.3
tools,gepa,eog,email,4,1,3,task_20260106_060646_574_1628b966_0fc7207a,1.0,1,97944,258.7
tools,gepa,eog,email,4,1,3,task_20260106_140034_876_e7cfb93b_fc943e0e,0.6,0,117845,285.0
tools,gepa,eog,email,4,2,1,task_20251203_093009_456_701c5774_24b57fbd,0.0,0,133034,427.7
tools,gepa,eog,email,4,2,1,task_20251203_180743_144_e7cfb93b_56dbcb89,1.0,1,82197,149.9
tools,gepa,eog,email,4,2,1,task_20260105_182555_369_e7cfb93b_c2cc205b,0.833333,0,199658,481.9
tools,gepa,eog,email,4,2,1,task_20260105_214127_504_e7cfb93b_e6640be3,1.0,1,156239,416.9
tools,gepa,eog,email,4,2,1,task_20260106_213903_609_e7cfb93b_5e95c001,1.0,1,80592,154.8
tools,gepa,eog,email,4,2,1,task_20260108_050214_962_e5bf1251_0cabbd3d,0.666667,0,53897,86.7
tools,gepa,eog,email,4,2,2,task_20251203_093009_456_701c5774_24b57fbd,0.5,0,129748,376.1
tools,gepa,eog,email,4,2,2,task_20251203_180743_144_e7cfb93b_56dbcb89,0.857143,0,94091,212.0
tools,gepa,eog,email,4,2,2,task_20260105_182555_369_e7cfb93b_c2cc205b,0.5,0,212746,459.9
tools,gepa,eog,email,4,2,2,task_20260105_214127_504_e7cfb93b_e6640be3,1.0,1,146179,403.3
tools,gepa,eog,email,4,2,2,task_20260106_213903_609_e7cfb93b_5e95c001,1.0,1,93079,135.4
tools,gepa,eog,email,4,2,2,task_20260108_050214_962_e5bf1251_0cabbd3d,0.666667,0,41136,71.0
tools,gepa,eog,email,4,2,3,task_20251203_093009_456_701c5774_24b57fbd,0.5,0,199540,591.7
tools,gepa,eog,email,4,2,3,task_20251203_180743_144_e7cfb93b_56dbcb89,1.0,1,120292,187.1
tools,gepa,eog,email,4,2,3,task_20260105_182555_369_e7cfb93b_c2cc205b,0.666667,0,189014,408.0
tools,gepa,eog,email,4,2,3,task_20260105_214127_504_e7cfb93b_e6640be3,1.0,1,102050,347.5
tools,gepa,eog,email,4,2,3,task_20260106_213903_609_e7cfb93b_5e95c001,1.0,1,82704,157.0
tools,gepa,eog,email,4,2,3,task_20260108_050214_962_e5bf1251_0cabbd3d,0.666667,0,57486,99.3
tools,gepa,eog,email,4,3,1,task_20251204_101148_724_701c5774_7cb6254a,1.0,1,104608,256.0
tools,gepa,eog,email,4,3,1,task_20251204_142444_575_e5bf1251_65039f7d,1.0,1,45064,80.7
tools,gepa,eog,email,4,3,1,task_20260105_233603_790_e7cfb93b_cc802e4b,1.0,1,164763,363.6
tools,gepa,eog,email,4,3,1,task_20260106_071510_179_911d75d7_0ae789ae,0.0,0,83352,168.2
tools,gepa,eog,email,4,3,1,task_20260107_125943_886_1628b966_f951b083,0.5,0,118854,135.8
tools,gepa,eog,email,4,3,1,task_20260107_142454_824_1628b966_4a482da4,1.0,1,60031,79.1
tools,gepa,eog,email,4,3,1,task_20260108_101001_581_701c5774_3ac4e4fb,0.25,0,170218,588.5
tools,gepa,eog,email,4,3,2,task_20251204_101148_724_701c5774_7cb6254a,0.333333,0,92882,368.4
tools,gepa,eog,email,4,3,2,task_20251204_142444_575_e5bf1251_65039f7d,1.0,1,56975,112.9
tools,gepa,eog,email,4,3,2,task_20260105_233603_790_e7cfb93b_cc802e4b,1.0,1,135573,387.5
tools,gepa,eog,email,4,3,2,task_20260106_071510_179_911d75d7_0ae789ae,0.0,0,83028,237.8
tools,gepa,eog,email,4,3,2,task_20260107_125943_886_1628b966_f951b083,0.5,0,118137,138.5
tools,gepa,eog,email,4,3,2,task_20260107_142454_824_1628b966_4a482da4,1.0,1,60776,90.1
tools,gepa,eog,email,4,3,2,task_20260108_101001_581_701c5774_3ac4e4fb,0.25,0,136257,394.9
tools,gepa,eog,email,4,3,3,task_20251204_101148_724_701c5774_7cb6254a,1.0,1,103948,330.4
tools,gepa,eog,email,4,3,3,task_20251204_142444_575_e5bf1251_65039f7d,1.0,1,46882,115.7
tools,gepa,eog,email,4,3,3,task_20260105_233603_790_e7cfb93b_cc802e4b,1.0,1,114181,236.0
tools,gepa,eog,email,4,3,3,task_20260106_071510_179_911d75d7_0ae789ae,0.0,0,99445,294.2
tools,gepa,eog,email,4,3,3,task_20260107_125943_886_1628b966_f951b083,0.5,0,73548,129.0
tools,gepa,eog,email,4,3,3,task_20260107_142454_824_1628b966_4a482da4,1.0,1,60536,92.2
tools,gepa,eog,email,4,3,3,task_20260108_101001_581_701c5774_3ac4e4fb,0.25,0,122457,506.2
tools,gepa,eog,email,4,4,1,task_20251125_150631_436_e5bf1251_77dd7cbb,0.5,0,62824,120.9
tools,gepa,eog,email,4,4,1,task_20251127_150451_336_701c5774_c2e9609a,0.666667,0,172839,439.1
tools,gepa,eog,email,4,4,1,task_20251203_113003_327_701c5774_2e2c97d2,1.0,1,45199,85.0
tools,gepa,eog,email,4,4,1,task_20251203_120537_904_701c5774_849b4b7c,0.666667,0,43777,66.0
tools,gepa,eog,email,4,4,1,task_20251204_083406_171_e7cfb93b_89e0d558,0.5,0,182295,494.8
tools,gepa,eog,email,4,4,1,task_20251204_145059_811_e5bf1251_3b195ec1,1.0,1,45647,79.9
tools,gepa,eog,email,4,4,1,task_20251209_094942_478_701c5774_dc4a4b13,0.0,0,185989,724.1
tools,gepa,eog,email,4,4,1,task_20251212_162948_602_8ce75c22_8b25a027,1.0,1,130618,152.4
tools,gepa,eog,email,4,4,1,task_20260106_050111_551_701c5774_419d6733,0.333333,0,115890,452.9
tools,gepa,eog,email,4,4,1,task_20260107_160335_693_911d75d7_d116d7cf,0.5,0,96123,251.6
tools,gepa,eog,email,4,4,1,task_20260107_191539_515_911d75d7_3ea7750e,0.5,0,97875,229.4
tools,gepa,eog,email,4,4,1,task_20260107_214637_627_911d75d7_eb9d8622,0.0,0,41998,132.7
tools,gepa,eog,email,4,4,2,task_20251125_150631_436_e5bf1251_77dd7cbb,0.5,0,61952,126.0
tools,gepa,eog,email,4,4,2,task_20251127_150451_336_701c5774_c2e9609a,1.0,1,104293,322.6
tools,gepa,eog,email,4,4,2,task_20251203_113003_327_701c5774_2e2c97d2,1.0,1,42393,49.1
tools,gepa,eog,email,4,4,2,task_20251203_120537_904_701c5774_849b4b7c,0.666667,0,52665,35.3
tools,gepa,eog,email,4,4,2,task_20251204_083406_171_e7cfb93b_89e0d558,0.4,0,108743,292.1
tools,gepa,eog,email,4,4,2,task_20251204_145059_811_e5bf1251_3b195ec1,1.0,1,45977,84.3
tools,gepa,eog,email,4,4,2,task_20251209_094942_478_701c5774_dc4a4b13,0.0,0,203467,760.9
tools,gepa,eog,email,4,4,2,task_20251212_162948_602_8ce75c22_8b25a027,1.0,1,127539,112.4
tools,gepa,eog,email,4,4,2,task_20260106_050111_551_701c5774_419d6733,0.333333,0,88749,342.3
tools,gepa,eog,email,4,4,2,task_20260107_160335_693_911d75d7_d116d7cf,0.5,0,93109,159.9
tools,gepa,eog,email,4,4,2,task_20260107_191539_515_911d75d7_3ea7750e,1.0,1,97225,238.1
tools,gepa,eog,email,4,4,2,task_20260107_214637_627_911d75d7_eb9d8622,0.0,0,66899,132.9
tools,gepa,eog,email,4,4,3,task_20251125_150631_436_e5bf1251_77dd7cbb,0.5,0,62448,116.8
tools,gepa,eog,email,4,4,3,task_20251127_150451_336_701c5774_c2e9609a,1.0,1,99361,192.8
tools,gepa,eog,email,4,4,3,task_20251203_113003_327_701c5774_2e2c97d2,1.0,1,54407,56.4
tools,gepa,eog,email,4,4,3,task_20251203_120537_904_701c5774_849b4b7c,0.666667,0,53769,47.1
tools,gepa,eog,email,4,4,3,task_20251204_083406_171_e7cfb93b_89e0d558,0.9,0,216297,672.1
tools,gepa,eog,email,4,4,3,task_20251204_145059_811_e5bf1251_3b195ec1,1.0,1,70882,118.1
tools,gepa,eog,email,4,4,3,task_20251209_094942_478_701c5774_dc4a4b13,0.0,0,221907,749.4
tools,gepa,eog,email,4,4,3,task_20251212_162948_602_8ce75c22_8b25a027,1.0,1,111728,94.1
tools,gepa,eog,email,4,4,3,task_20260106_050111_551_701c5774_419d6733,0.333333,0,91358,394.7
tools,gepa,eog,email,4,4,3,task_20260107_160335_693_911d75d7_d116d7cf,0.5,0,109936,195.9
tools,gepa,eog,email,4,4,3,task_20260107_191539_515_911d75d7_3ea7750e,0.5,0,112190,302.9
tools,gepa,eog,email,4,4,3,task_20260107_214637_627_911d75d7_eb9d8622,0.0,0,52604,75.0
tools,gepa,eog,email,4,5,1,task_20251125_154624_258_701c5774_59c41eed,0.0,0,223860,766.0
tools,gepa,eog,email,4,5,1,task_20251125_202309_857_e7cfb93b_9c156259,1.0,1,171687,512.3
tools,gepa,eog,email,4,5,1,task_20251128_154607_365_1628b966_a730b5cf,1.0,1,43040,86.5
tools,gepa,eog,email,4,5,1,task_20251204_120643_371_8ce75c22_f09e1799,1.0,1,204291,702.3
tools,gepa,eog,email,4,5,1,task_20251204_153830_645_1628b966_3df25b52,1.0,1,97117,365.3
tools,gepa,eog,email,4,5,1,task_20251211_054846_540_e5bf1251_265c5883,0.666667,0,178035,504.7
tools,gepa,eog,email,4,5,1,task_20251211_100706_985_701c5774_8d658f71,0.5,0,186035,476.4
tools,gepa,eog,email,4,5,1,task_20251212_072144_983_8ce75c22_1b848fdd,1.0,1,263505,771.2
tools,gepa,eog,email,4,5,1,task_20260107_131200_705_1628b966_84e87e0f,0.5,0,143556,394.8
tools,gepa,eog,email,4,5,1,task_20260107_141130_029_1628b966_8e264839,0.5,0,242537,732.8
tools,gepa,eog,email,4,5,1,task_20260108_031733_760_e5bf1251_9e81ad1b,1.0,1,195219,704.9
tools,gepa,eog,email,4,5,1,task_20260109_080715_585_911d75d7_ded91685,1.0,1,94330,345.0
tools,gepa,eog,email,4,5,1,task_20260109_160851_122_911d75d7_3ece8e5e,0.0,0,71050,263.9
tools,gepa,eog,email,4,5,2,task_20251125_154624_258_701c5774_59c41eed,0.0,0,218129,707.4
tools,gepa,eog,email,4,5,2,task_20251125_202309_857_e7cfb93b_9c156259,1.0,1,214671,593.2
tools,gepa,eog,email,4,5,2,task_20251128_154607_365_1628b966_a730b5cf,1.0,1,42943,80.4
tools,gepa,eog,email,4,5,2,task_20251204_120643_371_8ce75c22_f09e1799,1.0,1,120606,488.9
tools,gepa,eog,email,4,5,2,task_20251204_153830_645_1628b966_3df25b52,1.0,1,93656,243.8
tools,gepa,eog,email,4,5,2,task_20251211_054846_540_e5bf1251_265c5883,0.666667,0,86284,218.7
tools,gepa,eog,email,4,5,2,task_20251211_100706_985_701c5774_8d658f71,0.5,0,235565,628.0
tools,gepa,eog,email,4,5,2,task_20251212_072144_983_8ce75c22_1b848fdd,1.0,1,205010,400.1
tools,gepa,eog,email,4,5,2,task_20260107_131200_705_1628b966_84e87e0f,0.5,0,89992,316.9
tools,gepa,eog,email,4,5,2,task_20260107_141130_029_1628b966_8e264839,0.0,0,145247,602.6
tools,gepa,eog,email,4,5,2,task_20260108_031733_760_e5bf1251_9e81ad1b,1.0,1,283535,702.8
tools,gepa,eog,email,4,5,2,task_20260109_080715_585_911d75d7_ded91685,1.0,1,116081,469.7
tools,gepa,eog,email,4,5,2,task_20260109_160851_122_911d75d7_3ece8e5e,0.0,0,68488,182.5
tools,gepa,eog,email,4,5,3,task_20251125_154624_258_701c5774_59c41eed,0.666667,0,309840,742.0
tools,gepa,eog,email,4,5,3,task_20251125_202309_857_e7cfb93b_9c156259,1.0,1,184614,463.1
tools,gepa,eog,email,4,5,3,task_20251128_154607_365_1628b966_a730b5cf,1.0,1,57548,94.0
tools,gepa,eog,email,4,5,3,task_20251204_120643_371_8ce75c22_f09e1799,1.0,1,131383,410.9
tools,gepa,eog,email,4,5,3,task_20251204_153830_645_1628b966_3df25b52,1.0,1,113525,333.2
tools,gepa,eog,email,4,5,3,task_20251211_054846_540_e5bf1251_265c5883,0.666667,0,138764,326.6
tools,gepa,eog,email,4,5,3,task_20251211_100706_985_701c5774_8d658f71,0.25,0,233887,739.8
tools,gepa,eog,email,4,5,3,task_20251212_072144_983_8ce75c22_1b848fdd,1.0,1,236402,486.1
tools,gepa,eog,email,4,5,3,task_20260107_131200_705_1628b966_84e87e0f,0.5,0,164291,356.7
tools,gepa,eog,email,4,5,3,task_20260107_141130_029_1628b966_8e264839,0.0,0,184082,665.2
tools,gepa,eog,email,4,5,3,task_20260108_031733_760_e5bf1251_9e81ad1b,1.0,1,143861,335.2
tools,gepa,eog,email,4,5,3,task_20260109_080715_585_911d75d7_ded91685,1.0,1,133697,352.5
tools,gepa,eog,email,4,5,3,task_20260109_160851_122_911d75d7_3ece8e5e,0.0,0,85665,282.9
tools,gepa,eog,email,5,1,1,task_20260106_060646_574_1628b966_0fc7207a,1.0,1,189058,358.4
tools,gepa,eog,email,5,1,1,task_20260106_140034_876_e7cfb93b_fc943e0e,0.2,0,157742,416.8
tools,gepa,eog,email,5,1,2,task_20260106_060646_574_1628b966_0fc7207a,1.0,1,102146,215.4
tools,gepa,eog,email,5,1,2,task_20260106_140034_876_e7cfb93b_fc943e0e,0.2,0,134616,230.4
tools,gepa,eog,email,5,1,3,task_20260106_060646_574_1628b966_0fc7207a,1.0,1,147343,212.2
tools,gepa,eog,email,5,1,3,task_20260106_140034_876_e7cfb93b_fc943e0e,0.2,0,135021,272.1
tools,gepa,eog,email,5,2,1,task_20251203_093009_456_701c5774_24b57fbd,0.0,0,165916,550.0
tools,gepa,eog,email,5,2,1,task_20251203_180743_144_e7cfb93b_56dbcb89,1.0,1,124479,265.1
tools,gepa,eog,email,5,2,1,task_20260105_182555_369_e7cfb93b_c2cc205b,0.833333,0,204224,270.9
tools,gepa,eog,email,5,2,1,task_20260105_214127_504_e7cfb93b_e6640be3,1.0,1,197692,396.4
tools,gepa,eog,email,5,2,1,task_20260106_213903_609_e7cfb93b_5e95c001,1.0,1,118571,202.6
tools,gepa,eog,email,5,2,1,task_20260108_050214_962_e5bf1251_0cabbd3d,0.666667,0,115673,151.5
tools,gepa,eog,email,5,2,2,task_20251203_093009_456_701c5774_24b57fbd,0.0,0,198097,539.4
tools,gepa,eog,email,5,2,2,task_20251203_180743_144_e7cfb93b_56dbcb89,1.0,1,108237,167.7
tools,gepa,eog,email,5,2,2,task_20260105_182555_369_e7cfb93b_c2cc205b,0.833333,0,203806,466.0
tools,gepa,eog,email,5,2,2,task_20260105_214127_504_e7cfb93b_e6640be3,0.875,0,253696,621.4
tools,gepa,eog,email,5,2,2,task_20260106_213903_609_e7cfb93b_5e95c001,1.0,1,96729,214.1
tools,gepa,eog,email,5,2,2,task_20260108_050214_962_e5bf1251_0cabbd3d,0.666667,0,94934,172.6
tools,gepa,eog,email,5,2,3,task_20251203_093009_456_701c5774_24b57fbd,0.0,0,193420,453.7
tools,gepa,eog,email,5,2,3,task_20251203_180743_144_e7cfb93b_56dbcb89,1.0,1,143759,258.2
tools,gepa,eog,email,5,2,3,task_20260105_182555_369_e7cfb93b_c2cc205b,0.666667,0,206548,404.7
tools,gepa,eog,email,5,2,3,task_20260105_214127_504_e7cfb93b_e6640be3,0.875,0,158022,606.3
tools,gepa,eog,email,5,2,3,task_20260106_213903_609_e7cfb93b_5e95c001,1.0,1,174624,181.7
tools,gepa,eog,email,5,2,3,task_20260108_050214_962_e5bf1251_0cabbd3d,0.666667,0,115747,307.0
tools,gepa,eog,email,5,3,1,task_20251204_101148_724_701c5774_7cb6254a,1.0,1,115759,339.4
tools,gepa,eog,email,5,3,1,task_20251204_142444_575_e5bf1251_65039f7d,1.0,1,75844,135.5
tools,gepa,eog,email,5,3,1,task_20260105_233603_790_e7cfb93b_cc802e4b,1.0,1,166107,274.2
tools,gepa,eog,email,5,3,1,task_20260106_071510_179_911d75d7_0ae789ae,0.0,0,121098,231.7
tools,gepa,eog,email,5,3,1,task_20260107_125943_886_1628b966_f951b083,0.5,0,72606,152.5
tools,gepa,eog,email,5,3,1,task_20260107_142454_824_1628b966_4a482da4,1.0,1,76854,107.6
tools,gepa,eog,email,5,3,1,task_20260108_101001_581_701c5774_3ac4e4fb,0.25,0,161986,322.6
tools,gepa,eog,email,5,3,2,task_20251204_101148_724_701c5774_7cb6254a,1.0,1,149218,262.1
tools,gepa,eog,email,5,3,2,task_20251204_142444_575_e5bf1251_65039f7d,1.0,1,58972,73.7
tools,gepa,eog,email,5,3,2,task_20260105_233603_790_e7cfb93b_cc802e4b,1.0,1,191522,275.0
tools,gepa,eog,email,5,3,2,task_20260106_071510_179_911d75d7_0ae789ae,0.0,0,140943,217.7
tools,gepa,eog,email,5,3,2,task_20260107_125943_886_1628b966_f951b083,0.5,0,90628,100.1
tools,gepa,eog,email,5,3,2,task_20260107_142454_824_1628b966_4a482da4,1.0,1,110085,109.9
tools,gepa,eog,email,5,3,2,task_20260108_101001_581_701c5774_3ac4e4fb,0.25,0,276283,530.8
tools,gepa,eog,email,5,3,3,task_20251204_101148_724_701c5774_7cb6254a,1.0,1,194971,273.3
tools,gepa,eog,email,5,3,3,task_20251204_142444_575_e5bf1251_65039f7d,1.0,1,75780,101.8
tools,gepa,eog,email,5,3,3,task_20260105_233603_790_e7cfb93b_cc802e4b,1.0,1,208404,368.4
tools,gepa,eog,email,5,3,3,task_20260106_071510_179_911d75d7_0ae789ae,0.0,0,177487,288.3
tools,gepa,eog,email,5,3,3,task_20260107_125943_886_1628b966_f951b083,0.5,0,90362,84.2
tools,gepa,eog,email,5,3,3,task_20260107_142454_824_1628b966_4a482da4,1.0,1,112774,134.4
tools,gepa,eog,email,5,3,3,task_20260108_101001_581_701c5774_3ac4e4fb,0.25,0,205276,434.7
tools,gepa,eog,email,5,4,1,task_20251125_150631_436_e5bf1251_77dd7cbb,1.0,1,80350,113.9
tools,gepa,eog,email,5,4,1,task_20251127_150451_336_701c5774_c2e9609a,1.0,1,124928,160.4
tools,gepa,eog,email,5,4,1,task_20251203_113003_327_701c5774_2e2c97d2,0.666667,0,72232,61.8
tools,gepa,eog,email,5,4,1,task_20251203_120537_904_701c5774_849b4b7c,0.666667,0,86434,64.6
tools,gepa,eog,email,5,4,1,task_20251204_083406_171_e7cfb93b_89e0d558,0.8,0,235086,399.9
tools,gepa,eog,email,5,4,1,task_20251204_145059_811_e5bf1251_3b195ec1,1.0,1,45703,62.4
tools,gepa,eog,email,5,4,1,task_20251209_094942_478_701c5774_dc4a4b13,0.0,0,264234,619.8
tools,gepa,eog,email,5,4,1,task_20251212_162948_602_8ce75c22_8b25a027,1.0,1,204833,174.9
tools,gepa,eog,email,5,4,1,task_20260106_050111_551_701c5774_419d6733,1.0,1,189486,527.4
tools,gepa,eog,email,5,4,1,task_20260107_160335_693_911d75d7_d116d7cf,0.5,0,101892,108.9
tools,gepa,eog,email,5,4,1,task_20260107_191539_515_911d75d7_3ea7750e,1.0,1,119364,134.7
tools,gepa,eog,email,5,4,1,task_20260107_214637_627_911d75d7_eb9d8622,0.0,0,51204,65.5
tools,gepa,eog,email,5,4,2,task_20251125_150631_436_e5bf1251_77dd7cbb,1.0,1,77557,89.7
tools,gepa,eog,email,5,4,2,task_20251127_150451_336_701c5774_c2e9609a,1.0,1,198595,283.9
tools,gepa,eog,email,5,4,2,task_20251203_113003_327_701c5774_2e2c97d2,0.666667,0,71484,51.3
tools,gepa,eog,email,5,4,2,task_20251203_120537_904_701c5774_849b4b7c,1.0,1,91675,122.9
tools,gepa,eog,email,5,4,2,task_20251204_083406_171_e7cfb93b_89e0d558,0.9,0,284071,451.1
tools,gepa,eog,email,5,4,2,task_20251204_145059_811_e5bf1251_3b195ec1,1.0,1,73302,62.5
tools,gepa,eog,email,5,4,2,task_20251209_094942_478_701c5774_dc4a4b13,0.0,0,179171,405.9
tools,gepa,eog,email,5,4,2,task_20251212_162948_602_8ce75c22_8b25a027,1.0,1,157388,100.0
tools,gepa,eog,email,5,4,2,task_20260106_050111_551_701c5774_419d6733,0.333333,0,165295,374.8
tools,gepa,eog,email,5,4,2,task_20260107_160335_693_911d75d7_d116d7cf,0.5,0,101264,106.2
tools,gepa,eog,email,5,4,2,task_20260107_191539_515_911d75d7_3ea7750e,1.0,1,89591,156.9
tools,gepa,eog,email,5,4,2,task_20260107_214637_627_911d75d7_eb9d8622,0.0,0,51678,81.9
tools,gepa,eog,email,5,4,3,task_20251125_150631_436_e5bf1251_77dd7cbb,1.0,1,92447,101.9
tools,gepa,eog,email,5,4,3,task_20251127_150451_336_701c5774_c2e9609a,1.0,1,133314,185.6
tools,gepa,eog,email,5,4,3,task_20251203_113003_327_701c5774_2e2c97d2,0.666667,0,70396,33.3
tools,gepa,eog,email,5,4,3,task_20251203_120537_904_701c5774_849b4b7c,0.666667,0,57522,42.7
tools,gepa,eog,email,5,4,3,task_20251204_083406_171_e7cfb93b_89e0d558,0.8,0,184031,345.1
tools,gepa,eog,email,5,4,3,task_20251204_145059_811_e5bf1251_3b195ec1,1.0,1,44805,51.9
tools,gepa,eog,email,5,4,3,task_20251209_094942_478_701c5774_dc4a4b13,0.0,0,230526,709.3
tools,gepa,eog,email,5,4,3,task_20251212_162948_602_8ce75c22_8b25a027,1.0,1,225275,221.9
tools,gepa,eog,email,5,4,3,task_20260106_050111_551_701c5774_419d6733,1.0,1,176096,333.1
tools,gepa,eog,email,5,4,3,task_20260107_160335_693_911d75d7_d116d7cf,0.5,0,124235,236.0
tools,gepa,eog,email,5,4,3,task_20260107_191539_515_911d75d7_3ea7750e,1.0,1,122038,173.5
tools,gepa,eog,email,5,4,3,task_20260107_214637_627_911d75d7_eb9d8622,0.0,0,66933,92.0
tools,gepa,eog,email,5,5,1,task_20251125_154624_258_701c5774_59c41eed,0.0,0,329522,534.3
tools,gepa,eog,email,5,5,1,task_20251125_202309_857_e7cfb93b_9c156259,1.0,1,170902,236.7
tools,gepa,eog,email,5,5,1,task_20251128_154607_365_1628b966_a730b5cf,1.0,1,57202,57.9
tools,gepa,eog,email,5,5,1,task_20251204_120643_371_8ce75c22_f09e1799,0.8,0,201952,272.3
tools,gepa,eog,email,5,5,1,task_20251204_153830_645_1628b966_3df25b52,1.0,1,112561,133.3
tools,gepa,eog,email,5,5,1,task_20251211_054846_540_e5bf1251_265c5883,0.666667,0,123644,166.8
tools,gepa,eog,email,5,5,1,task_20251211_100706_985_701c5774_8d658f71,0.5,0,383317,480.2
tools,gepa,eog,email,5,5,1,task_20251212_072144_983_8ce75c22_1b848fdd,1.0,1,260173,257.6
tools,gepa,eog,email,5,5,1,task_20260107_131200_705_1628b966_84e87e0f,0.5,0,101793,157.1
tools,gepa,eog,email,5,5,1,task_20260107_141130_029_1628b966_8e264839,0.0,0,103115,200.3
tools,gepa,eog,email,5,5,1,task_20260108_031733_760_e5bf1251_9e81ad1b,1.0,1,209080,176.2
tools,gepa,eog,email,5,5,1,task_20260109_080715_585_911d75d7_ded91685,1.0,1,96269,165.3
tools,gepa,eog,email,5,5,1,task_20260109_160851_122_911d75d7_3ece8e5e,0.0,0,34645,75.2
tools,gepa,eog,email,5,5,2,task_20251125_154624_258_701c5774_59c41eed,0.666667,0,252118,361.5
tools,gepa,eog,email,5,5,2,task_20251125_202309_857_e7cfb93b_9c156259,1.0,1,159277,210.5
tools,gepa,eog,email,5,5,2,task_20251128_154607_365_1628b966_a730b5cf,1.0,1,43113,41.9
tools,gepa,eog,email,5,5,2,task_20251204_120643_371_8ce75c22_f09e1799,1.0,1,272528,420.5
tools,gepa,eog,email,5,5,2,task_20251204_153830_645_1628b966_3df25b52,1.0,1,77732,85.9
tools,gepa,eog,email,5,5,2,task_20251211_054846_540_e5bf1251_265c5883,0.666667,0,125070,178.2
tools,gepa,eog,email,5,5,2,task_20251211_100706_985_701c5774_8d658f71,0.5,0,260295,386.2
tools,gepa,eog,email,5,5,2,task_20251212_072144_983_8ce75c22_1b848fdd,0.8,0,177961,246.4
tools,gepa,eog,email,5,5,2,task_20260107_131200_705_1628b966_84e87e0f,0.5,0,66500,91.0
tools,gepa,eog,email,5,5,2,task_20260107_141130_029_1628b966_8e264839,0.0,0,140789,253.7
tools,gepa,eog,email,5,5,2,task_20260108_031733_760_e5bf1251_9e81ad1b,1.0,1,179769,163.6
tools,gepa,eog,email,5,5,2,task_20260109_080715_585_911d75d7_ded91685,1.0,1,93936,124.3
tools,gepa,eog,email,5,5,2,task_20260109_160851_122_911d75d7_3ece8e5e,0.0,0,68174,105.5
tools,gepa,eog,email,5,5,3,task_20251125_154624_258_701c5774_59c41eed,0.666667,0,223699,370.4
tools,gepa,eog,email,5,5,3,task_20251125_202309_857_e7cfb93b_9c156259,1.0,1,224300,336.9
tools,gepa,eog,email,5,5,3,task_20251128_154607_365_1628b966_a730b5cf,1.0,1,69364,30.7
tools,gepa,eog,email,5,5,3,task_20251204_120643_371_8ce75c22_f09e1799,0.8,0,336883,512.7
tools,gepa,eog,email,5,5,3,task_20251204_153830_645_1628b966_3df25b52,1.0,1,93999,131.0
tools,gepa,eog,email,5,5,3,task_20251211_054846_540_e5bf1251_265c5883,0.666667,0,108139,163.8
tools,gepa,eog,email,5,5,3,task_20251211_100706_985_701c5774_8d658f71,0.75,0,344853,517.3
tools,gepa,eog,email,5,5,3,task_20251212_072144_983_8ce75c22_1b848fdd,1.0,1,189765,145.3
tools,gepa,eog,email,5,5,3,task_20260107_131200_705_1628b966_84e87e0f,0.5,0,123752,165.7
tools,gepa,eog,email,5,5,3,task_20260107_141130_029_1628b966_8e264839,0.5,0,244011,372.4
tools,gepa,eog,email,5,5,3,task_20260108_031733_760_e5bf1251_9e81ad1b,1.0,1,276743,375.2
tools,gepa,eog,email,5,5,3,task_20260109_080715_585_911d75d7_ded91685,1.0,1,115224,190.9
tools,gepa,eog,email,5,5,3,task_20260109_160851_122_911d75d7_3ece8e5e,0.0,0,69990,145.1
tools,gepa,eog,email,5,6,1,task_20251203_104951_949_701c5774_5a606512,0.0,0,154055,578.4
tools,gepa,eog,email,5,6,1,task_20251204_144745_585_e5bf1251_4e4c189d,1.0,1,89400,139.8
tools,gepa,eog,email,5,6,1,task_20251211_194841_657_8ce75c22_43c6bc2f,1.0,1,353679,548.2
tools,gepa,eog,email,5,6,1,task_20260106_052248_226_1628b966_d8c22aed,0.666667,0,328244,1095.1
tools,gepa,eog,email,5,6,1,task_20260108_143038_654_e5bf1251_b9e616b8,1.0,1,84244,145.1
tools,gepa,eog,email,5,6,1,task_20260109_170111_125_8ce75c22_1c7034c5,1.0,1,79869,183.3
tools,gepa,eog,email,5,6,2,task_20251203_104951_949_701c5774_5a606512,0.5,0,163353,1019.3
tools,gepa,eog,email,5,6,2,task_20251204_144745_585_e5bf1251_4e4c189d,1.0,1,73301,92.3
tools,gepa,eog,email,5,6,2,task_20251211_194841_657_8ce75c22_43c6bc2f,1.0,1,294654,340.2
tools,gepa,eog,email,5,6,2,task_20260106_052248_226_1628b966_d8c22aed,1.0,1,232072,666.1
tools,gepa,eog,email,5,6,2,task_20260108_143038_654_e5bf1251_b9e616b8,1.0,1,103255,132.9
tools,gepa,eog,email,5,6,2,task_20260109_170111_125_8ce75c22_1c7034c5,1.0,1,203455,493.9
tools,gepa,eog,email,5,6,3,task_20251203_104951_949_701c5774_5a606512,0.0,0,173022,745.4
tools,gepa,eog,email,5,6,3,task_20251204_144745_585_e5bf1251_4e4c189d,1.0,1,90099,124.4
tools,gepa,eog,email,5,6,3,task_20251211_194841_657_8ce75c22_43c6bc2f,1.0,1,266447,286.2
tools,gepa,eog,email,5,6,3,task_20260106_052248_226_1628b966_d8c22aed,1.0,1,222417,482.3
tools,gepa,eog,email,5,6,3,task_20260108_143038_654_e5bf1251_b9e616b8,0.5,0,62130,100.6
tools,gepa,eog,email,5,6,3,task_20260109_170111_125_8ce75c22_1c7034c5,1.0,1,59424,155.5
tools,gepa,eog,email,6,1,1,task_20260106_060646_574_1628b966_0fc7207a,1.0,1,248811,371.0
tools,gepa,eog,email,6,1,1,task_20260106_140034_876_e7cfb93b_fc943e0e,0.6,0,289942,463.6
tools,gepa,eog,email,6,1,2,task_20260106_060646_574_1628b966_0fc7207a,1.0,1,238590,307.4
tools,gepa,eog,email,6,1,2,task_20260106_140034_876_e7cfb93b_fc943e0e,0.2,0,123021,266.0
tools,gepa,eog,email,6,1,3,task_20260106_060646_574_1628b966_0fc7207a,1.0,1,333835,347.7
tools,gepa,eog,email,6,1,3,task_20260106_140034_876_e7cfb93b_fc943e0e,0.6,0,120350,228.8
tools,gepa,eog,email,6,2,1,task_20251203_093009_456_701c5774_24b57fbd,0.0,0,153848,411.4
tools,gepa,eog,email,6,2,1,task_20251203_180743_144_e7cfb93b_56dbcb89,1.0,1,199201,236.4
tools,gepa,eog,email,6,2,1,task_20260105_182555_369_e7cfb93b_c2cc205b,0.666667,0,300448,534.6
tools,gepa,eog,email,6,2,1,task_20260105_214127_504_e7cfb93b_e6640be3,1.0,1,236283,450.6
tools,gepa,eog,email,6,2,1,task_20260106_213903_609_e7cfb93b_5e95c001,1.0,1,140965,188.0
tools,gepa,eog,email,6,2,1,task_20260108_050214_962_e5bf1251_0cabbd3d,0.666667,0,112439,132.9
tools,gepa,eog,email,6,2,2,task_20251203_093009_456_701c5774_24b57fbd,0.5,0,262348,608.9
tools,gepa,eog,email,6,2,2,task_20251203_180743_144_e7cfb93b_56dbcb89,1.0,1,150219,217.1
tools,gepa,eog,email,6,2,2,task_20260105_182555_369_e7cfb93b_c2cc205b,0.833333,0,230003,256.8
tools,gepa,eog,email,6,2,2,task_20260105_214127_504_e7cfb93b_e6640be3,1.0,1,129377,325.1
tools,gepa,eog,email,6,2,2,task_20260106_213903_609_e7cfb93b_5e95c001,1.0,1,118002,180.5
tools,gepa,eog,email,6,2,2,task_20260108_050214_962_e5bf1251_0cabbd3d,0.666667,0,113413,150.2
tools,gepa,eog,email,6,2,3,task_20251203_093009_456_701c5774_24b57fbd,0.0,0,413174,667.0
tools,gepa,eog,email,6,2,3,task_20251203_180743_144_e7cfb93b_56dbcb89,1.0,1,112403,139.9
tools,gepa,eog,email,6,2,3,task_20260105_182555_369_e7cfb93b_c2cc205b,0.833333,0,271555,346.1
tools,gepa,eog,email,6,2,3,task_20260105_214127_504_e7cfb93b_e6640be3,1.0,1,211854,326.5
tools,gepa,eog,email,6,2,3,task_20260106_213903_609_e7cfb93b_5e95c001,1.0,1,379713,202.0
tools,gepa,eog,email,6,2,3,task_20260108_050214_962_e5bf1251_0cabbd3d,0.666667,0,107285,135.4
tools,gepa,eog,email,6,3,1,task_20251204_101148_724_701c5774_7cb6254a,0.333333,0,297472,515.5
tools,gepa,eog,email,6,3,1,task_20251204_142444_575_e5bf1251_65039f7d,1.0,1,91446,115.2
tools,gepa,eog,email,6,3,1,task_20260105_233603_790_e7cfb93b_cc802e4b,1.0,1,218653,285.3
tools,gepa,eog,email,6,3,1,task_20260106_071510_179_911d75d7_0ae789ae,0.0,0,168420,270.0
tools,gepa,eog,email,6,3,1,task_20260107_125943_886_1628b966_f951b083,0.5,0,105226,97.0
tools,gepa,eog,email,6,3,1,task_20260107_142454_824_1628b966_4a482da4,1.0,1,128379,107.6
tools,gepa,eog,email,6,3,1,task_20260108_101001_581_701c5774_3ac4e4fb,0.25,0,500858,969.1
tools,gepa,eog,email,6,3,2,task_20251204_101148_724_701c5774_7cb6254a,0.333333,0,427421,545.6
tools,gepa,eog,email,6,3,2,task_20251204_142444_575_e5bf1251_65039f7d,1.0,1,74324,80.0
tools,gepa,eog,email,6,3,2,task_20260105_233603_790_e7cfb93b_cc802e4b,1.0,1,169336,262.6
tools,gepa,eog,email,6,3,2,task_20260106_071510_179_911d75d7_0ae789ae,0.0,0,121026,123.6
tools,gepa,eog,email,6,3,2,task_20260107_125943_886_1628b966_f951b083,0.5,0,128308,99.3
tools,gepa,eog,email,6,3,2,task_20260107_142454_824_1628b966_4a482da4,1.0,1,160588,135.7
tools,gepa,eog,email,6,3,2,task_20260108_101001_581_701c5774_3ac4e4fb,0.25,0,301728,769.5
tools,gepa,eog,email,6,3,3,task_20251204_101148_724_701c5774_7cb6254a,1.0,1,134969,170.2
tools,gepa,eog,email,6,3,3,task_20251204_142444_575_e5bf1251_65039f7d,1.0,1,71603,75.8
tools,gepa,eog,email,6,3,3,task_20260105_233603_790_e7cfb93b_cc802e4b,1.0,1,220359,267.1
tools,gepa,eog,email,6,3,3,task_20260106_071510_179_911d75d7_0ae789ae,0.0,0,141436,145.2
tools,gepa,eog,email,6,3,3,task_20260107_125943_886_1628b966_f951b083,0.5,0,106293,95.9
tools,gepa,eog,email,6,3,3,task_20260107_142454_824_1628b966_4a482da4,1.0,1,130113,115.6
tools,gepa,eog,email,6,3,3,task_20260108_101001_581_701c5774_3ac4e4fb,0.25,0,347992,629.4
tools,gepa,eog,email,6,4,1,task_20251125_150631_436_e5bf1251_77dd7cbb,0.5,0,96105,108.9
tools,gepa,eog,email,6,4,1,task_20251127_150451_336_701c5774_c2e9609a,1.0,1,175401,215.4
tools,gepa,eog,email,6,4,1,task_20251203_113003_327_701c5774_2e2c97d2,0.666667,0,86153,37.8
tools,gepa,eog,email,6,4,1,task_20251203_120537_904_701c5774_849b4b7c,0.666667,0,87086,68.6
tools,gepa,eog,email,6,4,1,task_20251204_083406_171_e7cfb93b_89e0d558,1.0,1,292104,321.2
tools,gepa,eog,email,6,4,1,task_20251204_145059_811_e5bf1251_3b195ec1,1.0,1,73460,64.4
tools,gepa,eog,email,6,4,1,task_20251209_094942_478_701c5774_dc4a4b13,0.0,0,262206,494.0
tools,gepa,eog,email,6,4,1,task_20251212_162948_602_8ce75c22_8b25a027,1.0,1,182609,91.1
tools,gepa,eog,email,6,4,1,task_20260106_050111_551_701c5774_419d6733,0.333333,0,204807,272.0
tools,gepa,eog,email,6,4,1,task_20260107_160335_693_911d75d7_d116d7cf,0.5,0,120585,100.4
tools,gepa,eog,email,6,4,1,task_20260107_191539_515_911d75d7_3ea7750e,0.5,0,121874,108.3
tools,gepa,eog,email,6,4,1,task_20260107_214637_627_911d75d7_eb9d8622,0.0,0,40301,43.3
tools,gepa,eog,email,6,4,2,task_20251125_150631_436_e5bf1251_77dd7cbb,1.0,1,115106,127.0
tools,gepa,eog,email,6,4,2,task_20251127_150451_336_701c5774_c2e9609a,1.0,1,131986,149.8
tools,gepa,eog,email,6,4,2,task_20251203_113003_327_701c5774_2e2c97d2,1.0,1,54179,53.1
tools,gepa,eog,email,6,4,2,task_20251203_120537_904_701c5774_849b4b7c,0.666667,0,89094,60.5
tools,gepa,eog,email,6,4,2,task_20251204_083406_171_e7cfb93b_89e0d558,0.9,0,201864,269.2
tools,gepa,eog,email,6,4,2,task_20251204_145059_811_e5bf1251_3b195ec1,1.0,1,72806,78.3
tools,gepa,eog,email,6,4,2,task_20251209_094942_478_701c5774_dc4a4b13,0.0,0,181796,317.7
tools,gepa,eog,email,6,4,2,task_20251212_162948_602_8ce75c22_8b25a027,1.0,1,181491,98.0
tools,gepa,eog,email,6,4,2,task_20260106_050111_551_701c5774_419d6733,0.333333,0,301980,437.8
tools,gepa,eog,email,6,4,2,task_20260107_160335_693_911d75d7_d116d7cf,0.5,0,123126,165.3
tools,gepa,eog,email,6,4,2,task_20260107_191539_515_911d75d7_3ea7750e,0.5,0,122177,128.7
tools,gepa,eog,email,6,4,2,task_20260107_214637_627_911d75d7_eb9d8622,0.0,0,79975,81.4
tools,gepa,eog,email,6,4,3,task_20251125_150631_436_e5bf1251_77dd7cbb,0.5,0,95515,107.5
tools,gepa,eog,email,6,4,3,task_20251127_150451_336_701c5774_c2e9609a,1.0,1,175061,218.7
tools,gepa,eog,email,6,4,3,task_20251203_113003_327_701c5774_2e2c97d2,1.0,1,86781,40.8
tools,gepa,eog,email,6,4,3,task_20251203_120537_904_701c5774_849b4b7c,0.666667,0,86353,36.7
tools,gepa,eog,email,6,4,3,task_20251204_083406_171_e7cfb93b_89e0d558,0.8,0,267261,396.5
tools,gepa,eog,email,6,4,3,task_20251204_145059_811_e5bf1251_3b195ec1,1.0,1,73589,73.7
tools,gepa,eog,email,6,4,3,task_20251209_094942_478_701c5774_dc4a4b13,0.0,0,233581,497.8
tools,gepa,eog,email,6,4,3,task_20251212_162948_602_8ce75c22_8b25a027,1.0,1,201705,97.2
tools,gepa,eog,email,6,4,3,task_20260106_050111_551_701c5774_419d6733,0.333333,0,322542,484.6
tools,gepa,eog,email,6,4,3,task_20260107_160335_693_911d75d7_d116d7cf,0.5,0,160452,124.4
tools,gepa,eog,email,6,4,3,task_20260107_191539_515_911d75d7_3ea7750e,1.0,1,139164,111.9
tools,gepa,eog,email,6,4,3,task_20260107_214637_627_911d75d7_eb9d8622,0.0,0,79190,67.2
tools,gepa,eog,email,6,5,1,task_20251125_154624_258_701c5774_59c41eed,1.0,1,255870,374.6
tools,gepa,eog,email,6,5,1,task_20251125_202309_857_e7cfb93b_9c156259,1.0,1,202734,253.7
tools,gepa,eog,email,6,5,1,task_20251128_154607_365_1628b966_a730b5cf,1.0,1,51802,37.4
tools,gepa,eog,email,6,5,1,task_20251204_120643_371_8ce75c22_f09e1799,0.8,0,243773,345.4
tools,gepa,eog,email,6,5,1,task_20251204_153830_645_1628b966_3df25b52,1.0,1,131311,104.0
tools,gepa,eog,email,6,5,1,task_20251211_054846_540_e5bf1251_265c5883,0.666667,0,195293,180.3
tools,gepa,eog,email,6,5,1,task_20251211_100706_985_701c5774_8d658f71,0.5,0,279020,325.3
tools,gepa,eog,email,6,5,1,task_20251212_072144_983_8ce75c22_1b848fdd,1.0,1,226440,219.4
tools,gepa,eog,email,6,5,1,task_20260107_131200_705_1628b966_84e87e0f,0.5,0,149153,174.9
tools,gepa,eog,email,6,5,1,task_20260107_141130_029_1628b966_8e264839,0.0,0,235993,350.8
tools,gepa,eog,email,6,5,1,task_20260108_031733_760_e5bf1251_9e81ad1b,1.0,1,222359,371.3
tools,gepa,eog,email,6,5,1,task_20260109_080715_585_911d75d7_ded91685,1.0,1,110838,145.7
tools,gepa,eog,email,6,5,1,task_20260109_160851_122_911d75d7_3ece8e5e,0.0,0,80700,88.5
tools,gepa,eog,email,6,5,2,task_20251125_154624_258_701c5774_59c41eed,1.0,1,169734,305.6
tools,gepa,eog,email,6,5,2,task_20251125_202309_857_e7cfb93b_9c156259,1.0,1,152133,209.5
tools,gepa,eog,email,6,5,2,task_20251128_154607_365_1628b966_a730b5cf,1.0,1,52492,40.7
tools,gepa,eog,email,6,5,2,task_20251204_120643_371_8ce75c22_f09e1799,0.8,0,156873,263.1
tools,gepa,eog,email,6,5,2,task_20251204_153830_645_1628b966_3df25b52,1.0,1,94034,123.8
tools,gepa,eog,email,6,5,2,task_20251211_054846_540_e5bf1251_265c5883,0.666667,0,167075,186.1
tools,gepa,eog,email,6,5,2,task_20251211_100706_985_701c5774_8d658f71,0.5,0,287814,436.0
tools,gepa,eog,email,6,5,2,task_20251212_072144_983_8ce75c22_1b848fdd,1.0,1,316452,317.9
tools,gepa,eog,email,6,5,2,task_20260107_131200_705_1628b966_84e87e0f,0.5,0,68951,109.4
tools,gepa,eog,email,6,5,2,task_20260107_141130_029_1628b966_8e264839,0.0,0,165720,274.9
tools,gepa,eog,email,6,5,2,task_20260108_031733_760_e5bf1251_9e81ad1b,0.666667,0,238034,220.6
tools,gepa,eog,email,6,5,2,task_20260109_080715_585_911d75d7_ded91685,1.0,1,110958,188.4
tools,gepa,eog,email,6,5,2,task_20260109_160851_122_911d75d7_3ece8e5e,0.0,0,101287,127.2
tools,gepa,eog,email,6,5,3,task_20251125_154624_258_701c5774_59c41eed,0.666667,0,214686,310.3
tools,gepa,eog,email,6,5,3,task_20251125_202309_857_e7cfb93b_9c156259,1.0,1,205307,296.4
tools,gepa,eog,email,6,5,3,task_20251128_154607_365_1628b966_a730b5cf,1.0,1,52278,41.4
tools,gepa,eog,email,6,5,3,task_20251204_120643_371_8ce75c22_f09e1799,0.8,0,132977,249.6
tools,gepa,eog,email,6,5,3,task_20251204_153830_645_1628b966_3df25b52,1.0,1,112959,135.0
tools,gepa,eog,email,6,5,3,task_20251211_054846_540_e5bf1251_265c5883,0.666667,0,167713,171.0
tools,gepa,eog,email,6,5,3,task_20251211_100706_985_701c5774_8d658f71,0.5,0,268195,339.8
tools,gepa,eog,email,6,5,3,task_20251212_072144_983_8ce75c22_1b848fdd,1.0,1,201366,155.8
tools,gepa,eog,email,6,5,3,task_20260107_131200_705_1628b966_84e87e0f,0.5,0,76123,106.8
tools,gepa,eog,email,6,5,3,task_20260107_141130_029_1628b966_8e264839,0.5,0,234118,363.7
tools,gepa,eog,email,6,5,3,task_20260108_031733_760_e5bf1251_9e81ad1b,0.666667,0,368151,366.0
tools,gepa,eog,email,6,5,3,task_20260109_080715_585_911d75d7_ded91685,1.0,1,107353,152.5
tools,gepa,eog,email,6,5,3,task_20260109_160851_122_911d75d7_3ece8e5e,0.0,0,60319,81.6
tools,gepa,eog,email,6,6,1,task_20251203_104951_949_701c5774_5a606512,0.0,0,172240,391.3
tools,gepa,eog,email,6,6,1,task_20251204_144745_585_e5bf1251_4e4c189d,1.0,1,55361,43.4
tools,gepa,eog,email,6,6,1,task_20251211_194841_657_8ce75c22_43c6bc2f,1.0,1,219819,191.2
tools,gepa,eog,email,6,6,1,task_20260106_052248_226_1628b966_d8c22aed,1.0,1,148263,233.0
tools,gepa,eog,email,6,6,1,task_20260108_143038_654_e5bf1251_b9e616b8,1.0,1,129476,139.5
tools,gepa,eog,email,6,6,1,task_20260109_170111_125_8ce75c22_1c7034c5,1.0,1,135889,149.9
tools,gepa,eog,email,6,6,2,task_20251203_104951_949_701c5774_5a606512,0.5,0,152839,401.0
tools,gepa,eog,email,6,6,2,task_20251204_144745_585_e5bf1251_4e4c189d,1.0,1,55451,59.1
tools,gepa,eog,email,6,6,2,task_20251211_194841_657_8ce75c22_43c6bc2f,1.0,1,380708,328.7
tools,gepa,eog,email,6,6,2,task_20260106_052248_226_1628b966_d8c22aed,1.0,1,183900,210.3
tools,gepa,eog,email,6,6,2,task_20260108_143038_654_e5bf1251_b9e616b8,1.0,1,127277,155.3
tools,gepa,eog,email,6,6,2,task_20260109_170111_125_8ce75c22_1c7034c5,1.0,1,168380,168.4
tools,gepa,eog,email,6,6,3,task_20251203_104951_949_701c5774_5a606512,0.5,0,168418,408.4
tools,gepa,eog,email,6,6,3,task_20251204_144745_585_e5bf1251_4e4c189d,1.0,1,73033,67.2
tools,gepa,eog,email,6,6,3,task_20251211_194841_657_8ce75c22_43c6bc2f,1.0,1,341567,281.7
tools,gepa,eog,email,6,6,3,task_20260106_052248_226_1628b966_d8c22aed,1.0,1,147937,273.7
tools,gepa,eog,email,6,6,3,task_20260108_143038_654_e5bf1251_b9e616b8,0.5,0,81055,120.2
tools,gepa,eog,email,6,6,3,task_20260109_170111_125_8ce75c22_1c7034c5,1.0,1,59385,79.7
tools,gepa,eog,hr,1,1,1,task_20251223_184833_888_a8eea1c0_87c53cb9,0.428571,0,67465,125.6
tools,gepa,eog,hr,1,1,1,task_20251223_194142_190_46ca2862_d9cae434,0.5,0,76400,170.5
tools,gepa,eog,hr,1,1,1,task_20251223_194912_450_46ca2862_0084047c,0.5,0,100660,331.6
tools,gepa,eog,hr,1,1,1,task_20251224_094258_495_c4ad7a70_42fbe372,1.0,1,84781,206.7
tools,gepa,eog,hr,1,1,1,task_20251224_133749_739_c4ad7a70_9df76270,1.0,1,69942,138.3
tools,gepa,eog,hr,1,1,1,task_20251226_094920_495_99ba2325_627386b2,0.75,0,66221,194.4
tools,gepa,eog,hr,1,1,1,task_20260112_141226_936_7aad91c1_61df8f2b,1.0,1,100984,150.0
tools,gepa,eog,hr,1,1,1,task_20260116_104653_444_99ba2325_320d5ca4,1.0,1,84211,239.0
tools,gepa,eog,hr,1,1,1,task_20260116_112336_208_c5cac200_da33db0a,0.833333,0,134162,300.8
tools,gepa,eog,hr,1,1,1,task_20260116_160908_725_46ca2862_923e672e,0.0,0,34105,152.3
tools,gepa,eog,hr,1,1,2,task_20251223_184833_888_a8eea1c0_87c53cb9,0.571429,0,59299,138.3
tools,gepa,eog,hr,1,1,2,task_20251223_194142_190_46ca2862_d9cae434,0.5,0,91151,263.3
tools,gepa,eog,hr,1,1,2,task_20251223_194912_450_46ca2862_0084047c,0.5,0,115276,311.5
tools,gepa,eog,hr,1,1,2,task_20251224_094258_495_c4ad7a70_42fbe372,1.0,1,104825,235.0
tools,gepa,eog,hr,1,1,2,task_20251224_133749_739_c4ad7a70_9df76270,1.0,1,82441,176.2
tools,gepa,eog,hr,1,1,2,task_20251226_094920_495_99ba2325_627386b2,1.0,1,97643,298.6
tools,gepa,eog,hr,1,1,2,task_20260112_141226_936_7aad91c1_61df8f2b,1.0,1,103021,192.4
tools,gepa,eog,hr,1,1,2,task_20260116_104653_444_99ba2325_320d5ca4,1.0,1,86684,281.9
tools,gepa,eog,hr,1,1,2,task_20260116_112336_208_c5cac200_da33db0a,0.833333,0,129876,283.2
tools,gepa,eog,hr,1,1,2,task_20260116_160908_725_46ca2862_923e672e,0.0,0,30364,105.6
tools,gepa,eog,hr,1,1,3,task_20251223_184833_888_a8eea1c0_87c53cb9,0.571429,0,58406,134.4
tools,gepa,eog,hr,1,1,3,task_20251223_194142_190_46ca2862_d9cae434,0.5,0,71502,197.6
tools,gepa,eog,hr,1,1,3,task_20251223_194912_450_46ca2862_0084047c,0.5,0,81308,227.9
tools,gepa,eog,hr,1,1,3,task_20251224_094258_495_c4ad7a70_42fbe372,0.75,0,82566,176.2
tools,gepa,eog,hr,1,1,3,task_20251224_133749_739_c4ad7a70_9df76270,1.0,1,81336,196.9
tools,gepa,eog,hr,1,1,3,task_20251226_094920_495_99ba2325_627386b2,0.5,0,45656,151.1
tools,gepa,eog,hr,1,1,3,task_20260112_141226_936_7aad91c1_61df8f2b,1.0,1,91423,177.4
tools,gepa,eog,hr,1,1,3,task_20260116_104653_444_99ba2325_320d5ca4,0.5,0,84120,244.5
tools,gepa,eog,hr,1,1,3,task_20260116_112336_208_c5cac200_da33db0a,0.833333,0,97372,190.5
tools,gepa,eog,hr,1,1,3,task_20260116_160908_725_46ca2862_923e672e,0.0,0,32801,129.6
tools,gepa,eog,hr,1,2,1,task_20251217_211723_514_87437950_3bbbb519,0.25,0,102298,428.5
tools,gepa,eog,hr,1,2,1,task_20251219_205632_335_cd46e60f_4db23138,0.0,0,14141,78.3
tools,gepa,eog,hr,1,2,1,task_20251224_030218_157_00364ece_79650819,0.5,0,63178,142.4
tools,gepa,eog,hr,1,2,1,task_20251224_195437_497_e6427839_6357fed2,0.0,0,79367,143.0
tools,gepa,eog,hr,1,2,1,task_20251226_090527_363_b25153b4_6caf1a47,0.6,0,102977,434.3
tools,gepa,eog,hr,1,2,1,task_20251226_135729_497_c4ad7a70_788f5baf,0.666667,0,99837,240.7
tools,gepa,eog,hr,1,2,1,task_20251226_153702_699_ad5a67e3_43cd2d47,0.0,0,43099,145.3
tools,gepa,eog,hr,1,2,1,task_20260114_170216_532_accab84d_9dc7ddd5,0.333333,0,75209,141.2
tools,gepa,eog,hr,1,2,1,task_20260114_180423_838_00364ece_9f2ad35c,0.5,0,107517,351.4
tools,gepa,eog,hr,1,2,1,task_20260115_124602_090_accab84d_91ac1840,0.833333,0,160459,379.9
tools,gepa,eog,hr,1,2,1,task_20260115_151312_690_57529556_9fca8861,0.0,0,58983,253.4
tools,gepa,eog,hr,1,2,1,task_20260116_055513_891_99ba2325_849991b8,0.5,0,204256,623.9
tools,gepa,eog,hr,1,2,1,task_20260116_170758_750_d4a463c3_3885de59,0.777778,0,188051,676.5
tools,gepa,eog,hr,1,2,2,task_20251217_211723_514_87437950_3bbbb519,0.25,0,52439,180.0
tools,gepa,eog,hr,1,2,2,task_20251219_205632_335_cd46e60f_4db23138,0.0,0,290730,1096.8
tools,gepa,eog,hr,1,2,2,task_20251224_030218_157_00364ece_79650819,0.5,0,63377,194.9
tools,gepa,eog,hr,1,2,2,task_20251224_195437_497_e6427839_6357fed2,0.0,0,95666,220.2
tools,gepa,eog,hr,1,2,2,task_20251226_090527_363_b25153b4_6caf1a47,0.6,0,94233,275.6
tools,gepa,eog,hr,1,2,2,task_20251226_135729_497_c4ad7a70_788f5baf,1.0,1,115181,303.0
tools,gepa,eog,hr,1,2,2,task_20251226_153702_699_ad5a67e3_43cd2d47,0.0,0,28865,129.1
tools,gepa,eog,hr,1,2,2,task_20260114_170216_532_accab84d_9dc7ddd5,0.333333,0,75096,121.8
tools,gepa,eog,hr,1,2,2,task_20260114_180423_838_00364ece_9f2ad35c,0.75,0,135187,484.2
tools,gepa,eog,hr,1,2,2,task_20260115_124602_090_accab84d_91ac1840,0.0,0,13255,62.9
tools,gepa,eog,hr,1,2,2,task_20260115_151312_690_57529556_9fca8861,1.0,1,266826,873.5
tools,gepa,eog,hr,1,2,2,task_20260116_055513_891_99ba2325_849991b8,0.166667,0,14504,77.9
tools,gepa,eog,hr,1,2,2,task_20260116_170758_750_d4a463c3_3885de59,0.222222,0,45534,253.5
tools,gepa,eog,hr,1,2,3,task_20251217_211723_514_87437950_3bbbb519,0.25,0,78985,268.3
tools,gepa,eog,hr,1,2,3,task_20251219_205632_335_cd46e60f_4db23138,0.0,0,44811,286.4
tools,gepa,eog,hr,1,2,3,task_20251224_030218_157_00364ece_79650819,0.5,0,71374,203.3
tools,gepa,eog,hr,1,2,3,task_20251224_195437_497_e6427839_6357fed2,0.0,0,52742,127.8
tools,gepa,eog,hr,1,2,3,task_20251226_090527_363_b25153b4_6caf1a47,0.6,0,73127,267.0
tools,gepa,eog,hr,1,2,3,task_20251226_135729_497_c4ad7a70_788f5baf,1.0,1,88882,194.3
tools,gepa,eog,hr,1,2,3,task_20251226_153702_699_ad5a67e3_43cd2d47,0.0,0,42478,248.3
tools,gepa,eog,hr,1,2,3,task_20260114_170216_532_accab84d_9dc7ddd5,0.333333,0,51741,128.0
tools,gepa,eog,hr,1,2,3,task_20260114_180423_838_00364ece_9f2ad35c,0.5,0,137631,711.2
tools,gepa,eog,hr,1,2,3,task_20260115_124602_090_accab84d_91ac1840,0.0,0,42782,152.9
tools,gepa,eog,hr,1,2,3,task_20260115_151312_690_57529556_9fca8861,1.0,1,276819,774.3
tools,gepa,eog,hr,1,2,3,task_20260116_055513_891_99ba2325_849991b8,0.166667,0,16767,126.4
tools,gepa,eog,hr,1,2,3,task_20260116_170758_750_d4a463c3_3885de59,0.666667,0,179644,566.0
tools,gepa,eog,hr,2,1,1,task_20251223_184833_888_a8eea1c0_87c53cb9,0.428571,0,88861,147.0
tools,gepa,eog,hr,2,1,1,task_20251223_194142_190_46ca2862_d9cae434,0.5,0,191084,288.0
tools,gepa,eog,hr,2,1,1,task_20251223_194912_450_46ca2862_0084047c,0.5,0,193415,306.6
tools,gepa,eog,hr,2,1,1,task_20251224_094258_495_c4ad7a70_42fbe372,0.5,0,118673,196.8
tools,gepa,eog,hr,2,1,1,task_20251224_133749_739_c4ad7a70_9df76270,0.5,0,116081,142.8
tools,gepa,eog,hr,2,1,1,task_20251226_094920_495_99ba2325_627386b2,1.0,1,134219,184.2
tools,gepa,eog,hr,2,1,1,task_20260112_141226_936_7aad91c1_61df8f2b,1.0,1,139197,156.3
tools,gepa,eog,hr,2,1,1,task_20260116_104653_444_99ba2325_320d5ca4,0.5,0,102947,156.6
tools,gepa,eog,hr,2,1,1,task_20260116_112336_208_c5cac200_da33db0a,0.666667,0,92363,212.6
tools,gepa,eog,hr,2,1,1,task_20260116_160908_725_46ca2862_923e672e,0.0,0,105215,247.9
tools,gepa,eog,hr,2,1,2,task_20251223_184833_888_a8eea1c0_87c53cb9,0.428571,0,103961,150.7
tools,gepa,eog,hr,2,1,2,task_20251223_194142_190_46ca2862_d9cae434,0.5,0,144543,223.0
tools,gepa,eog,hr,2,1,2,task_20251223_194912_450_46ca2862_0084047c,0.5,0,161136,259.9
tools,gepa,eog,hr,2,1,2,task_20251224_094258_495_c4ad7a70_42fbe372,1.0,1,133351,190.8
tools,gepa,eog,hr,2,1,2,task_20251224_133749_739_c4ad7a70_9df76270,0.5,0,101983,147.4
tools,gepa,eog,hr,2,1,2,task_20251226_094920_495_99ba2325_627386b2,0.75,0,105504,188.8
tools,gepa,eog,hr,2,1,2,task_20260112_141226_936_7aad91c1_61df8f2b,1.0,1,107694,138.6
tools,gepa,eog,hr,2,1,2,task_20260116_104653_444_99ba2325_320d5ca4,1.0,1,175332,244.4
tools,gepa,eog,hr,2,1,2,task_20260116_112336_208_c5cac200_da33db0a,0.833333,0,207265,320.8
tools,gepa,eog,hr,2,1,2,task_20260116_160908_725_46ca2862_923e672e,0.0,0,73412,169.2
tools,gepa,eog,hr,2,1,3,task_20251223_184833_888_a8eea1c0_87c53cb9,0.571429,0,88497,166.1
tools,gepa,eog,hr,2,1,3,task_20251223_194142_190_46ca2862_d9cae434,0.5,0,148937,173.4
tools,gepa,eog,hr,2,1,3,task_20251223_194912_450_46ca2862_0084047c,0.5,0,129124,236.8
tools,gepa,eog,hr,2,1,3,task_20251224_094258_495_c4ad7a70_42fbe372,0.75,0,116952,180.0
tools,gepa,eog,hr,2,1,3,task_20251224_133749_739_c4ad7a70_9df76270,0.5,0,101696,132.5
tools,gepa,eog,hr,2,1,3,task_20251226_094920_495_99ba2325_627386b2,1.0,1,123132,213.6
tools,gepa,eog,hr,2,1,3,task_20260112_141226_936_7aad91c1_61df8f2b,1.0,1,139979,163.9
tools,gepa,eog,hr,2,1,3,task_20260116_104653_444_99ba2325_320d5ca4,1.0,1,136074,203.9
tools,gepa,eog,hr,2,1,3,task_20260116_112336_208_c5cac200_da33db0a,0.833333,0,190251,351.2
tools,gepa,eog,hr,2,1,3,task_20260116_160908_725_46ca2862_923e672e,0.0,0,59655,156.1
tools,gepa,eog,hr,2,2,1,task_20251217_211723_514_87437950_3bbbb519,0.25,0,112434,165.6
tools,gepa,eog,hr,2,2,1,task_20251219_205632_335_cd46e60f_4db23138,0.25,0,123599,239.4
tools,gepa,eog,hr,2,2,1,task_20251224_030218_157_00364ece_79650819,0.0,0,117706,191.3
tools,gepa,eog,hr,2,2,1,task_20251224_195437_497_e6427839_6357fed2,0.0,0,72126,91.2
tools,gepa,eog,hr,2,2,1,task_20251226_090527_363_b25153b4_6caf1a47,0.6,0,110481,251.7
tools,gepa,eog,hr,2,2,1,task_20251226_135729_497_c4ad7a70_788f5baf,0.666667,0,116245,169.2
tools,gepa,eog,hr,2,2,1,task_20251226_153702_699_ad5a67e3_43cd2d47,0.666667,0,80618,201.7
tools,gepa,eog,hr,2,2,1,task_20260114_170216_532_accab84d_9dc7ddd5,1.0,1,86206,86.5
tools,gepa,eog,hr,2,2,1,task_20260114_180423_838_00364ece_9f2ad35c,1.0,1,193796,273.8
tools,gepa,eog,hr,2,2,1,task_20260115_124602_090_accab84d_91ac1840,0.0,0,49333,147.1
tools,gepa,eog,hr,2,2,1,task_20260115_151312_690_57529556_9fca8861,0.0,0,80283,237.8
tools,gepa,eog,hr,2,2,1,task_20260116_055513_891_99ba2325_849991b8,0.166667,0,15934,64.9
tools,gepa,eog,hr,2,2,1,task_20260116_170758_750_d4a463c3_3885de59,0.666667,0,266814,430.9
tools,gepa,eog,hr,2,2,2,task_20251217_211723_514_87437950_3bbbb519,0.25,0,128709,160.6
tools,gepa,eog,hr,2,2,2,task_20251219_205632_335_cd46e60f_4db23138,0.25,0,141242,285.6
tools,gepa,eog,hr,2,2,2,task_20251224_030218_157_00364ece_79650819,0.5,0,88698,148.0
tools,gepa,eog,hr,2,2,2,task_20251224_195437_497_e6427839_6357fed2,0.0,0,73786,105.3
tools,gepa,eog,hr,2,2,2,task_20251226_090527_363_b25153b4_6caf1a47,0.6,0,108097,211.7
tools,gepa,eog,hr,2,2,2,task_20251226_135729_497_c4ad7a70_788f5baf,1.0,1,112260,166.5
tools,gepa,eog,hr,2,2,2,task_20251226_153702_699_ad5a67e3_43cd2d47,0.666667,0,81381,212.0
tools,gepa,eog,hr,2,2,2,task_20260114_170216_532_accab84d_9dc7ddd5,1.0,1,100834,110.2
tools,gepa,eog,hr,2,2,2,task_20260114_180423_838_00364ece_9f2ad35c,0.75,0,131126,206.7
tools,gepa,eog,hr,2,2,2,task_20260115_124602_090_accab84d_91ac1840,0.0,0,15575,51.8
tools,gepa,eog,hr,2,2,2,task_20260115_151312_690_57529556_9fca8861,0.0,0,110822,238.1
tools,gepa,eog,hr,2,2,2,task_20260116_055513_891_99ba2325_849991b8,0.5,0,162398,375.8
tools,gepa,eog,hr,2,2,2,task_20260116_170758_750_d4a463c3_3885de59,0.777778,0,264888,440.9
tools,gepa,eog,hr,2,2,3,task_20251217_211723_514_87437950_3bbbb519,0.25,0,141112,164.8
tools,gepa,eog,hr,2,2,3,task_20251219_205632_335_cd46e60f_4db23138,0.25,0,140799,275.4
tools,gepa,eog,hr,2,2,3,task_20251224_030218_157_00364ece_79650819,0.0,0,151496,259.2
tools,gepa,eog,hr,2,2,3,task_20251224_195437_497_e6427839_6357fed2,0.0,0,86725,91.1
tools,gepa,eog,hr,2,2,3,task_20251226_090527_363_b25153b4_6caf1a47,0.6,0,122862,242.2
tools,gepa,eog,hr,2,2,3,task_20251226_135729_497_c4ad7a70_788f5baf,1.0,1,97969,92.6
tools,gepa,eog,hr,2,2,3,task_20251226_153702_699_ad5a67e3_43cd2d47,0.666667,0,144239,316.1
tools,gepa,eog,hr,2,2,3,task_20260114_170216_532_accab84d_9dc7ddd5,1.0,1,131487,163.5
tools,gepa,eog,hr,2,2,3,task_20260114_180423_838_00364ece_9f2ad35c,0.5,0,130107,319.1
tools,gepa,eog,hr,2,2,3,task_20260115_124602_090_accab84d_91ac1840,0.0,0,31236,75.2
tools,gepa,eog,hr,2,2,3,task_20260115_151312_690_57529556_9fca8861,0.0,0,63541,186.5
tools,gepa,eog,hr,2,2,3,task_20260116_055513_891_99ba2325_849991b8,0.5,0,205253,633.6
tools,gepa,eog,hr,2,2,3,task_20260116_170758_750_d4a463c3_3885de59,0.777778,0,244240,419.3
tools,gepa,eog,hr,2,3,1,task_20251217_073807_153_761f6b82_cba63024,0.571429,0,337519,823.3
tools,gepa,eog,hr,2,3,1,task_20251218_234518_453_d9bcd1e5_72c94403,1.0,1,176592,240.5
tools,gepa,eog,hr,2,3,1,task_20251219_114935_971_a8eea1c0_188fc892,0.25,0,84737,196.7
tools,gepa,eog,hr,2,3,1,task_20251219_155215_361_00364ece_c1c6ffc8,0.0,0,120243,283.6
tools,gepa,eog,hr,2,3,1,task_20251225_124750_039_7e2e0039_de8a9d94,1.0,1,103842,267.2
tools,gepa,eog,hr,2,3,1,task_20251226_041218_355_d9bcd1e5_bc84c9d5,0.777778,0,146440,291.5
tools,gepa,eog,hr,2,3,1,task_20251226_101143_297_99ba2325_75b99d9a,0.75,0,217880,399.0
tools,gepa,eog,hr,2,3,1,task_20251226_102334_184_b25153b4_08c0849c,0.8,0,158842,290.4
tools,gepa,eog,hr,2,3,1,task_20251226_104747_127_30600918_559da326,0.5,0,148031,328.2
tools,gepa,eog,hr,2,3,1,task_20251226_132052_338_e6427839_727d852c,0.5,0,132260,375.8
tools,gepa,eog,hr,2,3,1,task_20251226_173040_372_95fd9f79_c7e85ec1,1.0,1,233989,493.5
tools,gepa,eog,hr,2,3,1,task_20260109_172559_279_e6427839_f711406f,0.5,0,215200,426.0
tools,gepa,eog,hr,2,3,1,task_20260109_202436_533_a8eea1c0_755eabdd,0.555556,0,373174,406.2
tools,gepa,eog,hr,2,3,1,task_20260113_032200_394_ad5a67e3_5e3873b8,0.875,0,166664,356.7
tools,gepa,eog,hr,2,3,1,task_20260114_091008_897_accab84d_786931e4,0.0,0,59720,361.3
tools,gepa,eog,hr,2,3,1,task_20260115_130330_068_00364ece_cf2e9cf1,0.285714,0,94475,286.8
tools,gepa,eog,hr,2,3,1,task_20260115_130852_498_a8eea1c0_e9192d7e,0.333333,0,194148,558.8
tools,gepa,eog,hr,2,3,1,task_20260115_190725_477_a8eea1c0_eba3a1c5,0.833333,0,163505,414.9
tools,gepa,eog,hr,2,3,1,task_20260116_084548_120_fa1836dc_679067bc,0.5,0,138127,430.4
tools,gepa,eog,hr,2,3,1,task_20260116_085958_358_a8eea1c0_6d7f242a,1.0,1,140279,258.1
tools,gepa,eog,hr,2,3,1,task_20260116_105748_962_99ba2325_dcc658fa,0.75,0,129856,414.8
tools,gepa,eog,hr,2,3,1,task_20260116_122712_166_d4a463c3_196fe24f,0.8,0,202481,350.2
tools,gepa,eog,hr,2,3,1,task_20260116_143750_504_a8eea1c0_7d91efa1,0.6,0,149012,184.7
tools,gepa,eog,hr,2,3,1,task_20260116_150213_342_a8eea1c0_6d6fe792,0.666667,0,156840,150.5
tools,gepa,eog,hr,2,3,1,task_20260119_022056_842_ad5a67e3_964df197,0.833333,0,169071,436.1
tools,gepa,eog,hr,2,3,2,task_20251217_073807_153_761f6b82_cba63024,0.142857,0,152395,196.0
tools,gepa,eog,hr,2,3,2,task_20251218_234518_453_d9bcd1e5_72c94403,1.0,1,275407,292.9
tools,gepa,eog,hr,2,3,2,task_20251219_114935_971_a8eea1c0_188fc892,0.25,0,66371,114.5
tools,gepa,eog,hr,2,3,2,task_20251219_155215_361_00364ece_c1c6ffc8,0.0,0,118080,138.2
tools,gepa,eog,hr,2,3,2,task_20251225_124750_039_7e2e0039_de8a9d94,1.0,1,104149,132.4
tools,gepa,eog,hr,2,3,2,task_20251226_041218_355_d9bcd1e5_bc84c9d5,0.777778,0,188673,360.2
tools,gepa,eog,hr,2,3,2,task_20251226_101143_297_99ba2325_75b99d9a,0.75,0,146615,270.3
tools,gepa,eog,hr,2,3,2,task_20251226_102334_184_b25153b4_08c0849c,0.8,0,121517,139.7
tools,gepa,eog,hr,2,3,2,task_20251226_104747_127_30600918_559da326,0.25,0,173581,356.0
tools,gepa,eog,hr,2,3,2,task_20251226_132052_338_e6427839_727d852c,0.0,0,36863,116.7
tools,gepa,eog,hr,2,3,2,task_20251226_173040_372_95fd9f79_c7e85ec1,1.0,1,209892,370.7
tools,gepa,eog,hr,2,3,2,task_20260109_172559_279_e6427839_f711406f,0.666667,0,282272,598.7
tools,gepa,eog,hr,2,3,2,task_20260109_202436_533_a8eea1c0_755eabdd,0.555556,0,272102,350.7
tools,gepa,eog,hr,2,3,2,task_20260113_032200_394_ad5a67e3_5e3873b8,0.875,0,180842,311.7
tools,gepa,eog,hr,2,3,2,task_20260114_091008_897_accab84d_786931e4,0.5,0,121234,361.5
tools,gepa,eog,hr,2,3,2,task_20260115_130330_068_00364ece_cf2e9cf1,0.571429,0,315739,642.4
tools,gepa,eog,hr,2,3,2,task_20260115_130852_498_a8eea1c0_e9192d7e,0.333333,0,223810,421.8
tools,gepa,eog,hr,2,3,2,task_20260115_190725_477_a8eea1c0_eba3a1c5,0.833333,0,144673,330.0
tools,gepa,eog,hr,2,3,2,task_20260116_084548_120_fa1836dc_679067bc,0.5,0,273422,946.4
tools,gepa,eog,hr,2,3,2,task_20260116_085958_358_a8eea1c0_6d7f242a,1.0,1,190186,354.9
tools,gepa,eog,hr,2,3,2,task_20260116_105748_962_99ba2325_dcc658fa,0.75,0,202995,356.8
tools,gepa,eog,hr,2,3,2,task_20260116_122712_166_d4a463c3_196fe24f,1.0,1,187856,164.3
tools,gepa,eog,hr,2,3,2,task_20260116_143750_504_a8eea1c0_7d91efa1,0.6,0,133845,169.4
tools,gepa,eog,hr,2,3,2,task_20260116_150213_342_a8eea1c0_6d6fe792,0.5,0,98794,171.0
tools,gepa,eog,hr,2,3,2,task_20260119_022056_842_ad5a67e3_964df197,0.833333,0,328727,455.7
tools,gepa,eog,hr,2,3,3,task_20251217_073807_153_761f6b82_cba63024,0.571429,0,303455,430.9
tools,gepa,eog,hr,2,3,3,task_20251218_234518_453_d9bcd1e5_72c94403,1.0,1,156167,213.4
tools,gepa,eog,hr,2,3,3,task_20251219_114935_971_a8eea1c0_188fc892,0.25,0,65909,90.6
tools,gepa,eog,hr,2,3,3,task_20251219_155215_361_00364ece_c1c6ffc8,0.0,0,134634,203.8
tools,gepa,eog,hr,2,3,3,task_20251225_124750_039_7e2e0039_de8a9d94,1.0,1,86176,95.0
tools,gepa,eog,hr,2,3,3,task_20251226_041218_355_d9bcd1e5_bc84c9d5,0.777778,0,192357,309.4
tools,gepa,eog,hr,2,3,3,task_20251226_101143_297_99ba2325_75b99d9a,0.75,0,164273,301.7
tools,gepa,eog,hr,2,3,3,task_20251226_102334_184_b25153b4_08c0849c,0.8,0,157182,240.9
tools,gepa,eog,hr,2,3,3,task_20251226_104747_127_30600918_559da326,0.5,0,272348,735.8
tools,gepa,eog,hr,2,3,3,task_20251226_132052_338_e6427839_727d852c,0.5,0,78935,363.0
tools,gepa,eog,hr,2,3,3,task_20251226_173040_372_95fd9f79_c7e85ec1,0.833333,0,172386,395.9
tools,gepa,eog,hr,2,3,3,task_20260109_172559_279_e6427839_f711406f,0.666667,0,254300,470.4
tools,gepa,eog,hr,2,3,3,task_20260109_202436_533_a8eea1c0_755eabdd,0.666667,0,308157,340.0
tools,gepa,eog,hr,2,3,3,task_20260113_032200_394_ad5a67e3_5e3873b8,0.875,0,282981,289.7
tools,gepa,eog,hr,2,3,3,task_20260114_091008_897_accab84d_786931e4,0.0,0,73615,205.4
tools,gepa,eog,hr,2,3,3,task_20260115_130330_068_00364ece_cf2e9cf1,0.285714,0,94868,294.0
tools,gepa,eog,hr,2,3,3,task_20260115_130852_498_a8eea1c0_e9192d7e,0.333333,0,168451,404.3
tools,gepa,eog,hr,2,3,3,task_20260115_190725_477_a8eea1c0_eba3a1c5,0.833333,0,241348,361.0
tools,gepa,eog,hr,2,3,3,task_20260116_084548_120_fa1836dc_679067bc,0.5,0,280747,1065.6
tools,gepa,eog,hr,2,3,3,task_20260116_085958_358_a8eea1c0_6d7f242a,1.0,1,177759,299.4
tools,gepa,eog,hr,2,3,3,task_20260116_105748_962_99ba2325_dcc658fa,0.75,0,128428,232.7
tools,gepa,eog,hr,2,3,3,task_20260116_122712_166_d4a463c3_196fe24f,1.0,1,152990,130.3
tools,gepa,eog,hr,2,3,3,task_20260116_143750_504_a8eea1c0_7d91efa1,1.0,1,153915,142.9
tools,gepa,eog,hr,2,3,3,task_20260116_150213_342_a8eea1c0_6d6fe792,0.5,0,96679,91.6
tools,gepa,eog,hr,2,3,3,task_20260119_022056_842_ad5a67e3_964df197,0.833333,0,183363,317.4
tools,gepa,eog,hr,3,1,1,task_20251223_184833_888_a8eea1c0_87c53cb9,0.428571,0,220043,258.4
tools,gepa,eog,hr,3,1,1,task_20251223_194142_190_46ca2862_d9cae434,1.0,1,187296,202.2
tools,gepa,eog,hr,3,1,1,task_20251223_194912_450_46ca2862_0084047c,1.0,1,230340,277.0
tools,gepa,eog,hr,3,1,1,task_20251224_094258_495_c4ad7a70_42fbe372,0.5,0,172588,192.2
tools,gepa,eog,hr,3,1,1,task_20251224_133749_739_c4ad7a70_9df76270,0.5,0,176100,227.3
tools,gepa,eog,hr,3,1,1,task_20251226_094920_495_99ba2325_627386b2,1.0,1,100075,173.0
tools,gepa,eog,hr,3,1,1,task_20260112_141226_936_7aad91c1_61df8f2b,1.0,1,199610,145.4
tools,gepa,eog,hr,3,1,1,task_20260116_104653_444_99ba2325_320d5ca4,0.5,0,132505,151.6
tools,gepa,eog,hr,3,1,1,task_20260116_112336_208_c5cac200_da33db0a,0.666667,0,159451,206.0
tools,gepa,eog,hr,3,1,1,task_20260116_160908_725_46ca2862_923e672e,1.0,1,210432,264.7
tools,gepa,eog,hr,3,1,2,task_20251223_184833_888_a8eea1c0_87c53cb9,0.571429,0,169578,150.1
tools,gepa,eog,hr,3,1,2,task_20251223_194142_190_46ca2862_d9cae434,1.0,1,249924,314.4
tools,gepa,eog,hr,3,1,2,task_20251223_194912_450_46ca2862_0084047c,0.0,0,243172,267.4
tools,gepa,eog,hr,3,1,2,task_20251224_094258_495_c4ad7a70_42fbe372,0.75,0,173726,205.2
tools,gepa,eog,hr,3,1,2,task_20251224_133749_739_c4ad7a70_9df76270,1.0,1,224573,393.7
tools,gepa,eog,hr,3,1,2,task_20251226_094920_495_99ba2325_627386b2,1.0,1,138077,204.4
tools,gepa,eog,hr,3,1,2,task_20260112_141226_936_7aad91c1_61df8f2b,1.0,1,158660,164.8
tools,gepa,eog,hr,3,1,2,task_20260116_104653_444_99ba2325_320d5ca4,0.75,0,100776,172.6
tools,gepa,eog,hr,3,1,2,task_20260116_112336_208_c5cac200_da33db0a,0.833333,0,158890,192.2
tools,gepa,eog,hr,3,1,2,task_20260116_160908_725_46ca2862_923e672e,1.0,1,190114,302.1
tools,gepa,eog,hr,3,1,3,task_20251223_184833_888_a8eea1c0_87c53cb9,0.428571,0,146939,134.8
tools,gepa,eog,hr,3,1,3,task_20251223_194142_190_46ca2862_d9cae434,1.0,1,172185,229.5
tools,gepa,eog,hr,3,1,3,task_20251223_194912_450_46ca2862_0084047c,1.0,1,231170,355.0
tools,gepa,eog,hr,3,1,3,task_20251224_094258_495_c4ad7a70_42fbe372,0.5,0,173230,203.5
tools,gepa,eog,hr,3,1,3,task_20251224_133749_739_c4ad7a70_9df76270,1.0,1,259897,477.1
tools,gepa,eog,hr,3,1,3,task_20251226_094920_495_99ba2325_627386b2,1.0,1,175511,241.1
tools,gepa,eog,hr,3,1,3,task_20260112_141226_936_7aad91c1_61df8f2b,1.0,1,175646,145.7
tools,gepa,eog,hr,3,1,3,task_20260116_104653_444_99ba2325_320d5ca4,1.0,1,163231,181.5
tools,gepa,eog,hr,3,1,3,task_20260116_112336_208_c5cac200_da33db0a,0.666667,0,200154,301.7
tools,gepa,eog,hr,3,1,3,task_20260116_160908_725_46ca2862_923e672e,1.0,1,196506,381.6
tools,gepa,eog,hr,3,2,1,task_20251217_211723_514_87437950_3bbbb519,0.25,0,207160,327.2
tools,gepa,eog,hr,3,2,1,task_20251219_205632_335_cd46e60f_4db23138,0.25,0,201429,256.8
tools,gepa,eog,hr,3,2,1,task_20251224_030218_157_00364ece_79650819,0.5,0,232463,233.0
tools,gepa,eog,hr,3,2,1,task_20251224_195437_497_e6427839_6357fed2,0.0,0,158250,186.5
tools,gepa,eog,hr,3,2,1,task_20251226_090527_363_b25153b4_6caf1a47,1.0,1,133497,101.3
tools,gepa,eog,hr,3,2,1,task_20251226_135729_497_c4ad7a70_788f5baf,0.666667,0,144231,120.3
tools,gepa,eog,hr,3,2,1,task_20251226_153702_699_ad5a67e3_43cd2d47,1.0,1,117305,184.6
tools,gepa,eog,hr,3,2,1,task_20260114_170216_532_accab84d_9dc7ddd5,1.0,1,134615,124.5
tools,gepa,eog,hr,3,2,1,task_20260114_180423_838_00364ece_9f2ad35c,0.75,0,286439,332.1
tools,gepa,eog,hr,3,2,1,task_20260115_124602_090_accab84d_91ac1840,0.0,0,236062,246.6
tools,gepa,eog,hr,3,2,1,task_20260115_151312_690_57529556_9fca8861,0.875,0,289780,347.2
tools,gepa,eog,hr,3,2,1,task_20260116_055513_891_99ba2325_849991b8,0.333333,0,227363,483.6
tools,gepa,eog,hr,3,2,1,task_20260116_170758_750_d4a463c3_3885de59,0.777778,0,365854,286.9
tools,gepa,eog,hr,3,2,2,task_20251217_211723_514_87437950_3bbbb519,0.25,0,375763,433.9
tools,gepa,eog,hr,3,2,2,task_20251219_205632_335_cd46e60f_4db23138,0.25,0,192346,203.8
tools,gepa,eog,hr,3,2,2,task_20251224_030218_157_00364ece_79650819,0.0,0,221892,187.1
tools,gepa,eog,hr,3,2,2,task_20251224_195437_497_e6427839_6357fed2,0.0,0,111961,82.7
tools,gepa,eog,hr,3,2,2,task_20251226_090527_363_b25153b4_6caf1a47,1.0,1,173632,217.9
tools,gepa,eog,hr,3,2,2,task_20251226_135729_497_c4ad7a70_788f5baf,0.666667,0,148362,142.9
tools,gepa,eog,hr,3,2,2,task_20251226_153702_699_ad5a67e3_43cd2d47,1.0,1,117149,169.3
tools,gepa,eog,hr,3,2,2,task_20260114_170216_532_accab84d_9dc7ddd5,1.0,1,187796,161.5
tools,gepa,eog,hr,3,2,2,task_20260114_180423_838_00364ece_9f2ad35c,0.75,0,252383,365.7
tools,gepa,eog,hr,3,2,2,task_20260115_124602_090_accab84d_91ac1840,0.666667,0,197031,220.6
tools,gepa,eog,hr,3,2,2,task_20260115_151312_690_57529556_9fca8861,0.625,0,225390,361.1
tools,gepa,eog,hr,3,2,2,task_20260116_055513_891_99ba2325_849991b8,0.333333,0,352552,594.1
tools,gepa,eog,hr,3,2,2,task_20260116_170758_750_d4a463c3_3885de59,0.666667,0,443765,598.1
tools,gepa,eog,hr,3,2,3,task_20251217_211723_514_87437950_3bbbb519,0.5,0,216864,319.9
tools,gepa,eog,hr,3,2,3,task_20251219_205632_335_cd46e60f_4db23138,0.25,0,117502,139.3
tools,gepa,eog,hr,3,2,3,task_20251224_030218_157_00364ece_79650819,0.0,0,307161,224.3
tools,gepa,eog,hr,3,2,3,task_20251224_195437_497_e6427839_6357fed2,0.0,0,155302,158.6
tools,gepa,eog,hr,3,2,3,task_20251226_090527_363_b25153b4_6caf1a47,1.0,1,212699,196.1
tools,gepa,eog,hr,3,2,3,task_20251226_135729_497_c4ad7a70_788f5baf,0.666667,0,163854,113.6
tools,gepa,eog,hr,3,2,3,task_20251226_153702_699_ad5a67e3_43cd2d47,0.0,0,40176,73.9
tools,gepa,eog,hr,3,2,3,task_20260114_170216_532_accab84d_9dc7ddd5,1.0,1,167091,126.2
tools,gepa,eog,hr,3,2,3,task_20260114_180423_838_00364ece_9f2ad35c,0.75,0,225475,294.6
tools,gepa,eog,hr,3,2,3,task_20260115_124602_090_accab84d_91ac1840,0.0,0,216129,213.8
tools,gepa,eog,hr,3,2,3,task_20260115_151312_690_57529556_9fca8861,0.875,0,289481,426.0
tools,gepa,eog,hr,3,2,3,task_20260116_055513_891_99ba2325_849991b8,0.333333,0,317594,498.2
tools,gepa,eog,hr,3,2,3,task_20260116_170758_750_d4a463c3_3885de59,0.666667,0,427504,376.0
tools,gepa,eog,hr,3,3,1,task_20251217_073807_153_761f6b82_cba63024,0.571429,0,357382,488.3
tools,gepa,eog,hr,3,3,1,task_20251218_234518_453_d9bcd1e5_72c94403,0.833333,0,154014,163.8
tools,gepa,eog,hr,3,3,1,task_20251219_114935_971_a8eea1c0_188fc892,1.0,1,129586,113.1
tools,gepa,eog,hr,3,3,1,task_20251219_155215_361_00364ece_c1c6ffc8,0.0,0,148666,180.7
tools,gepa,eog,hr,3,3,1,task_20251225_124750_039_7e2e0039_de8a9d94,0.166667,0,19077,45.0
tools,gepa,eog,hr,3,3,1,task_20251226_041218_355_d9bcd1e5_bc84c9d5,0.777778,0,199591,242.1
tools,gepa,eog,hr,3,3,1,task_20251226_101143_297_99ba2325_75b99d9a,0.75,0,162279,276.6
tools,gepa,eog,hr,3,3,1,task_20251226_102334_184_b25153b4_08c0849c,0.8,0,158851,171.6
tools,gepa,eog,hr,3,3,1,task_20251226_104747_127_30600918_559da326,0.5,0,210843,325.1
tools,gepa,eog,hr,3,3,1,task_20251226_132052_338_e6427839_727d852c,0.0,0,39424,108.8
tools,gepa,eog,hr,3,3,1,task_20251226_173040_372_95fd9f79_c7e85ec1,0.666667,0,180187,291.0
tools,gepa,eog,hr,3,3,1,task_20260109_172559_279_e6427839_f711406f,0.666667,0,280120,396.3
tools,gepa,eog,hr,3,3,1,task_20260109_202436_533_a8eea1c0_755eabdd,0.777778,0,506470,273.5
tools,gepa,eog,hr,3,3,1,task_20260113_032200_394_ad5a67e3_5e3873b8,0.875,0,279423,364.9
tools,gepa,eog,hr,3,3,1,task_20260114_091008_897_accab84d_786931e4,0.75,0,234647,661.2
tools,gepa,eog,hr,3,3,1,task_20260115_130330_068_00364ece_cf2e9cf1,0.857143,0,611517,798.6
tools,gepa,eog,hr,3,3,1,task_20260115_130852_498_a8eea1c0_e9192d7e,0.333333,0,201764,355.6
tools,gepa,eog,hr,3,3,1,task_20260115_190725_477_a8eea1c0_eba3a1c5,0.833333,0,270794,350.0
tools,gepa,eog,hr,3,3,1,task_20260116_084548_120_fa1836dc_679067bc,0.5,0,375149,545.6
tools,gepa,eog,hr,3,3,1,task_20260116_085958_358_a8eea1c0_6d7f242a,1.0,1,224159,332.3
tools,gepa,eog,hr,3,3,1,task_20260116_105748_962_99ba2325_dcc658fa,0.75,0,160641,247.6
tools,gepa,eog,hr,3,3,1,task_20260116_122712_166_d4a463c3_196fe24f,1.0,1,206380,177.8
tools,gepa,eog,hr,3,3,1,task_20260116_143750_504_a8eea1c0_7d91efa1,0.6,0,113068,138.3
tools,gepa,eog,hr,3,3,1,task_20260116_150213_342_a8eea1c0_6d6fe792,0.666667,0,109613,101.4
tools,gepa,eog,hr,3,3,1,task_20260119_022056_842_ad5a67e3_964df197,0.833333,0,283041,410.5
tools,gepa,eog,hr,3,3,2,task_20251217_073807_153_761f6b82_cba63024,0.571429,0,388655,408.4
tools,gepa,eog,hr,3,3,2,task_20251218_234518_453_d9bcd1e5_72c94403,1.0,1,284933,249.7
tools,gepa,eog,hr,3,3,2,task_20251219_114935_971_a8eea1c0_188fc892,0.5,0,127914,90.0
tools,gepa,eog,hr,3,3,2,task_20251219_155215_361_00364ece_c1c6ffc8,0.0,0,147586,113.4
tools,gepa,eog,hr,3,3,2,task_20251225_124750_039_7e2e0039_de8a9d94,1.0,1,94585,90.2
tools,gepa,eog,hr,3,3,2,task_20251226_041218_355_d9bcd1e5_bc84c9d5,0.777778,0,239690,307.3
tools,gepa,eog,hr,3,3,2,task_20251226_101143_297_99ba2325_75b99d9a,0.75,0,162154,258.2
tools,gepa,eog,hr,3,3,2,task_20251226_102334_184_b25153b4_08c0849c,0.8,0,173566,190.2
tools,gepa,eog,hr,3,3,2,task_20251226_104747_127_30600918_559da326,0.5,0,188692,305.8
tools,gepa,eog,hr,3,3,2,task_20251226_132052_338_e6427839_727d852c,0.0,0,40522,97.9
tools,gepa,eog,hr,3,3,2,task_20251226_173040_372_95fd9f79_c7e85ec1,0.833333,0,189511,331.4
tools,gepa,eog,hr,3,3,2,task_20260109_172559_279_e6427839_f711406f,0.666667,0,187154,283.0
tools,gepa,eog,hr,3,3,2,task_20260109_202436_533_a8eea1c0_755eabdd,0.777778,0,597211,297.2
tools,gepa,eog,hr,3,3,2,task_20260113_032200_394_ad5a67e3_5e3873b8,0.875,0,233239,216.7
tools,gepa,eog,hr,3,3,2,task_20260114_091008_897_accab84d_786931e4,0.75,0,207245,423.2
tools,gepa,eog,hr,3,3,2,task_20260115_130330_068_00364ece_cf2e9cf1,0.857143,0,425859,656.9
tools,gepa,eog,hr,3,3,2,task_20260115_130852_498_a8eea1c0_e9192d7e,0.5,0,301678,423.4
tools,gepa,eog,hr,3,3,2,task_20260115_190725_477_a8eea1c0_eba3a1c5,0.833333,0,207589,272.8
tools,gepa,eog,hr,3,3,2,task_20260116_084548_120_fa1836dc_679067bc,0.166667,0,323257,570.7
tools,gepa,eog,hr,3,3,2,task_20260116_085958_358_a8eea1c0_6d7f242a,0.666667,0,95849,157.7
tools,gepa,eog,hr,3,3,2,task_20260116_105748_962_99ba2325_dcc658fa,0.75,0,179346,278.6
tools,gepa,eog,hr,3,3,2,task_20260116_122712_166_d4a463c3_196fe24f,1.0,1,241426,192.3
tools,gepa,eog,hr,3,3,2,task_20260116_143750_504_a8eea1c0_7d91efa1,0.6,0,113007,146.5
tools,gepa,eog,hr,3,3,2,task_20260116_150213_342_a8eea1c0_6d6fe792,0.666667,0,143205,94.3
tools,gepa,eog,hr,3,3,2,task_20260119_022056_842_ad5a67e3_964df197,1.0,1,233967,219.8
tools,gepa,eog,hr,3,3,3,task_20251217_073807_153_761f6b82_cba63024,0.571429,0,327159,369.7
tools,gepa,eog,hr,3,3,3,task_20251218_234518_453_d9bcd1e5_72c94403,1.0,1,214689,283.8
tools,gepa,eog,hr,3,3,3,task_20251219_114935_971_a8eea1c0_188fc892,0.5,0,112534,148.4
tools,gepa,eog,hr,3,3,3,task_20251219_155215_361_00364ece_c1c6ffc8,0.0,0,147345,142.9
tools,gepa,eog,hr,3,3,3,task_20251225_124750_039_7e2e0039_de8a9d94,1.0,1,93735,74.7
tools,gepa,eog,hr,3,3,3,task_20251226_041218_355_d9bcd1e5_bc84c9d5,0.777778,0,204853,248.5
tools,gepa,eog,hr,3,3,3,task_20251226_101143_297_99ba2325_75b99d9a,0.75,0,185968,305.3
tools,gepa,eog,hr,3,3,3,task_20251226_102334_184_b25153b4_08c0849c,1.0,1,172676,166.7
tools,gepa,eog,hr,3,3,3,task_20251226_104747_127_30600918_559da326,0.25,0,276403,421.9
tools,gepa,eog,hr,3,3,3,task_20251226_132052_338_e6427839_727d852c,0.5,0,171053,308.9
tools,gepa,eog,hr,3,3,3,task_20251226_173040_372_95fd9f79_c7e85ec1,0.666667,0,271261,443.0
tools,gepa,eog,hr,3,3,3,task_20260109_172559_279_e6427839_f711406f,0.5,0,223256,341.9
tools,gepa,eog,hr,3,3,3,task_20260109_202436_533_a8eea1c0_755eabdd,0.888889,0,438709,288.3
tools,gepa,eog,hr,3,3,3,task_20260113_032200_394_ad5a67e3_5e3873b8,0.875,0,330283,260.4
tools,gepa,eog,hr,3,3,3,task_20260114_091008_897_accab84d_786931e4,0.75,0,188748,383.8
tools,gepa,eog,hr,3,3,3,task_20260115_130330_068_00364ece_cf2e9cf1,0.714286,0,477897,662.3
tools,gepa,eog,hr,3,3,3,task_20260115_130852_498_a8eea1c0_e9192d7e,0.5,0,337069,525.8
tools,gepa,eog,hr,3,3,3,task_20260115_190725_477_a8eea1c0_eba3a1c5,0.833333,0,273561,329.6
tools,gepa,eog,hr,3,3,3,task_20260116_084548_120_fa1836dc_679067bc,0.5,0,234296,477.8
tools,gepa,eog,hr,3,3,3,task_20260116_085958_358_a8eea1c0_6d7f242a,1.0,1,203354,280.2
tools,gepa,eog,hr,3,3,3,task_20260116_105748_962_99ba2325_dcc658fa,0.75,0,179337,247.7
tools,gepa,eog,hr,3,3,3,task_20260116_122712_166_d4a463c3_196fe24f,1.0,1,168029,122.5
tools,gepa,eog,hr,3,3,3,task_20260116_143750_504_a8eea1c0_7d91efa1,1.0,1,148122,102.1
tools,gepa,eog,hr,3,3,3,task_20260116_150213_342_a8eea1c0_6d6fe792,0.666667,0,191478,108.8
tools,gepa,eog,hr,3,3,3,task_20260119_022056_842_ad5a67e3_964df197,0.833333,0,182464,215.0
tools,gepa,eog,hr,3,4,1,task_20251212_194942_087_761f6b82_451ef3b7,0.857143,0,240110,322.2
tools,gepa,eog,hr,3,4,1,task_20251217_231709_248_b25153b4_4c5f9bde,0.857143,0,265967,304.4
tools,gepa,eog,hr,3,4,1,task_20251219_155520_685_a8eea1c0_c6fb88a1,0.6,0,166567,160.5
tools,gepa,eog,hr,3,4,1,task_20251223_061756_991_a8eea1c0_e497a345,0.6,0,180724,218.1
tools,gepa,eog,hr,3,4,1,task_20251223_201118_525_46ca2862_e3f79e09,1.0,1,758976,1610.4
tools,gepa,eog,hr,3,4,1,task_20251224_064352_705_ec0cb5dd_46d83d4e,0.461538,0,20315,25.4
tools,gepa,eog,hr,3,4,1,task_20251224_074251_092_46ca2862_b5b99f66,1.0,1,212465,196.7
tools,gepa,eog,hr,3,4,1,task_20251225_062927_003_d9bcd1e5_d996901a,0.875,0,446705,497.8
tools,gepa,eog,hr,3,4,1,task_20251225_180047_141_a8eea1c0_002e725f,1.0,1,233825,475.5
tools,gepa,eog,hr,3,4,1,task_20251226_110144_731_b25153b4_773380f8,1.0,1,299375,345.1
tools,gepa,eog,hr,3,4,1,task_20260109_185510_803_a8eea1c0_b51123d7,1.0,1,201693,184.3
tools,gepa,eog,hr,3,4,1,task_20260111_151647_667_a8eea1c0_c7c264ba,1.0,1,237162,279.8
tools,gepa,eog,hr,3,4,1,task_20260111_190744_927_a8eea1c0_17bea726,0.0,0,375495,713.4
tools,gepa,eog,hr,3,4,1,task_20260114_173911_329_a8eea1c0_b687c646,0.6,0,204008,213.7
tools,gepa,eog,hr,3,4,1,task_20260114_220447_370_00364ece_0c9c7534,1.0,1,367715,388.6
tools,gepa,eog,hr,3,4,1,task_20260115_043503_499_a8eea1c0_4b943c9b,0.75,0,238394,246.2
tools,gepa,eog,hr,3,4,1,task_20260116_094554_219_c5cac200_82f2d2a8,1.0,1,235559,306.8
tools,gepa,eog,hr,3,4,1,task_20260116_095609_650_c5cac200_741831a8,1.0,1,157998,283.4
tools,gepa,eog,hr,3,4,1,task_20260116_112648_773_99ba2325_c572f123,0.857143,0,304358,523.4
tools,gepa,eog,hr,3,4,1,task_20260116_185136_779_46ca2862_2b77b852,1.0,1,89302,241.3
tools,gepa,eog,hr,3,4,1,task_20260116_203855_584_57529556_7b20a1d8,0.666667,0,262619,507.4
tools,gepa,eog,hr,3,4,1,task_20260119_045416_534_ad5a67e3_78445838,0.857143,0,267110,297.1
tools,gepa,eog,hr,3,4,2,task_20251212_194942_087_761f6b82_451ef3b7,0.857143,0,289046,447.7
tools,gepa,eog,hr,3,4,2,task_20251217_231709_248_b25153b4_4c5f9bde,0.857143,0,325870,350.9
tools,gepa,eog,hr,3,4,2,task_20251219_155520_685_a8eea1c0_c6fb88a1,0.6,0,164165,118.8
tools,gepa,eog,hr,3,4,2,task_20251223_061756_991_a8eea1c0_e497a345,0.6,0,192787,237.9
tools,gepa,eog,hr,3,4,2,task_20251223_201118_525_46ca2862_e3f79e09,0.0,0,154203,428.6
tools,gepa,eog,hr,3,4,2,task_20251224_064352_705_ec0cb5dd_46d83d4e,0.461538,0,20418,30.9
tools,gepa,eog,hr,3,4,2,task_20251224_074251_092_46ca2862_b5b99f66,1.0,1,217146,304.1
tools,gepa,eog,hr,3,4,2,task_20251225_062927_003_d9bcd1e5_d996901a,0.875,0,415664,576.3
tools,gepa,eog,hr,3,4,2,task_20251225_180047_141_a8eea1c0_002e725f,1.0,1,227278,528.3
tools,gepa,eog,hr,3,4,2,task_20251226_110144_731_b25153b4_773380f8,1.0,1,346937,597.8
tools,gepa,eog,hr,3,4,2,task_20260109_185510_803_a8eea1c0_b51123d7,1.0,1,240848,236.6
tools,gepa,eog,hr,3,4,2,task_20260111_151647_667_a8eea1c0_c7c264ba,1.0,1,279854,359.2
tools,gepa,eog,hr,3,4,2,task_20260111_190744_927_a8eea1c0_17bea726,0.0,0,253805,454.8
tools,gepa,eog,hr,3,4,2,task_20260114_173911_329_a8eea1c0_b687c646,0.6,0,281334,229.8
tools,gepa,eog,hr,3,4,2,task_20260114_220447_370_00364ece_0c9c7534,0.75,0,217517,246.5
tools,gepa,eog,hr,3,4,2,task_20260115_043503_499_a8eea1c0_4b943c9b,0.75,0,180717,278.4
tools,gepa,eog,hr,3,4,2,task_20260116_094554_219_c5cac200_82f2d2a8,1.0,1,330093,610.4
tools,gepa,eog,hr,3,4,2,task_20260116_095609_650_c5cac200_741831a8,1.0,1,203170,387.3
tools,gepa,eog,hr,3,4,2,task_20260116_112648_773_99ba2325_c572f123,0.571429,0,338059,601.3
tools,gepa,eog,hr,3,4,2,task_20260116_185136_779_46ca2862_2b77b852,1.0,1,89021,188.2
tools,gepa,eog,hr,3,4,2,task_20260116_203855_584_57529556_7b20a1d8,0.666667,0,211439,442.9
tools,gepa,eog,hr,3,4,2,task_20260119_045416_534_ad5a67e3_78445838,0.857143,0,308108,387.6
tools,gepa,eog,hr,3,4,3,task_20251212_194942_087_761f6b82_451ef3b7,0.857143,0,342809,741.6
tools,gepa,eog,hr,3,4,3,task_20251217_231709_248_b25153b4_4c5f9bde,0.857143,0,324129,280.0
tools,gepa,eog,hr,3,4,3,task_20251219_155520_685_a8eea1c0_c6fb88a1,0.6,0,206779,147.9
tools,gepa,eog,hr,3,4,3,task_20251223_061756_991_a8eea1c0_e497a345,0.6,0,242181,345.9
tools,gepa,eog,hr,3,4,3,task_20251223_201118_525_46ca2862_e3f79e09,1.0,1,637992,1356.0
tools,gepa,eog,hr,3,4,3,task_20251224_064352_705_ec0cb5dd_46d83d4e,0.461538,0,20084,25.1
tools,gepa,eog,hr,3,4,3,task_20251224_074251_092_46ca2862_b5b99f66,1.0,1,234116,227.8
tools,gepa,eog,hr,3,4,3,task_20251225_062927_003_d9bcd1e5_d996901a,0.875,0,455451,686.0
tools,gepa,eog,hr,3,4,3,task_20251225_180047_141_a8eea1c0_002e725f,1.0,1,265468,427.8
tools,gepa,eog,hr,3,4,3,task_20251226_110144_731_b25153b4_773380f8,1.0,1,403068,434.0
tools,gepa,eog,hr,3,4,3,task_20260109_185510_803_a8eea1c0_b51123d7,1.0,1,220138,219.7
tools,gepa,eog,hr,3,4,3,task_20260111_151647_667_a8eea1c0_c7c264ba,1.0,1,213869,249.7
tools,gepa,eog,hr,3,4,3,task_20260111_190744_927_a8eea1c0_17bea726,0.0,0,317961,586.4
tools,gepa,eog,hr,3,4,3,task_20260114_173911_329_a8eea1c0_b687c646,0.6,0,245243,313.1
tools,gepa,eog,hr,3,4,3,task_20260114_220447_370_00364ece_0c9c7534,0.75,0,215028,273.5
tools,gepa,eog,hr,3,4,3,task_20260115_043503_499_a8eea1c0_4b943c9b,0.75,0,245463,388.9
tools,gepa,eog,hr,3,4,3,task_20260116_094554_219_c5cac200_82f2d2a8,1.0,1,290470,825.9
tools,gepa,eog,hr,3,4,3,task_20260116_095609_650_c5cac200_741831a8,1.0,1,201572,375.3
tools,gepa,eog,hr,3,4,3,task_20260116_112648_773_99ba2325_c572f123,0.857143,0,396689,577.3
tools,gepa,eog,hr,3,4,3,task_20260116_185136_779_46ca2862_2b77b852,1.0,1,132270,302.2
tools,gepa,eog,hr,3,4,3,task_20260116_203855_584_57529556_7b20a1d8,0.666667,0,272525,443.2
tools,gepa,eog,hr,3,4,3,task_20260119_045416_534_ad5a67e3_78445838,0.857143,0,368637,261.7
tools,gepa,eog,hr,4,1,1,task_20251223_184833_888_a8eea1c0_87c53cb9,1.0,1,274586,319.9
tools,gepa,eog,hr,4,1,1,task_20251223_194142_190_46ca2862_d9cae434,1.0,1,106812,203.3
tools,gepa,eog,hr,4,1,1,task_20251223_194912_450_46ca2862_0084047c,1.0,1,168845,275.0
tools,gepa,eog,hr,4,1,1,task_20251224_094258_495_c4ad7a70_42fbe372,1.0,1,235447,175.3
tools,gepa,eog,hr,4,1,1,task_20251224_133749_739_c4ad7a70_9df76270,0.75,0,193341,186.7
tools,gepa,eog,hr,4,1,1,task_20251226_094920_495_99ba2325_627386b2,1.0,1,219239,355.9
tools,gepa,eog,hr,4,1,1,task_20260112_141226_936_7aad91c1_61df8f2b,0.25,0,176383,183.8
tools,gepa,eog,hr,4,1,1,task_20260116_104653_444_99ba2325_320d5ca4,1.0,1,183278,277.8
tools,gepa,eog,hr,4,1,1,task_20260116_112336_208_c5cac200_da33db0a,0.666667,0,154133,217.9
tools,gepa,eog,hr,4,1,1,task_20260116_160908_725_46ca2862_923e672e,1.0,1,176231,369.6
tools,gepa,eog,hr,4,1,2,task_20251223_184833_888_a8eea1c0_87c53cb9,1.0,1,246379,208.4
tools,gepa,eog,hr,4,1,2,task_20251223_194142_190_46ca2862_d9cae434,1.0,1,168124,226.4
tools,gepa,eog,hr,4,1,2,task_20251223_194912_450_46ca2862_0084047c,1.0,1,317402,347.5
tools,gepa,eog,hr,4,1,2,task_20251224_094258_495_c4ad7a70_42fbe372,0.5,0,193197,213.5
tools,gepa,eog,hr,4,1,2,task_20251224_133749_739_c4ad7a70_9df76270,0.75,0,191430,173.7
tools,gepa,eog,hr,4,1,2,task_20251226_094920_495_99ba2325_627386b2,0.5,0,66054,95.5
tools,gepa,eog,hr,4,1,2,task_20260112_141226_936_7aad91c1_61df8f2b,1.0,1,175547,223.5
tools,gepa,eog,hr,4,1,2,task_20260116_104653_444_99ba2325_320d5ca4,1.0,1,181885,191.1
tools,gepa,eog,hr,4,1,2,task_20260116_112336_208_c5cac200_da33db0a,0.833333,0,174316,181.4
tools,gepa,eog,hr,4,1,2,task_20260116_160908_725_46ca2862_923e672e,1.0,1,195490,291.2
tools,gepa,eog,hr,4,1,3,task_20251223_184833_888_a8eea1c0_87c53cb9,0.571429,0,190280,190.0
tools,gepa,eog,hr,4,1,3,task_20251223_194142_190_46ca2862_d9cae434,1.0,1,168518,248.2
tools,gepa,eog,hr,4,1,3,task_20251223_194912_450_46ca2862_0084047c,1.0,1,148671,205.3
tools,gepa,eog,hr,4,1,3,task_20251224_094258_495_c4ad7a70_42fbe372,0.5,0,165888,150.8
tools,gepa,eog,hr,4,1,3,task_20251224_133749_739_c4ad7a70_9df76270,0.25,0,170043,181.4
tools,gepa,eog,hr,4,1,3,task_20251226_094920_495_99ba2325_627386b2,1.0,1,133155,234.9
tools,gepa,eog,hr,4,1,3,task_20260112_141226_936_7aad91c1_61df8f2b,1.0,1,152329,143.5
tools,gepa,eog,hr,4,1,3,task_20260116_104653_444_99ba2325_320d5ca4,1.0,1,213158,214.5
tools,gepa,eog,hr,4,1,3,task_20260116_112336_208_c5cac200_da33db0a,0.833333,0,199711,287.8
tools,gepa,eog,hr,4,1,3,task_20260116_160908_725_46ca2862_923e672e,0.0,0,41653,70.5
tools,gepa,eog,hr,4,2,1,task_20251217_211723_514_87437950_3bbbb519,0.25,0,196933,338.9
tools,gepa,eog,hr,4,2,1,task_20251219_205632_335_cd46e60f_4db23138,0.25,0,177880,258.0
tools,gepa,eog,hr,4,2,1,task_20251224_030218_157_00364ece_79650819,1.0,1,185956,184.7
tools,gepa,eog,hr,4,2,1,task_20251224_195437_497_e6427839_6357fed2,0.0,0,127115,93.7
tools,gepa,eog,hr,4,2,1,task_20251226_090527_363_b25153b4_6caf1a47,1.0,1,226229,141.3
tools,gepa,eog,hr,4,2,1,task_20251226_135729_497_c4ad7a70_788f5baf,0.666667,0,165635,242.2
tools,gepa,eog,hr,4,2,1,task_20251226_153702_699_ad5a67e3_43cd2d47,1.0,1,157787,189.8
tools,gepa,eog,hr,4,2,1,task_20260114_170216_532_accab84d_9dc7ddd5,1.0,1,151374,145.8
tools,gepa,eog,hr,4,2,1,task_20260114_180423_838_00364ece_9f2ad35c,0.75,0,263106,428.0
tools,gepa,eog,hr,4,2,1,task_20260115_124602_090_accab84d_91ac1840,0.0,0,240817,285.2
tools,gepa,eog,hr,4,2,1,task_20260115_151312_690_57529556_9fca8861,0.625,0,265466,341.9
tools,gepa,eog,hr,4,2,1,task_20260116_055513_891_99ba2325_849991b8,0.333333,0,299713,492.5
tools,gepa,eog,hr,4,2,1,task_20260116_170758_750_d4a463c3_3885de59,0.444444,0,363959,345.2
tools,gepa,eog,hr,4,2,2,task_20251217_211723_514_87437950_3bbbb519,0.25,0,150697,283.9
tools,gepa,eog,hr,4,2,2,task_20251219_205632_335_cd46e60f_4db23138,0.25,0,252985,421.3
tools,gepa,eog,hr,4,2,2,task_20251224_030218_157_00364ece_79650819,0.0,0,166786,222.3
tools,gepa,eog,hr,4,2,2,task_20251224_195437_497_e6427839_6357fed2,0.0,0,193970,165.4
tools,gepa,eog,hr,4,2,2,task_20251226_090527_363_b25153b4_6caf1a47,0.8,0,271471,255.7
tools,gepa,eog,hr,4,2,2,task_20251226_135729_497_c4ad7a70_788f5baf,0.666667,0,145923,184.8
tools,gepa,eog,hr,4,2,2,task_20251226_153702_699_ad5a67e3_43cd2d47,1.0,1,107462,166.1
tools,gepa,eog,hr,4,2,2,task_20260114_170216_532_accab84d_9dc7ddd5,1.0,1,209148,208.6
tools,gepa,eog,hr,4,2,2,task_20260114_180423_838_00364ece_9f2ad35c,0.75,0,344553,579.6
tools,gepa,eog,hr,4,2,2,task_20260115_124602_090_accab84d_91ac1840,0.166667,0,338041,577.8
tools,gepa,eog,hr,4,2,2,task_20260115_151312_690_57529556_9fca8861,0.875,0,294928,426.2
tools,gepa,eog,hr,4,2,2,task_20260116_055513_891_99ba2325_849991b8,0.333333,0,228090,400.1
tools,gepa,eog,hr,4,2,2,task_20260116_170758_750_d4a463c3_3885de59,0.444444,0,460511,960.3
tools,gepa,eog,hr,4,2,3,task_20251217_211723_514_87437950_3bbbb519,0.25,0,152571,326.3
tools,gepa,eog,hr,4,2,3,task_20251219_205632_335_cd46e60f_4db23138,0.25,0,199424,339.9
tools,gepa,eog,hr,4,2,3,task_20251224_030218_157_00364ece_79650819,1.0,1,124242,156.4
tools,gepa,eog,hr,4,2,3,task_20251224_195437_497_e6427839_6357fed2,0.0,0,148818,150.6
tools,gepa,eog,hr,4,2,3,task_20251226_090527_363_b25153b4_6caf1a47,0.8,0,227767,241.7
tools,gepa,eog,hr,4,2,3,task_20251226_135729_497_c4ad7a70_788f5baf,0.666667,0,144397,168.2
tools,gepa,eog,hr,4,2,3,task_20251226_153702_699_ad5a67e3_43cd2d47,1.0,1,150877,330.2
tools,gepa,eog,hr,4,2,3,task_20260114_170216_532_accab84d_9dc7ddd5,1.0,1,208399,162.7
tools,gepa,eog,hr,4,2,3,task_20260114_180423_838_00364ece_9f2ad35c,0.75,0,285846,495.1
tools,gepa,eog,hr,4,2,3,task_20260115_124602_090_accab84d_91ac1840,0.0,0,265972,399.1
tools,gepa,eog,hr,4,2,3,task_20260115_151312_690_57529556_9fca8861,1.0,1,316552,571.9
tools,gepa,eog,hr,4,2,3,task_20260116_055513_891_99ba2325_849991b8,0.333333,0,179335,370.4
tools,gepa,eog,hr,4,2,3,task_20260116_170758_750_d4a463c3_3885de59,0.777778,0,401363,418.8
tools,gepa,eog,hr,4,3,1,task_20251217_073807_153_761f6b82_cba63024,0.714286,0,399912,589.2
tools,gepa,eog,hr,4,3,1,task_20251218_234518_453_d9bcd1e5_72c94403,1.0,1,314243,255.8
tools,gepa,eog,hr,4,3,1,task_20251219_114935_971_a8eea1c0_188fc892,0.5,0,82532,101.8
tools,gepa,eog,hr,4,3,1,task_20251219_155215_361_00364ece_c1c6ffc8,0.0,0,163962,193.1
tools,gepa,eog,hr,4,3,1,task_20251225_124750_039_7e2e0039_de8a9d94,1.0,1,104966,158.3
tools,gepa,eog,hr,4,3,1,task_20251226_041218_355_d9bcd1e5_bc84c9d5,0.777778,0,240718,418.0
tools,gepa,eog,hr,4,3,1,task_20251226_101143_297_99ba2325_75b99d9a,0.75,0,290320,457.9
tools,gepa,eog,hr,4,3,1,task_20251226_102334_184_b25153b4_08c0849c,1.0,1,171873,216.8
tools,gepa,eog,hr,4,3,1,task_20251226_104747_127_30600918_559da326,0.5,0,322237,637.8
tools,gepa,eog,hr,4,3,1,task_20251226_132052_338_e6427839_727d852c,0.0,0,91103,222.8
tools,gepa,eog,hr,4,3,1,task_20251226_173040_372_95fd9f79_c7e85ec1,0.833333,0,374615,332.4
tools,gepa,eog,hr,4,3,1,task_20260109_172559_279_e6427839_f711406f,1.0,1,464972,672.2
tools,gepa,eog,hr,4,3,1,task_20260109_202436_533_a8eea1c0_755eabdd,0.666667,0,309480,384.2
tools,gepa,eog,hr,4,3,1,task_20260113_032200_394_ad5a67e3_5e3873b8,0.875,0,201082,202.0
tools,gepa,eog,hr,4,3,1,task_20260114_091008_897_accab84d_786931e4,1.0,1,159015,280.6
tools,gepa,eog,hr,4,3,1,task_20260115_130330_068_00364ece_cf2e9cf1,0.571429,0,506888,1129.4
tools,gepa,eog,hr,4,3,1,task_20260115_130852_498_a8eea1c0_e9192d7e,1.0,1,241166,333.6
tools,gepa,eog,hr,4,3,1,task_20260115_190725_477_a8eea1c0_eba3a1c5,0.833333,0,196263,359.1
tools,gepa,eog,hr,4,3,1,task_20260116_084548_120_fa1836dc_679067bc,0.5,0,317724,585.2
tools,gepa,eog,hr,4,3,1,task_20260116_085958_358_a8eea1c0_6d7f242a,0.666667,0,184531,302.8
tools,gepa,eog,hr,4,3,1,task_20260116_105748_962_99ba2325_dcc658fa,0.75,0,195762,306.9
tools,gepa,eog,hr,4,3,1,task_20260116_122712_166_d4a463c3_196fe24f,1.0,1,306410,195.1
tools,gepa,eog,hr,4,3,1,task_20260116_143750_504_a8eea1c0_7d91efa1,1.0,1,249189,144.0
tools,gepa,eog,hr,4,3,1,task_20260116_150213_342_a8eea1c0_6d6fe792,0.666667,0,197354,171.9
tools,gepa,eog,hr,4,3,1,task_20260119_022056_842_ad5a67e3_964df197,1.0,1,271974,374.1
tools,gepa,eog,hr,4,3,2,task_20251217_073807_153_761f6b82_cba63024,0.714286,0,340616,395.9
tools,gepa,eog,hr,4,3,2,task_20251218_234518_453_d9bcd1e5_72c94403,1.0,1,195673,253.6
tools,gepa,eog,hr,4,3,2,task_20251219_114935_971_a8eea1c0_188fc892,0.5,0,83447,115.5
tools,gepa,eog,hr,4,3,2,task_20251219_155215_361_00364ece_c1c6ffc8,0.0,0,186540,200.5
tools,gepa,eog,hr,4,3,2,task_20251225_124750_039_7e2e0039_de8a9d94,1.0,1,128411,160.8
tools,gepa,eog,hr,4,3,2,task_20251226_041218_355_d9bcd1e5_bc84c9d5,0.777778,0,269143,315.6
tools,gepa,eog,hr,4,3,2,task_20251226_101143_297_99ba2325_75b99d9a,0.75,0,260605,262.9
tools,gepa,eog,hr,4,3,2,task_20251226_102334_184_b25153b4_08c0849c,1.0,1,168637,109.9
tools,gepa,eog,hr,4,3,2,task_20251226_104747_127_30600918_559da326,0.5,0,376568,899.2
tools,gepa,eog,hr,4,3,2,task_20251226_132052_338_e6427839_727d852c,0.0,0,44004,118.3
tools,gepa,eog,hr,4,3,2,task_20251226_173040_372_95fd9f79_c7e85ec1,0.833333,0,211491,580.1
tools,gepa,eog,hr,4,3,2,task_20260109_172559_279_e6427839_f711406f,1.0,1,481988,284.8
tools,gepa,eog,hr,4,3,2,task_20260109_202436_533_a8eea1c0_755eabdd,0.555556,0,470595,326.1
tools,gepa,eog,hr,4,3,2,task_20260113_032200_394_ad5a67e3_5e3873b8,0.875,0,362601,229.1
tools,gepa,eog,hr,4,3,2,task_20260114_091008_897_accab84d_786931e4,0.75,0,265318,402.9
tools,gepa,eog,hr,4,3,2,task_20260115_130330_068_00364ece_cf2e9cf1,0.571429,0,474410,971.6
tools,gepa,eog,hr,4,3,2,task_20260115_130852_498_a8eea1c0_e9192d7e,0.833333,0,440111,479.5
tools,gepa,eog,hr,4,3,2,task_20260115_190725_477_a8eea1c0_eba3a1c5,0.833333,0,266423,407.6
tools,gepa,eog,hr,4,3,2,task_20260116_084548_120_fa1836dc_679067bc,0.5,0,271372,555.1
tools,gepa,eog,hr,4,3,2,task_20260116_085958_358_a8eea1c0_6d7f242a,1.0,1,282142,399.5
tools,gepa,eog,hr,4,3,2,task_20260116_105748_962_99ba2325_dcc658fa,0.75,0,195550,246.9
tools,gepa,eog,hr,4,3,2,task_20260116_122712_166_d4a463c3_196fe24f,1.0,1,229534,142.7
tools,gepa,eog,hr,4,3,2,task_20260116_143750_504_a8eea1c0_7d91efa1,1.0,1,231001,132.5
tools,gepa,eog,hr,4,3,2,task_20260116_150213_342_a8eea1c0_6d6fe792,0.666667,0,144059,135.4
tools,gepa,eog,hr,4,3,2,task_20260119_022056_842_ad5a67e3_964df197,0.833333,0,338568,245.6
tools,gepa,eog,hr,4,3,3,task_20251217_073807_153_761f6b82_cba63024,0.714286,0,211373,489.4
tools,gepa,eog,hr,4,3,3,task_20251218_234518_453_d9bcd1e5_72c94403,0.666667,0,170558,161.7
tools,gepa,eog,hr,4,3,3,task_20251219_114935_971_a8eea1c0_188fc892,0.5,0,81786,101.2
tools,gepa,eog,hr,4,3,3,task_20251219_155215_361_00364ece_c1c6ffc8,0.0,0,163834,138.8
tools,gepa,eog,hr,4,3,3,task_20251225_124750_039_7e2e0039_de8a9d94,1.0,1,84408,93.4
tools,gepa,eog,hr,4,3,3,task_20251226_041218_355_d9bcd1e5_bc84c9d5,0.777778,0,222420,317.6
tools,gepa,eog,hr,4,3,3,task_20251226_101143_297_99ba2325_75b99d9a,0.75,0,182384,302.8
tools,gepa,eog,hr,4,3,3,task_20251226_102334_184_b25153b4_08c0849c,0.8,0,154436,125.5
tools,gepa,eog,hr,4,3,3,task_20251226_104747_127_30600918_559da326,0.5,0,229840,434.7
tools,gepa,eog,hr,4,3,3,task_20251226_132052_338_e6427839_727d852c,0.5,0,138833,338.6
tools,gepa,eog,hr,4,3,3,task_20251226_173040_372_95fd9f79_c7e85ec1,1.0,1,257600,281.7
tools,gepa,eog,hr,4,3,3,task_20260109_172559_279_e6427839_f711406f,1.0,1,333440,339.3
tools,gepa,eog,hr,4,3,3,task_20260109_202436_533_a8eea1c0_755eabdd,0.666667,0,363236,491.9
tools,gepa,eog,hr,4,3,3,task_20260113_032200_394_ad5a67e3_5e3873b8,0.875,0,319237,187.9
tools,gepa,eog,hr,4,3,3,task_20260114_091008_897_accab84d_786931e4,0.75,0,209680,363.1
tools,gepa,eog,hr,4,3,3,task_20260115_130330_068_00364ece_cf2e9cf1,0.714286,0,337886,570.9
tools,gepa,eog,hr,4,3,3,task_20260115_130852_498_a8eea1c0_e9192d7e,1.0,1,286329,477.8
tools,gepa,eog,hr,4,3,3,task_20260115_190725_477_a8eea1c0_eba3a1c5,0.833333,0,189577,180.4
tools,gepa,eog,hr,4,3,3,task_20260116_084548_120_fa1836dc_679067bc,0.5,0,279298,535.6
tools,gepa,eog,hr,4,3,3,task_20260116_085958_358_a8eea1c0_6d7f242a,1.0,1,235089,297.1
tools,gepa,eog,hr,4,3,3,task_20260116_105748_962_99ba2325_dcc658fa,0.75,0,238346,244.3
tools,gepa,eog,hr,4,3,3,task_20260116_122712_166_d4a463c3_196fe24f,1.0,1,187576,121.9
tools,gepa,eog,hr,4,3,3,task_20260116_143750_504_a8eea1c0_7d91efa1,1.0,1,127401,157.5
tools,gepa,eog,hr,4,3,3,task_20260116_150213_342_a8eea1c0_6d6fe792,0.666667,0,196279,113.5
tools,gepa,eog,hr,4,3,3,task_20260119_022056_842_ad5a67e3_964df197,1.0,1,221178,351.2
tools,gepa,eog,hr,4,4,1,task_20251212_194942_087_761f6b82_451ef3b7,0.857143,0,277485,245.4
tools,gepa,eog,hr,4,4,1,task_20251217_231709_248_b25153b4_4c5f9bde,0.857143,0,277428,186.6
tools,gepa,eog,hr,4,4,1,task_20251219_155520_685_a8eea1c0_c6fb88a1,0.6,0,161405,104.3
tools,gepa,eog,hr,4,4,1,task_20251223_061756_991_a8eea1c0_e497a345,0.6,0,215003,211.9
tools,gepa,eog,hr,4,4,1,task_20251223_201118_525_46ca2862_e3f79e09,0.0,0,84135,178.1
tools,gepa,eog,hr,4,4,1,task_20251224_064352_705_ec0cb5dd_46d83d4e,0.846154,0,370087,339.3
tools,gepa,eog,hr,4,4,1,task_20251224_074251_092_46ca2862_b5b99f66,1.0,1,187958,162.5
tools,gepa,eog,hr,4,4,1,task_20251225_062927_003_d9bcd1e5_d996901a,0.75,0,428203,421.4
tools,gepa,eog,hr,4,4,1,task_20251225_180047_141_a8eea1c0_002e725f,1.0,1,263153,357.6
tools,gepa,eog,hr,4,4,1,task_20251226_110144_731_b25153b4_773380f8,1.0,1,362773,192.0
tools,gepa,eog,hr,4,4,1,task_20260109_185510_803_a8eea1c0_b51123d7,1.0,1,276299,111.3
tools,gepa,eog,hr,4,4,1,task_20260111_151647_667_a8eea1c0_c7c264ba,0.714286,0,400484,391.0
tools,gepa,eog,hr,4,4,1,task_20260111_190744_927_a8eea1c0_17bea726,0.0,0,123670,259.6
tools,gepa,eog,hr,4,4,1,task_20260114_173911_329_a8eea1c0_b687c646,0.6,0,208540,141.5
tools,gepa,eog,hr,4,4,1,task_20260114_220447_370_00364ece_0c9c7534,0.75,0,210807,164.4
tools,gepa,eog,hr,4,4,1,task_20260115_043503_499_a8eea1c0_4b943c9b,0.75,0,267163,206.3
tools,gepa,eog,hr,4,4,1,task_20260116_094554_219_c5cac200_82f2d2a8,1.0,1,156031,253.9
tools,gepa,eog,hr,4,4,1,task_20260116_095609_650_c5cac200_741831a8,1.0,1,179900,197.7
tools,gepa,eog,hr,4,4,1,task_20260116_112648_773_99ba2325_c572f123,0.857143,0,245008,281.8
tools,gepa,eog,hr,4,4,1,task_20260116_185136_779_46ca2862_2b77b852,1.0,1,108184,159.0
tools,gepa,eog,hr,4,4,1,task_20260116_203855_584_57529556_7b20a1d8,0.666667,0,231283,267.2
tools,gepa,eog,hr,4,4,1,task_20260119_045416_534_ad5a67e3_78445838,0.857143,0,304994,209.9
tools,gepa,eog,hr,4,4,2,task_20251212_194942_087_761f6b82_451ef3b7,0.857143,0,210743,231.0
tools,gepa,eog,hr,4,4,2,task_20251217_231709_248_b25153b4_4c5f9bde,0.857143,0,301807,166.0
tools,gepa,eog,hr,4,4,2,task_20251219_155520_685_a8eea1c0_c6fb88a1,0.6,0,159408,83.2
tools,gepa,eog,hr,4,4,2,task_20251223_061756_991_a8eea1c0_e497a345,0.2,0,144441,169.0
tools,gepa,eog,hr,4,4,2,task_20251223_201118_525_46ca2862_e3f79e09,0.0,0,132129,332.8
tools,gepa,eog,hr,4,4,2,task_20251224_064352_705_ec0cb5dd_46d83d4e,0.846154,0,360705,439.4
tools,gepa,eog,hr,4,4,2,task_20251224_074251_092_46ca2862_b5b99f66,1.0,1,210330,292.4
tools,gepa,eog,hr,4,4,2,task_20251225_062927_003_d9bcd1e5_d996901a,0.875,0,292927,387.2
tools,gepa,eog,hr,4,4,2,task_20251225_180047_141_a8eea1c0_002e725f,1.0,1,308198,464.2
tools,gepa,eog,hr,4,4,2,task_20251226_110144_731_b25153b4_773380f8,1.0,1,330468,334.6
tools,gepa,eog,hr,4,4,2,task_20260109_185510_803_a8eea1c0_b51123d7,1.0,1,216106,199.4
tools,gepa,eog,hr,4,4,2,task_20260111_151647_667_a8eea1c0_c7c264ba,1.0,1,199222,252.7
tools,gepa,eog,hr,4,4,2,task_20260111_190744_927_a8eea1c0_17bea726,0.25,0,237627,261.9
tools,gepa,eog,hr,4,4,2,task_20260114_173911_329_a8eea1c0_b687c646,0.6,0,197112,186.8
tools,gepa,eog,hr,4,4,2,task_20260114_220447_370_00364ece_0c9c7534,0.75,0,148047,161.3
tools,gepa,eog,hr,4,4,2,task_20260115_043503_499_a8eea1c0_4b943c9b,0.75,0,393412,349.5
tools,gepa,eog,hr,4,4,2,task_20260116_094554_219_c5cac200_82f2d2a8,1.0,1,254475,307.4
tools,gepa,eog,hr,4,4,2,task_20260116_095609_650_c5cac200_741831a8,1.0,1,183136,280.4
tools,gepa,eog,hr,4,4,2,task_20260116_112648_773_99ba2325_c572f123,0.857143,0,312339,483.8
tools,gepa,eog,hr,4,4,2,task_20260116_185136_779_46ca2862_2b77b852,1.0,1,131290,289.7
tools,gepa,eog,hr,4,4,2,task_20260116_203855_584_57529556_7b20a1d8,0.666667,0,318825,463.1
tools,gepa,eog,hr,4,4,2,task_20260119_045416_534_ad5a67e3_78445838,0.857143,0,316825,165.5
tools,gepa,eog,hr,4,4,3,task_20251212_194942_087_761f6b82_451ef3b7,0.857143,0,211085,196.5
tools,gepa,eog,hr,4,4,3,task_20251217_231709_248_b25153b4_4c5f9bde,1.0,1,337203,246.5
tools,gepa,eog,hr,4,4,3,task_20251219_155520_685_a8eea1c0_c6fb88a1,0.6,0,157311,87.0
tools,gepa,eog,hr,4,4,3,task_20251223_061756_991_a8eea1c0_e497a345,0.2,0,152099,179.2
tools,gepa,eog,hr,4,4,3,task_20251223_201118_525_46ca2862_e3f79e09,1.0,1,914848,1108.1
tools,gepa,eog,hr,4,4,3,task_20251224_064352_705_ec0cb5dd_46d83d4e,0.846154,0,310467,381.0
tools,gepa,eog,hr,4,4,3,task_20251224_074251_092_46ca2862_b5b99f66,0.0,0,191342,173.3
tools,gepa,eog,hr,4,4,3,task_20251225_062927_003_d9bcd1e5_d996901a,0.875,0,259921,426.9
tools,gepa,eog,hr,4,4,3,task_20251225_180047_141_a8eea1c0_002e725f,1.0,1,223094,399.9
tools,gepa,eog,hr,4,4,3,task_20251226_110144_731_b25153b4_773380f8,1.0,1,283221,380.5
tools,gepa,eog,hr,4,4,3,task_20260109_185510_803_a8eea1c0_b51123d7,1.0,1,280765,200.5
tools,gepa,eog,hr,4,4,3,task_20260111_151647_667_a8eea1c0_c7c264ba,1.0,1,239014,341.3
tools,gepa,eog,hr,4,4,3,task_20260111_190744_927_a8eea1c0_17bea726,0.0,0,291054,432.2
tools,gepa,eog,hr,4,4,3,task_20260114_173911_329_a8eea1c0_b687c646,0.6,0,244459,296.9
tools,gepa,eog,hr,4,4,3,task_20260114_220447_370_00364ece_0c9c7534,0.75,0,210254,277.6
tools,gepa,eog,hr,4,4,3,task_20260115_043503_499_a8eea1c0_4b943c9b,0.75,0,229585,262.3
tools,gepa,eog,hr,4,4,3,task_20260116_094554_219_c5cac200_82f2d2a8,1.0,1,223040,328.5
tools,gepa,eog,hr,4,4,3,task_20260116_095609_650_c5cac200_741831a8,1.0,1,177505,264.1
tools,gepa,eog,hr,4,4,3,task_20260116_112648_773_99ba2325_c572f123,0.0,0,109294,250.5
tools,gepa,eog,hr,4,4,3,task_20260116_185136_779_46ca2862_2b77b852,1.0,1,110861,203.1
tools,gepa,eog,hr,4,4,3,task_20260116_203855_584_57529556_7b20a1d8,0.666667,0,231342,375.9
tools,gepa,eog,hr,4,4,3,task_20260119_045416_534_ad5a67e3_78445838,0.857143,0,275137,208.7
tools,gepa,eog,hr,4,5,1,task_20251217_161056_114_d9bcd1e5_c8f3ccb9,0.8,0,317076,246.7
tools,gepa,eog,hr,4,5,1,task_20260112_124137_537_761f6b82_9e1a6b99,0.25,0,218617,519.1
tools,gepa,eog,hr,4,5,2,task_20251217_161056_114_d9bcd1e5_c8f3ccb9,0.8,0,169372,143.4
tools,gepa,eog,hr,4,5,2,task_20260112_124137_537_761f6b82_9e1a6b99,0.25,0,190922,539.6
tools,gepa,eog,hr,4,5,3,task_20251217_161056_114_d9bcd1e5_c8f3ccb9,0.8,0,254699,268.5
tools,gepa,eog,hr,4,5,3,task_20260112_124137_537_761f6b82_9e1a6b99,0.25,0,308367,596.2
tools,gepa,eog,hr,5,1,1,task_20251223_184833_888_a8eea1c0_87c53cb9,0.714286,0,239329,217.0
tools,gepa,eog,hr,5,1,1,task_20251223_194142_190_46ca2862_d9cae434,0.5,0,169952,535.2
tools,gepa,eog,hr,5,1,1,task_20251223_194912_450_46ca2862_0084047c,0.5,0,210514,454.6
tools,gepa,eog,hr,5,1,1,task_20251224_094258_495_c4ad7a70_42fbe372,1.0,1,150460,305.9
tools,gepa,eog,hr,5,1,1,task_20251224_133749_739_c4ad7a70_9df76270,0.75,0,147544,283.9
tools,gepa,eog,hr,5,1,1,task_20251226_094920_495_99ba2325_627386b2,0.5,0,179604,325.2
tools,gepa,eog,hr,5,1,1,task_20260112_141226_936_7aad91c1_61df8f2b,0.75,0,157016,247.3
tools,gepa,eog,hr,5,1,1,task_20260116_104653_444_99ba2325_320d5ca4,0.5,0,154405,347.4
tools,gepa,eog,hr,5,1,1,task_20260116_112336_208_c5cac200_da33db0a,0.833333,0,172983,282.1
tools,gepa,eog,hr,5,1,1,task_20260116_160908_725_46ca2862_923e672e,0.0,0,63390,194.1
tools,gepa,eog,hr,5,1,2,task_20251223_184833_888_a8eea1c0_87c53cb9,0.714286,0,129449,114.7
tools,gepa,eog,hr,5,1,2,task_20251223_194142_190_46ca2862_d9cae434,0.0,0,122716,190.9
tools,gepa,eog,hr,5,1,2,task_20251223_194912_450_46ca2862_0084047c,0.0,0,122825,217.7
tools,gepa,eog,hr,5,1,2,task_20251224_094258_495_c4ad7a70_42fbe372,1.0,1,166445,208.2
tools,gepa,eog,hr,5,1,2,task_20251224_133749_739_c4ad7a70_9df76270,1.0,1,148453,210.6
tools,gepa,eog,hr,5,1,2,task_20251226_094920_495_99ba2325_627386b2,0.5,0,153207,297.5
tools,gepa,eog,hr,5,1,2,task_20260112_141226_936_7aad91c1_61df8f2b,0.75,0,264317,321.5
tools,gepa,eog,hr,5,1,2,task_20260116_104653_444_99ba2325_320d5ca4,0.75,0,232146,364.3
tools,gepa,eog,hr,5,1,2,task_20260116_112336_208_c5cac200_da33db0a,0.833333,0,180259,309.0
tools,gepa,eog,hr,5,1,2,task_20260116_160908_725_46ca2862_923e672e,0.5,0,111047,230.7
tools,gepa,eog,hr,5,1,3,task_20251223_184833_888_a8eea1c0_87c53cb9,0.714286,0,172887,176.0
tools,gepa,eog,hr,5,1,3,task_20251223_194142_190_46ca2862_d9cae434,0.5,0,126901,175.3
tools,gepa,eog,hr,5,1,3,task_20251223_194912_450_46ca2862_0084047c,0.0,0,63161,129.0
tools,gepa,eog,hr,5,1,3,task_20251224_094258_495_c4ad7a70_42fbe372,0.75,0,105307,161.1
tools,gepa,eog,hr,5,1,3,task_20251224_133749_739_c4ad7a70_9df76270,1.0,1,151438,259.4
tools,gepa,eog,hr,5,1,3,task_20251226_094920_495_99ba2325_627386b2,0.5,0,174460,311.0
tools,gepa,eog,hr,5,1,3,task_20260112_141226_936_7aad91c1_61df8f2b,1.0,1,177384,262.5
tools,gepa,eog,hr,5,1,3,task_20260116_104653_444_99ba2325_320d5ca4,0.5,0,184285,258.3
tools,gepa,eog,hr,5,1,3,task_20260116_112336_208_c5cac200_da33db0a,0.833333,0,182418,410.9
tools,gepa,eog,hr,5,1,3,task_20260116_160908_725_46ca2862_923e672e,0.0,0,108059,253.7
tools,gepa,eog,hr,5,2,1,task_20251217_211723_514_87437950_3bbbb519,0.25,0,123910,144.8
tools,gepa,eog,hr,5,2,1,task_20251219_205632_335_cd46e60f_4db23138,0.25,0,362195,759.1
tools,gepa,eog,hr,5,2,1,task_20251224_030218_157_00364ece_79650819,0.5,0,102484,130.8
tools,gepa,eog,hr,5,2,1,task_20251224_195437_497_e6427839_6357fed2,0.0,0,101240,77.9
tools,gepa,eog,hr,5,2,1,task_20251226_090527_363_b25153b4_6caf1a47,0.8,0,151194,220.2
tools,gepa,eog,hr,5,2,1,task_20251226_135729_497_c4ad7a70_788f5baf,0.333333,0,121462,131.7
tools,gepa,eog,hr,5,2,1,task_20251226_153702_699_ad5a67e3_43cd2d47,0.0,0,42730,78.6
tools,gepa,eog,hr,5,2,1,task_20260114_170216_532_accab84d_9dc7ddd5,1.0,1,143225,134.9
tools,gepa,eog,hr,5,2,1,task_20260114_180423_838_00364ece_9f2ad35c,1.0,1,352050,677.6
tools,gepa,eog,hr,5,2,1,task_20260115_124602_090_accab84d_91ac1840,1.0,1,263023,350.4
tools,gepa,eog,hr,5,2,1,task_20260115_151312_690_57529556_9fca8861,0.75,0,484108,874.4
tools,gepa,eog,hr,5,2,1,task_20260116_055513_891_99ba2325_849991b8,0.166667,0,22912,71.0
tools,gepa,eog,hr,5,2,1,task_20260116_170758_750_d4a463c3_3885de59,0.777778,0,362092,491.9
tools,gepa,eog,hr,5,2,2,task_20251217_211723_514_87437950_3bbbb519,0.25,0,106452,119.8
tools,gepa,eog,hr,5,2,2,task_20251219_205632_335_cd46e60f_4db23138,0.25,0,239949,503.3
tools,gepa,eog,hr,5,2,2,task_20251224_030218_157_00364ece_79650819,0.5,0,83960,121.4
tools,gepa,eog,hr,5,2,2,task_20251224_195437_497_e6427839_6357fed2,0.0,0,146756,116.4
tools,gepa,eog,hr,5,2,2,task_20251226_090527_363_b25153b4_6caf1a47,0.8,0,146234,166.9
tools,gepa,eog,hr,5,2,2,task_20251226_135729_497_c4ad7a70_788f5baf,0.666667,0,101418,113.6
tools,gepa,eog,hr,5,2,2,task_20251226_153702_699_ad5a67e3_43cd2d47,0.333333,0,109051,184.6
tools,gepa,eog,hr,5,2,2,task_20260114_170216_532_accab84d_9dc7ddd5,1.0,1,163891,151.1
tools,gepa,eog,hr,5,2,2,task_20260114_180423_838_00364ece_9f2ad35c,1.0,1,279807,431.9
tools,gepa,eog,hr,5,2,2,task_20260115_124602_090_accab84d_91ac1840,0.833333,0,219986,226.9
tools,gepa,eog,hr,5,2,2,task_20260115_151312_690_57529556_9fca8861,0.0,0,109607,202.0
tools,gepa,eog,hr,5,2,2,task_20260116_055513_891_99ba2325_849991b8,0.166667,0,22659,62.9
tools,gepa,eog,hr,5,2,2,task_20260116_170758_750_d4a463c3_3885de59,0.777778,0,283313,406.5
tools,gepa,eog,hr,5,2,3,task_20251217_211723_514_87437950_3bbbb519,0.25,0,106964,156.7
tools,gepa,eog,hr,5,2,3,task_20251219_205632_335_cd46e60f_4db23138,0.0,0,44553,103.3
tools,gepa,eog,hr,5,2,3,task_20251224_030218_157_00364ece_79650819,0.0,0,62442,121.4
tools,gepa,eog,hr,5,2,3,task_20251224_195437_497_e6427839_6357fed2,0.0,0,104402,80.4
tools,gepa,eog,hr,5,2,3,task_20251226_090527_363_b25153b4_6caf1a47,0.8,0,149674,178.7
tools,gepa,eog,hr,5,2,3,task_20251226_135729_497_c4ad7a70_788f5baf,0.666667,0,141029,158.6
tools,gepa,eog,hr,5,2,3,task_20251226_153702_699_ad5a67e3_43cd2d47,0.0,0,41296,83.6
tools,gepa,eog,hr,5,2,3,task_20260114_170216_532_accab84d_9dc7ddd5,1.0,1,142950,107.3
tools,gepa,eog,hr,5,2,3,task_20260114_180423_838_00364ece_9f2ad35c,0.75,0,197613,263.4
tools,gepa,eog,hr,5,2,3,task_20260115_124602_090_accab84d_91ac1840,0.833333,0,238580,253.7
tools,gepa,eog,hr,5,2,3,task_20260115_151312_690_57529556_9fca8861,0.875,0,476959,581.2
tools,gepa,eog,hr,5,2,3,task_20260116_055513_891_99ba2325_849991b8,0.166667,0,23601,68.8
tools,gepa,eog,hr,5,2,3,task_20260116_170758_750_d4a463c3_3885de59,0.777778,0,315150,365.4
tools,gepa,eog,hr,5,3,1,task_20251217_073807_153_761f6b82_cba63024,0.571429,0,285905,336.4
tools,gepa,eog,hr,5,3,1,task_20251218_234518_453_d9bcd1e5_72c94403,1.0,1,187775,191.3
tools,gepa,eog,hr,5,3,1,task_20251219_114935_971_a8eea1c0_188fc892,0.25,0,80734,71.4
tools,gepa,eog,hr,5,3,1,task_20251219_155215_361_00364ece_c1c6ffc8,0.0,0,144282,147.8
tools,gepa,eog,hr,5,3,1,task_20251225_124750_039_7e2e0039_de8a9d94,1.0,1,104090,94.5
tools,gepa,eog,hr,5,3,1,task_20251226_041218_355_d9bcd1e5_bc84c9d5,0.777778,0,320121,259.7
tools,gepa,eog,hr,5,3,1,task_20251226_101143_297_99ba2325_75b99d9a,0.75,0,198530,305.5
tools,gepa,eog,hr,5,3,1,task_20251226_102334_184_b25153b4_08c0849c,0.8,0,147110,135.3
tools,gepa,eog,hr,5,3,1,task_20251226_104747_127_30600918_559da326,0.5,0,200897,245.5
tools,gepa,eog,hr,5,3,1,task_20251226_132052_338_e6427839_727d852c,0.0,0,45230,102.1
tools,gepa,eog,hr,5,3,1,task_20251226_173040_372_95fd9f79_c7e85ec1,1.0,1,166533,312.5
tools,gepa,eog,hr,5,3,1,task_20260109_172559_279_e6427839_f711406f,0.666667,0,116387,200.1
tools,gepa,eog,hr,5,3,1,task_20260109_202436_533_a8eea1c0_755eabdd,0.777778,0,505547,404.0
tools,gepa,eog,hr,5,3,1,task_20260113_032200_394_ad5a67e3_5e3873b8,0.875,0,176104,224.4
tools,gepa,eog,hr,5,3,1,task_20260114_091008_897_accab84d_786931e4,0.75,0,200605,253.7
tools,gepa,eog,hr,5,3,1,task_20260115_130330_068_00364ece_cf2e9cf1,0.285714,0,362603,678.6
tools,gepa,eog,hr,5,3,1,task_20260115_130852_498_a8eea1c0_e9192d7e,0.333333,0,139566,246.1
tools,gepa,eog,hr,5,3,1,task_20260115_190725_477_a8eea1c0_eba3a1c5,0.833333,0,253503,315.3
tools,gepa,eog,hr,5,3,1,task_20260116_084548_120_fa1836dc_679067bc,0.5,0,248276,462.2
tools,gepa,eog,hr,5,3,1,task_20260116_085958_358_a8eea1c0_6d7f242a,1.0,1,191654,228.0
tools,gepa,eog,hr,5,3,1,task_20260116_105748_962_99ba2325_dcc658fa,1.0,1,180379,334.7
tools,gepa,eog,hr,5,3,1,task_20260116_122712_166_d4a463c3_196fe24f,0.8,0,174242,94.2
tools,gepa,eog,hr,5,3,1,task_20260116_143750_504_a8eea1c0_7d91efa1,1.0,1,216554,138.6
tools,gepa,eog,hr,5,3,1,task_20260116_150213_342_a8eea1c0_6d6fe792,0.666667,0,178090,134.0
tools,gepa,eog,hr,5,3,1,task_20260119_022056_842_ad5a67e3_964df197,0.833333,0,236049,423.4
tools,gepa,eog,hr,5,3,2,task_20251217_073807_153_761f6b82_cba63024,0.571429,0,429058,503.1
tools,gepa,eog,hr,5,3,2,task_20251218_234518_453_d9bcd1e5_72c94403,0.666667,0,207606,171.3
tools,gepa,eog,hr,5,3,2,task_20251219_114935_971_a8eea1c0_188fc892,0.0,0,79277,65.6
tools,gepa,eog,hr,5,3,2,task_20251219_155215_361_00364ece_c1c6ffc8,0.0,0,123678,130.3
tools,gepa,eog,hr,5,3,2,task_20251225_124750_039_7e2e0039_de8a9d94,1.0,1,101225,52.3
tools,gepa,eog,hr,5,3,2,task_20251226_041218_355_d9bcd1e5_bc84c9d5,0.777778,0,151403,181.2
tools,gepa,eog,hr,5,3,2,task_20251226_101143_297_99ba2325_75b99d9a,0.75,0,155746,254.0
tools,gepa,eog,hr,5,3,2,task_20251226_102334_184_b25153b4_08c0849c,0.8,0,146429,149.0
tools,gepa,eog,hr,5,3,2,task_20251226_104747_127_30600918_559da326,0.25,0,275888,447.6
tools,gepa,eog,hr,5,3,2,task_20251226_132052_338_e6427839_727d852c,0.0,0,108351,225.0
tools,gepa,eog,hr,5,3,2,task_20251226_173040_372_95fd9f79_c7e85ec1,1.0,1,263888,318.2
tools,gepa,eog,hr,5,3,2,task_20260109_172559_279_e6427839_f711406f,0.666667,0,220923,342.1
tools,gepa,eog,hr,5,3,2,task_20260109_202436_533_a8eea1c0_755eabdd,0.666667,0,386330,459.4
tools,gepa,eog,hr,5,3,2,task_20260113_032200_394_ad5a67e3_5e3873b8,0.0,0,21573,41.9
tools,gepa,eog,hr,5,3,2,task_20260114_091008_897_accab84d_786931e4,0.75,0,135415,267.2
tools,gepa,eog,hr,5,3,2,task_20260115_130330_068_00364ece_cf2e9cf1,0.285714,0,173389,264.4
tools,gepa,eog,hr,5,3,2,task_20260115_130852_498_a8eea1c0_e9192d7e,0.333333,0,159567,274.1
tools,gepa,eog,hr,5,3,2,task_20260115_190725_477_a8eea1c0_eba3a1c5,0.833333,0,188149,233.2
tools,gepa,eog,hr,5,3,2,task_20260116_084548_120_fa1836dc_679067bc,0.5,0,433969,709.9
tools,gepa,eog,hr,5,3,2,task_20260116_085958_358_a8eea1c0_6d7f242a,1.0,1,208329,222.8
tools,gepa,eog,hr,5,3,2,task_20260116_105748_962_99ba2325_dcc658fa,1.0,1,155447,239.0
tools,gepa,eog,hr,5,3,2,task_20260116_122712_166_d4a463c3_196fe24f,1.0,1,181195,93.3
tools,gepa,eog,hr,5,3,2,task_20260116_143750_504_a8eea1c0_7d91efa1,1.0,1,163507,121.6
tools,gepa,eog,hr,5,3,2,task_20260116_150213_342_a8eea1c0_6d6fe792,0.666667,0,139184,95.4
tools,gepa,eog,hr,5,3,2,task_20260119_022056_842_ad5a67e3_964df197,0.833333,0,483026,500.0
tools,gepa,eog,hr,5,3,3,task_20251217_073807_153_761f6b82_cba63024,0.857143,0,384833,445.0
tools,gepa,eog,hr,5,3,3,task_20251218_234518_453_d9bcd1e5_72c94403,1.0,1,192033,242.6
tools,gepa,eog,hr,5,3,3,task_20251219_114935_971_a8eea1c0_188fc892,0.5,0,100629,81.1
tools,gepa,eog,hr,5,3,3,task_20251219_155215_361_00364ece_c1c6ffc8,0.0,0,122052,141.6
tools,gepa,eog,hr,5,3,3,task_20251225_124750_039_7e2e0039_de8a9d94,1.0,1,101535,65.6
tools,gepa,eog,hr,5,3,3,task_20251226_041218_355_d9bcd1e5_bc84c9d5,0.888889,0,195409,327.0
tools,gepa,eog,hr,5,3,3,task_20251226_101143_297_99ba2325_75b99d9a,0.75,0,180397,317.3
tools,gepa,eog,hr,5,3,3,task_20251226_102334_184_b25153b4_08c0849c,0.8,0,204584,104.0
tools,gepa,eog,hr,5,3,3,task_20251226_104747_127_30600918_559da326,0.5,0,178624,260.1
tools,gepa,eog,hr,5,3,3,task_20251226_132052_338_e6427839_727d852c,0.5,0,157089,212.5
tools,gepa,eog,hr,5,3,3,task_20251226_173040_372_95fd9f79_c7e85ec1,0.833333,0,190400,309.9
tools,gepa,eog,hr,5,3,3,task_20260109_172559_279_e6427839_f711406f,1.0,1,329993,383.6
tools,gepa,eog,hr,5,3,3,task_20260109_202436_533_a8eea1c0_755eabdd,0.777778,0,319604,456.1
tools,gepa,eog,hr,5,3,3,task_20260113_032200_394_ad5a67e3_5e3873b8,0.875,0,313090,223.0
tools,gepa,eog,hr,5,3,3,task_20260114_091008_897_accab84d_786931e4,0.0,0,131256,302.2
tools,gepa,eog,hr,5,3,3,task_20260115_130330_068_00364ece_cf2e9cf1,0.285714,0,257947,521.9
tools,gepa,eog,hr,5,3,3,task_20260115_130852_498_a8eea1c0_e9192d7e,0.333333,0,264455,358.2
tools,gepa,eog,hr,5,3,3,task_20260115_190725_477_a8eea1c0_eba3a1c5,0.833333,0,252178,356.9
tools,gepa,eog,hr,5,3,3,task_20260116_084548_120_fa1836dc_679067bc,0.5,0,204075,447.4
tools,gepa,eog,hr,5,3,3,task_20260116_085958_358_a8eea1c0_6d7f242a,1.0,1,207766,239.4
tools,gepa,eog,hr,5,3,3,task_20260116_105748_962_99ba2325_dcc658fa,0.75,0,245566,419.7
tools,gepa,eog,hr,5,3,3,task_20260116_122712_166_d4a463c3_196fe24f,1.0,1,182322,93.0
tools,gepa,eog,hr,5,3,3,task_20260116_143750_504_a8eea1c0_7d91efa1,1.0,1,162557,180.7
tools,gepa,eog,hr,5,3,3,task_20260116_150213_342_a8eea1c0_6d6fe792,0.5,0,172654,106.5
tools,gepa,eog,hr,5,3,3,task_20260119_022056_842_ad5a67e3_964df197,0.666667,0,201372,335.8
tools,gepa,eog,hr,5,4,1,task_20251212_194942_087_761f6b82_451ef3b7,0.857143,0,265251,379.9
tools,gepa,eog,hr,5,4,1,task_20251217_231709_248_b25153b4_4c5f9bde,0.857143,0,192979,216.2
tools,gepa,eog,hr,5,4,1,task_20251219_155520_685_a8eea1c0_c6fb88a1,1.0,1,181853,131.0
tools,gepa,eog,hr,5,4,1,task_20251223_061756_991_a8eea1c0_e497a345,0.8,0,226155,362.5
tools,gepa,eog,hr,5,4,1,task_20251223_201118_525_46ca2862_e3f79e09,0.0,0,64009,149.3
tools,gepa,eog,hr,5,4,1,task_20251224_064352_705_ec0cb5dd_46d83d4e,0.846154,0,307339,398.2
tools,gepa,eog,hr,5,4,1,task_20251224_074251_092_46ca2862_b5b99f66,1.0,1,208197,207.9
tools,gepa,eog,hr,5,4,1,task_20251225_062927_003_d9bcd1e5_d996901a,0.875,0,386618,396.2
tools,gepa,eog,hr,5,4,1,task_20251225_180047_141_a8eea1c0_002e725f,1.0,1,172315,211.4
tools,gepa,eog,hr,5,4,1,task_20251226_110144_731_b25153b4_773380f8,0.857143,0,270169,310.3
tools,gepa,eog,hr,5,4,1,task_20260109_185510_803_a8eea1c0_b51123d7,0.714286,0,196017,164.0
tools,gepa,eog,hr,5,4,1,task_20260111_151647_667_a8eea1c0_c7c264ba,0.714286,0,257976,327.3
tools,gepa,eog,hr,5,4,1,task_20260111_190744_927_a8eea1c0_17bea726,0.0,0,196221,202.6
tools,gepa,eog,hr,5,4,1,task_20260114_173911_329_a8eea1c0_b687c646,0.6,0,258419,274.3
tools,gepa,eog,hr,5,4,1,task_20260114_220447_370_00364ece_0c9c7534,0.75,0,126431,151.7
tools,gepa,eog,hr,5,4,1,task_20260115_043503_499_a8eea1c0_4b943c9b,0.375,0,82473,134.9
tools,gepa,eog,hr,5,4,1,task_20260116_094554_219_c5cac200_82f2d2a8,1.0,1,247253,371.4
tools,gepa,eog,hr,5,4,1,task_20260116_095609_650_c5cac200_741831a8,0.666667,0,170805,257.6
tools,gepa,eog,hr,5,4,1,task_20260116_112648_773_99ba2325_c572f123,0.857143,0,308034,421.5
tools,gepa,eog,hr,5,4,1,task_20260116_185136_779_46ca2862_2b77b852,0.666667,0,108183,191.2
tools,gepa,eog,hr,5,4,1,task_20260116_203855_584_57529556_7b20a1d8,0.666667,0,257832,453.5
tools,gepa,eog,hr,5,4,1,task_20260119_045416_534_ad5a67e3_78445838,0.857143,0,319519,192.6
tools,gepa,eog,hr,5,4,2,task_20251212_194942_087_761f6b82_451ef3b7,0.857143,0,210263,265.2
tools,gepa,eog,hr,5,4,2,task_20251217_231709_248_b25153b4_4c5f9bde,0.857143,0,209000,171.4
tools,gepa,eog,hr,5,4,2,task_20251219_155520_685_a8eea1c0_c6fb88a1,1.0,1,182244,160.3
tools,gepa,eog,hr,5,4,2,task_20251223_061756_991_a8eea1c0_e497a345,0.4,0,176000,333.4
tools,gepa,eog,hr,5,4,2,task_20251223_201118_525_46ca2862_e3f79e09,0.0,0,104177,192.2
tools,gepa,eog,hr,5,4,2,task_20251224_064352_705_ec0cb5dd_46d83d4e,0.692308,0,366294,575.0
tools,gepa,eog,hr,5,4,2,task_20251224_074251_092_46ca2862_b5b99f66,1.0,1,185563,164.0
tools,gepa,eog,hr,5,4,2,task_20251225_062927_003_d9bcd1e5_d996901a,0.75,0,389644,505.6
tools,gepa,eog,hr,5,4,2,task_20251225_180047_141_a8eea1c0_002e725f,1.0,1,259402,530.0
tools,gepa,eog,hr,5,4,2,task_20251226_110144_731_b25153b4_773380f8,1.0,1,225671,375.9
tools,gepa,eog,hr,5,4,2,task_20260109_185510_803_a8eea1c0_b51123d7,0.714286,0,234575,162.9
tools,gepa,eog,hr,5,4,2,task_20260111_151647_667_a8eea1c0_c7c264ba,0.571429,0,262105,244.5
tools,gepa,eog,hr,5,4,2,task_20260111_190744_927_a8eea1c0_17bea726,0.0,0,172515,229.9
tools,gepa,eog,hr,5,4,2,task_20260114_173911_329_a8eea1c0_b687c646,0.6,0,200741,279.6
tools,gepa,eog,hr,5,4,2,task_20260114_220447_370_00364ece_0c9c7534,0.75,0,145325,200.0
tools,gepa,eog,hr,5,4,2,task_20260115_043503_499_a8eea1c0_4b943c9b,1.0,1,410670,535.8
tools,gepa,eog,hr,5,4,2,task_20260116_094554_219_c5cac200_82f2d2a8,1.0,1,204899,242.9
tools,gepa,eog,hr,5,4,2,task_20260116_095609_650_c5cac200_741831a8,0.666667,0,151668,275.7
tools,gepa,eog,hr,5,4,2,task_20260116_112648_773_99ba2325_c572f123,0.0,0,66389,141.4
tools,gepa,eog,hr,5,4,2,task_20260116_185136_779_46ca2862_2b77b852,1.0,1,111558,333.5
tools,gepa,eog,hr,5,4,2,task_20260116_203855_584_57529556_7b20a1d8,0.666667,0,255691,512.4
tools,gepa,eog,hr,5,4,2,task_20260119_045416_534_ad5a67e3_78445838,0.857143,0,226186,146.2
tools,gepa,eog,hr,5,4,3,task_20251212_194942_087_761f6b82_451ef3b7,0.857143,0,232284,277.2
tools,gepa,eog,hr,5,4,3,task_20251217_231709_248_b25153b4_4c5f9bde,0.857143,0,233472,248.1
tools,gepa,eog,hr,5,4,3,task_20251219_155520_685_a8eea1c0_c6fb88a1,1.0,1,200044,122.1
tools,gepa,eog,hr,5,4,3,task_20251223_061756_991_a8eea1c0_e497a345,0.6,0,256664,253.4
tools,gepa,eog,hr,5,4,3,task_20251223_201118_525_46ca2862_e3f79e09,0.0,0,83247,169.8
tools,gepa,eog,hr,5,4,3,task_20251224_064352_705_ec0cb5dd_46d83d4e,0.461538,0,20659,40.1
tools,gepa,eog,hr,5,4,3,task_20251224_074251_092_46ca2862_b5b99f66,1.0,1,187165,221.0
tools,gepa,eog,hr,5,4,3,task_20251225_062927_003_d9bcd1e5_d996901a,0.5,0,98828,167.3
tools,gepa,eog,hr,5,4,3,task_20251225_180047_141_a8eea1c0_002e725f,0.857143,0,107993,159.9
tools,gepa,eog,hr,5,4,3,task_20251226_110144_731_b25153b4_773380f8,0.714286,0,170582,278.2
tools,gepa,eog,hr,5,4,3,task_20260109_185510_803_a8eea1c0_b51123d7,1.0,1,195096,196.4
tools,gepa,eog,hr,5,4,3,task_20260111_151647_667_a8eea1c0_c7c264ba,0.571429,0,274611,282.1
tools,gepa,eog,hr,5,4,3,task_20260111_190744_927_a8eea1c0_17bea726,0.0,0,255620,270.7
tools,gepa,eog,hr,5,4,3,task_20260114_173911_329_a8eea1c0_b687c646,0.6,0,178308,213.1
tools,gepa,eog,hr,5,4,3,task_20260114_220447_370_00364ece_0c9c7534,0.75,0,166163,226.0
tools,gepa,eog,hr,5,4,3,task_20260115_043503_499_a8eea1c0_4b943c9b,0.875,0,409985,499.8
tools,gepa,eog,hr,5,4,3,task_20260116_094554_219_c5cac200_82f2d2a8,1.0,1,282110,356.4
tools,gepa,eog,hr,5,4,3,task_20260116_095609_650_c5cac200_741831a8,0.666667,0,174527,202.7
tools,gepa,eog,hr,5,4,3,task_20260116_112648_773_99ba2325_c572f123,0.857143,0,311021,428.8
tools,gepa,eog,hr,5,4,3,task_20260116_185136_779_46ca2862_2b77b852,0.666667,0,86977,170.6
tools,gepa,eog,hr,5,4,3,task_20260116_203855_584_57529556_7b20a1d8,0.666667,0,295384,449.4
tools,gepa,eog,hr,5,4,3,task_20260119_045416_534_ad5a67e3_78445838,0.857143,0,274336,218.7
tools,gepa,eog,hr,5,5,1,task_20251217_161056_114_d9bcd1e5_c8f3ccb9,0.8,0,159212,83.4
tools,gepa,eog,hr,5,5,1,task_20260112_124137_537_761f6b82_9e1a6b99,0.25,0,312522,433.0
tools,gepa,eog,hr,5,5,2,task_20251217_161056_114_d9bcd1e5_c8f3ccb9,0.8,0,137656,57.7
tools,gepa,eog,hr,5,5,2,task_20260112_124137_537_761f6b82_9e1a6b99,0.25,0,264541,434.7
tools,gepa,eog,hr,5,5,3,task_20251217_161056_114_d9bcd1e5_c8f3ccb9,0.8,0,235056,127.9
tools,gepa,eog,hr,5,5,3,task_20260112_124137_537_761f6b82_9e1a6b99,0.25,0,260418,308.6
tools,gepa,eog,hybrid,1,1,1,task_20251216_223804_332_df2c536d_a1d9c559,0.333333,0,169612,365.3
tools,gepa,eog,hybrid,1,1,1,task_20251217_140216_182_701c5774_9fcdf867,1.0,1,102959,133.1
tools,gepa,eog,hybrid,1,1,1,task_20251217_160053_417_701c5774_db625115,0.666667,0,226169,592.2
tools,gepa,eog,hybrid,1,1,1,task_20251218_102205_211_1628b966_06687c79,0.5,0,221256,278.4
tools,gepa,eog,hybrid,1,1,1,task_20251218_103430_472_701c5774_42c99459,0.5,0,110552,261.3
tools,gepa,eog,hybrid,1,1,1,task_20251218_173030_490_23fcbcdb_0e698d81,1.0,1,160955,201.1
tools,gepa,eog,hybrid,1,1,1,task_20251219_174221_127_64a4ebb9_3a8bb36b,0.8,0,132723,126.1
tools,gepa,eog,hybrid,1,1,1,task_20251221_222713_409_64a4ebb9_9915366d,1.0,1,175014,171.9
tools,gepa,eog,hybrid,1,1,1,task_20251222_113047_572_64a4ebb9_cd2083a8,0.8,0,117618,138.6
tools,gepa,eog,hybrid,1,1,1,task_20251224_104537_197_701c5774_5c104832,0.333333,0,178970,343.5
tools,gepa,eog,hybrid,1,1,1,task_20251224_112727_844_701c5774_58c1bbfb,0.0,0,201248,293.6
tools,gepa,eog,hybrid,1,1,1,task_20251225_130546_796_4d9df647_7e32b59a,0.0,0,41193,67.1
tools,gepa,eog,hybrid,1,1,1,task_20251225_133905_252_060e2c81_7e4fd228,0.875,0,169609,129.2
tools,gepa,eog,hybrid,1,1,1,task_20260113_141825_482_911d75d7_ecab6320,1.0,1,346054,170.4
tools,gepa,eog,hybrid,1,1,1,task_20260113_152354_165_9a1e131b_fc5e2cac,0.0,0,73151,193.3
tools,gepa,eog,hybrid,1,1,1,task_20260114_073013_180_911d75d7_cc244085,0.25,0,137244,220.5
tools,gepa,eog,hybrid,1,1,1,task_20260114_172825_147_1628b966_cc356289,1.0,1,67932,149.0
tools,gepa,eog,hybrid,1,1,1,task_20260115_111059_508_9a1e131b_a201f065,0.5,0,210189,318.8
tools,gepa,eog,hybrid,1,1,1,task_20260115_121701_840_1628b966_ff394d2f,1.0,1,109369,120.9
tools,gepa,eog,hybrid,1,1,1,task_20260115_170553_772_ae7b45e2_daae994c,0.5,0,101237,114.4
tools,gepa,eog,hybrid,1,1,1,task_20260116_080150_885_1628b966_5a58d8e3,0.0,0,94471,139.5
tools,gepa,eog,hybrid,1,1,1,task_20260116_125421_530_806f1a83_3e703812,0.8,0,262467,266.8
tools,gepa,eog,hybrid,1,1,1,task_20260116_131741_243_1628b966_c66e5972,0.5,0,160519,288.1
tools,gepa,eog,hybrid,1,1,1,task_20260117_084409_361_4d9df647_9892db8c,0.0,0,69028,269.1
tools,gepa,eog,hybrid,1,1,2,task_20251216_223804_332_df2c536d_a1d9c559,0.666667,0,145417,258.0
tools,gepa,eog,hybrid,1,1,2,task_20251217_140216_182_701c5774_9fcdf867,1.0,1,104571,161.6
tools,gepa,eog,hybrid,1,1,2,task_20251217_160053_417_701c5774_db625115,0.666667,0,215582,446.3
tools,gepa,eog,hybrid,1,1,2,task_20251218_102205_211_1628b966_06687c79,0.5,0,273816,290.5
tools,gepa,eog,hybrid,1,1,2,task_20251218_103430_472_701c5774_42c99459,0.5,0,112468,244.1
tools,gepa,eog,hybrid,1,1,2,task_20251218_173030_490_23fcbcdb_0e698d81,1.0,1,112547,192.2
tools,gepa,eog,hybrid,1,1,2,task_20251219_174221_127_64a4ebb9_3a8bb36b,0.8,0,161623,147.3
tools,gepa,eog,hybrid,1,1,2,task_20251221_222713_409_64a4ebb9_9915366d,1.0,1,169845,237.9
tools,gepa,eog,hybrid,1,1,2,task_20251222_113047_572_64a4ebb9_cd2083a8,0.8,0,146343,115.1
tools,gepa,eog,hybrid,1,1,2,task_20251224_104537_197_701c5774_5c104832,0.333333,0,179000,337.7
tools,gepa,eog,hybrid,1,1,2,task_20251224_112727_844_701c5774_58c1bbfb,0.0,0,103355,263.0
tools,gepa,eog,hybrid,1,1,2,task_20251225_130546_796_4d9df647_7e32b59a,0.0,0,64141,159.3
tools,gepa,eog,hybrid,1,1,2,task_20251225_133905_252_060e2c81_7e4fd228,0.875,0,146058,153.5
tools,gepa,eog,hybrid,1,1,2,task_20260113_141825_482_911d75d7_ecab6320,1.0,1,364584,173.0
tools,gepa,eog,hybrid,1,1,2,task_20260113_152354_165_9a1e131b_fc5e2cac,0.0,0,75549,163.4
tools,gepa,eog,hybrid,1,1,2,task_20260114_073013_180_911d75d7_cc244085,0.25,0,264235,567.2
tools,gepa,eog,hybrid,1,1,2,task_20260114_172825_147_1628b966_cc356289,1.0,1,69522,162.2
tools,gepa,eog,hybrid,1,1,2,task_20260115_111059_508_9a1e131b_a201f065,0.5,0,193307,215.2
tools,gepa,eog,hybrid,1,1,2,task_20260115_121701_840_1628b966_ff394d2f,1.0,1,129463,153.4
tools,gepa,eog,hybrid,1,1,2,task_20260115_170553_772_ae7b45e2_daae994c,0.5,0,102374,148.2
tools,gepa,eog,hybrid,1,1,2,task_20260116_080150_885_1628b966_5a58d8e3,0.0,0,226841,258.0
tools,gepa,eog,hybrid,1,1,2,task_20260116_125421_530_806f1a83_3e703812,0.8,0,272615,224.5
tools,gepa,eog,hybrid,1,1,2,task_20260116_131741_243_1628b966_c66e5972,0.5,0,164375,483.7
tools,gepa,eog,hybrid,1,1,2,task_20260117_084409_361_4d9df647_9892db8c,0.0,0,131039,291.4
tools,gepa,eog,hybrid,1,1,3,task_20251216_223804_332_df2c536d_a1d9c559,0.333333,0,117423,245.5
tools,gepa,eog,hybrid,1,1,3,task_20251217_140216_182_701c5774_9fcdf867,1.0,1,104785,126.0
tools,gepa,eog,hybrid,1,1,3,task_20251217_160053_417_701c5774_db625115,0.666667,0,392749,456.5
tools,gepa,eog,hybrid,1,1,3,task_20251218_102205_211_1628b966_06687c79,0.5,0,278845,337.6
tools,gepa,eog,hybrid,1,1,3,task_20251218_103430_472_701c5774_42c99459,0.5,0,95527,172.4
tools,gepa,eog,hybrid,1,1,3,task_20251218_173030_490_23fcbcdb_0e698d81,1.0,1,130096,210.3
tools,gepa,eog,hybrid,1,1,3,task_20251219_174221_127_64a4ebb9_3a8bb36b,0.8,0,98333,109.7
tools,gepa,eog,hybrid,1,1,3,task_20251221_222713_409_64a4ebb9_9915366d,1.0,1,189957,233.0
tools,gepa,eog,hybrid,1,1,3,task_20251222_113047_572_64a4ebb9_cd2083a8,0.8,0,164705,132.1
tools,gepa,eog,hybrid,1,1,3,task_20251224_104537_197_701c5774_5c104832,0.333333,0,157414,251.9
tools,gepa,eog,hybrid,1,1,3,task_20251224_112727_844_701c5774_58c1bbfb,0.0,0,122904,259.6
tools,gepa,eog,hybrid,1,1,3,task_20251225_130546_796_4d9df647_7e32b59a,0.2,0,125530,180.4
tools,gepa,eog,hybrid,1,1,3,task_20251225_133905_252_060e2c81_7e4fd228,0.875,0,166391,163.1
tools,gepa,eog,hybrid,1,1,3,task_20260113_141825_482_911d75d7_ecab6320,1.0,1,302819,123.3
tools,gepa,eog,hybrid,1,1,3,task_20260113_152354_165_9a1e131b_fc5e2cac,0.0,0,86581,158.5
tools,gepa,eog,hybrid,1,1,3,task_20260114_073013_180_911d75d7_cc244085,0.25,0,200864,381.2
tools,gepa,eog,hybrid,1,1,3,task_20260114_172825_147_1628b966_cc356289,1.0,1,138830,164.8
tools,gepa,eog,hybrid,1,1,3,task_20260115_111059_508_9a1e131b_a201f065,0.166667,0,154373,234.6
tools,gepa,eog,hybrid,1,1,3,task_20260115_121701_840_1628b966_ff394d2f,1.0,1,109865,105.5
tools,gepa,eog,hybrid,1,1,3,task_20260115_170553_772_ae7b45e2_daae994c,0.333333,0,84841,91.8
tools,gepa,eog,hybrid,1,1,3,task_20260116_080150_885_1628b966_5a58d8e3,0.0,0,169226,299.5
tools,gepa,eog,hybrid,1,1,3,task_20260116_125421_530_806f1a83_3e703812,0.8,0,271146,214.9
tools,gepa,eog,hybrid,1,1,3,task_20260116_131741_243_1628b966_c66e5972,0.5,0,182727,338.5
tools,gepa,eog,hybrid,1,1,3,task_20260117_084409_361_4d9df647_9892db8c,0.0,0,169724,355.8
tools,gepa,eog,hybrid,1,2,1,task_20251222_151946_409_060e2c81_253357ab,1.0,1,286036,429.1
tools,gepa,eog,hybrid,1,2,1,task_20251225_074839_957_701c5774_eef4d0c4,1.0,1,190388,482.0
tools,gepa,eog,hybrid,1,2,1,task_20251226_133324_902_e5bf1251_942c943a,0.5,0,141954,225.4
tools,gepa,eog,hybrid,1,2,1,task_20251226_150609_837_4d9df647_84917c0b,0.428571,0,373331,1051.0
tools,gepa,eog,hybrid,1,2,1,task_20251226_150647_118_13762b97_8da0c6a5,0.625,0,320078,350.2
tools,gepa,eog,hybrid,1,2,1,task_20251226_225931_685_bca89e7d_597733d7,0.75,0,173237,291.1
tools,gepa,eog,hybrid,1,2,1,task_20260113_114937_574_4d9df647_a8d4341b,0.4,0,216424,1168.1
tools,gepa,eog,hybrid,1,2,1,task_20260113_120745_735_4d9df647_017a9009,1.0,1,94681,167.6
tools,gepa,eog,hybrid,1,2,1,task_20260113_141542_776_911d75d7_78be6b0f,0.666667,0,147421,240.4
tools,gepa,eog,hybrid,1,2,1,task_20260115_122753_129_1628b966_0c22c9cc,0.666667,0,123588,327.7
tools,gepa,eog,hybrid,1,2,1,task_20260119_162417_443_d8f93f2d_2b15bc38,1.0,1,144398,205.2
tools,gepa,eog,hybrid,1,2,2,task_20251222_151946_409_060e2c81_253357ab,0.888889,0,281591,644.9
tools,gepa,eog,hybrid,1,2,2,task_20251225_074839_957_701c5774_eef4d0c4,0.5,0,219978,815.6
tools,gepa,eog,hybrid,1,2,2,task_20251226_133324_902_e5bf1251_942c943a,0.5,0,142169,217.5
tools,gepa,eog,hybrid,1,2,2,task_20251226_150609_837_4d9df647_84917c0b,0.428571,0,345320,773.4
tools,gepa,eog,hybrid,1,2,2,task_20251226_150647_118_13762b97_8da0c6a5,0.625,0,263489,338.1
tools,gepa,eog,hybrid,1,2,2,task_20251226_225931_685_bca89e7d_597733d7,0.75,0,277798,421.0
tools,gepa,eog,hybrid,1,2,2,task_20260113_114937_574_4d9df647_a8d4341b,0.4,0,133251,541.1
tools,gepa,eog,hybrid,1,2,2,task_20260113_120745_735_4d9df647_017a9009,1.0,1,106087,122.2
tools,gepa,eog,hybrid,1,2,2,task_20260113_141542_776_911d75d7_78be6b0f,0.666667,0,228120,273.7
tools,gepa,eog,hybrid,1,2,2,task_20260115_122753_129_1628b966_0c22c9cc,0.666667,0,180684,475.1
tools,gepa,eog,hybrid,1,2,2,task_20260119_162417_443_d8f93f2d_2b15bc38,1.0,1,144712,190.7
tools,gepa,eog,hybrid,1,2,3,task_20251222_151946_409_060e2c81_253357ab,1.0,1,354775,602.8
tools,gepa,eog,hybrid,1,2,3,task_20251225_074839_957_701c5774_eef4d0c4,0.5,0,200953,445.6
tools,gepa,eog,hybrid,1,2,3,task_20251226_133324_902_e5bf1251_942c943a,0.5,0,142349,252.4
tools,gepa,eog,hybrid,1,2,3,task_20251226_150609_837_4d9df647_84917c0b,0.0,0,103755,335.5
tools,gepa,eog,hybrid,1,2,3,task_20251226_150647_118_13762b97_8da0c6a5,0.625,0,260481,356.5
tools,gepa,eog,hybrid,1,2,3,task_20251226_225931_685_bca89e7d_597733d7,0.75,0,104007,180.8
tools,gepa,eog,hybrid,1,2,3,task_20260113_114937_574_4d9df647_a8d4341b,0.6,0,292083,1342.2
tools,gepa,eog,hybrid,1,2,3,task_20260113_120745_735_4d9df647_017a9009,1.0,1,118164,129.4
tools,gepa,eog,hybrid,1,2,3,task_20260113_141542_776_911d75d7_78be6b0f,0.666667,0,106622,183.8
tools,gepa,eog,hybrid,1,2,3,task_20260115_122753_129_1628b966_0c22c9cc,0.666667,0,121207,356.0
tools,gepa,eog,hybrid,1,2,3,task_20260119_162417_443_d8f93f2d_2b15bc38,1.0,1,144786,236.9
tools,gepa,eog,hybrid,2,1,1,task_20251216_223804_332_df2c536d_a1d9c559,0.333333,0,94031,159.6
tools,gepa,eog,hybrid,2,1,1,task_20251217_140216_182_701c5774_9fcdf867,1.0,1,126646,135.0
tools,gepa,eog,hybrid,2,1,1,task_20251217_160053_417_701c5774_db625115,0.666667,0,308129,412.3
tools,gepa,eog,hybrid,2,1,1,task_20251218_102205_211_1628b966_06687c79,0.5,0,281516,282.8
tools,gepa,eog,hybrid,2,1,1,task_20251218_103430_472_701c5774_42c99459,0.5,0,151655,233.0
tools,gepa,eog,hybrid,2,1,1,task_20251218_173030_490_23fcbcdb_0e698d81,1.0,1,177970,298.3
tools,gepa,eog,hybrid,2,1,1,task_20251219_174221_127_64a4ebb9_3a8bb36b,0.8,0,218506,172.3
tools,gepa,eog,hybrid,2,1,1,task_20251221_222713_409_64a4ebb9_9915366d,1.0,1,215623,192.7
tools,gepa,eog,hybrid,2,1,1,task_20251222_113047_572_64a4ebb9_cd2083a8,0.8,0,175009,142.7
tools,gepa,eog,hybrid,2,1,1,task_20251224_104537_197_701c5774_5c104832,0.333333,0,199658,267.1
tools,gepa,eog,hybrid,2,1,1,task_20251224_112727_844_701c5774_58c1bbfb,0.0,0,158424,220.4
tools,gepa,eog,hybrid,2,1,1,task_20251225_130546_796_4d9df647_7e32b59a,0.0,0,76242,90.1
tools,gepa,eog,hybrid,2,1,1,task_20251225_133905_252_060e2c81_7e4fd228,0.875,0,305926,159.1
tools,gepa,eog,hybrid,2,1,1,task_20260113_141825_482_911d75d7_ecab6320,1.0,1,430108,257.8
tools,gepa,eog,hybrid,2,1,1,task_20260113_152354_165_9a1e131b_fc5e2cac,0.0,0,147521,239.6
tools,gepa,eog,hybrid,2,1,1,task_20260114_073013_180_911d75d7_cc244085,0.25,0,283736,427.3
tools,gepa,eog,hybrid,2,1,1,task_20260114_172825_147_1628b966_cc356289,1.0,1,60100,149.9
tools,gepa,eog,hybrid,2,1,1,task_20260115_111059_508_9a1e131b_a201f065,0.5,0,190882,199.9
tools,gepa,eog,hybrid,2,1,1,task_20260115_121701_840_1628b966_ff394d2f,1.0,1,184246,182.2
tools,gepa,eog,hybrid,2,1,1,task_20260115_170553_772_ae7b45e2_daae994c,0.333333,0,114939,105.5
tools,gepa,eog,hybrid,2,1,1,task_20260116_080150_885_1628b966_5a58d8e3,0.0,0,172504,173.0
tools,gepa,eog,hybrid,2,1,1,task_20260116_125421_530_806f1a83_3e703812,0.8,0,286634,183.0
tools,gepa,eog,hybrid,2,1,1,task_20260116_131741_243_1628b966_c66e5972,1.0,1,139016,224.6
tools,gepa,eog,hybrid,2,1,1,task_20260117_084409_361_4d9df647_9892db8c,0.0,0,196549,287.8
tools,gepa,eog,hybrid,2,1,2,task_20251216_223804_332_df2c536d_a1d9c559,0.333333,0,165376,306.2
tools,gepa,eog,hybrid,2,1,2,task_20251217_140216_182_701c5774_9fcdf867,1.0,1,126964,138.3
tools,gepa,eog,hybrid,2,1,2,task_20251217_160053_417_701c5774_db625115,0.666667,0,250801,303.9
tools,gepa,eog,hybrid,2,1,2,task_20251218_102205_211_1628b966_06687c79,0.5,0,319967,305.0
tools,gepa,eog,hybrid,2,1,2,task_20251218_103430_472_701c5774_42c99459,0.0,0,197741,341.4
tools,gepa,eog,hybrid,2,1,2,task_20251218_173030_490_23fcbcdb_0e698d81,1.0,1,177218,278.8
tools,gepa,eog,hybrid,2,1,2,task_20251219_174221_127_64a4ebb9_3a8bb36b,0.8,0,192287,139.7
tools,gepa,eog,hybrid,2,1,2,task_20251221_222713_409_64a4ebb9_9915366d,0.6,0,249025,291.7
tools,gepa,eog,hybrid,2,1,2,task_20251222_113047_572_64a4ebb9_cd2083a8,0.8,0,172127,110.1
tools,gepa,eog,hybrid,2,1,2,task_20251224_104537_197_701c5774_5c104832,0.333333,0,276836,388.4
tools,gepa,eog,hybrid,2,1,2,task_20251224_112727_844_701c5774_58c1bbfb,0.0,0,112458,177.8
tools,gepa,eog,hybrid,2,1,2,task_20251225_130546_796_4d9df647_7e32b59a,0.2,0,101701,142.8
tools,gepa,eog,hybrid,2,1,2,task_20251225_133905_252_060e2c81_7e4fd228,0.75,0,375448,180.8
tools,gepa,eog,hybrid,2,1,2,task_20260113_141825_482_911d75d7_ecab6320,0.888889,0,343602,218.5
tools,gepa,eog,hybrid,2,1,2,task_20260113_152354_165_9a1e131b_fc5e2cac,0.0,0,118406,211.1
tools,gepa,eog,hybrid,2,1,2,task_20260114_073013_180_911d75d7_cc244085,0.25,0,263626,413.5
tools,gepa,eog,hybrid,2,1,2,task_20260114_172825_147_1628b966_cc356289,1.0,1,146588,164.5
tools,gepa,eog,hybrid,2,1,2,task_20260115_111059_508_9a1e131b_a201f065,0.5,0,222079,187.8
tools,gepa,eog,hybrid,2,1,2,task_20260115_121701_840_1628b966_ff394d2f,1.0,1,131718,119.4
tools,gepa,eog,hybrid,2,1,2,task_20260115_170553_772_ae7b45e2_daae994c,0.5,0,98203,102.3
tools,gepa,eog,hybrid,2,1,2,task_20260116_080150_885_1628b966_5a58d8e3,0.0,0,172740,185.2
tools,gepa,eog,hybrid,2,1,2,task_20260116_125421_530_806f1a83_3e703812,0.8,0,347027,269.6
tools,gepa,eog,hybrid,2,1,2,task_20260116_131741_243_1628b966_c66e5972,0.5,0,163133,304.6
tools,gepa,eog,hybrid,2,1,2,task_20260117_084409_361_4d9df647_9892db8c,0.0,0,149854,254.1
tools,gepa,eog,hybrid,2,1,3,task_20251216_223804_332_df2c536d_a1d9c559,0.333333,0,125528,212.5
tools,gepa,eog,hybrid,2,1,3,task_20251217_140216_182_701c5774_9fcdf867,1.0,1,126914,138.0
tools,gepa,eog,hybrid,2,1,3,task_20251217_160053_417_701c5774_db625115,0.666667,0,254286,383.3
tools,gepa,eog,hybrid,2,1,3,task_20251218_102205_211_1628b966_06687c79,0.5,0,302747,272.3
tools,gepa,eog,hybrid,2,1,3,task_20251218_103430_472_701c5774_42c99459,0.5,0,136811,227.1
tools,gepa,eog,hybrid,2,1,3,task_20251218_173030_490_23fcbcdb_0e698d81,1.0,1,177846,237.3
tools,gepa,eog,hybrid,2,1,3,task_20251219_174221_127_64a4ebb9_3a8bb36b,0.8,0,154515,137.1
tools,gepa,eog,hybrid,2,1,3,task_20251221_222713_409_64a4ebb9_9915366d,1.0,1,173641,138.5
tools,gepa,eog,hybrid,2,1,3,task_20251222_113047_572_64a4ebb9_cd2083a8,0.8,0,197200,128.0
tools,gepa,eog,hybrid,2,1,3,task_20251224_104537_197_701c5774_5c104832,0.333333,0,254844,323.3
tools,gepa,eog,hybrid,2,1,3,task_20251224_112727_844_701c5774_58c1bbfb,0.0,0,112695,177.1
tools,gepa,eog,hybrid,2,1,3,task_20251225_130546_796_4d9df647_7e32b59a,0.0,0,76128,144.0
tools,gepa,eog,hybrid,2,1,3,task_20251225_133905_252_060e2c81_7e4fd228,0.875,0,166534,148.3
tools,gepa,eog,hybrid,2,1,3,task_20260113_141825_482_911d75d7_ecab6320,0.888889,0,387570,176.6
tools,gepa,eog,hybrid,2,1,3,task_20260113_152354_165_9a1e131b_fc5e2cac,0.0,0,132325,201.9
tools,gepa,eog,hybrid,2,1,3,task_20260114_073013_180_911d75d7_cc244085,0.25,0,305266,385.0
tools,gepa,eog,hybrid,2,1,3,task_20260114_172825_147_1628b966_cc356289,1.0,1,139633,146.8
tools,gepa,eog,hybrid,2,1,3,task_20260115_111059_508_9a1e131b_a201f065,0.5,0,214660,229.8
tools,gepa,eog,hybrid,2,1,3,task_20260115_121701_840_1628b966_ff394d2f,1.0,1,176360,146.5
tools,gepa,eog,hybrid,2,1,3,task_20260115_170553_772_ae7b45e2_daae994c,0.5,0,100245,128.4
tools,gepa,eog,hybrid,2,1,3,task_20260116_080150_885_1628b966_5a58d8e3,0.0,0,108724,146.7
tools,gepa,eog,hybrid,2,1,3,task_20260116_125421_530_806f1a83_3e703812,0.8,0,362246,238.0
tools,gepa,eog,hybrid,2,1,3,task_20260116_131741_243_1628b966_c66e5972,0.5,0,136674,247.0
tools,gepa,eog,hybrid,2,1,3,task_20260117_084409_361_4d9df647_9892db8c,0.0,0,214076,317.7
tools,gepa,eog,hybrid,2,2,1,task_20251222_151946_409_060e2c81_253357ab,1.0,1,289014,386.0
tools,gepa,eog,hybrid,2,2,1,task_20251225_074839_957_701c5774_eef4d0c4,0.5,0,140237,156.4
tools,gepa,eog,hybrid,2,2,1,task_20251226_133324_902_e5bf1251_942c943a,0.5,0,138653,119.0
tools,gepa,eog,hybrid,2,2,1,task_20251226_150609_837_4d9df647_84917c0b,0.428571,0,401987,532.7
tools,gepa,eog,hybrid,2,2,1,task_20251226_150647_118_13762b97_8da0c6a5,0.75,0,254172,161.6
tools,gepa,eog,hybrid,2,2,1,task_20251226_225931_685_bca89e7d_597733d7,0.75,0,127132,119.9
tools,gepa,eog,hybrid,2,2,1,task_20260113_114937_574_4d9df647_a8d4341b,0.6,0,194678,526.4
tools,gepa,eog,hybrid,2,2,1,task_20260113_120745_735_4d9df647_017a9009,1.0,1,250015,73.8
tools,gepa,eog,hybrid,2,2,1,task_20260113_141542_776_911d75d7_78be6b0f,0.666667,0,151293,165.3
tools,gepa,eog,hybrid,2,2,1,task_20260115_122753_129_1628b966_0c22c9cc,0.666667,0,146682,139.5
tools,gepa,eog,hybrid,2,2,1,task_20260119_162417_443_d8f93f2d_2b15bc38,1.0,1,166681,182.4
tools,gepa,eog,hybrid,2,2,2,task_20251222_151946_409_060e2c81_253357ab,1.0,1,252819,283.9
tools,gepa,eog,hybrid,2,2,2,task_20251225_074839_957_701c5774_eef4d0c4,0.5,0,215475,294.3
tools,gepa,eog,hybrid,2,2,2,task_20251226_133324_902_e5bf1251_942c943a,0.5,0,145882,151.3
tools,gepa,eog,hybrid,2,2,2,task_20251226_150609_837_4d9df647_84917c0b,0.428571,0,370721,434.5
tools,gepa,eog,hybrid,2,2,2,task_20251226_150647_118_13762b97_8da0c6a5,0.625,0,341823,246.9
tools,gepa,eog,hybrid,2,2,2,task_20251226_225931_685_bca89e7d_597733d7,0.75,0,102894,97.8
tools,gepa,eog,hybrid,2,2,2,task_20260113_114937_574_4d9df647_a8d4341b,0.6,0,421700,857.7
tools,gepa,eog,hybrid,2,2,2,task_20260113_120745_735_4d9df647_017a9009,1.0,1,108805,99.3
tools,gepa,eog,hybrid,2,2,2,task_20260113_141542_776_911d75d7_78be6b0f,0.666667,0,93906,84.7
tools,gepa,eog,hybrid,2,2,2,task_20260115_122753_129_1628b966_0c22c9cc,0.666667,0,143560,158.8
tools,gepa,eog,hybrid,2,2,2,task_20260119_162417_443_d8f93f2d_2b15bc38,1.0,1,145080,132.4
tools,gepa,eog,hybrid,2,2,3,task_20251222_151946_409_060e2c81_253357ab,1.0,1,276190,285.4
tools,gepa,eog,hybrid,2,2,3,task_20251225_074839_957_701c5774_eef4d0c4,0.5,0,166588,202.5
tools,gepa,eog,hybrid,2,2,3,task_20251226_133324_902_e5bf1251_942c943a,0.5,0,146887,135.4
tools,gepa,eog,hybrid,2,2,3,task_20251226_150609_837_4d9df647_84917c0b,0.428571,0,369453,434.9
tools,gepa,eog,hybrid,2,2,3,task_20251226_150647_118_13762b97_8da0c6a5,0.625,0,337384,214.5
tools,gepa,eog,hybrid,2,2,3,task_20251226_225931_685_bca89e7d_597733d7,1.0,1,221335,224.6
tools,gepa,eog,hybrid,2,2,3,task_20260113_114937_574_4d9df647_a8d4341b,0.6,0,158528,367.5
tools,gepa,eog,hybrid,2,2,3,task_20260113_120745_735_4d9df647_017a9009,1.0,1,123413,102.8
tools,gepa,eog,hybrid,2,2,3,task_20260113_141542_776_911d75d7_78be6b0f,0.666667,0,117561,157.7
tools,gepa,eog,hybrid,2,2,3,task_20260115_122753_129_1628b966_0c22c9cc,0.666667,0,118793,159.3
tools,gepa,eog,hybrid,2,2,3,task_20260119_162417_443_d8f93f2d_2b15bc38,1.0,1,124179,92.8
tools,gepa,eog,hybrid,2,3,1,task_20251217_130333_406_df2c536d_96566d89,0.333333,0,148513,498.5
tools,gepa,eog,hybrid,2,3,1,task_20251225_071630_879_701c5774_99b636e9,0.25,0,49693,261.9
tools,gepa,eog,hybrid,2,3,1,task_20251225_161315_197_13762b97_44595aaa,0.625,0,202980,256.1
tools,gepa,eog,hybrid,2,3,1,task_20260112_125407_584_1628b966_f5dd38b6,0.5,0,72052,214.8
tools,gepa,eog,hybrid,2,3,1,task_20260114_163605_721_1628b966_187c9544,0.0,0,94649,179.8
tools,gepa,eog,hybrid,2,3,1,task_20260114_174605_380_1628b966_b09f4a35,1.0,1,149128,203.7
tools,gepa,eog,hybrid,2,3,1,task_20260116_064331_915_d8f93f2d_854d09b8,0.666667,0,328227,756.6
tools,gepa,eog,hybrid,2,3,1,task_20260116_095226_245_4d9df647_08f9f5b1,0.25,0,235444,273.8
tools,gepa,eog,hybrid,2,3,1,task_20260116_155214_819_baf0b358_0cf4418f,0.5,0,168582,247.5
tools,gepa,eog,hybrid,2,3,2,task_20251217_130333_406_df2c536d_96566d89,0.666667,0,172742,546.2
tools,gepa,eog,hybrid,2,3,2,task_20251225_071630_879_701c5774_99b636e9,0.25,0,24364,140.7
tools,gepa,eog,hybrid,2,3,2,task_20251225_161315_197_13762b97_44595aaa,0.5,0,165968,231.0
tools,gepa,eog,hybrid,2,3,2,task_20260112_125407_584_1628b966_f5dd38b6,0.5,0,58351,175.8
tools,gepa,eog,hybrid,2,3,2,task_20260114_163605_721_1628b966_187c9544,1.0,1,191751,298.3
tools,gepa,eog,hybrid,2,3,2,task_20260114_174605_380_1628b966_b09f4a35,1.0,1,150704,243.8
tools,gepa,eog,hybrid,2,3,2,task_20260116_064331_915_d8f93f2d_854d09b8,0.666667,0,301504,565.1
tools,gepa,eog,hybrid,2,3,2,task_20260116_095226_245_4d9df647_08f9f5b1,0.25,0,326209,566.6
tools,gepa,eog,hybrid,2,3,2,task_20260116_155214_819_baf0b358_0cf4418f,0.5,0,166917,307.8
tools,gepa,eog,hybrid,2,3,3,task_20251217_130333_406_df2c536d_96566d89,0.666667,0,110921,343.3
tools,gepa,eog,hybrid,2,3,3,task_20251225_071630_879_701c5774_99b636e9,0.5,0,184858,531.4
tools,gepa,eog,hybrid,2,3,3,task_20251225_161315_197_13762b97_44595aaa,0.875,0,212472,331.5
tools,gepa,eog,hybrid,2,3,3,task_20260112_125407_584_1628b966_f5dd38b6,0.5,0,101605,286.3
tools,gepa,eog,hybrid,2,3,3,task_20260114_163605_721_1628b966_187c9544,0.5,0,165058,306.9
tools,gepa,eog,hybrid,2,3,3,task_20260114_174605_380_1628b966_b09f4a35,0.875,0,178000,307.4
tools,gepa,eog,hybrid,2,3,3,task_20260116_064331_915_d8f93f2d_854d09b8,0.666667,0,356604,753.2
tools,gepa,eog,hybrid,2,3,3,task_20260116_095226_245_4d9df647_08f9f5b1,0.5,0,181788,298.9
tools,gepa,eog,hybrid,2,3,3,task_20260116_155214_819_baf0b358_0cf4418f,0.5,0,220807,376.3
tools,gepa,eog,hybrid,3,1,1,task_20251216_223804_332_df2c536d_a1d9c559,0.666667,0,107881,170.3
tools,gepa,eog,hybrid,3,1,1,task_20251217_140216_182_701c5774_9fcdf867,1.0,1,146966,114.2
tools,gepa,eog,hybrid,3,1,1,task_20251217_160053_417_701c5774_db625115,0.666667,0,291223,354.7
tools,gepa,eog,hybrid,3,1,1,task_20251218_102205_211_1628b966_06687c79,0.5,0,325299,270.1
tools,gepa,eog,hybrid,3,1,1,task_20251218_103430_472_701c5774_42c99459,0.0,0,220361,270.1
tools,gepa,eog,hybrid,3,1,1,task_20251218_173030_490_23fcbcdb_0e698d81,1.0,1,212957,219.4
tools,gepa,eog,hybrid,3,1,1,task_20251219_174221_127_64a4ebb9_3a8bb36b,0.8,0,229373,111.7
tools,gepa,eog,hybrid,3,1,1,task_20251221_222713_409_64a4ebb9_9915366d,1.0,1,279685,363.7
tools,gepa,eog,hybrid,3,1,1,task_20251222_113047_572_64a4ebb9_cd2083a8,0.8,0,265505,167.3
tools,gepa,eog,hybrid,3,1,1,task_20251224_104537_197_701c5774_5c104832,0.333333,0,253721,381.9
tools,gepa,eog,hybrid,3,1,1,task_20251224_112727_844_701c5774_58c1bbfb,0.0,0,180313,297.1
tools,gepa,eog,hybrid,3,1,1,task_20251225_130546_796_4d9df647_7e32b59a,0.2,0,93129,148.4
tools,gepa,eog,hybrid,3,1,1,task_20251225_133905_252_060e2c81_7e4fd228,0.75,0,268647,134.5
tools,gepa,eog,hybrid,3,1,1,task_20260113_141825_482_911d75d7_ecab6320,0.888889,0,443733,226.9
tools,gepa,eog,hybrid,3,1,1,task_20260113_152354_165_9a1e131b_fc5e2cac,0.0,0,147678,132.7
tools,gepa,eog,hybrid,3,1,1,task_20260114_073013_180_911d75d7_cc244085,0.25,0,297652,399.6
tools,gepa,eog,hybrid,3,1,1,task_20260114_172825_147_1628b966_cc356289,1.0,1,164566,130.9
tools,gepa,eog,hybrid,3,1,1,task_20260115_111059_508_9a1e131b_a201f065,0.5,0,175511,165.7
tools,gepa,eog,hybrid,3,1,1,task_20260115_121701_840_1628b966_ff394d2f,1.0,1,152141,127.4
tools,gepa,eog,hybrid,3,1,1,task_20260115_170553_772_ae7b45e2_daae994c,0.5,0,121112,121.8
tools,gepa,eog,hybrid,3,1,1,task_20260116_080150_885_1628b966_5a58d8e3,0.0,0,121648,125.1
tools,gepa,eog,hybrid,3,1,1,task_20260116_125421_530_806f1a83_3e703812,0.8,0,457313,329.3
tools,gepa,eog,hybrid,3,1,1,task_20260116_131741_243_1628b966_c66e5972,1.0,1,179214,249.7
tools,gepa,eog,hybrid,3,1,1,task_20260117_084409_361_4d9df647_9892db8c,0.0,0,187938,353.5
tools,gepa,eog,hybrid,3,1,2,task_20251216_223804_332_df2c536d_a1d9c559,0.0,0,136143,169.0
tools,gepa,eog,hybrid,3,1,2,task_20251217_140216_182_701c5774_9fcdf867,1.0,1,148453,145.2
tools,gepa,eog,hybrid,3,1,2,task_20251217_160053_417_701c5774_db625115,0.666667,0,240073,284.1
tools,gepa,eog,hybrid,3,1,2,task_20251218_102205_211_1628b966_06687c79,0.5,0,201779,257.9
tools,gepa,eog,hybrid,3,1,2,task_20251218_103430_472_701c5774_42c99459,0.0,0,199886,269.3
tools,gepa,eog,hybrid,3,1,2,task_20251218_173030_490_23fcbcdb_0e698d81,1.0,1,152024,182.2
tools,gepa,eog,hybrid,3,1,2,task_20251219_174221_127_64a4ebb9_3a8bb36b,0.8,0,203347,116.4
tools,gepa,eog,hybrid,3,1,2,task_20251221_222713_409_64a4ebb9_9915366d,1.0,1,283236,270.0
tools,gepa,eog,hybrid,3,1,2,task_20251222_113047_572_64a4ebb9_cd2083a8,0.8,0,299832,149.3
tools,gepa,eog,hybrid,3,1,2,task_20251224_104537_197_701c5774_5c104832,0.333333,0,258925,363.8
tools,gepa,eog,hybrid,3,1,2,task_20251224_112727_844_701c5774_58c1bbfb,0.0,0,207510,314.3
tools,gepa,eog,hybrid,3,1,2,task_20251225_130546_796_4d9df647_7e32b59a,0.0,0,61360,76.6
tools,gepa,eog,hybrid,3,1,2,task_20251225_133905_252_060e2c81_7e4fd228,0.875,0,394443,143.0
tools,gepa,eog,hybrid,3,1,2,task_20260113_141825_482_911d75d7_ecab6320,1.0,1,421353,246.6
tools,gepa,eog,hybrid,3,1,2,task_20260113_152354_165_9a1e131b_fc5e2cac,0.0,0,148110,128.9
tools,gepa,eog,hybrid,3,1,2,task_20260114_073013_180_911d75d7_cc244085,0.25,0,316255,335.9
tools,gepa,eog,hybrid,3,1,2,task_20260114_172825_147_1628b966_cc356289,1.0,1,160144,126.5
tools,gepa,eog,hybrid,3,1,2,task_20260115_111059_508_9a1e131b_a201f065,0.5,0,152508,204.1
tools,gepa,eog,hybrid,3,1,2,task_20260115_121701_840_1628b966_ff394d2f,1.0,1,180514,149.1
tools,gepa,eog,hybrid,3,1,2,task_20260115_170553_772_ae7b45e2_daae994c,0.5,0,95350,99.1
tools,gepa,eog,hybrid,3,1,2,task_20260116_080150_885_1628b966_5a58d8e3,0.0,0,236673,281.1
tools,gepa,eog,hybrid,3,1,2,task_20260116_125421_530_806f1a83_3e703812,0.8,0,488722,215.4
tools,gepa,eog,hybrid,3,1,2,task_20260116_131741_243_1628b966_c66e5972,0.5,0,202823,329.7
tools,gepa,eog,hybrid,3,1,2,task_20260117_084409_361_4d9df647_9892db8c,0.0,0,130244,210.5
tools,gepa,eog,hybrid,3,1,3,task_20251216_223804_332_df2c536d_a1d9c559,0.333333,0,105403,158.5
tools,gepa,eog,hybrid,3,1,3,task_20251217_140216_182_701c5774_9fcdf867,1.0,1,148280,145.6
tools,gepa,eog,hybrid,3,1,3,task_20251217_160053_417_701c5774_db625115,0.333333,0,264402,385.9
tools,gepa,eog,hybrid,3,1,3,task_20251218_102205_211_1628b966_06687c79,0.5,0,350936,236.9
tools,gepa,eog,hybrid,3,1,3,task_20251218_103430_472_701c5774_42c99459,0.5,0,178942,245.1
tools,gepa,eog,hybrid,3,1,3,task_20251218_173030_490_23fcbcdb_0e698d81,1.0,1,172704,204.1
tools,gepa,eog,hybrid,3,1,3,task_20251219_174221_127_64a4ebb9_3a8bb36b,0.8,0,244374,119.8
tools,gepa,eog,hybrid,3,1,3,task_20251221_222713_409_64a4ebb9_9915366d,1.0,1,185269,148.2
tools,gepa,eog,hybrid,3,1,3,task_20251222_113047_572_64a4ebb9_cd2083a8,0.8,0,229311,137.5
tools,gepa,eog,hybrid,3,1,3,task_20251224_104537_197_701c5774_5c104832,0.333333,0,255608,358.9
tools,gepa,eog,hybrid,3,1,3,task_20251224_112727_844_701c5774_58c1bbfb,0.0,0,208353,351.5
tools,gepa,eog,hybrid,3,1,3,task_20251225_130546_796_4d9df647_7e32b59a,0.2,0,156878,147.2
tools,gepa,eog,hybrid,3,1,3,task_20251225_133905_252_060e2c81_7e4fd228,0.875,0,289805,123.6
tools,gepa,eog,hybrid,3,1,3,task_20260113_141825_482_911d75d7_ecab6320,1.0,1,418005,244.8
tools,gepa,eog,hybrid,3,1,3,task_20260113_152354_165_9a1e131b_fc5e2cac,0.0,0,149785,152.0
tools,gepa,eog,hybrid,3,1,3,task_20260114_073013_180_911d75d7_cc244085,0.25,0,301749,429.6
tools,gepa,eog,hybrid,3,1,3,task_20260114_172825_147_1628b966_cc356289,1.0,1,163104,133.3
tools,gepa,eog,hybrid,3,1,3,task_20260115_111059_508_9a1e131b_a201f065,0.5,0,225685,198.3
tools,gepa,eog,hybrid,3,1,3,task_20260115_121701_840_1628b966_ff394d2f,1.0,1,150622,134.0
tools,gepa,eog,hybrid,3,1,3,task_20260115_170553_772_ae7b45e2_daae994c,0.333333,0,94760,76.0
tools,gepa,eog,hybrid,3,1,3,task_20260116_080150_885_1628b966_5a58d8e3,0.0,0,147684,187.4
tools,gepa,eog,hybrid,3,1,3,task_20260116_125421_530_806f1a83_3e703812,0.8,0,345791,191.3
tools,gepa,eog,hybrid,3,1,3,task_20260116_131741_243_1628b966_c66e5972,0.5,0,227463,293.7
tools,gepa,eog,hybrid,3,1,3,task_20260117_084409_361_4d9df647_9892db8c,0.0,0,130146,251.4
tools,gepa,eog,hybrid,3,2,1,task_20251222_151946_409_060e2c81_253357ab,1.0,1,278531,236.7
tools,gepa,eog,hybrid,3,2,1,task_20251225_074839_957_701c5774_eef4d0c4,0.5,0,247346,250.9
tools,gepa,eog,hybrid,3,2,1,task_20251226_133324_902_e5bf1251_942c943a,0.5,0,213522,149.7
tools,gepa,eog,hybrid,3,2,1,task_20251226_150609_837_4d9df647_84917c0b,0.571429,0,745902,891.0
tools,gepa,eog,hybrid,3,2,1,task_20251226_150647_118_13762b97_8da0c6a5,0.75,0,224427,186.4
tools,gepa,eog,hybrid,3,2,1,task_20251226_225931_685_bca89e7d_597733d7,0.75,0,133754,137.5
tools,gepa,eog,hybrid,3,2,1,task_20260113_114937_574_4d9df647_a8d4341b,0.8,0,201449,392.9
tools,gepa,eog,hybrid,3,2,1,task_20260113_120745_735_4d9df647_017a9009,1.0,1,173944,98.8
tools,gepa,eog,hybrid,3,2,1,task_20260113_141542_776_911d75d7_78be6b0f,0.666667,0,211578,119.2
tools,gepa,eog,hybrid,3,2,1,task_20260115_122753_129_1628b966_0c22c9cc,0.666667,0,117694,128.7
tools,gepa,eog,hybrid,3,2,1,task_20260119_162417_443_d8f93f2d_2b15bc38,1.0,1,165680,115.1
tools,gepa,eog,hybrid,3,2,2,task_20251222_151946_409_060e2c81_253357ab,1.0,1,288111,219.5
tools,gepa,eog,hybrid,3,2,2,task_20251225_074839_957_701c5774_eef4d0c4,0.5,0,223872,276.0
tools,gepa,eog,hybrid,3,2,2,task_20251226_133324_902_e5bf1251_942c943a,0.5,0,159484,164.7
tools,gepa,eog,hybrid,3,2,2,task_20251226_150609_837_4d9df647_84917c0b,0.571429,0,564978,660.8
tools,gepa,eog,hybrid,3,2,2,task_20251226_150647_118_13762b97_8da0c6a5,0.75,0,430667,293.5
tools,gepa,eog,hybrid,3,2,2,task_20251226_225931_685_bca89e7d_597733d7,1.0,1,220745,176.1
tools,gepa,eog,hybrid,3,2,2,task_20260113_114937_574_4d9df647_a8d4341b,1.0,1,323790,590.1
tools,gepa,eog,hybrid,3,2,2,task_20260113_120745_735_4d9df647_017a9009,1.0,1,147383,108.5
tools,gepa,eog,hybrid,3,2,2,task_20260113_141542_776_911d75d7_78be6b0f,0.666667,0,169992,183.9
tools,gepa,eog,hybrid,3,2,2,task_20260115_122753_129_1628b966_0c22c9cc,0.666667,0,117481,158.4
tools,gepa,eog,hybrid,3,2,2,task_20260119_162417_443_d8f93f2d_2b15bc38,1.0,1,164596,107.3
tools,gepa,eog,hybrid,3,2,3,task_20251222_151946_409_060e2c81_253357ab,1.0,1,297119,224.7
tools,gepa,eog,hybrid,3,2,3,task_20251225_074839_957_701c5774_eef4d0c4,0.5,0,192418,302.6
tools,gepa,eog,hybrid,3,2,3,task_20251226_133324_902_e5bf1251_942c943a,0.5,0,156298,134.7
tools,gepa,eog,hybrid,3,2,3,task_20251226_150609_837_4d9df647_84917c0b,0.571429,0,487051,450.0
tools,gepa,eog,hybrid,3,2,3,task_20251226_150647_118_13762b97_8da0c6a5,0.75,0,261142,256.8
tools,gepa,eog,hybrid,3,2,3,task_20251226_225931_685_bca89e7d_597733d7,0.75,0,288709,243.5
tools,gepa,eog,hybrid,3,2,3,task_20260113_114937_574_4d9df647_a8d4341b,0.4,0,169995,345.6
tools,gepa,eog,hybrid,3,2,3,task_20260113_120745_735_4d9df647_017a9009,1.0,1,149254,141.5
tools,gepa,eog,hybrid,3,2,3,task_20260113_141542_776_911d75d7_78be6b0f,0.666667,0,122367,121.2
tools,gepa,eog,hybrid,3,2,3,task_20260115_122753_129_1628b966_0c22c9cc,0.666667,0,138891,191.3
tools,gepa,eog,hybrid,3,2,3,task_20260119_162417_443_d8f93f2d_2b15bc38,1.0,1,118708,100.9
tools,gepa,eog,hybrid,3,3,1,task_20251217_130333_406_df2c536d_96566d89,0.666667,0,203371,314.9
tools,gepa,eog,hybrid,3,3,1,task_20251225_071630_879_701c5774_99b636e9,0.25,0,50673,92.9
tools,gepa,eog,hybrid,3,3,1,task_20251225_161315_197_13762b97_44595aaa,0.875,0,188130,148.4
tools,gepa,eog,hybrid,3,3,1,task_20260112_125407_584_1628b966_f5dd38b6,0.5,0,64974,78.1
tools,gepa,eog,hybrid,3,3,1,task_20260114_163605_721_1628b966_187c9544,0.0,0,206369,208.0
tools,gepa,eog,hybrid,3,3,1,task_20260114_174605_380_1628b966_b09f4a35,0.875,0,218769,181.9
tools,gepa,eog,hybrid,3,3,1,task_20260116_064331_915_d8f93f2d_854d09b8,0.666667,0,347551,271.1
tools,gepa,eog,hybrid,3,3,1,task_20260116_095226_245_4d9df647_08f9f5b1,0.5,0,220958,179.7
tools,gepa,eog,hybrid,3,3,1,task_20260116_155214_819_baf0b358_0cf4418f,0.5,0,261286,217.5
tools,gepa,eog,hybrid,3,3,2,task_20251217_130333_406_df2c536d_96566d89,0.333333,0,164147,179.4
tools,gepa,eog,hybrid,3,3,2,task_20251225_071630_879_701c5774_99b636e9,0.25,0,26848,91.2
tools,gepa,eog,hybrid,3,3,2,task_20251225_161315_197_13762b97_44595aaa,0.875,0,219824,163.8
tools,gepa,eog,hybrid,3,3,2,task_20260112_125407_584_1628b966_f5dd38b6,0.5,0,66709,113.9
tools,gepa,eog,hybrid,3,3,2,task_20260114_163605_721_1628b966_187c9544,0.0,0,153264,177.3
tools,gepa,eog,hybrid,3,3,2,task_20260114_174605_380_1628b966_b09f4a35,0.875,0,161812,133.6
tools,gepa,eog,hybrid,3,3,2,task_20260116_064331_915_d8f93f2d_854d09b8,0.666667,0,320271,252.4
tools,gepa,eog,hybrid,3,3,2,task_20260116_095226_245_4d9df647_08f9f5b1,0.25,0,314216,322.9
tools,gepa,eog,hybrid,3,3,2,task_20260116_155214_819_baf0b358_0cf4418f,0.5,0,213141,219.8
tools,gepa,eog,hybrid,3,3,3,task_20251217_130333_406_df2c536d_96566d89,0.333333,0,214862,325.4
tools,gepa,eog,hybrid,3,3,3,task_20251225_071630_879_701c5774_99b636e9,0.5,0,278533,359.1
tools,gepa,eog,hybrid,3,3,3,task_20251225_161315_197_13762b97_44595aaa,0.875,0,183080,163.2
tools,gepa,eog,hybrid,3,3,3,task_20260112_125407_584_1628b966_f5dd38b6,0.5,0,97104,118.4
tools,gepa,eog,hybrid,3,3,3,task_20260114_163605_721_1628b966_187c9544,0.5,0,127173,118.6
tools,gepa,eog,hybrid,3,3,3,task_20260114_174605_380_1628b966_b09f4a35,1.0,1,161020,119.2
tools,gepa,eog,hybrid,3,3,3,task_20260116_064331_915_d8f93f2d_854d09b8,0.666667,0,355307,348.7
tools,gepa,eog,hybrid,3,3,3,task_20260116_095226_245_4d9df647_08f9f5b1,0.25,0,311227,305.5
tools,gepa,eog,hybrid,3,3,3,task_20260116_155214_819_baf0b358_0cf4418f,0.5,0,237956,236.2
tools,gepa,eog,hybrid,3,4,1,task_20251217_125948_467_6f5b66fc_10d57868,0.666667,0,158125,262.6
tools,gepa,eog,hybrid,3,4,1,task_20251218_115158_065_1628b966_72217cb4,0.0,0,90958,202.5
tools,gepa,eog,hybrid,3,4,1,task_20251219_115208_288_701c5774_66a236f8,0.5,0,284242,1282.3
tools,gepa,eog,hybrid,3,4,1,task_20251220_151043_591_0a0bf089_22634f28,0.8,0,219377,174.0
tools,gepa,eog,hybrid,3,4,1,task_20251222_124541_619_64a4ebb9_abb23ceb,1.0,1,208085,197.2
tools,gepa,eog,hybrid,3,4,1,task_20251223_005949_519_13762b97_e08c84a3,0.5,0,296566,1051.5
tools,gepa,eog,hybrid,3,4,1,task_20251224_153415_365_0a0bf089_01602883,0.666667,0,120633,361.3
tools,gepa,eog,hybrid,3,4,1,task_20251224_215807_175_8ce75c22_1c31b786,0.25,0,306370,346.2
tools,gepa,eog,hybrid,3,4,1,task_20251225_140851_135_64a4ebb9_c37d6b1b,1.0,1,272153,296.1
tools,gepa,eog,hybrid,3,4,1,task_20251225_152926_506_4d9df647_e4e518ca,0.4,0,405692,1274.2
tools,gepa,eog,hybrid,3,4,1,task_20260114_133032_536_4d9df647_0635001b,1.0,1,344403,1148.9
tools,gepa,eog,hybrid,3,4,1,task_20260114_164939_471_4d9df647_2aaff95f,0.8,0,174878,438.3
tools,gepa,eog,hybrid,3,4,1,task_20260115_145329_475_23fcbcdb_3a970315,0.75,0,504846,1165.8
tools,gepa,eog,hybrid,3,4,1,task_20260116_054437_417_59bb807c_d73ca3e4,0.2,0,297453,891.7
tools,gepa,eog,hybrid,3,4,1,task_20260116_125857_450_1628b966_25b7eec5,0.0,0,189771,360.9
tools,gepa,eog,hybrid,3,4,1,task_20260116_133210_131_806f1a83_4c204063,0.333333,0,262562,973.9
tools,gepa,eog,hybrid,3,4,1,task_20260116_174925_124_d8f93f2d_9e20df73,1.0,1,203622,805.8
tools,gepa,eog,hybrid,3,4,2,task_20251217_125948_467_6f5b66fc_10d57868,0.666667,0,100141,200.8
tools,gepa,eog,hybrid,3,4,2,task_20251218_115158_065_1628b966_72217cb4,0.0,0,182868,532.5
tools,gepa,eog,hybrid,3,4,2,task_20251219_115208_288_701c5774_66a236f8,0.5,0,309617,1633.6
tools,gepa,eog,hybrid,3,4,2,task_20251220_151043_591_0a0bf089_22634f28,0.8,0,220829,201.8
tools,gepa,eog,hybrid,3,4,2,task_20251222_124541_619_64a4ebb9_abb23ceb,1.0,1,204506,156.2
tools,gepa,eog,hybrid,3,4,2,task_20251223_005949_519_13762b97_e08c84a3,0.375,0,276895,1002.3
tools,gepa,eog,hybrid,3,4,2,task_20251224_153415_365_0a0bf089_01602883,0.666667,0,161180,320.5
tools,gepa,eog,hybrid,3,4,2,task_20251224_215807_175_8ce75c22_1c31b786,0.25,0,368169,534.5
tools,gepa,eog,hybrid,3,4,2,task_20251225_140851_135_64a4ebb9_c37d6b1b,1.0,1,223418,194.8
tools,gepa,eog,hybrid,3,4,2,task_20251225_152926_506_4d9df647_e4e518ca,0.2,0,364861,991.1
tools,gepa,eog,hybrid,3,4,2,task_20260114_133032_536_4d9df647_0635001b,1.0,1,243412,987.9
tools,gepa,eog,hybrid,3,4,2,task_20260114_164939_471_4d9df647_2aaff95f,0.8,0,173872,280.1
tools,gepa,eog,hybrid,3,4,2,task_20260115_145329_475_23fcbcdb_3a970315,0.75,0,539310,1108.3
tools,gepa,eog,hybrid,3,4,2,task_20260116_054437_417_59bb807c_d73ca3e4,0.2,0,226099,531.7
tools,gepa,eog,hybrid,3,4,2,task_20260116_125857_450_1628b966_25b7eec5,0.0,0,261381,321.8
tools,gepa,eog,hybrid,3,4,2,task_20260116_133210_131_806f1a83_4c204063,0.666667,0,229201,565.0
tools,gepa,eog,hybrid,3,4,2,task_20260116_174925_124_d8f93f2d_9e20df73,1.0,1,172639,762.1
tools,gepa,eog,hybrid,3,4,3,task_20251217_125948_467_6f5b66fc_10d57868,0.666667,0,137636,186.7
tools,gepa,eog,hybrid,3,4,3,task_20251218_115158_065_1628b966_72217cb4,0.0,0,121592,322.7
tools,gepa,eog,hybrid,3,4,3,task_20251219_115208_288_701c5774_66a236f8,0.5,0,337237,1416.0
tools,gepa,eog,hybrid,3,4,3,task_20251220_151043_591_0a0bf089_22634f28,0.8,0,220234,384.5
tools,gepa,eog,hybrid,3,4,3,task_20251222_124541_619_64a4ebb9_abb23ceb,1.0,1,254901,337.8
tools,gepa,eog,hybrid,3,4,3,task_20251223_005949_519_13762b97_e08c84a3,0.375,0,263603,633.2
tools,gepa,eog,hybrid,3,4,3,task_20251224_153415_365_0a0bf089_01602883,0.666667,0,122964,284.8
tools,gepa,eog,hybrid,3,4,3,task_20251224_215807_175_8ce75c22_1c31b786,0.25,0,278273,513.5
tools,gepa,eog,hybrid,3,4,3,task_20251225_140851_135_64a4ebb9_c37d6b1b,1.0,1,260058,360.8
tools,gepa,eog,hybrid,3,4,3,task_20251225_152926_506_4d9df647_e4e518ca,0.4,0,328819,858.3
tools,gepa,eog,hybrid,3,4,3,task_20260114_133032_536_4d9df647_0635001b,1.0,1,353652,1328.4
tools,gepa,eog,hybrid,3,4,3,task_20260114_164939_471_4d9df647_2aaff95f,0.6,0,208161,536.2
tools,gepa,eog,hybrid,3,4,3,task_20260115_145329_475_23fcbcdb_3a970315,0.5,0,466265,1516.0
tools,gepa,eog,hybrid,3,4,3,task_20260116_054437_417_59bb807c_d73ca3e4,0.2,0,273644,626.3
tools,gepa,eog,hybrid,3,4,3,task_20260116_125857_450_1628b966_25b7eec5,0.0,0,244704,201.2
tools,gepa,eog,hybrid,3,4,3,task_20260116_133210_131_806f1a83_4c204063,1.0,1,360705,703.0
tools,gepa,eog,hybrid,3,4,3,task_20260116_174925_124_d8f93f2d_9e20df73,1.0,1,274078,550.8
tools,gepa,eog,hybrid,4,1,1,task_20251216_223804_332_df2c536d_a1d9c559,0.666667,0,186383,197.1
tools,gepa,eog,hybrid,4,1,1,task_20251217_140216_182_701c5774_9fcdf867,1.0,1,155638,153.7
tools,gepa,eog,hybrid,4,1,1,task_20251217_160053_417_701c5774_db625115,0.666667,0,332480,527.0
tools,gepa,eog,hybrid,4,1,1,task_20251218_102205_211_1628b966_06687c79,0.5,0,332365,386.6
tools,gepa,eog,hybrid,4,1,1,task_20251218_103430_472_701c5774_42c99459,0.5,0,183177,248.6
tools,gepa,eog,hybrid,4,1,1,task_20251218_173030_490_23fcbcdb_0e698d81,1.0,1,159435,186.9
tools,gepa,eog,hybrid,4,1,1,task_20251219_174221_127_64a4ebb9_3a8bb36b,0.8,0,306683,129.8
tools,gepa,eog,hybrid,4,1,1,task_20251221_222713_409_64a4ebb9_9915366d,1.0,1,230884,189.1
tools,gepa,eog,hybrid,4,1,1,task_20251222_113047_572_64a4ebb9_cd2083a8,0.8,0,253381,125.7
tools,gepa,eog,hybrid,4,1,1,task_20251224_104537_197_701c5774_5c104832,0.333333,0,301432,307.6
tools,gepa,eog,hybrid,4,1,1,task_20251224_112727_844_701c5774_58c1bbfb,0.0,0,213989,245.9
tools,gepa,eog,hybrid,4,1,1,task_20251225_130546_796_4d9df647_7e32b59a,0.0,0,106991,215.9
tools,gepa,eog,hybrid,4,1,1,task_20251225_133905_252_060e2c81_7e4fd228,0.875,0,242434,119.7
tools,gepa,eog,hybrid,4,1,1,task_20260113_141825_482_911d75d7_ecab6320,1.0,1,499544,259.6
tools,gepa,eog,hybrid,4,1,1,task_20260113_152354_165_9a1e131b_fc5e2cac,0.0,0,118971,115.2
tools,gepa,eog,hybrid,4,1,1,task_20260114_073013_180_911d75d7_cc244085,0.25,0,361916,467.0
tools,gepa,eog,hybrid,4,1,1,task_20260114_172825_147_1628b966_cc356289,1.0,1,178726,100.4
tools,gepa,eog,hybrid,4,1,1,task_20260115_111059_508_9a1e131b_a201f065,0.5,0,227121,254.9
tools,gepa,eog,hybrid,4,1,1,task_20260115_121701_840_1628b966_ff394d2f,1.0,1,156411,97.5
tools,gepa,eog,hybrid,4,1,1,task_20260115_170553_772_ae7b45e2_daae994c,0.5,0,105892,125.9
tools,gepa,eog,hybrid,4,1,1,task_20260116_080150_885_1628b966_5a58d8e3,0.0,0,199779,270.9
tools,gepa,eog,hybrid,4,1,1,task_20260116_125421_530_806f1a83_3e703812,1.0,1,324376,167.9
tools,gepa,eog,hybrid,4,1,1,task_20260116_131741_243_1628b966_c66e5972,1.0,1,215932,247.5
tools,gepa,eog,hybrid,4,1,1,task_20260117_084409_361_4d9df647_9892db8c,0.0,0,383139,309.8
tools,gepa,eog,hybrid,4,1,2,task_20251216_223804_332_df2c536d_a1d9c559,0.333333,0,105084,153.7
tools,gepa,eog,hybrid,4,1,2,task_20251217_140216_182_701c5774_9fcdf867,1.0,1,156513,152.0
tools,gepa,eog,hybrid,4,1,2,task_20251217_160053_417_701c5774_db625115,0.666667,0,356679,503.8
tools,gepa,eog,hybrid,4,1,2,task_20251218_102205_211_1628b966_06687c79,0.5,0,476332,347.8
tools,gepa,eog,hybrid,4,1,2,task_20251218_103430_472_701c5774_42c99459,0.0,0,231427,300.0
tools,gepa,eog,hybrid,4,1,2,task_20251218_173030_490_23fcbcdb_0e698d81,1.0,1,219701,244.6
tools,gepa,eog,hybrid,4,1,2,task_20251219_174221_127_64a4ebb9_3a8bb36b,0.8,0,295002,123.6
tools,gepa,eog,hybrid,4,1,2,task_20251221_222713_409_64a4ebb9_9915366d,1.0,1,292224,228.1
tools,gepa,eog,hybrid,4,1,2,task_20251222_113047_572_64a4ebb9_cd2083a8,0.8,0,314726,179.6
tools,gepa,eog,hybrid,4,1,2,task_20251224_104537_197_701c5774_5c104832,0.333333,0,246531,349.7
tools,gepa,eog,hybrid,4,1,2,task_20251224_112727_844_701c5774_58c1bbfb,0.0,0,304208,363.1
tools,gepa,eog,hybrid,4,1,2,task_20251225_130546_796_4d9df647_7e32b59a,0.0,0,170801,127.4
tools,gepa,eog,hybrid,4,1,2,task_20251225_133905_252_060e2c81_7e4fd228,0.875,0,330464,169.5
tools,gepa,eog,hybrid,4,1,2,task_20260113_141825_482_911d75d7_ecab6320,0.444444,0,199660,138.6
tools,gepa,eog,hybrid,4,1,2,task_20260113_152354_165_9a1e131b_fc5e2cac,0.0,0,177050,172.7
tools,gepa,eog,hybrid,4,1,2,task_20260114_073013_180_911d75d7_cc244085,0.25,0,338973,488.5
tools,gepa,eog,hybrid,4,1,2,task_20260114_172825_147_1628b966_cc356289,1.0,1,156494,120.4
tools,gepa,eog,hybrid,4,1,2,task_20260115_111059_508_9a1e131b_a201f065,0.5,0,215936,207.6
tools,gepa,eog,hybrid,4,1,2,task_20260115_121701_840_1628b966_ff394d2f,1.0,1,180150,92.8
tools,gepa,eog,hybrid,4,1,2,task_20260115_170553_772_ae7b45e2_daae994c,0.333333,0,105329,91.0
tools,gepa,eog,hybrid,4,1,2,task_20260116_080150_885_1628b966_5a58d8e3,0.0,0,210782,199.5
tools,gepa,eog,hybrid,4,1,2,task_20260116_125421_530_806f1a83_3e703812,1.0,1,374281,204.7
tools,gepa,eog,hybrid,4,1,2,task_20260116_131741_243_1628b966_c66e5972,1.0,1,171917,302.3
tools,gepa,eog,hybrid,4,1,2,task_20260117_084409_361_4d9df647_9892db8c,0.0,0,423666,476.5
tools,gepa,eog,hybrid,4,1,3,task_20251216_223804_332_df2c536d_a1d9c559,0.333333,0,166369,207.6
tools,gepa,eog,hybrid,4,1,3,task_20251217_140216_182_701c5774_9fcdf867,1.0,1,178678,177.2
tools,gepa,eog,hybrid,4,1,3,task_20251217_160053_417_701c5774_db625115,0.666667,0,251893,384.8
tools,gepa,eog,hybrid,4,1,3,task_20251218_102205_211_1628b966_06687c79,0.5,0,326468,257.4
tools,gepa,eog,hybrid,4,1,3,task_20251218_103430_472_701c5774_42c99459,0.5,0,181822,257.2
tools,gepa,eog,hybrid,4,1,3,task_20251218_173030_490_23fcbcdb_0e698d81,1.0,1,169429,175.2
tools,gepa,eog,hybrid,4,1,3,task_20251219_174221_127_64a4ebb9_3a8bb36b,0.8,0,258497,129.2
tools,gepa,eog,hybrid,4,1,3,task_20251221_222713_409_64a4ebb9_9915366d,1.0,1,234433,166.8
tools,gepa,eog,hybrid,4,1,3,task_20251222_113047_572_64a4ebb9_cd2083a8,0.8,0,282171,130.9
tools,gepa,eog,hybrid,4,1,3,task_20251224_104537_197_701c5774_5c104832,0.333333,0,308723,383.2
tools,gepa,eog,hybrid,4,1,3,task_20251224_112727_844_701c5774_58c1bbfb,0.0,0,166402,237.2
tools,gepa,eog,hybrid,4,1,3,task_20251225_130546_796_4d9df647_7e32b59a,0.2,0,175982,210.3
tools,gepa,eog,hybrid,4,1,3,task_20251225_133905_252_060e2c81_7e4fd228,0.875,0,243333,166.3
tools,gepa,eog,hybrid,4,1,3,task_20260113_141825_482_911d75d7_ecab6320,1.0,1,499441,257.1
tools,gepa,eog,hybrid,4,1,3,task_20260113_152354_165_9a1e131b_fc5e2cac,0.0,0,119406,114.2
tools,gepa,eog,hybrid,4,1,3,task_20260114_073013_180_911d75d7_cc244085,0.25,0,334061,287.7
tools,gepa,eog,hybrid,4,1,3,task_20260114_172825_147_1628b966_cc356289,1.0,1,155860,108.1
tools,gepa,eog,hybrid,4,1,3,task_20260115_111059_508_9a1e131b_a201f065,0.5,0,254637,237.3
tools,gepa,eog,hybrid,4,1,3,task_20260115_121701_840_1628b966_ff394d2f,1.0,1,182996,139.4
tools,gepa,eog,hybrid,4,1,3,task_20260115_170553_772_ae7b45e2_daae994c,0.333333,0,132111,70.8
tools,gepa,eog,hybrid,4,1,3,task_20260116_080150_885_1628b966_5a58d8e3,0.0,0,184793,171.7
tools,gepa,eog,hybrid,4,1,3,task_20260116_125421_530_806f1a83_3e703812,1.0,1,354552,204.0
tools,gepa,eog,hybrid,4,1,3,task_20260116_131741_243_1628b966_c66e5972,0.5,0,220832,295.2
tools,gepa,eog,hybrid,4,1,3,task_20260117_084409_361_4d9df647_9892db8c,0.0,0,415821,330.5
tools,gepa,eog,hybrid,4,2,1,task_20251222_151946_409_060e2c81_253357ab,1.0,1,251656,182.8
tools,gepa,eog,hybrid,4,2,1,task_20251225_074839_957_701c5774_eef4d0c4,1.0,1,199426,237.5
tools,gepa,eog,hybrid,4,2,1,task_20251226_133324_902_e5bf1251_942c943a,0.5,0,137886,123.7
tools,gepa,eog,hybrid,4,2,1,task_20251226_150609_837_4d9df647_84917c0b,0.571429,0,591205,543.5
tools,gepa,eog,hybrid,4,2,1,task_20251226_150647_118_13762b97_8da0c6a5,0.75,0,245841,120.6
tools,gepa,eog,hybrid,4,2,1,task_20251226_225931_685_bca89e7d_597733d7,1.0,1,180921,164.1
tools,gepa,eog,hybrid,4,2,1,task_20260113_114937_574_4d9df647_a8d4341b,0.4,0,208840,440.8
tools,gepa,eog,hybrid,4,2,1,task_20260113_120745_735_4d9df647_017a9009,1.0,1,275772,129.3
tools,gepa,eog,hybrid,4,2,1,task_20260113_141542_776_911d75d7_78be6b0f,0.666667,0,184176,140.2
tools,gepa,eog,hybrid,4,2,1,task_20260115_122753_129_1628b966_0c22c9cc,0.666667,0,150067,185.3
tools,gepa,eog,hybrid,4,2,1,task_20260119_162417_443_d8f93f2d_2b15bc38,1.0,1,179061,113.4
tools,gepa,eog,hybrid,4,2,2,task_20251222_151946_409_060e2c81_253357ab,1.0,1,225099,303.8
tools,gepa,eog,hybrid,4,2,2,task_20251225_074839_957_701c5774_eef4d0c4,0.5,0,204759,313.3
tools,gepa,eog,hybrid,4,2,2,task_20251226_133324_902_e5bf1251_942c943a,0.5,0,169880,139.1
tools,gepa,eog,hybrid,4,2,2,task_20251226_150609_837_4d9df647_84917c0b,0.428571,0,586921,407.8
tools,gepa,eog,hybrid,4,2,2,task_20251226_150647_118_13762b97_8da0c6a5,0.75,0,282814,228.7
tools,gepa,eog,hybrid,4,2,2,task_20251226_225931_685_bca89e7d_597733d7,0.5,0,182926,137.6
tools,gepa,eog,hybrid,4,2,2,task_20260113_114937_574_4d9df647_a8d4341b,0.6,0,374603,604.6
tools,gepa,eog,hybrid,4,2,2,task_20260113_120745_735_4d9df647_017a9009,1.0,1,311233,104.6
tools,gepa,eog,hybrid,4,2,2,task_20260113_141542_776_911d75d7_78be6b0f,0.666667,0,224574,193.4
tools,gepa,eog,hybrid,4,2,2,task_20260115_122753_129_1628b966_0c22c9cc,0.666667,0,221454,189.1
tools,gepa,eog,hybrid,4,2,2,task_20260119_162417_443_d8f93f2d_2b15bc38,1.0,1,179207,112.6
tools,gepa,eog,hybrid,4,2,3,task_20251222_151946_409_060e2c81_253357ab,1.0,1,352208,247.5
tools,gepa,eog,hybrid,4,2,3,task_20251225_074839_957_701c5774_eef4d0c4,0.5,0,272821,334.2
tools,gepa,eog,hybrid,4,2,3,task_20251226_133324_902_e5bf1251_942c943a,0.5,0,138359,133.6
tools,gepa,eog,hybrid,4,2,3,task_20251226_150609_837_4d9df647_84917c0b,0.428571,0,516704,507.3
tools,gepa,eog,hybrid,4,2,3,task_20251226_150647_118_13762b97_8da0c6a5,0.625,0,384778,236.7
tools,gepa,eog,hybrid,4,2,3,task_20251226_225931_685_bca89e7d_597733d7,1.0,1,130818,110.5
tools,gepa,eog,hybrid,4,2,3,task_20260113_114937_574_4d9df647_a8d4341b,0.4,0,261101,535.2
tools,gepa,eog,hybrid,4,2,3,task_20260113_120745_735_4d9df647_017a9009,1.0,1,95576,109.1
tools,gepa,eog,hybrid,4,2,3,task_20260113_141542_776_911d75d7_78be6b0f,0.666667,0,184456,164.9
tools,gepa,eog,hybrid,4,2,3,task_20260115_122753_129_1628b966_0c22c9cc,0.666667,0,143222,147.8
tools,gepa,eog,hybrid,4,2,3,task_20260119_162417_443_d8f93f2d_2b15bc38,1.0,1,180176,131.6
tools,gepa,eog,hybrid,4,3,1,task_20251217_130333_406_df2c536d_96566d89,0.666667,0,256706,260.1
tools,gepa,eog,hybrid,4,3,1,task_20251225_071630_879_701c5774_99b636e9,0.25,0,55639,104.3
tools,gepa,eog,hybrid,4,3,1,task_20251225_161315_197_13762b97_44595aaa,0.875,0,166154,163.6
tools,gepa,eog,hybrid,4,3,1,task_20260112_125407_584_1628b966_f5dd38b6,0.5,0,96118,120.5
tools,gepa,eog,hybrid,4,3,1,task_20260114_163605_721_1628b966_187c9544,0.0,0,113577,153.4
tools,gepa,eog,hybrid,4,3,1,task_20260114_174605_380_1628b966_b09f4a35,1.0,1,177483,117.1
tools,gepa,eog,hybrid,4,3,1,task_20260116_064331_915_d8f93f2d_854d09b8,0.0,0,446471,467.7
tools,gepa,eog,hybrid,4,3,1,task_20260116_095226_245_4d9df647_08f9f5b1,0.5,0,351709,284.0
tools,gepa,eog,hybrid,4,3,1,task_20260116_155214_819_baf0b358_0cf4418f,0.5,0,275358,291.1
tools,gepa,eog,hybrid,4,3,2,task_20251217_130333_406_df2c536d_96566d89,0.333333,0,190397,219.0
tools,gepa,eog,hybrid,4,3,2,task_20251225_071630_879_701c5774_99b636e9,0.5,0,273283,626.5
tools,gepa,eog,hybrid,4,3,2,task_20251225_161315_197_13762b97_44595aaa,0.75,0,235111,183.7
tools,gepa,eog,hybrid,4,3,2,task_20260112_125407_584_1628b966_f5dd38b6,0.5,0,115547,140.3
tools,gepa,eog,hybrid,4,3,2,task_20260114_163605_721_1628b966_187c9544,0.0,0,138998,168.7
tools,gepa,eog,hybrid,4,3,2,task_20260114_174605_380_1628b966_b09f4a35,0.875,0,179271,142.8
tools,gepa,eog,hybrid,4,3,2,task_20260116_064331_915_d8f93f2d_854d09b8,0.666667,0,139650,135.4
tools,gepa,eog,hybrid,4,3,2,task_20260116_095226_245_4d9df647_08f9f5b1,0.25,0,353472,294.7
tools,gepa,eog,hybrid,4,3,2,task_20260116_155214_819_baf0b358_0cf4418f,0.25,0,185961,300.9
tools,gepa,eog,hybrid,4,3,3,task_20251217_130333_406_df2c536d_96566d89,0.333333,0,193799,283.1
tools,gepa,eog,hybrid,4,3,3,task_20251225_071630_879_701c5774_99b636e9,0.5,0,246027,354.3
tools,gepa,eog,hybrid,4,3,3,task_20251225_161315_197_13762b97_44595aaa,0.875,0,235846,141.3
tools,gepa,eog,hybrid,4,3,3,task_20260112_125407_584_1628b966_f5dd38b6,0.5,0,59006,97.0
tools,gepa,eog,hybrid,4,3,3,task_20260114_163605_721_1628b966_187c9544,0.5,0,136377,95.2
tools,gepa,eog,hybrid,4,3,3,task_20260114_174605_380_1628b966_b09f4a35,1.0,1,240730,215.3
tools,gepa,eog,hybrid,4,3,3,task_20260116_064331_915_d8f93f2d_854d09b8,0.666667,0,377864,282.7
tools,gepa,eog,hybrid,4,3,3,task_20260116_095226_245_4d9df647_08f9f5b1,0.25,0,352921,371.7
tools,gepa,eog,hybrid,4,3,3,task_20260116_155214_819_baf0b358_0cf4418f,0.5,0,153869,171.9
tools,gepa,eog,hybrid,4,4,1,task_20251217_125948_467_6f5b66fc_10d57868,0.666667,0,120494,138.7
tools,gepa,eog,hybrid,4,4,1,task_20251218_115158_065_1628b966_72217cb4,0.0,0,372674,496.1
tools,gepa,eog,hybrid,4,4,1,task_20251219_115208_288_701c5774_66a236f8,0.5,0,440413,947.1
tools,gepa,eog,hybrid,4,4,1,task_20251220_151043_591_0a0bf089_22634f28,0.8,0,218682,109.5
tools,gepa,eog,hybrid,4,4,1,task_20251222_124541_619_64a4ebb9_abb23ceb,1.0,1,255090,153.4
tools,gepa,eog,hybrid,4,4,1,task_20251223_005949_519_13762b97_e08c84a3,0.5,0,179560,319.4
tools,gepa,eog,hybrid,4,4,1,task_20251224_153415_365_0a0bf089_01602883,0.666667,0,122478,169.3
tools,gepa,eog,hybrid,4,4,1,task_20251224_215807_175_8ce75c22_1c31b786,0.25,0,133057,244.2
tools,gepa,eog,hybrid,4,4,1,task_20251225_140851_135_64a4ebb9_c37d6b1b,1.0,1,225645,146.4
tools,gepa,eog,hybrid,4,4,1,task_20251225_152926_506_4d9df647_e4e518ca,0.4,0,289223,361.1
tools,gepa,eog,hybrid,4,4,1,task_20260114_133032_536_4d9df647_0635001b,1.0,1,351577,745.2
tools,gepa,eog,hybrid,4,4,1,task_20260114_164939_471_4d9df647_2aaff95f,0.8,0,239973,157.0
tools,gepa,eog,hybrid,4,4,1,task_20260115_145329_475_23fcbcdb_3a970315,0.75,0,461974,372.7
tools,gepa,eog,hybrid,4,4,1,task_20260116_054437_417_59bb807c_d73ca3e4,0.2,0,186961,240.4
tools,gepa,eog,hybrid,4,4,1,task_20260116_125857_450_1628b966_25b7eec5,0.0,0,228709,160.2
tools,gepa,eog,hybrid,4,4,1,task_20260116_133210_131_806f1a83_4c204063,1.0,1,332097,418.7
tools,gepa,eog,hybrid,4,4,1,task_20260116_174925_124_d8f93f2d_9e20df73,1.0,1,285398,484.9
tools,gepa,eog,hybrid,4,4,2,task_20251217_125948_467_6f5b66fc_10d57868,0.666667,0,173728,123.8
tools,gepa,eog,hybrid,4,4,2,task_20251218_115158_065_1628b966_72217cb4,0.0,0,277223,326.2
tools,gepa,eog,hybrid,4,4,2,task_20251219_115208_288_701c5774_66a236f8,0.5,0,289465,619.3
tools,gepa,eog,hybrid,4,4,2,task_20251220_151043_591_0a0bf089_22634f28,0.8,0,219714,103.3
tools,gepa,eog,hybrid,4,4,2,task_20251222_124541_619_64a4ebb9_abb23ceb,1.0,1,271382,166.9
tools,gepa,eog,hybrid,4,4,2,task_20251223_005949_519_13762b97_e08c84a3,0.375,0,250919,294.3
tools,gepa,eog,hybrid,4,4,2,task_20251224_153415_365_0a0bf089_01602883,0.666667,0,122372,176.5
tools,gepa,eog,hybrid,4,4,2,task_20251224_215807_175_8ce75c22_1c31b786,0.25,0,301475,167.6
tools,gepa,eog,hybrid,4,4,2,task_20251225_140851_135_64a4ebb9_c37d6b1b,1.0,1,224638,146.7
tools,gepa,eog,hybrid,4,4,2,task_20251225_152926_506_4d9df647_e4e518ca,0.6,0,369385,543.8
tools,gepa,eog,hybrid,4,4,2,task_20260114_133032_536_4d9df647_0635001b,1.0,1,317074,468.8
tools,gepa,eog,hybrid,4,4,2,task_20260114_164939_471_4d9df647_2aaff95f,0.8,0,312123,253.0
tools,gepa,eog,hybrid,4,4,2,task_20260115_145329_475_23fcbcdb_3a970315,0.75,0,548965,529.2
tools,gepa,eog,hybrid,4,4,2,task_20260116_054437_417_59bb807c_d73ca3e4,0.2,0,155634,282.3
tools,gepa,eog,hybrid,4,4,2,task_20260116_125857_450_1628b966_25b7eec5,0.0,0,237495,107.9
tools,gepa,eog,hybrid,4,4,2,task_20260116_133210_131_806f1a83_4c204063,1.0,1,365870,466.8
tools,gepa,eog,hybrid,4,4,2,task_20260116_174925_124_d8f93f2d_9e20df73,1.0,1,141090,273.6
tools,gepa,eog,hybrid,4,4,3,task_20251217_125948_467_6f5b66fc_10d57868,0.333333,0,119150,110.3
tools,gepa,eog,hybrid,4,4,3,task_20251218_115158_065_1628b966_72217cb4,0.0,0,125491,202.4
tools,gepa,eog,hybrid,4,4,3,task_20251219_115208_288_701c5774_66a236f8,0.5,0,328359,482.9
tools,gepa,eog,hybrid,4,4,3,task_20251220_151043_591_0a0bf089_22634f28,0.8,0,219204,104.9
tools,gepa,eog,hybrid,4,4,3,task_20251222_124541_619_64a4ebb9_abb23ceb,1.0,1,260041,130.1
tools,gepa,eog,hybrid,4,4,3,task_20251223_005949_519_13762b97_e08c84a3,0.375,0,166502,278.4
tools,gepa,eog,hybrid,4,4,3,task_20251224_153415_365_0a0bf089_01602883,0.666667,0,118593,123.0
tools,gepa,eog,hybrid,4,4,3,task_20251224_215807_175_8ce75c22_1c31b786,0.25,0,273413,255.9
tools,gepa,eog,hybrid,4,4,3,task_20251225_140851_135_64a4ebb9_c37d6b1b,1.0,1,200112,107.1
tools,gepa,eog,hybrid,4,4,3,task_20251225_152926_506_4d9df647_e4e518ca,0.2,0,291338,421.1
tools,gepa,eog,hybrid,4,4,3,task_20260114_133032_536_4d9df647_0635001b,1.0,1,272759,516.4
tools,gepa,eog,hybrid,4,4,3,task_20260114_164939_471_4d9df647_2aaff95f,0.6,0,173129,146.0
tools,gepa,eog,hybrid,4,4,3,task_20260115_145329_475_23fcbcdb_3a970315,0.75,0,535689,445.3
tools,gepa,eog,hybrid,4,4,3,task_20260116_054437_417_59bb807c_d73ca3e4,0.6,0,200513,284.9
tools,gepa,eog,hybrid,4,4,3,task_20260116_125857_450_1628b966_25b7eec5,0.0,0,238449,124.7
tools,gepa,eog,hybrid,4,4,3,task_20260116_133210_131_806f1a83_4c204063,1.0,1,336364,388.7
tools,gepa,eog,hybrid,4,4,3,task_20260116_174925_124_d8f93f2d_9e20df73,1.0,1,207611,392.2
tools,gepa,eog,itsm,1,1,1,task_20251210_205620_593_391f1eff_ad65c160,0.5,0,195334,212.0
tools,gepa,eog,itsm,1,1,1,task_20251212_172511_458_e6427839_47076c15,0.5,0,73101,83.7
tools,gepa,eog,itsm,1,1,1,task_20251212_184405_886_e6427839_6413728a,0.666667,0,130739,123.3
tools,gepa,eog,itsm,1,1,1,task_20251212_191411_655_391f1eff_2fef896f,0.666667,0,111954,85.6
tools,gepa,eog,itsm,1,1,1,task_20251216_131651_690_764e5ead_f8619b02,1.0,1,134216,161.9
tools,gepa,eog,itsm,1,1,1,task_20251217_153037_688_97d7df7d_be0bd794,1.0,1,133772,106.8
tools,gepa,eog,itsm,1,1,1,task_20251217_205244_161_764e5ead_20429ef8,0.875,0,135963,114.7
tools,gepa,eog,itsm,1,1,1,task_20251218_061956_641_109c89c0_423ed8ee,0.285714,0,277325,380.7
tools,gepa,eog,itsm,1,1,1,task_20251218_082708_201_99ba2325_51726f9c,1.0,1,171293,206.2
tools,gepa,eog,itsm,1,1,1,task_20251218_093719_611_764e5ead_5817d09a,1.0,1,201024,259.2
tools,gepa,eog,itsm,1,1,1,task_20251218_104259_233_66392a82_74b17170,1.0,1,131945,142.2
tools,gepa,eog,itsm,1,1,1,task_20251218_121722_423_1d219d93_8218da6c,0.833333,0,200384,247.5
tools,gepa,eog,itsm,1,1,1,task_20251218_124419_383_66392a82_52c8290e,0.5,0,94891,83.4
tools,gepa,eog,itsm,1,1,1,task_20251218_155314_617_c5ca08eb_3ce3c52f,1.0,1,78791,150.5
tools,gepa,eog,itsm,1,1,1,task_20251218_183102_136_391f1eff_ac9a6986,0.5,0,92523,80.4
tools,gepa,eog,itsm,1,1,1,task_20251218_220134_063_391f1eff_30369342,0.5,0,93653,84.2
tools,gepa,eog,itsm,1,1,1,task_20251218_234602_633_391f1eff_09a746e7,0.0,0,132571,151.5
tools,gepa,eog,itsm,1,1,1,task_20251219_091707_306_ad5a67e3_a76dbe57,1.0,1,56017,89.9
tools,gepa,eog,itsm,1,1,1,task_20251219_111447_756_66392a82_1c69521d,0.0,0,19305,51.6
tools,gepa,eog,itsm,1,1,1,task_20251219_115925_475_1d219d93_53d34d23,0.4,0,179058,226.1
tools,gepa,eog,itsm,1,1,1,task_20251219_144431_663_97d7df7d_a52988e5,0.0,0,138796,234.7
tools,gepa,eog,itsm,1,1,1,task_20251221_233237_652_66392a82_c1a599bb,0.0,0,18681,20.7
tools,gepa,eog,itsm,1,1,1,task_20251222_072805_599_99ba2325_ae6b0778,1.0,1,170381,184.6
tools,gepa,eog,itsm,1,1,1,task_20251222_105710_498_391f1eff_8b25dbef,0.5,0,97158,130.6
tools,gepa,eog,itsm,1,1,1,task_20251222_133355_087_30600918_e9215c57,0.25,0,167692,133.5
tools,gepa,eog,itsm,1,1,1,task_20251222_140957_029_c5ca08eb_3c4271f0,0.333333,0,56860,93.0
tools,gepa,eog,itsm,1,1,1,task_20251222_190928_391_391f1eff_8cb006f5,0.0,0,119997,209.3
tools,gepa,eog,itsm,1,1,1,task_20251222_195853_743_0be70e35_0916fba8,0.5,0,175869,154.5
tools,gepa,eog,itsm,1,1,1,task_20251223_064316_340_01395ded_9c6f3e01,0.25,0,181512,353.9
tools,gepa,eog,itsm,1,1,1,task_20251223_101136_983_1d219d93_d1ba6c2d,0.833333,0,176412,231.2
tools,gepa,eog,itsm,1,1,1,task_20251223_132605_091_764e5ead_dd00cc8f,0.6,0,227071,299.8
tools,gepa,eog,itsm,1,1,1,task_20251223_151555_341_764e5ead_9648644d,0.285714,0,223178,273.4
tools,gepa,eog,itsm,1,1,1,task_20260112_183416_157_a8eea1c0_0d6acfd0,0.4,0,138067,163.2
tools,gepa,eog,itsm,1,1,1,task_20260113_031046_703_99ba2325_54f35603,1.0,1,142148,106.2
tools,gepa,eog,itsm,1,1,1,task_20260113_182216_716_a8eea1c0_7a0619e9,0.666667,0,111699,102.0
tools,gepa,eog,itsm,1,1,1,task_20260113_182602_664_46ca2862_b6ef60ca,0.5,0,112143,136.2
tools,gepa,eog,itsm,1,1,1,task_20260113_212050_548_a8eea1c0_73a73ce7,1.0,1,127203,183.0
tools,gepa,eog,itsm,1,1,1,task_20260114_094327_107_46ca2862_796e7685,1.0,1,173499,187.6
tools,gepa,eog,itsm,1,1,1,task_20260114_174427_042_99ba2325_7915481a,0.333333,0,55318,40.0
tools,gepa,eog,itsm,1,1,1,task_20260114_180601_485_99ba2325_2dc8b3ce,1.0,1,143096,97.7
tools,gepa,eog,itsm,1,1,1,task_20260114_181932_082_99ba2325_92ddef90,0.6,0,142984,250.5
tools,gepa,eog,itsm,1,1,1,task_20260115_143541_964_fa1836dc_dc6652fd,0.0,0,21542,79.5
tools,gepa,eog,itsm,1,1,1,task_20260115_152733_296_46ca2862_55f848d3,0.6,0,154739,156.9
tools,gepa,eog,itsm,1,1,1,task_20260115_172636_260_fa1836dc_7a703e50,0.5,0,111378,82.4
tools,gepa,eog,itsm,1,1,1,task_20260116_081645_096_66392a82_fd509f97,0.4,0,180827,252.8
tools,gepa,eog,itsm,1,1,1,task_20260116_101840_488_e6427839_81df8ba3,0.75,0,150289,159.7
tools,gepa,eog,itsm,1,1,1,task_20260116_124300_245_1d219d93_76cd5b4d,0.5,0,113421,102.6
tools,gepa,eog,itsm,1,1,1,task_20260116_224538_330_66392a82_10d0806e,1.0,1,184260,93.3
tools,gepa,eog,itsm,1,1,2,task_20251210_205620_593_391f1eff_ad65c160,0.5,0,154038,121.6
tools,gepa,eog,itsm,1,1,2,task_20251212_172511_458_e6427839_47076c15,0.5,0,55580,58.8
tools,gepa,eog,itsm,1,1,2,task_20251212_184405_886_e6427839_6413728a,0.666667,0,112772,111.0
tools,gepa,eog,itsm,1,1,2,task_20251212_191411_655_391f1eff_2fef896f,0.333333,0,117198,132.0
tools,gepa,eog,itsm,1,1,2,task_20251216_131651_690_764e5ead_f8619b02,1.0,1,133215,116.6
tools,gepa,eog,itsm,1,1,2,task_20251217_153037_688_97d7df7d_be0bd794,1.0,1,152267,109.9
tools,gepa,eog,itsm,1,1,2,task_20251217_205244_161_764e5ead_20429ef8,0.875,0,135164,97.1
tools,gepa,eog,itsm,1,1,2,task_20251218_061956_641_109c89c0_423ed8ee,0.285714,0,239752,401.6
tools,gepa,eog,itsm,1,1,2,task_20251218_082708_201_99ba2325_51726f9c,1.0,1,130958,126.5
tools,gepa,eog,itsm,1,1,2,task_20251218_093719_611_764e5ead_5817d09a,1.0,1,99591,135.6
tools,gepa,eog,itsm,1,1,2,task_20251218_104259_233_66392a82_74b17170,0.666667,0,93275,108.4
tools,gepa,eog,itsm,1,1,2,task_20251218_121722_423_1d219d93_8218da6c,1.0,1,240316,310.9
tools,gepa,eog,itsm,1,1,2,task_20251218_124419_383_66392a82_52c8290e,0.5,0,132241,131.2
tools,gepa,eog,itsm,1,1,2,task_20251218_155314_617_c5ca08eb_3ce3c52f,1.0,1,94483,105.5
tools,gepa,eog,itsm,1,1,2,task_20251218_183102_136_391f1eff_ac9a6986,0.5,0,115345,132.3
tools,gepa,eog,itsm,1,1,2,task_20251218_220134_063_391f1eff_30369342,0.5,0,114621,87.8
tools,gepa,eog,itsm,1,1,2,task_20251218_234602_633_391f1eff_09a746e7,0.0,0,114356,92.9
tools,gepa,eog,itsm,1,1,2,task_20251219_091707_306_ad5a67e3_a76dbe57,1.0,1,76716,79.1
tools,gepa,eog,itsm,1,1,2,task_20251219_111447_756_66392a82_1c69521d,0.666667,0,76132,65.3
tools,gepa,eog,itsm,1,1,2,task_20251219_115925_475_1d219d93_53d34d23,0.6,0,234226,224.2
tools,gepa,eog,itsm,1,1,2,task_20251219_144431_663_97d7df7d_a52988e5,0.0,0,115785,142.6
tools,gepa,eog,itsm,1,1,2,task_20251221_233237_652_66392a82_c1a599bb,1.0,1,74179,86.3
tools,gepa,eog,itsm,1,1,2,task_20251222_072805_599_99ba2325_ae6b0778,1.0,1,221958,315.8
tools,gepa,eog,itsm,1,1,2,task_20251222_105710_498_391f1eff_8b25dbef,1.0,1,77147,85.3
tools,gepa,eog,itsm,1,1,2,task_20251222_133355_087_30600918_e9215c57,0.25,0,147254,166.5
tools,gepa,eog,itsm,1,1,2,task_20251222_140957_029_c5ca08eb_3c4271f0,0.666667,0,346669,196.2
tools,gepa,eog,itsm,1,1,2,task_20251222_190928_391_391f1eff_8cb006f5,0.0,0,116152,117.8
tools,gepa,eog,itsm,1,1,2,task_20251222_195853_743_0be70e35_0916fba8,0.5,0,187556,222.2
tools,gepa,eog,itsm,1,1,2,task_20251223_064316_340_01395ded_9c6f3e01,0.25,0,182291,272.0
tools,gepa,eog,itsm,1,1,2,task_20251223_101136_983_1d219d93_d1ba6c2d,0.833333,0,136195,155.2
tools,gepa,eog,itsm,1,1,2,task_20251223_132605_091_764e5ead_dd00cc8f,0.6,0,248049,347.0
tools,gepa,eog,itsm,1,1,2,task_20251223_151555_341_764e5ead_9648644d,0.571429,0,297183,330.0
tools,gepa,eog,itsm,1,1,2,task_20260112_183416_157_a8eea1c0_0d6acfd0,0.4,0,120217,132.7
tools,gepa,eog,itsm,1,1,2,task_20260113_031046_703_99ba2325_54f35603,1.0,1,115685,73.4
tools,gepa,eog,itsm,1,1,2,task_20260113_182216_716_a8eea1c0_7a0619e9,0.333333,0,95263,82.2
tools,gepa,eog,itsm,1,1,2,task_20260113_182602_664_46ca2862_b6ef60ca,0.5,0,111488,87.5
tools,gepa,eog,itsm,1,1,2,task_20260113_212050_548_a8eea1c0_73a73ce7,1.0,1,146649,123.7
tools,gepa,eog,itsm,1,1,2,task_20260114_094327_107_46ca2862_796e7685,1.0,1,173284,184.2
tools,gepa,eog,itsm,1,1,2,task_20260114_174427_042_99ba2325_7915481a,0.333333,0,37242,37.2
tools,gepa,eog,itsm,1,1,2,task_20260114_180601_485_99ba2325_2dc8b3ce,1.0,1,162561,78.0
tools,gepa,eog,itsm,1,1,2,task_20260114_181932_082_99ba2325_92ddef90,0.6,0,176273,174.2
tools,gepa,eog,itsm,1,1,2,task_20260115_143541_964_fa1836dc_dc6652fd,0.0,0,21227,53.3
tools,gepa,eog,itsm,1,1,2,task_20260115_152733_296_46ca2862_55f848d3,0.6,0,174205,150.9
tools,gepa,eog,itsm,1,1,2,task_20260115_172636_260_fa1836dc_7a703e50,0.5,0,111088,64.3
tools,gepa,eog,itsm,1,1,2,task_20260116_081645_096_66392a82_fd509f97,0.4,0,247817,425.3
tools,gepa,eog,itsm,1,1,2,task_20260116_101840_488_e6427839_81df8ba3,0.75,0,152084,168.5
tools,gepa,eog,itsm,1,1,2,task_20260116_124300_245_1d219d93_76cd5b4d,0.0,0,173695,211.0
tools,gepa,eog,itsm,1,1,2,task_20260116_224538_330_66392a82_10d0806e,0.0,0,19679,45.7
tools,gepa,eog,itsm,1,1,3,task_20251210_205620_593_391f1eff_ad65c160,0.5,0,116949,165.3
tools,gepa,eog,itsm,1,1,3,task_20251212_172511_458_e6427839_47076c15,0.5,0,55106,58.0
tools,gepa,eog,itsm,1,1,3,task_20251212_184405_886_e6427839_6413728a,0.666667,0,112142,105.5
tools,gepa,eog,itsm,1,1,3,task_20251212_191411_655_391f1eff_2fef896f,0.666667,0,133046,110.8
tools,gepa,eog,itsm,1,1,3,task_20251216_131651_690_764e5ead_f8619b02,1.0,1,138693,174.2
tools,gepa,eog,itsm,1,1,3,task_20251217_153037_688_97d7df7d_be0bd794,1.0,1,153240,110.7
tools,gepa,eog,itsm,1,1,3,task_20251217_205244_161_764e5ead_20429ef8,0.75,0,207807,92.1
tools,gepa,eog,itsm,1,1,3,task_20251218_061956_641_109c89c0_423ed8ee,0.285714,0,208584,216.8
tools,gepa,eog,itsm,1,1,3,task_20251218_082708_201_99ba2325_51726f9c,1.0,1,133277,182.2
tools,gepa,eog,itsm,1,1,3,task_20251218_093719_611_764e5ead_5817d09a,1.0,1,178884,194.7
tools,gepa,eog,itsm,1,1,3,task_20251218_104259_233_66392a82_74b17170,1.0,1,128880,120.7
tools,gepa,eog,itsm,1,1,3,task_20251218_121722_423_1d219d93_8218da6c,1.0,1,261241,340.9
tools,gepa,eog,itsm,1,1,3,task_20251218_124419_383_66392a82_52c8290e,0.5,0,116057,133.7
tools,gepa,eog,itsm,1,1,3,task_20251218_155314_617_c5ca08eb_3ce3c52f,1.0,1,95910,128.5
tools,gepa,eog,itsm,1,1,3,task_20251218_183102_136_391f1eff_ac9a6986,0.5,0,96197,121.0
tools,gepa,eog,itsm,1,1,3,task_20251218_220134_063_391f1eff_30369342,1.0,1,132226,125.9
tools,gepa,eog,itsm,1,1,3,task_20251218_234602_633_391f1eff_09a746e7,0.0,0,115058,158.0
tools,gepa,eog,itsm,1,1,3,task_20251219_091707_306_ad5a67e3_a76dbe57,1.0,1,93314,77.6
tools,gepa,eog,itsm,1,1,3,task_20251219_111447_756_66392a82_1c69521d,0.666667,0,75431,56.4
tools,gepa,eog,itsm,1,1,3,task_20251219_115925_475_1d219d93_53d34d23,0.6,0,200618,247.4
tools,gepa,eog,itsm,1,1,3,task_20251219_144431_663_97d7df7d_a52988e5,0.0,0,115375,152.7
tools,gepa,eog,itsm,1,1,3,task_20251221_233237_652_66392a82_c1a599bb,1.0,1,90816,58.3
tools,gepa,eog,itsm,1,1,3,task_20251222_072805_599_99ba2325_ae6b0778,1.0,1,149704,163.7
tools,gepa,eog,itsm,1,1,3,task_20251222_105710_498_391f1eff_8b25dbef,1.0,1,76532,89.8
tools,gepa,eog,itsm,1,1,3,task_20251222_133355_087_30600918_e9215c57,0.25,0,149353,166.3
tools,gepa,eog,itsm,1,1,3,task_20251222_140957_029_c5ca08eb_3c4271f0,0.666667,0,74729,93.4
tools,gepa,eog,itsm,1,1,3,task_20251222_190928_391_391f1eff_8cb006f5,0.0,0,139426,185.0
tools,gepa,eog,itsm,1,1,3,task_20251222_195853_743_0be70e35_0916fba8,0.5,0,160704,105.0
tools,gepa,eog,itsm,1,1,3,task_20251223_064316_340_01395ded_9c6f3e01,0.5,0,166591,249.9
tools,gepa,eog,itsm,1,1,3,task_20251223_101136_983_1d219d93_d1ba6c2d,0.5,0,173040,169.2
tools,gepa,eog,itsm,1,1,3,task_20251223_132605_091_764e5ead_dd00cc8f,0.6,0,278970,389.2
tools,gepa,eog,itsm,1,1,3,task_20251223_151555_341_764e5ead_9648644d,0.285714,0,222109,248.6
tools,gepa,eog,itsm,1,1,3,task_20260112_183416_157_a8eea1c0_0d6acfd0,0.4,0,136309,104.4
tools,gepa,eog,itsm,1,1,3,task_20260113_031046_703_99ba2325_54f35603,1.0,1,115579,110.8
tools,gepa,eog,itsm,1,1,3,task_20260113_182216_716_a8eea1c0_7a0619e9,0.333333,0,95660,157.2
tools,gepa,eog,itsm,1,1,3,task_20260113_182602_664_46ca2862_b6ef60ca,1.0,1,111071,96.0
tools,gepa,eog,itsm,1,1,3,task_20260113_212050_548_a8eea1c0_73a73ce7,1.0,1,127828,229.6
tools,gepa,eog,itsm,1,1,3,task_20260114_094327_107_46ca2862_796e7685,1.0,1,132624,137.8
tools,gepa,eog,itsm,1,1,3,task_20260114_174427_042_99ba2325_7915481a,0.333333,0,37544,39.2
tools,gepa,eog,itsm,1,1,3,task_20260114_180601_485_99ba2325_2dc8b3ce,1.0,1,208574,104.3
tools,gepa,eog,itsm,1,1,3,task_20260114_181932_082_99ba2325_92ddef90,0.4,0,198993,205.4
tools,gepa,eog,itsm,1,1,3,task_20260115_143541_964_fa1836dc_dc6652fd,1.0,1,103677,206.9
tools,gepa,eog,itsm,1,1,3,task_20260115_152733_296_46ca2862_55f848d3,1.0,1,159027,217.2
tools,gepa,eog,itsm,1,1,3,task_20260115_172636_260_fa1836dc_7a703e50,0.5,0,114404,91.7
tools,gepa,eog,itsm,1,1,3,task_20260116_081645_096_66392a82_fd509f97,0.6,0,186513,282.9
tools,gepa,eog,itsm,1,1,3,task_20260116_101840_488_e6427839_81df8ba3,0.5,0,95687,121.5
tools,gepa,eog,itsm,1,1,3,task_20260116_124300_245_1d219d93_76cd5b4d,0.5,0,177157,226.8
tools,gepa,eog,itsm,1,1,3,task_20260116_224538_330_66392a82_10d0806e,1.0,1,254705,195.5
tools,gepa,eog,itsm,1,2,1,task_20251218_164829_676_97d7df7d_893f6b2c,0.666667,0,155066,482.8
tools,gepa,eog,itsm,1,2,1,task_20251219_062202_346_66392a82_1d2065dd,1.0,1,146294,231.5
tools,gepa,eog,itsm,1,2,1,task_20251219_130920_558_99ba2325_7f9481df,1.0,1,146219,163.3
tools,gepa,eog,itsm,1,2,1,task_20251221_045452_579_99ba2325_0e601eac,0.8,0,197937,456.1
tools,gepa,eog,itsm,1,2,1,task_20251222_075116_761_30600918_a7f0a69a,0.25,0,114858,340.1
tools,gepa,eog,itsm,1,2,1,task_20251223_063905_655_30600918_3e736be9,0.6,0,190689,543.5
tools,gepa,eog,itsm,1,2,1,task_20251223_135402_072_c5ca08eb_67009578,0.0,0,82391,185.5
tools,gepa,eog,itsm,1,2,1,task_20260112_194743_238_a8eea1c0_a4b1468a,0.166667,0,271359,927.6
tools,gepa,eog,itsm,1,2,1,task_20260113_183935_893_e6427839_03a04c19,1.0,1,123417,170.8
tools,gepa,eog,itsm,1,2,1,task_20260114_073658_459_78a5b71e_cab5cc9f,0.0,0,112573,364.5
tools,gepa,eog,itsm,1,2,1,task_20260115_153041_899_d4a463c3_cab6d59b,0.0,0,177310,532.7
tools,gepa,eog,itsm,1,2,1,task_20260117_000130_134_2aa6b0ad_a20f3a61,0.0,0,185167,729.1
tools,gepa,eog,itsm,1,2,2,task_20251218_164829_676_97d7df7d_893f6b2c,0.666667,0,183069,653.4
tools,gepa,eog,itsm,1,2,2,task_20251219_062202_346_66392a82_1d2065dd,1.0,1,167549,232.7
tools,gepa,eog,itsm,1,2,2,task_20251219_130920_558_99ba2325_7f9481df,1.0,1,148516,306.4
tools,gepa,eog,itsm,1,2,2,task_20251221_045452_579_99ba2325_0e601eac,0.6,0,174572,437.6
tools,gepa,eog,itsm,1,2,2,task_20251222_075116_761_30600918_a7f0a69a,0.0,0,136386,261.8
tools,gepa,eog,itsm,1,2,2,task_20251223_063905_655_30600918_3e736be9,0.4,0,166025,531.6
tools,gepa,eog,itsm,1,2,2,task_20251223_135402_072_c5ca08eb_67009578,0.5,0,103052,196.9
tools,gepa,eog,itsm,1,2,2,task_20260112_194743_238_a8eea1c0_a4b1468a,0.833333,0,245828,603.2
tools,gepa,eog,itsm,1,2,2,task_20260113_183935_893_e6427839_03a04c19,1.0,1,149794,331.2
tools,gepa,eog,itsm,1,2,2,task_20260114_073658_459_78a5b71e_cab5cc9f,0.0,0,105863,338.5
tools,gepa,eog,itsm,1,2,2,task_20260115_153041_899_d4a463c3_cab6d59b,0.0,0,219620,337.3
tools,gepa,eog,itsm,1,2,2,task_20260117_000130_134_2aa6b0ad_a20f3a61,0.0,0,215412,849.7
tools,gepa,eog,itsm,1,2,3,task_20251218_164829_676_97d7df7d_893f6b2c,0.666667,0,181031,518.3
tools,gepa,eog,itsm,1,2,3,task_20251219_062202_346_66392a82_1d2065dd,0.666667,0,105176,184.3
tools,gepa,eog,itsm,1,2,3,task_20251219_130920_558_99ba2325_7f9481df,1.0,1,145061,206.0
tools,gepa,eog,itsm,1,2,3,task_20251221_045452_579_99ba2325_0e601eac,0.6,0,195398,478.0
tools,gepa,eog,itsm,1,2,3,task_20251222_075116_761_30600918_a7f0a69a,0.0,0,137222,259.6
tools,gepa,eog,itsm,1,2,3,task_20251223_063905_655_30600918_3e736be9,0.6,0,239075,676.1
tools,gepa,eog,itsm,1,2,3,task_20251223_135402_072_c5ca08eb_67009578,0.0,0,103413,249.8
tools,gepa,eog,itsm,1,2,3,task_20260112_194743_238_a8eea1c0_a4b1468a,0.833333,0,222894,656.3
tools,gepa,eog,itsm,1,2,3,task_20260113_183935_893_e6427839_03a04c19,1.0,1,145505,272.0
tools,gepa,eog,itsm,1,2,3,task_20260114_073658_459_78a5b71e_cab5cc9f,0.0,0,86230,350.4
tools,gepa,eog,itsm,1,2,3,task_20260115_153041_899_d4a463c3_cab6d59b,0.0,0,186569,606.0
tools,gepa,eog,itsm,1,2,3,task_20260117_000130_134_2aa6b0ad_a20f3a61,0.0,0,247164,947.5
tools,gepa,eog,itsm,2,1,1,task_20251210_205620_593_391f1eff_ad65c160,0.5,0,135633,163.7
tools,gepa,eog,itsm,2,1,1,task_20251212_172511_458_e6427839_47076c15,0.5,0,64616,82.0
tools,gepa,eog,itsm,2,1,1,task_20251212_184405_886_e6427839_6413728a,0.333333,0,131112,116.0
tools,gepa,eog,itsm,2,1,1,task_20251212_191411_655_391f1eff_2fef896f,1.0,1,259382,225.0
tools,gepa,eog,itsm,2,1,1,task_20251216_131651_690_764e5ead_f8619b02,0.666667,0,133315,87.4
tools,gepa,eog,itsm,2,1,1,task_20251217_153037_688_97d7df7d_be0bd794,1.0,1,177473,121.8
tools,gepa,eog,itsm,2,1,1,task_20251217_205244_161_764e5ead_20429ef8,0.875,0,245146,120.9
tools,gepa,eog,itsm,2,1,1,task_20251218_061956_641_109c89c0_423ed8ee,0.571429,0,254350,288.4
tools,gepa,eog,itsm,2,1,1,task_20251218_082708_201_99ba2325_51726f9c,1.0,1,154680,175.4
tools,gepa,eog,itsm,2,1,1,task_20251218_093719_611_764e5ead_5817d09a,1.0,1,229252,218.0
tools,gepa,eog,itsm,2,1,1,task_20251218_104259_233_66392a82_74b17170,0.666667,0,66654,66.6
tools,gepa,eog,itsm,2,1,1,task_20251218_121722_423_1d219d93_8218da6c,1.0,1,253453,251.3
tools,gepa,eog,itsm,2,1,1,task_20251218_124419_383_66392a82_52c8290e,1.0,1,132607,113.3
tools,gepa,eog,itsm,2,1,1,task_20251218_155314_617_c5ca08eb_3ce3c52f,0.666667,0,66829,87.2
tools,gepa,eog,itsm,2,1,1,task_20251218_183102_136_391f1eff_ac9a6986,0.5,0,226830,187.3
tools,gepa,eog,itsm,2,1,1,task_20251218_220134_063_391f1eff_30369342,1.0,1,110004,91.6
tools,gepa,eog,itsm,2,1,1,task_20251218_234602_633_391f1eff_09a746e7,0.0,0,113562,148.7
tools,gepa,eog,itsm,2,1,1,task_20251219_091707_306_ad5a67e3_a76dbe57,1.0,1,87866,74.7
tools,gepa,eog,itsm,2,1,1,task_20251219_111447_756_66392a82_1c69521d,0.666667,0,87864,68.2
tools,gepa,eog,itsm,2,1,1,task_20251219_115925_475_1d219d93_53d34d23,0.6,0,273287,274.5
tools,gepa,eog,itsm,2,1,1,task_20251219_144431_663_97d7df7d_a52988e5,0.0,0,206504,267.4
tools,gepa,eog,itsm,2,1,1,task_20251221_233237_652_66392a82_c1a599bb,0.666667,0,128381,62.7
tools,gepa,eog,itsm,2,1,1,task_20251222_072805_599_99ba2325_ae6b0778,0.666667,0,317531,307.2
tools,gepa,eog,itsm,2,1,1,task_20251222_105710_498_391f1eff_8b25dbef,1.0,1,112616,108.3
tools,gepa,eog,itsm,2,1,1,task_20251222_133355_087_30600918_e9215c57,0.25,0,197601,210.3
tools,gepa,eog,itsm,2,1,1,task_20251222_140957_029_c5ca08eb_3c4271f0,0.666667,0,106928,98.3
tools,gepa,eog,itsm,2,1,1,task_20251222_190928_391_391f1eff_8cb006f5,0.0,0,112681,130.8
tools,gepa,eog,itsm,2,1,1,task_20251222_195853_743_0be70e35_0916fba8,0.5,0,176169,138.1
tools,gepa,eog,itsm,2,1,1,task_20251223_064316_340_01395ded_9c6f3e01,0.0,0,153633,284.5
tools,gepa,eog,itsm,2,1,1,task_20251223_101136_983_1d219d93_d1ba6c2d,0.833333,0,221882,195.7
tools,gepa,eog,itsm,2,1,1,task_20251223_132605_091_764e5ead_dd00cc8f,0.6,0,348162,486.6
tools,gepa,eog,itsm,2,1,1,task_20251223_151555_341_764e5ead_9648644d,0.285714,0,325607,262.5
tools,gepa,eog,itsm,2,1,1,task_20260112_183416_157_a8eea1c0_0d6acfd0,0.4,0,187595,166.0
tools,gepa,eog,itsm,2,1,1,task_20260113_031046_703_99ba2325_54f35603,1.0,1,136416,124.3
tools,gepa,eog,itsm,2,1,1,task_20260113_182216_716_a8eea1c0_7a0619e9,0.666667,0,155436,149.1
tools,gepa,eog,itsm,2,1,1,task_20260113_182602_664_46ca2862_b6ef60ca,0.5,0,129759,94.2
tools,gepa,eog,itsm,2,1,1,task_20260113_212050_548_a8eea1c0_73a73ce7,0.0,0,114636,131.1
tools,gepa,eog,itsm,2,1,1,task_20260114_094327_107_46ca2862_796e7685,1.0,1,178566,178.8
tools,gepa,eog,itsm,2,1,1,task_20260114_174427_042_99ba2325_7915481a,0.333333,0,43459,51.1
tools,gepa,eog,itsm,2,1,1,task_20260114_180601_485_99ba2325_2dc8b3ce,1.0,1,191605,167.8
tools,gepa,eog,itsm,2,1,1,task_20260114_181932_082_99ba2325_92ddef90,0.4,0,136007,125.1
tools,gepa,eog,itsm,2,1,1,task_20260115_143541_964_fa1836dc_dc6652fd,0.444444,0,143971,206.2
tools,gepa,eog,itsm,2,1,1,task_20260115_152733_296_46ca2862_55f848d3,1.0,1,185462,239.8
tools,gepa,eog,itsm,2,1,1,task_20260115_172636_260_fa1836dc_7a703e50,0.5,0,130568,90.3
tools,gepa,eog,itsm,2,1,1,task_20260116_081645_096_66392a82_fd509f97,0.4,0,246542,359.3
tools,gepa,eog,itsm,2,1,1,task_20260116_101840_488_e6427839_81df8ba3,0.75,0,174888,144.9
tools,gepa,eog,itsm,2,1,1,task_20260116_124300_245_1d219d93_76cd5b4d,1.0,1,132255,95.8
tools,gepa,eog,itsm,2,1,1,task_20260116_224538_330_66392a82_10d0806e,1.0,1,314188,180.1
tools,gepa,eog,itsm,2,1,2,task_20251210_205620_593_391f1eff_ad65c160,0.5,0,203996,215.6
tools,gepa,eog,itsm,2,1,2,task_20251212_172511_458_e6427839_47076c15,0.5,0,65619,67.6
tools,gepa,eog,itsm,2,1,2,task_20251212_184405_886_e6427839_6413728a,0.666667,0,130662,89.2
tools,gepa,eog,itsm,2,1,2,task_20251212_191411_655_391f1eff_2fef896f,1.0,1,155939,126.9
tools,gepa,eog,itsm,2,1,2,task_20251216_131651_690_764e5ead_f8619b02,1.0,1,196852,122.5
tools,gepa,eog,itsm,2,1,2,task_20251217_153037_688_97d7df7d_be0bd794,1.0,1,179017,112.2
tools,gepa,eog,itsm,2,1,2,task_20251217_205244_161_764e5ead_20429ef8,0.875,0,160699,109.8
tools,gepa,eog,itsm,2,1,2,task_20251218_061956_641_109c89c0_423ed8ee,0.285714,0,246573,309.0
tools,gepa,eog,itsm,2,1,2,task_20251218_082708_201_99ba2325_51726f9c,1.0,1,177461,185.2
tools,gepa,eog,itsm,2,1,2,task_20251218_093719_611_764e5ead_5817d09a,1.0,1,232935,249.7
tools,gepa,eog,itsm,2,1,2,task_20251218_104259_233_66392a82_74b17170,0.666667,0,111627,121.6
tools,gepa,eog,itsm,2,1,2,task_20251218_121722_423_1d219d93_8218da6c,1.0,1,274072,266.1
tools,gepa,eog,itsm,2,1,2,task_20251218_124419_383_66392a82_52c8290e,1.0,1,205383,220.1
tools,gepa,eog,itsm,2,1,2,task_20251218_155314_617_c5ca08eb_3ce3c52f,1.0,1,66357,66.7
tools,gepa,eog,itsm,2,1,2,task_20251218_183102_136_391f1eff_ac9a6986,0.5,0,132785,116.2
tools,gepa,eog,itsm,2,1,2,task_20251218_220134_063_391f1eff_30369342,1.0,1,153079,114.0
tools,gepa,eog,itsm,2,1,2,task_20251218_234602_633_391f1eff_09a746e7,0.0,0,133490,141.1
tools,gepa,eog,itsm,2,1,2,task_20251219_091707_306_ad5a67e3_a76dbe57,1.0,1,154586,118.5
tools,gepa,eog,itsm,2,1,2,task_20251219_111447_756_66392a82_1c69521d,0.666667,0,88063,41.6
tools,gepa,eog,itsm,2,1,2,task_20251219_115925_475_1d219d93_53d34d23,0.6,0,208481,185.6
tools,gepa,eog,itsm,2,1,2,task_20251219_144431_663_97d7df7d_a52988e5,0.0,0,158650,164.8
tools,gepa,eog,itsm,2,1,2,task_20251221_233237_652_66392a82_c1a599bb,0.0,0,21340,17.8
tools,gepa,eog,itsm,2,1,2,task_20251222_072805_599_99ba2325_ae6b0778,0.666667,0,252803,247.5
tools,gepa,eog,itsm,2,1,2,task_20251222_105710_498_391f1eff_8b25dbef,0.0,0,113225,119.3
tools,gepa,eog,itsm,2,1,2,task_20251222_133355_087_30600918_e9215c57,0.25,0,144603,99.7
tools,gepa,eog,itsm,2,1,2,task_20251222_140957_029_c5ca08eb_3c4271f0,0.666667,0,107897,89.3
tools,gepa,eog,itsm,2,1,2,task_20251222_190928_391_391f1eff_8cb006f5,0.0,0,156710,136.1
tools,gepa,eog,itsm,2,1,2,task_20251222_195853_743_0be70e35_0916fba8,0.5,0,167592,136.4
tools,gepa,eog,itsm,2,1,2,task_20251223_064316_340_01395ded_9c6f3e01,0.25,0,214927,225.0
tools,gepa,eog,itsm,2,1,2,task_20251223_101136_983_1d219d93_d1ba6c2d,0.833333,0,202792,193.8
tools,gepa,eog,itsm,2,1,2,task_20251223_132605_091_764e5ead_dd00cc8f,0.4,0,166784,201.0
tools,gepa,eog,itsm,2,1,2,task_20251223_151555_341_764e5ead_9648644d,0.571429,0,255922,219.7
tools,gepa,eog,itsm,2,1,2,task_20260112_183416_157_a8eea1c0_0d6acfd0,0.4,0,161900,155.4
tools,gepa,eog,itsm,2,1,2,task_20260113_031046_703_99ba2325_54f35603,1.0,1,137808,130.3
tools,gepa,eog,itsm,2,1,2,task_20260113_182216_716_a8eea1c0_7a0619e9,0.333333,0,89449,78.8
tools,gepa,eog,itsm,2,1,2,task_20260113_182602_664_46ca2862_b6ef60ca,0.5,0,131769,101.2
tools,gepa,eog,itsm,2,1,2,task_20260113_212050_548_a8eea1c0_73a73ce7,1.0,1,135263,122.6
tools,gepa,eog,itsm,2,1,2,task_20260114_094327_107_46ca2862_796e7685,1.0,1,154835,145.7
tools,gepa,eog,itsm,2,1,2,task_20260114_174427_042_99ba2325_7915481a,0.333333,0,65697,45.0
tools,gepa,eog,itsm,2,1,2,task_20260114_180601_485_99ba2325_2dc8b3ce,1.0,1,143559,82.8
tools,gepa,eog,itsm,2,1,2,task_20260114_181932_082_99ba2325_92ddef90,0.0,0,89814,126.4
tools,gepa,eog,itsm,2,1,2,task_20260115_143541_964_fa1836dc_dc6652fd,0.444444,0,139563,120.1
tools,gepa,eog,itsm,2,1,2,task_20260115_152733_296_46ca2862_55f848d3,1.0,1,162038,189.4
tools,gepa,eog,itsm,2,1,2,task_20260115_172636_260_fa1836dc_7a703e50,0.5,0,131065,81.6
tools,gepa,eog,itsm,2,1,2,task_20260116_081645_096_66392a82_fd509f97,0.4,0,221326,284.0
tools,gepa,eog,itsm,2,1,2,task_20260116_101840_488_e6427839_81df8ba3,0.75,0,203182,192.6
tools,gepa,eog,itsm,2,1,2,task_20260116_124300_245_1d219d93_76cd5b4d,1.0,1,178929,119.3
tools,gepa,eog,itsm,2,1,2,task_20260116_224538_330_66392a82_10d0806e,1.0,1,273818,132.6
tools,gepa,eog,itsm,2,1,3,task_20251210_205620_593_391f1eff_ad65c160,0.5,0,179303,208.4
tools,gepa,eog,itsm,2,1,3,task_20251212_172511_458_e6427839_47076c15,0.5,0,64186,58.1
tools,gepa,eog,itsm,2,1,3,task_20251212_184405_886_e6427839_6413728a,0.666667,0,128732,88.4
tools,gepa,eog,itsm,2,1,3,task_20251212_191411_655_391f1eff_2fef896f,0.666667,0,181140,166.7
tools,gepa,eog,itsm,2,1,3,task_20251216_131651_690_764e5ead_f8619b02,0.666667,0,183500,196.8
tools,gepa,eog,itsm,2,1,3,task_20251217_153037_688_97d7df7d_be0bd794,1.0,1,155136,101.2
tools,gepa,eog,itsm,2,1,3,task_20251217_205244_161_764e5ead_20429ef8,0.875,0,180929,144.0
tools,gepa,eog,itsm,2,1,3,task_20251218_061956_641_109c89c0_423ed8ee,0.571429,0,228712,354.5
tools,gepa,eog,itsm,2,1,3,task_20251218_082708_201_99ba2325_51726f9c,1.0,1,175872,182.0
tools,gepa,eog,itsm,2,1,3,task_20251218_093719_611_764e5ead_5817d09a,1.0,1,162680,202.4
tools,gepa,eog,itsm,2,1,3,task_20251218_104259_233_66392a82_74b17170,1.0,1,130863,88.5
tools,gepa,eog,itsm,2,1,3,task_20251218_121722_423_1d219d93_8218da6c,0.833333,0,206939,189.6
tools,gepa,eog,itsm,2,1,3,task_20251218_124419_383_66392a82_52c8290e,1.0,1,113425,144.5
tools,gepa,eog,itsm,2,1,3,task_20251218_155314_617_c5ca08eb_3ce3c52f,1.0,1,90717,110.6
tools,gepa,eog,itsm,2,1,3,task_20251218_183102_136_391f1eff_ac9a6986,0.5,0,110618,102.3
tools,gepa,eog,itsm,2,1,3,task_20251218_220134_063_391f1eff_30369342,0.5,0,204435,174.1
tools,gepa,eog,itsm,2,1,3,task_20251218_234602_633_391f1eff_09a746e7,0.0,0,152694,98.2
tools,gepa,eog,itsm,2,1,3,task_20251219_091707_306_ad5a67e3_a76dbe57,0.0,0,110145,103.1
tools,gepa,eog,itsm,2,1,3,task_20251219_111447_756_66392a82_1c69521d,0.666667,0,111120,74.5
tools,gepa,eog,itsm,2,1,3,task_20251219_115925_475_1d219d93_53d34d23,0.6,0,181534,98.4
tools,gepa,eog,itsm,2,1,3,task_20251219_144431_663_97d7df7d_a52988e5,0.0,0,183661,275.4
tools,gepa,eog,itsm,2,1,3,task_20251221_233237_652_66392a82_c1a599bb,1.0,1,108302,69.2
tools,gepa,eog,itsm,2,1,3,task_20251222_072805_599_99ba2325_ae6b0778,1.0,1,226134,308.9
tools,gepa,eog,itsm,2,1,3,task_20251222_105710_498_391f1eff_8b25dbef,0.5,0,110703,94.1
tools,gepa,eog,itsm,2,1,3,task_20251222_133355_087_30600918_e9215c57,0.25,0,247383,261.0
tools,gepa,eog,itsm,2,1,3,task_20251222_140957_029_c5ca08eb_3c4271f0,0.666667,0,106931,81.3
tools,gepa,eog,itsm,2,1,3,task_20251222_190928_391_391f1eff_8cb006f5,0.0,0,158352,162.4
tools,gepa,eog,itsm,2,1,3,task_20251222_195853_743_0be70e35_0916fba8,0.5,0,186387,163.7
tools,gepa,eog,itsm,2,1,3,task_20251223_064316_340_01395ded_9c6f3e01,0.25,0,219308,355.5
tools,gepa,eog,itsm,2,1,3,task_20251223_101136_983_1d219d93_d1ba6c2d,0.5,0,226204,221.7
tools,gepa,eog,itsm,2,1,3,task_20251223_132605_091_764e5ead_dd00cc8f,0.6,0,330260,429.2
tools,gepa,eog,itsm,2,1,3,task_20251223_151555_341_764e5ead_9648644d,0.285714,0,278883,284.7
tools,gepa,eog,itsm,2,1,3,task_20260112_183416_157_a8eea1c0_0d6acfd0,0.4,0,137310,112.8
tools,gepa,eog,itsm,2,1,3,task_20260113_031046_703_99ba2325_54f35603,1.0,1,182156,99.5
tools,gepa,eog,itsm,2,1,3,task_20260113_182216_716_a8eea1c0_7a0619e9,0.666667,0,173740,111.1
tools,gepa,eog,itsm,2,1,3,task_20260113_182602_664_46ca2862_b6ef60ca,0.5,0,108184,75.3
tools,gepa,eog,itsm,2,1,3,task_20260113_212050_548_a8eea1c0_73a73ce7,1.0,1,219377,229.7
tools,gepa,eog,itsm,2,1,3,task_20260114_094327_107_46ca2862_796e7685,1.0,1,156431,160.9
tools,gepa,eog,itsm,2,1,3,task_20260114_174427_042_99ba2325_7915481a,0.333333,0,44089,31.3
tools,gepa,eog,itsm,2,1,3,task_20260114_180601_485_99ba2325_2dc8b3ce,1.0,1,161168,127.6
tools,gepa,eog,itsm,2,1,3,task_20260114_181932_082_99ba2325_92ddef90,0.4,0,182312,209.8
tools,gepa,eog,itsm,2,1,3,task_20260115_143541_964_fa1836dc_dc6652fd,0.0,0,47160,99.8
tools,gepa,eog,itsm,2,1,3,task_20260115_152733_296_46ca2862_55f848d3,1.0,1,275509,327.0
tools,gepa,eog,itsm,2,1,3,task_20260115_172636_260_fa1836dc_7a703e50,0.5,0,131590,101.1
tools,gepa,eog,itsm,2,1,3,task_20260116_081645_096_66392a82_fd509f97,0.6,0,265877,428.8
tools,gepa,eog,itsm,2,1,3,task_20260116_101840_488_e6427839_81df8ba3,0.5,0,92123,124.1
tools,gepa,eog,itsm,2,1,3,task_20260116_124300_245_1d219d93_76cd5b4d,1.0,1,135145,116.2
tools,gepa,eog,itsm,2,1,3,task_20260116_224538_330_66392a82_10d0806e,0.0,0,44062,46.0
tools,gepa,eog,itsm,2,2,1,task_20251218_164829_676_97d7df7d_893f6b2c,0.666667,0,136732,145.6
tools,gepa,eog,itsm,2,2,1,task_20251219_062202_346_66392a82_1d2065dd,1.0,1,207457,168.2
tools,gepa,eog,itsm,2,2,1,task_20251219_130920_558_99ba2325_7f9481df,0.666667,0,107450,70.4
tools,gepa,eog,itsm,2,2,1,task_20251221_045452_579_99ba2325_0e601eac,0.8,0,225215,136.5
tools,gepa,eog,itsm,2,2,1,task_20251222_075116_761_30600918_a7f0a69a,0.0,0,142655,113.7
tools,gepa,eog,itsm,2,2,1,task_20251223_063905_655_30600918_3e736be9,0.6,0,220678,264.5
tools,gepa,eog,itsm,2,2,1,task_20251223_135402_072_c5ca08eb_67009578,0.5,0,108105,92.5
tools,gepa,eog,itsm,2,2,1,task_20260112_194743_238_a8eea1c0_a4b1468a,0.833333,0,302435,378.8
tools,gepa,eog,itsm,2,2,1,task_20260113_183935_893_e6427839_03a04c19,1.0,1,152106,101.8
tools,gepa,eog,itsm,2,2,1,task_20260114_073658_459_78a5b71e_cab5cc9f,0.0,0,113367,146.0
tools,gepa,eog,itsm,2,2,1,task_20260115_153041_899_d4a463c3_cab6d59b,0.25,0,300229,309.9
tools,gepa,eog,itsm,2,2,1,task_20260117_000130_134_2aa6b0ad_a20f3a61,0.0,0,186273,218.7
tools,gepa,eog,itsm,2,2,2,task_20251218_164829_676_97d7df7d_893f6b2c,0.666667,0,205229,201.0
tools,gepa,eog,itsm,2,2,2,task_20251219_062202_346_66392a82_1d2065dd,1.0,1,161782,125.9
tools,gepa,eog,itsm,2,2,2,task_20251219_130920_558_99ba2325_7f9481df,1.0,1,154333,109.4
tools,gepa,eog,itsm,2,2,2,task_20251221_045452_579_99ba2325_0e601eac,0.6,0,226968,226.1
tools,gepa,eog,itsm,2,2,2,task_20251222_075116_761_30600918_a7f0a69a,0.25,0,170088,181.3
tools,gepa,eog,itsm,2,2,2,task_20251223_063905_655_30600918_3e736be9,0.6,0,220980,204.8
tools,gepa,eog,itsm,2,2,2,task_20251223_135402_072_c5ca08eb_67009578,1.0,1,108533,101.8
tools,gepa,eog,itsm,2,2,2,task_20260112_194743_238_a8eea1c0_a4b1468a,0.833333,0,207681,177.7
tools,gepa,eog,itsm,2,2,2,task_20260113_183935_893_e6427839_03a04c19,1.0,1,151554,95.9
tools,gepa,eog,itsm,2,2,2,task_20260114_073658_459_78a5b71e_cab5cc9f,0.5,0,134733,135.5
tools,gepa,eog,itsm,2,2,2,task_20260115_153041_899_d4a463c3_cab6d59b,0.0,0,207808,250.4
tools,gepa,eog,itsm,2,2,2,task_20260117_000130_134_2aa6b0ad_a20f3a61,0.0,0,239521,365.8
tools,gepa,eog,itsm,2,2,3,task_20251218_164829_676_97d7df7d_893f6b2c,0.666667,0,307564,439.0
tools,gepa,eog,itsm,2,2,3,task_20251219_062202_346_66392a82_1d2065dd,1.0,1,132687,86.8
tools,gepa,eog,itsm,2,2,3,task_20251219_130920_558_99ba2325_7f9481df,1.0,1,151113,102.5
tools,gepa,eog,itsm,2,2,3,task_20251221_045452_579_99ba2325_0e601eac,0.8,0,185898,230.3
tools,gepa,eog,itsm,2,2,3,task_20251222_075116_761_30600918_a7f0a69a,0.0,0,144031,123.3
tools,gepa,eog,itsm,2,2,3,task_20251223_063905_655_30600918_3e736be9,0.4,0,194383,162.7
tools,gepa,eog,itsm,2,2,3,task_20251223_135402_072_c5ca08eb_67009578,0.5,0,130733,99.2
tools,gepa,eog,itsm,2,2,3,task_20260112_194743_238_a8eea1c0_a4b1468a,0.833333,0,205902,140.5
tools,gepa,eog,itsm,2,2,3,task_20260113_183935_893_e6427839_03a04c19,1.0,1,131261,97.2
tools,gepa,eog,itsm,2,2,3,task_20260114_073658_459_78a5b71e_cab5cc9f,0.5,0,162870,251.6
tools,gepa,eog,itsm,2,2,3,task_20260115_153041_899_d4a463c3_cab6d59b,0.75,0,337861,291.2
tools,gepa,eog,itsm,2,2,3,task_20260117_000130_134_2aa6b0ad_a20f3a61,0.0,0,171890,227.8
tools,gepa,eog,itsm,2,3,1,task_20251212_191815_314_391f1eff_c23d76df,0.333333,0,162167,441.2
tools,gepa,eog,itsm,2,3,1,task_20251218_183819_272_99ba2325_dd71c332,0.5,0,103505,266.5
tools,gepa,eog,itsm,2,3,1,task_20251218_184224_139_764e5ead_e6e42358,0.4,0,502706,978.8
tools,gepa,eog,itsm,2,3,1,task_20251219_134543_563_fa1836dc_00dab62f,1.0,1,376529,549.2
tools,gepa,eog,itsm,2,3,1,task_20251219_174851_846_764e5ead_250f05e1,0.285714,0,443759,991.8
tools,gepa,eog,itsm,2,3,1,task_20251222_181355_411_764e5ead_48850a98,0.0,0,25408,49.4
tools,gepa,eog,itsm,2,3,1,task_20251223_081019_100_d4a463c3_f8774fe4,0.5,0,125880,154.2
tools,gepa,eog,itsm,2,3,1,task_20260113_125933_225_accab84d_d7ec710e,0.333333,0,340417,1051.4
tools,gepa,eog,itsm,2,3,1,task_20260113_143610_437_46ca2862_56a4f834,0.4,0,254792,334.4
tools,gepa,eog,itsm,2,3,1,task_20260114_081229_036_78a5b71e_a4fb07a9,0.5,0,104355,283.2
tools,gepa,eog,itsm,2,3,1,task_20260114_134336_659_e6427839_91142068,0.8,0,240777,407.4
tools,gepa,eog,itsm,2,3,1,task_20260114_173716_566_46ca2862_301e0b47,0.833333,0,300393,341.8
tools,gepa,eog,itsm,2,3,1,task_20260116_235649_372_66392a82_ccb66a9a,0.5,0,190655,518.4
tools,gepa,eog,itsm,2,3,2,task_20251212_191815_314_391f1eff_c23d76df,0.333333,0,268120,666.3
tools,gepa,eog,itsm,2,3,2,task_20251218_183819_272_99ba2325_dd71c332,0.5,0,104015,275.7
tools,gepa,eog,itsm,2,3,2,task_20251218_184224_139_764e5ead_e6e42358,0.0,0,25570,83.5
tools,gepa,eog,itsm,2,3,2,task_20251219_134543_563_fa1836dc_00dab62f,1.0,1,206585,279.7
tools,gepa,eog,itsm,2,3,2,task_20251219_174851_846_764e5ead_250f05e1,0.285714,0,390324,1044.2
tools,gepa,eog,itsm,2,3,2,task_20251222_181355_411_764e5ead_48850a98,0.0,0,542955,574.9
tools,gepa,eog,itsm,2,3,2,task_20251223_081019_100_d4a463c3_f8774fe4,0.5,0,125881,194.3
tools,gepa,eog,itsm,2,3,2,task_20260113_125933_225_accab84d_d7ec710e,0.333333,0,257439,943.1
tools,gepa,eog,itsm,2,3,2,task_20260113_143610_437_46ca2862_56a4f834,0.4,0,226226,278.8
tools,gepa,eog,itsm,2,3,2,task_20260114_081229_036_78a5b71e_a4fb07a9,0.5,0,131148,283.0
tools,gepa,eog,itsm,2,3,2,task_20260114_134336_659_e6427839_91142068,0.8,0,241528,403.8
tools,gepa,eog,itsm,2,3,2,task_20260114_173716_566_46ca2862_301e0b47,0.833333,0,294235,418.1
tools,gepa,eog,itsm,2,3,2,task_20260116_235649_372_66392a82_ccb66a9a,0.5,0,243082,593.8
tools,gepa,eog,itsm,2,3,3,task_20251212_191815_314_391f1eff_c23d76df,0.333333,0,184926,424.4
tools,gepa,eog,itsm,2,3,3,task_20251218_183819_272_99ba2325_dd71c332,0.5,0,102505,198.3
tools,gepa,eog,itsm,2,3,3,task_20251218_184224_139_764e5ead_e6e42358,0.4,0,333915,674.2
tools,gepa,eog,itsm,2,3,3,task_20251219_134543_563_fa1836dc_00dab62f,1.0,1,283765,422.7
tools,gepa,eog,itsm,2,3,3,task_20251219_174851_846_764e5ead_250f05e1,0.285714,0,471948,802.4
tools,gepa,eog,itsm,2,3,3,task_20251222_181355_411_764e5ead_48850a98,0.5,0,317737,643.9
tools,gepa,eog,itsm,2,3,3,task_20251223_081019_100_d4a463c3_f8774fe4,0.5,0,126086,168.3
tools,gepa,eog,itsm,2,3,3,task_20260113_125933_225_accab84d_d7ec710e,0.333333,0,314660,889.4
tools,gepa,eog,itsm,2,3,3,task_20260113_143610_437_46ca2862_56a4f834,0.4,0,262490,489.7
tools,gepa,eog,itsm,2,3,3,task_20260114_081229_036_78a5b71e_a4fb07a9,0.5,0,105022,210.9
tools,gepa,eog,itsm,2,3,3,task_20260114_134336_659_e6427839_91142068,0.8,0,267582,552.0
tools,gepa,eog,itsm,2,3,3,task_20260114_173716_566_46ca2862_301e0b47,0.833333,0,322354,372.0
tools,gepa,eog,itsm,2,3,3,task_20260116_235649_372_66392a82_ccb66a9a,0.5,0,194620,666.4
tools,gepa,eog,itsm,3,1,1,task_20251210_205620_593_391f1eff_ad65c160,0.5,0,292047,208.7
tools,gepa,eog,itsm,3,1,1,task_20251212_172511_458_e6427839_47076c15,0.5,0,76511,42.9
tools,gepa,eog,itsm,3,1,1,task_20251212_184405_886_e6427839_6413728a,0.666667,0,128612,77.7
tools,gepa,eog,itsm,3,1,1,task_20251212_191411_655_391f1eff_2fef896f,1.0,1,185977,123.8
tools,gepa,eog,itsm,3,1,1,task_20251216_131651_690_764e5ead_f8619b02,1.0,1,297757,233.5
tools,gepa,eog,itsm,3,1,1,task_20251217_153037_688_97d7df7d_be0bd794,0.5,0,187014,130.3
tools,gepa,eog,itsm,3,1,1,task_20251217_205244_161_764e5ead_20429ef8,0.875,0,187374,103.8
tools,gepa,eog,itsm,3,1,1,task_20251218_061956_641_109c89c0_423ed8ee,0.571429,0,232868,297.1
tools,gepa,eog,itsm,3,1,1,task_20251218_082708_201_99ba2325_51726f9c,0.5,0,182199,149.3
tools,gepa,eog,itsm,3,1,1,task_20251218_093719_611_764e5ead_5817d09a,1.0,1,324533,328.5
tools,gepa,eog,itsm,3,1,1,task_20251218_104259_233_66392a82_74b17170,1.0,1,183680,196.5
tools,gepa,eog,itsm,3,1,1,task_20251218_121722_423_1d219d93_8218da6c,1.0,1,322156,245.1
tools,gepa,eog,itsm,3,1,1,task_20251218_124419_383_66392a82_52c8290e,0.5,0,129883,91.0
tools,gepa,eog,itsm,3,1,1,task_20251218_155314_617_c5ca08eb_3ce3c52f,0.666667,0,130108,110.9
tools,gepa,eog,itsm,3,1,1,task_20251218_183102_136_391f1eff_ac9a6986,0.5,0,158476,151.7
tools,gepa,eog,itsm,3,1,1,task_20251218_220134_063_391f1eff_30369342,0.5,0,158209,154.0
tools,gepa,eog,itsm,3,1,1,task_20251218_234602_633_391f1eff_09a746e7,0.0,0,158412,164.7
tools,gepa,eog,itsm,3,1,1,task_20251219_091707_306_ad5a67e3_a76dbe57,1.0,1,157798,126.5
tools,gepa,eog,itsm,3,1,1,task_20251219_111447_756_66392a82_1c69521d,0.0,0,26392,39.8
tools,gepa,eog,itsm,3,1,1,task_20251219_115925_475_1d219d93_53d34d23,0.4,0,326005,338.2
tools,gepa,eog,itsm,3,1,1,task_20251219_144431_663_97d7df7d_a52988e5,0.0,0,188218,232.1
tools,gepa,eog,itsm,3,1,1,task_20251221_233237_652_66392a82_c1a599bb,0.666667,0,129736,117.9
tools,gepa,eog,itsm,3,1,1,task_20251222_072805_599_99ba2325_ae6b0778,1.0,1,312239,182.2
tools,gepa,eog,itsm,3,1,1,task_20251222_105710_498_391f1eff_8b25dbef,0.5,0,107638,147.5
tools,gepa,eog,itsm,3,1,1,task_20251222_133355_087_30600918_e9215c57,0.25,0,200245,173.7
tools,gepa,eog,itsm,3,1,1,task_20251222_140957_029_c5ca08eb_3c4271f0,0.666667,0,156484,127.8
tools,gepa,eog,itsm,3,1,1,task_20251222_190928_391_391f1eff_8cb006f5,0.0,0,190798,205.8
tools,gepa,eog,itsm,3,1,1,task_20251222_195853_743_0be70e35_0916fba8,0.75,0,227333,173.2
tools,gepa,eog,itsm,3,1,1,task_20251223_064316_340_01395ded_9c6f3e01,0.25,0,232961,314.0
tools,gepa,eog,itsm,3,1,1,task_20251223_101136_983_1d219d93_d1ba6c2d,0.833333,0,264941,236.4
tools,gepa,eog,itsm,3,1,1,task_20251223_132605_091_764e5ead_dd00cc8f,0.6,0,315913,286.3
tools,gepa,eog,itsm,3,1,1,task_20251223_151555_341_764e5ead_9648644d,0.571429,0,278453,245.5
tools,gepa,eog,itsm,3,1,1,task_20260112_183416_157_a8eea1c0_0d6acfd0,0.4,0,164424,154.1
tools,gepa,eog,itsm,3,1,1,task_20260113_031046_703_99ba2325_54f35603,1.0,1,159045,108.9
tools,gepa,eog,itsm,3,1,1,task_20260113_182216_716_a8eea1c0_7a0619e9,0.333333,0,183133,126.2
tools,gepa,eog,itsm,3,1,1,task_20260113_182602_664_46ca2862_b6ef60ca,0.5,0,183555,176.3
tools,gepa,eog,itsm,3,1,1,task_20260113_212050_548_a8eea1c0_73a73ce7,1.0,1,257618,210.3
tools,gepa,eog,itsm,3,1,1,task_20260114_094327_107_46ca2862_796e7685,1.0,1,211995,198.9
tools,gepa,eog,itsm,3,1,1,task_20260114_174427_042_99ba2325_7915481a,0.333333,0,51564,35.6
tools,gepa,eog,itsm,3,1,1,task_20260114_180601_485_99ba2325_2dc8b3ce,0.666667,0,225546,135.6
tools,gepa,eog,itsm,3,1,1,task_20260114_181932_082_99ba2325_92ddef90,0.6,0,166412,221.9
tools,gepa,eog,itsm,3,1,1,task_20260115_143541_964_fa1836dc_dc6652fd,1.0,1,142480,223.4
tools,gepa,eog,itsm,3,1,1,task_20260115_152733_296_46ca2862_55f848d3,0.6,0,186062,171.2
tools,gepa,eog,itsm,3,1,1,task_20260115_172636_260_fa1836dc_7a703e50,0.5,0,185341,123.4
tools,gepa,eog,itsm,3,1,1,task_20260116_081645_096_66392a82_fd509f97,0.6,0,193863,192.7
tools,gepa,eog,itsm,3,1,1,task_20260116_101840_488_e6427839_81df8ba3,0.75,0,213266,142.7
tools,gepa,eog,itsm,3,1,1,task_20260116_124300_245_1d219d93_76cd5b4d,1.0,1,182889,160.8
tools,gepa,eog,itsm,3,1,1,task_20260116_224538_330_66392a82_10d0806e,1.0,1,399597,150.8
tools,gepa,eog,itsm,3,1,2,task_20251210_205620_593_391f1eff_ad65c160,0.5,0,326264,173.0
tools,gepa,eog,itsm,3,1,2,task_20251212_172511_458_e6427839_47076c15,0.5,0,77051,57.9
tools,gepa,eog,itsm,3,1,2,task_20251212_184405_886_e6427839_6413728a,0.333333,0,127546,75.3
tools,gepa,eog,itsm,3,1,2,task_20251212_191411_655_391f1eff_2fef896f,0.666667,0,159660,71.3
tools,gepa,eog,itsm,3,1,2,task_20251216_131651_690_764e5ead_f8619b02,1.0,1,294030,223.1
tools,gepa,eog,itsm,3,1,2,task_20251217_153037_688_97d7df7d_be0bd794,1.0,1,185717,117.3
tools,gepa,eog,itsm,3,1,2,task_20251217_205244_161_764e5ead_20429ef8,0.75,0,244704,116.6
tools,gepa,eog,itsm,3,1,2,task_20251218_061956_641_109c89c0_423ed8ee,0.571429,0,271528,272.5
tools,gepa,eog,itsm,3,1,2,task_20251218_082708_201_99ba2325_51726f9c,1.0,1,210274,179.4
tools,gepa,eog,itsm,3,1,2,task_20251218_093719_611_764e5ead_5817d09a,1.0,1,196881,177.7
tools,gepa,eog,itsm,3,1,2,task_20251218_104259_233_66392a82_74b17170,1.0,1,182636,143.3
tools,gepa,eog,itsm,3,1,2,task_20251218_121722_423_1d219d93_8218da6c,0.833333,0,270503,221.3
tools,gepa,eog,itsm,3,1,2,task_20251218_124419_383_66392a82_52c8290e,1.0,1,106685,89.2
tools,gepa,eog,itsm,3,1,2,task_20251218_155314_617_c5ca08eb_3ce3c52f,1.0,1,104988,87.2
tools,gepa,eog,itsm,3,1,2,task_20251218_183102_136_391f1eff_ac9a6986,0.5,0,105373,100.4
tools,gepa,eog,itsm,3,1,2,task_20251218_220134_063_391f1eff_30369342,1.0,1,156902,93.4
tools,gepa,eog,itsm,3,1,2,task_20251218_234602_633_391f1eff_09a746e7,0.0,0,184115,132.0
tools,gepa,eog,itsm,3,1,2,task_20251219_091707_306_ad5a67e3_a76dbe57,1.0,1,130708,90.3
tools,gepa,eog,itsm,3,1,2,task_20251219_111447_756_66392a82_1c69521d,0.666667,0,104615,64.6
tools,gepa,eog,itsm,3,1,2,task_20251219_115925_475_1d219d93_53d34d23,0.6,0,295169,214.0
tools,gepa,eog,itsm,3,1,2,task_20251219_144431_663_97d7df7d_a52988e5,0.0,0,134905,105.7
tools,gepa,eog,itsm,3,1,2,task_20251221_233237_652_66392a82_c1a599bb,0.666667,0,130253,100.1
tools,gepa,eog,itsm,3,1,2,task_20251222_072805_599_99ba2325_ae6b0778,1.0,1,215510,267.9
tools,gepa,eog,itsm,3,1,2,task_20251222_105710_498_391f1eff_8b25dbef,0.5,0,187389,133.3
tools,gepa,eog,itsm,3,1,2,task_20251222_133355_087_30600918_e9215c57,0.25,0,221760,111.8
tools,gepa,eog,itsm,3,1,2,task_20251222_140957_029_c5ca08eb_3c4271f0,0.666667,0,156759,109.7
tools,gepa,eog,itsm,3,1,2,task_20251222_190928_391_391f1eff_8cb006f5,0.0,0,162285,110.8
tools,gepa,eog,itsm,3,1,2,task_20251222_195853_743_0be70e35_0916fba8,0.5,0,246596,237.1
tools,gepa,eog,itsm,3,1,2,task_20251223_064316_340_01395ded_9c6f3e01,0.25,0,209552,249.7
tools,gepa,eog,itsm,3,1,2,task_20251223_101136_983_1d219d93_d1ba6c2d,0.833333,0,264389,216.8
tools,gepa,eog,itsm,3,1,2,task_20251223_132605_091_764e5ead_dd00cc8f,0.6,0,379593,341.2
tools,gepa,eog,itsm,3,1,2,task_20251223_151555_341_764e5ead_9648644d,0.285714,0,411641,284.1
tools,gepa,eog,itsm,3,1,2,task_20260112_183416_157_a8eea1c0_0d6acfd0,0.4,0,218865,179.3
tools,gepa,eog,itsm,3,1,2,task_20260113_031046_703_99ba2325_54f35603,1.0,1,161860,117.3
tools,gepa,eog,itsm,3,1,2,task_20260113_182216_716_a8eea1c0_7a0619e9,0.333333,0,132250,159.0
tools,gepa,eog,itsm,3,1,2,task_20260113_182602_664_46ca2862_b6ef60ca,1.0,1,156044,129.0
tools,gepa,eog,itsm,3,1,2,task_20260113_212050_548_a8eea1c0_73a73ce7,1.0,1,196040,191.7
tools,gepa,eog,itsm,3,1,2,task_20260114_094327_107_46ca2862_796e7685,1.0,1,183127,144.3
tools,gepa,eog,itsm,3,1,2,task_20260114_174427_042_99ba2325_7915481a,0.333333,0,51549,30.2
tools,gepa,eog,itsm,3,1,2,task_20260114_180601_485_99ba2325_2dc8b3ce,1.0,1,195906,95.6
tools,gepa,eog,itsm,3,1,2,task_20260114_181932_082_99ba2325_92ddef90,0.6,0,273748,223.2
tools,gepa,eog,itsm,3,1,2,task_20260115_143541_964_fa1836dc_dc6652fd,1.0,1,173532,265.3
tools,gepa,eog,itsm,3,1,2,task_20260115_152733_296_46ca2862_55f848d3,0.6,0,211437,143.1
tools,gepa,eog,itsm,3,1,2,task_20260115_172636_260_fa1836dc_7a703e50,0.5,0,182696,171.5
tools,gepa,eog,itsm,3,1,2,task_20260116_081645_096_66392a82_fd509f97,0.4,0,339330,439.0
tools,gepa,eog,itsm,3,1,2,task_20260116_101840_488_e6427839_81df8ba3,0.75,0,211136,169.6
tools,gepa,eog,itsm,3,1,2,task_20260116_124300_245_1d219d93_76cd5b4d,1.0,1,186133,138.9
tools,gepa,eog,itsm,3,1,2,task_20260116_224538_330_66392a82_10d0806e,1.0,1,310767,159.0
tools,gepa,eog,itsm,3,1,3,task_20251210_205620_593_391f1eff_ad65c160,0.0,0,266086,99.6
tools,gepa,eog,itsm,3,1,3,task_20251212_172511_458_e6427839_47076c15,0.5,0,76622,29.0
tools,gepa,eog,itsm,3,1,3,task_20251212_184405_886_e6427839_6413728a,0.333333,0,129309,103.1
tools,gepa,eog,itsm,3,1,3,task_20251212_191411_655_391f1eff_2fef896f,0.666667,0,158261,91.9
tools,gepa,eog,itsm,3,1,3,task_20251216_131651_690_764e5ead_f8619b02,1.0,1,273195,201.1
tools,gepa,eog,itsm,3,1,3,task_20251217_153037_688_97d7df7d_be0bd794,1.0,1,159552,90.5
tools,gepa,eog,itsm,3,1,3,task_20251217_205244_161_764e5ead_20429ef8,0.875,0,262580,100.6
tools,gepa,eog,itsm,3,1,3,task_20251218_061956_641_109c89c0_423ed8ee,0.714286,0,294130,289.3
tools,gepa,eog,itsm,3,1,3,task_20251218_082708_201_99ba2325_51726f9c,1.0,1,209182,134.4
tools,gepa,eog,itsm,3,1,3,task_20251218_093719_611_764e5ead_5817d09a,1.0,1,253055,247.8
tools,gepa,eog,itsm,3,1,3,task_20251218_104259_233_66392a82_74b17170,1.0,1,156317,108.8
tools,gepa,eog,itsm,3,1,3,task_20251218_121722_423_1d219d93_8218da6c,1.0,1,244859,264.2
tools,gepa,eog,itsm,3,1,3,task_20251218_124419_383_66392a82_52c8290e,0.5,0,158079,124.8
tools,gepa,eog,itsm,3,1,3,task_20251218_155314_617_c5ca08eb_3ce3c52f,0.666667,0,104530,88.2
tools,gepa,eog,itsm,3,1,3,task_20251218_183102_136_391f1eff_ac9a6986,0.5,0,131232,114.6
tools,gepa,eog,itsm,3,1,3,task_20251218_220134_063_391f1eff_30369342,0.5,0,183929,150.1
tools,gepa,eog,itsm,3,1,3,task_20251218_234602_633_391f1eff_09a746e7,0.0,0,135580,130.3
tools,gepa,eog,itsm,3,1,3,task_20251219_091707_306_ad5a67e3_a76dbe57,1.0,1,132336,97.1
tools,gepa,eog,itsm,3,1,3,task_20251219_111447_756_66392a82_1c69521d,0.666667,0,104071,46.6
tools,gepa,eog,itsm,3,1,3,task_20251219_115925_475_1d219d93_53d34d23,0.6,0,247099,270.6
tools,gepa,eog,itsm,3,1,3,task_20251219_144431_663_97d7df7d_a52988e5,0.0,0,159143,157.1
tools,gepa,eog,itsm,3,1,3,task_20251221_233237_652_66392a82_c1a599bb,1.0,1,103359,79.1
tools,gepa,eog,itsm,3,1,3,task_20251222_072805_599_99ba2325_ae6b0778,1.0,1,202590,189.3
tools,gepa,eog,itsm,3,1,3,task_20251222_105710_498_391f1eff_8b25dbef,0.0,0,185510,121.2
tools,gepa,eog,itsm,3,1,3,task_20251222_133355_087_30600918_e9215c57,0.25,0,195756,140.8
tools,gepa,eog,itsm,3,1,3,task_20251222_140957_029_c5ca08eb_3c4271f0,0.666667,0,221133,167.9
tools,gepa,eog,itsm,3,1,3,task_20251222_190928_391_391f1eff_8cb006f5,0.0,0,189364,180.6
tools,gepa,eog,itsm,3,1,3,task_20251222_195853_743_0be70e35_0916fba8,0.5,0,172010,98.0
tools,gepa,eog,itsm,3,1,3,task_20251223_064316_340_01395ded_9c6f3e01,0.25,0,289511,318.0
tools,gepa,eog,itsm,3,1,3,task_20251223_101136_983_1d219d93_d1ba6c2d,0.833333,0,213190,186.1
tools,gepa,eog,itsm,3,1,3,task_20251223_132605_091_764e5ead_dd00cc8f,0.6,0,313948,356.1
tools,gepa,eog,itsm,3,1,3,task_20251223_151555_341_764e5ead_9648644d,0.285714,0,364154,272.0
tools,gepa,eog,itsm,3,1,3,task_20260112_183416_157_a8eea1c0_0d6acfd0,0.4,0,161000,134.9
tools,gepa,eog,itsm,3,1,3,task_20260113_031046_703_99ba2325_54f35603,1.0,1,159354,69.8
tools,gepa,eog,itsm,3,1,3,task_20260113_182216_716_a8eea1c0_7a0619e9,0.666667,0,157800,118.6
tools,gepa,eog,itsm,3,1,3,task_20260113_182602_664_46ca2862_b6ef60ca,0.5,0,156384,117.8
tools,gepa,eog,itsm,3,1,3,task_20260113_212050_548_a8eea1c0_73a73ce7,1.0,1,252263,276.4
tools,gepa,eog,itsm,3,1,3,task_20260114_094327_107_46ca2862_796e7685,1.0,1,155873,74.5
tools,gepa,eog,itsm,3,1,3,task_20260114_174427_042_99ba2325_7915481a,0.333333,0,52192,42.6
tools,gepa,eog,itsm,3,1,3,task_20260114_180601_485_99ba2325_2dc8b3ce,1.0,1,168603,98.1
tools,gepa,eog,itsm,3,1,3,task_20260114_181932_082_99ba2325_92ddef90,0.6,0,249353,240.3
tools,gepa,eog,itsm,3,1,3,task_20260115_143541_964_fa1836dc_dc6652fd,1.0,1,121378,186.4
tools,gepa,eog,itsm,3,1,3,task_20260115_152733_296_46ca2862_55f848d3,0.6,0,212573,139.9
tools,gepa,eog,itsm,3,1,3,task_20260115_172636_260_fa1836dc_7a703e50,0.5,0,157357,119.9
tools,gepa,eog,itsm,3,1,3,task_20260116_081645_096_66392a82_fd509f97,0.6,0,251467,249.1
tools,gepa,eog,itsm,3,1,3,task_20260116_101840_488_e6427839_81df8ba3,0.75,0,210278,177.9
tools,gepa,eog,itsm,3,1,3,task_20260116_124300_245_1d219d93_76cd5b4d,1.0,1,186878,137.3
tools,gepa,eog,itsm,3,1,3,task_20260116_224538_330_66392a82_10d0806e,1.0,1,466816,228.8
tools,gepa,eog,itsm,3,2,1,task_20251218_164829_676_97d7df7d_893f6b2c,0.666667,0,193137,119.9
tools,gepa,eog,itsm,3,2,1,task_20251219_062202_346_66392a82_1d2065dd,1.0,1,162273,135.1
tools,gepa,eog,itsm,3,2,1,task_20251219_130920_558_99ba2325_7f9481df,0.666667,0,126939,51.5
tools,gepa,eog,itsm,3,2,1,task_20251221_045452_579_99ba2325_0e601eac,0.6,0,269666,191.6
tools,gepa,eog,itsm,3,2,1,task_20251222_075116_761_30600918_a7f0a69a,0.0,0,139717,117.3
tools,gepa,eog,itsm,3,2,1,task_20251223_063905_655_30600918_3e736be9,0.6,0,227121,140.3
tools,gepa,eog,itsm,3,2,1,task_20251223_135402_072_c5ca08eb_67009578,0.5,0,127709,66.5
tools,gepa,eog,itsm,3,2,1,task_20260112_194743_238_a8eea1c0_a4b1468a,0.833333,0,269812,135.0
tools,gepa,eog,itsm,3,2,1,task_20260113_183935_893_e6427839_03a04c19,0.5,0,127678,60.4
tools,gepa,eog,itsm,3,2,1,task_20260114_073658_459_78a5b71e_cab5cc9f,0.5,0,179655,119.0
tools,gepa,eog,itsm,3,2,1,task_20260115_153041_899_d4a463c3_cab6d59b,0.0,0,164456,164.8
tools,gepa,eog,itsm,3,2,1,task_20260117_000130_134_2aa6b0ad_a20f3a61,0.0,0,249855,463.9
tools,gepa,eog,itsm,3,2,2,task_20251218_164829_676_97d7df7d_893f6b2c,0.666667,0,188921,216.1
tools,gepa,eog,itsm,3,2,2,task_20251219_062202_346_66392a82_1d2065dd,1.0,1,156994,95.9
tools,gepa,eog,itsm,3,2,2,task_20251219_130920_558_99ba2325_7f9481df,0.666667,0,127625,57.2
tools,gepa,eog,itsm,3,2,2,task_20251221_045452_579_99ba2325_0e601eac,1.0,1,190870,202.7
tools,gepa,eog,itsm,3,2,2,task_20251222_075116_761_30600918_a7f0a69a,0.25,0,168220,153.8
tools,gepa,eog,itsm,3,2,2,task_20251223_063905_655_30600918_3e736be9,0.6,0,285249,209.6
tools,gepa,eog,itsm,3,2,2,task_20251223_135402_072_c5ca08eb_67009578,0.5,0,128771,98.7
tools,gepa,eog,itsm,3,2,2,task_20260112_194743_238_a8eea1c0_a4b1468a,0.833333,0,299397,252.9
tools,gepa,eog,itsm,3,2,2,task_20260113_183935_893_e6427839_03a04c19,1.0,1,182011,92.6
tools,gepa,eog,itsm,3,2,2,task_20260114_073658_459_78a5b71e_cab5cc9f,0.5,0,158980,111.1
tools,gepa,eog,itsm,3,2,2,task_20260115_153041_899_d4a463c3_cab6d59b,0.0,0,343077,309.0
tools,gepa,eog,itsm,3,2,2,task_20260117_000130_134_2aa6b0ad_a20f3a61,0.0,0,279701,233.3
tools,gepa,eog,itsm,3,2,3,task_20251218_164829_676_97d7df7d_893f6b2c,0.666667,0,187478,180.4
tools,gepa,eog,itsm,3,2,3,task_20251219_062202_346_66392a82_1d2065dd,1.0,1,132264,66.1
tools,gepa,eog,itsm,3,2,3,task_20251219_130920_558_99ba2325_7f9481df,1.0,1,104947,85.1
tools,gepa,eog,itsm,3,2,3,task_20251221_045452_579_99ba2325_0e601eac,0.8,0,293854,133.5
tools,gepa,eog,itsm,3,2,3,task_20251222_075116_761_30600918_a7f0a69a,0.25,0,140505,114.5
tools,gepa,eog,itsm,3,2,3,task_20251223_063905_655_30600918_3e736be9,0.4,0,287174,187.3
tools,gepa,eog,itsm,3,2,3,task_20251223_135402_072_c5ca08eb_67009578,1.0,1,155747,82.7
tools,gepa,eog,itsm,3,2,3,task_20260112_194743_238_a8eea1c0_a4b1468a,0.833333,0,301019,271.3
tools,gepa,eog,itsm,3,2,3,task_20260113_183935_893_e6427839_03a04c19,1.0,1,180597,90.4
tools,gepa,eog,itsm,3,2,3,task_20260114_073658_459_78a5b71e_cab5cc9f,0.5,0,235204,119.4
tools,gepa,eog,itsm,3,2,3,task_20260115_153041_899_d4a463c3_cab6d59b,0.25,0,398862,222.7
tools,gepa,eog,itsm,3,2,3,task_20260117_000130_134_2aa6b0ad_a20f3a61,0.0,0,199651,193.6
tools,gepa,eog,itsm,3,3,1,task_20251212_191815_314_391f1eff_c23d76df,0.333333,0,186167,134.2
tools,gepa,eog,itsm,3,3,1,task_20251218_183819_272_99ba2325_dd71c332,0.5,0,104001,69.5
tools,gepa,eog,itsm,3,3,1,task_20251218_184224_139_764e5ead_e6e42358,0.4,0,560819,355.1
tools,gepa,eog,itsm,3,3,1,task_20251219_134543_563_fa1836dc_00dab62f,1.0,1,240631,127.5
tools,gepa,eog,itsm,3,3,1,task_20251219_174851_846_764e5ead_250f05e1,0.285714,0,557163,332.1
tools,gepa,eog,itsm,3,3,1,task_20251222_181355_411_764e5ead_48850a98,0.0,0,279020,194.9
tools,gepa,eog,itsm,3,3,1,task_20251223_081019_100_d4a463c3_f8774fe4,0.5,0,128276,73.2
tools,gepa,eog,itsm,3,3,1,task_20260113_125933_225_accab84d_d7ec710e,0.333333,0,405246,411.4
tools,gepa,eog,itsm,3,3,1,task_20260113_143610_437_46ca2862_56a4f834,0.4,0,131736,67.9
tools,gepa,eog,itsm,3,3,1,task_20260114_081229_036_78a5b71e_a4fb07a9,0.5,0,79182,86.0
tools,gepa,eog,itsm,3,3,1,task_20260114_134336_659_e6427839_91142068,0.8,0,247787,194.4
tools,gepa,eog,itsm,3,3,1,task_20260114_173716_566_46ca2862_301e0b47,1.0,1,373235,107.7
tools,gepa,eog,itsm,3,3,1,task_20260116_235649_372_66392a82_ccb66a9a,0.0,0,194641,207.7
tools,gepa,eog,itsm,3,3,2,task_20251212_191815_314_391f1eff_c23d76df,0.333333,0,215739,238.3
tools,gepa,eog,itsm,3,3,2,task_20251218_183819_272_99ba2325_dd71c332,1.0,1,132352,164.8
tools,gepa,eog,itsm,3,3,2,task_20251218_184224_139_764e5ead_e6e42358,0.4,0,278577,233.4
tools,gepa,eog,itsm,3,3,2,task_20251219_134543_563_fa1836dc_00dab62f,1.0,1,210073,75.9
tools,gepa,eog,itsm,3,3,2,task_20251219_174851_846_764e5ead_250f05e1,0.285714,0,542695,391.4
tools,gepa,eog,itsm,3,3,2,task_20251222_181355_411_764e5ead_48850a98,0.5,0,231468,190.3
tools,gepa,eog,itsm,3,3,2,task_20251223_081019_100_d4a463c3_f8774fe4,0.5,0,128507,95.0
tools,gepa,eog,itsm,3,3,2,task_20260113_125933_225_accab84d_d7ec710e,0.333333,0,478484,681.6
tools,gepa,eog,itsm,3,3,2,task_20260113_143610_437_46ca2862_56a4f834,0.4,0,201789,131.6
tools,gepa,eog,itsm,3,3,2,task_20260114_081229_036_78a5b71e_a4fb07a9,0.5,0,80158,93.0
tools,gepa,eog,itsm,3,3,2,task_20260114_134336_659_e6427839_91142068,0.8,0,220427,191.6
tools,gepa,eog,itsm,3,3,2,task_20260114_173716_566_46ca2862_301e0b47,0.833333,0,195429,140.0
tools,gepa,eog,itsm,3,3,2,task_20260116_235649_372_66392a82_ccb66a9a,0.5,0,223794,271.6
tools,gepa,eog,itsm,3,3,3,task_20251212_191815_314_391f1eff_c23d76df,0.333333,0,194360,143.8
tools,gepa,eog,itsm,3,3,3,task_20251218_183819_272_99ba2325_dd71c332,0.5,0,157095,116.0
tools,gepa,eog,itsm,3,3,3,task_20251218_184224_139_764e5ead_e6e42358,0.4,0,416704,377.4
tools,gepa,eog,itsm,3,3,3,task_20251219_134543_563_fa1836dc_00dab62f,1.0,1,264777,148.9
tools,gepa,eog,itsm,3,3,3,task_20251219_174851_846_764e5ead_250f05e1,0.428571,0,472441,342.3
tools,gepa,eog,itsm,3,3,3,task_20251222_181355_411_764e5ead_48850a98,0.5,0,396911,285.6
tools,gepa,eog,itsm,3,3,3,task_20251223_081019_100_d4a463c3_f8774fe4,0.5,0,154632,77.9
tools,gepa,eog,itsm,3,3,3,task_20260113_125933_225_accab84d_d7ec710e,0.333333,0,314318,414.7
tools,gepa,eog,itsm,3,3,3,task_20260113_143610_437_46ca2862_56a4f834,0.4,0,131999,71.0
tools,gepa,eog,itsm,3,3,3,task_20260114_081229_036_78a5b71e_a4fb07a9,0.5,0,106175,119.0
tools,gepa,eog,itsm,3,3,3,task_20260114_134336_659_e6427839_91142068,0.8,0,275341,182.0
tools,gepa,eog,itsm,3,3,3,task_20260114_173716_566_46ca2862_301e0b47,0.833333,0,327360,159.6
tools,gepa,eog,itsm,3,3,3,task_20260116_235649_372_66392a82_ccb66a9a,0.5,0,196271,258.2
tools,gepa,eog,teams,1,1,1,task_20251121_134729_533_464ee3e0_2dcf2712,0.5,0,94367,92.2
tools,gepa,eog,teams,1,1,1,task_20251123_232016_480_7ebc1127_7a8d85a7,1.0,1,167679,142.0
tools,gepa,eog,teams,1,1,1,task_20251125_110309_032_464ee3e0_33f12828,0.75,0,112766,61.6
tools,gepa,eog,teams,1,1,1,task_20251125_113335_636_7ebc1127_a4ebffe8,0.5,0,182513,312.5
tools,gepa,eog,teams,1,1,1,task_20251126_054150_897_7ebc1127_60097647,1.0,1,87969,78.8
tools,gepa,eog,teams,1,1,1,task_20251129_042410_343_df0ecdeb_573538d3,0.4,0,161333,178.0
tools,gepa,eog,teams,1,1,1,task_20251203_080912_583_df0ecdeb_a3470951,0.6,0,285633,430.9
tools,gepa,eog,teams,1,1,1,task_20251203_115913_239_b5bd4eb9_2e02dcf0,0.0,0,70490,132.5
tools,gepa,eog,teams,1,1,1,task_20260106_003109_589_b5bd4eb9_d0454fa5,1.0,1,198800,199.5
tools,gepa,eog,teams,1,1,1,task_20260106_104903_639_0154326e_81f6a68a,0.5,0,145645,212.0
tools,gepa,eog,teams,1,1,1,task_20260106_112645_853_8e9e30d7_1d4b934c,0.833333,0,217914,193.3
tools,gepa,eog,teams,1,1,1,task_20260106_123222_425_8e9e30d7_7dea421b,0.8,0,198846,309.4
tools,gepa,eog,teams,1,1,1,task_20260106_155851_715_df0ecdeb_7b4347ef,0.75,0,121197,184.7
tools,gepa,eog,teams,1,1,1,task_20260107_032952_337_7ebc1127_75b96b98,1.0,1,213600,325.7
tools,gepa,eog,teams,1,1,1,task_20260108_075149_000_df0ecdeb_ead1b33a,1.0,1,140912,170.5
tools,gepa,eog,teams,1,1,1,task_20260108_082113_548_df0ecdeb_2725d17f,0.75,0,98475,180.5
tools,gepa,eog,teams,1,1,1,task_20260108_172650_003_8e9e30d7_a1ff8588,0.181818,0,164913,349.9
tools,gepa,eog,teams,1,1,1,task_20260108_194921_186_8e9e30d7_a087d6f8,0.333333,0,130417,257.1
tools,gepa,eog,teams,1,1,1,task_20260109_063128_468_8e9e30d7_e983fafa,0.0,0,95389,121.8
tools,gepa,eog,teams,1,1,1,task_20260109_122356_038_0154326e_d224a99d,0.571429,0,199895,277.3
tools,gepa,eog,teams,1,1,2,task_20251121_134729_533_464ee3e0_2dcf2712,1.0,1,94533,113.4
tools,gepa,eog,teams,1,1,2,task_20251123_232016_480_7ebc1127_7a8d85a7,1.0,1,212726,206.6
tools,gepa,eog,teams,1,1,2,task_20251125_110309_032_464ee3e0_33f12828,0.75,0,93034,83.8
tools,gepa,eog,teams,1,1,2,task_20251125_113335_636_7ebc1127_a4ebffe8,0.166667,0,204529,306.5
tools,gepa,eog,teams,1,1,2,task_20251126_054150_897_7ebc1127_60097647,1.0,1,88252,67.8
tools,gepa,eog,teams,1,1,2,task_20251129_042410_343_df0ecdeb_573538d3,0.8,0,167368,220.2
tools,gepa,eog,teams,1,1,2,task_20251203_080912_583_df0ecdeb_a3470951,0.6,0,259802,359.9
tools,gepa,eog,teams,1,1,2,task_20251203_115913_239_b5bd4eb9_2e02dcf0,0.857143,0,229021,365.4
tools,gepa,eog,teams,1,1,2,task_20260106_003109_589_b5bd4eb9_d0454fa5,0.833333,0,193510,179.3
tools,gepa,eog,teams,1,1,2,task_20260106_104903_639_0154326e_81f6a68a,0.5,0,121481,174.2
tools,gepa,eog,teams,1,1,2,task_20260106_112645_853_8e9e30d7_1d4b934c,1.0,1,97985,145.1
tools,gepa,eog,teams,1,1,2,task_20260106_123222_425_8e9e30d7_7dea421b,0.6,0,99935,217.1
tools,gepa,eog,teams,1,1,2,task_20260106_155851_715_df0ecdeb_7b4347ef,0.75,0,146679,287.0
tools,gepa,eog,teams,1,1,2,task_20260107_032952_337_7ebc1127_75b96b98,1.0,1,199868,173.7
tools,gepa,eog,teams,1,1,2,task_20260108_075149_000_df0ecdeb_ead1b33a,1.0,1,115861,108.2
tools,gepa,eog,teams,1,1,2,task_20260108_082113_548_df0ecdeb_2725d17f,0.75,0,119279,217.5
tools,gepa,eog,teams,1,1,2,task_20260108_172650_003_8e9e30d7_a1ff8588,0.181818,0,240834,482.9
tools,gepa,eog,teams,1,1,2,task_20260108_194921_186_8e9e30d7_a087d6f8,0.222222,0,186282,412.4
tools,gepa,eog,teams,1,1,2,task_20260109_063128_468_8e9e30d7_e983fafa,0.0,0,95570,156.6
tools,gepa,eog,teams,1,1,2,task_20260109_122356_038_0154326e_d224a99d,0.857143,0,198856,269.4
tools,gepa,eog,teams,1,1,3,task_20251121_134729_533_464ee3e0_2dcf2712,0.5,0,72270,147.6
tools,gepa,eog,teams,1,1,3,task_20251123_232016_480_7ebc1127_7a8d85a7,1.0,1,216193,213.7
tools,gepa,eog,teams,1,1,3,task_20251125_110309_032_464ee3e0_33f12828,1.0,1,115019,137.4
tools,gepa,eog,teams,1,1,3,task_20251125_113335_636_7ebc1127_a4ebffe8,0.166667,0,178896,309.5
tools,gepa,eog,teams,1,1,3,task_20251126_054150_897_7ebc1127_60097647,1.0,1,87248,36.7
tools,gepa,eog,teams,1,1,3,task_20251129_042410_343_df0ecdeb_573538d3,0.4,0,162133,191.6
tools,gepa,eog,teams,1,1,3,task_20251203_080912_583_df0ecdeb_a3470951,0.6,0,334822,343.2
tools,gepa,eog,teams,1,1,3,task_20251203_115913_239_b5bd4eb9_2e02dcf0,1.0,1,225516,388.0
tools,gepa,eog,teams,1,1,3,task_20260106_003109_589_b5bd4eb9_d0454fa5,1.0,1,300078,359.8
tools,gepa,eog,teams,1,1,3,task_20260106_104903_639_0154326e_81f6a68a,0.666667,0,149697,227.8
tools,gepa,eog,teams,1,1,3,task_20260106_112645_853_8e9e30d7_1d4b934c,1.0,1,243476,176.9
tools,gepa,eog,teams,1,1,3,task_20260106_123222_425_8e9e30d7_7dea421b,0.8,0,179665,423.8
tools,gepa,eog,teams,1,1,3,task_20260106_155851_715_df0ecdeb_7b4347ef,0.75,0,219854,332.3
tools,gepa,eog,teams,1,1,3,task_20260107_032952_337_7ebc1127_75b96b98,1.0,1,176482,271.7
tools,gepa,eog,teams,1,1,3,task_20260108_075149_000_df0ecdeb_ead1b33a,1.0,1,164130,182.2
tools,gepa,eog,teams,1,1,3,task_20260108_082113_548_df0ecdeb_2725d17f,0.75,0,119648,208.1
tools,gepa,eog,teams,1,1,3,task_20260108_172650_003_8e9e30d7_a1ff8588,0.181818,0,220268,544.7
tools,gepa,eog,teams,1,1,3,task_20260108_194921_186_8e9e30d7_a087d6f8,0.333333,0,307747,449.5
tools,gepa,eog,teams,1,1,3,task_20260109_063128_468_8e9e30d7_e983fafa,0.0,0,260378,375.9
tools,gepa,eog,teams,1,1,3,task_20260109_122356_038_0154326e_d224a99d,0.571429,0,225523,348.5
tools,gepa,eog,teams,1,2,1,task_20251125_115122_370_8e9e30d7_e2700b24,0.875,0,343802,728.9
tools,gepa,eog,teams,1,2,1,task_20251129_042304_817_df0ecdeb_3df990f2,0.75,0,114820,282.6
tools,gepa,eog,teams,1,2,1,task_20251204_100825_050_df0ecdeb_c1b28adf,0.875,0,248837,758.7
tools,gepa,eog,teams,1,2,1,task_20260105_163515_719_8e9e30d7_d86e69de,0.5,0,274076,703.3
tools,gepa,eog,teams,1,2,1,task_20260105_225106_969_0154326e_fc0d4a7b,1.0,1,131950,274.1
tools,gepa,eog,teams,1,2,1,task_20260107_044347_094_7ebc1127_4e1fc798,0.8,0,134265,184.0
tools,gepa,eog,teams,1,2,1,task_20260108_162420_138_df0ecdeb_96950310,1.0,1,100808,175.1
tools,gepa,eog,teams,1,2,1,task_20260108_174958_137_df0ecdeb_a05f1e14,0.888889,0,201854,172.3
tools,gepa,eog,teams,1,2,1,task_20260109_060901_602_8e9e30d7_06581f9f,0.666667,0,107938,262.1
tools,gepa,eog,teams,1,2,1,task_20260109_063639_321_8e9e30d7_c31290aa,1.0,1,207796,507.5
tools,gepa,eog,teams,1,2,1,task_20260109_155926_434_df0ecdeb_405562a2,0.0,0,337658,493.2
tools,gepa,eog,teams,1,2,2,task_20251125_115122_370_8e9e30d7_e2700b24,0.875,0,359126,600.9
tools,gepa,eog,teams,1,2,2,task_20251129_042304_817_df0ecdeb_3df990f2,0.75,0,198245,220.2
tools,gepa,eog,teams,1,2,2,task_20251204_100825_050_df0ecdeb_c1b28adf,0.875,0,362214,689.5
tools,gepa,eog,teams,1,2,2,task_20260105_163515_719_8e9e30d7_d86e69de,0.5,0,272284,651.4
tools,gepa,eog,teams,1,2,2,task_20260105_225106_969_0154326e_fc0d4a7b,1.0,1,160281,233.9
tools,gepa,eog,teams,1,2,2,task_20260107_044347_094_7ebc1127_4e1fc798,0.8,0,82424,283.7
tools,gepa,eog,teams,1,2,2,task_20260108_162420_138_df0ecdeb_96950310,1.0,1,100962,192.7
tools,gepa,eog,teams,1,2,2,task_20260108_174958_137_df0ecdeb_a05f1e14,0.888889,0,204513,292.8
tools,gepa,eog,teams,1,2,2,task_20260109_060901_602_8e9e30d7_06581f9f,0.666667,0,133921,294.6
tools,gepa,eog,teams,1,2,2,task_20260109_063639_321_8e9e30d7_c31290aa,0.75,0,384200,1068.7
tools,gepa,eog,teams,1,2,2,task_20260109_155926_434_df0ecdeb_405562a2,0.0,0,345707,721.9
tools,gepa,eog,teams,1,2,3,task_20251125_115122_370_8e9e30d7_e2700b24,0.875,0,270967,290.1
tools,gepa,eog,teams,1,2,3,task_20251129_042304_817_df0ecdeb_3df990f2,0.75,0,225291,157.6
tools,gepa,eog,teams,1,2,3,task_20251204_100825_050_df0ecdeb_c1b28adf,0.875,0,278128,424.8
tools,gepa,eog,teams,1,2,3,task_20260105_163515_719_8e9e30d7_d86e69de,0.5,0,189404,475.7
tools,gepa,eog,teams,1,2,3,task_20260105_225106_969_0154326e_fc0d4a7b,1.0,1,135396,212.3
tools,gepa,eog,teams,1,2,3,task_20260107_044347_094_7ebc1127_4e1fc798,0.8,0,83638,217.0
tools,gepa,eog,teams,1,2,3,task_20260108_162420_138_df0ecdeb_96950310,1.0,1,152446,245.7
tools,gepa,eog,teams,1,2,3,task_20260108_174958_137_df0ecdeb_a05f1e14,0.888889,0,179479,219.1
tools,gepa,eog,teams,1,2,3,task_20260109_060901_602_8e9e30d7_06581f9f,0.666667,0,133206,271.7
tools,gepa,eog,teams,1,2,3,task_20260109_063639_321_8e9e30d7_c31290aa,1.0,1,433869,671.9
tools,gepa,eog,teams,1,2,3,task_20260109_155926_434_df0ecdeb_405562a2,0.0,0,308452,461.7
tools,gepa,eog,teams,2,1,1,task_20251121_134729_533_464ee3e0_2dcf2712,0.5,0,77662,109.1
tools,gepa,eog,teams,2,1,1,task_20251123_232016_480_7ebc1127_7a8d85a7,1.0,1,263167,237.2
tools,gepa,eog,teams,2,1,1,task_20251125_110309_032_464ee3e0_33f12828,0.75,0,126730,106.5
tools,gepa,eog,teams,2,1,1,task_20251125_113335_636_7ebc1127_a4ebffe8,0.5,0,195075,236.6
tools,gepa,eog,teams,2,1,1,task_20251126_054150_897_7ebc1127_60097647,1.0,1,97019,51.7
tools,gepa,eog,teams,2,1,1,task_20251129_042410_343_df0ecdeb_573538d3,0.4,0,119310,154.6
tools,gepa,eog,teams,2,1,1,task_20251203_080912_583_df0ecdeb_a3470951,0.9,0,298603,219.8
tools,gepa,eog,teams,2,1,1,task_20251203_115913_239_b5bd4eb9_2e02dcf0,1.0,1,216395,280.7
tools,gepa,eog,teams,2,1,1,task_20260106_003109_589_b5bd4eb9_d0454fa5,1.0,1,275644,283.7
tools,gepa,eog,teams,2,1,1,task_20260106_104903_639_0154326e_81f6a68a,0.666667,0,134834,196.4
tools,gepa,eog,teams,2,1,1,task_20260106_112645_853_8e9e30d7_1d4b934c,1.0,1,185685,233.6
tools,gepa,eog,teams,2,1,1,task_20260106_123222_425_8e9e30d7_7dea421b,0.6,0,135372,256.1
tools,gepa,eog,teams,2,1,1,task_20260106_155851_715_df0ecdeb_7b4347ef,0.75,0,157564,258.1
tools,gepa,eog,teams,2,1,1,task_20260107_032952_337_7ebc1127_75b96b98,0.833333,0,144134,300.4
tools,gepa,eog,teams,2,1,1,task_20260108_075149_000_df0ecdeb_ead1b33a,0.8,0,206731,211.9
tools,gepa,eog,teams,2,1,1,task_20260108_082113_548_df0ecdeb_2725d17f,0.75,0,128487,234.7
tools,gepa,eog,teams,2,1,1,task_20260108_172650_003_8e9e30d7_a1ff8588,0.181818,0,175267,323.8
tools,gepa,eog,teams,2,1,1,task_20260108_194921_186_8e9e30d7_a087d6f8,0.333333,0,254681,406.1
tools,gepa,eog,teams,2,1,1,task_20260109_063128_468_8e9e30d7_e983fafa,0.0,0,106166,190.5
tools,gepa,eog,teams,2,1,1,task_20260109_122356_038_0154326e_d224a99d,0.857143,0,161889,214.7
tools,gepa,eog,teams,2,1,2,task_20251121_134729_533_464ee3e0_2dcf2712,0.5,0,104005,145.2
tools,gepa,eog,teams,2,1,2,task_20251123_232016_480_7ebc1127_7a8d85a7,1.0,1,234835,142.2
tools,gepa,eog,teams,2,1,2,task_20251125_110309_032_464ee3e0_33f12828,1.0,1,100215,81.6
tools,gepa,eog,teams,2,1,2,task_20251125_113335_636_7ebc1127_a4ebffe8,0.5,0,193615,239.7
tools,gepa,eog,teams,2,1,2,task_20251126_054150_897_7ebc1127_60097647,1.0,1,97475,95.2
tools,gepa,eog,teams,2,1,2,task_20251129_042410_343_df0ecdeb_573538d3,0.4,0,117249,161.0
tools,gepa,eog,teams,2,1,2,task_20251203_080912_583_df0ecdeb_a3470951,0.8,0,340873,320.5
tools,gepa,eog,teams,2,1,2,task_20251203_115913_239_b5bd4eb9_2e02dcf0,0.0,0,78898,142.2
tools,gepa,eog,teams,2,1,2,task_20260106_003109_589_b5bd4eb9_d0454fa5,0.833333,0,354847,274.8
tools,gepa,eog,teams,2,1,2,task_20260106_104903_639_0154326e_81f6a68a,0.666667,0,187437,205.9
tools,gepa,eog,teams,2,1,2,task_20260106_112645_853_8e9e30d7_1d4b934c,1.0,1,211063,225.2
tools,gepa,eog,teams,2,1,2,task_20260106_123222_425_8e9e30d7_7dea421b,0.6,0,109552,220.8
tools,gepa,eog,teams,2,1,2,task_20260106_155851_715_df0ecdeb_7b4347ef,0.75,0,161334,268.9
tools,gepa,eog,teams,2,1,2,task_20260107_032952_337_7ebc1127_75b96b98,0.833333,0,173167,348.5
tools,gepa,eog,teams,2,1,2,task_20260108_075149_000_df0ecdeb_ead1b33a,0.8,0,209322,233.4
tools,gepa,eog,teams,2,1,2,task_20260108_082113_548_df0ecdeb_2725d17f,0.75,0,103175,154.5
tools,gepa,eog,teams,2,1,2,task_20260108_172650_003_8e9e30d7_a1ff8588,0.272727,0,118997,260.4
tools,gepa,eog,teams,2,1,2,task_20260108_194921_186_8e9e30d7_a087d6f8,0.222222,0,224582,322.5
tools,gepa,eog,teams,2,1,2,task_20260109_063128_468_8e9e30d7_e983fafa,0.0,0,80926,198.2
tools,gepa,eog,teams,2,1,2,task_20260109_122356_038_0154326e_d224a99d,0.857143,0,190061,270.0
tools,gepa,eog,teams,2,1,3,task_20251121_134729_533_464ee3e0_2dcf2712,1.0,1,128942,135.1
tools,gepa,eog,teams,2,1,3,task_20251123_232016_480_7ebc1127_7a8d85a7,1.0,1,207491,197.5
tools,gepa,eog,teams,2,1,3,task_20251125_110309_032_464ee3e0_33f12828,0.75,0,125108,70.7
tools,gepa,eog,teams,2,1,3,task_20251125_113335_636_7ebc1127_a4ebffe8,0.333333,0,219017,323.5
tools,gepa,eog,teams,2,1,3,task_20251126_054150_897_7ebc1127_60097647,1.0,1,95599,77.6
tools,gepa,eog,teams,2,1,3,task_20251129_042410_343_df0ecdeb_573538d3,0.8,0,176218,234.4
tools,gepa,eog,teams,2,1,3,task_20251203_080912_583_df0ecdeb_a3470951,0.5,0,341406,431.3
tools,gepa,eog,teams,2,1,3,task_20251203_115913_239_b5bd4eb9_2e02dcf0,0.0,0,76709,122.7
tools,gepa,eog,teams,2,1,3,task_20260106_003109_589_b5bd4eb9_d0454fa5,1.0,1,329219,387.3
tools,gepa,eog,teams,2,1,3,task_20260106_104903_639_0154326e_81f6a68a,0.5,0,158642,194.7
tools,gepa,eog,teams,2,1,3,task_20260106_112645_853_8e9e30d7_1d4b934c,1.0,1,184572,217.7
tools,gepa,eog,teams,2,1,3,task_20260106_123222_425_8e9e30d7_7dea421b,0.6,0,166013,351.8
tools,gepa,eog,teams,2,1,3,task_20260106_155851_715_df0ecdeb_7b4347ef,0.5,0,292203,269.2
tools,gepa,eog,teams,2,1,3,task_20260107_032952_337_7ebc1127_75b96b98,1.0,1,189422,220.0
tools,gepa,eog,teams,2,1,3,task_20260108_075149_000_df0ecdeb_ead1b33a,0.8,0,206432,197.7
tools,gepa,eog,teams,2,1,3,task_20260108_082113_548_df0ecdeb_2725d17f,0.75,0,105633,183.4
tools,gepa,eog,teams,2,1,3,task_20260108_172650_003_8e9e30d7_a1ff8588,0.272727,0,211162,330.6
tools,gepa,eog,teams,2,1,3,task_20260108_194921_186_8e9e30d7_a087d6f8,0.222222,0,229133,511.5
tools,gepa,eog,teams,2,1,3,task_20260109_063128_468_8e9e30d7_e983fafa,0.0,0,225436,457.5
tools,gepa,eog,teams,2,1,3,task_20260109_122356_038_0154326e_d224a99d,0.857143,0,189295,300.8
tools,gepa,eog,teams,2,2,1,task_20251125_115122_370_8e9e30d7_e2700b24,0.875,0,472892,714.4
tools,gepa,eog,teams,2,2,1,task_20251129_042304_817_df0ecdeb_3df990f2,0.75,0,144703,121.0
tools,gepa,eog,teams,2,2,1,task_20251204_100825_050_df0ecdeb_c1b28adf,0.875,0,299082,281.2
tools,gepa,eog,teams,2,2,1,task_20260105_163515_719_8e9e30d7_d86e69de,0.5,0,244652,510.2
tools,gepa,eog,teams,2,2,1,task_20260105_225106_969_0154326e_fc0d4a7b,1.0,1,132771,142.9
tools,gepa,eog,teams,2,2,1,task_20260107_044347_094_7ebc1127_4e1fc798,0.8,0,137937,196.4
tools,gepa,eog,teams,2,2,1,task_20260108_162420_138_df0ecdeb_96950310,0.5,0,78078,153.7
tools,gepa,eog,teams,2,2,1,task_20260108_174958_137_df0ecdeb_a05f1e14,0.666667,0,259210,186.7
tools,gepa,eog,teams,2,2,1,task_20260109_060901_602_8e9e30d7_06581f9f,0.666667,0,135683,252.3
tools,gepa,eog,teams,2,2,1,task_20260109_063639_321_8e9e30d7_c31290aa,0.75,0,478423,839.8
tools,gepa,eog,teams,2,2,1,task_20260109_155926_434_df0ecdeb_405562a2,0.0,0,386027,310.6
tools,gepa,eog,teams,2,2,2,task_20251125_115122_370_8e9e30d7_e2700b24,0.875,0,167827,254.6
tools,gepa,eog,teams,2,2,2,task_20251129_042304_817_df0ecdeb_3df990f2,0.75,0,171945,148.8
tools,gepa,eog,teams,2,2,2,task_20251204_100825_050_df0ecdeb_c1b28adf,0.875,0,214428,298.8
tools,gepa,eog,teams,2,2,2,task_20260105_163515_719_8e9e30d7_d86e69de,0.5,0,222195,380.9
tools,gepa,eog,teams,2,2,2,task_20260105_225106_969_0154326e_fc0d4a7b,1.0,1,161427,168.0
tools,gepa,eog,teams,2,2,2,task_20260107_044347_094_7ebc1127_4e1fc798,0.8,0,188206,193.2
tools,gepa,eog,teams,2,2,2,task_20260108_162420_138_df0ecdeb_96950310,0.5,0,75731,107.2
tools,gepa,eog,teams,2,2,2,task_20260108_174958_137_df0ecdeb_a05f1e14,0.888889,0,201330,107.2
tools,gepa,eog,teams,2,2,2,task_20260109_060901_602_8e9e30d7_06581f9f,0.666667,0,131593,146.5
tools,gepa,eog,teams,2,2,2,task_20260109_063639_321_8e9e30d7_c31290aa,1.0,1,267942,419.6
tools,gepa,eog,teams,2,2,2,task_20260109_155926_434_df0ecdeb_405562a2,0.0,0,173003,259.6
tools,gepa,eog,teams,2,2,3,task_20251125_115122_370_8e9e30d7_e2700b24,0.875,0,300962,366.1
tools,gepa,eog,teams,2,2,3,task_20251129_042304_817_df0ecdeb_3df990f2,0.75,0,145264,116.8
tools,gepa,eog,teams,2,2,3,task_20251204_100825_050_df0ecdeb_c1b28adf,0.875,0,212779,275.3
tools,gepa,eog,teams,2,2,3,task_20260105_163515_719_8e9e30d7_d86e69de,0.5,0,307223,592.7
tools,gepa,eog,teams,2,2,3,task_20260105_225106_969_0154326e_fc0d4a7b,1.0,1,237608,228.2
tools,gepa,eog,teams,2,2,3,task_20260107_044347_094_7ebc1127_4e1fc798,1.0,1,186776,188.2
tools,gepa,eog,teams,2,2,3,task_20260108_162420_138_df0ecdeb_96950310,0.5,0,76499,121.3
tools,gepa,eog,teams,2,2,3,task_20260108_174958_137_df0ecdeb_a05f1e14,0.666667,0,236484,219.2
tools,gepa,eog,teams,2,2,3,task_20260109_060901_602_8e9e30d7_06581f9f,0.666667,0,106428,131.8
tools,gepa,eog,teams,2,2,3,task_20260109_063639_321_8e9e30d7_c31290aa,1.0,1,239235,421.2
tools,gepa,eog,teams,2,2,3,task_20260109_155926_434_df0ecdeb_405562a2,0.0,0,147396,244.7
tools,gepa,eog,teams,2,3,1,task_20251126_070103_077_501bbb2c_7c7c4ea6,1.0,1,144019,111.5
tools,gepa,eog,teams,2,3,1,task_20251202_174228_665_df0ecdeb_e84a9e55,0.888889,0,361500,520.9
tools,gepa,eog,teams,2,3,1,task_20251205_134123_742_b5bd4eb9_003270a9,1.0,1,316937,563.6
tools,gepa,eog,teams,2,3,1,task_20251205_192805_864_464ee3e0_91f2c02f,0.555556,0,416181,456.2
tools,gepa,eog,teams,2,3,1,task_20251205_210412_800_0154326e_3caf7df7,0.625,0,387178,713.9
tools,gepa,eog,teams,2,3,1,task_20260106_143232_971_0154326e_0af4275b,1.0,1,246468,336.1
tools,gepa,eog,teams,2,3,2,task_20251126_070103_077_501bbb2c_7c7c4ea6,1.0,1,114750,144.8
tools,gepa,eog,teams,2,3,2,task_20251202_174228_665_df0ecdeb_e84a9e55,0.888889,0,331438,528.9
tools,gepa,eog,teams,2,3,2,task_20251205_134123_742_b5bd4eb9_003270a9,1.0,1,288087,474.9
tools,gepa,eog,teams,2,3,2,task_20251205_192805_864_464ee3e0_91f2c02f,0.0,0,60238,177.4
tools,gepa,eog,teams,2,3,2,task_20251205_210412_800_0154326e_3caf7df7,0.625,0,434702,694.6
tools,gepa,eog,teams,2,3,2,task_20260106_143232_971_0154326e_0af4275b,1.0,1,249145,375.5
tools,gepa,eog,teams,2,3,3,task_20251126_070103_077_501bbb2c_7c7c4ea6,1.0,1,145057,172.4
tools,gepa,eog,teams,2,3,3,task_20251202_174228_665_df0ecdeb_e84a9e55,0.777778,0,302929,435.1
tools,gepa,eog,teams,2,3,3,task_20251205_134123_742_b5bd4eb9_003270a9,1.0,1,442965,910.2
tools,gepa,eog,teams,2,3,3,task_20251205_192805_864_464ee3e0_91f2c02f,0.777778,0,347574,405.3
tools,gepa,eog,teams,2,3,3,task_20251205_210412_800_0154326e_3caf7df7,0.5,0,292904,837.5
tools,gepa,eog,teams,2,3,3,task_20260106_143232_971_0154326e_0af4275b,1.0,1,192275,455.0
tools,gepa,eog,teams,3,1,1,task_20251121_134729_533_464ee3e0_2dcf2712,0.5,0,120777,126.7
tools,gepa,eog,teams,3,1,1,task_20251123_232016_480_7ebc1127_7a8d85a7,1.0,1,240214,204.6
tools,gepa,eog,teams,3,1,1,task_20251125_110309_032_464ee3e0_33f12828,1.0,1,146825,80.4
tools,gepa,eog,teams,3,1,1,task_20251125_113335_636_7ebc1127_a4ebffe8,0.166667,0,192627,340.6
tools,gepa,eog,teams,3,1,1,task_20251126_054150_897_7ebc1127_60097647,1.0,1,113304,90.4
tools,gepa,eog,teams,3,1,1,task_20251129_042410_343_df0ecdeb_573538d3,0.4,0,166632,187.1
tools,gepa,eog,teams,3,1,1,task_20251203_080912_583_df0ecdeb_a3470951,0.9,0,306902,286.7
tools,gepa,eog,teams,3,1,1,task_20251203_115913_239_b5bd4eb9_2e02dcf0,0.0,0,88013,111.8
tools,gepa,eog,teams,3,1,1,task_20260106_003109_589_b5bd4eb9_d0454fa5,1.0,1,288606,266.6
tools,gepa,eog,teams,3,1,1,task_20260106_104903_639_0154326e_81f6a68a,0.666667,0,246204,273.7
tools,gepa,eog,teams,3,1,1,task_20260106_112645_853_8e9e30d7_1d4b934c,0.833333,0,215002,159.3
tools,gepa,eog,teams,3,1,1,task_20260106_123222_425_8e9e30d7_7dea421b,1.0,1,225053,365.4
tools,gepa,eog,teams,3,1,1,task_20260106_155851_715_df0ecdeb_7b4347ef,0.75,0,152895,217.4
tools,gepa,eog,teams,3,1,1,task_20260107_032952_337_7ebc1127_75b96b98,1.0,1,284929,299.1
tools,gepa,eog,teams,3,1,1,task_20260108_075149_000_df0ecdeb_ead1b33a,1.0,1,178807,207.4
tools,gepa,eog,teams,3,1,1,task_20260108_082113_548_df0ecdeb_2725d17f,0.75,0,149346,142.0
tools,gepa,eog,teams,3,1,1,task_20260108_172650_003_8e9e30d7_a1ff8588,0.181818,0,324050,392.0
tools,gepa,eog,teams,3,1,1,task_20260108_194921_186_8e9e30d7_a087d6f8,0.333333,0,390714,515.9
tools,gepa,eog,teams,3,1,1,task_20260109_063128_468_8e9e30d7_e983fafa,0.0,0,320397,435.5
tools,gepa,eog,teams,3,1,1,task_20260109_122356_038_0154326e_d224a99d,0.857143,0,188196,242.9
tools,gepa,eog,teams,3,1,2,task_20251121_134729_533_464ee3e0_2dcf2712,0.5,0,90190,85.7
tools,gepa,eog,teams,3,1,2,task_20251123_232016_480_7ebc1127_7a8d85a7,1.0,1,241638,171.2
tools,gepa,eog,teams,3,1,2,task_20251125_110309_032_464ee3e0_33f12828,1.0,1,117627,89.9
tools,gepa,eog,teams,3,1,2,task_20251125_113335_636_7ebc1127_a4ebffe8,0.666667,0,387500,502.6
tools,gepa,eog,teams,3,1,2,task_20251126_054150_897_7ebc1127_60097647,1.0,1,114487,97.1
tools,gepa,eog,teams,3,1,2,task_20251129_042410_343_df0ecdeb_573538d3,0.4,0,134131,180.1
tools,gepa,eog,teams,3,1,2,task_20251203_080912_583_df0ecdeb_a3470951,0.8,0,375308,255.4
tools,gepa,eog,teams,3,1,2,task_20251203_115913_239_b5bd4eb9_2e02dcf0,1.0,1,306684,326.2
tools,gepa,eog,teams,3,1,2,task_20260106_003109_589_b5bd4eb9_d0454fa5,1.0,1,281033,290.7
tools,gepa,eog,teams,3,1,2,task_20260106_104903_639_0154326e_81f6a68a,0.666667,0,217091,207.8
tools,gepa,eog,teams,3,1,2,task_20260106_112645_853_8e9e30d7_1d4b934c,0.833333,0,213209,159.5
tools,gepa,eog,teams,3,1,2,task_20260106_123222_425_8e9e30d7_7dea421b,0.8,0,218293,311.6
tools,gepa,eog,teams,3,1,2,task_20260106_155851_715_df0ecdeb_7b4347ef,0.75,0,182478,250.7
tools,gepa,eog,teams,3,1,2,task_20260107_032952_337_7ebc1127_75b96b98,1.0,1,285983,373.5
tools,gepa,eog,teams,3,1,2,task_20260108_075149_000_df0ecdeb_ead1b33a,1.0,1,148253,153.0
tools,gepa,eog,teams,3,1,2,task_20260108_082113_548_df0ecdeb_2725d17f,0.75,0,177909,197.6
tools,gepa,eog,teams,3,1,2,task_20260108_172650_003_8e9e30d7_a1ff8588,0.272727,0,495804,457.6
tools,gepa,eog,teams,3,1,2,task_20260108_194921_186_8e9e30d7_a087d6f8,0.333333,0,232985,389.9
tools,gepa,eog,teams,3,1,2,task_20260109_063128_468_8e9e30d7_e983fafa,0.166667,0,259113,438.9
tools,gepa,eog,teams,3,1,2,task_20260109_122356_038_0154326e_d224a99d,0.857143,0,158961,216.3
tools,gepa,eog,teams,3,1,3,task_20251121_134729_533_464ee3e0_2dcf2712,0.5,0,90258,124.3
tools,gepa,eog,teams,3,1,3,task_20251123_232016_480_7ebc1127_7a8d85a7,1.0,1,211723,171.8
tools,gepa,eog,teams,3,1,3,task_20251125_110309_032_464ee3e0_33f12828,1.0,1,145929,83.2
tools,gepa,eog,teams,3,1,3,task_20251125_113335_636_7ebc1127_a4ebffe8,0.166667,0,248605,385.9
tools,gepa,eog,teams,3,1,3,task_20251126_054150_897_7ebc1127_60097647,1.0,1,142300,89.1
tools,gepa,eog,teams,3,1,3,task_20251129_042410_343_df0ecdeb_573538d3,0.4,0,168738,209.2
tools,gepa,eog,teams,3,1,3,task_20251203_080912_583_df0ecdeb_a3470951,0.9,0,307956,251.7
tools,gepa,eog,teams,3,1,3,task_20251203_115913_239_b5bd4eb9_2e02dcf0,0.0,0,61457,135.7
tools,gepa,eog,teams,3,1,3,task_20260106_003109_589_b5bd4eb9_d0454fa5,1.0,1,336676,345.7
tools,gepa,eog,teams,3,1,3,task_20260106_104903_639_0154326e_81f6a68a,0.5,0,183296,234.0
tools,gepa,eog,teams,3,1,3,task_20260106_112645_853_8e9e30d7_1d4b934c,1.0,1,181220,165.8
tools,gepa,eog,teams,3,1,3,task_20260106_123222_425_8e9e30d7_7dea421b,0.8,0,215975,306.0
tools,gepa,eog,teams,3,1,3,task_20260106_155851_715_df0ecdeb_7b4347ef,0.75,0,215101,269.5
tools,gepa,eog,teams,3,1,3,task_20260107_032952_337_7ebc1127_75b96b98,0.833333,0,349451,358.5
tools,gepa,eog,teams,3,1,3,task_20260108_075149_000_df0ecdeb_ead1b33a,1.0,1,148590,169.6
tools,gepa,eog,teams,3,1,3,task_20260108_082113_548_df0ecdeb_2725d17f,0.75,0,148042,158.6
tools,gepa,eog,teams,3,1,3,task_20260108_172650_003_8e9e30d7_a1ff8588,0.272727,0,225384,271.8
tools,gepa,eog,teams,3,1,3,task_20260108_194921_186_8e9e30d7_a087d6f8,0.555556,0,368259,487.6
tools,gepa,eog,teams,3,1,3,task_20260109_063128_468_8e9e30d7_e983fafa,0.0,0,350619,508.2
tools,gepa,eog,teams,3,1,3,task_20260109_122356_038_0154326e_d224a99d,0.714286,0,218521,245.8
tools,gepa,eog,teams,3,2,1,task_20251125_115122_370_8e9e30d7_e2700b24,0.875,0,325055,458.4
tools,gepa,eog,teams,3,2,1,task_20251129_042304_817_df0ecdeb_3df990f2,0.75,0,100517,95.2
tools,gepa,eog,teams,3,2,1,task_20251204_100825_050_df0ecdeb_c1b28adf,0.875,0,281852,294.3
tools,gepa,eog,teams,3,2,1,task_20260105_163515_719_8e9e30d7_d86e69de,0.5,0,221440,325.7
tools,gepa,eog,teams,3,2,1,task_20260105_225106_969_0154326e_fc0d4a7b,1.0,1,181589,113.1
tools,gepa,eog,teams,3,2,1,task_20260107_044347_094_7ebc1127_4e1fc798,1.0,1,244777,198.8
tools,gepa,eog,teams,3,2,1,task_20260108_162420_138_df0ecdeb_96950310,1.0,1,117832,150.5
tools,gepa,eog,teams,3,2,1,task_20260108_174958_137_df0ecdeb_a05f1e14,0.666667,0,303475,209.5
tools,gepa,eog,teams,3,2,1,task_20260109_060901_602_8e9e30d7_06581f9f,1.0,1,184085,212.8
tools,gepa,eog,teams,3,2,1,task_20260109_063639_321_8e9e30d7_c31290aa,1.0,1,374886,397.8
tools,gepa,eog,teams,3,2,1,task_20260109_155926_434_df0ecdeb_405562a2,0.0,0,456493,676.0
tools,gepa,eog,teams,3,2,2,task_20251125_115122_370_8e9e30d7_e2700b24,0.875,0,255984,330.7
tools,gepa,eog,teams,3,2,2,task_20251129_042304_817_df0ecdeb_3df990f2,0.75,0,195577,120.2
tools,gepa,eog,teams,3,2,2,task_20251204_100825_050_df0ecdeb_c1b28adf,0.875,0,242587,219.6
tools,gepa,eog,teams,3,2,2,task_20260105_163515_719_8e9e30d7_d86e69de,0.333333,0,255606,364.1
tools,gepa,eog,teams,3,2,2,task_20260105_225106_969_0154326e_fc0d4a7b,1.0,1,212345,204.3
tools,gepa,eog,teams,3,2,2,task_20260107_044347_094_7ebc1127_4e1fc798,0.6,0,126689,172.8
tools,gepa,eog,teams,3,2,2,task_20260108_162420_138_df0ecdeb_96950310,1.0,1,118377,98.6
tools,gepa,eog,teams,3,2,2,task_20260108_174958_137_df0ecdeb_a05f1e14,0.888889,0,265493,154.0
tools,gepa,eog,teams,3,2,2,task_20260109_060901_602_8e9e30d7_06581f9f,0.666667,0,122816,167.4
tools,gepa,eog,teams,3,2,2,task_20260109_063639_321_8e9e30d7_c31290aa,1.0,1,449623,689.0
tools,gepa,eog,teams,3,2,2,task_20260109_155926_434_df0ecdeb_405562a2,0.0,0,451611,499.1
tools,gepa,eog,teams,3,2,3,task_20251125_115122_370_8e9e30d7_e2700b24,0.875,0,425508,409.5
tools,gepa,eog,teams,3,2,3,task_20251129_042304_817_df0ecdeb_3df990f2,0.75,0,225897,125.0
tools,gepa,eog,teams,3,2,3,task_20251204_100825_050_df0ecdeb_c1b28adf,0.875,0,243362,226.1
tools,gepa,eog,teams,3,2,3,task_20260105_163515_719_8e9e30d7_d86e69de,0.5,0,260599,382.4
tools,gepa,eog,teams,3,2,3,task_20260105_225106_969_0154326e_fc0d4a7b,1.0,1,210531,155.7
tools,gepa,eog,teams,3,2,3,task_20260107_044347_094_7ebc1127_4e1fc798,0.8,0,278234,169.4
tools,gepa,eog,teams,3,2,3,task_20260108_162420_138_df0ecdeb_96950310,1.0,1,118575,112.6
tools,gepa,eog,teams,3,2,3,task_20260108_174958_137_df0ecdeb_a05f1e14,0.888889,0,265820,159.2
tools,gepa,eog,teams,3,2,3,task_20260109_060901_602_8e9e30d7_06581f9f,1.0,1,126300,159.7
tools,gepa,eog,teams,3,2,3,task_20260109_063639_321_8e9e30d7_c31290aa,0.75,0,271847,416.1
tools,gepa,eog,teams,3,2,3,task_20260109_155926_434_df0ecdeb_405562a2,0.0,0,429105,537.1
tools,gepa,eog,teams,3,3,1,task_20251126_070103_077_501bbb2c_7c7c4ea6,1.0,1,117394,60.4
tools,gepa,eog,teams,3,3,1,task_20251202_174228_665_df0ecdeb_e84a9e55,0.888889,0,338057,324.6
tools,gepa,eog,teams,3,3,1,task_20251205_134123_742_b5bd4eb9_003270a9,1.0,1,261355,252.3
tools,gepa,eog,teams,3,3,1,task_20251205_192805_864_464ee3e0_91f2c02f,0.0,0,29452,25.6
tools,gepa,eog,teams,3,3,1,task_20251205_210412_800_0154326e_3caf7df7,0.625,0,322444,385.5
tools,gepa,eog,teams,3,3,1,task_20260106_143232_971_0154326e_0af4275b,1.0,1,226771,215.2
tools,gepa,eog,teams,3,3,2,task_20251126_070103_077_501bbb2c_7c7c4ea6,1.0,1,116575,49.2
tools,gepa,eog,teams,3,3,2,task_20251202_174228_665_df0ecdeb_e84a9e55,0.888889,0,338122,287.1
tools,gepa,eog,teams,3,3,2,task_20251205_134123_742_b5bd4eb9_003270a9,1.0,1,352258,381.5
tools,gepa,eog,teams,3,3,2,task_20251205_192805_864_464ee3e0_91f2c02f,0.0,0,30166,44.7
tools,gepa,eog,teams,3,3,2,task_20251205_210412_800_0154326e_3caf7df7,0.625,0,229916,269.4
tools,gepa,eog,teams,3,3,2,task_20260106_143232_971_0154326e_0af4275b,1.0,1,250763,188.0
tools,gepa,eog,teams,3,3,3,task_20251126_070103_077_501bbb2c_7c7c4ea6,1.0,1,117029,90.6
tools,gepa,eog,teams,3,3,3,task_20251202_174228_665_df0ecdeb_e84a9e55,0.888889,0,344266,456.0
tools,gepa,eog,teams,3,3,3,task_20251205_134123_742_b5bd4eb9_003270a9,1.0,1,264354,275.2
tools,gepa,eog,teams,3,3,3,task_20251205_192805_864_464ee3e0_91f2c02f,0.0,0,29463,34.6
tools,gepa,eog,teams,3,3,3,task_20251205_210412_800_0154326e_3caf7df7,0.625,0,256692,445.9
tools,gepa,eog,teams,3,3,3,task_20260106_143232_971_0154326e_0af4275b,1.0,1,305505,221.4
tools,gepa,eog,teams,3,4,1,task_20251126_055301_905_8e9e30d7_6aab00b8,1.0,1,301816,383.8
tools,gepa,eog,teams,3,4,1,task_20251128_120055_076_8e9e30d7_e5dcfa22,0.75,0,348012,554.3
tools,gepa,eog,teams,3,4,1,task_20251128_200856_738_0154326e_752f99ad,0.875,0,447549,423.7
tools,gepa,eog,teams,3,4,1,task_20260106_040225_149_7ebc1127_e9ac645c,0.75,0,275034,618.5
tools,gepa,eog,teams,3,4,1,task_20260107_111155_131_0154326e_96e0246b,0.888889,0,177769,421.5
tools,gepa,eog,teams,3,4,1,task_20260109_004703_994_7ebc1127_6f97f3e9,0.714286,0,447499,805.8
tools,gepa,eog,teams,3,4,2,task_20251126_055301_905_8e9e30d7_6aab00b8,1.0,1,405567,408.6
tools,gepa,eog,teams,3,4,2,task_20251128_120055_076_8e9e30d7_e5dcfa22,0.625,0,353091,688.6
tools,gepa,eog,teams,3,4,2,task_20251128_200856_738_0154326e_752f99ad,0.875,0,413028,526.9
tools,gepa,eog,teams,3,4,2,task_20260106_040225_149_7ebc1127_e9ac645c,1.0,1,204984,372.3
tools,gepa,eog,teams,3,4,2,task_20260107_111155_131_0154326e_96e0246b,0.888889,0,215227,524.1
tools,gepa,eog,teams,3,4,2,task_20260109_004703_994_7ebc1127_6f97f3e9,0.571429,0,500858,899.1
tools,gepa,eog,teams,3,4,3,task_20251126_055301_905_8e9e30d7_6aab00b8,1.0,1,331454,392.0
tools,gepa,eog,teams,3,4,3,task_20251128_120055_076_8e9e30d7_e5dcfa22,0.75,0,396420,1083.8
tools,gepa,eog,teams,3,4,3,task_20251128_200856_738_0154326e_752f99ad,0.875,0,411323,315.4
tools,gepa,eog,teams,3,4,3,task_20260106_040225_149_7ebc1127_e9ac645c,1.0,1,171556,298.3
tools,gepa,eog,teams,3,4,3,task_20260107_111155_131_0154326e_96e0246b,0.888889,0,249606,535.4
tools,gepa,eog,teams,3,4,3,task_20260109_004703_994_7ebc1127_6f97f3e9,0.571429,0,551846,1094.8
tools,gepa,eog,teams,4,1,1,task_20251121_134729_533_464ee3e0_2dcf2712,0.5,0,100674,175.8
tools,gepa,eog,teams,4,1,1,task_20251123_232016_480_7ebc1127_7a8d85a7,1.0,1,334997,310.8
tools,gepa,eog,teams,4,1,1,task_20251125_110309_032_464ee3e0_33f12828,0.75,0,196347,144.1
tools,gepa,eog,teams,4,1,1,task_20251125_113335_636_7ebc1127_a4ebffe8,0.166667,0,244794,336.4
tools,gepa,eog,teams,4,1,1,task_20251126_054150_897_7ebc1127_60097647,1.0,1,127294,83.1
tools,gepa,eog,teams,4,1,1,task_20251129_042410_343_df0ecdeb_573538d3,0.4,0,147451,174.4
tools,gepa,eog,teams,4,1,1,task_20251203_080912_583_df0ecdeb_a3470951,0.9,0,330488,256.0
tools,gepa,eog,teams,4,1,1,task_20251203_115913_239_b5bd4eb9_2e02dcf0,0.0,0,98364,136.4
tools,gepa,eog,teams,4,1,1,task_20260106_003109_589_b5bd4eb9_d0454fa5,1.0,1,346857,495.2
tools,gepa,eog,teams,4,1,1,task_20260106_104903_639_0154326e_81f6a68a,0.666667,0,277323,388.1
tools,gepa,eog,teams,4,1,1,task_20260106_112645_853_8e9e30d7_1d4b934c,1.0,1,243361,329.4
tools,gepa,eog,teams,4,1,1,task_20260106_123222_425_8e9e30d7_7dea421b,0.8,0,276652,466.2
tools,gepa,eog,teams,4,1,1,task_20260106_155851_715_df0ecdeb_7b4347ef,0.75,0,165979,244.8
tools,gepa,eog,teams,4,1,1,task_20260107_032952_337_7ebc1127_75b96b98,1.0,1,247605,357.0
tools,gepa,eog,teams,4,1,1,task_20260108_075149_000_df0ecdeb_ead1b33a,0.8,0,369266,341.4
tools,gepa,eog,teams,4,1,1,task_20260108_082113_548_df0ecdeb_2725d17f,0.75,0,166483,279.6
tools,gepa,eog,teams,4,1,1,task_20260108_172650_003_8e9e30d7_a1ff8588,0.181818,0,253827,537.9
tools,gepa,eog,teams,4,1,1,task_20260108_194921_186_8e9e30d7_a087d6f8,0.333333,0,462718,548.2
tools,gepa,eog,teams,4,1,1,task_20260109_063128_468_8e9e30d7_e983fafa,0.0,0,181554,345.1
tools,gepa,eog,teams,4,1,1,task_20260109_122356_038_0154326e_d224a99d,0.571429,0,306308,338.9
tools,gepa,eog,teams,4,1,2,task_20251121_134729_533_464ee3e0_2dcf2712,0.5,0,165712,159.3
tools,gepa,eog,teams,4,1,2,task_20251123_232016_480_7ebc1127_7a8d85a7,1.0,1,301292,308.1
tools,gepa,eog,teams,4,1,2,task_20251125_110309_032_464ee3e0_33f12828,1.0,1,163648,129.3
tools,gepa,eog,teams,4,1,2,task_20251125_113335_636_7ebc1127_a4ebffe8,0.5,0,278927,312.8
tools,gepa,eog,teams,4,1,2,task_20251126_054150_897_7ebc1127_60097647,1.0,1,127547,113.1
tools,gepa,eog,teams,4,1,2,task_20251129_042410_343_df0ecdeb_573538d3,0.4,0,112092,140.2
tools,gepa,eog,teams,4,1,2,task_20251203_080912_583_df0ecdeb_a3470951,0.6,0,419802,479.8
tools,gepa,eog,teams,4,1,2,task_20251203_115913_239_b5bd4eb9_2e02dcf0,1.0,1,342060,330.1
tools,gepa,eog,teams,4,1,2,task_20260106_003109_589_b5bd4eb9_d0454fa5,1.0,1,303621,355.6
tools,gepa,eog,teams,4,1,2,task_20260106_104903_639_0154326e_81f6a68a,0.5,0,203059,255.4
tools,gepa,eog,teams,4,1,2,task_20260106_112645_853_8e9e30d7_1d4b934c,1.0,1,304046,346.6
tools,gepa,eog,teams,4,1,2,task_20260106_123222_425_8e9e30d7_7dea421b,1.0,1,279792,463.5
tools,gepa,eog,teams,4,1,2,task_20260106_155851_715_df0ecdeb_7b4347ef,0.75,0,169108,243.0
tools,gepa,eog,teams,4,1,2,task_20260107_032952_337_7ebc1127_75b96b98,1.0,1,246529,347.1
tools,gepa,eog,teams,4,1,2,task_20260108_075149_000_df0ecdeb_ead1b33a,1.0,1,197410,205.2
tools,gepa,eog,teams,4,1,2,task_20260108_082113_548_df0ecdeb_2725d17f,0.75,0,164807,221.0
tools,gepa,eog,teams,4,1,2,task_20260108_172650_003_8e9e30d7_a1ff8588,0.181818,0,362895,437.8
tools,gepa,eog,teams,4,1,2,task_20260108_194921_186_8e9e30d7_a087d6f8,0.333333,0,383707,428.0
tools,gepa,eog,teams,4,1,2,task_20260109_063128_468_8e9e30d7_e983fafa,0.0,0,323825,538.2
tools,gepa,eog,teams,4,1,2,task_20260109_122356_038_0154326e_d224a99d,0.857143,0,238208,253.7
tools,gepa,eog,teams,4,1,3,task_20251121_134729_533_464ee3e0_2dcf2712,0.5,0,165981,200.2
tools,gepa,eog,teams,4,1,3,task_20251123_232016_480_7ebc1127_7a8d85a7,1.0,1,301411,330.2
tools,gepa,eog,teams,4,1,3,task_20251125_110309_032_464ee3e0_33f12828,1.0,1,131653,97.1
tools,gepa,eog,teams,4,1,3,task_20251125_113335_636_7ebc1127_a4ebffe8,0.166667,0,176715,296.9
tools,gepa,eog,teams,4,1,3,task_20251126_054150_897_7ebc1127_60097647,1.0,1,160581,162.3
tools,gepa,eog,teams,4,1,3,task_20251129_042410_343_df0ecdeb_573538d3,0.4,0,184664,275.3
tools,gepa,eog,teams,4,1,3,task_20251203_080912_583_df0ecdeb_a3470951,0.8,0,344499,363.8
tools,gepa,eog,teams,4,1,3,task_20251203_115913_239_b5bd4eb9_2e02dcf0,0.0,0,65463,86.8
tools,gepa,eog,teams,4,1,3,task_20260106_003109_589_b5bd4eb9_d0454fa5,1.0,1,388300,413.8
tools,gepa,eog,teams,4,1,3,task_20260106_104903_639_0154326e_81f6a68a,0.666667,0,272993,271.2
tools,gepa,eog,teams,4,1,3,task_20260106_112645_853_8e9e30d7_1d4b934c,1.0,1,268995,244.1
tools,gepa,eog,teams,4,1,3,task_20260106_123222_425_8e9e30d7_7dea421b,0.8,0,242117,464.2
tools,gepa,eog,teams,4,1,3,task_20260106_155851_715_df0ecdeb_7b4347ef,0.75,0,167954,210.3
tools,gepa,eog,teams,4,1,3,task_20260107_032952_337_7ebc1127_75b96b98,0.833333,0,396800,483.3
tools,gepa,eog,teams,4,1,3,task_20260108_075149_000_df0ecdeb_ead1b33a,1.0,1,231736,261.7
tools,gepa,eog,teams,4,1,3,task_20260108_082113_548_df0ecdeb_2725d17f,0.75,0,130832,129.7
tools,gepa,eog,teams,4,1,3,task_20260108_172650_003_8e9e30d7_a1ff8588,0.181818,0,258695,336.2
tools,gepa,eog,teams,4,1,3,task_20260108_194921_186_8e9e30d7_a087d6f8,0.333333,0,462503,455.6
tools,gepa,eog,teams,4,1,3,task_20260109_063128_468_8e9e30d7_e983fafa,0.0,0,325618,490.9
tools,gepa,eog,teams,4,1,3,task_20260109_122356_038_0154326e_d224a99d,0.571429,0,277041,327.5
tools,gepa,eog,teams,4,2,1,task_20251125_115122_370_8e9e30d7_e2700b24,0.875,0,424990,459.9
tools,gepa,eog,teams,4,2,1,task_20251129_042304_817_df0ecdeb_3df990f2,0.75,0,180225,123.5
tools,gepa,eog,teams,4,2,1,task_20251204_100825_050_df0ecdeb_c1b28adf,0.875,0,335327,447.1
tools,gepa,eog,teams,4,2,1,task_20260105_163515_719_8e9e30d7_d86e69de,0.5,0,326539,592.3
tools,gepa,eog,teams,4,2,1,task_20260105_225106_969_0154326e_fc0d4a7b,1.0,1,205980,200.0
tools,gepa,eog,teams,4,2,1,task_20260107_044347_094_7ebc1127_4e1fc798,1.0,1,171264,144.5
tools,gepa,eog,teams,4,2,1,task_20260108_162420_138_df0ecdeb_96950310,1.0,1,130965,126.2
tools,gepa,eog,teams,4,2,1,task_20260108_174958_137_df0ecdeb_a05f1e14,0.888889,0,265730,202.5
tools,gepa,eog,teams,4,2,1,task_20260109_060901_602_8e9e30d7_06581f9f,1.0,1,235469,246.6
tools,gepa,eog,teams,4,2,1,task_20260109_063639_321_8e9e30d7_c31290aa,0.833333,0,375480,785.9
tools,gepa,eog,teams,4,2,1,task_20260109_155926_434_df0ecdeb_405562a2,0.0,0,390699,321.7
tools,gepa,eog,teams,4,2,2,task_20251125_115122_370_8e9e30d7_e2700b24,0.875,0,364035,582.5
tools,gepa,eog,teams,4,2,2,task_20251129_042304_817_df0ecdeb_3df990f2,0.75,0,247724,119.2
tools,gepa,eog,teams,4,2,2,task_20251204_100825_050_df0ecdeb_c1b28adf,0.875,0,266748,280.1
tools,gepa,eog,teams,4,2,2,task_20260105_163515_719_8e9e30d7_d86e69de,0.5,0,354842,689.4
tools,gepa,eog,teams,4,2,2,task_20260105_225106_969_0154326e_fc0d4a7b,1.0,1,200880,149.8
tools,gepa,eog,teams,4,2,2,task_20260107_044347_094_7ebc1127_4e1fc798,1.0,1,308230,326.4
tools,gepa,eog,teams,4,2,2,task_20260108_162420_138_df0ecdeb_96950310,0.5,0,99531,119.6
tools,gepa,eog,teams,4,2,2,task_20260108_174958_137_df0ecdeb_a05f1e14,0.666667,0,329818,183.2
tools,gepa,eog,teams,4,2,2,task_20260109_060901_602_8e9e30d7_06581f9f,1.0,1,169249,196.2
tools,gepa,eog,teams,4,2,2,task_20260109_063639_321_8e9e30d7_c31290aa,1.0,1,403279,557.3
tools,gepa,eog,teams,4,2,2,task_20260109_155926_434_df0ecdeb_405562a2,0.0,0,317681,339.4
tools,gepa,eog,teams,4,2,3,task_20251125_115122_370_8e9e30d7_e2700b24,0.875,0,356090,448.8
tools,gepa,eog,teams,4,2,3,task_20251129_042304_817_df0ecdeb_3df990f2,0.75,0,248902,149.3
tools,gepa,eog,teams,4,2,3,task_20251204_100825_050_df0ecdeb_c1b28adf,0.875,0,266396,359.9
tools,gepa,eog,teams,4,2,3,task_20260105_163515_719_8e9e30d7_d86e69de,0.5,0,282469,398.5
tools,gepa,eog,teams,4,2,3,task_20260105_225106_969_0154326e_fc0d4a7b,1.0,1,168914,88.6
tools,gepa,eog,teams,4,2,3,task_20260107_044347_094_7ebc1127_4e1fc798,1.0,1,210722,167.6
tools,gepa,eog,teams,4,2,3,task_20260108_162420_138_df0ecdeb_96950310,1.0,1,131343,124.3
tools,gepa,eog,teams,4,2,3,task_20260108_174958_137_df0ecdeb_a05f1e14,0.888889,0,260260,131.8
tools,gepa,eog,teams,4,2,3,task_20260109_060901_602_8e9e30d7_06581f9f,0.666667,0,200856,186.7
tools,gepa,eog,teams,4,2,3,task_20260109_063639_321_8e9e30d7_c31290aa,1.0,1,334389,485.5
tools,gepa,eog,teams,4,2,3,task_20260109_155926_434_df0ecdeb_405562a2,0.0,0,520652,887.1
tools,gepa,eog,teams,4,3,1,task_20251126_070103_077_501bbb2c_7c7c4ea6,1.0,1,131418,85.9
tools,gepa,eog,teams,4,3,1,task_20251202_174228_665_df0ecdeb_e84a9e55,0.888889,0,295150,330.7
tools,gepa,eog,teams,4,3,1,task_20251205_134123_742_b5bd4eb9_003270a9,0.8,0,414488,446.3
tools,gepa,eog,teams,4,3,1,task_20251205_192805_864_464ee3e0_91f2c02f,0.0,0,33454,44.6
tools,gepa,eog,teams,4,3,1,task_20251205_210412_800_0154326e_3caf7df7,0.625,0,401141,475.0
tools,gepa,eog,teams,4,3,1,task_20260106_143232_971_0154326e_0af4275b,1.0,1,347573,242.7
tools,gepa,eog,teams,4,3,2,task_20251126_070103_077_501bbb2c_7c7c4ea6,1.0,1,164413,66.4
tools,gepa,eog,teams,4,3,2,task_20251202_174228_665_df0ecdeb_e84a9e55,0.888889,0,361001,292.1
tools,gepa,eog,teams,4,3,2,task_20251205_134123_742_b5bd4eb9_003270a9,0.8,0,473715,540.4
tools,gepa,eog,teams,4,3,2,task_20251205_192805_864_464ee3e0_91f2c02f,0.555556,0,400044,258.9
tools,gepa,eog,teams,4,3,2,task_20251205_210412_800_0154326e_3caf7df7,0.625,0,356706,364.2
tools,gepa,eog,teams,4,3,2,task_20260106_143232_971_0154326e_0af4275b,1.0,1,346978,228.9
tools,gepa,eog,teams,4,3,3,task_20251126_070103_077_501bbb2c_7c7c4ea6,1.0,1,164280,67.3
tools,gepa,eog,teams,4,3,3,task_20251202_174228_665_df0ecdeb_e84a9e55,0.777778,0,444867,364.4
tools,gepa,eog,teams,4,3,3,task_20251205_134123_742_b5bd4eb9_003270a9,1.0,1,322396,317.8
tools,gepa,eog,teams,4,3,3,task_20251205_192805_864_464ee3e0_91f2c02f,0.0,0,33404,49.0
tools,gepa,eog,teams,4,3,3,task_20251205_210412_800_0154326e_3caf7df7,0.625,0,330986,296.9
tools,gepa,eog,teams,4,3,3,task_20260106_143232_971_0154326e_0af4275b,1.0,1,273188,179.2
tools,gepa,eog,teams,4,4,1,task_20251126_055301_905_8e9e30d7_6aab00b8,1.0,1,270145,314.6
tools,gepa,eog,teams,4,4,1,task_20251128_120055_076_8e9e30d7_e5dcfa22,0.875,0,382642,449.5
tools,gepa,eog,teams,4,4,1,task_20251128_200856_738_0154326e_752f99ad,0.875,0,462491,729.0
tools,gepa,eog,teams,4,4,1,task_20260106_040225_149_7ebc1127_e9ac645c,0.25,0,200153,183.4
tools,gepa,eog,teams,4,4,1,task_20260107_111155_131_0154326e_96e0246b,0.888889,0,418409,488.8
tools,gepa,eog,teams,4,4,1,task_20260109_004703_994_7ebc1127_6f97f3e9,0.571429,0,394360,652.5
tools,gepa,eog,teams,4,4,2,task_20251126_055301_905_8e9e30d7_6aab00b8,1.0,1,328900,158.7
tools,gepa,eog,teams,4,4,2,task_20251128_120055_076_8e9e30d7_e5dcfa22,0.5,0,353389,549.3
tools,gepa,eog,teams,4,4,2,task_20251128_200856_738_0154326e_752f99ad,0.875,0,309579,315.7
tools,gepa,eog,teams,4,4,2,task_20260106_040225_149_7ebc1127_e9ac645c,0.25,0,201259,185.8
tools,gepa,eog,teams,4,4,2,task_20260107_111155_131_0154326e_96e0246b,0.888889,0,214771,241.2
tools,gepa,eog,teams,4,4,2,task_20260109_004703_994_7ebc1127_6f97f3e9,0.714286,0,675929,482.8
tools,gepa,eog,teams,4,4,3,task_20251126_055301_905_8e9e30d7_6aab00b8,1.0,1,338036,231.0
tools,gepa,eog,teams,4,4,3,task_20251128_120055_076_8e9e30d7_e5dcfa22,0.625,0,375514,331.9
tools,gepa,eog,teams,4,4,3,task_20251128_200856_738_0154326e_752f99ad,0.875,0,373089,226.3
tools,gepa,eog,teams,4,4,3,task_20260106_040225_149_7ebc1127_e9ac645c,0.75,0,310823,406.0
tools,gepa,eog,teams,4,4,3,task_20260107_111155_131_0154326e_96e0246b,0.888889,0,177638,232.3
tools,gepa,eog,teams,4,4,3,task_20260109_004703_994_7ebc1127_6f97f3e9,0.714286,0,564799,411.5
