track,arm,benchmark,stream,adapt_stage,eval_cohort,run,task_id,score,success,recorded_tokens,recorded_seconds
tools,oracle,ale,ale,1,1,1,business_finance/american_option_pricing_ls,0.5,0,304453,330.9
tools,oracle,ale,ale,1,1,1,business_finance/basel_operational_risk_bia_cn,0.0,0,520416,241.4
tools,oracle,ale,ale,1,1,1,business_finance/bpmn_supply_disruption_l3,0.8429,0,1104943,502.4
tools,oracle,ale,ale,1,1,1,business_finance/digital_marketing_audience_segmentation_1,0.9042,0,410053,210.1
tools,oracle,ale,ale,1,1,1,business_finance/pe_screening_memo_1,0.61875,0,260552,189.3
tools,oracle,ale,ale,1,1,1,business_finance/sse_northbound_programmatic_trading_01,0.666667,0,218606,139.1
tools,oracle,ale,ale,1,1,1,computing_math/branch_bound_atsp,0.7125,0,1576476,925.6
tools,oracle,ale,ale,1,1,1,computing_math/cfr_game_theory_equilibrium,0.67,0,2015235,1399.7
tools,oracle,ale,ale,1,1,1,computing_math/cost_optimization_1,0.678575,0,1414695,451.5
tools,oracle,ale,ale,1,1,1,computing_math/ising_post_measurement_1,0.0,0,440141,293.2
tools,oracle,ale,ale,1,1,1,computing_math/k8s_payment_api_root_cause_analysis,0.555,0,552366,258.6
tools,oracle,ale,ale,1,1,1,computing_math/recsys_cold_start_instance_1,0.333333,0,2457010,624.3
tools,oracle,ale,ale,1,1,1,computing_math/synthetic_causal_structure_inference,0.317968,0,656121,370.3
tools,oracle,ale,ale,1,1,1,education_info/homework_grading_numerical_pdes_instance_02,0.0,0,802571,503.0
tools,oracle,ale,ale,1,1,1,education_info/marc_remediation_folio_overlay,0.2,0,478101,179.8
tools,oracle,ale,ale,1,1,1,education_info/moodle_gradebook_closeout_reconciliation,0.0,0,1031895,226.9
tools,oracle,ale,ale,1,1,1,engineering/aerospace_low_thrust_trajectory,0.0,0,474069,313.3
tools,oracle,ale,ale,1,1,1,health_medicine/crf_sdtm_mapping_4,0.634,0,719673,435.0
tools,oracle,ale,ale,1,1,1,health_medicine/epidemiology_forecast,0.0,0,409749,281.2
tools,oracle,ale,ale,1,1,1,health_medicine/flusight_offline_hosp_forecast_2024_12_14,0.45457,0,474966,143.1
tools,oracle,ale,ale,1,1,1,health_medicine/healthcare_bias_audit_27a_public_replication_v1,0.0,0,6907020,1738.8
tools,oracle,ale,ale,1,1,1,health_medicine/nhanes_confounder_sensitivity_analysis,0.847917,0,978461,596.4
tools,oracle,ale,ale,1,1,1,health_medicine/scene3_skullstrip_qc,1.0,1,117218,152.4
tools,oracle,ale,ale,1,1,1,legal/agora_governance_classify_instance_1,0.363134,0,401447,260.5
tools,oracle,ale,ale,1,1,1,life_sciences/cell_tracking_instance_1,0.46579,0,551639,267.0
tools,oracle,ale,ale,1,1,1,life_sciences/cell_translocation_analysis,0.0,0,1750024,1719.6
tools,oracle,ale,ale,1,1,1,life_sciences/tcga_brca_deg_analysis,1.0,1,1515934,476.7
tools,oracle,ale,ale,1,1,1,physical_sciences/adapt_vqe_molecular_energy,1.0,1,797521,442.9
tools,oracle,ale,ale,1,1,1,physical_sciences/gillespie_gene_regulatory_network,0.43,0,554197,284.1
tools,oracle,ale,ale,1,1,1,physical_sciences/glm_lake_calibration,0.0,0,4703026,1268.6
tools,oracle,ale,ale,1,1,1,physical_sciences/molecular_structure_plausibility,0.333333,0,491344,230.3
tools,oracle,ale,ale,1,1,1,physical_sciences/mose2_bse_absorption_soc,0.0,0,1028157,604.7
tools,oracle,ale,ale,1,1,1,psychology_neuro/scene2_resample,0.0,0,998758,877.9
tools,oracle,ale,ale,1,1,1,transport_safety/abm_hangzhou_metro,0.0,0,642754,567.2
tools,oracle,ale,ale,1,1,2,business_finance/american_option_pricing_ls,1.0,1,486448,370.5
tools,oracle,ale,ale,1,1,2,business_finance/basel_operational_risk_bia_cn,0.0,0,854768,333.6
tools,oracle,ale,ale,1,1,2,business_finance/bpmn_supply_disruption_l3,0.8536,0,1036769,716.5
tools,oracle,ale,ale,1,1,2,business_finance/digital_marketing_audience_segmentation_1,0.9042,0,356463,192.4
tools,oracle,ale,ale,1,1,2,business_finance/pe_screening_memo_1,0.646875,0,199370,154.9
tools,oracle,ale,ale,1,1,2,business_finance/sse_northbound_programmatic_trading_01,0.666667,0,491575,139.8
tools,oracle,ale,ale,1,1,2,computing_math/branch_bound_atsp,0.95,0,2640719,2187.2
tools,oracle,ale,ale,1,1,2,computing_math/cfr_game_theory_equilibrium,0.33,0,1370918,687.3
tools,oracle,ale,ale,1,1,2,computing_math/cost_optimization_1,0.843818,0,892526,416.3
tools,oracle,ale,ale,1,1,2,computing_math/ising_post_measurement_1,1.0,1,460387,326.2
tools,oracle,ale,ale,1,1,2,computing_math/k8s_payment_api_root_cause_analysis,0.588889,0,65402,131.7
tools,oracle,ale,ale,1,1,2,computing_math/recsys_cold_start_instance_1,0.833333,0,655675,327.0
tools,oracle,ale,ale,1,1,2,computing_math/synthetic_causal_structure_inference,0.348286,0,479842,590.6
tools,oracle,ale,ale,1,1,2,education_info/homework_grading_numerical_pdes_instance_02,0.671333,0,478053,262.0
tools,oracle,ale,ale,1,1,2,education_info/marc_remediation_folio_overlay,0.1,0,1166069,251.8
tools,oracle,ale,ale,1,1,2,education_info/moodle_gradebook_closeout_reconciliation,0.0,0,1207375,402.1
tools,oracle,ale,ale,1,1,2,engineering/aerospace_low_thrust_trajectory,0.0,0,266662,194.3
tools,oracle,ale,ale,1,1,2,health_medicine/crf_sdtm_mapping_4,0.1842,0,4598619,403.7
tools,oracle,ale,ale,1,1,2,health_medicine/epidemiology_forecast,0.0,0,392797,253.5
tools,oracle,ale,ale,1,1,2,health_medicine/flusight_offline_hosp_forecast_2024_12_14,0.052604,0,551307,190.5
tools,oracle,ale,ale,1,1,2,health_medicine/healthcare_bias_audit_27a_public_replication_v1,0.0,0,8362484,1663.5
tools,oracle,ale,ale,1,1,2,health_medicine/nhanes_confounder_sensitivity_analysis,0.975,0,477793,225.2
tools,oracle,ale,ale,1,1,2,health_medicine/scene3_skullstrip_qc,1.0,1,147482,122.7
tools,oracle,ale,ale,1,1,2,legal/agora_governance_classify_instance_1,0.282764,0,803102,308.2
tools,oracle,ale,ale,1,1,2,life_sciences/cell_tracking_instance_1,0.433374,0,1867067,475.3
tools,oracle,ale,ale,1,1,2,life_sciences/cell_translocation_analysis,0.0,0,653433,523.2
tools,oracle,ale,ale,1,1,2,life_sciences/tcga_brca_deg_analysis,1.0,1,1882386,570.4
tools,oracle,ale,ale,1,1,2,physical_sciences/adapt_vqe_molecular_energy,0.333333,0,1381592,682.1
tools,oracle,ale,ale,1,1,2,physical_sciences/gillespie_gene_regulatory_network,0.6,0,2656142,4862.5
tools,oracle,ale,ale,1,1,2,physical_sciences/glm_lake_calibration,0.0,0,354373,236.2
tools,oracle,ale,ale,1,1,2,physical_sciences/molecular_structure_plausibility,0.333333,0,451968,196.9
tools,oracle,ale,ale,1,1,2,physical_sciences/mose2_bse_absorption_soc,0.0,0,390941,529.8
tools,oracle,ale,ale,1,1,2,psychology_neuro/scene2_resample,0.0,0,592374,627.6
tools,oracle,ale,ale,1,1,2,transport_safety/abm_hangzhou_metro,0.0,0,2183544,718.4
tools,oracle,ale,ale,1,1,3,business_finance/american_option_pricing_ls,0.5,0,1473253,646.3
tools,oracle,ale,ale,1,1,3,business_finance/basel_operational_risk_bia_cn,0.0,0,411688,265.7
tools,oracle,ale,ale,1,1,3,business_finance/bpmn_supply_disruption_l3,0.7367,0,1155861,395.8
tools,oracle,ale,ale,1,1,3,business_finance/digital_marketing_audience_segmentation_1,0.8667,0,254752,174.1
tools,oracle,ale,ale,1,1,3,business_finance/pe_screening_memo_1,0.7875,0,390817,171.4
tools,oracle,ale,ale,1,1,3,business_finance/sse_northbound_programmatic_trading_01,0.333333,0,327041,154.4
tools,oracle,ale,ale,1,1,3,computing_math/branch_bound_atsp,0.9,0,3806579,2019.5
tools,oracle,ale,ale,1,1,3,computing_math/cfr_game_theory_equilibrium,0.0,0,1323728,578.3
tools,oracle,ale,ale,1,1,3,computing_math/cost_optimization_1,0.792178,0,2780517,689.0
tools,oracle,ale,ale,1,1,3,computing_math/ising_post_measurement_1,1.0,1,968811,398.3
tools,oracle,ale,ale,1,1,3,computing_math/k8s_payment_api_root_cause_analysis,0.722727,0,238299,175.0
tools,oracle,ale,ale,1,1,3,computing_math/recsys_cold_start_instance_1,0.333333,0,2089560,692.2
tools,oracle,ale,ale,1,1,3,computing_math/synthetic_causal_structure_inference,0.267024,0,1051696,745.8
tools,oracle,ale,ale,1,1,3,education_info/homework_grading_numerical_pdes_instance_02,0.805818,0,423456,206.6
tools,oracle,ale,ale,1,1,3,education_info/marc_remediation_folio_overlay,0.1,0,1113842,226.3
tools,oracle,ale,ale,1,1,3,education_info/moodle_gradebook_closeout_reconciliation,0.0,0,1363884,458.0
tools,oracle,ale,ale,1,1,3,engineering/aerospace_low_thrust_trajectory,0.0,0,499820,207.8
tools,oracle,ale,ale,1,1,3,health_medicine/crf_sdtm_mapping_4,0.5885,0,1528997,556.5
tools,oracle,ale,ale,1,1,3,health_medicine/epidemiology_forecast,0.0,0,1054976,579.0
tools,oracle,ale,ale,1,1,3,health_medicine/flusight_offline_hosp_forecast_2024_12_14,0.0,0,193215,142.7
tools,oracle,ale,ale,1,1,3,health_medicine/healthcare_bias_audit_27a_public_replication_v1,0.0,0,2426256,413.9
tools,oracle,ale,ale,1,1,3,health_medicine/nhanes_confounder_sensitivity_analysis,0.571153,0,349961,275.1
tools,oracle,ale,ale,1,1,3,health_medicine/scene3_skullstrip_qc,1.0,1,33810,98.6
tools,oracle,ale,ale,1,1,3,legal/agora_governance_classify_instance_1,0.69,0,1860172,315.1
tools,oracle,ale,ale,1,1,3,life_sciences/cell_tracking_instance_1,0.380961,0,266326,189.2
tools,oracle,ale,ale,1,1,3,life_sciences/cell_translocation_analysis,0.0,0,537145,571.0
tools,oracle,ale,ale,1,1,3,life_sciences/tcga_brca_deg_analysis,0.0,0,4022799,1092.3
tools,oracle,ale,ale,1,1,3,physical_sciences/adapt_vqe_molecular_energy,1.0,1,1058071,841.8
tools,oracle,ale,ale,1,1,3,physical_sciences/gillespie_gene_regulatory_network,0.0,0,386679,243.4
tools,oracle,ale,ale,1,1,3,physical_sciences/glm_lake_calibration,0.0,0,449305,284.8
tools,oracle,ale,ale,1,1,3,physical_sciences/molecular_structure_plausibility,0.333333,0,320915,147.6
tools,oracle,ale,ale,1,1,3,physical_sciences/mose2_bse_absorption_soc,0.0,0,1810403,486.9
tools,oracle,ale,ale,1,1,3,psychology_neuro/scene2_resample,1.0,1,96133,166.8
tools,oracle,ale,ale,1,1,3,transport_safety/abm_hangzhou_metro,0.0,0,500965,420.7
tools,oracle,ale,ale,2,2,1,computing_math/cp_test_gen_1,0.0,0,746240,451.8
tools,oracle,ale,ale,2,2,1,computing_math/k3_abelian_extensions,0.0,0,1263290,830.9
tools,oracle,ale,ale,2,2,1,engineering/mpc_control_building_v1,0.0,0,8136905,1146.6
tools,oracle,ale,ale,2,2,1,health_medicine/healthcare_variant_annotation_pipeline,0.8,0,190176,137.7
tools,oracle,ale,ale,2,2,2,computing_math/cp_test_gen_1,0.9,0,1849044,347.2
tools,oracle,ale,ale,2,2,2,computing_math/k3_abelian_extensions,1.0,1,324860,256.9
tools,oracle,ale,ale,2,2,2,engineering/mpc_control_building_v1,0.0,0,3713410,952.4
tools,oracle,ale,ale,2,2,2,health_medicine/healthcare_variant_annotation_pipeline,0.999,0,1828158,338.8
tools,oracle,ale,ale,2,2,3,computing_math/cp_test_gen_1,0.6,0,203653,259.8
tools,oracle,ale,ale,2,2,3,computing_math/k3_abelian_extensions,0.0,0,1277358,682.6
tools,oracle,ale,ale,2,2,3,engineering/mpc_control_building_v1,0.0,0,2679233,749.4
tools,oracle,ale,ale,2,2,3,health_medicine/healthcare_variant_annotation_pipeline,1.0,1,176883,113.6
tools,oracle,ale,ale,3,3,1,business_finance/digital_marketing_ab_test_analysis_1,0.0,0,628856,291.4
tools,oracle,ale,ale,3,3,1,life_sciences/tms_marrow_cell_type_annotation_instance_1,0.0,0,760866,511.6
tools,oracle,ale,ale,3,3,2,business_finance/digital_marketing_ab_test_analysis_1,1.0,1,334179,260.1
tools,oracle,ale,ale,3,3,2,life_sciences/tms_marrow_cell_type_annotation_instance_1,0.0,0,785026,420.5
tools,oracle,ale,ale,3,3,3,business_finance/digital_marketing_ab_test_analysis_1,0.0,0,391365,219.7
tools,oracle,ale,ale,3,3,3,life_sciences/tms_marrow_cell_type_annotation_instance_1,0.0,0,492700,353.2
tools,oracle,ale,ale,4,4,1,business_finance/financial_stmt_reconstruction_aapl_fy2024,1.0,1,312994,102.2
tools,oracle,ale,ale,4,4,1,business_finance/sec_10k_financial_parsing,0.0,0,1035366,564.4
tools,oracle,ale,ale,4,4,1,engineering/openroad_sky130_ibex_pnr_signoff,0.0,0,440568,184.3
tools,oracle,ale,ale,4,4,1,health_medicine/prostate_imrt_matrad_reproduction,0.0,0,6115008,963.1
tools,oracle,ale,ale,4,4,1,health_medicine/wsi_tumor_localization_1,0.0,0,368242,224.8
tools,oracle,ale,ale,4,4,1,life_sciences/gene_expression_differential_analysis_functional_enrichment_analysis_1,0.0,0,0,722.7
tools,oracle,ale,ale,4,4,2,business_finance/financial_stmt_reconstruction_aapl_fy2024,0.933333,0,1120316,378.3
tools,oracle,ale,ale,4,4,2,business_finance/sec_10k_financial_parsing,0.3968,0,3059684,1956.8
tools,oracle,ale,ale,4,4,2,engineering/openroad_sky130_ibex_pnr_signoff,0.0,0,415118,160.6
tools,oracle,ale,ale,4,4,2,health_medicine/prostate_imrt_matrad_reproduction,0.0,0,5944287,610.7
tools,oracle,ale,ale,4,4,2,health_medicine/wsi_tumor_localization_1,0.0,0,154339,155.7
tools,oracle,ale,ale,4,4,2,life_sciences/gene_expression_differential_analysis_functional_enrichment_analysis_1,0.0,0,2325795,2351.4
tools,oracle,ale,ale,4,4,3,business_finance/financial_stmt_reconstruction_aapl_fy2024,1.0,1,662737,326.8
tools,oracle,ale,ale,4,4,3,business_finance/sec_10k_financial_parsing,0.1315,0,2614975,664.2
tools,oracle,ale,ale,4,4,3,engineering/openroad_sky130_ibex_pnr_signoff,0.0,0,554312,225.0
tools,oracle,ale,ale,4,4,3,health_medicine/prostate_imrt_matrad_reproduction,0.0,0,1875978,608.7
tools,oracle,ale,ale,4,4,3,health_medicine/wsi_tumor_localization_1,0.0,0,792285,275.4
tools,oracle,ale,ale,4,4,3,life_sciences/gene_expression_differential_analysis_functional_enrichment_analysis_1,0.0,0,0,1919.7
tools,oracle,ale,ale,5,5,1,business_finance/legal_ma_consistency_audit_01,0.0,0,1208066,345.9
tools,oracle,ale,ale,5,5,1,computing_math/clustered_cyclic_code_circuit_level_simulation,0.0,0,786625,772.7
tools,oracle,ale,ale,5,5,1,computing_math/data_pipeline_etl_instance_1,0.833333,0,282260,364.7
tools,oracle,ale,ale,5,5,1,computing_math/k8s_migration_1,0.479167,0,1442880,341.2
tools,oracle,ale,ale,5,5,1,engineering/humanoid_wbc_policy_evaluation,0.0,0,1215322,361.7
tools,oracle,ale,ale,5,5,1,health_medicine/healthcare_sap_group_sequential_nsclc,0.24,0,2192442,468.2
tools,oracle,ale,ale,5,5,1,health_medicine/healthcare_tcga_luad_survival_kras,0.0,0,1267964,2396.3
tools,oracle,ale,ale,5,5,1,health_medicine/ltmle_targeted_bootstrap_simulation_study,0.0,0,3002594,710.0
tools,oracle,ale,ale,5,5,1,health_medicine/public_health_mask_mandate_ratio,0.0,0,3107918,1279.9
tools,oracle,ale,ale,5,5,1,health_medicine/replicate_paper_1,1.0,1,2266466,879.6
tools,oracle,ale,ale,5,5,1,life_sciences/hg002_chr22_germline_variant_pipeline,0.0,0,568753,260.4
tools,oracle,ale,ale,5,5,1,life_sciences/idp_ensemble_scoring,0.0,0,3815215,1017.6
tools,oracle,ale,ale,5,5,1,life_sciences/rgi_mcr1_colistin_v2,1.0,1,608638,209.3
tools,oracle,ale,ale,5,5,1,physical_sciences/climate_prediction,0.4484,0,524338,1072.6
tools,oracle,ale,ale,5,5,1,social_sciences/atwood_2022_measles_vaccine_reproduction,0.0,0,813627,292.5
tools,oracle,ale,ale,5,5,1,transport_safety/capacitated_vehicle_routing_problems,0.33,0,986644,570.2
tools,oracle,ale,ale,5,5,1,transport_safety/fds_single_compartment_detector_reconstruction,0.0,0,633461,292.4
tools,oracle,ale,ale,5,5,2,business_finance/legal_ma_consistency_audit_01,0.0,0,672393,218.8
tools,oracle,ale,ale,5,5,2,computing_math/clustered_cyclic_code_circuit_level_simulation,0.0,0,2801239,500.3
tools,oracle,ale,ale,5,5,2,computing_math/data_pipeline_etl_instance_1,0.833333,0,265617,288.1
tools,oracle,ale,ale,5,5,2,computing_math/k8s_migration_1,0.274167,0,1818088,354.7
tools,oracle,ale,ale,5,5,2,engineering/humanoid_wbc_policy_evaluation,0.0,0,1386102,782.9
tools,oracle,ale,ale,5,5,2,health_medicine/healthcare_sap_group_sequential_nsclc,0.306667,0,3950607,812.7
tools,oracle,ale,ale,5,5,2,health_medicine/healthcare_tcga_luad_survival_kras,0.0,0,695283,1723.6
tools,oracle,ale,ale,5,5,2,health_medicine/ltmle_targeted_bootstrap_simulation_study,0.0,0,2085538,381.4
tools,oracle,ale,ale,5,5,2,health_medicine/public_health_mask_mandate_ratio,0.333333,0,1145986,560.8
tools,oracle,ale,ale,5,5,2,health_medicine/replicate_paper_1,1.0,1,675787,278.4
tools,oracle,ale,ale,5,5,2,life_sciences/hg002_chr22_germline_variant_pipeline,0.0,0,1528728,420.4
tools,oracle,ale,ale,5,5,2,life_sciences/idp_ensemble_scoring,0.0,0,1695462,498.6
tools,oracle,ale,ale,5,5,2,life_sciences/rgi_mcr1_colistin_v2,0.0,0,298851,220.0
tools,oracle,ale,ale,5,5,2,physical_sciences/climate_prediction,0.7911,0,612324,1046.7
tools,oracle,ale,ale,5,5,2,social_sciences/atwood_2022_measles_vaccine_reproduction,1.0,1,1343657,335.9
tools,oracle,ale,ale,5,5,2,transport_safety/capacitated_vehicle_routing_problems,0.0,0,2445577,680.1
tools,oracle,ale,ale,5,5,2,transport_safety/fds_single_compartment_detector_reconstruction,0.0,0,1717829,713.1
tools,oracle,ale,ale,5,5,3,business_finance/legal_ma_consistency_audit_01,0.0,0,382204,210.7
tools,oracle,ale,ale,5,5,3,computing_math/clustered_cyclic_code_circuit_level_simulation,0.0,0,1633004,541.8
tools,oracle,ale,ale,5,5,3,computing_math/data_pipeline_etl_instance_1,0.833333,0,277420,275.8
tools,oracle,ale,ale,5,5,3,computing_math/k8s_migration_1,0.479167,0,585030,194.0
tools,oracle,ale,ale,5,5,3,engineering/humanoid_wbc_policy_evaluation,0.0,0,3052955,485.9
tools,oracle,ale,ale,5,5,3,health_medicine/healthcare_sap_group_sequential_nsclc,0.218571,0,3801809,743.4
tools,oracle,ale,ale,5,5,3,health_medicine/healthcare_tcga_luad_survival_kras,0.0,0,1221957,980.8
tools,oracle,ale,ale,5,5,3,health_medicine/ltmle_targeted_bootstrap_simulation_study,0.0,0,5912379,907.6
tools,oracle,ale,ale,5,5,3,health_medicine/public_health_mask_mandate_ratio,0.333333,0,2872600,2604.0
tools,oracle,ale,ale,5,5,3,health_medicine/replicate_paper_1,1.0,1,208156,200.3
tools,oracle,ale,ale,5,5,3,life_sciences/hg002_chr22_germline_variant_pipeline,0.0,0,1614911,366.9
tools,oracle,ale,ale,5,5,3,life_sciences/idp_ensemble_scoring,0.0,0,1184950,565.1
tools,oracle,ale,ale,5,5,3,life_sciences/rgi_mcr1_colistin_v2,1.0,1,950394,247.2
tools,oracle,ale,ale,5,5,3,physical_sciences/climate_prediction,0.4483,0,838386,273.2
tools,oracle,ale,ale,5,5,3,social_sciences/atwood_2022_measles_vaccine_reproduction,0.0,0,813653,242.0
tools,oracle,ale,ale,5,5,3,transport_safety/capacitated_vehicle_routing_problems,0.33,0,1930338,537.7
tools,oracle,ale,ale,5,5,3,transport_safety/fds_single_compartment_detector_reconstruction,0.0,0,731647,211.8
tools,oracle,eog,calendar,1,1,1,task_20251124_112741_995_0a0bf089_3906a767,0.8,0,42161,83.9
tools,oracle,eog,calendar,1,1,1,task_20251128_220140_863_df2c536d_4aa7dcfd,0.666667,0,56501,156.1
tools,oracle,eog,calendar,1,1,1,task_20251130_105156_866_0a0bf089_eef6d2ed,0.25,0,42349,109.6
tools,oracle,eog,calendar,1,1,1,task_20251203_080219_432_6f5b66fc_03eb353c,0.8,0,124101,322.0
tools,oracle,eog,calendar,1,1,1,task_20251203_091910_549_bca89e7d_de59e44a,0.833333,0,112524,262.5
tools,oracle,eog,calendar,1,1,1,task_20251203_142634_160_bca89e7d_193f597f,0.8,0,71878,228.1
tools,oracle,eog,calendar,1,1,1,task_20251203_142725_377_6f5b66fc_c990483e,0.666667,0,44962,274.1
tools,oracle,eog,calendar,1,1,1,task_20251205_032409_945_0a0bf089_61f5be29,0.0,0,13094,62.7
tools,oracle,eog,calendar,1,1,1,task_20260102_175948_337_6f5b66fc_f9bfbf1d,0.666667,0,64825,179.5
tools,oracle,eog,calendar,1,1,1,task_20260104_192853_372_6f5b66fc_12ceda34,0.333333,0,25207,113.5
tools,oracle,eog,calendar,1,1,1,task_20260104_205924_379_e0ac0c6d_cec96398,0.666667,0,118341,131.0
tools,oracle,eog,calendar,1,1,1,task_20260105_074654_229_bca89e7d_39d9c8ac,0.833333,0,54653,161.1
tools,oracle,eog,calendar,1,1,1,task_20260105_124102_961_e0ac0c6d_0b196906,1.0,1,24960,71.2
tools,oracle,eog,calendar,1,1,1,task_20260105_140440_086_e0ac0c6d_27ecac16,1.0,1,24943,72.1
tools,oracle,eog,calendar,1,1,1,task_20260105_163511_384_79b3b025_1ff6d0c6,1.0,1,66785,126.6
tools,oracle,eog,calendar,1,1,1,task_20260105_212045_832_e0ac0c6d_84c7f524,0.833333,0,24489,63.5
tools,oracle,eog,calendar,1,1,1,task_20260105_221239_098_e0ac0c6d_f5f338f3,1.0,1,24607,66.6
tools,oracle,eog,calendar,1,1,1,task_20260105_222434_398_79b3b025_ccd9b889,0.75,0,85066,226.1
tools,oracle,eog,calendar,1,1,1,task_20260106_103319_873_baf0b358_69ce7445,1.0,1,87072,183.4
tools,oracle,eog,calendar,1,1,1,task_20260106_114228_782_79b3b025_b556c84d,1.0,1,66875,174.8
tools,oracle,eog,calendar,1,1,1,task_20260106_152415_149_6f5b66fc_aad3df17,1.0,1,58903,176.0
tools,oracle,eog,calendar,1,1,1,task_20260106_170952_179_e0ac0c6d_791fba5e,1.0,1,23881,43.4
tools,oracle,eog,calendar,1,1,1,task_20260107_144751_333_79b3b025_92bfb77e,0.857143,0,96124,277.1
tools,oracle,eog,calendar,1,1,1,task_20260107_193032_599_e0ac0c6d_403469c5,1.0,1,24746,35.7
tools,oracle,eog,calendar,1,1,1,task_20260108_182727_772_4608325d_60b7f5d9,0.666667,0,67919,109.7
tools,oracle,eog,calendar,1,1,1,task_20260121_144251_116_38405923_9438dabd,0.0,0,28795,68.0
tools,oracle,eog,calendar,1,1,1,task_20260121_161936_323_cbcf38f8_50ccd164,0.0,0,103036,138.6
tools,oracle,eog,calendar,1,1,1,task_20260121_171247_475_cbcf38f8_c0a86487,0.5,0,75887,161.2
tools,oracle,eog,calendar,1,1,1,task_20260122_024556_370_38405923_1a174d84,0.833333,0,46546,66.9
tools,oracle,eog,calendar,1,1,2,task_20251124_112741_995_0a0bf089_3906a767,0.6,0,29386,64.2
tools,oracle,eog,calendar,1,1,2,task_20251128_220140_863_df2c536d_4aa7dcfd,0.666667,0,45870,147.5
tools,oracle,eog,calendar,1,1,2,task_20251130_105156_866_0a0bf089_eef6d2ed,0.25,0,47512,84.9
tools,oracle,eog,calendar,1,1,2,task_20251203_080219_432_6f5b66fc_03eb353c,0.8,0,70721,236.6
tools,oracle,eog,calendar,1,1,2,task_20251203_091910_549_bca89e7d_de59e44a,0.666667,0,74890,210.7
tools,oracle,eog,calendar,1,1,2,task_20251203_142634_160_bca89e7d_193f597f,0.8,0,72885,368.9
tools,oracle,eog,calendar,1,1,2,task_20251203_142725_377_6f5b66fc_c990483e,0.333333,0,53465,187.8
tools,oracle,eog,calendar,1,1,2,task_20251205_032409_945_0a0bf089_61f5be29,0.0,0,14237,77.9
tools,oracle,eog,calendar,1,1,2,task_20260102_175948_337_6f5b66fc_f9bfbf1d,1.0,1,53669,121.8
tools,oracle,eog,calendar,1,1,2,task_20260104_192853_372_6f5b66fc_12ceda34,0.333333,0,48747,155.7
tools,oracle,eog,calendar,1,1,2,task_20260104_205924_379_e0ac0c6d_cec96398,0.5,0,54768,152.2
tools,oracle,eog,calendar,1,1,2,task_20260105_074654_229_bca89e7d_39d9c8ac,1.0,1,81611,204.1
tools,oracle,eog,calendar,1,1,2,task_20260105_124102_961_e0ac0c6d_0b196906,1.0,1,25381,100.3
tools,oracle,eog,calendar,1,1,2,task_20260105_140440_086_e0ac0c6d_27ecac16,1.0,1,25006,116.3
tools,oracle,eog,calendar,1,1,2,task_20260105_163511_384_79b3b025_1ff6d0c6,1.0,1,71000,129.1
tools,oracle,eog,calendar,1,1,2,task_20260105_212045_832_e0ac0c6d_84c7f524,0.833333,0,24459,68.7
tools,oracle,eog,calendar,1,1,2,task_20260105_221239_098_e0ac0c6d_f5f338f3,1.0,1,25067,91.5
tools,oracle,eog,calendar,1,1,2,task_20260105_222434_398_79b3b025_ccd9b889,0.75,0,86150,166.1
tools,oracle,eog,calendar,1,1,2,task_20260106_103319_873_baf0b358_69ce7445,1.0,1,102010,183.6
tools,oracle,eog,calendar,1,1,2,task_20260106_114228_782_79b3b025_b556c84d,1.0,1,119413,236.7
tools,oracle,eog,calendar,1,1,2,task_20260106_152415_149_6f5b66fc_aad3df17,1.0,1,69827,273.1
tools,oracle,eog,calendar,1,1,2,task_20260106_170952_179_e0ac0c6d_791fba5e,1.0,1,23554,57.9
tools,oracle,eog,calendar,1,1,2,task_20260107_144751_333_79b3b025_92bfb77e,0.857143,0,152743,384.8
tools,oracle,eog,calendar,1,1,2,task_20260107_193032_599_e0ac0c6d_403469c5,1.0,1,23548,59.2
tools,oracle,eog,calendar,1,1,2,task_20260108_182727_772_4608325d_60b7f5d9,0.666667,0,69434,178.7
tools,oracle,eog,calendar,1,1,2,task_20260121_144251_116_38405923_9438dabd,0.0,0,27888,84.3
tools,oracle,eog,calendar,1,1,2,task_20260121_161936_323_cbcf38f8_50ccd164,0.0,0,84806,209.2
tools,oracle,eog,calendar,1,1,2,task_20260121_171247_475_cbcf38f8_c0a86487,0.5,0,95085,274.0
tools,oracle,eog,calendar,1,1,2,task_20260122_024556_370_38405923_1a174d84,0.833333,0,31654,119.6
tools,oracle,eog,calendar,1,1,3,task_20251124_112741_995_0a0bf089_3906a767,0.6,0,27032,56.1
tools,oracle,eog,calendar,1,1,3,task_20251128_220140_863_df2c536d_4aa7dcfd,0.666667,0,63386,124.0
tools,oracle,eog,calendar,1,1,3,task_20251130_105156_866_0a0bf089_eef6d2ed,0.25,0,57362,91.9
tools,oracle,eog,calendar,1,1,3,task_20251203_080219_432_6f5b66fc_03eb353c,0.6,0,94018,197.6
tools,oracle,eog,calendar,1,1,3,task_20251203_091910_549_bca89e7d_de59e44a,0.833333,0,115994,210.7
tools,oracle,eog,calendar,1,1,3,task_20251203_142634_160_bca89e7d_193f597f,1.0,1,72887,249.1
tools,oracle,eog,calendar,1,1,3,task_20251203_142725_377_6f5b66fc_c990483e,0.333333,0,40405,102.6
tools,oracle,eog,calendar,1,1,3,task_20251205_032409_945_0a0bf089_61f5be29,0.0,0,12707,36.0
tools,oracle,eog,calendar,1,1,3,task_20260102_175948_337_6f5b66fc_f9bfbf1d,0.666667,0,77965,149.6
tools,oracle,eog,calendar,1,1,3,task_20260104_192853_372_6f5b66fc_12ceda34,0.333333,0,37918,131.5
tools,oracle,eog,calendar,1,1,3,task_20260104_205924_379_e0ac0c6d_cec96398,0.333333,0,50772,104.2
tools,oracle,eog,calendar,1,1,3,task_20260105_074654_229_bca89e7d_39d9c8ac,1.0,1,88254,185.5
tools,oracle,eog,calendar,1,1,3,task_20260105_124102_961_e0ac0c6d_0b196906,1.0,1,26675,70.2
tools,oracle,eog,calendar,1,1,3,task_20260105_140440_086_e0ac0c6d_27ecac16,1.0,1,34414,67.0
tools,oracle,eog,calendar,1,1,3,task_20260105_163511_384_79b3b025_1ff6d0c6,1.0,1,56361,92.0
tools,oracle,eog,calendar,1,1,3,task_20260105_212045_832_e0ac0c6d_84c7f524,0.833333,0,24682,50.5
tools,oracle,eog,calendar,1,1,3,task_20260105_221239_098_e0ac0c6d_f5f338f3,1.0,1,25981,72.7
tools,oracle,eog,calendar,1,1,3,task_20260105_222434_398_79b3b025_ccd9b889,0.75,0,89866,149.1
tools,oracle,eog,calendar,1,1,3,task_20260106_103319_873_baf0b358_69ce7445,1.0,1,56855,149.5
tools,oracle,eog,calendar,1,1,3,task_20260106_114228_782_79b3b025_b556c84d,1.0,1,89331,179.5
tools,oracle,eog,calendar,1,1,3,task_20260106_152415_149_6f5b66fc_aad3df17,1.0,1,55360,188.3
tools,oracle,eog,calendar,1,1,3,task_20260106_170952_179_e0ac0c6d_791fba5e,1.0,1,23892,44.9
tools,oracle,eog,calendar,1,1,3,task_20260107_144751_333_79b3b025_92bfb77e,0.0,0,38975,112.9
tools,oracle,eog,calendar,1,1,3,task_20260107_193032_599_e0ac0c6d_403469c5,1.0,1,24329,44.9
tools,oracle,eog,calendar,1,1,3,task_20260108_182727_772_4608325d_60b7f5d9,0.666667,0,66976,123.7
tools,oracle,eog,calendar,1,1,3,task_20260121_144251_116_38405923_9438dabd,0.0,0,28364,67.3
tools,oracle,eog,calendar,1,1,3,task_20260121_161936_323_cbcf38f8_50ccd164,0.0,0,115017,169.2
tools,oracle,eog,calendar,1,1,3,task_20260121_171247_475_cbcf38f8_c0a86487,0.5,0,55501,140.2
tools,oracle,eog,calendar,1,1,3,task_20260122_024556_370_38405923_1a174d84,1.0,1,33540,57.7
tools,oracle,eog,calendar,2,2,1,task_20251117_165528_648_bca89e7d_3e81ece9,1.0,1,31796,161.9
tools,oracle,eog,calendar,2,2,1,task_20251201_113908_295_e81f6083_e770442c,0.714286,0,129400,404.2
tools,oracle,eog,calendar,2,2,1,task_20251203_184109_641_6f5b66fc_e62d330e,0.333333,0,50671,249.7
tools,oracle,eog,calendar,2,2,1,task_20251203_190727_704_e81f6083_f2fd8fe6,0.0,0,95161,306.9
tools,oracle,eog,calendar,2,2,1,task_20251203_194320_796_df2c536d_c885488e,0.75,0,69324,380.6
tools,oracle,eog,calendar,2,2,1,task_20260104_143530_440_6f5b66fc_b6b24e96,0.333333,0,52363,319.8
tools,oracle,eog,calendar,2,2,1,task_20260106_112632_846_bca89e7d_5d19e8f3,0.666667,0,61718,236.4
tools,oracle,eog,calendar,2,2,1,task_20260107_093643_038_df2c536d_f90fd06e,0.75,0,44553,184.4
tools,oracle,eog,calendar,2,2,1,task_20260108_142310_191_df2c536d_c6edcf9f,0.666667,0,61971,353.2
tools,oracle,eog,calendar,2,2,1,task_20260121_214553_691_cbcf38f8_abce7315,0.666667,0,55727,248.0
tools,oracle,eog,calendar,2,2,2,task_20251117_165528_648_bca89e7d_3e81ece9,1.0,1,39753,126.7
tools,oracle,eog,calendar,2,2,2,task_20251201_113908_295_e81f6083_e770442c,0.857143,0,192130,586.8
tools,oracle,eog,calendar,2,2,2,task_20251203_184109_641_6f5b66fc_e62d330e,0.333333,0,74615,397.6
tools,oracle,eog,calendar,2,2,2,task_20251203_190727_704_e81f6083_f2fd8fe6,0.5,0,108145,417.3
tools,oracle,eog,calendar,2,2,2,task_20251203_194320_796_df2c536d_c885488e,0.75,0,78880,418.0
tools,oracle,eog,calendar,2,2,2,task_20260104_143530_440_6f5b66fc_b6b24e96,0.333333,0,47493,248.5
tools,oracle,eog,calendar,2,2,2,task_20260106_112632_846_bca89e7d_5d19e8f3,0.666667,0,60183,148.0
tools,oracle,eog,calendar,2,2,2,task_20260107_093643_038_df2c536d_f90fd06e,0.75,0,53327,114.9
tools,oracle,eog,calendar,2,2,2,task_20260108_142310_191_df2c536d_c6edcf9f,0.666667,0,55435,198.2
tools,oracle,eog,calendar,2,2,2,task_20260121_214553_691_cbcf38f8_abce7315,0.0,0,27023,150.9
tools,oracle,eog,calendar,2,2,3,task_20251117_165528_648_bca89e7d_3e81ece9,1.0,1,40262,174.1
tools,oracle,eog,calendar,2,2,3,task_20251201_113908_295_e81f6083_e770442c,1.0,1,124541,345.9
tools,oracle,eog,calendar,2,2,3,task_20251203_184109_641_6f5b66fc_e62d330e,0.333333,0,53981,244.2
tools,oracle,eog,calendar,2,2,3,task_20251203_190727_704_e81f6083_f2fd8fe6,0.1,0,102618,398.5
tools,oracle,eog,calendar,2,2,3,task_20251203_194320_796_df2c536d_c885488e,0.75,0,96188,408.5
tools,oracle,eog,calendar,2,2,3,task_20260104_143530_440_6f5b66fc_b6b24e96,0.666667,0,86310,488.5
tools,oracle,eog,calendar,2,2,3,task_20260106_112632_846_bca89e7d_5d19e8f3,0.666667,0,62105,187.9
tools,oracle,eog,calendar,2,2,3,task_20260107_093643_038_df2c536d_f90fd06e,0.75,0,70320,174.7
tools,oracle,eog,calendar,2,2,3,task_20260108_142310_191_df2c536d_c6edcf9f,0.666667,0,59707,303.8
tools,oracle,eog,calendar,2,2,3,task_20260121_214553_691_cbcf38f8_abce7315,0.666667,0,56204,260.0
tools,oracle,eog,calendar,3,3,1,task_20251202_121726_036_e81f6083_cc1636ad,0.916667,0,43432,728.8
tools,oracle,eog,calendar,3,3,1,task_20251203_133512_548_e81f6083_738dfe0c,0.727273,0,43519,732.6
tools,oracle,eog,calendar,3,3,1,task_20260106_143218_938_79b3b025_ce953a94,0.428571,0,86125,829.6
tools,oracle,eog,calendar,3,3,1,task_20260106_153404_124_79b3b025_914e7207,0.857143,0,130358,820.1
tools,oracle,eog,calendar,3,3,2,task_20251202_121726_036_e81f6083_cc1636ad,0.916667,0,108509,383.1
tools,oracle,eog,calendar,3,3,2,task_20251203_133512_548_e81f6083_738dfe0c,1.0,1,44641,203.4
tools,oracle,eog,calendar,3,3,2,task_20260106_143218_938_79b3b025_ce953a94,0.428571,0,89554,269.7
tools,oracle,eog,calendar,3,3,2,task_20260106_153404_124_79b3b025_914e7207,0.857143,0,131152,222.1
tools,oracle,eog,calendar,3,3,3,task_20251202_121726_036_e81f6083_cc1636ad,1.0,1,77372,232.9
tools,oracle,eog,calendar,3,3,3,task_20251203_133512_548_e81f6083_738dfe0c,1.0,1,45271,175.8
tools,oracle,eog,calendar,3,3,3,task_20260106_143218_938_79b3b025_ce953a94,0.428571,0,86269,251.3
tools,oracle,eog,calendar,3,3,3,task_20260106_153404_124_79b3b025_914e7207,0.857143,0,96201,341.4
tools,oracle,eog,csm,1,1,1,task_20251127_070938_325_b393a327_a40b1f4e,0.0,0,33483,189.1
tools,oracle,eog,csm,1,1,1,task_20251204_231522_245_e6427839_5d09c3c2,1.0,1,44827,147.3
tools,oracle,eog,csm,1,1,1,task_20251205_194841_224_391f1eff_136bedae,0.0,0,5629,69.8
tools,oracle,eog,csm,1,1,1,task_20251208_035402_755_ad5a67e3_8ca9a646,0.0,0,75862,228.8
tools,oracle,eog,csm,1,1,1,task_20251210_145940_356_accab84d_c16e9916,0.0,0,101705,427.3
tools,oracle,eog,csm,1,1,1,task_20251210_161511_924_2aa6b0ad_1446c2b4,0.666667,0,46408,171.8
tools,oracle,eog,csm,1,1,1,task_20251211_192109_853_99ba2325_b21298a0,0.6,0,68906,278.0
tools,oracle,eog,csm,1,1,1,task_20260102_155148_014_accab84d_910b176a,0.5,0,30253,149.7
tools,oracle,eog,csm,1,1,1,task_20260102_162857_012_391f1eff_39478d55,1.0,1,41303,215.2
tools,oracle,eog,csm,1,1,1,task_20260106_134616_649_e6427839_7dba5a00,1.0,1,40279,165.5
tools,oracle,eog,csm,1,1,1,task_20260106_155841_121_e6427839_fa425cbe,0.5,0,57170,186.9
tools,oracle,eog,csm,1,1,1,task_20260106_185201_238_00364ece_8ab4fd80,0.333333,0,67178,283.2
tools,oracle,eog,csm,1,1,1,task_20260107_162554_472_accab84d_41d2e871,0.0,0,42408,173.7
tools,oracle,eog,csm,1,1,2,task_20251127_070938_325_b393a327_a40b1f4e,0.0,0,36109,291.9
tools,oracle,eog,csm,1,1,2,task_20251204_231522_245_e6427839_5d09c3c2,1.0,1,58712,323.4
tools,oracle,eog,csm,1,1,2,task_20251205_194841_224_391f1eff_136bedae,0.0,0,10552,173.4
tools,oracle,eog,csm,1,1,2,task_20251208_035402_755_ad5a67e3_8ca9a646,1.0,1,44092,267.9
tools,oracle,eog,csm,1,1,2,task_20251210_145940_356_accab84d_c16e9916,0.6,0,163647,592.3
tools,oracle,eog,csm,1,1,2,task_20251210_161511_924_2aa6b0ad_1446c2b4,0.666667,0,47023,231.3
tools,oracle,eog,csm,1,1,2,task_20251211_192109_853_99ba2325_b21298a0,0.6,0,59088,274.1
tools,oracle,eog,csm,1,1,2,task_20260102_155148_014_accab84d_910b176a,0.75,0,44332,274.4
tools,oracle,eog,csm,1,1,2,task_20260102_162857_012_391f1eff_39478d55,1.0,1,37899,269.5
tools,oracle,eog,csm,1,1,2,task_20260106_134616_649_e6427839_7dba5a00,1.0,1,36319,277.0
tools,oracle,eog,csm,1,1,2,task_20260106_155841_121_e6427839_fa425cbe,1.0,1,63327,319.7
tools,oracle,eog,csm,1,1,2,task_20260106_185201_238_00364ece_8ab4fd80,0.666667,0,75911,362.2
tools,oracle,eog,csm,1,1,2,task_20260107_162554_472_accab84d_41d2e871,0.0,0,159928,411.9
tools,oracle,eog,csm,1,1,3,task_20251127_070938_325_b393a327_a40b1f4e,0.0,0,39721,421.2
tools,oracle,eog,csm,1,1,3,task_20251204_231522_245_e6427839_5d09c3c2,1.0,1,40785,274.1
tools,oracle,eog,csm,1,1,3,task_20251205_194841_224_391f1eff_136bedae,0.0,0,13552,117.2
tools,oracle,eog,csm,1,1,3,task_20251208_035402_755_ad5a67e3_8ca9a646,1.0,1,50789,423.3
tools,oracle,eog,csm,1,1,3,task_20251210_145940_356_accab84d_c16e9916,0.0,0,96992,1096.4
tools,oracle,eog,csm,1,1,3,task_20251210_161511_924_2aa6b0ad_1446c2b4,0.666667,0,38795,256.4
tools,oracle,eog,csm,1,1,3,task_20251211_192109_853_99ba2325_b21298a0,0.8,0,72247,531.9
tools,oracle,eog,csm,1,1,3,task_20260102_155148_014_accab84d_910b176a,0.5,0,30953,266.7
tools,oracle,eog,csm,1,1,3,task_20260102_162857_012_391f1eff_39478d55,1.0,1,37318,518.7
tools,oracle,eog,csm,1,1,3,task_20260106_134616_649_e6427839_7dba5a00,0.5,0,44849,419.9
tools,oracle,eog,csm,1,1,3,task_20260106_155841_121_e6427839_fa425cbe,0.5,0,83590,577.9
tools,oracle,eog,csm,1,1,3,task_20260106_185201_238_00364ece_8ab4fd80,0.666667,0,73554,778.0
tools,oracle,eog,csm,1,1,3,task_20260107_162554_472_accab84d_41d2e871,0.0,0,56476,455.3
tools,oracle,eog,csm,2,2,1,task_20251128_072831_616_6cd2e092_426f7c81,0.75,0,191935,967.5
tools,oracle,eog,csm,2,2,1,task_20251203_194626_202_391f1eff_1336fae8,0.0,0,33559,108.0
tools,oracle,eog,csm,2,2,1,task_20251205_154853_044_d4a463c3_fce76046,0.0,0,26123,66.8
tools,oracle,eog,csm,2,2,1,task_20251206_091748_833_a8eea1c0_7775ff15,1.0,1,55455,175.7
tools,oracle,eog,csm,2,2,1,task_20251206_113950_467_6cd2e092_1a268d87,0.5,0,23730,92.2
tools,oracle,eog,csm,2,2,1,task_20251206_114027_879_5c0cd3a2_904991cc,0.5,0,22041,55.9
tools,oracle,eog,csm,2,2,1,task_20251206_130444_802_6cd2e092_8979087f,0.5,0,196184,1388.9
tools,oracle,eog,csm,2,2,1,task_20251212_222304_435_66392a82_815cd745,1.0,1,55295,178.6
tools,oracle,eog,csm,2,2,1,task_20251231_152332_133_ad5a67e3_2a4e226c,0.5,0,30241,87.1
tools,oracle,eog,csm,2,2,1,task_20251231_164213_376_00364ece_724e98d5,1.0,1,46963,174.4
tools,oracle,eog,csm,2,2,1,task_20260101_111750_695_30600918_80637585,0.5,0,56337,848.4
tools,oracle,eog,csm,2,2,1,task_20260105_191634_257_2aa6b0ad_ea0bbd82,0.666667,0,60364,163.8
tools,oracle,eog,csm,2,2,1,task_20260105_221816_258_00364ece_50f56980,0.75,0,51343,428.9
tools,oracle,eog,csm,2,2,1,task_20260106_090444_873_99ba2325_980a3405,1.0,1,75356,972.4
tools,oracle,eog,csm,2,2,1,task_20260106_161859_265_00364ece_0e836ce8,0.5,0,63595,430.9
tools,oracle,eog,csm,2,2,2,task_20251128_072831_616_6cd2e092_426f7c81,0.75,0,68020,276.4
tools,oracle,eog,csm,2,2,2,task_20251203_194626_202_391f1eff_1336fae8,0.666667,0,41484,154.6
tools,oracle,eog,csm,2,2,2,task_20251205_154853_044_d4a463c3_fce76046,0.0,0,25306,56.4
tools,oracle,eog,csm,2,2,2,task_20251206_091748_833_a8eea1c0_7775ff15,1.0,1,41314,165.5
tools,oracle,eog,csm,2,2,2,task_20251206_113950_467_6cd2e092_1a268d87,0.5,0,48331,165.8
tools,oracle,eog,csm,2,2,2,task_20251206_114027_879_5c0cd3a2_904991cc,0.5,0,16260,47.5
tools,oracle,eog,csm,2,2,2,task_20251206_130444_802_6cd2e092_8979087f,0.75,0,192293,349.3
tools,oracle,eog,csm,2,2,2,task_20251212_222304_435_66392a82_815cd745,1.0,1,91443,218.1
tools,oracle,eog,csm,2,2,2,task_20251231_152332_133_ad5a67e3_2a4e226c,0.5,0,29648,87.8
tools,oracle,eog,csm,2,2,2,task_20251231_164213_376_00364ece_724e98d5,1.0,1,42273,179.3
tools,oracle,eog,csm,2,2,2,task_20260101_111750_695_30600918_80637585,0.5,0,79097,313.5
tools,oracle,eog,csm,2,2,2,task_20260105_191634_257_2aa6b0ad_ea0bbd82,1.0,1,70825,186.4
tools,oracle,eog,csm,2,2,2,task_20260105_221816_258_00364ece_50f56980,0.0,0,41217,151.1
tools,oracle,eog,csm,2,2,2,task_20260106_090444_873_99ba2325_980a3405,1.0,1,60384,258.4
tools,oracle,eog,csm,2,2,2,task_20260106_161859_265_00364ece_0e836ce8,0.5,0,77632,277.1
tools,oracle,eog,csm,2,2,3,task_20251128_072831_616_6cd2e092_426f7c81,0.75,0,168200,232.0
tools,oracle,eog,csm,2,2,3,task_20251203_194626_202_391f1eff_1336fae8,0.0,0,33018,97.6
tools,oracle,eog,csm,2,2,3,task_20251205_154853_044_d4a463c3_fce76046,0.0,0,24493,48.8
tools,oracle,eog,csm,2,2,3,task_20251206_091748_833_a8eea1c0_7775ff15,1.0,1,50529,188.4
tools,oracle,eog,csm,2,2,3,task_20251206_113950_467_6cd2e092_1a268d87,0.5,0,31633,112.4
tools,oracle,eog,csm,2,2,3,task_20251206_114027_879_5c0cd3a2_904991cc,0.5,0,22994,60.2
tools,oracle,eog,csm,2,2,3,task_20251206_130444_802_6cd2e092_8979087f,0.75,0,281528,344.1
tools,oracle,eog,csm,2,2,3,task_20251212_222304_435_66392a82_815cd745,1.0,1,80371,200.6
tools,oracle,eog,csm,2,2,3,task_20251231_152332_133_ad5a67e3_2a4e226c,0.5,0,29936,78.8
tools,oracle,eog,csm,2,2,3,task_20251231_164213_376_00364ece_724e98d5,1.0,1,50330,200.5
tools,oracle,eog,csm,2,2,3,task_20260101_111750_695_30600918_80637585,0.5,0,116728,325.5
tools,oracle,eog,csm,2,2,3,task_20260105_191634_257_2aa6b0ad_ea0bbd82,0.666667,0,63725,122.8
tools,oracle,eog,csm,2,2,3,task_20260105_221816_258_00364ece_50f56980,1.0,1,99965,237.0
tools,oracle,eog,csm,2,2,3,task_20260106_090444_873_99ba2325_980a3405,1.0,1,68351,268.9
tools,oracle,eog,csm,2,2,3,task_20260106_161859_265_00364ece_0e836ce8,0.75,0,83557,275.5
tools,oracle,eog,csm,3,3,1,task_20251203_051113_560_99ba2325_1ff9b6e5,1.0,1,42986,215.6
tools,oracle,eog,csm,3,3,1,task_20251205_060649_946_66392a82_354af85a,1.0,1,57550,148.3
tools,oracle,eog,csm,3,3,1,task_20251205_072016_336_46ca2862_e9006fbb,1.0,1,81137,172.8
tools,oracle,eog,csm,3,3,1,task_20251205_075543_102_46ca2862_7ba653d0,0.8,0,67734,239.8
tools,oracle,eog,csm,3,3,1,task_20251210_183114_382_99ba2325_071a72ab,0.5,0,34761,190.9
tools,oracle,eog,csm,3,3,1,task_20251211_021838_048_accab84d_a511ee6e,0.666667,0,54461,164.2
tools,oracle,eog,csm,3,3,1,task_20260101_191529_659_a8eea1c0_27d3bf1b,0.833333,0,83569,288.5
tools,oracle,eog,csm,3,3,1,task_20260101_233731_695_00364ece_187f2808,1.0,1,69285,289.4
tools,oracle,eog,csm,3,3,1,task_20260102_031908_712_accab84d_886a7365,0.777778,0,116751,311.8
tools,oracle,eog,csm,3,3,1,task_20260102_100510_709_66392a82_3d301c18,0.8,0,49395,155.6
tools,oracle,eog,csm,3,3,1,task_20260102_165223_158_99ba2325_67a4a1e9,0.0,0,7299,53.5
tools,oracle,eog,csm,3,3,1,task_20260102_172945_725_ad5a67e3_5480e26f,0.8,0,231599,356.3
tools,oracle,eog,csm,3,3,1,task_20260102_210829_972_2aa6b0ad_e3d70e04,1.0,1,91274,232.0
tools,oracle,eog,csm,3,3,1,task_20260106_145907_700_a8eea1c0_f5bae698,1.0,1,138140,452.4
tools,oracle,eog,csm,3,3,1,task_20260106_151754_319_d4a463c3_41f0af13,1.0,1,404086,525.1
tools,oracle,eog,csm,3,3,1,task_20260106_161324_272_c4ad7a70_4b3980fc,1.0,1,40696,175.8
tools,oracle,eog,csm,3,3,1,task_20260108_160928_699_391f1eff_905701cb,0.0,0,39947,110.3
tools,oracle,eog,csm,3,3,1,task_20260121_162252_344_1afb323a_f878fac7,1.0,1,60012,205.9
tools,oracle,eog,csm,3,3,1,task_20260121_163208_054_1afb323a_7f40ee66,0.0,0,43762,206.4
tools,oracle,eog,csm,3,3,1,task_20260121_183027_058_1afb323a_c53cb400,0.8,0,55948,101.6
tools,oracle,eog,csm,3,3,2,task_20251203_051113_560_99ba2325_1ff9b6e5,1.0,1,56967,304.2
tools,oracle,eog,csm,3,3,2,task_20251205_060649_946_66392a82_354af85a,1.0,1,61239,184.3
tools,oracle,eog,csm,3,3,2,task_20251205_072016_336_46ca2862_e9006fbb,1.0,1,73317,161.1
tools,oracle,eog,csm,3,3,2,task_20251205_075543_102_46ca2862_7ba653d0,1.0,1,64498,154.1
tools,oracle,eog,csm,3,3,2,task_20251210_183114_382_99ba2325_071a72ab,0.5,0,35961,173.4
tools,oracle,eog,csm,3,3,2,task_20251211_021838_048_accab84d_a511ee6e,0.666667,0,52382,130.5
tools,oracle,eog,csm,3,3,2,task_20260101_191529_659_a8eea1c0_27d3bf1b,0.833333,0,94881,964.7
tools,oracle,eog,csm,3,3,2,task_20260101_233731_695_00364ece_187f2808,1.0,1,47576,152.8
tools,oracle,eog,csm,3,3,2,task_20260102_031908_712_accab84d_886a7365,0.777778,0,180279,1317.9
tools,oracle,eog,csm,3,3,2,task_20260102_100510_709_66392a82_3d301c18,0.8,0,330284,1264.1
tools,oracle,eog,csm,3,3,2,task_20260102_165223_158_99ba2325_67a4a1e9,0.5,0,44394,188.0
tools,oracle,eog,csm,3,3,2,task_20260102_172945_725_ad5a67e3_5480e26f,1.0,1,231627,960.8
tools,oracle,eog,csm,3,3,2,task_20260102_210829_972_2aa6b0ad_e3d70e04,1.0,1,106140,657.9
tools,oracle,eog,csm,3,3,2,task_20260106_145907_700_a8eea1c0_f5bae698,0.714286,0,187404,1503.8
tools,oracle,eog,csm,3,3,2,task_20260106_151754_319_d4a463c3_41f0af13,0.0,0,7657,51.2
tools,oracle,eog,csm,3,3,2,task_20260106_161324_272_c4ad7a70_4b3980fc,1.0,1,59492,302.9
tools,oracle,eog,csm,3,3,2,task_20260108_160928_699_391f1eff_905701cb,0.0,0,37195,98.9
tools,oracle,eog,csm,3,3,2,task_20260121_162252_344_1afb323a_f878fac7,1.0,1,45739,768.0
tools,oracle,eog,csm,3,3,2,task_20260121_163208_054_1afb323a_7f40ee66,0.0,0,41386,748.4
tools,oracle,eog,csm,3,3,2,task_20260121_183027_058_1afb323a_c53cb400,0.8,0,62993,866.2
tools,oracle,eog,csm,3,3,3,task_20251203_051113_560_99ba2325_1ff9b6e5,0.666667,0,50437,1500.5
tools,oracle,eog,csm,3,3,3,task_20251205_060649_946_66392a82_354af85a,0.666667,0,62029,1556.9
tools,oracle,eog,csm,3,3,3,task_20251205_072016_336_46ca2862_e9006fbb,1.0,1,86425,2463.8
tools,oracle,eog,csm,3,3,3,task_20251205_075543_102_46ca2862_7ba653d0,0.8,0,61923,1856.6
tools,oracle,eog,csm,3,3,3,task_20251210_183114_382_99ba2325_071a72ab,0.5,0,42057,1134.0
tools,oracle,eog,csm,3,3,3,task_20251211_021838_048_accab84d_a511ee6e,0.666667,0,61033,1320.2
tools,oracle,eog,csm,3,3,3,task_20260101_191529_659_a8eea1c0_27d3bf1b,0.5,0,65693,1558.0
tools,oracle,eog,csm,3,3,3,task_20260101_233731_695_00364ece_187f2808,1.0,1,59571,1738.4
tools,oracle,eog,csm,3,3,3,task_20260102_031908_712_accab84d_886a7365,0.666667,0,147029,2872.9
tools,oracle,eog,csm,3,3,3,task_20260102_100510_709_66392a82_3d301c18,0.8,0,365813,3477.3
tools,oracle,eog,csm,3,3,3,task_20260102_165223_158_99ba2325_67a4a1e9,0.0,0,6878,535.2
tools,oracle,eog,csm,3,3,3,task_20260102_172945_725_ad5a67e3_5480e26f,1.0,1,154197,1734.9
tools,oracle,eog,csm,3,3,3,task_20260102_210829_972_2aa6b0ad_e3d70e04,1.0,1,139078,2815.4
tools,oracle,eog,csm,3,3,3,task_20260106_145907_700_a8eea1c0_f5bae698,0.857143,0,194286,3356.7
tools,oracle,eog,csm,3,3,3,task_20260106_151754_319_d4a463c3_41f0af13,0.0,0,6978,539.8
tools,oracle,eog,csm,3,3,3,task_20260106_161324_272_c4ad7a70_4b3980fc,1.0,1,53484,1615.0
tools,oracle,eog,csm,3,3,3,task_20260108_160928_699_391f1eff_905701cb,0.0,0,36893,893.5
tools,oracle,eog,csm,3,3,3,task_20260121_162252_344_1afb323a_f878fac7,1.0,1,54107,1793.6
tools,oracle,eog,csm,3,3,3,task_20260121_163208_054_1afb323a_7f40ee66,0.0,0,34776,599.9
tools,oracle,eog,csm,3,3,3,task_20260121_183027_058_1afb323a_c53cb400,0.8,0,50858,1073.0
tools,oracle,eog,csm,4,4,1,task_20251127_152838_396_99ba2325_8391501f,0.5,0,69873,223.8
tools,oracle,eog,csm,4,4,1,task_20251128_204735_353_66392a82_3f8ef4a1,0.6,0,59854,155.7
tools,oracle,eog,csm,4,4,1,task_20251201_164641_724_109c89c0_1b29acb9,0.5,0,159554,319.5
tools,oracle,eog,csm,4,4,1,task_20251202_052822_939_66392a82_0479926e,1.0,1,119230,145.6
tools,oracle,eog,csm,4,4,1,task_20251202_100743_745_109c89c0_958a07c1,0.0,0,5447,20.2
tools,oracle,eog,csm,4,4,1,task_20251203_064555_149_66392a82_d124b805,0.5,0,23661,62.9
tools,oracle,eog,csm,4,4,1,task_20251204_132620_055_5c0cd3a2_048c6e95,0.333333,0,59093,253.1
tools,oracle,eog,csm,4,4,1,task_20251205_095558_939_5c0cd3a2_4af4214c,1.0,1,149343,304.5
tools,oracle,eog,csm,4,4,1,task_20251205_101915_742_d4a463c3_8eac8077,0.5,0,167109,722.9
tools,oracle,eog,csm,4,4,1,task_20251205_153330_906_a8eea1c0_8c7a6205,0.666667,0,66725,262.4
tools,oracle,eog,csm,4,4,1,task_20251207_174704_642_5c0cd3a2_c124578d,0.0,0,6254,30.9
tools,oracle,eog,csm,4,4,1,task_20251209_122452_734_d4a463c3_e5f1961c,1.0,1,80093,341.2
tools,oracle,eog,csm,4,4,1,task_20251212_011224_384_accab84d_4ad9b557,0.8,0,70538,243.6
tools,oracle,eog,csm,4,4,1,task_20251231_123548_425_8cd8e61e_9303271e,0.0,0,14208,73.0
tools,oracle,eog,csm,4,4,1,task_20251231_162628_797_a8eea1c0_0a53db6c,1.0,1,102812,348.4
tools,oracle,eog,csm,4,4,1,task_20260101_043715_660_a8eea1c0_7304e48e,0.9,0,147475,415.7
tools,oracle,eog,csm,4,4,1,task_20260101_122222_300_ad5a67e3_3757206c,0.6,0,87211,393.2
tools,oracle,eog,csm,4,4,1,task_20260101_162109_100_a8eea1c0_e88250ef,0.666667,0,83705,382.3
tools,oracle,eog,csm,4,4,1,task_20260101_202840_239_a8eea1c0_0f425b23,0.7,0,168812,842.5
tools,oracle,eog,csm,4,4,1,task_20260102_063731_186_d4a463c3_f1c4df9b,1.0,1,55044,130.5
tools,oracle,eog,csm,4,4,1,task_20260102_080409_151_d4a463c3_56c32265,1.0,1,64694,266.5
tools,oracle,eog,csm,4,4,1,task_20260106_161816_678_a8eea1c0_1ef46cba,1.0,1,101910,148.6
tools,oracle,eog,csm,4,4,1,task_20260107_111503_670_2aa6b0ad_e9611a77,1.0,1,55899,313.6
tools,oracle,eog,csm,4,4,1,task_20260121_145409_648_1afb323a_4e203caa,0.0,0,18208,107.9
tools,oracle,eog,csm,4,4,2,task_20251127_152838_396_99ba2325_8391501f,0.5,0,72596,250.0
tools,oracle,eog,csm,4,4,2,task_20251128_204735_353_66392a82_3f8ef4a1,0.4,0,47161,185.5
tools,oracle,eog,csm,4,4,2,task_20251201_164641_724_109c89c0_1b29acb9,0.5,0,240246,596.9
tools,oracle,eog,csm,4,4,2,task_20251202_052822_939_66392a82_0479926e,0.8,0,230406,154.2
tools,oracle,eog,csm,4,4,2,task_20251202_100743_745_109c89c0_958a07c1,0.0,0,6755,37.7
tools,oracle,eog,csm,4,4,2,task_20251203_064555_149_66392a82_d124b805,1.0,1,62059,137.9
tools,oracle,eog,csm,4,4,2,task_20251204_132620_055_5c0cd3a2_048c6e95,0.333333,0,89286,318.7
tools,oracle,eog,csm,4,4,2,task_20251205_095558_939_5c0cd3a2_4af4214c,0.5,0,128235,255.9
tools,oracle,eog,csm,4,4,2,task_20251205_101915_742_d4a463c3_8eac8077,0.0,0,120598,536.0
tools,oracle,eog,csm,4,4,2,task_20251205_153330_906_a8eea1c0_8c7a6205,0.666667,0,71015,250.0
tools,oracle,eog,csm,4,4,2,task_20251207_174704_642_5c0cd3a2_c124578d,0.0,0,12526,81.2
tools,oracle,eog,csm,4,4,2,task_20251209_122452_734_d4a463c3_e5f1961c,1.0,1,70500,258.6
tools,oracle,eog,csm,4,4,2,task_20251212_011224_384_accab84d_4ad9b557,0.8,0,60611,223.9
tools,oracle,eog,csm,4,4,2,task_20251231_123548_425_8cd8e61e_9303271e,0.666667,0,52882,173.1
tools,oracle,eog,csm,4,4,2,task_20251231_162628_797_a8eea1c0_0a53db6c,1.0,1,92823,280.7
tools,oracle,eog,csm,4,4,2,task_20260101_043715_660_a8eea1c0_7304e48e,0.8,0,154574,349.8
tools,oracle,eog,csm,4,4,2,task_20260101_122222_300_ad5a67e3_3757206c,0.6,0,86863,259.4
tools,oracle,eog,csm,4,4,2,task_20260101_162109_100_a8eea1c0_e88250ef,0.777778,0,110824,454.1
tools,oracle,eog,csm,4,4,2,task_20260101_202840_239_a8eea1c0_0f425b23,0.7,0,208407,854.1
tools,oracle,eog,csm,4,4,2,task_20260102_063731_186_d4a463c3_f1c4df9b,1.0,1,56103,177.1
tools,oracle,eog,csm,4,4,2,task_20260102_080409_151_d4a463c3_56c32265,1.0,1,65400,253.9
tools,oracle,eog,csm,4,4,2,task_20260106_161816_678_a8eea1c0_1ef46cba,0.714286,0,121874,334.4
tools,oracle,eog,csm,4,4,2,task_20260107_111503_670_2aa6b0ad_e9611a77,0.75,0,63548,268.4
tools,oracle,eog,csm,4,4,2,task_20260121_145409_648_1afb323a_4e203caa,0.0,0,17215,86.4
tools,oracle,eog,csm,4,4,3,task_20251127_152838_396_99ba2325_8391501f,0.5,0,62143,416.8
tools,oracle,eog,csm,4,4,3,task_20251128_204735_353_66392a82_3f8ef4a1,0.2,0,39267,293.6
tools,oracle,eog,csm,4,4,3,task_20251201_164641_724_109c89c0_1b29acb9,0.5,0,128042,449.5
tools,oracle,eog,csm,4,4,3,task_20251202_052822_939_66392a82_0479926e,0.6,0,82513,146.9
tools,oracle,eog,csm,4,4,3,task_20251202_100743_745_109c89c0_958a07c1,0.0,0,5964,25.8
tools,oracle,eog,csm,4,4,3,task_20251203_064555_149_66392a82_d124b805,0.5,0,24689,92.3
tools,oracle,eog,csm,4,4,3,task_20251204_132620_055_5c0cd3a2_048c6e95,0.333333,0,88109,435.8
tools,oracle,eog,csm,4,4,3,task_20251205_095558_939_5c0cd3a2_4af4214c,0.5,0,161847,592.1
tools,oracle,eog,csm,4,4,3,task_20251205_101915_742_d4a463c3_8eac8077,0.25,0,117475,1135.4
tools,oracle,eog,csm,4,4,3,task_20251205_153330_906_a8eea1c0_8c7a6205,0.666667,0,68803,433.0
tools,oracle,eog,csm,4,4,3,task_20251207_174704_642_5c0cd3a2_c124578d,0.0,0,11545,76.0
tools,oracle,eog,csm,4,4,3,task_20251209_122452_734_d4a463c3_e5f1961c,1.0,1,82624,476.2
tools,oracle,eog,csm,4,4,3,task_20251212_011224_384_accab84d_4ad9b557,0.8,0,76157,389.3
tools,oracle,eog,csm,4,4,3,task_20251231_123548_425_8cd8e61e_9303271e,0.0,0,20622,126.9
tools,oracle,eog,csm,4,4,3,task_20251231_162628_797_a8eea1c0_0a53db6c,1.0,1,122229,591.3
tools,oracle,eog,csm,4,4,3,task_20260101_043715_660_a8eea1c0_7304e48e,0.8,0,123308,487.7
tools,oracle,eog,csm,4,4,3,task_20260101_122222_300_ad5a67e3_3757206c,0.4,0,76837,418.1
tools,oracle,eog,csm,4,4,3,task_20260101_162109_100_a8eea1c0_e88250ef,0.777778,0,64324,457.0
tools,oracle,eog,csm,4,4,3,task_20260101_202840_239_a8eea1c0_0f425b23,0.7,0,154775,1108.4
tools,oracle,eog,csm,4,4,3,task_20260102_063731_186_d4a463c3_f1c4df9b,1.0,1,55674,341.0
tools,oracle,eog,csm,4,4,3,task_20260102_080409_151_d4a463c3_56c32265,1.0,1,64589,382.4
tools,oracle,eog,csm,4,4,3,task_20260106_161816_678_a8eea1c0_1ef46cba,0.714286,0,135892,840.3
tools,oracle,eog,csm,4,4,3,task_20260107_111503_670_2aa6b0ad_e9611a77,1.0,1,111295,929.4
tools,oracle,eog,csm,4,4,3,task_20260121_145409_648_1afb323a_4e203caa,0.0,0,11414,64.0
tools,oracle,eog,drive,1,1,1,task_20251126_122314_557_be6c9105_daf0aae1,0.0,0,12809,155.6
tools,oracle,eog,drive,1,1,1,task_20251126_122651_325_be6c9105_1864c322,0.75,0,37363,190.4
tools,oracle,eog,drive,1,1,1,task_20251126_145836_025_be6c9105_3b572b98,0.25,0,34397,244.7
tools,oracle,eog,drive,1,1,1,task_20251128_123025_545_13762b97_ad80b87c,0.666667,0,62950,271.7
tools,oracle,eog,drive,1,1,1,task_20251128_123035_919_64a4ebb9_8b93bf99,1.0,1,42472,134.1
tools,oracle,eog,drive,1,1,1,task_20251128_123301_181_64a4ebb9_4c1d5329,1.0,1,33151,108.9
tools,oracle,eog,drive,1,1,1,task_20251128_123526_889_64a4ebb9_20d5e6ae,0.666667,0,28999,132.0
tools,oracle,eog,drive,1,1,1,task_20251204_085603_739_ae7b45e2_b7a96253,0.375,0,30552,170.6
tools,oracle,eog,drive,1,1,1,task_20251204_092258_460_be6c9105_33990b9e,0.8,0,39863,157.9
tools,oracle,eog,drive,1,1,1,task_20251204_092557_093_ae7b45e2_24132aa0,0.75,0,21306,124.6
tools,oracle,eog,drive,1,1,1,task_20251204_115902_743_13762b97_19892db1,0.333333,0,17685,176.3
tools,oracle,eog,drive,1,1,1,task_20251204_122816_238_13762b97_cd4a8a4f,0.875,0,56176,471.3
tools,oracle,eog,drive,1,1,1,task_20251205_162218_909_4d9df647_8538c2ae,0.666667,0,77191,476.3
tools,oracle,eog,drive,1,1,1,task_20251211_105500_082_ae7b45e2_ee28e324,0.333333,0,17089,134.6
tools,oracle,eog,drive,1,1,1,task_20251211_113022_685_23fcbcdb_906c78e7,0.2,0,31521,191.8
tools,oracle,eog,drive,1,1,1,task_20251211_141114_742_4d9df647_e15bd80a,0.0,0,77912,469.9
tools,oracle,eog,drive,1,1,1,task_20260105_170909_782_a9f62433_ecdfc657,0.2,0,9969,49.4
tools,oracle,eog,drive,1,1,1,task_20260106_144651_681_4d9df647_72f9f11e,0.75,0,74698,262.1
tools,oracle,eog,drive,1,1,1,task_20260107_162724_374_13762b97_6a97d001,1.0,1,65493,249.8
tools,oracle,eog,drive,1,1,1,task_20260107_163801_607_64a4ebb9_6f9c4d1b,1.0,1,63009,145.7
tools,oracle,eog,drive,1,1,1,task_20260107_173403_203_64a4ebb9_e8ddb8d7,1.0,1,70415,132.4
tools,oracle,eog,drive,1,1,1,task_20260107_174626_202_64a4ebb9_e3e54b1d,1.0,1,77983,164.8
tools,oracle,eog,drive,1,1,1,task_20260107_180857_873_ae7b45e2_47771a8c,0.333333,0,26081,108.3
tools,oracle,eog,drive,1,1,1,task_20260108_101953_397_be6c9105_0ebb2503,0.8,0,31477,136.1
tools,oracle,eog,drive,1,1,1,task_20260108_105408_681_be6c9105_852c4b49,0.833333,0,161205,332.3
tools,oracle,eog,drive,1,1,1,task_20260108_133740_739_13762b97_41fc6ac0,0.857143,0,78035,270.9
tools,oracle,eog,drive,1,1,1,task_20260108_203842_162_d8f93f2d_1aa3f29b,1.0,1,82215,465.7
tools,oracle,eog,drive,1,1,1,task_20260109_134319_026_64a4ebb9_98c48f81,0.75,0,44447,140.8
tools,oracle,eog,drive,1,1,1,task_20260109_154737_612_4d9df647_ca8cc4b2,0.0,0,164911,1476.0
tools,oracle,eog,drive,1,1,2,task_20251126_122314_557_be6c9105_daf0aae1,0.0,0,9719,117.2
tools,oracle,eog,drive,1,1,2,task_20251126_122651_325_be6c9105_1864c322,0.75,0,40968,338.3
tools,oracle,eog,drive,1,1,2,task_20251126_145836_025_be6c9105_3b572b98,0.25,0,36417,368.2
tools,oracle,eog,drive,1,1,2,task_20251128_123025_545_13762b97_ad80b87c,0.666667,0,60704,400.2
tools,oracle,eog,drive,1,1,2,task_20251128_123035_919_64a4ebb9_8b93bf99,1.0,1,47431,277.2
tools,oracle,eog,drive,1,1,2,task_20251128_123301_181_64a4ebb9_4c1d5329,1.0,1,34517,303.1
tools,oracle,eog,drive,1,1,2,task_20251128_123526_889_64a4ebb9_20d5e6ae,0.666667,0,29423,288.3
tools,oracle,eog,drive,1,1,2,task_20251204_085603_739_ae7b45e2_b7a96253,0.375,0,31927,329.8
tools,oracle,eog,drive,1,1,2,task_20251204_092258_460_be6c9105_33990b9e,0.0,0,42117,324.6
tools,oracle,eog,drive,1,1,2,task_20251204_092557_093_ae7b45e2_24132aa0,0.5,0,8559,133.5
tools,oracle,eog,drive,1,1,2,task_20251204_115902_743_13762b97_19892db1,0.333333,0,12051,274.1
tools,oracle,eog,drive,1,1,2,task_20251204_122816_238_13762b97_cd4a8a4f,0.0,0,10590,277.7
tools,oracle,eog,drive,1,1,2,task_20251205_162218_909_4d9df647_8538c2ae,1.0,1,66836,400.3
tools,oracle,eog,drive,1,1,2,task_20251211_105500_082_ae7b45e2_ee28e324,0.333333,0,15836,108.5
tools,oracle,eog,drive,1,1,2,task_20251211_113022_685_23fcbcdb_906c78e7,0.2,0,25148,303.7
tools,oracle,eog,drive,1,1,2,task_20251211_141114_742_4d9df647_e15bd80a,0.25,0,80179,531.3
tools,oracle,eog,drive,1,1,2,task_20260105_170909_782_a9f62433_ecdfc657,0.2,0,9291,163.9
tools,oracle,eog,drive,1,1,2,task_20260106_144651_681_4d9df647_72f9f11e,0.25,0,90123,318.4
tools,oracle,eog,drive,1,1,2,task_20260107_162724_374_13762b97_6a97d001,1.0,1,59779,199.1
tools,oracle,eog,drive,1,1,2,task_20260107_163801_607_64a4ebb9_6f9c4d1b,1.0,1,70521,132.6
tools,oracle,eog,drive,1,1,2,task_20260107_173403_203_64a4ebb9_e8ddb8d7,0.5,0,79524,126.6
tools,oracle,eog,drive,1,1,2,task_20260107_174626_202_64a4ebb9_e3e54b1d,1.0,1,71872,128.9
tools,oracle,eog,drive,1,1,2,task_20260107_180857_873_ae7b45e2_47771a8c,0.333333,0,25015,70.5
tools,oracle,eog,drive,1,1,2,task_20260108_101953_397_be6c9105_0ebb2503,0.8,0,41867,177.3
tools,oracle,eog,drive,1,1,2,task_20260108_105408_681_be6c9105_852c4b49,0.833333,0,170186,369.4
tools,oracle,eog,drive,1,1,2,task_20260108_133740_739_13762b97_41fc6ac0,0.428571,0,72549,239.7
tools,oracle,eog,drive,1,1,2,task_20260108_203842_162_d8f93f2d_1aa3f29b,1.0,1,89980,759.3
tools,oracle,eog,drive,1,1,2,task_20260109_134319_026_64a4ebb9_98c48f81,0.75,0,56952,162.4
tools,oracle,eog,drive,1,1,2,task_20260109_154737_612_4d9df647_ca8cc4b2,0.0,0,45815,308.4
tools,oracle,eog,drive,1,1,3,task_20251126_122314_557_be6c9105_daf0aae1,0.5,0,34230,123.9
tools,oracle,eog,drive,1,1,3,task_20251126_122651_325_be6c9105_1864c322,0.75,0,42688,164.1
tools,oracle,eog,drive,1,1,3,task_20251126_145836_025_be6c9105_3b572b98,0.25,0,28534,167.0
tools,oracle,eog,drive,1,1,3,task_20251128_123025_545_13762b97_ad80b87c,0.666667,0,91540,342.7
tools,oracle,eog,drive,1,1,3,task_20251128_123035_919_64a4ebb9_8b93bf99,1.0,1,39860,144.7
tools,oracle,eog,drive,1,1,3,task_20251128_123301_181_64a4ebb9_4c1d5329,1.0,1,28067,57.2
tools,oracle,eog,drive,1,1,3,task_20251128_123526_889_64a4ebb9_20d5e6ae,0.666667,0,28174,69.3
tools,oracle,eog,drive,1,1,3,task_20251204_085603_739_ae7b45e2_b7a96253,0.375,0,38155,144.4
tools,oracle,eog,drive,1,1,3,task_20251204_092258_460_be6c9105_33990b9e,0.8,0,40349,130.3
tools,oracle,eog,drive,1,1,3,task_20251204_092557_093_ae7b45e2_24132aa0,0.5,0,8437,79.5
tools,oracle,eog,drive,1,1,3,task_20251204_115902_743_13762b97_19892db1,0.333333,0,84398,235.0
tools,oracle,eog,drive,1,1,3,task_20251204_122816_238_13762b97_cd4a8a4f,1.0,1,102136,483.6
tools,oracle,eog,drive,1,1,3,task_20251205_162218_909_4d9df647_8538c2ae,0.5,0,69950,308.3
tools,oracle,eog,drive,1,1,3,task_20251211_105500_082_ae7b45e2_ee28e324,0.333333,0,22924,139.2
tools,oracle,eog,drive,1,1,3,task_20251211_113022_685_23fcbcdb_906c78e7,0.2,0,15648,103.0
tools,oracle,eog,drive,1,1,3,task_20251211_141114_742_4d9df647_e15bd80a,0.5,0,112267,436.7
tools,oracle,eog,drive,1,1,3,task_20260105_170909_782_a9f62433_ecdfc657,0.2,0,9450,55.4
tools,oracle,eog,drive,1,1,3,task_20260106_144651_681_4d9df647_72f9f11e,0.75,0,112354,221.1
tools,oracle,eog,drive,1,1,3,task_20260107_162724_374_13762b97_6a97d001,0.333333,0,21626,119.3
tools,oracle,eog,drive,1,1,3,task_20260107_163801_607_64a4ebb9_6f9c4d1b,1.0,1,69641,134.1
tools,oracle,eog,drive,1,1,3,task_20260107_173403_203_64a4ebb9_e8ddb8d7,1.0,1,83075,108.1
tools,oracle,eog,drive,1,1,3,task_20260107_174626_202_64a4ebb9_e3e54b1d,1.0,1,70961,92.1
tools,oracle,eog,drive,1,1,3,task_20260107_180857_873_ae7b45e2_47771a8c,0.333333,0,25497,60.4
tools,oracle,eog,drive,1,1,3,task_20260108_101953_397_be6c9105_0ebb2503,0.8,0,66928,101.8
tools,oracle,eog,drive,1,1,3,task_20260108_105408_681_be6c9105_852c4b49,0.833333,0,145528,384.0
tools,oracle,eog,drive,1,1,3,task_20260108_133740_739_13762b97_41fc6ac0,0.857143,0,65336,218.2
tools,oracle,eog,drive,1,1,3,task_20260108_203842_162_d8f93f2d_1aa3f29b,1.0,1,84419,355.8
tools,oracle,eog,drive,1,1,3,task_20260109_134319_026_64a4ebb9_98c48f81,0.75,0,22540,75.1
tools,oracle,eog,drive,1,1,3,task_20260109_154737_612_4d9df647_ca8cc4b2,0.25,0,192375,741.1
tools,oracle,eog,drive,2,2,1,task_20251127_173847_074_4d9df647_632c493d,0.666667,0,141275,270.6
tools,oracle,eog,drive,2,2,1,task_20251204_045548_265_4d9df647_18dae74a,1.0,1,29925,84.9
tools,oracle,eog,drive,2,2,1,task_20260105_095412_678_a9f62433_bb5f5bb7,1.0,1,71755,181.1
tools,oracle,eog,drive,2,2,1,task_20260105_105429_833_a9f62433_b38b55f2,0.8,0,57359,116.5
tools,oracle,eog,drive,2,2,1,task_20260105_113049_430_a9f62433_6dd18613,1.0,1,45905,157.4
tools,oracle,eog,drive,2,2,1,task_20260106_155537_908_a9f62433_6d26efe3,0.0,0,25159,71.8
tools,oracle,eog,drive,2,2,1,task_20260106_172901_590_a9f62433_f7baa0fa,1.0,1,96437,139.3
tools,oracle,eog,drive,2,2,1,task_20260108_162316_574_13762b97_098a086c,0.857143,0,121190,314.4
tools,oracle,eog,drive,2,2,1,task_20260109_100633_248_4c1a4a14_20a0385b,0.8,0,93556,382.5
tools,oracle,eog,drive,2,2,1,task_20260112_111113_212_060e2c81_99e6099d,0.818182,0,119949,248.6
tools,oracle,eog,drive,2,2,2,task_20251127_173847_074_4d9df647_632c493d,0.333333,0,126249,620.6
tools,oracle,eog,drive,2,2,2,task_20251204_045548_265_4d9df647_18dae74a,1.0,1,30903,81.4
tools,oracle,eog,drive,2,2,2,task_20260105_095412_678_a9f62433_bb5f5bb7,1.0,1,72225,926.2
tools,oracle,eog,drive,2,2,2,task_20260105_105429_833_a9f62433_b38b55f2,0.8,0,28067,102.0
tools,oracle,eog,drive,2,2,2,task_20260105_113049_430_a9f62433_6dd18613,1.0,1,39070,444.4
tools,oracle,eog,drive,2,2,2,task_20260106_155537_908_a9f62433_6d26efe3,1.0,1,88904,649.2
tools,oracle,eog,drive,2,2,2,task_20260106_172901_590_a9f62433_f7baa0fa,0.0,0,29304,99.5
tools,oracle,eog,drive,2,2,2,task_20260108_162316_574_13762b97_098a086c,0.714286,0,126445,1043.5
tools,oracle,eog,drive,2,2,2,task_20260109_100633_248_4c1a4a14_20a0385b,0.8,0,114650,982.5
tools,oracle,eog,drive,2,2,2,task_20260112_111113_212_060e2c81_99e6099d,0.818182,0,119931,922.3
tools,oracle,eog,drive,2,2,3,task_20251127_173847_074_4d9df647_632c493d,1.0,1,122473,1257.1
tools,oracle,eog,drive,2,2,3,task_20251204_045548_265_4d9df647_18dae74a,1.0,1,32998,1079.6
tools,oracle,eog,drive,2,2,3,task_20260105_095412_678_a9f62433_bb5f5bb7,1.0,1,99926,1621.5
tools,oracle,eog,drive,2,2,3,task_20260105_105429_833_a9f62433_b38b55f2,1.0,1,104290,1136.1
tools,oracle,eog,drive,2,2,3,task_20260105_113049_430_a9f62433_6dd18613,1.0,1,50432,1135.4
tools,oracle,eog,drive,2,2,3,task_20260106_155537_908_a9f62433_6d26efe3,1.0,1,97596,1140.5
tools,oracle,eog,drive,2,2,3,task_20260106_172901_590_a9f62433_f7baa0fa,0.833333,0,87790,1499.0
tools,oracle,eog,drive,2,2,3,task_20260108_162316_574_13762b97_098a086c,0.285714,0,134095,1679.3
tools,oracle,eog,drive,2,2,3,task_20260109_100633_248_4c1a4a14_20a0385b,0.2,0,88391,1797.1
tools,oracle,eog,drive,2,2,3,task_20260112_111113_212_060e2c81_99e6099d,0.727273,0,109468,1675.7
tools,oracle,eog,drive,3,3,1,task_20251204_151109_029_ae7b45e2_1fa53dbc,1.0,1,153080,316.8
tools,oracle,eog,drive,3,3,1,task_20251205_143732_430_4d9df647_6aceefba,1.0,1,125879,355.3
tools,oracle,eog,drive,3,3,1,task_20251210_200511_673_4a23b9c9_dcd88f59,1.0,1,88988,245.2
tools,oracle,eog,drive,3,3,1,task_20260108_113744_344_a9f62433_9cdd0a8f,1.0,1,33349,136.9
tools,oracle,eog,drive,3,3,1,task_20260109_074002_906_060e2c81_e0a9e99d,1.0,1,60766,140.6
tools,oracle,eog,drive,3,3,1,task_20260109_145235_208_64a4ebb9_9befb3ae,1.0,1,74211,189.9
tools,oracle,eog,drive,3,3,2,task_20251204_151109_029_ae7b45e2_1fa53dbc,1.0,1,114175,197.8
tools,oracle,eog,drive,3,3,2,task_20251205_143732_430_4d9df647_6aceefba,0.75,0,88543,323.0
tools,oracle,eog,drive,3,3,2,task_20251210_200511_673_4a23b9c9_dcd88f59,0.5,0,21585,107.9
tools,oracle,eog,drive,3,3,2,task_20260108_113744_344_a9f62433_9cdd0a8f,1.0,1,55412,125.8
tools,oracle,eog,drive,3,3,2,task_20260109_074002_906_060e2c81_e0a9e99d,1.0,1,64956,190.2
tools,oracle,eog,drive,3,3,2,task_20260109_145235_208_64a4ebb9_9befb3ae,1.0,1,63367,199.4
tools,oracle,eog,drive,3,3,3,task_20251204_151109_029_ae7b45e2_1fa53dbc,1.0,1,196769,210.3
tools,oracle,eog,drive,3,3,3,task_20251205_143732_430_4d9df647_6aceefba,1.0,1,100500,283.3
tools,oracle,eog,drive,3,3,3,task_20251210_200511_673_4a23b9c9_dcd88f59,0.5,0,23236,131.9
tools,oracle,eog,drive,3,3,3,task_20260108_113744_344_a9f62433_9cdd0a8f,1.0,1,44040,146.0
tools,oracle,eog,drive,3,3,3,task_20260109_074002_906_060e2c81_e0a9e99d,1.0,1,59962,153.4
tools,oracle,eog,drive,3,3,3,task_20260109_145235_208_64a4ebb9_9befb3ae,1.0,1,71279,192.0
tools,oracle,eog,email,1,1,1,task_20260106_060646_574_1628b966_0fc7207a,1.0,1,20867,257.9
tools,oracle,eog,email,1,1,1,task_20260106_140034_876_e7cfb93b_fc943e0e,0.2,0,67004,459.8
tools,oracle,eog,email,1,1,2,task_20260106_060646_574_1628b966_0fc7207a,1.0,1,25282,273.8
tools,oracle,eog,email,1,1,2,task_20260106_140034_876_e7cfb93b_fc943e0e,0.2,0,59040,542.4
tools,oracle,eog,email,1,1,3,task_20260106_060646_574_1628b966_0fc7207a,1.0,1,22695,256.6
tools,oracle,eog,email,1,1,3,task_20260106_140034_876_e7cfb93b_fc943e0e,0.2,0,38359,342.0
tools,oracle,eog,email,2,2,1,task_20251203_093009_456_701c5774_24b57fbd,0.5,0,29625,874.5
tools,oracle,eog,email,2,2,1,task_20251203_180743_144_e7cfb93b_56dbcb89,0.857143,0,51486,1675.3
tools,oracle,eog,email,2,2,1,task_20260105_182555_369_e7cfb93b_c2cc205b,0.833333,0,98451,1676.5
tools,oracle,eog,email,2,2,1,task_20260105_214127_504_e7cfb93b_e6640be3,0.75,0,60244,1676.3
tools,oracle,eog,email,2,2,1,task_20260106_213903_609_e7cfb93b_5e95c001,0.6,0,48585,1653.8
tools,oracle,eog,email,2,2,1,task_20260108_050214_962_e5bf1251_0cabbd3d,0.666667,0,33846,753.7
tools,oracle,eog,email,2,2,2,task_20251203_093009_456_701c5774_24b57fbd,0.5,0,25080,184.5
tools,oracle,eog,email,2,2,2,task_20251203_180743_144_e7cfb93b_56dbcb89,0.714286,0,39557,202.1
tools,oracle,eog,email,2,2,2,task_20260105_182555_369_e7cfb93b_c2cc205b,1.0,1,85837,261.2
tools,oracle,eog,email,2,2,2,task_20260105_214127_504_e7cfb93b_e6640be3,1.0,1,87337,215.9
tools,oracle,eog,email,2,2,2,task_20260106_213903_609_e7cfb93b_5e95c001,1.0,1,48433,195.7
tools,oracle,eog,email,2,2,2,task_20260108_050214_962_e5bf1251_0cabbd3d,0.666667,0,27734,92.8
tools,oracle,eog,email,2,2,3,task_20251203_093009_456_701c5774_24b57fbd,0.5,0,21914,179.6
tools,oracle,eog,email,2,2,3,task_20251203_180743_144_e7cfb93b_56dbcb89,1.0,1,60082,226.7
tools,oracle,eog,email,2,2,3,task_20260105_182555_369_e7cfb93b_c2cc205b,1.0,1,91335,338.4
tools,oracle,eog,email,2,2,3,task_20260105_214127_504_e7cfb93b_e6640be3,1.0,1,39271,250.8
tools,oracle,eog,email,2,2,3,task_20260106_213903_609_e7cfb93b_5e95c001,1.0,1,54327,173.3
tools,oracle,eog,email,2,2,3,task_20260108_050214_962_e5bf1251_0cabbd3d,0.666667,0,34518,174.9
tools,oracle,eog,email,3,3,1,task_20251204_101148_724_701c5774_7cb6254a,1.0,1,49357,270.6
tools,oracle,eog,email,3,3,1,task_20251204_142444_575_e5bf1251_65039f7d,1.0,1,8507,44.9
tools,oracle,eog,email,3,3,1,task_20260105_233603_790_e7cfb93b_cc802e4b,1.0,1,63053,219.0
tools,oracle,eog,email,3,3,1,task_20260106_071510_179_911d75d7_0ae789ae,0.0,0,31034,141.5
tools,oracle,eog,email,3,3,1,task_20260107_125943_886_1628b966_f951b083,0.5,0,37415,96.0
tools,oracle,eog,email,3,3,1,task_20260107_142454_824_1628b966_4a482da4,1.0,1,37827,111.2
tools,oracle,eog,email,3,3,1,task_20260108_101001_581_701c5774_3ac4e4fb,0.5,0,78762,271.8
tools,oracle,eog,email,3,3,2,task_20251204_101148_724_701c5774_7cb6254a,0.333333,0,24058,132.8
tools,oracle,eog,email,3,3,2,task_20251204_142444_575_e5bf1251_65039f7d,1.0,1,8526,35.7
tools,oracle,eog,email,3,3,2,task_20260105_233603_790_e7cfb93b_cc802e4b,1.0,1,52746,206.5
tools,oracle,eog,email,3,3,2,task_20260106_071510_179_911d75d7_0ae789ae,0.0,0,26298,146.8
tools,oracle,eog,email,3,3,2,task_20260107_125943_886_1628b966_f951b083,0.5,0,37436,112.9
tools,oracle,eog,email,3,3,2,task_20260107_142454_824_1628b966_4a482da4,1.0,1,38179,106.0
tools,oracle,eog,email,3,3,2,task_20260108_101001_581_701c5774_3ac4e4fb,0.5,0,64300,227.4
tools,oracle,eog,email,3,3,3,task_20251204_101148_724_701c5774_7cb6254a,1.0,1,41370,206.3
tools,oracle,eog,email,3,3,3,task_20251204_142444_575_e5bf1251_65039f7d,1.0,1,8776,44.5
tools,oracle,eog,email,3,3,3,task_20260105_233603_790_e7cfb93b_cc802e4b,1.0,1,56338,211.9
tools,oracle,eog,email,3,3,3,task_20260106_071510_179_911d75d7_0ae789ae,0.0,0,40740,113.5
tools,oracle,eog,email,3,3,3,task_20260107_125943_886_1628b966_f951b083,0.5,0,38193,96.5
tools,oracle,eog,email,3,3,3,task_20260107_142454_824_1628b966_4a482da4,1.0,1,38566,89.9
tools,oracle,eog,email,3,3,3,task_20260108_101001_581_701c5774_3ac4e4fb,0.5,0,73328,220.6
tools,oracle,eog,email,4,4,1,task_20251125_150631_436_e5bf1251_77dd7cbb,1.0,1,11755,543.9
tools,oracle,eog,email,4,4,1,task_20251127_150451_336_701c5774_c2e9609a,0.666667,0,15958,843.1
tools,oracle,eog,email,4,4,1,task_20251203_113003_327_701c5774_2e2c97d2,1.0,1,9169,543.0
tools,oracle,eog,email,4,4,1,task_20251203_120537_904_701c5774_849b4b7c,1.0,1,12209,543.8
tools,oracle,eog,email,4,4,1,task_20251204_083406_171_e7cfb93b_89e0d558,0.7,0,55522,957.0
tools,oracle,eog,email,4,4,1,task_20251204_145059_811_e5bf1251_3b195ec1,1.0,1,9832,537.2
tools,oracle,eog,email,4,4,1,task_20251209_094942_478_701c5774_dc4a4b13,0.333333,0,72533,1737.8
tools,oracle,eog,email,4,4,1,task_20251212_162948_602_8ce75c22_8b25a027,1.0,1,75020,1377.2
tools,oracle,eog,email,4,4,1,task_20260106_050111_551_701c5774_419d6733,0.333333,0,45542,1319.1
tools,oracle,eog,email,4,4,1,task_20260107_160335_693_911d75d7_d116d7cf,0.5,0,27928,854.1
tools,oracle,eog,email,4,4,1,task_20260107_191539_515_911d75d7_3ea7750e,1.0,1,35006,958.7
tools,oracle,eog,email,4,4,1,task_20260107_214637_627_911d75d7_eb9d8622,0.0,0,15097,598.4
tools,oracle,eog,email,4,4,2,task_20251125_150631_436_e5bf1251_77dd7cbb,0.5,0,13563,840.7
tools,oracle,eog,email,4,4,2,task_20251127_150451_336_701c5774_c2e9609a,0.666667,0,19842,923.0
tools,oracle,eog,email,4,4,2,task_20251203_113003_327_701c5774_2e2c97d2,0.666667,0,8703,784.5
tools,oracle,eog,email,4,4,2,task_20251203_120537_904_701c5774_849b4b7c,0.666667,0,9779,42.7
tools,oracle,eog,email,4,4,2,task_20251204_083406_171_e7cfb93b_89e0d558,0.6,0,119300,2037.1
tools,oracle,eog,email,4,4,2,task_20251204_145059_811_e5bf1251_3b195ec1,1.0,1,20131,943.3
tools,oracle,eog,email,4,4,2,task_20251209_094942_478_701c5774_dc4a4b13,0.333333,0,49440,1145.1
tools,oracle,eog,email,4,4,2,task_20251212_162948_602_8ce75c22_8b25a027,1.0,1,53521,946.3
tools,oracle,eog,email,4,4,2,task_20260106_050111_551_701c5774_419d6733,0.666667,0,50361,1138.1
tools,oracle,eog,email,4,4,2,task_20260107_160335_693_911d75d7_d116d7cf,0.5,0,33844,933.3
tools,oracle,eog,email,4,4,2,task_20260107_191539_515_911d75d7_3ea7750e,0.5,0,37073,944.1
tools,oracle,eog,email,4,4,2,task_20260107_214637_627_911d75d7_eb9d8622,0.0,0,15133,778.5
tools,oracle,eog,email,4,4,3,task_20251125_150631_436_e5bf1251_77dd7cbb,0.5,0,13727,418.1
tools,oracle,eog,email,4,4,3,task_20251127_150451_336_701c5774_c2e9609a,0.666667,0,17826,478.1
tools,oracle,eog,email,4,4,3,task_20251203_113003_327_701c5774_2e2c97d2,1.0,1,8945,357.4
tools,oracle,eog,email,4,4,3,task_20251203_120537_904_701c5774_849b4b7c,0.666667,0,9561,356.6
tools,oracle,eog,email,4,4,3,task_20251204_083406_171_e7cfb93b_89e0d558,0.7,0,101804,1143.1
tools,oracle,eog,email,4,4,3,task_20251204_145059_811_e5bf1251_3b195ec1,1.0,1,8701,297.2
tools,oracle,eog,email,4,4,3,task_20251209_094942_478_701c5774_dc4a4b13,0.333333,0,71905,1458.7
tools,oracle,eog,email,4,4,3,task_20251212_162948_602_8ce75c22_8b25a027,1.0,1,57547,1079.9
tools,oracle,eog,email,4,4,3,task_20260106_050111_551_701c5774_419d6733,0.333333,0,46612,1199.1
tools,oracle,eog,email,4,4,3,task_20260107_160335_693_911d75d7_d116d7cf,0.5,0,35703,839.2
tools,oracle,eog,email,4,4,3,task_20260107_191539_515_911d75d7_3ea7750e,1.0,1,32825,600.4
tools,oracle,eog,email,4,4,3,task_20260107_214637_627_911d75d7_eb9d8622,0.0,0,11501,237.4
tools,oracle,eog,email,5,5,1,task_20251125_154624_258_701c5774_59c41eed,0.0,0,29509,183.0
tools,oracle,eog,email,5,5,1,task_20251125_202309_857_e7cfb93b_9c156259,1.0,1,77626,280.7
tools,oracle,eog,email,5,5,1,task_20251128_154607_365_1628b966_a730b5cf,1.0,1,7704,26.4
tools,oracle,eog,email,5,5,1,task_20251204_120643_371_8ce75c22_f09e1799,1.0,1,37732,129.6
tools,oracle,eog,email,5,5,1,task_20251204_153830_645_1628b966_3df25b52,1.0,1,24075,154.5
tools,oracle,eog,email,5,5,1,task_20251211_054846_540_e5bf1251_265c5883,1.0,1,50353,148.9
tools,oracle,eog,email,5,5,1,task_20251211_100706_985_701c5774_8d658f71,0.5,0,109580,290.9
tools,oracle,eog,email,5,5,1,task_20251212_072144_983_8ce75c22_1b848fdd,0.8,0,65572,206.1
tools,oracle,eog,email,5,5,1,task_20260107_131200_705_1628b966_84e87e0f,0.5,0,42755,108.8
tools,oracle,eog,email,5,5,1,task_20260107_141130_029_1628b966_8e264839,0.0,0,48602,185.8
tools,oracle,eog,email,5,5,1,task_20260108_031733_760_e5bf1251_9e81ad1b,0.666667,0,44034,129.3
tools,oracle,eog,email,5,5,1,task_20260109_080715_585_911d75d7_ded91685,1.0,1,29148,129.6
tools,oracle,eog,email,5,5,1,task_20260109_160851_122_911d75d7_3ece8e5e,0.0,0,28283,138.4
tools,oracle,eog,email,5,5,2,task_20251125_154624_258_701c5774_59c41eed,0.0,0,22287,185.9
tools,oracle,eog,email,5,5,2,task_20251125_202309_857_e7cfb93b_9c156259,1.0,1,63302,195.0
tools,oracle,eog,email,5,5,2,task_20251128_154607_365_1628b966_a730b5cf,1.0,1,5224,28.2
tools,oracle,eog,email,5,5,2,task_20251204_120643_371_8ce75c22_f09e1799,1.0,1,56513,173.4
tools,oracle,eog,email,5,5,2,task_20251204_153830_645_1628b966_3df25b52,1.0,1,20010,146.2
tools,oracle,eog,email,5,5,2,task_20251211_054846_540_e5bf1251_265c5883,0.666667,0,35439,129.2
tools,oracle,eog,email,5,5,2,task_20251211_100706_985_701c5774_8d658f71,0.5,0,138140,408.1
tools,oracle,eog,email,5,5,2,task_20251212_072144_983_8ce75c22_1b848fdd,0.8,0,66264,224.6
tools,oracle,eog,email,5,5,2,task_20260107_131200_705_1628b966_84e87e0f,0.5,0,44100,141.4
tools,oracle,eog,email,5,5,2,task_20260107_141130_029_1628b966_8e264839,0.5,0,59018,207.2
tools,oracle,eog,email,5,5,2,task_20260108_031733_760_e5bf1251_9e81ad1b,1.0,1,67311,141.9
tools,oracle,eog,email,5,5,2,task_20260109_080715_585_911d75d7_ded91685,1.0,1,28210,107.2
tools,oracle,eog,email,5,5,2,task_20260109_160851_122_911d75d7_3ece8e5e,0.0,0,19593,103.7
tools,oracle,eog,email,5,5,3,task_20251125_154624_258_701c5774_59c41eed,0.0,0,26471,218.2
tools,oracle,eog,email,5,5,3,task_20251125_202309_857_e7cfb93b_9c156259,1.0,1,60713,330.0
tools,oracle,eog,email,5,5,3,task_20251128_154607_365_1628b966_a730b5cf,1.0,1,7838,31.1
tools,oracle,eog,email,5,5,3,task_20251204_120643_371_8ce75c22_f09e1799,1.0,1,39419,223.6
tools,oracle,eog,email,5,5,3,task_20251204_153830_645_1628b966_3df25b52,1.0,1,28680,186.1
tools,oracle,eog,email,5,5,3,task_20251211_054846_540_e5bf1251_265c5883,0.666667,0,32836,188.7
tools,oracle,eog,email,5,5,3,task_20251211_100706_985_701c5774_8d658f71,0.5,0,62293,246.9
tools,oracle,eog,email,5,5,3,task_20251212_072144_983_8ce75c22_1b848fdd,0.8,0,66066,306.9
tools,oracle,eog,email,5,5,3,task_20260107_131200_705_1628b966_84e87e0f,0.5,0,43263,183.3
tools,oracle,eog,email,5,5,3,task_20260107_141130_029_1628b966_8e264839,0.0,0,58314,289.6
tools,oracle,eog,email,5,5,3,task_20260108_031733_760_e5bf1251_9e81ad1b,1.0,1,98810,274.3
tools,oracle,eog,email,5,5,3,task_20260109_080715_585_911d75d7_ded91685,1.0,1,36097,259.8
tools,oracle,eog,email,5,5,3,task_20260109_160851_122_911d75d7_3ece8e5e,0.0,0,25324,182.2
tools,oracle,eog,email,6,6,1,task_20251203_104951_949_701c5774_5a606512,1.0,1,32657,301.1
tools,oracle,eog,email,6,6,1,task_20251204_144745_585_e5bf1251_4e4c189d,1.0,1,9742,53.0
tools,oracle,eog,email,6,6,1,task_20251211_194841_657_8ce75c22_43c6bc2f,1.0,1,157736,249.8
tools,oracle,eog,email,6,6,1,task_20260106_052248_226_1628b966_d8c22aed,0.666667,0,45454,159.9
tools,oracle,eog,email,6,6,1,task_20260108_143038_654_e5bf1251_b9e616b8,1.0,1,34975,103.7
tools,oracle,eog,email,6,6,1,task_20260109_170111_125_8ce75c22_1c7034c5,1.0,1,17369,67.5
tools,oracle,eog,email,6,6,2,task_20251203_104951_949_701c5774_5a606512,1.0,1,37510,408.4
tools,oracle,eog,email,6,6,2,task_20251204_144745_585_e5bf1251_4e4c189d,1.0,1,10629,38.8
tools,oracle,eog,email,6,6,2,task_20251211_194841_657_8ce75c22_43c6bc2f,1.0,1,155690,338.3
tools,oracle,eog,email,6,6,2,task_20260106_052248_226_1628b966_d8c22aed,1.0,1,33455,280.4
tools,oracle,eog,email,6,6,2,task_20260108_143038_654_e5bf1251_b9e616b8,1.0,1,26708,89.1
tools,oracle,eog,email,6,6,2,task_20260109_170111_125_8ce75c22_1c7034c5,1.0,1,16842,57.5
tools,oracle,eog,email,6,6,3,task_20251203_104951_949_701c5774_5a606512,1.0,1,50827,461.5
tools,oracle,eog,email,6,6,3,task_20251204_144745_585_e5bf1251_4e4c189d,1.0,1,12254,57.3
tools,oracle,eog,email,6,6,3,task_20251211_194841_657_8ce75c22_43c6bc2f,1.0,1,157134,189.2
tools,oracle,eog,email,6,6,3,task_20260106_052248_226_1628b966_d8c22aed,1.0,1,36219,224.8
tools,oracle,eog,email,6,6,3,task_20260108_143038_654_e5bf1251_b9e616b8,1.0,1,26751,95.8
tools,oracle,eog,email,6,6,3,task_20260109_170111_125_8ce75c22_1c7034c5,1.0,1,17606,86.4
tools,oracle,eog,hr,1,1,1,task_20251223_184833_888_a8eea1c0_87c53cb9,0.428571,0,37697,263.6
tools,oracle,eog,hr,1,1,1,task_20251223_194142_190_46ca2862_d9cae434,0.5,0,46780,226.9
tools,oracle,eog,hr,1,1,1,task_20251223_194912_450_46ca2862_0084047c,0.5,0,37686,253.2
tools,oracle,eog,hr,1,1,1,task_20251224_094258_495_c4ad7a70_42fbe372,1.0,1,45123,274.0
tools,oracle,eog,hr,1,1,1,task_20251224_133749_739_c4ad7a70_9df76270,0.75,0,41949,152.9
tools,oracle,eog,hr,1,1,1,task_20251226_094920_495_99ba2325_627386b2,1.0,1,49378,227.9
tools,oracle,eog,hr,1,1,1,task_20260112_141226_936_7aad91c1_61df8f2b,1.0,1,57937,184.2
tools,oracle,eog,hr,1,1,1,task_20260116_104653_444_99ba2325_320d5ca4,1.0,1,79874,341.6
tools,oracle,eog,hr,1,1,1,task_20260116_112336_208_c5cac200_da33db0a,0.833333,0,78090,336.3
tools,oracle,eog,hr,1,1,1,task_20260116_160908_725_46ca2862_923e672e,0.5,0,40894,275.5
tools,oracle,eog,hr,1,1,2,task_20251223_184833_888_a8eea1c0_87c53cb9,0.571429,0,45253,396.7
tools,oracle,eog,hr,1,1,2,task_20251223_194142_190_46ca2862_d9cae434,0.0,0,19093,275.1
tools,oracle,eog,hr,1,1,2,task_20251223_194912_450_46ca2862_0084047c,0.5,0,40806,337.3
tools,oracle,eog,hr,1,1,2,task_20251224_094258_495_c4ad7a70_42fbe372,1.0,1,53404,395.9
tools,oracle,eog,hr,1,1,2,task_20251224_133749_739_c4ad7a70_9df76270,1.0,1,42701,273.1
tools,oracle,eog,hr,1,1,2,task_20251226_094920_495_99ba2325_627386b2,0.5,0,49851,337.1
tools,oracle,eog,hr,1,1,2,task_20260112_141226_936_7aad91c1_61df8f2b,0.75,0,66768,336.9
tools,oracle,eog,hr,1,1,2,task_20260116_104653_444_99ba2325_320d5ca4,1.0,1,51344,469.3
tools,oracle,eog,hr,1,1,2,task_20260116_112336_208_c5cac200_da33db0a,0.833333,0,74329,438.8
tools,oracle,eog,hr,1,1,2,task_20260116_160908_725_46ca2862_923e672e,0.5,0,40121,344.8
tools,oracle,eog,hr,1,1,3,task_20251223_184833_888_a8eea1c0_87c53cb9,0.571429,0,46192,471.4
tools,oracle,eog,hr,1,1,3,task_20251223_194142_190_46ca2862_d9cae434,0.5,0,47386,383.5
tools,oracle,eog,hr,1,1,3,task_20251223_194912_450_46ca2862_0084047c,0.5,0,53569,548.9
tools,oracle,eog,hr,1,1,3,task_20251224_094258_495_c4ad7a70_42fbe372,1.0,1,43665,348.9
tools,oracle,eog,hr,1,1,3,task_20251224_133749_739_c4ad7a70_9df76270,1.0,1,43480,256.9
tools,oracle,eog,hr,1,1,3,task_20251226_094920_495_99ba2325_627386b2,0.5,0,25217,317.0
tools,oracle,eog,hr,1,1,3,task_20260112_141226_936_7aad91c1_61df8f2b,1.0,1,57590,319.6
tools,oracle,eog,hr,1,1,3,task_20260116_104653_444_99ba2325_320d5ca4,1.0,1,60552,545.5
tools,oracle,eog,hr,1,1,3,task_20260116_112336_208_c5cac200_da33db0a,0.833333,0,86298,523.2
tools,oracle,eog,hr,1,1,3,task_20260116_160908_725_46ca2862_923e672e,0.5,0,32682,342.7
tools,oracle,eog,hr,2,2,1,task_20251217_211723_514_87437950_3bbbb519,0.25,0,33754,917.0
tools,oracle,eog,hr,2,2,1,task_20251219_205632_335_cd46e60f_4db23138,0.0,0,19016,326.1
tools,oracle,eog,hr,2,2,1,task_20251224_030218_157_00364ece_79650819,0.5,0,58780,1219.9
tools,oracle,eog,hr,2,2,1,task_20251224_195437_497_e6427839_6357fed2,0.0,0,39687,1578.1
tools,oracle,eog,hr,2,2,1,task_20251226_090527_363_b25153b4_6caf1a47,0.6,0,50635,1646.5
tools,oracle,eog,hr,2,2,1,task_20251226_135729_497_c4ad7a70_788f5baf,0.333333,0,36465,1580.4
tools,oracle,eog,hr,2,2,1,task_20251226_153702_699_ad5a67e3_43cd2d47,0.0,0,15674,255.7
tools,oracle,eog,hr,2,2,1,task_20260114_170216_532_accab84d_9dc7ddd5,0.333333,0,40189,982.1
tools,oracle,eog,hr,2,2,1,task_20260114_180423_838_00364ece_9f2ad35c,0.5,0,116756,1727.0
tools,oracle,eog,hr,2,2,1,task_20260115_124602_090_accab84d_91ac1840,0.0,0,31657,1041.0
tools,oracle,eog,hr,2,2,1,task_20260115_151312_690_57529556_9fca8861,0.0,0,9805,324.0
tools,oracle,eog,hr,2,2,1,task_20260116_055513_891_99ba2325_849991b8,0.166667,0,27435,978.9
tools,oracle,eog,hr,2,2,1,task_20260116_170758_750_d4a463c3_3885de59,0.777778,0,127480,1813.1
tools,oracle,eog,hr,2,2,2,task_20251217_211723_514_87437950_3bbbb519,0.25,0,27468,115.3
tools,oracle,eog,hr,2,2,2,task_20251219_205632_335_cd46e60f_4db23138,0.0,0,28084,150.9
tools,oracle,eog,hr,2,2,2,task_20251224_030218_157_00364ece_79650819,0.5,0,75102,99.1
tools,oracle,eog,hr,2,2,2,task_20251224_195437_497_e6427839_6357fed2,0.0,0,37579,130.4
tools,oracle,eog,hr,2,2,2,task_20251226_090527_363_b25153b4_6caf1a47,0.6,0,49481,202.7
tools,oracle,eog,hr,2,2,2,task_20251226_135729_497_c4ad7a70_788f5baf,0.666667,0,35871,130.2
tools,oracle,eog,hr,2,2,2,task_20251226_153702_699_ad5a67e3_43cd2d47,0.0,0,21977,77.0
tools,oracle,eog,hr,2,2,2,task_20260114_170216_532_accab84d_9dc7ddd5,1.0,1,49165,138.0
tools,oracle,eog,hr,2,2,2,task_20260114_180423_838_00364ece_9f2ad35c,0.5,0,81403,326.2
tools,oracle,eog,hr,2,2,2,task_20260115_124602_090_accab84d_91ac1840,0.0,0,7564,50.4
tools,oracle,eog,hr,2,2,2,task_20260115_151312_690_57529556_9fca8861,0.0,0,18365,126.0
tools,oracle,eog,hr,2,2,2,task_20260116_055513_891_99ba2325_849991b8,0.166667,0,26996,148.5
tools,oracle,eog,hr,2,2,2,task_20260116_170758_750_d4a463c3_3885de59,0.0,0,8674,50.7
tools,oracle,eog,hr,2,2,3,task_20251217_211723_514_87437950_3bbbb519,0.0,0,6225,49.5
tools,oracle,eog,hr,2,2,3,task_20251219_205632_335_cd46e60f_4db23138,0.0,0,29174,145.7
tools,oracle,eog,hr,2,2,3,task_20251224_030218_157_00364ece_79650819,0.5,0,66111,248.3
tools,oracle,eog,hr,2,2,3,task_20251224_195437_497_e6427839_6357fed2,0.0,0,56114,190.3
tools,oracle,eog,hr,2,2,3,task_20251226_090527_363_b25153b4_6caf1a47,0.6,0,42315,222.1
tools,oracle,eog,hr,2,2,3,task_20251226_135729_497_c4ad7a70_788f5baf,0.333333,0,37322,134.9
tools,oracle,eog,hr,2,2,3,task_20251226_153702_699_ad5a67e3_43cd2d47,0.0,0,32738,187.7
tools,oracle,eog,hr,2,2,3,task_20260114_170216_532_accab84d_9dc7ddd5,0.333333,0,40261,133.5
tools,oracle,eog,hr,2,2,3,task_20260114_180423_838_00364ece_9f2ad35c,0.5,0,78960,345.5
tools,oracle,eog,hr,2,2,3,task_20260115_124602_090_accab84d_91ac1840,0.0,0,9097,69.8
tools,oracle,eog,hr,2,2,3,task_20260115_151312_690_57529556_9fca8861,0.0,0,9609,55.2
tools,oracle,eog,hr,2,2,3,task_20260116_055513_891_99ba2325_849991b8,0.166667,0,25947,139.9
tools,oracle,eog,hr,2,2,3,task_20260116_170758_750_d4a463c3_3885de59,0.444444,0,98903,412.4
tools,oracle,eog,hr,3,3,1,task_20251217_073807_153_761f6b82_cba63024,0.714286,0,143176,1145.8
tools,oracle,eog,hr,3,3,1,task_20251218_234518_453_d9bcd1e5_72c94403,1.0,1,28133,139.0
tools,oracle,eog,hr,3,3,1,task_20251219_114935_971_a8eea1c0_188fc892,0.5,0,53643,428.6
tools,oracle,eog,hr,3,3,1,task_20251219_155215_361_00364ece_c1c6ffc8,0.0,0,52074,670.1
tools,oracle,eog,hr,3,3,1,task_20251225_124750_039_7e2e0039_de8a9d94,0.833333,0,29162,146.6
tools,oracle,eog,hr,3,3,1,task_20251226_041218_355_d9bcd1e5_bc84c9d5,0.777778,0,66455,697.7
tools,oracle,eog,hr,3,3,1,task_20251226_101143_297_99ba2325_75b99d9a,0.75,0,60759,912.3
tools,oracle,eog,hr,3,3,1,task_20251226_102334_184_b25153b4_08c0849c,0.8,0,57817,248.0
tools,oracle,eog,hr,3,3,1,task_20251226_104747_127_30600918_559da326,0.25,0,58441,670.5
tools,oracle,eog,hr,3,3,1,task_20251226_132052_338_e6427839_727d852c,0.5,0,55675,428.8
tools,oracle,eog,hr,3,3,1,task_20251226_173040_372_95fd9f79_c7e85ec1,0.833333,0,58409,608.3
tools,oracle,eog,hr,3,3,1,task_20260109_172559_279_e6427839_f711406f,0.5,0,65631,606.9
tools,oracle,eog,hr,3,3,1,task_20260109_202436_533_a8eea1c0_755eabdd,0.555556,0,124900,1027.1
tools,oracle,eog,hr,3,3,1,task_20260113_032200_394_ad5a67e3_5e3873b8,0.875,0,77368,692.8
tools,oracle,eog,hr,3,3,1,task_20260114_091008_897_accab84d_786931e4,0.75,0,54524,905.6
tools,oracle,eog,hr,3,3,1,task_20260115_130330_068_00364ece_cf2e9cf1,0.142857,0,106894,370.8
tools,oracle,eog,hr,3,3,1,task_20260115_130852_498_a8eea1c0_e9192d7e,0.333333,0,56042,836.9
tools,oracle,eog,hr,3,3,1,task_20260115_190725_477_a8eea1c0_eba3a1c5,0.833333,0,60265,882.5
tools,oracle,eog,hr,3,3,1,task_20260116_084548_120_fa1836dc_679067bc,0.5,0,38505,214.6
tools,oracle,eog,hr,3,3,1,task_20260116_085958_358_a8eea1c0_6d7f242a,0.666667,0,51602,659.5
tools,oracle,eog,hr,3,3,1,task_20260116_105748_962_99ba2325_dcc658fa,0.75,0,78253,894.9
tools,oracle,eog,hr,3,3,1,task_20260116_122712_166_d4a463c3_196fe24f,1.0,1,63832,694.2
tools,oracle,eog,hr,3,3,1,task_20260116_143750_504_a8eea1c0_7d91efa1,0.6,0,41397,478.1
tools,oracle,eog,hr,3,3,1,task_20260116_150213_342_a8eea1c0_6d6fe792,0.5,0,40800,359.9
tools,oracle,eog,hr,3,3,1,task_20260119_022056_842_ad5a67e3_964df197,0.833333,0,94457,1319.8
tools,oracle,eog,hr,3,3,2,task_20251217_073807_153_761f6b82_cba63024,0.0,0,50795,846.3
tools,oracle,eog,hr,3,3,2,task_20251218_234518_453_d9bcd1e5_72c94403,0.833333,0,36422,599.8
tools,oracle,eog,hr,3,3,2,task_20251219_114935_971_a8eea1c0_188fc892,0.25,0,64424,1074.5
tools,oracle,eog,hr,3,3,2,task_20251219_155215_361_00364ece_c1c6ffc8,0.0,0,38145,1257.5
tools,oracle,eog,hr,3,3,2,task_20251225_124750_039_7e2e0039_de8a9d94,0.333333,0,23007,545.9
tools,oracle,eog,hr,3,3,2,task_20251226_041218_355_d9bcd1e5_bc84c9d5,0.444444,0,55931,845.3
tools,oracle,eog,hr,3,3,2,task_20251226_101143_297_99ba2325_75b99d9a,0.5,0,60873,1137.4
tools,oracle,eog,hr,3,3,2,task_20251226_102334_184_b25153b4_08c0849c,0.6,0,50979,1075.2
tools,oracle,eog,hr,3,3,2,task_20251226_104747_127_30600918_559da326,0.25,0,57425,1436.7
tools,oracle,eog,hr,3,3,2,task_20251226_132052_338_e6427839_727d852c,0.5,0,42733,597.2
tools,oracle,eog,hr,3,3,2,task_20251226_173040_372_95fd9f79_c7e85ec1,0.833333,0,77620,1075.8
tools,oracle,eog,hr,3,3,2,task_20260109_172559_279_e6427839_f711406f,0.5,0,74198,1073.7
tools,oracle,eog,hr,3,3,2,task_20260109_202436_533_a8eea1c0_755eabdd,0.444444,0,121173,2097.9
tools,oracle,eog,hr,3,3,2,task_20260113_032200_394_ad5a67e3_5e3873b8,0.875,0,85373,1257.5
tools,oracle,eog,hr,3,3,2,task_20260114_091008_897_accab84d_786931e4,0.5,0,56501,713.9
tools,oracle,eog,hr,3,3,2,task_20260115_130330_068_00364ece_cf2e9cf1,0.285714,0,242005,1916.3
tools,oracle,eog,hr,3,3,2,task_20260115_130852_498_a8eea1c0_e9192d7e,0.833333,0,84723,305.2
tools,oracle,eog,hr,3,3,2,task_20260115_190725_477_a8eea1c0_eba3a1c5,0.666667,0,59157,1319.1
tools,oracle,eog,hr,3,3,2,task_20260116_084548_120_fa1836dc_679067bc,0.333333,0,48663,1079.8
tools,oracle,eog,hr,3,3,2,task_20260116_085958_358_a8eea1c0_6d7f242a,0.333333,0,40337,899.2
tools,oracle,eog,hr,3,3,2,task_20260116_105748_962_99ba2325_dcc658fa,0.75,0,61684,1014.1
tools,oracle,eog,hr,3,3,2,task_20260116_122712_166_d4a463c3_196fe24f,0.9,0,58713,1192.0
tools,oracle,eog,hr,3,3,2,task_20260116_143750_504_a8eea1c0_7d91efa1,0.4,0,51916,1203.2
tools,oracle,eog,hr,3,3,2,task_20260116_150213_342_a8eea1c0_6d6fe792,0.666667,0,46011,959.7
tools,oracle,eog,hr,3,3,2,task_20260119_022056_842_ad5a67e3_964df197,0.5,0,50353,1079.9
tools,oracle,eog,hr,3,3,3,task_20251217_073807_153_761f6b82_cba63024,0.571429,0,152604,1865.4
tools,oracle,eog,hr,3,3,3,task_20251218_234518_453_d9bcd1e5_72c94403,0.833333,0,34038,1018.7
tools,oracle,eog,hr,3,3,3,task_20251219_114935_971_a8eea1c0_188fc892,0.5,0,42622,971.6
tools,oracle,eog,hr,3,3,3,task_20251219_155215_361_00364ece_c1c6ffc8,0.0,0,31696,298.4
tools,oracle,eog,hr,3,3,3,task_20251225_124750_039_7e2e0039_de8a9d94,0.166667,0,6794,174.9
tools,oracle,eog,hr,3,3,3,task_20251226_041218_355_d9bcd1e5_bc84c9d5,0.777778,0,61863,1500.1
tools,oracle,eog,hr,3,3,3,task_20251226_101143_297_99ba2325_75b99d9a,0.75,0,61790,1078.6
tools,oracle,eog,hr,3,3,3,task_20251226_102334_184_b25153b4_08c0849c,0.4,0,55513,1318.2
tools,oracle,eog,hr,3,3,3,task_20251226_104747_127_30600918_559da326,0.25,0,62084,1322.8
tools,oracle,eog,hr,3,3,3,task_20251226_132052_338_e6427839_727d852c,0.5,0,49461,1078.3
tools,oracle,eog,hr,3,3,3,task_20251226_173040_372_95fd9f79_c7e85ec1,0.833333,0,61488,1256.5
tools,oracle,eog,hr,3,3,3,task_20260109_172559_279_e6427839_f711406f,0.333333,0,67093,1500.7
tools,oracle,eog,hr,3,3,3,task_20260109_202436_533_a8eea1c0_755eabdd,0.333333,0,133398,1915.8
tools,oracle,eog,hr,3,3,3,task_20260113_032200_394_ad5a67e3_5e3873b8,0.875,0,68798,1555.0
tools,oracle,eog,hr,3,3,3,task_20260114_091008_897_accab84d_786931e4,0.0,0,34395,534.7
tools,oracle,eog,hr,3,3,3,task_20260115_130330_068_00364ece_cf2e9cf1,0.0,0,280200,2244.8
tools,oracle,eog,hr,3,3,3,task_20260115_130852_498_a8eea1c0_e9192d7e,0.166667,0,65258,1324.2
tools,oracle,eog,hr,3,3,3,task_20260115_190725_477_a8eea1c0_eba3a1c5,0.833333,0,59328,1345.0
tools,oracle,eog,hr,3,3,3,task_20260116_084548_120_fa1836dc_679067bc,0.5,0,61370,370.8
tools,oracle,eog,hr,3,3,3,task_20260116_085958_358_a8eea1c0_6d7f242a,0.666667,0,34742,837.3
tools,oracle,eog,hr,3,3,3,task_20260116_105748_962_99ba2325_dcc658fa,1.0,1,70161,270.6
tools,oracle,eog,hr,3,3,3,task_20260116_122712_166_d4a463c3_196fe24f,1.0,1,65444,187.7
tools,oracle,eog,hr,3,3,3,task_20260116_143750_504_a8eea1c0_7d91efa1,1.0,1,82742,1259.3
tools,oracle,eog,hr,3,3,3,task_20260116_150213_342_a8eea1c0_6d6fe792,0.5,0,39697,441.7
tools,oracle,eog,hr,3,3,3,task_20260119_022056_842_ad5a67e3_964df197,0.833333,0,100359,596.6
tools,oracle,eog,hr,4,4,1,task_20251212_194942_087_761f6b82_451ef3b7,0.285714,0,42600,93.0
tools,oracle,eog,hr,4,4,1,task_20251217_231709_248_b25153b4_4c5f9bde,0.714286,0,51317,171.5
tools,oracle,eog,hr,4,4,1,task_20251219_155520_685_a8eea1c0_c6fb88a1,1.0,1,48229,100.2
tools,oracle,eog,hr,4,4,1,task_20251223_061756_991_a8eea1c0_e497a345,0.6,0,54632,116.7
tools,oracle,eog,hr,4,4,1,task_20251223_201118_525_46ca2862_e3f79e09,0.0,0,34137,189.9
tools,oracle,eog,hr,4,4,1,task_20251224_064352_705_ec0cb5dd_46d83d4e,0.461538,0,5619,17.4
tools,oracle,eog,hr,4,4,1,task_20251224_074251_092_46ca2862_b5b99f66,1.0,1,79674,229.7
tools,oracle,eog,hr,4,4,1,task_20251225_062927_003_d9bcd1e5_d996901a,0.75,0,177831,298.8
tools,oracle,eog,hr,4,4,1,task_20251225_180047_141_a8eea1c0_002e725f,1.0,1,71702,180.2
tools,oracle,eog,hr,4,4,1,task_20251226_110144_731_b25153b4_773380f8,0.0,0,23260,114.1
tools,oracle,eog,hr,4,4,1,task_20260109_185510_803_a8eea1c0_b51123d7,0.714286,0,79470,156.7
tools,oracle,eog,hr,4,4,1,task_20260111_151647_667_a8eea1c0_c7c264ba,0.714286,0,121524,412.2
tools,oracle,eog,hr,4,4,1,task_20260111_190744_927_a8eea1c0_17bea726,0.0,0,105355,238.5
tools,oracle,eog,hr,4,4,1,task_20260114_173911_329_a8eea1c0_b687c646,0.6,0,89796,224.6
tools,oracle,eog,hr,4,4,1,task_20260114_220447_370_00364ece_0c9c7534,0.75,0,60314,184.4
tools,oracle,eog,hr,4,4,1,task_20260115_043503_499_a8eea1c0_4b943c9b,0.25,0,9285,48.3
tools,oracle,eog,hr,4,4,1,task_20260116_094554_219_c5cac200_82f2d2a8,0.6,0,91660,368.8
tools,oracle,eog,hr,4,4,1,task_20260116_095609_650_c5cac200_741831a8,1.0,1,64615,279.2
tools,oracle,eog,hr,4,4,1,task_20260116_112648_773_99ba2325_c572f123,0.857143,0,93008,239.8
tools,oracle,eog,hr,4,4,1,task_20260116_185136_779_46ca2862_2b77b852,1.0,1,42627,235.3
tools,oracle,eog,hr,4,4,1,task_20260116_203855_584_57529556_7b20a1d8,0.0,0,18410,118.1
tools,oracle,eog,hr,4,4,1,task_20260119_045416_534_ad5a67e3_78445838,0.857143,0,79415,295.0
tools,oracle,eog,hr,4,4,2,task_20251212_194942_087_761f6b82_451ef3b7,0.285714,0,39358,380.8
tools,oracle,eog,hr,4,4,2,task_20251217_231709_248_b25153b4_4c5f9bde,0.571429,0,84513,383.4
tools,oracle,eog,hr,4,4,2,task_20251219_155520_685_a8eea1c0_c6fb88a1,1.0,1,56063,135.2
tools,oracle,eog,hr,4,4,2,task_20251223_061756_991_a8eea1c0_e497a345,0.6,0,60046,177.2
tools,oracle,eog,hr,4,4,2,task_20251223_201118_525_46ca2862_e3f79e09,0.0,0,24034,144.2
tools,oracle,eog,hr,4,4,2,task_20251224_064352_705_ec0cb5dd_46d83d4e,0.461538,0,6257,39.6
tools,oracle,eog,hr,4,4,2,task_20251224_074251_092_46ca2862_b5b99f66,0.5,0,85720,628.4
tools,oracle,eog,hr,4,4,2,task_20251225_062927_003_d9bcd1e5_d996901a,0.75,0,183832,473.2
tools,oracle,eog,hr,4,4,2,task_20251225_180047_141_a8eea1c0_002e725f,1.0,1,65756,131.7
tools,oracle,eog,hr,4,4,2,task_20251226_110144_731_b25153b4_773380f8,0.0,0,9405,50.8
tools,oracle,eog,hr,4,4,2,task_20260109_185510_803_a8eea1c0_b51123d7,1.0,1,96990,202.6
tools,oracle,eog,hr,4,4,2,task_20260111_151647_667_a8eea1c0_c7c264ba,0.571429,0,104843,197.8
tools,oracle,eog,hr,4,4,2,task_20260111_190744_927_a8eea1c0_17bea726,0.5,0,104665,474.0
tools,oracle,eog,hr,4,4,2,task_20260114_173911_329_a8eea1c0_b687c646,0.6,0,114686,197.3
tools,oracle,eog,hr,4,4,2,task_20260114_220447_370_00364ece_0c9c7534,0.75,0,61683,199.4
tools,oracle,eog,hr,4,4,2,task_20260115_043503_499_a8eea1c0_4b943c9b,0.375,0,30572,174.0
tools,oracle,eog,hr,4,4,2,task_20260116_094554_219_c5cac200_82f2d2a8,1.0,1,133410,612.8
tools,oracle,eog,hr,4,4,2,task_20260116_095609_650_c5cac200_741831a8,0.333333,0,43359,328.3
tools,oracle,eog,hr,4,4,2,task_20260116_112648_773_99ba2325_c572f123,0.857143,0,86342,495.8
tools,oracle,eog,hr,4,4,2,task_20260116_185136_779_46ca2862_2b77b852,1.0,1,53647,439.1
tools,oracle,eog,hr,4,4,2,task_20260116_203855_584_57529556_7b20a1d8,0.666667,0,126397,780.0
tools,oracle,eog,hr,4,4,2,task_20260119_045416_534_ad5a67e3_78445838,0.857143,0,66792,324.5
tools,oracle,eog,hr,4,4,3,task_20251212_194942_087_761f6b82_451ef3b7,0.142857,0,17550,117.5
tools,oracle,eog,hr,4,4,3,task_20251217_231709_248_b25153b4_4c5f9bde,0.714286,0,55506,701.8
tools,oracle,eog,hr,4,4,3,task_20251219_155520_685_a8eea1c0_c6fb88a1,0.6,0,41280,99.9
tools,oracle,eog,hr,4,4,3,task_20251223_061756_991_a8eea1c0_e497a345,0.6,0,53663,125.2
tools,oracle,eog,hr,4,4,3,task_20251223_201118_525_46ca2862_e3f79e09,0.0,0,20622,110.2
tools,oracle,eog,hr,4,4,3,task_20251224_064352_705_ec0cb5dd_46d83d4e,0.461538,0,6146,27.8
tools,oracle,eog,hr,4,4,3,task_20251224_074251_092_46ca2862_b5b99f66,1.0,1,53308,455.9
tools,oracle,eog,hr,4,4,3,task_20251225_062927_003_d9bcd1e5_d996901a,0.5,0,48610,217.3
tools,oracle,eog,hr,4,4,3,task_20251225_180047_141_a8eea1c0_002e725f,0.857143,0,68757,578.4
tools,oracle,eog,hr,4,4,3,task_20251226_110144_731_b25153b4_773380f8,1.0,1,142337,874.7
tools,oracle,eog,hr,4,4,3,task_20260109_185510_803_a8eea1c0_b51123d7,0.714286,0,95797,756.9
tools,oracle,eog,hr,4,4,3,task_20260111_151647_667_a8eea1c0_c7c264ba,0.428571,0,86035,274.2
tools,oracle,eog,hr,4,4,3,task_20260111_190744_927_a8eea1c0_17bea726,1.0,1,145648,817.5
tools,oracle,eog,hr,4,4,3,task_20260114_173911_329_a8eea1c0_b687c646,0.6,0,81436,275.8
tools,oracle,eog,hr,4,4,3,task_20260114_220447_370_00364ece_0c9c7534,0.75,0,58113,278.3
tools,oracle,eog,hr,4,4,3,task_20260115_043503_499_a8eea1c0_4b943c9b,0.625,0,84060,697.7
tools,oracle,eog,hr,4,4,3,task_20260116_094554_219_c5cac200_82f2d2a8,1.0,1,134844,907.1
tools,oracle,eog,hr,4,4,3,task_20260116_095609_650_c5cac200_741831a8,0.0,0,34755,474.7
tools,oracle,eog,hr,4,4,3,task_20260116_112648_773_99ba2325_c572f123,0.857143,0,88820,768.9
tools,oracle,eog,hr,4,4,3,task_20260116_185136_779_46ca2862_2b77b852,0.333333,0,26090,456.4
tools,oracle,eog,hr,4,4,3,task_20260116_203855_584_57529556_7b20a1d8,0.666667,0,126401,1079.5
tools,oracle,eog,hr,4,4,3,task_20260119_045416_534_ad5a67e3_78445838,0.285714,0,37198,554.0
tools,oracle,eog,hr,5,5,1,task_20251217_161056_114_d9bcd1e5_c8f3ccb9,0.8,0,27490,75.4
tools,oracle,eog,hr,5,5,1,task_20260112_124137_537_761f6b82_9e1a6b99,0.25,0,81657,258.0
tools,oracle,eog,hr,5,5,2,task_20251217_161056_114_d9bcd1e5_c8f3ccb9,1.0,1,38757,95.7
tools,oracle,eog,hr,5,5,2,task_20260112_124137_537_761f6b82_9e1a6b99,0.25,0,84022,293.3
tools,oracle,eog,hr,5,5,3,task_20251217_161056_114_d9bcd1e5_c8f3ccb9,1.0,1,40758,135.8
tools,oracle,eog,hr,5,5,3,task_20260112_124137_537_761f6b82_9e1a6b99,0.25,0,80137,322.5
tools,oracle,eog,hybrid,1,1,1,task_20251216_223804_332_df2c536d_a1d9c559,0.666667,0,34912,127.1
tools,oracle,eog,hybrid,1,1,1,task_20251217_140216_182_701c5774_9fcdf867,1.0,1,49066,182.1
tools,oracle,eog,hybrid,1,1,1,task_20251217_160053_417_701c5774_db625115,0.666667,0,126764,474.2
tools,oracle,eog,hybrid,1,1,1,task_20251218_102205_211_1628b966_06687c79,0.0,0,87266,408.5
tools,oracle,eog,hybrid,1,1,1,task_20251218_103430_472_701c5774_42c99459,0.0,0,64316,328.7
tools,oracle,eog,hybrid,1,1,1,task_20251218_173030_490_23fcbcdb_0e698d81,1.0,1,78783,142.7
tools,oracle,eog,hybrid,1,1,1,task_20251219_174221_127_64a4ebb9_3a8bb36b,0.8,0,29791,74.8
tools,oracle,eog,hybrid,1,1,1,task_20251221_222713_409_64a4ebb9_9915366d,1.0,1,22031,95.3
tools,oracle,eog,hybrid,1,1,1,task_20251222_113047_572_64a4ebb9_cd2083a8,0.8,0,36368,79.1
tools,oracle,eog,hybrid,1,1,1,task_20251224_104537_197_701c5774_5c104832,0.333333,0,68085,236.5
tools,oracle,eog,hybrid,1,1,1,task_20251224_112727_844_701c5774_58c1bbfb,0.0,0,27276,132.8
tools,oracle,eog,hybrid,1,1,1,task_20251225_130546_796_4d9df647_7e32b59a,0.0,0,36233,184.9
tools,oracle,eog,hybrid,1,1,1,task_20251225_133905_252_060e2c81_7e4fd228,0.125,0,23221,88.8
tools,oracle,eog,hybrid,1,1,1,task_20260113_141825_482_911d75d7_ecab6320,1.0,1,212800,201.6
tools,oracle,eog,hybrid,1,1,1,task_20260113_152354_165_9a1e131b_fc5e2cac,0.0,0,31664,96.9
tools,oracle,eog,hybrid,1,1,1,task_20260114_073013_180_911d75d7_cc244085,0.25,0,27046,109.4
tools,oracle,eog,hybrid,1,1,1,task_20260114_172825_147_1628b966_cc356289,1.0,1,25750,99.6
tools,oracle,eog,hybrid,1,1,1,task_20260115_111059_508_9a1e131b_a201f065,0.5,0,61668,234.3
tools,oracle,eog,hybrid,1,1,1,task_20260115_121701_840_1628b966_ff394d2f,1.0,1,60467,172.6
tools,oracle,eog,hybrid,1,1,1,task_20260115_170553_772_ae7b45e2_daae994c,0.333333,0,23229,70.6
tools,oracle,eog,hybrid,1,1,1,task_20260116_080150_885_1628b966_5a58d8e3,0.0,0,72074,268.4
tools,oracle,eog,hybrid,1,1,1,task_20260116_125421_530_806f1a83_3e703812,0.8,0,80657,161.4
tools,oracle,eog,hybrid,1,1,1,task_20260116_131741_243_1628b966_c66e5972,0.5,0,50081,241.6
tools,oracle,eog,hybrid,1,1,1,task_20260117_084409_361_4d9df647_9892db8c,0.0,0,107335,293.1
tools,oracle,eog,hybrid,1,1,2,task_20251216_223804_332_df2c536d_a1d9c559,0.333333,0,40781,145.8
tools,oracle,eog,hybrid,1,1,2,task_20251217_140216_182_701c5774_9fcdf867,1.0,1,48016,123.6
tools,oracle,eog,hybrid,1,1,2,task_20251217_160053_417_701c5774_db625115,0.666667,0,126555,517.3
tools,oracle,eog,hybrid,1,1,2,task_20251218_102205_211_1628b966_06687c79,0.5,0,95722,401.1
tools,oracle,eog,hybrid,1,1,2,task_20251218_103430_472_701c5774_42c99459,0.0,0,86893,342.4
tools,oracle,eog,hybrid,1,1,2,task_20251218_173030_490_23fcbcdb_0e698d81,1.0,1,73228,196.8
tools,oracle,eog,hybrid,1,1,2,task_20251219_174221_127_64a4ebb9_3a8bb36b,0.8,0,32309,130.2
tools,oracle,eog,hybrid,1,1,2,task_20251221_222713_409_64a4ebb9_9915366d,1.0,1,21372,138.5
tools,oracle,eog,hybrid,1,1,2,task_20251222_113047_572_64a4ebb9_cd2083a8,0.8,0,32424,118.3
tools,oracle,eog,hybrid,1,1,2,task_20251224_104537_197_701c5774_5c104832,0.333333,0,111909,587.0
tools,oracle,eog,hybrid,1,1,2,task_20251224_112727_844_701c5774_58c1bbfb,0.0,0,81624,365.0
tools,oracle,eog,hybrid,1,1,2,task_20251225_130546_796_4d9df647_7e32b59a,0.0,0,36819,148.0
tools,oracle,eog,hybrid,1,1,2,task_20251225_133905_252_060e2c81_7e4fd228,0.125,0,40485,157.2
tools,oracle,eog,hybrid,1,1,2,task_20260113_141825_482_911d75d7_ecab6320,0.888889,0,187232,336.4
tools,oracle,eog,hybrid,1,1,2,task_20260113_152354_165_9a1e131b_fc5e2cac,0.0,0,35549,131.7
tools,oracle,eog,hybrid,1,1,2,task_20260114_073013_180_911d75d7_cc244085,0.25,0,37033,172.5
tools,oracle,eog,hybrid,1,1,2,task_20260114_172825_147_1628b966_cc356289,1.0,1,24727,85.8
tools,oracle,eog,hybrid,1,1,2,task_20260115_111059_508_9a1e131b_a201f065,0.5,0,49958,227.3
tools,oracle,eog,hybrid,1,1,2,task_20260115_121701_840_1628b966_ff394d2f,1.0,1,61553,194.8
tools,oracle,eog,hybrid,1,1,2,task_20260115_170553_772_ae7b45e2_daae994c,0.333333,0,24932,69.4
tools,oracle,eog,hybrid,1,1,2,task_20260116_080150_885_1628b966_5a58d8e3,0.0,0,36487,186.3
tools,oracle,eog,hybrid,1,1,2,task_20260116_125421_530_806f1a83_3e703812,0.8,0,77826,206.6
tools,oracle,eog,hybrid,1,1,2,task_20260116_131741_243_1628b966_c66e5972,0.5,0,69887,480.9
tools,oracle,eog,hybrid,1,1,2,task_20260117_084409_361_4d9df647_9892db8c,0.0,0,113626,454.7
tools,oracle,eog,hybrid,1,1,3,task_20251216_223804_332_df2c536d_a1d9c559,0.333333,0,41135,214.5
tools,oracle,eog,hybrid,1,1,3,task_20251217_140216_182_701c5774_9fcdf867,1.0,1,49335,383.0
tools,oracle,eog,hybrid,1,1,3,task_20251217_160053_417_701c5774_db625115,0.0,0,114486,1105.7
tools,oracle,eog,hybrid,1,1,3,task_20251218_102205_211_1628b966_06687c79,0.5,0,63811,445.7
tools,oracle,eog,hybrid,1,1,3,task_20251218_103430_472_701c5774_42c99459,0.0,0,65897,914.4
tools,oracle,eog,hybrid,1,1,3,task_20251218_173030_490_23fcbcdb_0e698d81,1.0,1,71395,392.1
tools,oracle,eog,hybrid,1,1,3,task_20251219_174221_127_64a4ebb9_3a8bb36b,0.8,0,46331,178.1
tools,oracle,eog,hybrid,1,1,3,task_20251221_222713_409_64a4ebb9_9915366d,1.0,1,23390,205.9
tools,oracle,eog,hybrid,1,1,3,task_20251222_113047_572_64a4ebb9_cd2083a8,0.8,0,37990,189.2
tools,oracle,eog,hybrid,1,1,3,task_20251224_104537_197_701c5774_5c104832,0.0,0,81446,808.0
tools,oracle,eog,hybrid,1,1,3,task_20251224_112727_844_701c5774_58c1bbfb,0.0,0,36799,383.8
tools,oracle,eog,hybrid,1,1,3,task_20251225_130546_796_4d9df647_7e32b59a,0.0,0,35280,380.5
tools,oracle,eog,hybrid,1,1,3,task_20251225_133905_252_060e2c81_7e4fd228,0.25,0,68891,435.3
tools,oracle,eog,hybrid,1,1,3,task_20260113_141825_482_911d75d7_ecab6320,0.777778,0,198192,711.1
tools,oracle,eog,hybrid,1,1,3,task_20260113_152354_165_9a1e131b_fc5e2cac,0.0,0,30786,147.8
tools,oracle,eog,hybrid,1,1,3,task_20260114_073013_180_911d75d7_cc244085,0.0,0,98663,1023.1
tools,oracle,eog,hybrid,1,1,3,task_20260114_172825_147_1628b966_cc356289,1.0,1,24519,238.5
tools,oracle,eog,hybrid,1,1,3,task_20260115_111059_508_9a1e131b_a201f065,0.0,0,62966,800.9
tools,oracle,eog,hybrid,1,1,3,task_20260115_121701_840_1628b966_ff394d2f,0.0,0,70885,595.9
tools,oracle,eog,hybrid,1,1,3,task_20260115_170553_772_ae7b45e2_daae994c,0.333333,0,26054,280.9
tools,oracle,eog,hybrid,1,1,3,task_20260116_080150_885_1628b966_5a58d8e3,0.0,0,55027,732.7
tools,oracle,eog,hybrid,1,1,3,task_20260116_125421_530_806f1a83_3e703812,0.8,0,88552,355.3
tools,oracle,eog,hybrid,1,1,3,task_20260116_131741_243_1628b966_c66e5972,0.0,0,61427,731.5
tools,oracle,eog,hybrid,1,1,3,task_20260117_084409_361_4d9df647_9892db8c,0.0,0,83871,729.5
tools,oracle,eog,hybrid,2,2,1,task_20251222_151946_409_060e2c81_253357ab,0.777778,0,34206,130.1
tools,oracle,eog,hybrid,2,2,1,task_20251225_074839_957_701c5774_eef4d0c4,0.5,0,68750,169.1
tools,oracle,eog,hybrid,2,2,1,task_20251226_133324_902_e5bf1251_942c943a,0.5,0,78618,136.5
tools,oracle,eog,hybrid,2,2,1,task_20251226_150609_837_4d9df647_84917c0b,0.0,0,53346,173.4
tools,oracle,eog,hybrid,2,2,1,task_20251226_150647_118_13762b97_8da0c6a5,0.75,0,177012,214.8
tools,oracle,eog,hybrid,2,2,1,task_20251226_225931_685_bca89e7d_597733d7,0.75,0,24436,83.6
tools,oracle,eog,hybrid,2,2,1,task_20260113_114937_574_4d9df647_a8d4341b,0.4,0,51910,206.8
tools,oracle,eog,hybrid,2,2,1,task_20260113_120745_735_4d9df647_017a9009,1.0,1,43215,85.7
tools,oracle,eog,hybrid,2,2,1,task_20260113_141542_776_911d75d7_78be6b0f,0.0,0,23647,123.9
tools,oracle,eog,hybrid,2,2,1,task_20260115_122753_129_1628b966_0c22c9cc,0.666667,0,55167,141.0
tools,oracle,eog,hybrid,2,2,1,task_20260119_162417_443_d8f93f2d_2b15bc38,1.0,1,45357,115.8
tools,oracle,eog,hybrid,2,2,2,task_20251222_151946_409_060e2c81_253357ab,1.0,1,65847,193.7
tools,oracle,eog,hybrid,2,2,2,task_20251225_074839_957_701c5774_eef4d0c4,0.5,0,91268,320.9
tools,oracle,eog,hybrid,2,2,2,task_20251226_133324_902_e5bf1251_942c943a,0.5,0,34945,125.9
tools,oracle,eog,hybrid,2,2,2,task_20251226_150609_837_4d9df647_84917c0b,0.0,0,85477,473.2
tools,oracle,eog,hybrid,2,2,2,task_20251226_150647_118_13762b97_8da0c6a5,0.75,0,116434,121.7
tools,oracle,eog,hybrid,2,2,2,task_20251226_225931_685_bca89e7d_597733d7,0.75,0,28108,124.3
tools,oracle,eog,hybrid,2,2,2,task_20260113_114937_574_4d9df647_a8d4341b,0.4,0,59114,265.5
tools,oracle,eog,hybrid,2,2,2,task_20260113_120745_735_4d9df647_017a9009,1.0,1,43861,75.0
tools,oracle,eog,hybrid,2,2,2,task_20260113_141542_776_911d75d7_78be6b0f,0.0,0,20262,152.4
tools,oracle,eog,hybrid,2,2,2,task_20260115_122753_129_1628b966_0c22c9cc,0.666667,0,66600,165.8
tools,oracle,eog,hybrid,2,2,2,task_20260119_162417_443_d8f93f2d_2b15bc38,1.0,1,43169,119.6
tools,oracle,eog,hybrid,2,2,3,task_20251222_151946_409_060e2c81_253357ab,0.777778,0,49093,194.3
tools,oracle,eog,hybrid,2,2,3,task_20251225_074839_957_701c5774_eef4d0c4,0.5,0,68972,182.0
tools,oracle,eog,hybrid,2,2,3,task_20251226_133324_902_e5bf1251_942c943a,0.5,0,66743,133.1
tools,oracle,eog,hybrid,2,2,3,task_20251226_150609_837_4d9df647_84917c0b,0.0,0,56413,187.3
tools,oracle,eog,hybrid,2,2,3,task_20251226_150647_118_13762b97_8da0c6a5,0.875,0,84265,116.7
tools,oracle,eog,hybrid,2,2,3,task_20251226_225931_685_bca89e7d_597733d7,0.75,0,23599,95.2
tools,oracle,eog,hybrid,2,2,3,task_20260113_114937_574_4d9df647_a8d4341b,0.6,0,52827,261.7
tools,oracle,eog,hybrid,2,2,3,task_20260113_120745_735_4d9df647_017a9009,1.0,1,43821,80.0
tools,oracle,eog,hybrid,2,2,3,task_20260113_141542_776_911d75d7_78be6b0f,0.0,0,25538,124.1
tools,oracle,eog,hybrid,2,2,3,task_20260115_122753_129_1628b966_0c22c9cc,0.666667,0,54865,149.3
tools,oracle,eog,hybrid,2,2,3,task_20260119_162417_443_d8f93f2d_2b15bc38,1.0,1,43990,150.2
tools,oracle,eog,hybrid,3,3,1,task_20251217_130333_406_df2c536d_96566d89,0.666667,0,71313,148.9
tools,oracle,eog,hybrid,3,3,1,task_20251225_071630_879_701c5774_99b636e9,0.5,0,126807,480.8
tools,oracle,eog,hybrid,3,3,1,task_20251225_161315_197_13762b97_44595aaa,0.875,0,76874,100.0
tools,oracle,eog,hybrid,3,3,1,task_20260112_125407_584_1628b966_f5dd38b6,0.5,0,14712,39.6
tools,oracle,eog,hybrid,3,3,1,task_20260114_163605_721_1628b966_187c9544,0.5,0,34115,134.2
tools,oracle,eog,hybrid,3,3,1,task_20260114_174605_380_1628b966_b09f4a35,1.0,1,83325,145.2
tools,oracle,eog,hybrid,3,3,1,task_20260116_064331_915_d8f93f2d_854d09b8,0.666667,0,44695,116.0
tools,oracle,eog,hybrid,3,3,1,task_20260116_095226_245_4d9df647_08f9f5b1,0.25,0,35497,83.1
tools,oracle,eog,hybrid,3,3,1,task_20260116_155214_819_baf0b358_0cf4418f,0.25,0,39663,127.3
tools,oracle,eog,hybrid,3,3,2,task_20251217_130333_406_df2c536d_96566d89,0.666667,0,55454,124.1
tools,oracle,eog,hybrid,3,3,2,task_20251225_071630_879_701c5774_99b636e9,0.5,0,126508,782.1
tools,oracle,eog,hybrid,3,3,2,task_20251225_161315_197_13762b97_44595aaa,0.75,0,74590,86.7
tools,oracle,eog,hybrid,3,3,2,task_20260112_125407_584_1628b966_f5dd38b6,0.5,0,10920,43.5
tools,oracle,eog,hybrid,3,3,2,task_20260114_163605_721_1628b966_187c9544,0.0,0,20555,237.7
tools,oracle,eog,hybrid,3,3,2,task_20260114_174605_380_1628b966_b09f4a35,1.0,1,53317,75.6
tools,oracle,eog,hybrid,3,3,2,task_20260116_064331_915_d8f93f2d_854d09b8,0.0,0,20472,355.6
tools,oracle,eog,hybrid,3,3,2,task_20260116_095226_245_4d9df647_08f9f5b1,0.5,0,90521,170.7
tools,oracle,eog,hybrid,3,3,2,task_20260116_155214_819_baf0b358_0cf4418f,0.0,0,26689,540.4
tools,oracle,eog,hybrid,3,3,3,task_20251217_130333_406_df2c536d_96566d89,0.333333,0,64791,157.1
tools,oracle,eog,hybrid,3,3,3,task_20251225_071630_879_701c5774_99b636e9,0.25,0,93033,330.1
tools,oracle,eog,hybrid,3,3,3,task_20251225_161315_197_13762b97_44595aaa,0.875,0,76111,111.0
tools,oracle,eog,hybrid,3,3,3,task_20260112_125407_584_1628b966_f5dd38b6,0.5,0,11166,779.3
tools,oracle,eog,hybrid,3,3,3,task_20260114_163605_721_1628b966_187c9544,0.0,0,19344,79.2
tools,oracle,eog,hybrid,3,3,3,task_20260114_174605_380_1628b966_b09f4a35,0.75,0,66132,115.1
tools,oracle,eog,hybrid,3,3,3,task_20260116_064331_915_d8f93f2d_854d09b8,0.0,0,10961,492.5
tools,oracle,eog,hybrid,3,3,3,task_20260116_095226_245_4d9df647_08f9f5b1,0.25,0,47920,119.3
tools,oracle,eog,hybrid,3,3,3,task_20260116_155214_819_baf0b358_0cf4418f,0.25,0,32317,1019.1
tools,oracle,eog,hybrid,4,4,1,task_20251217_125948_467_6f5b66fc_10d57868,0.666667,0,30397,831.6
tools,oracle,eog,hybrid,4,4,1,task_20251218_115158_065_1628b966_72217cb4,0.0,0,15521,178.4
tools,oracle,eog,hybrid,4,4,1,task_20251219_115208_288_701c5774_66a236f8,0.0,0,67318,959.3
tools,oracle,eog,hybrid,4,4,1,task_20251220_151043_591_0a0bf089_22634f28,0.8,0,95216,950.8
tools,oracle,eog,hybrid,4,4,1,task_20251222_124541_619_64a4ebb9_abb23ceb,0.4,0,21952,840.5
tools,oracle,eog,hybrid,4,4,1,task_20251223_005949_519_13762b97_e08c84a3,0.25,0,21646,775.2
tools,oracle,eog,hybrid,4,4,1,task_20251224_153415_365_0a0bf089_01602883,0.333333,0,11867,162.2
tools,oracle,eog,hybrid,4,4,1,task_20251224_215807_175_8ce75c22_1c31b786,0.25,0,35042,834.3
tools,oracle,eog,hybrid,4,4,1,task_20251225_140851_135_64a4ebb9_c37d6b1b,0.6,0,16522,676.7
tools,oracle,eog,hybrid,4,4,1,task_20251225_152926_506_4d9df647_e4e518ca,0.2,0,108112,1251.3
tools,oracle,eog,hybrid,4,4,1,task_20260114_133032_536_4d9df647_0635001b,1.0,1,70229,892.9
tools,oracle,eog,hybrid,4,4,1,task_20260114_164939_471_4d9df647_2aaff95f,1.0,1,76513,885.5
tools,oracle,eog,hybrid,4,4,1,task_20260115_145329_475_23fcbcdb_3a970315,0.5,0,61653,893.8
tools,oracle,eog,hybrid,4,4,1,task_20260116_054437_417_59bb807c_d73ca3e4,0.6,0,99868,900.4
tools,oracle,eog,hybrid,4,4,1,task_20260116_125857_450_1628b966_25b7eec5,0.0,0,17206,179.6
tools,oracle,eog,hybrid,4,4,1,task_20260116_133210_131_806f1a83_4c204063,0.666667,0,70641,843.4
tools,oracle,eog,hybrid,4,4,1,task_20260116_174925_124_d8f93f2d_9e20df73,1.0,1,91002,305.4
tools,oracle,eog,hybrid,4,4,2,task_20251217_125948_467_6f5b66fc_10d57868,0.666667,0,36043,316.3
tools,oracle,eog,hybrid,4,4,2,task_20251218_115158_065_1628b966_72217cb4,0.0,0,27070,313.7
tools,oracle,eog,hybrid,4,4,2,task_20251219_115208_288_701c5774_66a236f8,0.25,0,92874,511.1
tools,oracle,eog,hybrid,4,4,2,task_20251220_151043_591_0a0bf089_22634f28,0.8,0,94597,296.6
tools,oracle,eog,hybrid,4,4,2,task_20251222_124541_619_64a4ebb9_abb23ceb,1.0,1,25994,364.2
tools,oracle,eog,hybrid,4,4,2,task_20251223_005949_519_13762b97_e08c84a3,0.125,0,180644,659.7
tools,oracle,eog,hybrid,4,4,2,task_20251224_153415_365_0a0bf089_01602883,0.666667,0,33521,335.6
tools,oracle,eog,hybrid,4,4,2,task_20251224_215807_175_8ce75c22_1c31b786,0.0,0,33795,409.3
tools,oracle,eog,hybrid,4,4,2,task_20251225_140851_135_64a4ebb9_c37d6b1b,1.0,1,25712,310.0
tools,oracle,eog,hybrid,4,4,2,task_20251225_152926_506_4d9df647_e4e518ca,0.2,0,136745,548.0
tools,oracle,eog,hybrid,4,4,2,task_20260114_133032_536_4d9df647_0635001b,0.75,0,53015,418.2
tools,oracle,eog,hybrid,4,4,2,task_20260114_164939_471_4d9df647_2aaff95f,0.2,0,31544,328.8
tools,oracle,eog,hybrid,4,4,2,task_20260115_145329_475_23fcbcdb_3a970315,0.0,0,10452,267.7
tools,oracle,eog,hybrid,4,4,2,task_20260116_054437_417_59bb807c_d73ca3e4,0.2,0,98310,364.0
tools,oracle,eog,hybrid,4,4,2,task_20260116_125857_450_1628b966_25b7eec5,0.0,0,37137,333.1
tools,oracle,eog,hybrid,4,4,2,task_20260116_133210_131_806f1a83_4c204063,0.333333,0,67403,444.3
tools,oracle,eog,hybrid,4,4,2,task_20260116_174925_124_d8f93f2d_9e20df73,1.0,1,40467,152.7
tools,oracle,eog,hybrid,4,4,3,task_20251217_125948_467_6f5b66fc_10d57868,0.666667,0,7622,176.6
tools,oracle,eog,hybrid,4,4,3,task_20251218_115158_065_1628b966_72217cb4,0.0,0,18999,175.0
tools,oracle,eog,hybrid,4,4,3,task_20251219_115208_288_701c5774_66a236f8,0.25,0,105865,518.7
tools,oracle,eog,hybrid,4,4,3,task_20251220_151043_591_0a0bf089_22634f28,0.8,0,18390,180.3
tools,oracle,eog,hybrid,4,4,3,task_20251222_124541_619_64a4ebb9_abb23ceb,1.0,1,22146,120.1
tools,oracle,eog,hybrid,4,4,3,task_20251223_005949_519_13762b97_e08c84a3,0.125,0,33455,366.7
tools,oracle,eog,hybrid,4,4,3,task_20251224_153415_365_0a0bf089_01602883,0.333333,0,4634,117.1
tools,oracle,eog,hybrid,4,4,3,task_20251224_215807_175_8ce75c22_1c31b786,0.25,0,45276,236.7
tools,oracle,eog,hybrid,4,4,3,task_20251225_140851_135_64a4ebb9_c37d6b1b,0.2,0,17646,268.6
tools,oracle,eog,hybrid,4,4,3,task_20251225_152926_506_4d9df647_e4e518ca,0.2,0,106512,350.1
tools,oracle,eog,hybrid,4,4,3,task_20260114_133032_536_4d9df647_0635001b,0.75,0,60422,345.6
tools,oracle,eog,hybrid,4,4,3,task_20260114_164939_471_4d9df647_2aaff95f,0.8,0,88806,299.1
tools,oracle,eog,hybrid,4,4,3,task_20260115_145329_475_23fcbcdb_3a970315,0.5,0,81824,348.7
tools,oracle,eog,hybrid,4,4,3,task_20260116_054437_417_59bb807c_d73ca3e4,0.2,0,115278,248.3
tools,oracle,eog,hybrid,4,4,3,task_20260116_125857_450_1628b966_25b7eec5,0.0,0,66512,290.7
tools,oracle,eog,hybrid,4,4,3,task_20260116_133210_131_806f1a83_4c204063,1.0,1,106102,362.8
tools,oracle,eog,hybrid,4,4,3,task_20260116_174925_124_d8f93f2d_9e20df73,1.0,1,78145,283.4
tools,oracle,eog,itsm,1,1,1,task_20251210_205620_593_391f1eff_ad65c160,0.0,0,38171,259.4
tools,oracle,eog,itsm,1,1,1,task_20251212_172511_458_e6427839_47076c15,0.5,0,18786,97.0
tools,oracle,eog,itsm,1,1,1,task_20251212_184405_886_e6427839_6413728a,0.333333,0,57024,205.4
tools,oracle,eog,itsm,1,1,1,task_20251212_191411_655_391f1eff_2fef896f,1.0,1,91376,260.4
tools,oracle,eog,itsm,1,1,1,task_20251216_131651_690_764e5ead_f8619b02,1.0,1,59232,251.6
tools,oracle,eog,itsm,1,1,1,task_20251217_153037_688_97d7df7d_be0bd794,1.0,1,66520,245.8
tools,oracle,eog,itsm,1,1,1,task_20251217_205244_161_764e5ead_20429ef8,0.875,0,59907,148.2
tools,oracle,eog,itsm,1,1,1,task_20251218_061956_641_109c89c0_423ed8ee,0.0,0,18611,137.5
tools,oracle,eog,itsm,1,1,1,task_20251218_082708_201_99ba2325_51726f9c,1.0,1,39191,229.2
tools,oracle,eog,itsm,1,1,1,task_20251218_093719_611_764e5ead_5817d09a,1.0,1,84904,276.3
tools,oracle,eog,itsm,1,1,1,task_20251218_104259_233_66392a82_74b17170,1.0,1,31506,131.0
tools,oracle,eog,itsm,1,1,1,task_20251218_121722_423_1d219d93_8218da6c,1.0,1,90155,258.5
tools,oracle,eog,itsm,1,1,1,task_20251218_124419_383_66392a82_52c8290e,0.0,0,8410,97.6
tools,oracle,eog,itsm,1,1,1,task_20251218_155314_617_c5ca08eb_3ce3c52f,1.0,1,25707,124.4
tools,oracle,eog,itsm,1,1,1,task_20251218_183102_136_391f1eff_ac9a6986,0.0,0,32889,217.2
tools,oracle,eog,itsm,1,1,1,task_20251218_220134_063_391f1eff_30369342,0.5,0,26581,131.5
tools,oracle,eog,itsm,1,1,1,task_20251218_234602_633_391f1eff_09a746e7,0.5,0,26825,123.3
tools,oracle,eog,itsm,1,1,1,task_20251219_091707_306_ad5a67e3_a76dbe57,0.0,0,8876,93.3
tools,oracle,eog,itsm,1,1,1,task_20251219_111447_756_66392a82_1c69521d,1.0,1,24300,121.3
tools,oracle,eog,itsm,1,1,1,task_20251219_115925_475_1d219d93_53d34d23,0.6,0,96587,291.2
tools,oracle,eog,itsm,1,1,1,task_20251219_144431_663_97d7df7d_a52988e5,0.0,0,39077,187.6
tools,oracle,eog,itsm,1,1,1,task_20251221_233237_652_66392a82_c1a599bb,0.0,0,7032,67.9
tools,oracle,eog,itsm,1,1,1,task_20251222_072805_599_99ba2325_ae6b0778,0.0,0,8433,91.5
tools,oracle,eog,itsm,1,1,1,task_20251222_105710_498_391f1eff_8b25dbef,0.0,0,7316,69.8
tools,oracle,eog,itsm,1,1,1,task_20251222_133355_087_30600918_e9215c57,0.5,0,100373,304.1
tools,oracle,eog,itsm,1,1,1,task_20251222_140957_029_c5ca08eb_3c4271f0,0.0,0,7777,33.8
tools,oracle,eog,itsm,1,1,1,task_20251222_190928_391_391f1eff_8cb006f5,0.25,0,45356,151.3
tools,oracle,eog,itsm,1,1,1,task_20251222_195853_743_0be70e35_0916fba8,0.25,0,8411,49.2
tools,oracle,eog,itsm,1,1,1,task_20251223_064316_340_01395ded_9c6f3e01,0.75,0,101963,432.0
tools,oracle,eog,itsm,1,1,1,task_20251223_101136_983_1d219d93_d1ba6c2d,0.833333,0,95113,416.5
tools,oracle,eog,itsm,1,1,1,task_20251223_132605_091_764e5ead_dd00cc8f,0.6,0,133379,555.9
tools,oracle,eog,itsm,1,1,1,task_20251223_151555_341_764e5ead_9648644d,0.285714,0,89164,336.2
tools,oracle,eog,itsm,1,1,1,task_20260112_183416_157_a8eea1c0_0d6acfd0,0.2,0,25894,159.1
tools,oracle,eog,itsm,1,1,1,task_20260113_031046_703_99ba2325_54f35603,0.0,0,7364,46.5
tools,oracle,eog,itsm,1,1,1,task_20260113_182216_716_a8eea1c0_7a0619e9,0.333333,0,44408,130.2
tools,oracle,eog,itsm,1,1,1,task_20260113_182602_664_46ca2862_b6ef60ca,0.0,0,29824,114.8
tools,oracle,eog,itsm,1,1,1,task_20260113_212050_548_a8eea1c0_73a73ce7,0.0,0,36279,254.0
tools,oracle,eog,itsm,1,1,1,task_20260114_094327_107_46ca2862_796e7685,1.0,1,66088,308.3
tools,oracle,eog,itsm,1,1,1,task_20260114_174427_042_99ba2325_7915481a,0.0,0,14602,86.3
tools,oracle,eog,itsm,1,1,1,task_20260114_180601_485_99ba2325_2dc8b3ce,0.666667,0,74598,421.5
tools,oracle,eog,itsm,1,1,1,task_20260114_181932_082_99ba2325_92ddef90,0.6,0,76911,449.0
tools,oracle,eog,itsm,1,1,1,task_20260115_143541_964_fa1836dc_dc6652fd,0.0,0,8116,59.8
tools,oracle,eog,itsm,1,1,1,task_20260115_152733_296_46ca2862_55f848d3,0.0,0,9135,51.8
tools,oracle,eog,itsm,1,1,1,task_20260115_172636_260_fa1836dc_7a703e50,0.5,0,45351,131.4
tools,oracle,eog,itsm,1,1,1,task_20260116_081645_096_66392a82_fd509f97,0.0,0,9206,57.3
tools,oracle,eog,itsm,1,1,1,task_20260116_101840_488_e6427839_81df8ba3,1.0,1,74441,211.1
tools,oracle,eog,itsm,1,1,1,task_20260116_124300_245_1d219d93_76cd5b4d,0.0,0,46035,317.3
tools,oracle,eog,itsm,1,1,1,task_20260116_224538_330_66392a82_10d0806e,0.6,0,147569,384.1
tools,oracle,eog,itsm,1,1,2,task_20251210_205620_593_391f1eff_ad65c160,0.5,0,39330,203.5
tools,oracle,eog,itsm,1,1,2,task_20251212_172511_458_e6427839_47076c15,0.5,0,27862,160.9
tools,oracle,eog,itsm,1,1,2,task_20251212_184405_886_e6427839_6413728a,0.333333,0,44393,225.7
tools,oracle,eog,itsm,1,1,2,task_20251212_191411_655_391f1eff_2fef896f,1.0,1,55858,227.1
tools,oracle,eog,itsm,1,1,2,task_20251216_131651_690_764e5ead_f8619b02,0.0,0,7078,47.1
tools,oracle,eog,itsm,1,1,2,task_20251217_153037_688_97d7df7d_be0bd794,1.0,1,58453,170.1
tools,oracle,eog,itsm,1,1,2,task_20251217_205244_161_764e5ead_20429ef8,0.0,0,8953,81.3
tools,oracle,eog,itsm,1,1,2,task_20251218_061956_641_109c89c0_423ed8ee,0.0,0,8347,57.4
tools,oracle,eog,itsm,1,1,2,task_20251218_082708_201_99ba2325_51726f9c,1.0,1,45808,243.7
tools,oracle,eog,itsm,1,1,2,task_20251218_093719_611_764e5ead_5817d09a,1.0,1,93702,363.7
tools,oracle,eog,itsm,1,1,2,task_20251218_104259_233_66392a82_74b17170,1.0,1,31253,73.8
tools,oracle,eog,itsm,1,1,2,task_20251218_121722_423_1d219d93_8218da6c,0.833333,0,58510,265.5
tools,oracle,eog,itsm,1,1,2,task_20251218_124419_383_66392a82_52c8290e,0.0,0,7502,53.9
tools,oracle,eog,itsm,1,1,2,task_20251218_155314_617_c5ca08eb_3ce3c52f,1.0,1,24368,72.7
tools,oracle,eog,itsm,1,1,2,task_20251218_183102_136_391f1eff_ac9a6986,1.0,1,39976,180.2
tools,oracle,eog,itsm,1,1,2,task_20251218_220134_063_391f1eff_30369342,1.0,1,26077,100.8
tools,oracle,eog,itsm,1,1,2,task_20251218_234602_633_391f1eff_09a746e7,0.5,0,28265,128.7
tools,oracle,eog,itsm,1,1,2,task_20251219_091707_306_ad5a67e3_a76dbe57,0.0,0,31943,108.1
tools,oracle,eog,itsm,1,1,2,task_20251219_111447_756_66392a82_1c69521d,1.0,1,24618,108.5
tools,oracle,eog,itsm,1,1,2,task_20251219_115925_475_1d219d93_53d34d23,0.6,0,96965,333.1
tools,oracle,eog,itsm,1,1,2,task_20251219_144431_663_97d7df7d_a52988e5,0.0,0,39444,178.1
tools,oracle,eog,itsm,1,1,2,task_20251221_233237_652_66392a82_c1a599bb,0.0,0,7677,66.6
tools,oracle,eog,itsm,1,1,2,task_20251222_072805_599_99ba2325_ae6b0778,0.0,0,16880,107.4
tools,oracle,eog,itsm,1,1,2,task_20251222_105710_498_391f1eff_8b25dbef,0.5,0,36299,156.5
tools,oracle,eog,itsm,1,1,2,task_20251222_133355_087_30600918_e9215c57,0.75,0,66285,240.2
tools,oracle,eog,itsm,1,1,2,task_20251222_140957_029_c5ca08eb_3c4271f0,0.0,0,8396,62.2
tools,oracle,eog,itsm,1,1,2,task_20251222_190928_391_391f1eff_8cb006f5,0.25,0,39136,197.0
tools,oracle,eog,itsm,1,1,2,task_20251222_195853_743_0be70e35_0916fba8,0.25,0,7430,52.3
tools,oracle,eog,itsm,1,1,2,task_20251223_064316_340_01395ded_9c6f3e01,0.5,0,65509,363.8
tools,oracle,eog,itsm,1,1,2,task_20251223_101136_983_1d219d93_d1ba6c2d,0.666667,0,66368,357.2
tools,oracle,eog,itsm,1,1,2,task_20251223_132605_091_764e5ead_dd00cc8f,0.6,0,127622,618.1
tools,oracle,eog,itsm,1,1,2,task_20251223_151555_341_764e5ead_9648644d,0.285714,0,73821,332.9
tools,oracle,eog,itsm,1,1,2,task_20260112_183416_157_a8eea1c0_0d6acfd0,0.4,0,57114,399.1
tools,oracle,eog,itsm,1,1,2,task_20260113_031046_703_99ba2325_54f35603,0.0,0,7254,48.5
tools,oracle,eog,itsm,1,1,2,task_20260113_182216_716_a8eea1c0_7a0619e9,0.333333,0,40201,314.2
tools,oracle,eog,itsm,1,1,2,task_20260113_182602_664_46ca2862_b6ef60ca,0.5,0,36391,147.4
tools,oracle,eog,itsm,1,1,2,task_20260113_212050_548_a8eea1c0_73a73ce7,0.5,0,62472,431.2
tools,oracle,eog,itsm,1,1,2,task_20260114_094327_107_46ca2862_796e7685,0.666667,0,66508,424.1
tools,oracle,eog,itsm,1,1,2,task_20260114_174427_042_99ba2325_7915481a,0.0,0,7697,65.4
tools,oracle,eog,itsm,1,1,2,task_20260114_180601_485_99ba2325_2dc8b3ce,0.666667,0,66465,273.4
tools,oracle,eog,itsm,1,1,2,task_20260114_181932_082_99ba2325_92ddef90,0.6,0,86820,585.1
tools,oracle,eog,itsm,1,1,2,task_20260115_143541_964_fa1836dc_dc6652fd,0.0,0,7506,74.7
tools,oracle,eog,itsm,1,1,2,task_20260115_152733_296_46ca2862_55f848d3,0.6,0,61205,444.1
tools,oracle,eog,itsm,1,1,2,task_20260115_172636_260_fa1836dc_7a703e50,0.5,0,46662,223.9
tools,oracle,eog,itsm,1,1,2,task_20260116_081645_096_66392a82_fd509f97,0.0,0,10366,164.3
tools,oracle,eog,itsm,1,1,2,task_20260116_101840_488_e6427839_81df8ba3,0.75,0,40851,286.8
tools,oracle,eog,itsm,1,1,2,task_20260116_124300_245_1d219d93_76cd5b4d,0.5,0,63879,455.2
tools,oracle,eog,itsm,1,1,2,task_20260116_224538_330_66392a82_10d0806e,0.0,0,9409,135.7
tools,oracle,eog,itsm,1,1,3,task_20251210_205620_593_391f1eff_ad65c160,0.0,0,30948,599.3
tools,oracle,eog,itsm,1,1,3,task_20251212_172511_458_e6427839_47076c15,0.0,0,33942,613.2
tools,oracle,eog,itsm,1,1,3,task_20251212_184405_886_e6427839_6413728a,0.0,0,37393,585.3
tools,oracle,eog,itsm,1,1,3,task_20251212_191411_655_391f1eff_2fef896f,0.0,0,62269,697.7
tools,oracle,eog,itsm,1,1,3,task_20251216_131651_690_764e5ead_f8619b02,0.0,0,6834,157.5
tools,oracle,eog,itsm,1,1,3,task_20251217_153037_688_97d7df7d_be0bd794,0.0,0,127330,2080.5
tools,oracle,eog,itsm,1,1,3,task_20251217_205244_161_764e5ead_20429ef8,0.875,0,57109,326.5
tools,oracle,eog,itsm,1,1,3,task_20251218_061956_641_109c89c0_423ed8ee,0.0,0,36389,583.7
tools,oracle,eog,itsm,1,1,3,task_20251218_082708_201_99ba2325_51726f9c,0.0,0,67046,1749.9
tools,oracle,eog,itsm,1,1,3,task_20251218_093719_611_764e5ead_5817d09a,0.0,0,101447,1896.8
tools,oracle,eog,itsm,1,1,3,task_20251218_104259_233_66392a82_74b17170,0.0,0,6453,155.8
tools,oracle,eog,itsm,1,1,3,task_20251218_121722_423_1d219d93_8218da6c,0.833333,0,77640,441.9
tools,oracle,eog,itsm,1,1,3,task_20251218_124419_383_66392a82_52c8290e,1.0,1,30247,341.9
tools,oracle,eog,itsm,1,1,3,task_20251218_155314_617_c5ca08eb_3ce3c52f,1.0,1,32090,300.5
tools,oracle,eog,itsm,1,1,3,task_20251218_183102_136_391f1eff_ac9a6986,0.0,0,6226,155.2
tools,oracle,eog,itsm,1,1,3,task_20251218_220134_063_391f1eff_30369342,1.0,1,31412,349.6
tools,oracle,eog,itsm,1,1,3,task_20251218_234602_633_391f1eff_09a746e7,0.5,0,26048,158.5
tools,oracle,eog,itsm,1,1,3,task_20251219_091707_306_ad5a67e3_a76dbe57,0.0,0,33427,268.1
tools,oracle,eog,itsm,1,1,3,task_20251219_111447_756_66392a82_1c69521d,0.0,0,7043,99.5
tools,oracle,eog,itsm,1,1,3,task_20251219_115925_475_1d219d93_53d34d23,0.0,0,63126,688.3
tools,oracle,eog,itsm,1,1,3,task_20251219_144431_663_97d7df7d_a52988e5,0.0,0,39854,328.4
tools,oracle,eog,itsm,1,1,3,task_20251221_233237_652_66392a82_c1a599bb,0.0,0,6989,181.8
tools,oracle,eog,itsm,1,1,3,task_20251222_072805_599_99ba2325_ae6b0778,0.0,0,7491,167.1
tools,oracle,eog,itsm,1,1,3,task_20251222_105710_498_391f1eff_8b25dbef,0.0,0,30332,479.5
tools,oracle,eog,itsm,1,1,3,task_20251222_133355_087_30600918_e9215c57,0.0,0,19699,306.4
tools,oracle,eog,itsm,1,1,3,task_20251222_140957_029_c5ca08eb_3c4271f0,0.0,0,8318,102.0
tools,oracle,eog,itsm,1,1,3,task_20251222_190928_391_391f1eff_8cb006f5,0.0,0,28986,1228.2
tools,oracle,eog,itsm,1,1,3,task_20251222_195853_743_0be70e35_0916fba8,0.0,0,7555,86.9
tools,oracle,eog,itsm,1,1,3,task_20251223_064316_340_01395ded_9c6f3e01,0.75,0,70733,375.4
tools,oracle,eog,itsm,1,1,3,task_20251223_101136_983_1d219d93_d1ba6c2d,1.0,1,84409,423.5
tools,oracle,eog,itsm,1,1,3,task_20251223_132605_091_764e5ead_dd00cc8f,0.6,0,109284,486.1
tools,oracle,eog,itsm,1,1,3,task_20251223_151555_341_764e5ead_9648644d,0.285714,0,79529,341.5
tools,oracle,eog,itsm,1,1,3,task_20260112_183416_157_a8eea1c0_0d6acfd0,0.2,0,26088,362.0
tools,oracle,eog,itsm,1,1,3,task_20260113_031046_703_99ba2325_54f35603,1.0,1,48646,325.3
tools,oracle,eog,itsm,1,1,3,task_20260113_182216_716_a8eea1c0_7a0619e9,0.333333,0,32634,322.9
tools,oracle,eog,itsm,1,1,3,task_20260113_182602_664_46ca2862_b6ef60ca,0.5,0,31275,300.5
tools,oracle,eog,itsm,1,1,3,task_20260113_212050_548_a8eea1c0_73a73ce7,0.0,0,14640,244.8
tools,oracle,eog,itsm,1,1,3,task_20260114_094327_107_46ca2862_796e7685,0.666667,0,72784,400.5
tools,oracle,eog,itsm,1,1,3,task_20260114_174427_042_99ba2325_7915481a,0.0,0,7801,104.9
tools,oracle,eog,itsm,1,1,3,task_20260114_180601_485_99ba2325_2dc8b3ce,0.333333,0,73180,358.7
tools,oracle,eog,itsm,1,1,3,task_20260114_181932_082_99ba2325_92ddef90,0.0,0,9235,244.8
tools,oracle,eog,itsm,1,1,3,task_20260115_143541_964_fa1836dc_dc6652fd,0.0,0,8121,165.9
tools,oracle,eog,itsm,1,1,3,task_20260115_152733_296_46ca2862_55f848d3,0.6,0,81245,266.8
tools,oracle,eog,itsm,1,1,3,task_20260115_172636_260_fa1836dc_7a703e50,0.5,0,44737,89.3
tools,oracle,eog,itsm,1,1,3,task_20260116_081645_096_66392a82_fd509f97,0.0,0,20715,107.4
tools,oracle,eog,itsm,1,1,3,task_20260116_101840_488_e6427839_81df8ba3,0.75,0,46878,94.7
tools,oracle,eog,itsm,1,1,3,task_20260116_124300_245_1d219d93_76cd5b4d,0.0,0,35303,164.0
tools,oracle,eog,itsm,1,1,3,task_20260116_224538_330_66392a82_10d0806e,0.8,0,215531,282.9
tools,oracle,eog,itsm,2,2,1,task_20251218_164829_676_97d7df7d_893f6b2c,0.333333,0,93786,225.8
tools,oracle,eog,itsm,2,2,1,task_20251219_062202_346_66392a82_1d2065dd,0.666667,0,37632,89.5
tools,oracle,eog,itsm,2,2,1,task_20251219_130920_558_99ba2325_7f9481df,1.0,1,44327,99.6
tools,oracle,eog,itsm,2,2,1,task_20251221_045452_579_99ba2325_0e601eac,0.6,0,57578,126.2
tools,oracle,eog,itsm,2,2,1,task_20251222_075116_761_30600918_a7f0a69a,0.0,0,7984,29.7
tools,oracle,eog,itsm,2,2,1,task_20251223_063905_655_30600918_3e736be9,0.8,0,72871,176.2
tools,oracle,eog,itsm,2,2,1,task_20251223_135402_072_c5ca08eb_67009578,0.0,0,6255,31.5
tools,oracle,eog,itsm,2,2,1,task_20260112_194743_238_a8eea1c0_a4b1468a,0.833333,0,83775,211.5
tools,oracle,eog,itsm,2,2,1,task_20260113_183935_893_e6427839_03a04c19,1.0,1,37875,103.3
tools,oracle,eog,itsm,2,2,1,task_20260114_073658_459_78a5b71e_cab5cc9f,0.0,0,27959,103.2
tools,oracle,eog,itsm,2,2,1,task_20260115_153041_899_d4a463c3_cab6d59b,0.0,0,8990,40.3
tools,oracle,eog,itsm,2,2,1,task_20260117_000130_134_2aa6b0ad_a20f3a61,0.333333,0,77394,218.3
tools,oracle,eog,itsm,2,2,2,task_20251218_164829_676_97d7df7d_893f6b2c,0.333333,0,90249,236.2
tools,oracle,eog,itsm,2,2,2,task_20251219_062202_346_66392a82_1d2065dd,0.666667,0,36805,110.4
tools,oracle,eog,itsm,2,2,2,task_20251219_130920_558_99ba2325_7f9481df,0.0,0,6509,38.8
tools,oracle,eog,itsm,2,2,2,task_20251221_045452_579_99ba2325_0e601eac,0.6,0,75966,227.3
tools,oracle,eog,itsm,2,2,2,task_20251222_075116_761_30600918_a7f0a69a,0.0,0,37953,153.9
tools,oracle,eog,itsm,2,2,2,task_20251223_063905_655_30600918_3e736be9,0.6,0,66877,184.0
tools,oracle,eog,itsm,2,2,2,task_20251223_135402_072_c5ca08eb_67009578,1.0,1,38637,142.1
tools,oracle,eog,itsm,2,2,2,task_20260112_194743_238_a8eea1c0_a4b1468a,0.666667,0,97150,303.5
tools,oracle,eog,itsm,2,2,2,task_20260113_183935_893_e6427839_03a04c19,1.0,1,33698,150.4
tools,oracle,eog,itsm,2,2,2,task_20260114_073658_459_78a5b71e_cab5cc9f,0.0,0,31122,118.3
tools,oracle,eog,itsm,2,2,2,task_20260115_153041_899_d4a463c3_cab6d59b,0.75,0,109901,262.1
tools,oracle,eog,itsm,2,2,2,task_20260117_000130_134_2aa6b0ad_a20f3a61,0.0,0,63801,175.9
tools,oracle,eog,itsm,2,2,3,task_20251218_164829_676_97d7df7d_893f6b2c,0.333333,0,87289,250.0
tools,oracle,eog,itsm,2,2,3,task_20251219_062202_346_66392a82_1d2065dd,0.666667,0,42671,114.7
tools,oracle,eog,itsm,2,2,3,task_20251219_130920_558_99ba2325_7f9481df,1.0,1,41493,153.1
tools,oracle,eog,itsm,2,2,3,task_20251221_045452_579_99ba2325_0e601eac,0.0,0,6276,28.4
tools,oracle,eog,itsm,2,2,3,task_20251222_075116_761_30600918_a7f0a69a,0.75,0,110287,224.5
tools,oracle,eog,itsm,2,2,3,task_20251223_063905_655_30600918_3e736be9,0.6,0,93582,159.7
tools,oracle,eog,itsm,2,2,3,task_20251223_135402_072_c5ca08eb_67009578,0.0,0,5863,38.3
tools,oracle,eog,itsm,2,2,3,task_20260112_194743_238_a8eea1c0_a4b1468a,0.666667,0,89392,264.2
tools,oracle,eog,itsm,2,2,3,task_20260113_183935_893_e6427839_03a04c19,1.0,1,44656,125.0
tools,oracle,eog,itsm,2,2,3,task_20260114_073658_459_78a5b71e_cab5cc9f,0.0,0,28996,97.5
tools,oracle,eog,itsm,2,2,3,task_20260115_153041_899_d4a463c3_cab6d59b,0.75,0,122695,225.8
tools,oracle,eog,itsm,2,2,3,task_20260117_000130_134_2aa6b0ad_a20f3a61,0.0,0,65812,194.6
tools,oracle,eog,itsm,3,3,1,task_20251212_191815_314_391f1eff_c23d76df,0.333333,0,41894,599.3
tools,oracle,eog,itsm,3,3,1,task_20251218_183819_272_99ba2325_dd71c332,0.0,0,6507,177.6
tools,oracle,eog,itsm,3,3,1,task_20251218_184224_139_764e5ead_e6e42358,0.0,0,8734,178.8
tools,oracle,eog,itsm,3,3,1,task_20251219_134543_563_fa1836dc_00dab62f,0.75,0,36840,365.1
tools,oracle,eog,itsm,3,3,1,task_20251219_174851_846_764e5ead_250f05e1,0.0,0,9828,183.2
tools,oracle,eog,itsm,3,3,1,task_20251222_181355_411_764e5ead_48850a98,0.0,0,8240,181.7
tools,oracle,eog,itsm,3,3,1,task_20251223_081019_100_d4a463c3_f8774fe4,0.0,0,13418,239.6
tools,oracle,eog,itsm,3,3,1,task_20260113_125933_225_accab84d_d7ec710e,0.333333,0,105325,1318.8
tools,oracle,eog,itsm,3,3,1,task_20260113_143610_437_46ca2862_56a4f834,0.4,0,70116,374.0
tools,oracle,eog,itsm,3,3,1,task_20260114_081229_036_78a5b71e_a4fb07a9,0.5,0,28472,431.7
tools,oracle,eog,itsm,3,3,1,task_20260114_134336_659_e6427839_91142068,0.6,0,84466,1200.0
tools,oracle,eog,itsm,3,3,1,task_20260114_173716_566_46ca2862_301e0b47,0.0,0,8036,182.2
tools,oracle,eog,itsm,3,3,1,task_20260116_235649_372_66392a82_ccb66a9a,0.0,0,17652,323.6
tools,oracle,eog,itsm,3,3,2,task_20251212_191815_314_391f1eff_c23d76df,0.0,0,40659,729.6
tools,oracle,eog,itsm,3,3,2,task_20251218_183819_272_99ba2325_dd71c332,0.0,0,6708,59.7
tools,oracle,eog,itsm,3,3,2,task_20251218_184224_139_764e5ead_e6e42358,0.0,0,26259,297.3
tools,oracle,eog,itsm,3,3,2,task_20251219_134543_563_fa1836dc_00dab62f,0.75,0,39023,657.8
tools,oracle,eog,itsm,3,3,2,task_20251219_174851_846_764e5ead_250f05e1,0.0,0,7872,180.7
tools,oracle,eog,itsm,3,3,2,task_20251222_181355_411_764e5ead_48850a98,0.0,0,7779,118.6
tools,oracle,eog,itsm,3,3,2,task_20251223_081019_100_d4a463c3_f8774fe4,0.0,0,6159,119.6
tools,oracle,eog,itsm,3,3,2,task_20260113_125933_225_accab84d_d7ec710e,0.333333,0,93901,899.3
tools,oracle,eog,itsm,3,3,2,task_20260113_143610_437_46ca2862_56a4f834,0.2,0,7402,119.3
tools,oracle,eog,itsm,3,3,2,task_20260114_081229_036_78a5b71e_a4fb07a9,0.5,0,21145,298.9
tools,oracle,eog,itsm,3,3,2,task_20260114_134336_659_e6427839_91142068,0.6,0,85223,960.1
tools,oracle,eog,itsm,3,3,2,task_20260114_173716_566_46ca2862_301e0b47,0.0,0,8853,179.7
tools,oracle,eog,itsm,3,3,2,task_20260116_235649_372_66392a82_ccb66a9a,0.5,0,34336,358.3
tools,oracle,eog,itsm,3,3,3,task_20251212_191815_314_391f1eff_c23d76df,0.333333,0,48016,841.8
tools,oracle,eog,itsm,3,3,3,task_20251218_183819_272_99ba2325_dd71c332,0.0,0,13848,359.5
tools,oracle,eog,itsm,3,3,3,task_20251218_184224_139_764e5ead_e6e42358,0.6,0,107164,1502.8
tools,oracle,eog,itsm,3,3,3,task_20251219_134543_563_fa1836dc_00dab62f,0.0,0,20273,540.0
tools,oracle,eog,itsm,3,3,3,task_20251219_174851_846_764e5ead_250f05e1,0.0,0,9419,358.5
tools,oracle,eog,itsm,3,3,3,task_20251222_181355_411_764e5ead_48850a98,0.0,0,7946,245.0
tools,oracle,eog,itsm,3,3,3,task_20251223_081019_100_d4a463c3_f8774fe4,0.0,0,6281,237.2
tools,oracle,eog,itsm,3,3,3,task_20260113_125933_225_accab84d_d7ec710e,0.333333,0,105727,1551.3
tools,oracle,eog,itsm,3,3,3,task_20260113_143610_437_46ca2862_56a4f834,0.2,0,6961,260.5
tools,oracle,eog,itsm,3,3,3,task_20260114_081229_036_78a5b71e_a4fb07a9,0.5,0,21562,480.3
tools,oracle,eog,itsm,3,3,3,task_20260114_134336_659_e6427839_91142068,0.6,0,83709,1442.6
tools,oracle,eog,itsm,3,3,3,task_20260114_173716_566_46ca2862_301e0b47,0.666667,0,49962,780.2
tools,oracle,eog,itsm,3,3,3,task_20260116_235649_372_66392a82_ccb66a9a,0.0,0,27384,539.2
tools,oracle,eog,teams,1,1,1,task_20251121_134729_533_464ee3e0_2dcf2712,0.5,0,24354,155.7
tools,oracle,eog,teams,1,1,1,task_20251123_232016_480_7ebc1127_7a8d85a7,1.0,1,69701,179.7
tools,oracle,eog,teams,1,1,1,task_20251125_110309_032_464ee3e0_33f12828,1.0,1,56878,150.7
tools,oracle,eog,teams,1,1,1,task_20251125_113335_636_7ebc1127_a4ebffe8,0.333333,0,55891,241.3
tools,oracle,eog,teams,1,1,1,task_20251126_054150_897_7ebc1127_60097647,1.0,1,27805,90.8
tools,oracle,eog,teams,1,1,1,task_20251129_042410_343_df0ecdeb_573538d3,0.8,0,51225,198.7
tools,oracle,eog,teams,1,1,1,task_20251203_080912_583_df0ecdeb_a3470951,0.9,0,151438,236.6
tools,oracle,eog,teams,1,1,1,task_20251203_115913_239_b5bd4eb9_2e02dcf0,0.0,0,18422,114.9
tools,oracle,eog,teams,1,1,1,task_20260106_003109_589_b5bd4eb9_d0454fa5,0.0,0,21084,125.9
tools,oracle,eog,teams,1,1,1,task_20260106_104903_639_0154326e_81f6a68a,0.0,0,35290,156.8
tools,oracle,eog,teams,1,1,1,task_20260106_112645_853_8e9e30d7_1d4b934c,1.0,1,50035,230.9
tools,oracle,eog,teams,1,1,1,task_20260106_123222_425_8e9e30d7_7dea421b,0.0,0,18705,138.9
tools,oracle,eog,teams,1,1,1,task_20260106_155851_715_df0ecdeb_7b4347ef,0.5,0,45785,203.7
tools,oracle,eog,teams,1,1,1,task_20260107_032952_337_7ebc1127_75b96b98,0.5,0,44509,227.6
tools,oracle,eog,teams,1,1,1,task_20260108_075149_000_df0ecdeb_ead1b33a,1.0,1,47997,135.8
tools,oracle,eog,teams,1,1,1,task_20260108_082113_548_df0ecdeb_2725d17f,0.75,0,37975,206.0
tools,oracle,eog,teams,1,1,1,task_20260108_172650_003_8e9e30d7_a1ff8588,0.363636,0,168842,349.5
tools,oracle,eog,teams,1,1,1,task_20260108_194921_186_8e9e30d7_a087d6f8,0.0,0,57873,215.5
tools,oracle,eog,teams,1,1,1,task_20260109_063128_468_8e9e30d7_e983fafa,0.0,0,65829,244.2
tools,oracle,eog,teams,1,1,1,task_20260109_122356_038_0154326e_d224a99d,0.428571,0,42571,139.1
tools,oracle,eog,teams,1,1,2,task_20251121_134729_533_464ee3e0_2dcf2712,0.5,0,23637,204.1
tools,oracle,eog,teams,1,1,2,task_20251123_232016_480_7ebc1127_7a8d85a7,1.0,1,66577,288.2
tools,oracle,eog,teams,1,1,2,task_20251125_110309_032_464ee3e0_33f12828,1.0,1,50384,290.1
tools,oracle,eog,teams,1,1,2,task_20251125_113335_636_7ebc1127_a4ebffe8,0.5,0,66694,323.5
tools,oracle,eog,teams,1,1,2,task_20251126_054150_897_7ebc1127_60097647,1.0,1,28295,69.4
tools,oracle,eog,teams,1,1,2,task_20251129_042410_343_df0ecdeb_573538d3,0.4,0,70840,297.2
tools,oracle,eog,teams,1,1,2,task_20251203_080912_583_df0ecdeb_a3470951,0.9,0,148418,310.6
tools,oracle,eog,teams,1,1,2,task_20251203_115913_239_b5bd4eb9_2e02dcf0,0.0,0,20302,226.6
tools,oracle,eog,teams,1,1,2,task_20260106_003109_589_b5bd4eb9_d0454fa5,0.0,0,22730,209.1
tools,oracle,eog,teams,1,1,2,task_20260106_104903_639_0154326e_81f6a68a,0.0,0,30482,200.8
tools,oracle,eog,teams,1,1,2,task_20260106_112645_853_8e9e30d7_1d4b934c,1.0,1,48344,277.0
tools,oracle,eog,teams,1,1,2,task_20260106_123222_425_8e9e30d7_7dea421b,0.0,0,27556,241.7
tools,oracle,eog,teams,1,1,2,task_20260106_155851_715_df0ecdeb_7b4347ef,0.5,0,45042,314.5
tools,oracle,eog,teams,1,1,2,task_20260107_032952_337_7ebc1127_75b96b98,1.0,1,62375,306.2
tools,oracle,eog,teams,1,1,2,task_20260108_075149_000_df0ecdeb_ead1b33a,1.0,1,47439,248.6
tools,oracle,eog,teams,1,1,2,task_20260108_082113_548_df0ecdeb_2725d17f,0.75,0,36488,203.5
tools,oracle,eog,teams,1,1,2,task_20260108_172650_003_8e9e30d7_a1ff8588,0.272727,0,210988,352.4
tools,oracle,eog,teams,1,1,2,task_20260108_194921_186_8e9e30d7_a087d6f8,0.0,0,59274,262.1
tools,oracle,eog,teams,1,1,2,task_20260109_063128_468_8e9e30d7_e983fafa,0.0,0,71754,432.3
tools,oracle,eog,teams,1,1,2,task_20260109_122356_038_0154326e_d224a99d,0.428571,0,47095,201.8
tools,oracle,eog,teams,1,1,3,task_20251121_134729_533_464ee3e0_2dcf2712,0.5,0,23082,196.9
tools,oracle,eog,teams,1,1,3,task_20251123_232016_480_7ebc1127_7a8d85a7,1.0,1,70514,286.2
tools,oracle,eog,teams,1,1,3,task_20251125_110309_032_464ee3e0_33f12828,0.75,0,59084,288.0
tools,oracle,eog,teams,1,1,3,task_20251125_113335_636_7ebc1127_a4ebffe8,0.0,0,72980,631.2
tools,oracle,eog,teams,1,1,3,task_20251126_054150_897_7ebc1127_60097647,1.0,1,28330,203.0
tools,oracle,eog,teams,1,1,3,task_20251129_042410_343_df0ecdeb_573538d3,0.4,0,64771,556.8
tools,oracle,eog,teams,1,1,3,task_20251203_080912_583_df0ecdeb_a3470951,0.9,0,134181,554.7
tools,oracle,eog,teams,1,1,3,task_20251203_115913_239_b5bd4eb9_2e02dcf0,0.0,0,21052,313.2
tools,oracle,eog,teams,1,1,3,task_20260106_003109_589_b5bd4eb9_d0454fa5,0.0,0,20531,194.0
tools,oracle,eog,teams,1,1,3,task_20260106_104903_639_0154326e_81f6a68a,0.0,0,27154,205.5
tools,oracle,eog,teams,1,1,3,task_20260106_112645_853_8e9e30d7_1d4b934c,1.0,1,67215,367.4
tools,oracle,eog,teams,1,1,3,task_20260106_123222_425_8e9e30d7_7dea421b,0.0,0,19019,195.9
tools,oracle,eog,teams,1,1,3,task_20260106_155851_715_df0ecdeb_7b4347ef,0.25,0,35868,346.4
tools,oracle,eog,teams,1,1,3,task_20260107_032952_337_7ebc1127_75b96b98,0.5,0,40619,363.1
tools,oracle,eog,teams,1,1,3,task_20260108_075149_000_df0ecdeb_ead1b33a,1.0,1,46671,219.1
tools,oracle,eog,teams,1,1,3,task_20260108_082113_548_df0ecdeb_2725d17f,0.75,0,35385,349.7
tools,oracle,eog,teams,1,1,3,task_20260108_172650_003_8e9e30d7_a1ff8588,0.0,0,154644,1944.2
tools,oracle,eog,teams,1,1,3,task_20260108_194921_186_8e9e30d7_a087d6f8,0.0,0,47176,430.8
tools,oracle,eog,teams,1,1,3,task_20260109_063128_468_8e9e30d7_e983fafa,0.5,0,65632,398.6
tools,oracle,eog,teams,1,1,3,task_20260109_122356_038_0154326e_d224a99d,0.428571,0,50771,384.2
tools,oracle,eog,teams,2,2,1,task_20251125_115122_370_8e9e30d7_e2700b24,0.875,0,159422,346.9
tools,oracle,eog,teams,2,2,1,task_20251129_042304_817_df0ecdeb_3df990f2,0.75,0,87261,106.2
tools,oracle,eog,teams,2,2,1,task_20251204_100825_050_df0ecdeb_c1b28adf,0.875,0,132601,199.6
tools,oracle,eog,teams,2,2,1,task_20260105_163515_719_8e9e30d7_d86e69de,0.0,0,22970,114.9
tools,oracle,eog,teams,2,2,1,task_20260105_225106_969_0154326e_fc0d4a7b,1.0,1,65055,164.9
tools,oracle,eog,teams,2,2,1,task_20260107_044347_094_7ebc1127_4e1fc798,1.0,1,45129,169.7
tools,oracle,eog,teams,2,2,1,task_20260108_162420_138_df0ecdeb_96950310,1.0,1,62065,224.8
tools,oracle,eog,teams,2,2,1,task_20260108_174958_137_df0ecdeb_a05f1e14,0.888889,0,79701,105.6
tools,oracle,eog,teams,2,2,1,task_20260109_060901_602_8e9e30d7_06581f9f,1.0,1,37115,153.4
tools,oracle,eog,teams,2,2,1,task_20260109_063639_321_8e9e30d7_c31290aa,1.0,1,130935,395.8
tools,oracle,eog,teams,2,2,1,task_20260109_155926_434_df0ecdeb_405562a2,0.0,0,147201,446.7
tools,oracle,eog,teams,2,2,2,task_20251125_115122_370_8e9e30d7_e2700b24,0.625,0,121125,651.5
tools,oracle,eog,teams,2,2,2,task_20251129_042304_817_df0ecdeb_3df990f2,0.75,0,67496,226.6
tools,oracle,eog,teams,2,2,2,task_20251204_100825_050_df0ecdeb_c1b28adf,0.875,0,117613,417.6
tools,oracle,eog,teams,2,2,2,task_20260105_163515_719_8e9e30d7_d86e69de,0.5,0,102905,510.0
tools,oracle,eog,teams,2,2,2,task_20260105_225106_969_0154326e_fc0d4a7b,1.0,1,66900,202.3
tools,oracle,eog,teams,2,2,2,task_20260107_044347_094_7ebc1127_4e1fc798,0.8,0,44188,174.1
tools,oracle,eog,teams,2,2,2,task_20260108_162420_138_df0ecdeb_96950310,0.0,0,16719,85.6
tools,oracle,eog,teams,2,2,2,task_20260108_174958_137_df0ecdeb_a05f1e14,0.888889,0,65688,132.2
tools,oracle,eog,teams,2,2,2,task_20260109_060901_602_8e9e30d7_06581f9f,0.666667,0,38760,169.2
tools,oracle,eog,teams,2,2,2,task_20260109_063639_321_8e9e30d7_c31290aa,0.583333,0,82552,496.9
tools,oracle,eog,teams,2,2,2,task_20260109_155926_434_df0ecdeb_405562a2,0.0,0,171467,645.5
tools,oracle,eog,teams,2,2,3,task_20251125_115122_370_8e9e30d7_e2700b24,0.625,0,87906,522.5
tools,oracle,eog,teams,2,2,3,task_20251129_042304_817_df0ecdeb_3df990f2,0.5,0,85854,186.8
tools,oracle,eog,teams,2,2,3,task_20251204_100825_050_df0ecdeb_c1b28adf,0.875,0,75700,403.0
tools,oracle,eog,teams,2,2,3,task_20260105_163515_719_8e9e30d7_d86e69de,0.0,0,24272,104.4
tools,oracle,eog,teams,2,2,3,task_20260105_225106_969_0154326e_fc0d4a7b,1.0,1,65091,404.5
tools,oracle,eog,teams,2,2,3,task_20260107_044347_094_7ebc1127_4e1fc798,0.8,0,59914,366.2
tools,oracle,eog,teams,2,2,3,task_20260108_162420_138_df0ecdeb_96950310,1.0,1,33841,256.4
tools,oracle,eog,teams,2,2,3,task_20260108_174958_137_df0ecdeb_a05f1e14,0.777778,0,78768,244.9
tools,oracle,eog,teams,2,2,3,task_20260109_060901_602_8e9e30d7_06581f9f,1.0,1,36634,357.2
tools,oracle,eog,teams,2,2,3,task_20260109_063639_321_8e9e30d7_c31290aa,0.666667,0,112432,493.8
tools,oracle,eog,teams,2,2,3,task_20260109_155926_434_df0ecdeb_405562a2,0.0,0,112060,565.2
tools,oracle,eog,teams,3,3,1,task_20251126_070103_077_501bbb2c_7c7c4ea6,1.0,1,37846,600.3
tools,oracle,eog,teams,3,3,1,task_20251202_174228_665_df0ecdeb_e84a9e55,0.888889,0,109141,714.2
tools,oracle,eog,teams,3,3,1,task_20251205_134123_742_b5bd4eb9_003270a9,0.9,0,106762,1197.2
tools,oracle,eog,teams,3,3,1,task_20251205_192805_864_464ee3e0_91f2c02f,0.0,0,11953,294.8
tools,oracle,eog,teams,3,3,1,task_20251205_210412_800_0154326e_3caf7df7,0.375,0,70336,899.9
tools,oracle,eog,teams,3,3,1,task_20260106_143232_971_0154326e_0af4275b,0.833333,0,72972,701.5
tools,oracle,eog,teams,3,3,2,task_20251126_070103_077_501bbb2c_7c7c4ea6,1.0,1,35958,951.4
tools,oracle,eog,teams,3,3,2,task_20251202_174228_665_df0ecdeb_e84a9e55,0.888889,0,107812,1442.3
tools,oracle,eog,teams,3,3,2,task_20251205_134123_742_b5bd4eb9_003270a9,0.7,0,110167,1909.0
tools,oracle,eog,teams,3,3,2,task_20251205_192805_864_464ee3e0_91f2c02f,0.555556,0,212716,1855.8
tools,oracle,eog,teams,3,3,2,task_20251205_210412_800_0154326e_3caf7df7,0.0,0,21318,650.9
tools,oracle,eog,teams,3,3,2,task_20260106_143232_971_0154326e_0af4275b,1.0,1,69428,954.1
tools,oracle,eog,teams,3,3,3,task_20251126_070103_077_501bbb2c_7c7c4ea6,1.0,1,36344,293.1
tools,oracle,eog,teams,3,3,3,task_20251202_174228_665_df0ecdeb_e84a9e55,0.888889,0,94666,1191.5
tools,oracle,eog,teams,3,3,3,task_20251205_134123_742_b5bd4eb9_003270a9,1.0,1,130156,1245.0
tools,oracle,eog,teams,3,3,3,task_20251205_192805_864_464ee3e0_91f2c02f,0.0,0,12379,288.6
tools,oracle,eog,teams,3,3,3,task_20251205_210412_800_0154326e_3caf7df7,0.5,0,67007,1152.4
tools,oracle,eog,teams,3,3,3,task_20260106_143232_971_0154326e_0af4275b,0.833333,0,82888,1214.5
tools,oracle,eog,teams,4,4,1,task_20251126_055301_905_8e9e30d7_6aab00b8,1.0,1,51525,178.1
tools,oracle,eog,teams,4,4,1,task_20251128_120055_076_8e9e30d7_e5dcfa22,0.0,0,36211,126.3
tools,oracle,eog,teams,4,4,1,task_20251128_200856_738_0154326e_752f99ad,0.75,0,182161,235.7
tools,oracle,eog,teams,4,4,1,task_20260106_040225_149_7ebc1127_e9ac645c,1.0,1,44048,112.9
tools,oracle,eog,teams,4,4,1,task_20260107_111155_131_0154326e_96e0246b,0.0,0,24899,88.1
tools,oracle,eog,teams,4,4,1,task_20260109_004703_994_7ebc1127_6f97f3e9,0.714286,0,107993,159.3
tools,oracle,eog,teams,4,4,2,task_20251126_055301_905_8e9e30d7_6aab00b8,0.4,0,61445,281.0
tools,oracle,eog,teams,4,4,2,task_20251128_120055_076_8e9e30d7_e5dcfa22,0.0,0,26050,110.2
tools,oracle,eog,teams,4,4,2,task_20251128_200856_738_0154326e_752f99ad,0.875,0,158690,171.5
tools,oracle,eog,teams,4,4,2,task_20260106_040225_149_7ebc1127_e9ac645c,1.0,1,42722,88.1
tools,oracle,eog,teams,4,4,2,task_20260107_111155_131_0154326e_96e0246b,0.0,0,22626,60.3
tools,oracle,eog,teams,4,4,2,task_20260109_004703_994_7ebc1127_6f97f3e9,0.714286,0,111304,239.9
tools,oracle,eog,teams,4,4,3,task_20251126_055301_905_8e9e30d7_6aab00b8,0.6,0,55054,290.4
tools,oracle,eog,teams,4,4,3,task_20251128_120055_076_8e9e30d7_e5dcfa22,0.875,0,89512,232.7
tools,oracle,eog,teams,4,4,3,task_20251128_200856_738_0154326e_752f99ad,0.875,0,158203,230.3
tools,oracle,eog,teams,4,4,3,task_20260106_040225_149_7ebc1127_e9ac645c,1.0,1,50659,138.6
tools,oracle,eog,teams,4,4,3,task_20260107_111155_131_0154326e_96e0246b,0.111111,0,38154,116.6
tools,oracle,eog,teams,4,4,3,task_20260109_004703_994_7ebc1127_6f97f3e9,0.714286,0,134947,323.2
