track,arm,benchmark,stream,adapt_stage,eval_cohort,run,task_id,score,success,recorded_tokens,recorded_seconds
tools,react,ale,ale,1,1,1,business_finance/american_option_pricing_ls,0.5,0,1438679,673.7
tools,react,ale,ale,1,1,1,business_finance/basel_operational_risk_bia_cn,0.0,0,1710323,544.3
tools,react,ale,ale,1,1,1,business_finance/bpmn_supply_disruption_l3,0.8019,0,1984064,612.6
tools,react,ale,ale,1,1,1,business_finance/digital_marketing_audience_segmentation_1,0.7245,0,389187,169.0
tools,react,ale,ale,1,1,1,business_finance/pe_screening_memo_1,0.7625,0,620433,220.1
tools,react,ale,ale,1,1,1,business_finance/sse_northbound_programmatic_trading_01,0.666667,0,626677,199.2
tools,react,ale,ale,1,1,1,computing_math/branch_bound_atsp,1.0,1,1320321,1286.2
tools,react,ale,ale,1,1,1,computing_math/cfr_game_theory_equilibrium,0.67,0,771727,613.6
tools,react,ale,ale,1,1,1,computing_math/cost_optimization_1,0.848428,0,1537135,521.7
tools,react,ale,ale,1,1,1,computing_math/ising_post_measurement_1,1.0,1,236718,272.2
tools,react,ale,ale,1,1,1,computing_math/k8s_payment_api_root_cause_analysis,0.697727,0,657600,338.6
tools,react,ale,ale,1,1,1,computing_math/recsys_cold_start_instance_1,0.5,0,437519,339.0
tools,react,ale,ale,1,1,1,computing_math/synthetic_causal_structure_inference,0.30318,0,771656,229.4
tools,react,ale,ale,1,1,1,education_info/homework_grading_numerical_pdes_instance_02,0.0,0,183140,171.0
tools,react,ale,ale,1,1,1,education_info/marc_remediation_folio_overlay,0.0,0,2783156,555.5
tools,react,ale,ale,1,1,1,education_info/moodle_gradebook_closeout_reconciliation,0.0,0,2090518,289.0
tools,react,ale,ale,1,1,1,engineering/aerospace_low_thrust_trajectory,0.0,0,303100,181.0
tools,react,ale,ale,1,1,1,health_medicine/crf_sdtm_mapping_4,0.4689,0,3112996,420.9
tools,react,ale,ale,1,1,1,health_medicine/epidemiology_forecast,0.0,0,377621,261.7
tools,react,ale,ale,1,1,1,health_medicine/flusight_offline_hosp_forecast_2024_12_14,0.0,0,304753,158.6
tools,react,ale,ale,1,1,1,health_medicine/healthcare_bias_audit_27a_public_replication_v1,0.0,0,3497244,1276.1
tools,react,ale,ale,1,1,1,health_medicine/nhanes_confounder_sensitivity_analysis,0.586812,0,481138,342.6
tools,react,ale,ale,1,1,1,health_medicine/scene3_skullstrip_qc,1.0,1,704900,188.3
tools,react,ale,ale,1,1,1,legal/agora_governance_classify_instance_1,0.0,0,2596884,544.6
tools,react,ale,ale,1,1,1,life_sciences/cell_tracking_instance_1,0.239135,0,512067,220.0
tools,react,ale,ale,1,1,1,life_sciences/cell_translocation_analysis,0.0,0,557482,569.6
tools,react,ale,ale,1,1,1,life_sciences/tcga_brca_deg_analysis,0.0,0,440525,212.1
tools,react,ale,ale,1,1,1,physical_sciences/adapt_vqe_molecular_energy,0.333333,0,1049090,447.0
tools,react,ale,ale,1,1,1,physical_sciences/gillespie_gene_regulatory_network,0.0,0,546848,210.8
tools,react,ale,ale,1,1,1,physical_sciences/glm_lake_calibration,0.0,0,754081,337.5
tools,react,ale,ale,1,1,1,physical_sciences/molecular_structure_plausibility,0.333333,0,547512,213.2
tools,react,ale,ale,1,1,1,physical_sciences/mose2_bse_absorption_soc,0.0,0,3267652,585.1
tools,react,ale,ale,1,1,1,psychology_neuro/scene2_resample,0.0,0,742137,308.8
tools,react,ale,ale,1,1,1,transport_safety/abm_hangzhou_metro,0.0,0,1813052,710.6
tools,react,ale,ale,1,1,2,business_finance/american_option_pricing_ls,0.0,0,784303,530.2
tools,react,ale,ale,1,1,2,business_finance/basel_operational_risk_bia_cn,0.0,0,677315,343.5
tools,react,ale,ale,1,1,2,business_finance/bpmn_supply_disruption_l3,0.8243,0,1260248,607.1
tools,react,ale,ale,1,1,2,business_finance/digital_marketing_audience_segmentation_1,0.9417,0,366867,243.1
tools,react,ale,ale,1,1,2,business_finance/pe_screening_memo_1,0.8125,0,1078327,208.8
tools,react,ale,ale,1,1,2,business_finance/sse_northbound_programmatic_trading_01,0.666667,0,586995,233.2
tools,react,ale,ale,1,1,2,computing_math/branch_bound_atsp,0.9,0,1645012,837.2
tools,react,ale,ale,1,1,2,computing_math/cfr_game_theory_equilibrium,0.33,0,3863099,1696.2
tools,react,ale,ale,1,1,2,computing_math/cost_optimization_1,0.0,0,3756768,697.2
tools,react,ale,ale,1,1,2,computing_math/ising_post_measurement_1,0.0,0,344249,253.9
tools,react,ale,ale,1,1,2,computing_math/k8s_payment_api_root_cause_analysis,0.697727,0,188379,143.1
tools,react,ale,ale,1,1,2,computing_math/recsys_cold_start_instance_1,0.0,0,2067931,698.1
tools,react,ale,ale,1,1,2,computing_math/synthetic_causal_structure_inference,0.140041,0,411425,172.6
tools,react,ale,ale,1,1,2,education_info/homework_grading_numerical_pdes_instance_02,0.791818,0,621636,253.8
tools,react,ale,ale,1,1,2,education_info/marc_remediation_folio_overlay,0.2,0,1869510,512.3
tools,react,ale,ale,1,1,2,education_info/moodle_gradebook_closeout_reconciliation,0.0,0,2456503,791.7
tools,react,ale,ale,1,1,2,engineering/aerospace_low_thrust_trajectory,0.0,0,934509,464.9
tools,react,ale,ale,1,1,2,health_medicine/crf_sdtm_mapping_4,0.3254,0,1930372,283.5
tools,react,ale,ale,1,1,2,health_medicine/epidemiology_forecast,0.0,0,400295,293.4
tools,react,ale,ale,1,1,2,health_medicine/flusight_offline_hosp_forecast_2024_12_14,0.0,0,648180,364.5
tools,react,ale,ale,1,1,2,health_medicine/healthcare_bias_audit_27a_public_replication_v1,0.0,0,3035691,972.9
tools,react,ale,ale,1,1,2,health_medicine/nhanes_confounder_sensitivity_analysis,0.537882,0,413118,303.9
tools,react,ale,ale,1,1,2,health_medicine/scene3_skullstrip_qc,1.0,1,352940,207.3
tools,react,ale,ale,1,1,2,legal/agora_governance_classify_instance_1,0.440476,0,1627536,354.1
tools,react,ale,ale,1,1,2,life_sciences/cell_tracking_instance_1,0.513407,0,426700,327.1
tools,react,ale,ale,1,1,2,life_sciences/cell_translocation_analysis,0.0,0,223892,421.5
tools,react,ale,ale,1,1,2,life_sciences/tcga_brca_deg_analysis,1.0,1,1049899,726.2
tools,react,ale,ale,1,1,2,physical_sciences/adapt_vqe_molecular_energy,1.0,1,587177,918.0
tools,react,ale,ale,1,1,2,physical_sciences/gillespie_gene_regulatory_network,0.68,0,3820808,1166.6
tools,react,ale,ale,1,1,2,physical_sciences/glm_lake_calibration,0.0,0,762840,265.1
tools,react,ale,ale,1,1,2,physical_sciences/molecular_structure_plausibility,0.333333,0,548978,242.4
tools,react,ale,ale,1,1,2,physical_sciences/mose2_bse_absorption_soc,0.0,0,1871546,565.2
tools,react,ale,ale,1,1,2,psychology_neuro/scene2_resample,0.0,0,602527,280.5
tools,react,ale,ale,1,1,2,transport_safety/abm_hangzhou_metro,0.0,0,1180378,611.0
tools,react,ale,ale,1,1,3,business_finance/american_option_pricing_ls,0.0,0,1522295,913.1
tools,react,ale,ale,1,1,3,business_finance/basel_operational_risk_bia_cn,0.0,0,315495,202.7
tools,react,ale,ale,1,1,3,business_finance/bpmn_supply_disruption_l3,0.6519,0,6203950,1168.7
tools,react,ale,ale,1,1,3,business_finance/digital_marketing_audience_segmentation_1,0.8333,0,419335,251.6
tools,react,ale,ale,1,1,3,business_finance/pe_screening_memo_1,0.71875,0,652991,235.7
tools,react,ale,ale,1,1,3,business_finance/sse_northbound_programmatic_trading_01,0.666667,0,672638,180.8
tools,react,ale,ale,1,1,3,computing_math/branch_bound_atsp,0.825,0,3120128,3635.2
tools,react,ale,ale,1,1,3,computing_math/cfr_game_theory_equilibrium,0.0,0,1238257,1633.1
tools,react,ale,ale,1,1,3,computing_math/cost_optimization_1,0.848428,0,1060575,412.7
tools,react,ale,ale,1,1,3,computing_math/ising_post_measurement_1,1.0,1,489871,716.8
tools,react,ale,ale,1,1,3,computing_math/k8s_payment_api_root_cause_analysis,0.947727,0,245535,158.9
tools,react,ale,ale,1,1,3,computing_math/recsys_cold_start_instance_1,0.333333,0,1281401,1361.4
tools,react,ale,ale,1,1,3,computing_math/synthetic_causal_structure_inference,0.268756,0,290442,209.6
tools,react,ale,ale,1,1,3,education_info/homework_grading_numerical_pdes_instance_02,0.0,0,504123,202.7
tools,react,ale,ale,1,1,3,education_info/marc_remediation_folio_overlay,0.1,0,985692,253.8
tools,react,ale,ale,1,1,3,education_info/moodle_gradebook_closeout_reconciliation,0.0,0,1579608,526.0
tools,react,ale,ale,1,1,3,engineering/aerospace_low_thrust_trajectory,0.0,0,435812,223.7
tools,react,ale,ale,1,1,3,health_medicine/crf_sdtm_mapping_4,0.378,0,1493958,282.9
tools,react,ale,ale,1,1,3,health_medicine/epidemiology_forecast,0.0,0,360111,263.0
tools,react,ale,ale,1,1,3,health_medicine/flusight_offline_hosp_forecast_2024_12_14,0.055454,0,697071,343.9
tools,react,ale,ale,1,1,3,health_medicine/healthcare_bias_audit_27a_public_replication_v1,0.0,0,4148930,1341.0
tools,react,ale,ale,1,1,3,health_medicine/nhanes_confounder_sensitivity_analysis,0.538542,0,377537,251.8
tools,react,ale,ale,1,1,3,health_medicine/scene3_skullstrip_qc,1.0,1,109184,105.6
tools,react,ale,ale,1,1,3,legal/agora_governance_classify_instance_1,0.635767,0,2860413,393.3
tools,react,ale,ale,1,1,3,life_sciences/cell_tracking_instance_1,0.0,0,556958,290.1
tools,react,ale,ale,1,1,3,life_sciences/cell_translocation_analysis,0.0,0,364242,496.9
tools,react,ale,ale,1,1,3,life_sciences/tcga_brca_deg_analysis,0.0,0,2406120,683.6
tools,react,ale,ale,1,1,3,physical_sciences/adapt_vqe_molecular_energy,0.666667,0,1243681,820.0
tools,react,ale,ale,1,1,3,physical_sciences/gillespie_gene_regulatory_network,0.0,0,467831,633.5
tools,react,ale,ale,1,1,3,physical_sciences/glm_lake_calibration,0.0,0,2286050,1198.9
tools,react,ale,ale,1,1,3,physical_sciences/molecular_structure_plausibility,0.333333,0,291734,180.1
tools,react,ale,ale,1,1,3,physical_sciences/mose2_bse_absorption_soc,0.0,0,633181,494.8
tools,react,ale,ale,1,1,3,psychology_neuro/scene2_resample,0.0,0,165701,467.4
tools,react,ale,ale,1,1,3,transport_safety/abm_hangzhou_metro,0.0,0,1748352,635.2
tools,react,ale,ale,2,1,1,business_finance/american_option_pricing_ls,0.5,0,1157404,560.9
tools,react,ale,ale,2,1,1,business_finance/basel_operational_risk_bia_cn,0.0,0,298328,315.0
tools,react,ale,ale,2,1,1,business_finance/bpmn_supply_disruption_l3,0.5876,0,2393533,756.8
tools,react,ale,ale,2,1,1,business_finance/digital_marketing_audience_segmentation_1,0.8667,0,353095,212.8
tools,react,ale,ale,2,1,1,business_finance/pe_screening_memo_1,0.8375,0,804026,320.6
tools,react,ale,ale,2,1,1,business_finance/sse_northbound_programmatic_trading_01,0.666667,0,529882,243.4
tools,react,ale,ale,2,1,1,computing_math/branch_bound_atsp,0.0,0,2743663,747.4
tools,react,ale,ale,2,1,1,computing_math/cfr_game_theory_equilibrium,0.0,0,3198983,1051.0
tools,react,ale,ale,2,1,1,computing_math/cost_optimization_1,0.849262,0,817418,494.6
tools,react,ale,ale,2,1,1,computing_math/ising_post_measurement_1,0.0,0,687517,426.0
tools,react,ale,ale,2,1,1,computing_math/k8s_payment_api_root_cause_analysis,0.555,0,483221,496.4
tools,react,ale,ale,2,1,1,computing_math/recsys_cold_start_instance_1,0.5,0,1591185,777.3
tools,react,ale,ale,2,1,1,computing_math/synthetic_causal_structure_inference,0.288237,0,234829,143.8
tools,react,ale,ale,2,1,1,education_info/homework_grading_numerical_pdes_instance_02,0.713152,0,362905,203.7
tools,react,ale,ale,2,1,1,education_info/marc_remediation_folio_overlay,0.2,0,816795,264.8
tools,react,ale,ale,2,1,1,education_info/moodle_gradebook_closeout_reconciliation,0.0,0,1544762,605.5
tools,react,ale,ale,2,1,1,engineering/aerospace_low_thrust_trajectory,0.0,0,903895,710.2
tools,react,ale,ale,2,1,1,health_medicine/crf_sdtm_mapping_4,0.2775,0,2606992,525.6
tools,react,ale,ale,2,1,1,health_medicine/epidemiology_forecast,0.0,0,635891,545.7
tools,react,ale,ale,2,1,1,health_medicine/flusight_offline_hosp_forecast_2024_12_14,0.034405,0,752748,405.3
tools,react,ale,ale,2,1,1,health_medicine/healthcare_bias_audit_27a_public_replication_v1,0.0,0,2193308,784.6
tools,react,ale,ale,2,1,1,health_medicine/nhanes_confounder_sensitivity_analysis,0.571215,0,285686,232.3
tools,react,ale,ale,2,1,1,health_medicine/scene3_skullstrip_qc,1.0,1,320876,155.2
tools,react,ale,ale,2,1,1,legal/agora_governance_classify_instance_1,0.482804,0,2264752,595.8
tools,react,ale,ale,2,1,1,life_sciences/cell_tracking_instance_1,0.481382,0,618230,324.5
tools,react,ale,ale,2,1,1,life_sciences/cell_translocation_analysis,0.0,0,719453,547.8
tools,react,ale,ale,2,1,1,life_sciences/tcga_brca_deg_analysis,0.0,0,1294929,470.3
tools,react,ale,ale,2,1,1,physical_sciences/adapt_vqe_molecular_energy,0.666667,0,621958,614.0
tools,react,ale,ale,2,1,1,physical_sciences/gillespie_gene_regulatory_network,0.0,0,783040,430.6
tools,react,ale,ale,2,1,1,physical_sciences/glm_lake_calibration,0.0,0,382541,255.8
tools,react,ale,ale,2,1,1,physical_sciences/molecular_structure_plausibility,0.571429,0,210578,138.2
tools,react,ale,ale,2,1,1,physical_sciences/mose2_bse_absorption_soc,0.0,0,1512332,579.8
tools,react,ale,ale,2,1,1,psychology_neuro/scene2_resample,0.0,0,335166,249.6
tools,react,ale,ale,2,1,1,transport_safety/abm_hangzhou_metro,0.0,0,1172089,657.2
tools,react,ale,ale,2,1,2,business_finance/american_option_pricing_ls,0.0,0,803023,527.0
tools,react,ale,ale,2,1,2,business_finance/basel_operational_risk_bia_cn,0.0,0,510862,433.2
tools,react,ale,ale,2,1,2,business_finance/bpmn_supply_disruption_l3,0.6893,0,1014163,359.4
tools,react,ale,ale,2,1,2,business_finance/digital_marketing_audience_segmentation_1,0.8708,0,242041,181.6
tools,react,ale,ale,2,1,2,business_finance/pe_screening_memo_1,0.80625,0,452357,297.4
tools,react,ale,ale,2,1,2,business_finance/sse_northbound_programmatic_trading_01,0.333333,0,387806,122.2
tools,react,ale,ale,2,1,2,computing_math/branch_bound_atsp,0.0,0,3938319,1068.0
tools,react,ale,ale,2,1,2,computing_math/cfr_game_theory_equilibrium,0.0,0,1843430,1350.1
tools,react,ale,ale,2,1,2,computing_math/cost_optimization_1,0.634746,0,2327142,928.0
tools,react,ale,ale,2,1,2,computing_math/ising_post_measurement_1,0.0,0,637415,285.9
tools,react,ale,ale,2,1,2,computing_math/k8s_payment_api_root_cause_analysis,0.547727,0,260876,231.3
tools,react,ale,ale,2,1,2,computing_math/recsys_cold_start_instance_1,0.5,0,470202,359.7
tools,react,ale,ale,2,1,2,computing_math/synthetic_causal_structure_inference,0.300884,0,1961819,473.8
tools,react,ale,ale,2,1,2,education_info/homework_grading_numerical_pdes_instance_02,0.641636,0,1782548,464.7
tools,react,ale,ale,2,1,2,education_info/marc_remediation_folio_overlay,0.0,0,1639907,818.8
tools,react,ale,ale,2,1,2,education_info/moodle_gradebook_closeout_reconciliation,0.0,0,1104438,440.6
tools,react,ale,ale,2,1,2,engineering/aerospace_low_thrust_trajectory,0.0,0,839646,254.9
tools,react,ale,ale,2,1,2,health_medicine/crf_sdtm_mapping_4,0.0,0,1160423,758.5
tools,react,ale,ale,2,1,2,health_medicine/epidemiology_forecast,0.0,0,257100,253.1
tools,react,ale,ale,2,1,2,health_medicine/flusight_offline_hosp_forecast_2024_12_14,0.154785,0,492953,181.0
tools,react,ale,ale,2,1,2,health_medicine/healthcare_bias_audit_27a_public_replication_v1,0.0,0,3314919,1254.3
tools,react,ale,ale,2,1,2,health_medicine/nhanes_confounder_sensitivity_analysis,0.975,0,587215,359.6
tools,react,ale,ale,2,1,2,health_medicine/scene3_skullstrip_qc,1.0,1,216102,130.1
tools,react,ale,ale,2,1,2,legal/agora_governance_classify_instance_1,0.133333,0,3415574,746.4
tools,react,ale,ale,2,1,2,life_sciences/cell_tracking_instance_1,0.491847,0,436326,353.0
tools,react,ale,ale,2,1,2,life_sciences/cell_translocation_analysis,0.0,0,2052506,993.3
tools,react,ale,ale,2,1,2,life_sciences/tcga_brca_deg_analysis,0.0,0,1170661,562.1
tools,react,ale,ale,2,1,2,physical_sciences/adapt_vqe_molecular_energy,1.0,1,351705,399.5
tools,react,ale,ale,2,1,2,physical_sciences/gillespie_gene_regulatory_network,0.55,0,1500698,1754.9
tools,react,ale,ale,2,1,2,physical_sciences/glm_lake_calibration,0.0,0,2951906,762.0
tools,react,ale,ale,2,1,2,physical_sciences/molecular_structure_plausibility,0.333333,0,469071,286.0
tools,react,ale,ale,2,1,2,physical_sciences/mose2_bse_absorption_soc,0.0,0,2910706,559.6
tools,react,ale,ale,2,1,2,psychology_neuro/scene2_resample,0.0,0,402000,490.9
tools,react,ale,ale,2,1,2,transport_safety/abm_hangzhou_metro,0.0,0,160526,448.0
tools,react,ale,ale,2,1,3,business_finance/american_option_pricing_ls,0.5,0,374130,473.6
tools,react,ale,ale,2,1,3,business_finance/basel_operational_risk_bia_cn,0.0,0,434312,242.8
tools,react,ale,ale,2,1,3,business_finance/bpmn_supply_disruption_l3,0.0,0,1435099,615.5
tools,react,ale,ale,2,1,3,business_finance/digital_marketing_audience_segmentation_1,0.8667,0,1372953,517.7
tools,react,ale,ale,2,1,3,business_finance/pe_screening_memo_1,0.79375,0,856598,327.9
tools,react,ale,ale,2,1,3,business_finance/sse_northbound_programmatic_trading_01,0.666667,0,543422,152.2
tools,react,ale,ale,2,1,3,computing_math/branch_bound_atsp,0.9,0,893133,643.8
tools,react,ale,ale,2,1,3,computing_math/cfr_game_theory_equilibrium,0.67,0,3179684,918.1
tools,react,ale,ale,2,1,3,computing_math/cost_optimization_1,0.661762,0,964133,584.7
tools,react,ale,ale,2,1,3,computing_math/ising_post_measurement_1,0.0,0,254091,253.1
tools,react,ale,ale,2,1,3,computing_math/k8s_payment_api_root_cause_analysis,0.697727,0,992588,635.0
tools,react,ale,ale,2,1,3,computing_math/recsys_cold_start_instance_1,0.5,0,1905381,858.1
tools,react,ale,ale,2,1,3,computing_math/synthetic_causal_structure_inference,0.182406,0,185149,192.8
tools,react,ale,ale,2,1,3,education_info/homework_grading_numerical_pdes_instance_02,0.709818,0,965419,362.4
tools,react,ale,ale,2,1,3,education_info/marc_remediation_folio_overlay,0.2,0,951388,344.3
tools,react,ale,ale,2,1,3,education_info/moodle_gradebook_closeout_reconciliation,0.0,0,1231946,429.1
tools,react,ale,ale,2,1,3,engineering/aerospace_low_thrust_trajectory,0.0,0,2184148,898.2
tools,react,ale,ale,2,1,3,health_medicine/crf_sdtm_mapping_4,0.0,0,1392460,1522.0
tools,react,ale,ale,2,1,3,health_medicine/epidemiology_forecast,0.0,0,305844,203.7
tools,react,ale,ale,2,1,3,health_medicine/flusight_offline_hosp_forecast_2024_12_14,0.0,0,869572,413.2
tools,react,ale,ale,2,1,3,health_medicine/healthcare_bias_audit_27a_public_replication_v1,0.0,0,3674819,872.9
tools,react,ale,ale,2,1,3,health_medicine/nhanes_confounder_sensitivity_analysis,0.571189,0,3279968,615.2
tools,react,ale,ale,2,1,3,health_medicine/scene3_skullstrip_qc,1.0,1,269314,225.4
tools,react,ale,ale,2,1,3,legal/agora_governance_classify_instance_1,0.484615,0,2005402,301.1
tools,react,ale,ale,2,1,3,life_sciences/cell_tracking_instance_1,0.0,0,838321,486.0
tools,react,ale,ale,2,1,3,life_sciences/cell_translocation_analysis,0.0,0,2758742,952.4
tools,react,ale,ale,2,1,3,life_sciences/tcga_brca_deg_analysis,0.0,0,535042,181.8
tools,react,ale,ale,2,1,3,physical_sciences/adapt_vqe_molecular_energy,0.333333,0,1919602,818.6
tools,react,ale,ale,2,1,3,physical_sciences/gillespie_gene_regulatory_network,0.69,0,1363934,1076.2
tools,react,ale,ale,2,1,3,physical_sciences/glm_lake_calibration,0.0,0,2551332,1140.5
tools,react,ale,ale,2,1,3,physical_sciences/molecular_structure_plausibility,0.333333,0,1034387,351.2
tools,react,ale,ale,2,1,3,physical_sciences/mose2_bse_absorption_soc,0.0,0,5074318,1056.6
tools,react,ale,ale,2,1,3,psychology_neuro/scene2_resample,1.0,1,4952201,733.8
tools,react,ale,ale,2,1,3,transport_safety/abm_hangzhou_metro,0.0,0,933765,426.1
tools,react,ale,ale,2,2,1,computing_math/cp_test_gen_1,0.9,0,408966,261.9
tools,react,ale,ale,2,2,1,computing_math/k3_abelian_extensions,0.0,0,413426,442.6
tools,react,ale,ale,2,2,1,engineering/mpc_control_building_v1,0.0,0,4725657,954.9
tools,react,ale,ale,2,2,1,health_medicine/healthcare_variant_annotation_pipeline,0.999,0,297131,208.7
tools,react,ale,ale,2,2,2,computing_math/cp_test_gen_1,0.3,0,1130963,584.0
tools,react,ale,ale,2,2,2,computing_math/k3_abelian_extensions,0.0,0,1166143,532.9
tools,react,ale,ale,2,2,2,engineering/mpc_control_building_v1,0.0,0,1890916,469.4
tools,react,ale,ale,2,2,2,health_medicine/healthcare_variant_annotation_pipeline,0.793,0,891943,237.2
tools,react,ale,ale,2,2,3,computing_math/cp_test_gen_1,0.5,0,949703,308.3
tools,react,ale,ale,2,2,3,computing_math/k3_abelian_extensions,0.0,0,856131,835.6
tools,react,ale,ale,2,2,3,engineering/mpc_control_building_v1,0.0,0,4167985,681.0
tools,react,ale,ale,2,2,3,health_medicine/healthcare_variant_annotation_pipeline,0.989,0,287306,216.3
tools,react,ale,ale,3,1,1,business_finance/american_option_pricing_ls,0.5,0,887773,415.6
tools,react,ale,ale,3,1,1,business_finance/basel_operational_risk_bia_cn,0.0,0,623006,253.5
tools,react,ale,ale,3,1,1,business_finance/bpmn_supply_disruption_l3,0.7897,0,1244104,474.8
tools,react,ale,ale,3,1,1,business_finance/digital_marketing_audience_segmentation_1,0.7162,0,328802,183.7
tools,react,ale,ale,3,1,1,business_finance/pe_screening_memo_1,0.80625,0,715722,249.3
tools,react,ale,ale,3,1,1,business_finance/sse_northbound_programmatic_trading_01,0.666667,0,504951,141.5
tools,react,ale,ale,3,1,1,computing_math/branch_bound_atsp,0.5875,0,2405807,886.2
tools,react,ale,ale,3,1,1,computing_math/cfr_game_theory_equilibrium,0.0,0,792792,735.7
tools,react,ale,ale,3,1,1,computing_math/cost_optimization_1,0.0,0,1018403,574.5
tools,react,ale,ale,3,1,1,computing_math/ising_post_measurement_1,1.0,1,369680,313.4
tools,react,ale,ale,3,1,1,computing_math/k8s_payment_api_root_cause_analysis,0.78,0,249722,151.9
tools,react,ale,ale,3,1,1,computing_math/recsys_cold_start_instance_1,0.833333,0,328916,374.8
tools,react,ale,ale,3,1,1,computing_math/synthetic_causal_structure_inference,0.0,0,0,2807.0
tools,react,ale,ale,3,1,1,education_info/homework_grading_numerical_pdes_instance_02,0.635818,0,812563,313.4
tools,react,ale,ale,3,1,1,education_info/marc_remediation_folio_overlay,0.0,0,520665,253.8
tools,react,ale,ale,3,1,1,education_info/moodle_gradebook_closeout_reconciliation,0.0,0,1743418,500.0
tools,react,ale,ale,3,1,1,engineering/aerospace_low_thrust_trajectory,0.0,0,376931,224.4
tools,react,ale,ale,3,1,1,health_medicine/crf_sdtm_mapping_4,0.4426,0,1504986,344.1
tools,react,ale,ale,3,1,1,health_medicine/epidemiology_forecast,0.0,0,636270,344.2
tools,react,ale,ale,3,1,1,health_medicine/flusight_offline_hosp_forecast_2024_12_14,0.706762,0,593912,253.8
tools,react,ale,ale,3,1,1,health_medicine/healthcare_bias_audit_27a_public_replication_v1,0.0,0,3050839,801.7
tools,react,ale,ale,3,1,1,health_medicine/nhanes_confounder_sensitivity_analysis,0.872917,0,355481,253.9
tools,react,ale,ale,3,1,1,health_medicine/scene3_skullstrip_qc,1.0,1,501324,184.4
tools,react,ale,ale,3,1,1,legal/agora_governance_classify_instance_1,0.066667,0,3606947,444.1
tools,react,ale,ale,3,1,1,life_sciences/cell_tracking_instance_1,0.490401,0,2663461,660.4
tools,react,ale,ale,3,1,1,life_sciences/cell_translocation_analysis,0.0,0,1551620,733.5
tools,react,ale,ale,3,1,1,life_sciences/tcga_brca_deg_analysis,0.0,0,537242,544.0
tools,react,ale,ale,3,1,1,physical_sciences/adapt_vqe_molecular_energy,1.0,1,2392139,838.8
tools,react,ale,ale,3,1,1,physical_sciences/gillespie_gene_regulatory_network,0.0,0,541627,545.0
tools,react,ale,ale,3,1,1,physical_sciences/glm_lake_calibration,0.0,0,2591176,883.1
tools,react,ale,ale,3,1,1,physical_sciences/molecular_structure_plausibility,0.571429,0,260862,162.7
tools,react,ale,ale,3,1,1,physical_sciences/mose2_bse_absorption_soc,0.0,0,2768856,572.2
tools,react,ale,ale,3,1,1,psychology_neuro/scene2_resample,0.0,0,354758,270.9
tools,react,ale,ale,3,1,1,transport_safety/abm_hangzhou_metro,0.0,0,845977,752.0
tools,react,ale,ale,3,1,2,business_finance/american_option_pricing_ls,0.5,0,1320198,545.2
tools,react,ale,ale,3,1,2,business_finance/basel_operational_risk_bia_cn,0.0,0,1258043,775.7
tools,react,ale,ale,3,1,2,business_finance/bpmn_supply_disruption_l3,0.8321,0,1103959,383.3
tools,react,ale,ale,3,1,2,business_finance/digital_marketing_audience_segmentation_1,0.9042,0,631102,263.7
tools,react,ale,ale,3,1,2,business_finance/pe_screening_memo_1,0.73125,0,756430,176.4
tools,react,ale,ale,3,1,2,business_finance/sse_northbound_programmatic_trading_01,0.666667,0,641860,161.8
tools,react,ale,ale,3,1,2,computing_math/branch_bound_atsp,0.0,0,2394748,703.7
tools,react,ale,ale,3,1,2,computing_math/cfr_game_theory_equilibrium,0.0,0,3857097,703.5
tools,react,ale,ale,3,1,2,computing_math/cost_optimization_1,0.645303,0,1144960,612.5
tools,react,ale,ale,3,1,2,computing_math/ising_post_measurement_1,0.0,0,522381,296.2
tools,react,ale,ale,3,1,2,computing_math/k8s_payment_api_root_cause_analysis,0.738889,0,136091,171.5
tools,react,ale,ale,3,1,2,computing_math/recsys_cold_start_instance_1,0.333333,0,598228,295.6
tools,react,ale,ale,3,1,2,computing_math/synthetic_causal_structure_inference,0.140041,0,651956,231.7
tools,react,ale,ale,3,1,2,education_info/homework_grading_numerical_pdes_instance_02,0.685818,0,294522,161.8
tools,react,ale,ale,3,1,2,education_info/marc_remediation_folio_overlay,0.1,0,973671,223.6
tools,react,ale,ale,3,1,2,education_info/moodle_gradebook_closeout_reconciliation,0.0,0,1602116,237.9
tools,react,ale,ale,3,1,2,engineering/aerospace_low_thrust_trajectory,0.0,0,596158,296.2
tools,react,ale,ale,3,1,2,health_medicine/crf_sdtm_mapping_4,0.0,0,1510055,363.6
tools,react,ale,ale,3,1,2,health_medicine/epidemiology_forecast,0.0,0,360085,263.8
tools,react,ale,ale,3,1,2,health_medicine/flusight_offline_hosp_forecast_2024_12_14,0.613608,0,248132,141.8
tools,react,ale,ale,3,1,2,health_medicine/healthcare_bias_audit_27a_public_replication_v1,0.0,0,4658903,878.6
tools,react,ale,ale,3,1,2,health_medicine/nhanes_confounder_sensitivity_analysis,0.521215,0,626591,302.0
tools,react,ale,ale,3,1,2,health_medicine/scene3_skullstrip_qc,1.0,1,336686,216.2
tools,react,ale,ale,3,1,2,legal/agora_governance_classify_instance_1,0.381481,0,3288559,503.8
tools,react,ale,ale,3,1,2,life_sciences/cell_tracking_instance_1,0.493874,0,1402883,687.7
tools,react,ale,ale,3,1,2,life_sciences/cell_translocation_analysis,0.0,0,574793,431.6
tools,react,ale,ale,3,1,2,life_sciences/tcga_brca_deg_analysis,0.0,0,591873,217.0
tools,react,ale,ale,3,1,2,physical_sciences/adapt_vqe_molecular_energy,0.0,0,815492,383.0
tools,react,ale,ale,3,1,2,physical_sciences/gillespie_gene_regulatory_network,0.49,0,1723335,440.5
tools,react,ale,ale,3,1,2,physical_sciences/glm_lake_calibration,0.0,0,3287408,918.3
tools,react,ale,ale,3,1,2,physical_sciences/molecular_structure_plausibility,0.5,0,448382,167.2
tools,react,ale,ale,3,1,2,physical_sciences/mose2_bse_absorption_soc,0.0,0,5927285,643.7
tools,react,ale,ale,3,1,2,psychology_neuro/scene2_resample,0.0,0,364913,322.5
tools,react,ale,ale,3,1,2,transport_safety/abm_hangzhou_metro,0.0,0,709235,612.1
tools,react,ale,ale,3,1,3,business_finance/american_option_pricing_ls,0.5,0,1369604,645.2
tools,react,ale,ale,3,1,3,business_finance/basel_operational_risk_bia_cn,0.0,0,1172028,322.1
tools,react,ale,ale,3,1,3,business_finance/bpmn_supply_disruption_l3,0.8881,0,1208297,313.4
tools,react,ale,ale,3,1,3,business_finance/digital_marketing_audience_segmentation_1,0.9042,0,184271,161.6
tools,react,ale,ale,3,1,3,business_finance/pe_screening_memo_1,0.771875,0,2824899,326.1
tools,react,ale,ale,3,1,3,business_finance/sse_northbound_programmatic_trading_01,0.333333,0,498890,143.4
tools,react,ale,ale,3,1,3,computing_math/branch_bound_atsp,1.0,1,1591959,1519.8
tools,react,ale,ale,3,1,3,computing_math/cfr_game_theory_equilibrium,0.0,0,2074156,806.6
tools,react,ale,ale,3,1,3,computing_math/cost_optimization_1,0.660928,0,643602,403.4
tools,react,ale,ale,3,1,3,computing_math/ising_post_measurement_1,0.0,0,601390,315.1
tools,react,ale,ale,3,1,3,computing_math/k8s_payment_api_root_cause_analysis,0.988889,0,180054,143.4
tools,react,ale,ale,3,1,3,computing_math/recsys_cold_start_instance_1,0.5,0,478968,436.7
tools,react,ale,ale,3,1,3,computing_math/synthetic_causal_structure_inference,0.404433,0,372269,199.7
tools,react,ale,ale,3,1,3,education_info/homework_grading_numerical_pdes_instance_02,0.669818,0,632927,231.7
tools,react,ale,ale,3,1,3,education_info/marc_remediation_folio_overlay,0.2,0,1263878,234.0
tools,react,ale,ale,3,1,3,education_info/moodle_gradebook_closeout_reconciliation,0.0,0,1962018,439.1
tools,react,ale,ale,3,1,3,engineering/aerospace_low_thrust_trajectory,0.0,0,580466,232.1
tools,react,ale,ale,3,1,3,health_medicine/crf_sdtm_mapping_4,0.5407,0,855714,242.2
tools,react,ale,ale,3,1,3,health_medicine/epidemiology_forecast,0.0,0,976774,323.2
tools,react,ale,ale,3,1,3,health_medicine/flusight_offline_hosp_forecast_2024_12_14,0.044737,0,429917,202.2
tools,react,ale,ale,3,1,3,health_medicine/healthcare_bias_audit_27a_public_replication_v1,0.0,0,5671969,1328.2
tools,react,ale,ale,3,1,3,health_medicine/nhanes_confounder_sensitivity_analysis,0.570949,0,338087,243.4
tools,react,ale,ale,3,1,3,health_medicine/scene3_skullstrip_qc,1.0,1,285435,126.5
tools,react,ale,ale,3,1,3,legal/agora_governance_classify_instance_1,0.0,0,2192550,596.0
tools,react,ale,ale,3,1,3,life_sciences/cell_tracking_instance_1,0.469769,0,1830860,585.6
tools,react,ale,ale,3,1,3,life_sciences/cell_translocation_analysis,0.0,0,1522015,910.2
tools,react,ale,ale,3,1,3,life_sciences/tcga_brca_deg_analysis,0.0,0,871705,226.4
tools,react,ale,ale,3,1,3,physical_sciences/adapt_vqe_molecular_energy,0.333333,0,616424,313.8
tools,react,ale,ale,3,1,3,physical_sciences/gillespie_gene_regulatory_network,0.0,0,337961,317.5
tools,react,ale,ale,3,1,3,physical_sciences/glm_lake_calibration,0.0,0,1359162,1236.4
tools,react,ale,ale,3,1,3,physical_sciences/molecular_structure_plausibility,0.5,0,415687,158.6
tools,react,ale,ale,3,1,3,physical_sciences/mose2_bse_absorption_soc,0.0,0,1494154,493.9
tools,react,ale,ale,3,1,3,psychology_neuro/scene2_resample,0.0,0,290009,124.5
tools,react,ale,ale,3,1,3,transport_safety/abm_hangzhou_metro,0.0,0,1555664,780.1
tools,react,ale,ale,3,2,1,computing_math/cp_test_gen_1,0.4,0,278018,346.0
tools,react,ale,ale,3,2,1,computing_math/k3_abelian_extensions,1.0,1,1573033,1071.0
tools,react,ale,ale,3,2,1,engineering/mpc_control_building_v1,0.0,0,3983668,814.4
tools,react,ale,ale,3,2,1,health_medicine/healthcare_variant_annotation_pipeline,0.999,0,303131,179.9
tools,react,ale,ale,3,2,2,computing_math/cp_test_gen_1,1.0,1,694433,336.3
tools,react,ale,ale,3,2,2,computing_math/k3_abelian_extensions,1.0,1,333248,432.5
tools,react,ale,ale,3,2,2,engineering/mpc_control_building_v1,0.0,0,3385953,1138.3
tools,react,ale,ale,3,2,2,health_medicine/healthcare_variant_annotation_pipeline,0.8,0,135497,206.9
tools,react,ale,ale,3,2,3,computing_math/cp_test_gen_1,0.0,0,4939437,660.4
tools,react,ale,ale,3,2,3,computing_math/k3_abelian_extensions,0.0,0,800680,493.7
tools,react,ale,ale,3,2,3,engineering/mpc_control_building_v1,0.0,0,5021460,649.6
tools,react,ale,ale,3,2,3,health_medicine/healthcare_variant_annotation_pipeline,1.0,1,694846,276.9
tools,react,ale,ale,3,3,1,business_finance/digital_marketing_ab_test_analysis_1,1.0,1,264005,245.9
tools,react,ale,ale,3,3,1,life_sciences/tms_marrow_cell_type_annotation_instance_1,0.0,0,1937613,604.1
tools,react,ale,ale,3,3,2,business_finance/digital_marketing_ab_test_analysis_1,0.0,0,406308,245.4
tools,react,ale,ale,3,3,2,life_sciences/tms_marrow_cell_type_annotation_instance_1,0.0,0,608234,352.4
tools,react,ale,ale,3,3,3,business_finance/digital_marketing_ab_test_analysis_1,0.0,0,460557,215.6
tools,react,ale,ale,3,3,3,life_sciences/tms_marrow_cell_type_annotation_instance_1,0.0,0,254458,186.4
tools,react,ale,ale,4,1,1,business_finance/american_option_pricing_ls,0.5,0,1199682,581.0
tools,react,ale,ale,4,1,1,business_finance/basel_operational_risk_bia_cn,0.0,0,1082496,280.9
tools,react,ale,ale,4,1,1,business_finance/bpmn_supply_disruption_l3,0.0,0,1680250,634.0
tools,react,ale,ale,4,1,1,business_finance/digital_marketing_audience_segmentation_1,0.9042,0,248477,159.0
tools,react,ale,ale,4,1,1,business_finance/pe_screening_memo_1,0.63125,0,870413,306.7
tools,react,ale,ale,4,1,1,business_finance/sse_northbound_programmatic_trading_01,0.0,0,450804,140.3
tools,react,ale,ale,4,1,1,computing_math/branch_bound_atsp,0.75,0,1646547,1014.7
tools,react,ale,ale,4,1,1,computing_math/cfr_game_theory_equilibrium,0.0,0,1643033,583.3
tools,react,ale,ale,4,1,1,computing_math/cost_optimization_1,0.655777,0,761759,373.9
tools,react,ale,ale,4,1,1,computing_math/ising_post_measurement_1,1.0,1,639507,314.9
tools,react,ale,ale,4,1,1,computing_math/k8s_payment_api_root_cause_analysis,0.672727,0,212720,140.5
tools,react,ale,ale,4,1,1,computing_math/recsys_cold_start_instance_1,0.5,0,726902,525.4
tools,react,ale,ale,4,1,1,computing_math/synthetic_causal_structure_inference,0.278522,0,324536,478.3
tools,react,ale,ale,4,1,1,education_info/homework_grading_numerical_pdes_instance_02,0.0,0,946441,301.6
tools,react,ale,ale,4,1,1,education_info/marc_remediation_folio_overlay,0.0,0,1576858,673.8
tools,react,ale,ale,4,1,1,education_info/moodle_gradebook_closeout_reconciliation,0.0,0,1612010,438.8
tools,react,ale,ale,4,1,1,engineering/aerospace_low_thrust_trajectory,0.0,0,843103,492.3
tools,react,ale,ale,4,1,1,health_medicine/crf_sdtm_mapping_4,0.3756,0,2029837,292.1
tools,react,ale,ale,4,1,1,health_medicine/epidemiology_forecast,0.0,0,639968,311.3
tools,react,ale,ale,4,1,1,health_medicine/flusight_offline_hosp_forecast_2024_12_14,0.655568,0,973210,261.7
tools,react,ale,ale,4,1,1,health_medicine/healthcare_bias_audit_27a_public_replication_v1,0.0,0,6617613,869.6
tools,react,ale,ale,4,1,1,health_medicine/nhanes_confounder_sensitivity_analysis,0.554487,0,750085,392.1
tools,react,ale,ale,4,1,1,health_medicine/scene3_skullstrip_qc,1.0,1,110033,99.6
tools,react,ale,ale,4,1,1,legal/agora_governance_classify_instance_1,0.0,0,2720508,603.1
tools,react,ale,ale,4,1,1,life_sciences/cell_tracking_instance_1,0.46327,0,766773,413.0
tools,react,ale,ale,4,1,1,life_sciences/cell_translocation_analysis,0.0,0,464092,456.9
tools,react,ale,ale,4,1,1,life_sciences/tcga_brca_deg_analysis,1.0,1,5693411,862.9
tools,react,ale,ale,4,1,1,physical_sciences/adapt_vqe_molecular_energy,1.0,1,797224,528.4
tools,react,ale,ale,4,1,1,physical_sciences/gillespie_gene_regulatory_network,0.0,0,281203,298.7
tools,react,ale,ale,4,1,1,physical_sciences/glm_lake_calibration,0.0,0,2196125,805.6
tools,react,ale,ale,4,1,1,physical_sciences/molecular_structure_plausibility,0.333333,0,198982,124.6
tools,react,ale,ale,4,1,1,physical_sciences/mose2_bse_absorption_soc,0.0,0,1874574,785.6
tools,react,ale,ale,4,1,1,psychology_neuro/scene2_resample,0.0,0,1390778,461.9
tools,react,ale,ale,4,1,1,transport_safety/abm_hangzhou_metro,0.0,0,519618,216.8
tools,react,ale,ale,4,1,2,business_finance/american_option_pricing_ls,0.5,0,1405756,1822.4
tools,react,ale,ale,4,1,2,business_finance/basel_operational_risk_bia_cn,0.0,0,383454,183.2
tools,react,ale,ale,4,1,2,business_finance/bpmn_supply_disruption_l3,0.0,0,1255993,604.3
tools,react,ale,ale,4,1,2,business_finance/digital_marketing_audience_segmentation_1,0.8667,0,281281,200.9
tools,react,ale,ale,4,1,2,business_finance/pe_screening_memo_1,0.85625,0,932905,305.4
tools,react,ale,ale,4,1,2,business_finance/sse_northbound_programmatic_trading_01,0.333333,0,354109,150.4
tools,react,ale,ale,4,1,2,computing_math/branch_bound_atsp,0.625,0,2763923,1189.3
tools,react,ale,ale,4,1,2,computing_math/cfr_game_theory_equilibrium,0.0,0,1164509,825.8
tools,react,ale,ale,4,1,2,computing_math/cost_optimization_1,0.661762,0,8350815,1386.7
tools,react,ale,ale,4,1,2,computing_math/ising_post_measurement_1,1.0,1,449113,282.2
tools,react,ale,ale,4,1,2,computing_math/k8s_payment_api_root_cause_analysis,0.697727,0,342192,183.2
tools,react,ale,ale,4,1,2,computing_math/recsys_cold_start_instance_1,0.166667,0,626027,351.5
tools,react,ale,ale,4,1,2,computing_math/synthetic_causal_structure_inference,0.140041,0,302748,130.6
tools,react,ale,ale,4,1,2,education_info/homework_grading_numerical_pdes_instance_02,0.760485,0,884282,403.2
tools,react,ale,ale,4,1,2,education_info/marc_remediation_folio_overlay,0.1,0,1473474,453.3
tools,react,ale,ale,4,1,2,education_info/moodle_gradebook_closeout_reconciliation,0.0,0,1379412,276.6
tools,react,ale,ale,4,1,2,engineering/aerospace_low_thrust_trajectory,0.0,0,740150,373.8
tools,react,ale,ale,4,1,2,health_medicine/crf_sdtm_mapping_4,0.433,0,3688881,624.3
tools,react,ale,ale,4,1,2,health_medicine/epidemiology_forecast,0.0,0,673628,351.4
tools,react,ale,ale,4,1,2,health_medicine/flusight_offline_hosp_forecast_2024_12_14,0.0,0,1396272,382.4
tools,react,ale,ale,4,1,2,health_medicine/healthcare_bias_audit_27a_public_replication_v1,0.0,0,4225495,1554.1
tools,react,ale,ale,4,1,2,health_medicine/nhanes_confounder_sensitivity_analysis,0.571153,0,1008867,311.4
tools,react,ale,ale,4,1,2,health_medicine/scene3_skullstrip_qc,1.0,1,261095,131.6
tools,react,ale,ale,4,1,2,legal/agora_governance_classify_instance_1,0.462963,0,1626235,362.0
tools,react,ale,ale,4,1,2,life_sciences/cell_tracking_instance_1,0.48472,0,1001099,522.7
tools,react,ale,ale,4,1,2,life_sciences/cell_translocation_analysis,0.0,0,956213,513.5
tools,react,ale,ale,4,1,2,life_sciences/tcga_brca_deg_analysis,0.0,0,1215777,621.9
tools,react,ale,ale,4,1,2,physical_sciences/adapt_vqe_molecular_energy,0.0,0,394049,369.3
tools,react,ale,ale,4,1,2,physical_sciences/gillespie_gene_regulatory_network,0.0,0,832917,829.2
tools,react,ale,ale,4,1,2,physical_sciences/glm_lake_calibration,0.0,0,4211637,1282.0
tools,react,ale,ale,4,1,2,physical_sciences/molecular_structure_plausibility,0.166667,0,401785,176.7
tools,react,ale,ale,4,1,2,physical_sciences/mose2_bse_absorption_soc,0.0,0,645739,1082.7
tools,react,ale,ale,4,1,2,psychology_neuro/scene2_resample,1.0,1,949248,413.9
tools,react,ale,ale,4,1,2,transport_safety/abm_hangzhou_metro,0.0,0,1029061,620.2
tools,react,ale,ale,4,1,3,business_finance/american_option_pricing_ls,0.5,0,299749,313.0
tools,react,ale,ale,4,1,3,business_finance/basel_operational_risk_bia_cn,0.0,0,472243,322.9
tools,react,ale,ale,4,1,3,business_finance/bpmn_supply_disruption_l3,0.5933,0,2517207,684.4
tools,react,ale,ale,4,1,3,business_finance/digital_marketing_audience_segmentation_1,0.7245,0,323108,180.5
tools,react,ale,ale,4,1,3,business_finance/pe_screening_memo_1,0.64375,0,595658,228.3
tools,react,ale,ale,4,1,3,business_finance/sse_northbound_programmatic_trading_01,0.333333,0,554478,160.8
tools,react,ale,ale,4,1,3,computing_math/branch_bound_atsp,0.0,0,695166,491.9
tools,react,ale,ale,4,1,3,computing_math/cfr_game_theory_equilibrium,0.0,0,6709351,1130.1
tools,react,ale,ale,4,1,3,computing_math/cost_optimization_1,0.0,0,988796,452.4
tools,react,ale,ale,4,1,3,computing_math/ising_post_measurement_1,0.0,0,349120,412.5
tools,react,ale,ale,4,1,3,computing_math/k8s_payment_api_root_cause_analysis,0.705,0,492410,357.1
tools,react,ale,ale,4,1,3,computing_math/recsys_cold_start_instance_1,0.833333,0,441888,304.1
tools,react,ale,ale,4,1,3,computing_math/synthetic_causal_structure_inference,0.262828,0,720281,357.1
tools,react,ale,ale,4,1,3,education_info/homework_grading_numerical_pdes_instance_02,0.661818,0,809470,263.1
tools,react,ale,ale,4,1,3,education_info/marc_remediation_folio_overlay,0.0,0,1473549,574.5
tools,react,ale,ale,4,1,3,education_info/moodle_gradebook_closeout_reconciliation,0.0,0,1771832,483.2
tools,react,ale,ale,4,1,3,engineering/aerospace_low_thrust_trajectory,0.0,0,1348234,498.3
tools,react,ale,ale,4,1,3,health_medicine/crf_sdtm_mapping_4,0.5144,0,2090458,503.3
tools,react,ale,ale,4,1,3,health_medicine/epidemiology_forecast,0.0,0,246100,181.0
tools,react,ale,ale,4,1,3,health_medicine/flusight_offline_hosp_forecast_2024_12_14,0.055454,0,194195,122.4
tools,react,ale,ale,4,1,3,health_medicine/healthcare_bias_audit_27a_public_replication_v1,0.0,0,960778,955.6
tools,react,ale,ale,4,1,3,health_medicine/nhanes_confounder_sensitivity_analysis,0.88125,0,277682,263.3
tools,react,ale,ale,4,1,3,health_medicine/scene3_skullstrip_qc,1.0,1,154074,104.7
tools,react,ale,ale,4,1,3,legal/agora_governance_classify_instance_1,0.0,0,2013131,572.5
tools,react,ale,ale,4,1,3,life_sciences/cell_tracking_instance_1,0.0,0,3079583,667.7
tools,react,ale,ale,4,1,3,life_sciences/cell_translocation_analysis,0.0,0,308622,401.6
tools,react,ale,ale,4,1,3,life_sciences/tcga_brca_deg_analysis,1.0,1,614347,188.0
tools,react,ale,ale,4,1,3,physical_sciences/adapt_vqe_molecular_energy,0.333333,0,881901,515.7
tools,react,ale,ale,4,1,3,physical_sciences/gillespie_gene_regulatory_network,0.0,0,1413688,606.4
tools,react,ale,ale,4,1,3,physical_sciences/glm_lake_calibration,0.0,0,2688800,2882.0
tools,react,ale,ale,4,1,3,physical_sciences/molecular_structure_plausibility,0.333333,0,281187,168.2
tools,react,ale,ale,4,1,3,physical_sciences/mose2_bse_absorption_soc,0.0,0,5856587,878.5
tools,react,ale,ale,4,1,3,psychology_neuro/scene2_resample,0.0,0,369304,280.0
tools,react,ale,ale,4,1,3,transport_safety/abm_hangzhou_metro,0.0,0,1471961,825.1
tools,react,ale,ale,4,2,1,computing_math/cp_test_gen_1,0.2,0,2048336,559.2
tools,react,ale,ale,4,2,1,computing_math/k3_abelian_extensions,0.0,0,552151,905.0
tools,react,ale,ale,4,2,1,engineering/mpc_control_building_v1,0.0,0,1958658,1035.1
tools,react,ale,ale,4,2,1,health_medicine/healthcare_variant_annotation_pipeline,0.999,0,413437,196.8
tools,react,ale,ale,4,2,2,computing_math/cp_test_gen_1,0.0,0,0,1577.3
tools,react,ale,ale,4,2,2,computing_math/k3_abelian_extensions,1.0,1,1307873,565.4
tools,react,ale,ale,4,2,2,engineering/mpc_control_building_v1,0.0,0,4821431,1226.7
tools,react,ale,ale,4,2,2,health_medicine/healthcare_variant_annotation_pipeline,1.0,1,988606,304.9
tools,react,ale,ale,4,2,3,computing_math/cp_test_gen_1,0.3,0,192632,196.2
tools,react,ale,ale,4,2,3,computing_math/k3_abelian_extensions,1.0,1,716637,573.2
tools,react,ale,ale,4,2,3,engineering/mpc_control_building_v1,0.0,0,4563033,825.3
tools,react,ale,ale,4,2,3,health_medicine/healthcare_variant_annotation_pipeline,0.794,0,4936248,861.2
tools,react,ale,ale,4,3,1,business_finance/digital_marketing_ab_test_analysis_1,0.0,0,334430,197.5
tools,react,ale,ale,4,3,1,life_sciences/tms_marrow_cell_type_annotation_instance_1,0.0,0,930287,694.7
tools,react,ale,ale,4,3,2,business_finance/digital_marketing_ab_test_analysis_1,0.0,0,648458,287.8
tools,react,ale,ale,4,3,2,life_sciences/tms_marrow_cell_type_annotation_instance_1,0.0,0,384019,188.3
tools,react,ale,ale,4,3,3,business_finance/digital_marketing_ab_test_analysis_1,1.0,1,372692,204.9
tools,react,ale,ale,4,3,3,life_sciences/tms_marrow_cell_type_annotation_instance_1,0.0,0,1374172,638.4
tools,react,ale,ale,4,4,1,business_finance/financial_stmt_reconstruction_aapl_fy2024,1.0,1,388525,175.3
tools,react,ale,ale,4,4,1,business_finance/sec_10k_financial_parsing,0.45,0,2325537,768.3
tools,react,ale,ale,4,4,1,engineering/openroad_sky130_ibex_pnr_signoff,0.0,0,425520,147.1
tools,react,ale,ale,4,4,1,health_medicine/prostate_imrt_matrad_reproduction,0.0,0,3593340,878.0
tools,react,ale,ale,4,4,1,health_medicine/wsi_tumor_localization_1,0.0,0,326251,200.8
tools,react,ale,ale,4,4,1,life_sciences/gene_expression_differential_analysis_functional_enrichment_analysis_1,0.0,0,1927804,690.0
tools,react,ale,ale,4,4,2,business_finance/financial_stmt_reconstruction_aapl_fy2024,1.0,1,535301,152.4
tools,react,ale,ale,4,4,2,business_finance/sec_10k_financial_parsing,0.0,0,1958228,1019.6
tools,react,ale,ale,4,4,2,engineering/openroad_sky130_ibex_pnr_signoff,0.0,0,389138,152.9
tools,react,ale,ale,4,4,2,health_medicine/prostate_imrt_matrad_reproduction,0.0,0,5888632,957.7
tools,react,ale,ale,4,4,2,health_medicine/wsi_tumor_localization_1,0.0,0,208729,203.3
tools,react,ale,ale,4,4,2,life_sciences/gene_expression_differential_analysis_functional_enrichment_analysis_1,0.0,0,0,753.5
tools,react,ale,ale,4,4,3,business_finance/financial_stmt_reconstruction_aapl_fy2024,1.0,1,1089829,198.3
tools,react,ale,ale,4,4,3,business_finance/sec_10k_financial_parsing,0.0,0,1999059,758.2
tools,react,ale,ale,4,4,3,engineering/openroad_sky130_ibex_pnr_signoff,0.0,0,1274678,295.5
tools,react,ale,ale,4,4,3,health_medicine/prostate_imrt_matrad_reproduction,0.0,0,4439851,678.4
tools,react,ale,ale,4,4,3,health_medicine/wsi_tumor_localization_1,0.265604,0,436743,544.5
tools,react,ale,ale,4,4,3,life_sciences/gene_expression_differential_analysis_functional_enrichment_analysis_1,0.0,0,0,1040.1
tools,react,ale,ale,5,1,1,business_finance/american_option_pricing_ls,0.0,0,1747987,701.5
tools,react,ale,ale,5,1,1,business_finance/basel_operational_risk_bia_cn,0.0,0,518154,343.2
tools,react,ale,ale,5,1,1,business_finance/bpmn_supply_disruption_l3,0.0,0,1418689,775.7
tools,react,ale,ale,5,1,1,business_finance/digital_marketing_audience_segmentation_1,0.9042,0,245998,162.9
tools,react,ale,ale,5,1,1,business_finance/pe_screening_memo_1,0.640625,0,881033,349.2
tools,react,ale,ale,5,1,1,business_finance/sse_northbound_programmatic_trading_01,0.333333,0,440195,132.0
tools,react,ale,ale,5,1,1,computing_math/branch_bound_atsp,0.95,0,2782023,2235.7
tools,react,ale,ale,5,1,1,computing_math/cfr_game_theory_equilibrium,0.33,0,1293192,787.7
tools,react,ale,ale,5,1,1,computing_math/cost_optimization_1,0.678797,0,489509,301.0
tools,react,ale,ale,5,1,1,computing_math/ising_post_measurement_1,1.0,1,495137,274.2
tools,react,ale,ale,5,1,1,computing_math/k8s_payment_api_root_cause_analysis,0.713889,0,112971,140.8
tools,react,ale,ale,5,1,1,computing_math/recsys_cold_start_instance_1,0.5,0,349543,395.2
tools,react,ale,ale,5,1,1,computing_math/synthetic_causal_structure_inference,0.340622,0,481454,211.3
tools,react,ale,ale,5,1,1,education_info/homework_grading_numerical_pdes_instance_02,0.631636,0,1106984,465.5
tools,react,ale,ale,5,1,1,education_info/marc_remediation_folio_overlay,0.0,0,2612393,666.1
tools,react,ale,ale,5,1,1,education_info/moodle_gradebook_closeout_reconciliation,0.0,0,3453417,931.7
tools,react,ale,ale,5,1,1,engineering/aerospace_low_thrust_trajectory,0.0,0,1462546,383.7
tools,react,ale,ale,5,1,1,health_medicine/crf_sdtm_mapping_4,0.0,0,1034655,282.3
tools,react,ale,ale,5,1,1,health_medicine/epidemiology_forecast,1.0,1,456807,243.0
tools,react,ale,ale,5,1,1,health_medicine/flusight_offline_hosp_forecast_2024_12_14,0.152537,0,446310,182.7
tools,react,ale,ale,5,1,1,health_medicine/healthcare_bias_audit_27a_public_replication_v1,0.0,0,2915834,884.4
tools,react,ale,ale,5,1,1,health_medicine/nhanes_confounder_sensitivity_analysis,0.562861,0,556842,302.0
tools,react,ale,ale,5,1,1,health_medicine/scene3_skullstrip_qc,1.0,1,250187,163.7
tools,react,ale,ale,5,1,1,legal/agora_governance_classify_instance_1,0.410541,0,5536524,684.5
tools,react,ale,ale,5,1,1,life_sciences/cell_tracking_instance_1,0.461368,0,855509,376.2
tools,react,ale,ale,5,1,1,life_sciences/cell_translocation_analysis,0.0,0,464802,521.5
tools,react,ale,ale,5,1,1,life_sciences/tcga_brca_deg_analysis,0.0,0,673919,970.9
tools,react,ale,ale,5,1,1,physical_sciences/adapt_vqe_molecular_energy,0.333333,0,579834,855.1
tools,react,ale,ale,5,1,1,physical_sciences/gillespie_gene_regulatory_network,0.5,0,3325441,1274.3
tools,react,ale,ale,5,1,1,physical_sciences/glm_lake_calibration,0.0,0,2586115,565.8
tools,react,ale,ale,5,1,1,physical_sciences/molecular_structure_plausibility,0.5,0,446703,205.5
tools,react,ale,ale,5,1,1,physical_sciences/mose2_bse_absorption_soc,0.0,0,2164993,490.0
tools,react,ale,ale,5,1,1,psychology_neuro/scene2_resample,0.0,0,843343,329.7
tools,react,ale,ale,5,1,1,transport_safety/abm_hangzhou_metro,0.0,0,1020708,764.5
tools,react,ale,ale,5,1,2,business_finance/american_option_pricing_ls,0.5,0,1383382,668.4
tools,react,ale,ale,5,1,2,business_finance/basel_operational_risk_bia_cn,0.0,0,953563,334.4
tools,react,ale,ale,5,1,2,business_finance/bpmn_supply_disruption_l3,0.0,0,2837434,755.6
tools,react,ale,ale,5,1,2,business_finance/digital_marketing_audience_segmentation_1,0.9167,0,289166,172.5
tools,react,ale,ale,5,1,2,business_finance/pe_screening_memo_1,0.7625,0,901090,249.2
tools,react,ale,ale,5,1,2,business_finance/sse_northbound_programmatic_trading_01,0.0,0,1047288,1501.8
tools,react,ale,ale,5,1,2,computing_math/branch_bound_atsp,0.8125,0,3756026,1380.3
tools,react,ale,ale,5,1,2,computing_math/cfr_game_theory_equilibrium,0.67,0,2950611,998.6
tools,react,ale,ale,5,1,2,computing_math/cost_optimization_1,0.660928,0,878611,454.0
tools,react,ale,ale,5,1,2,computing_math/ising_post_measurement_1,0.0,0,535602,301.2
tools,react,ale,ale,5,1,2,computing_math/k8s_payment_api_root_cause_analysis,0.73,0,228752,151.1
tools,react,ale,ale,5,1,2,computing_math/recsys_cold_start_instance_1,0.333333,0,16467782,1320.9
tools,react,ale,ale,5,1,2,computing_math/synthetic_causal_structure_inference,0.298057,0,910143,2091.8
tools,react,ale,ale,5,1,2,education_info/homework_grading_numerical_pdes_instance_02,0.718485,0,1036174,404.1
tools,react,ale,ale,5,1,2,education_info/marc_remediation_folio_overlay,0.1,0,1670341,555.2
tools,react,ale,ale,5,1,2,education_info/moodle_gradebook_closeout_reconciliation,0.0,0,2874570,697.9
tools,react,ale,ale,5,1,2,engineering/aerospace_low_thrust_trajectory,0.0,0,522061,273.0
tools,react,ale,ale,5,1,2,health_medicine/crf_sdtm_mapping_4,0.0,0,1773693,595.1
tools,react,ale,ale,5,1,2,health_medicine/epidemiology_forecast,0.0,0,1145170,596.9
tools,react,ale,ale,5,1,2,health_medicine/flusight_offline_hosp_forecast_2024_12_14,0.472561,0,411315,153.3
tools,react,ale,ale,5,1,2,health_medicine/healthcare_bias_audit_27a_public_replication_v1,0.0,0,3664829,872.2
tools,react,ale,ale,5,1,2,health_medicine/nhanes_confounder_sensitivity_analysis,0.546153,0,822739,334.7
tools,react,ale,ale,5,1,2,health_medicine/scene3_skullstrip_qc,1.0,1,814191,205.1
tools,react,ale,ale,5,1,2,legal/agora_governance_classify_instance_1,0.484046,0,3001732,675.9
tools,react,ale,ale,5,1,2,life_sciences/cell_tracking_instance_1,0.0,0,1968548,830.1
tools,react,ale,ale,5,1,2,life_sciences/cell_translocation_analysis,0.0,0,225108,408.8
tools,react,ale,ale,5,1,2,life_sciences/tcga_brca_deg_analysis,1.0,1,1294248,387.1
tools,react,ale,ale,5,1,2,physical_sciences/adapt_vqe_molecular_energy,0.0,0,1162252,837.1
tools,react,ale,ale,5,1,2,physical_sciences/gillespie_gene_regulatory_network,0.0,0,305413,298.4
tools,react,ale,ale,5,1,2,physical_sciences/glm_lake_calibration,0.0,0,3783067,703.1
tools,react,ale,ale,5,1,2,physical_sciences/molecular_structure_plausibility,0.222222,0,321758,146.8
tools,react,ale,ale,5,1,2,physical_sciences/mose2_bse_absorption_soc,0.0,0,2779477,614.0
tools,react,ale,ale,5,1,2,psychology_neuro/scene2_resample,0.0,0,550429,348.7
tools,react,ale,ale,5,1,2,transport_safety/abm_hangzhou_metro,0.0,0,613217,331.6
tools,react,ale,ale,5,1,3,business_finance/american_option_pricing_ls,0.0,0,1296350,463.2
tools,react,ale,ale,5,1,3,business_finance/basel_operational_risk_bia_cn,0.0,0,872302,423.1
tools,react,ale,ale,5,1,3,business_finance/bpmn_supply_disruption_l3,0.0,0,1726136,717.8
tools,react,ale,ale,5,1,3,business_finance/digital_marketing_audience_segmentation_1,0.8667,0,671147,1130.1
tools,react,ale,ale,5,1,3,business_finance/pe_screening_memo_1,0.7875,0,942539,290.1
tools,react,ale,ale,5,1,3,business_finance/sse_northbound_programmatic_trading_01,0.0,0,1714466,254.0
tools,react,ale,ale,5,1,3,computing_math/branch_bound_atsp,0.0,0,1595395,677.3
tools,react,ale,ale,5,1,3,computing_math/cfr_game_theory_equilibrium,0.0,0,1439255,767.1
tools,react,ale,ale,5,1,3,computing_math/cost_optimization_1,0.659874,0,1417855,433.1
tools,react,ale,ale,5,1,3,computing_math/ising_post_measurement_1,0.0,0,265135,254.0
tools,react,ale,ale,5,1,3,computing_math/k8s_payment_api_root_cause_analysis,0.713889,0,431916,281.3
tools,react,ale,ale,5,1,3,computing_math/recsys_cold_start_instance_1,0.333333,0,469803,438.3
tools,react,ale,ale,5,1,3,computing_math/synthetic_causal_structure_inference,0.308868,0,384712,282.3
tools,react,ale,ale,5,1,3,education_info/homework_grading_numerical_pdes_instance_02,0.733152,0,1168006,514.0
tools,react,ale,ale,5,1,3,education_info/marc_remediation_folio_overlay,0.0,0,2784439,938.9
tools,react,ale,ale,5,1,3,education_info/moodle_gradebook_closeout_reconciliation,0.0,0,2119507,345.0
tools,react,ale,ale,5,1,3,engineering/aerospace_low_thrust_trajectory,0.0,0,1064709,451.9
tools,react,ale,ale,5,1,3,health_medicine/crf_sdtm_mapping_4,0.4354,0,1575006,383.5
tools,react,ale,ale,5,1,3,health_medicine/epidemiology_forecast,0.0,0,311093,222.9
tools,react,ale,ale,5,1,3,health_medicine/flusight_offline_hosp_forecast_2024_12_14,0.72844,0,356984,211.9
tools,react,ale,ale,5,1,3,health_medicine/healthcare_bias_audit_27a_public_replication_v1,0.0,0,5745686,1310.8
tools,react,ale,ale,5,1,3,health_medicine/nhanes_confounder_sensitivity_analysis,0.57118,0,430112,241.3
tools,react,ale,ale,5,1,3,health_medicine/scene3_skullstrip_qc,1.0,1,1166697,251.1
tools,react,ale,ale,5,1,3,legal/agora_governance_classify_instance_1,0.0,0,11290314,1018.1
tools,react,ale,ale,5,1,3,life_sciences/cell_tracking_instance_1,0.439567,0,556544,313.1
tools,react,ale,ale,5,1,3,life_sciences/cell_translocation_analysis,0.0,0,438561,456.1
tools,react,ale,ale,5,1,3,life_sciences/tcga_brca_deg_analysis,0.0,0,855066,446.6
tools,react,ale,ale,5,1,3,physical_sciences/adapt_vqe_molecular_energy,0.333333,0,864274,531.8
tools,react,ale,ale,5,1,3,physical_sciences/gillespie_gene_regulatory_network,0.0,0,288151,276.2
tools,react,ale,ale,5,1,3,physical_sciences/glm_lake_calibration,0.0,0,3564009,755.7
tools,react,ale,ale,5,1,3,physical_sciences/molecular_structure_plausibility,0.133333,0,431457,172.3
tools,react,ale,ale,5,1,3,physical_sciences/mose2_bse_absorption_soc,0.0,0,6686037,1060.3
tools,react,ale,ale,5,1,3,psychology_neuro/scene2_resample,0.0,0,809965,413.9
tools,react,ale,ale,5,1,3,transport_safety/abm_hangzhou_metro,0.0,0,690255,474.4
tools,react,ale,ale,5,2,1,computing_math/cp_test_gen_1,0.0,0,841756,439.6
tools,react,ale,ale,5,2,1,computing_math/k3_abelian_extensions,1.0,1,1342520,607.1
tools,react,ale,ale,5,2,1,engineering/mpc_control_building_v1,0.0,0,4993769,583.8
tools,react,ale,ale,5,2,1,health_medicine/healthcare_variant_annotation_pipeline,1.0,1,324102,186.5
tools,react,ale,ale,5,2,2,computing_math/cp_test_gen_1,0.4,0,1109148,472.9
tools,react,ale,ale,5,2,2,computing_math/k3_abelian_extensions,1.0,1,672547,285.4
tools,react,ale,ale,5,2,2,engineering/mpc_control_building_v1,0.0,0,2652369,923.3
tools,react,ale,ale,5,2,2,health_medicine/healthcare_variant_annotation_pipeline,1.0,1,212803,195.3
tools,react,ale,ale,5,2,3,computing_math/cp_test_gen_1,0.2,0,225663,190.9
tools,react,ale,ale,5,2,3,computing_math/k3_abelian_extensions,1.0,1,949503,978.0
tools,react,ale,ale,5,2,3,engineering/mpc_control_building_v1,0.0,0,3203912,391.1
tools,react,ale,ale,5,2,3,health_medicine/healthcare_variant_annotation_pipeline,0.999,0,309624,139.8
tools,react,ale,ale,5,3,1,business_finance/digital_marketing_ab_test_analysis_1,0.0,0,309701,146.1
tools,react,ale,ale,5,3,1,life_sciences/tms_marrow_cell_type_annotation_instance_1,0.0,0,523730,313.0
tools,react,ale,ale,5,3,2,business_finance/digital_marketing_ab_test_analysis_1,1.0,1,1200072,276.1
tools,react,ale,ale,5,3,2,life_sciences/tms_marrow_cell_type_annotation_instance_1,0.0,0,1179216,327.4
tools,react,ale,ale,5,3,3,business_finance/digital_marketing_ab_test_analysis_1,0.0,0,1015576,466.8
tools,react,ale,ale,5,3,3,life_sciences/tms_marrow_cell_type_annotation_instance_1,0.0,0,501063,328.3
tools,react,ale,ale,5,4,1,business_finance/financial_stmt_reconstruction_aapl_fy2024,1.0,1,242925,91.8
tools,react,ale,ale,5,4,1,business_finance/sec_10k_financial_parsing,0.0,0,1474230,777.6
tools,react,ale,ale,5,4,1,engineering/openroad_sky130_ibex_pnr_signoff,0.0,0,925685,211.7
tools,react,ale,ale,5,4,1,health_medicine/prostate_imrt_matrad_reproduction,0.0,0,4124521,705.9
tools,react,ale,ale,5,4,1,health_medicine/wsi_tumor_localization_1,0.0,0,351313,201.2
tools,react,ale,ale,5,4,1,life_sciences/gene_expression_differential_analysis_functional_enrichment_analysis_1,0.0,0,0,1313.0
tools,react,ale,ale,5,4,2,business_finance/financial_stmt_reconstruction_aapl_fy2024,1.0,1,1038391,355.9
tools,react,ale,ale,5,4,2,business_finance/sec_10k_financial_parsing,0.4596,0,3127883,644.9
tools,react,ale,ale,5,4,2,engineering/openroad_sky130_ibex_pnr_signoff,0.0,0,376851,135.6
tools,react,ale,ale,5,4,2,health_medicine/prostate_imrt_matrad_reproduction,0.0,0,9553334,1274.9
tools,react,ale,ale,5,4,2,health_medicine/wsi_tumor_localization_1,0.0,0,472342,217.6
tools,react,ale,ale,5,4,2,life_sciences/gene_expression_differential_analysis_functional_enrichment_analysis_1,0.0,0,0,619.9
tools,react,ale,ale,5,4,3,business_finance/financial_stmt_reconstruction_aapl_fy2024,1.0,1,819743,265.7
tools,react,ale,ale,5,4,3,business_finance/sec_10k_financial_parsing,0.0,0,1633606,529.0
tools,react,ale,ale,5,4,3,engineering/openroad_sky130_ibex_pnr_signoff,0.0,0,1286373,245.6
tools,react,ale,ale,5,4,3,health_medicine/prostate_imrt_matrad_reproduction,0.0,0,2585808,383.1
tools,react,ale,ale,5,4,3,health_medicine/wsi_tumor_localization_1,0.0,0,719761,234.6
tools,react,ale,ale,5,4,3,life_sciences/gene_expression_differential_analysis_functional_enrichment_analysis_1,0.0,0,0,1000.8
tools,react,ale,ale,5,5,1,business_finance/legal_ma_consistency_audit_01,0.0,0,2001090,219.2
tools,react,ale,ale,5,5,1,computing_math/clustered_cyclic_code_circuit_level_simulation,0.0,0,401083,854.0
tools,react,ale,ale,5,5,1,computing_math/data_pipeline_etl_instance_1,0.5,0,634664,414.5
tools,react,ale,ale,5,5,1,computing_math/k8s_migration_1,0.0,0,575878,229.7
tools,react,ale,ale,5,5,1,engineering/humanoid_wbc_policy_evaluation,0.0,0,2339848,2863.0
tools,react,ale,ale,5,5,1,health_medicine/healthcare_sap_group_sequential_nsclc,0.3,0,967444,369.8
tools,react,ale,ale,5,5,1,health_medicine/healthcare_tcga_luad_survival_kras,0.0,0,2244039,629.6
tools,react,ale,ale,5,5,1,health_medicine/ltmle_targeted_bootstrap_simulation_study,0.0,0,2488260,350.9
tools,react,ale,ale,5,5,1,health_medicine/public_health_mask_mandate_ratio,0.0,0,1665352,1768.7
tools,react,ale,ale,5,5,1,health_medicine/replicate_paper_1,0.0,0,524201,588.9
tools,react,ale,ale,5,5,1,life_sciences/hg002_chr22_germline_variant_pipeline,0.0,0,3561698,533.4
tools,react,ale,ale,5,5,1,life_sciences/idp_ensemble_scoring,0.15,0,2807246,936.7
tools,react,ale,ale,5,5,1,life_sciences/rgi_mcr1_colistin_v2,1.0,1,850556,352.9
tools,react,ale,ale,5,5,1,physical_sciences/climate_prediction,0.4462,0,328123,1004.7
tools,react,ale,ale,5,5,1,social_sciences/atwood_2022_measles_vaccine_reproduction,1.0,1,631553,197.7
tools,react,ale,ale,5,5,1,transport_safety/capacitated_vehicle_routing_problems,1.0,1,1465816,575.7
tools,react,ale,ale,5,5,1,transport_safety/fds_single_compartment_detector_reconstruction,0.0,0,609003,580.8
tools,react,ale,ale,5,5,2,business_finance/legal_ma_consistency_audit_01,0.0,0,2327207,406.3
tools,react,ale,ale,5,5,2,computing_math/clustered_cyclic_code_circuit_level_simulation,0.0,0,2351676,679.1
tools,react,ale,ale,5,5,2,computing_math/data_pipeline_etl_instance_1,0.833333,0,1399542,464.8
tools,react,ale,ale,5,5,2,computing_math/k8s_migration_1,0.679167,0,871229,240.1
tools,react,ale,ale,5,5,2,engineering/humanoid_wbc_policy_evaluation,0.0,0,2201763,420.3
tools,react,ale,ale,5,5,2,health_medicine/healthcare_sap_group_sequential_nsclc,0.0,0,715127,580.0
tools,react,ale,ale,5,5,2,health_medicine/healthcare_tcga_luad_survival_kras,0.0,0,1469801,2109.6
tools,react,ale,ale,5,5,2,health_medicine/ltmle_targeted_bootstrap_simulation_study,0.0,0,6077689,709.7
tools,react,ale,ale,5,5,2,health_medicine/public_health_mask_mandate_ratio,0.333333,0,1172576,1239.7
tools,react,ale,ale,5,5,2,health_medicine/replicate_paper_1,1.0,1,1823275,517.9
tools,react,ale,ale,5,5,2,life_sciences/hg002_chr22_germline_variant_pipeline,0.0,0,873570,310.5
tools,react,ale,ale,5,5,2,life_sciences/idp_ensemble_scoring,0.0,0,2282538,1204.2
tools,react,ale,ale,5,5,2,life_sciences/rgi_mcr1_colistin_v2,1.0,1,616408,596.5
tools,react,ale,ale,5,5,2,physical_sciences/climate_prediction,0.4462,0,417774,1021.3
tools,react,ale,ale,5,5,2,social_sciences/atwood_2022_measles_vaccine_reproduction,1.0,1,988704,290.7
tools,react,ale,ale,5,5,2,transport_safety/capacitated_vehicle_routing_problems,0.67,0,1475967,506.4
tools,react,ale,ale,5,5,2,transport_safety/fds_single_compartment_detector_reconstruction,0.0,0,261878,198.6
tools,react,ale,ale,5,5,3,business_finance/legal_ma_consistency_audit_01,0.0,0,1404536,228.8
tools,react,ale,ale,5,5,3,computing_math/clustered_cyclic_code_circuit_level_simulation,0.0,0,738885,945.4
tools,react,ale,ale,5,5,3,computing_math/data_pipeline_etl_instance_1,0.5,0,400908,179.9
tools,react,ale,ale,5,5,3,computing_math/k8s_migration_1,0.429167,0,1974924,381.1
tools,react,ale,ale,5,5,3,engineering/humanoid_wbc_policy_evaluation,0.0,0,1244981,460.5
tools,react,ale,ale,5,5,3,health_medicine/healthcare_sap_group_sequential_nsclc,0.3,0,670126,368.7
tools,react,ale,ale,5,5,3,health_medicine/healthcare_tcga_luad_survival_kras,0.0,0,1851911,1067.7
tools,react,ale,ale,5,5,3,health_medicine/ltmle_targeted_bootstrap_simulation_study,0.0,0,1396069,378.8
tools,react,ale,ale,5,5,3,health_medicine/public_health_mask_mandate_ratio,0.333333,0,3402860,891.8
tools,react,ale,ale,5,5,3,health_medicine/replicate_paper_1,1.0,1,266101,179.9
tools,react,ale,ale,5,5,3,life_sciences/hg002_chr22_germline_variant_pipeline,0.0,0,1563669,380.6
tools,react,ale,ale,5,5,3,life_sciences/idp_ensemble_scoring,0.0,0,1737453,1062.3
tools,react,ale,ale,5,5,3,life_sciences/rgi_mcr1_colistin_v2,1.0,1,536814,188.5
tools,react,ale,ale,5,5,3,physical_sciences/climate_prediction,0.4464,0,746118,1039.9
tools,react,ale,ale,5,5,3,social_sciences/atwood_2022_measles_vaccine_reproduction,1.0,1,890063,220.4
tools,react,ale,ale,5,5,3,transport_safety/capacitated_vehicle_routing_problems,1.0,1,847665,350.3
tools,react,ale,ale,5,5,3,transport_safety/fds_single_compartment_detector_reconstruction,0.0,0,276259,260.0
tools,react,eog,calendar,1,1,1,task_20251124_112741_995_0a0bf089_3906a767,0.8,0,130125,142.8
tools,react,eog,calendar,1,1,1,task_20251128_220140_863_df2c536d_4aa7dcfd,0.666667,0,83985,130.3
tools,react,eog,calendar,1,1,1,task_20251130_105156_866_0a0bf089_eef6d2ed,0.25,0,131679,133.0
tools,react,eog,calendar,1,1,1,task_20251203_080219_432_6f5b66fc_03eb353c,0.8,0,93881,226.4
tools,react,eog,calendar,1,1,1,task_20251203_091910_549_bca89e7d_de59e44a,0.666667,0,150872,365.5
tools,react,eog,calendar,1,1,1,task_20251203_142634_160_bca89e7d_193f597f,0.8,0,90949,238.3
tools,react,eog,calendar,1,1,1,task_20251203_142725_377_6f5b66fc_c990483e,1.0,1,67368,153.2
tools,react,eog,calendar,1,1,1,task_20251205_032409_945_0a0bf089_61f5be29,0.0,0,28427,114.0
tools,react,eog,calendar,1,1,1,task_20260102_175948_337_6f5b66fc_f9bfbf1d,0.666667,0,53173,199.0
tools,react,eog,calendar,1,1,1,task_20260104_192853_372_6f5b66fc_12ceda34,0.333333,0,84449,194.6
tools,react,eog,calendar,1,1,1,task_20260104_205924_379_e0ac0c6d_cec96398,0.666667,0,106356,136.8
tools,react,eog,calendar,1,1,1,task_20260105_074654_229_bca89e7d_39d9c8ac,1.0,1,134019,289.9
tools,react,eog,calendar,1,1,1,task_20260105_124102_961_e0ac0c6d_0b196906,1.0,1,46770,59.0
tools,react,eog,calendar,1,1,1,task_20260105_140440_086_e0ac0c6d_27ecac16,1.0,1,47784,80.8
tools,react,eog,calendar,1,1,1,task_20260105_163511_384_79b3b025_1ff6d0c6,1.0,1,71855,140.2
tools,react,eog,calendar,1,1,1,task_20260105_212045_832_e0ac0c6d_84c7f524,0.833333,0,47592,82.6
tools,react,eog,calendar,1,1,1,task_20260105_221239_098_e0ac0c6d_f5f338f3,1.0,1,46580,74.2
tools,react,eog,calendar,1,1,1,task_20260105_222434_398_79b3b025_ccd9b889,0.75,0,130894,199.3
tools,react,eog,calendar,1,1,1,task_20260106_103319_873_baf0b358_69ce7445,1.0,1,144547,226.3
tools,react,eog,calendar,1,1,1,task_20260106_114228_782_79b3b025_b556c84d,1.0,1,155745,245.6
tools,react,eog,calendar,1,1,1,task_20260106_152415_149_6f5b66fc_aad3df17,1.0,1,130333,324.3
tools,react,eog,calendar,1,1,1,task_20260106_170952_179_e0ac0c6d_791fba5e,1.0,1,47596,89.1
tools,react,eog,calendar,1,1,1,task_20260107_144751_333_79b3b025_92bfb77e,0.857143,0,155432,326.5
tools,react,eog,calendar,1,1,1,task_20260107_193032_599_e0ac0c6d_403469c5,1.0,1,47445,79.0
tools,react,eog,calendar,1,1,1,task_20260108_182727_772_4608325d_60b7f5d9,0.666667,0,127615,224.0
tools,react,eog,calendar,1,1,1,task_20260121_144251_116_38405923_9438dabd,0.0,0,103953,135.5
tools,react,eog,calendar,1,1,1,task_20260121_161936_323_cbcf38f8_50ccd164,0.0,0,86992,281.0
tools,react,eog,calendar,1,1,1,task_20260121_171247_475_cbcf38f8_c0a86487,0.5,0,109312,149.2
tools,react,eog,calendar,1,1,1,task_20260122_024556_370_38405923_1a174d84,0.833333,0,62769,90.7
tools,react,eog,calendar,1,1,2,task_20251124_112741_995_0a0bf089_3906a767,0.8,0,85279,84.7
tools,react,eog,calendar,1,1,2,task_20251128_220140_863_df2c536d_4aa7dcfd,0.666667,0,133469,120.4
tools,react,eog,calendar,1,1,2,task_20251130_105156_866_0a0bf089_eef6d2ed,0.25,0,131850,92.4
tools,react,eog,calendar,1,1,2,task_20251203_080219_432_6f5b66fc_03eb353c,0.8,0,127647,181.5
tools,react,eog,calendar,1,1,2,task_20251203_091910_549_bca89e7d_de59e44a,0.666667,0,150482,222.1
tools,react,eog,calendar,1,1,2,task_20251203_142634_160_bca89e7d_193f597f,0.8,0,113021,235.2
tools,react,eog,calendar,1,1,2,task_20251203_142725_377_6f5b66fc_c990483e,0.333333,0,137236,192.9
tools,react,eog,calendar,1,1,2,task_20251205_032409_945_0a0bf089_61f5be29,0.0,0,29877,68.2
tools,react,eog,calendar,1,1,2,task_20260102_175948_337_6f5b66fc_f9bfbf1d,1.0,1,70938,113.3
tools,react,eog,calendar,1,1,2,task_20260104_192853_372_6f5b66fc_12ceda34,0.333333,0,48381,97.9
tools,react,eog,calendar,1,1,2,task_20260104_205924_379_e0ac0c6d_cec96398,0.666667,0,90663,106.1
tools,react,eog,calendar,1,1,2,task_20260105_074654_229_bca89e7d_39d9c8ac,0.833333,0,71821,154.1
tools,react,eog,calendar,1,1,2,task_20260105_124102_961_e0ac0c6d_0b196906,1.0,1,48390,74.8
tools,react,eog,calendar,1,1,2,task_20260105_140440_086_e0ac0c6d_27ecac16,1.0,1,46948,56.9
tools,react,eog,calendar,1,1,2,task_20260105_163511_384_79b3b025_1ff6d0c6,1.0,1,88526,134.6
tools,react,eog,calendar,1,1,2,task_20260105_212045_832_e0ac0c6d_84c7f524,0.833333,0,48270,97.8
tools,react,eog,calendar,1,1,2,task_20260105_221239_098_e0ac0c6d_f5f338f3,1.0,1,48399,96.0
tools,react,eog,calendar,1,1,2,task_20260105_222434_398_79b3b025_ccd9b889,0.75,0,111227,163.6
tools,react,eog,calendar,1,1,2,task_20260106_103319_873_baf0b358_69ce7445,1.0,1,166547,161.6
tools,react,eog,calendar,1,1,2,task_20260106_114228_782_79b3b025_b556c84d,1.0,1,109449,133.6
tools,react,eog,calendar,1,1,2,task_20260106_152415_149_6f5b66fc_aad3df17,1.0,1,106051,201.9
tools,react,eog,calendar,1,1,2,task_20260106_170952_179_e0ac0c6d_791fba5e,1.0,1,48647,101.3
tools,react,eog,calendar,1,1,2,task_20260107_144751_333_79b3b025_92bfb77e,0.857143,0,125368,199.7
tools,react,eog,calendar,1,1,2,task_20260107_193032_599_e0ac0c6d_403469c5,1.0,1,46806,66.9
tools,react,eog,calendar,1,1,2,task_20260108_182727_772_4608325d_60b7f5d9,0.666667,0,127712,185.4
tools,react,eog,calendar,1,1,2,task_20260121_144251_116_38405923_9438dabd,0.0,0,130235,141.1
tools,react,eog,calendar,1,1,2,task_20260121_161936_323_cbcf38f8_50ccd164,0.0,0,67469,102.4
tools,react,eog,calendar,1,1,2,task_20260121_171247_475_cbcf38f8_c0a86487,0.5,0,107087,102.5
tools,react,eog,calendar,1,1,2,task_20260122_024556_370_38405923_1a174d84,1.0,1,116062,67.0
tools,react,eog,calendar,1,1,3,task_20251124_112741_995_0a0bf089_3906a767,0.8,0,144866,97.7
tools,react,eog,calendar,1,1,3,task_20251128_220140_863_df2c536d_4aa7dcfd,0.666667,0,117300,143.1
tools,react,eog,calendar,1,1,3,task_20251130_105156_866_0a0bf089_eef6d2ed,0.25,0,131748,98.1
tools,react,eog,calendar,1,1,3,task_20251203_080219_432_6f5b66fc_03eb353c,0.8,0,109625,250.9
tools,react,eog,calendar,1,1,3,task_20251203_091910_549_bca89e7d_de59e44a,0.666667,0,149542,319.0
tools,react,eog,calendar,1,1,3,task_20251203_142634_160_bca89e7d_193f597f,0.8,0,139994,290.4
tools,react,eog,calendar,1,1,3,task_20251203_142725_377_6f5b66fc_c990483e,0.666667,0,98983,241.8
tools,react,eog,calendar,1,1,3,task_20251205_032409_945_0a0bf089_61f5be29,0.0,0,29336,57.2
tools,react,eog,calendar,1,1,3,task_20260102_175948_337_6f5b66fc_f9bfbf1d,1.0,1,70943,114.4
tools,react,eog,calendar,1,1,3,task_20260104_192853_372_6f5b66fc_12ceda34,0.333333,0,47034,111.8
tools,react,eog,calendar,1,1,3,task_20260104_205924_379_e0ac0c6d_cec96398,0.5,0,125838,170.7
tools,react,eog,calendar,1,1,3,task_20260105_074654_229_bca89e7d_39d9c8ac,1.0,1,203357,289.0
tools,react,eog,calendar,1,1,3,task_20260105_124102_961_e0ac0c6d_0b196906,1.0,1,65523,118.7
tools,react,eog,calendar,1,1,3,task_20260105_140440_086_e0ac0c6d_27ecac16,1.0,1,48187,96.1
tools,react,eog,calendar,1,1,3,task_20260105_163511_384_79b3b025_1ff6d0c6,1.0,1,72576,121.1
tools,react,eog,calendar,1,1,3,task_20260105_212045_832_e0ac0c6d_84c7f524,0.833333,0,48027,82.6
tools,react,eog,calendar,1,1,3,task_20260105_221239_098_e0ac0c6d_f5f338f3,1.0,1,48175,85.3
tools,react,eog,calendar,1,1,3,task_20260105_222434_398_79b3b025_ccd9b889,0.75,0,131077,219.9
tools,react,eog,calendar,1,1,3,task_20260106_103319_873_baf0b358_69ce7445,1.0,1,166950,167.8
tools,react,eog,calendar,1,1,3,task_20260106_114228_782_79b3b025_b556c84d,1.0,1,111659,172.7
tools,react,eog,calendar,1,1,3,task_20260106_152415_149_6f5b66fc_aad3df17,1.0,1,68354,147.7
tools,react,eog,calendar,1,1,3,task_20260106_170952_179_e0ac0c6d_791fba5e,1.0,1,47479,63.5
tools,react,eog,calendar,1,1,3,task_20260107_144751_333_79b3b025_92bfb77e,0.857143,0,79485,174.0
tools,react,eog,calendar,1,1,3,task_20260107_193032_599_e0ac0c6d_403469c5,1.0,1,46438,58.4
tools,react,eog,calendar,1,1,3,task_20260108_182727_772_4608325d_60b7f5d9,0.666667,0,107444,164.1
tools,react,eog,calendar,1,1,3,task_20260121_144251_116_38405923_9438dabd,0.0,0,60728,71.2
tools,react,eog,calendar,1,1,3,task_20260121_161936_323_cbcf38f8_50ccd164,0.0,0,88733,188.5
tools,react,eog,calendar,1,1,3,task_20260121_171247_475_cbcf38f8_c0a86487,0.5,0,126108,131.1
tools,react,eog,calendar,1,1,3,task_20260122_024556_370_38405923_1a174d84,0.833333,0,63297,115.9
tools,react,eog,calendar,2,1,1,task_20251124_112741_995_0a0bf089_3906a767,0.8,0,117573,134.4
tools,react,eog,calendar,2,1,1,task_20251128_220140_863_df2c536d_4aa7dcfd,0.666667,0,169746,175.8
tools,react,eog,calendar,2,1,1,task_20251130_105156_866_0a0bf089_eef6d2ed,0.25,0,128265,148.3
tools,react,eog,calendar,2,1,1,task_20251203_080219_432_6f5b66fc_03eb353c,0.8,0,81443,214.8
tools,react,eog,calendar,2,1,1,task_20251203_091910_549_bca89e7d_de59e44a,0.833333,0,397828,775.9
tools,react,eog,calendar,2,1,1,task_20251203_142634_160_bca89e7d_193f597f,1.0,1,171276,490.9
tools,react,eog,calendar,2,1,1,task_20251203_142725_377_6f5b66fc_c990483e,0.666667,0,100392,211.3
tools,react,eog,calendar,2,1,1,task_20251205_032409_945_0a0bf089_61f5be29,0.0,0,33557,70.3
tools,react,eog,calendar,2,1,1,task_20260102_175948_337_6f5b66fc_f9bfbf1d,1.0,1,73709,135.3
tools,react,eog,calendar,2,1,1,task_20260104_192853_372_6f5b66fc_12ceda34,0.333333,0,56169,121.9
tools,react,eog,calendar,2,1,1,task_20260104_205924_379_e0ac0c6d_cec96398,0.666667,0,122497,139.3
tools,react,eog,calendar,2,1,1,task_20260105_074654_229_bca89e7d_39d9c8ac,1.0,1,178359,280.0
tools,react,eog,calendar,2,1,1,task_20260105_124102_961_e0ac0c6d_0b196906,1.0,1,53841,63.6
tools,react,eog,calendar,2,1,1,task_20260105_140440_086_e0ac0c6d_27ecac16,1.0,1,52618,65.1
tools,react,eog,calendar,2,1,1,task_20260105_163511_384_79b3b025_1ff6d0c6,1.0,1,80288,131.6
tools,react,eog,calendar,2,1,1,task_20260105_212045_832_e0ac0c6d_84c7f524,0.833333,0,53035,61.7
tools,react,eog,calendar,2,1,1,task_20260105_221239_098_e0ac0c6d_f5f338f3,1.0,1,53551,74.0
tools,react,eog,calendar,2,1,1,task_20260105_222434_398_79b3b025_ccd9b889,0.75,0,127578,142.1
tools,react,eog,calendar,2,1,1,task_20260106_103319_873_baf0b358_69ce7445,1.0,1,183557,133.4
tools,react,eog,calendar,2,1,1,task_20260106_114228_782_79b3b025_b556c84d,1.0,1,140377,158.6
tools,react,eog,calendar,2,1,1,task_20260106_152415_149_6f5b66fc_aad3df17,1.0,1,96716,219.6
tools,react,eog,calendar,2,1,1,task_20260106_170952_179_e0ac0c6d_791fba5e,1.0,1,53236,62.0
tools,react,eog,calendar,2,1,1,task_20260107_144751_333_79b3b025_92bfb77e,0.857143,0,111422,177.7
tools,react,eog,calendar,2,1,1,task_20260107_193032_599_e0ac0c6d_403469c5,1.0,1,72232,69.7
tools,react,eog,calendar,2,1,1,task_20260108_182727_772_4608325d_60b7f5d9,0.666667,0,99072,167.8
tools,react,eog,calendar,2,1,1,task_20260121_144251_116_38405923_9438dabd,0.0,0,140984,135.9
tools,react,eog,calendar,2,1,1,task_20260121_161936_323_cbcf38f8_50ccd164,0.0,0,76108,117.6
tools,react,eog,calendar,2,1,1,task_20260121_171247_475_cbcf38f8_c0a86487,0.5,0,122052,125.9
tools,react,eog,calendar,2,1,1,task_20260122_024556_370_38405923_1a174d84,0.833333,0,72428,108.3
tools,react,eog,calendar,2,1,2,task_20251124_112741_995_0a0bf089_3906a767,0.8,0,116320,115.5
tools,react,eog,calendar,2,1,2,task_20251128_220140_863_df2c536d_4aa7dcfd,0.333333,0,135320,204.2
tools,react,eog,calendar,2,1,2,task_20251130_105156_866_0a0bf089_eef6d2ed,0.25,0,154270,144.2
tools,react,eog,calendar,2,1,2,task_20251203_080219_432_6f5b66fc_03eb353c,0.8,0,127382,248.1
tools,react,eog,calendar,2,1,2,task_20251203_091910_549_bca89e7d_de59e44a,0.666667,0,175718,472.9
tools,react,eog,calendar,2,1,2,task_20251203_142634_160_bca89e7d_193f597f,0.8,0,82067,226.5
tools,react,eog,calendar,2,1,2,task_20251203_142725_377_6f5b66fc_c990483e,0.333333,0,101147,217.2
tools,react,eog,calendar,2,1,2,task_20251205_032409_945_0a0bf089_61f5be29,0.0,0,32661,77.3
tools,react,eog,calendar,2,1,2,task_20260102_175948_337_6f5b66fc_f9bfbf1d,1.0,1,76521,136.1
tools,react,eog,calendar,2,1,2,task_20260104_192853_372_6f5b66fc_12ceda34,0.333333,0,53074,106.8
tools,react,eog,calendar,2,1,2,task_20260104_205924_379_e0ac0c6d_cec96398,0.5,0,121101,143.6
tools,react,eog,calendar,2,1,2,task_20260105_074654_229_bca89e7d_39d9c8ac,1.0,1,123532,255.8
tools,react,eog,calendar,2,1,2,task_20260105_124102_961_e0ac0c6d_0b196906,1.0,1,54644,78.0
tools,react,eog,calendar,2,1,2,task_20260105_140440_086_e0ac0c6d_27ecac16,1.0,1,55395,128.3
tools,react,eog,calendar,2,1,2,task_20260105_163511_384_79b3b025_1ff6d0c6,1.0,1,115524,196.8
tools,react,eog,calendar,2,1,2,task_20260105_212045_832_e0ac0c6d_84c7f524,0.833333,0,54232,113.0
tools,react,eog,calendar,2,1,2,task_20260105_221239_098_e0ac0c6d_f5f338f3,1.0,1,53638,93.0
tools,react,eog,calendar,2,1,2,task_20260105_222434_398_79b3b025_ccd9b889,0.75,0,127319,204.2
tools,react,eog,calendar,2,1,2,task_20260106_103319_873_baf0b358_69ce7445,1.0,1,165531,184.3
tools,react,eog,calendar,2,1,2,task_20260106_114228_782_79b3b025_b556c84d,1.0,1,120658,137.7
tools,react,eog,calendar,2,1,2,task_20260106_152415_149_6f5b66fc_aad3df17,1.0,1,101010,238.4
tools,react,eog,calendar,2,1,2,task_20260106_170952_179_e0ac0c6d_791fba5e,1.0,1,52704,87.6
tools,react,eog,calendar,2,1,2,task_20260107_144751_333_79b3b025_92bfb77e,0.857143,0,288655,554.4
tools,react,eog,calendar,2,1,2,task_20260107_193032_599_e0ac0c6d_403469c5,1.0,1,53542,101.9
tools,react,eog,calendar,2,1,2,task_20260108_182727_772_4608325d_60b7f5d9,0.666667,0,98050,163.1
tools,react,eog,calendar,2,1,2,task_20260121_144251_116_38405923_9438dabd,0.0,0,88373,128.1
tools,react,eog,calendar,2,1,2,task_20260121_161936_323_cbcf38f8_50ccd164,0.0,0,76931,144.9
tools,react,eog,calendar,2,1,2,task_20260121_171247_475_cbcf38f8_c0a86487,0.5,0,119227,117.6
tools,react,eog,calendar,2,1,2,task_20260122_024556_370_38405923_1a174d84,0.833333,0,110015,131.2
tools,react,eog,calendar,2,1,3,task_20251124_112741_995_0a0bf089_3906a767,0.8,0,107547,121.3
tools,react,eog,calendar,2,1,3,task_20251128_220140_863_df2c536d_4aa7dcfd,0.333333,0,94013,117.2
tools,react,eog,calendar,2,1,3,task_20251130_105156_866_0a0bf089_eef6d2ed,0.25,0,186219,162.5
tools,react,eog,calendar,2,1,3,task_20251203_080219_432_6f5b66fc_03eb353c,0.8,0,131387,281.9
tools,react,eog,calendar,2,1,3,task_20251203_091910_549_bca89e7d_de59e44a,0.666667,0,148839,341.3
tools,react,eog,calendar,2,1,3,task_20251203_142634_160_bca89e7d_193f597f,0.8,0,134736,211.2
tools,react,eog,calendar,2,1,3,task_20251203_142725_377_6f5b66fc_c990483e,0.666667,0,79161,175.8
tools,react,eog,calendar,2,1,3,task_20251205_032409_945_0a0bf089_61f5be29,0.0,0,48934,97.4
tools,react,eog,calendar,2,1,3,task_20260102_175948_337_6f5b66fc_f9bfbf1d,0.666667,0,92434,193.9
tools,react,eog,calendar,2,1,3,task_20260104_192853_372_6f5b66fc_12ceda34,0.333333,0,56058,132.4
tools,react,eog,calendar,2,1,3,task_20260104_205924_379_e0ac0c6d_cec96398,0.666667,0,122833,104.8
tools,react,eog,calendar,2,1,3,task_20260105_074654_229_bca89e7d_39d9c8ac,1.0,1,175545,314.0
tools,react,eog,calendar,2,1,3,task_20260105_124102_961_e0ac0c6d_0b196906,1.0,1,54133,50.8
tools,react,eog,calendar,2,1,3,task_20260105_140440_086_e0ac0c6d_27ecac16,1.0,1,54327,114.1
tools,react,eog,calendar,2,1,3,task_20260105_163511_384_79b3b025_1ff6d0c6,1.0,1,80024,133.0
tools,react,eog,calendar,2,1,3,task_20260105_212045_832_e0ac0c6d_84c7f524,0.833333,0,53190,90.1
tools,react,eog,calendar,2,1,3,task_20260105_221239_098_e0ac0c6d_f5f338f3,1.0,1,53819,92.0
tools,react,eog,calendar,2,1,3,task_20260105_222434_398_79b3b025_ccd9b889,0.75,0,127422,170.4
tools,react,eog,calendar,2,1,3,task_20260106_103319_873_baf0b358_69ce7445,1.0,1,104393,134.0
tools,react,eog,calendar,2,1,3,task_20260106_114228_782_79b3b025_b556c84d,1.0,1,121316,172.1
tools,react,eog,calendar,2,1,3,task_20260106_152415_149_6f5b66fc_aad3df17,1.0,1,76375,188.9
tools,react,eog,calendar,2,1,3,task_20260106_170952_179_e0ac0c6d_791fba5e,0.833333,0,53395,91.8
tools,react,eog,calendar,2,1,3,task_20260107_144751_333_79b3b025_92bfb77e,0.857143,0,156556,273.3
tools,react,eog,calendar,2,1,3,task_20260107_193032_599_e0ac0c6d_403469c5,1.0,1,72716,98.2
tools,react,eog,calendar,2,1,3,task_20260108_182727_772_4608325d_60b7f5d9,0.666667,0,99035,194.0
tools,react,eog,calendar,2,1,3,task_20260121_144251_116_38405923_9438dabd,0.0,0,87132,141.7
tools,react,eog,calendar,2,1,3,task_20260121_161936_323_cbcf38f8_50ccd164,0.0,0,121425,115.3
tools,react,eog,calendar,2,1,3,task_20260121_171247_475_cbcf38f8_c0a86487,0.5,0,121971,153.9
tools,react,eog,calendar,2,1,3,task_20260122_024556_370_38405923_1a174d84,0.833333,0,94734,89.9
tools,react,eog,calendar,2,2,1,task_20251117_165528_648_bca89e7d_3e81ece9,1.0,1,234643,242.4
tools,react,eog,calendar,2,2,1,task_20251201_113908_295_e81f6083_e770442c,0.714286,0,198294,349.3
tools,react,eog,calendar,2,2,1,task_20251203_184109_641_6f5b66fc_e62d330e,0.333333,0,93946,303.2
tools,react,eog,calendar,2,2,1,task_20251203_190727_704_e81f6083_f2fd8fe6,0.4,0,152081,355.5
tools,react,eog,calendar,2,2,1,task_20251203_194320_796_df2c536d_c885488e,0.75,0,134636,271.6
tools,react,eog,calendar,2,2,1,task_20260104_143530_440_6f5b66fc_b6b24e96,1.0,1,137792,356.4
tools,react,eog,calendar,2,2,1,task_20260106_112632_846_bca89e7d_5d19e8f3,1.0,1,128478,192.7
tools,react,eog,calendar,2,2,1,task_20260107_093643_038_df2c536d_f90fd06e,1.0,1,159797,137.9
tools,react,eog,calendar,2,2,1,task_20260108_142310_191_df2c536d_c6edcf9f,0.333333,0,117941,267.7
tools,react,eog,calendar,2,2,1,task_20260121_214553_691_cbcf38f8_abce7315,0.0,0,54926,126.9
tools,react,eog,calendar,2,2,2,task_20251117_165528_648_bca89e7d_3e81ece9,1.0,1,134688,243.8
tools,react,eog,calendar,2,2,2,task_20251201_113908_295_e81f6083_e770442c,1.0,1,340699,529.9
tools,react,eog,calendar,2,2,2,task_20251203_184109_641_6f5b66fc_e62d330e,0.333333,0,92650,243.7
tools,react,eog,calendar,2,2,2,task_20251203_190727_704_e81f6083_f2fd8fe6,0.5,0,319095,713.2
tools,react,eog,calendar,2,2,2,task_20251203_194320_796_df2c536d_c885488e,0.75,0,155906,373.2
tools,react,eog,calendar,2,2,2,task_20260104_143530_440_6f5b66fc_b6b24e96,0.666667,0,154501,372.7
tools,react,eog,calendar,2,2,2,task_20260106_112632_846_bca89e7d_5d19e8f3,1.0,1,109754,148.9
tools,react,eog,calendar,2,2,2,task_20260107_093643_038_df2c536d_f90fd06e,0.75,0,162127,169.1
tools,react,eog,calendar,2,2,2,task_20260108_142310_191_df2c536d_c6edcf9f,0.666667,0,116473,242.0
tools,react,eog,calendar,2,2,2,task_20260121_214553_691_cbcf38f8_abce7315,0.666667,0,115117,233.5
tools,react,eog,calendar,2,2,3,task_20251117_165528_648_bca89e7d_3e81ece9,1.0,1,109128,193.8
tools,react,eog,calendar,2,2,3,task_20251201_113908_295_e81f6083_e770442c,1.0,1,186849,342.5
tools,react,eog,calendar,2,2,3,task_20251203_184109_641_6f5b66fc_e62d330e,0.333333,0,95256,348.8
tools,react,eog,calendar,2,2,3,task_20251203_190727_704_e81f6083_f2fd8fe6,0.4,0,130131,469.6
tools,react,eog,calendar,2,2,3,task_20251203_194320_796_df2c536d_c885488e,0.75,0,135433,390.4
tools,react,eog,calendar,2,2,3,task_20260104_143530_440_6f5b66fc_b6b24e96,0.333333,0,94203,315.1
tools,react,eog,calendar,2,2,3,task_20260106_112632_846_bca89e7d_5d19e8f3,1.0,1,109772,256.2
tools,react,eog,calendar,2,2,3,task_20260107_093643_038_df2c536d_f90fd06e,0.75,0,106198,146.8
tools,react,eog,calendar,2,2,3,task_20260108_142310_191_df2c536d_c6edcf9f,0.666667,0,95315,281.2
tools,react,eog,calendar,2,2,3,task_20260121_214553_691_cbcf38f8_abce7315,0.333333,0,136471,353.9
tools,react,eog,calendar,3,1,1,task_20251124_112741_995_0a0bf089_3906a767,0.8,0,142059,124.6
tools,react,eog,calendar,3,1,1,task_20251128_220140_863_df2c536d_4aa7dcfd,0.666667,0,140407,138.0
tools,react,eog,calendar,3,1,1,task_20251130_105156_866_0a0bf089_eef6d2ed,0.25,0,143419,154.8
tools,react,eog,calendar,3,1,1,task_20251203_080219_432_6f5b66fc_03eb353c,0.6,0,113957,206.6
tools,react,eog,calendar,3,1,1,task_20251203_091910_549_bca89e7d_de59e44a,0.666667,0,182529,507.3
tools,react,eog,calendar,3,1,1,task_20251203_142634_160_bca89e7d_193f597f,0.8,0,88217,209.2
tools,react,eog,calendar,3,1,1,task_20251203_142725_377_6f5b66fc_c990483e,0.333333,0,80904,163.5
tools,react,eog,calendar,3,1,1,task_20251205_032409_945_0a0bf089_61f5be29,0.0,0,35259,57.8
tools,react,eog,calendar,3,1,1,task_20260102_175948_337_6f5b66fc_f9bfbf1d,1.0,1,84275,198.4
tools,react,eog,calendar,3,1,1,task_20260104_192853_372_6f5b66fc_12ceda34,0.333333,0,117182,183.8
tools,react,eog,calendar,3,1,1,task_20260104_205924_379_e0ac0c6d_cec96398,0.666667,0,106567,118.7
tools,react,eog,calendar,3,1,1,task_20260105_074654_229_bca89e7d_39d9c8ac,0.833333,0,104548,223.8
tools,react,eog,calendar,3,1,1,task_20260105_124102_961_e0ac0c6d_0b196906,1.0,1,58488,95.9
tools,react,eog,calendar,3,1,1,task_20260105_140440_086_e0ac0c6d_27ecac16,1.0,1,57877,89.5
tools,react,eog,calendar,3,1,1,task_20260105_163511_384_79b3b025_1ff6d0c6,1.0,1,108578,184.5
tools,react,eog,calendar,3,1,1,task_20260105_212045_832_e0ac0c6d_84c7f524,0.833333,0,78193,103.3
tools,react,eog,calendar,3,1,1,task_20260105_221239_098_e0ac0c6d_f5f338f3,1.0,1,58181,91.0
tools,react,eog,calendar,3,1,1,task_20260105_222434_398_79b3b025_ccd9b889,0.75,0,134151,211.6
tools,react,eog,calendar,3,1,1,task_20260106_103319_873_baf0b358_69ce7445,1.0,1,220101,192.6
tools,react,eog,calendar,3,1,1,task_20260106_114228_782_79b3b025_b556c84d,1.0,1,111233,207.2
tools,react,eog,calendar,3,1,1,task_20260106_152415_149_6f5b66fc_aad3df17,1.0,1,107545,216.8
tools,react,eog,calendar,3,1,1,task_20260106_170952_179_e0ac0c6d_791fba5e,1.0,1,57510,79.4
tools,react,eog,calendar,3,1,1,task_20260107_144751_333_79b3b025_92bfb77e,0.0,0,18862,46.9
tools,react,eog,calendar,3,1,1,task_20260107_193032_599_e0ac0c6d_403469c5,1.0,1,56598,65.6
tools,react,eog,calendar,3,1,1,task_20260108_182727_772_4608325d_60b7f5d9,0.666667,0,129081,201.1
tools,react,eog,calendar,3,1,1,task_20260121_144251_116_38405923_9438dabd,0.0,0,57374,108.5
tools,react,eog,calendar,3,1,1,task_20260121_161936_323_cbcf38f8_50ccd164,0.0,0,108833,208.9
tools,react,eog,calendar,3,1,1,task_20260121_171247_475_cbcf38f8_c0a86487,0.5,0,127753,131.9
tools,react,eog,calendar,3,1,1,task_20260122_024556_370_38405923_1a174d84,0.833333,0,76688,102.5
tools,react,eog,calendar,3,1,2,task_20251124_112741_995_0a0bf089_3906a767,0.8,0,146106,131.9
tools,react,eog,calendar,3,1,2,task_20251128_220140_863_df2c536d_4aa7dcfd,0.333333,0,80792,152.8
tools,react,eog,calendar,3,1,2,task_20251130_105156_866_0a0bf089_eef6d2ed,0.25,0,134293,107.0
tools,react,eog,calendar,3,1,2,task_20251203_080219_432_6f5b66fc_03eb353c,0.8,0,136634,374.5
tools,react,eog,calendar,3,1,2,task_20251203_091910_549_bca89e7d_de59e44a,0.666667,0,156958,358.7
tools,react,eog,calendar,3,1,2,task_20251203_142634_160_bca89e7d_193f597f,1.0,1,87970,263.2
tools,react,eog,calendar,3,1,2,task_20251203_142725_377_6f5b66fc_c990483e,0.333333,0,120734,251.0
tools,react,eog,calendar,3,1,2,task_20251205_032409_945_0a0bf089_61f5be29,0.0,0,53253,85.6
tools,react,eog,calendar,3,1,2,task_20260102_175948_337_6f5b66fc_f9bfbf1d,0.666667,0,81881,188.3
tools,react,eog,calendar,3,1,2,task_20260104_192853_372_6f5b66fc_12ceda34,0.333333,0,81157,160.2
tools,react,eog,calendar,3,1,2,task_20260104_205924_379_e0ac0c6d_cec96398,0.666667,0,157090,218.8
tools,react,eog,calendar,3,1,2,task_20260105_074654_229_bca89e7d_39d9c8ac,1.0,1,236312,425.6
tools,react,eog,calendar,3,1,2,task_20260105_124102_961_e0ac0c6d_0b196906,1.0,1,76537,133.8
tools,react,eog,calendar,3,1,2,task_20260105_140440_086_e0ac0c6d_27ecac16,1.0,1,57058,69.8
tools,react,eog,calendar,3,1,2,task_20260105_163511_384_79b3b025_1ff6d0c6,1.0,1,85372,109.8
tools,react,eog,calendar,3,1,2,task_20260105_212045_832_e0ac0c6d_84c7f524,0.833333,0,57487,63.5
tools,react,eog,calendar,3,1,2,task_20260105_221239_098_e0ac0c6d_f5f338f3,1.0,1,57825,94.0
tools,react,eog,calendar,3,1,2,task_20260105_222434_398_79b3b025_ccd9b889,0.75,0,154365,179.0
tools,react,eog,calendar,3,1,2,task_20260106_103319_873_baf0b358_69ce7445,1.0,1,199565,304.3
tools,react,eog,calendar,3,1,2,task_20260106_114228_782_79b3b025_b556c84d,1.0,1,156731,268.1
tools,react,eog,calendar,3,1,2,task_20260106_152415_149_6f5b66fc_aad3df17,0.666667,0,125182,209.5
tools,react,eog,calendar,3,1,2,task_20260106_170952_179_e0ac0c6d_791fba5e,1.0,1,56777,67.6
tools,react,eog,calendar,3,1,2,task_20260107_144751_333_79b3b025_92bfb77e,0.857143,0,191751,316.1
tools,react,eog,calendar,3,1,2,task_20260107_193032_599_e0ac0c6d_403469c5,1.0,1,56827,56.5
tools,react,eog,calendar,3,1,2,task_20260108_182727_772_4608325d_60b7f5d9,0.666667,0,106256,200.2
tools,react,eog,calendar,3,1,2,task_20260121_144251_116_38405923_9438dabd,0.0,0,94922,115.6
tools,react,eog,calendar,3,1,2,task_20260121_161936_323_cbcf38f8_50ccd164,0.0,0,181769,236.8
tools,react,eog,calendar,3,1,2,task_20260121_171247_475_cbcf38f8_c0a86487,0.5,0,153417,136.1
tools,react,eog,calendar,3,1,2,task_20260122_024556_370_38405923_1a174d84,0.833333,0,97769,171.2
tools,react,eog,calendar,3,1,3,task_20251124_112741_995_0a0bf089_3906a767,0.8,0,148369,148.7
tools,react,eog,calendar,3,1,3,task_20251128_220140_863_df2c536d_4aa7dcfd,0.666667,0,140103,133.3
tools,react,eog,calendar,3,1,3,task_20251130_105156_866_0a0bf089_eef6d2ed,0.25,0,138880,121.0
tools,react,eog,calendar,3,1,3,task_20251203_080219_432_6f5b66fc_03eb353c,0.8,0,108697,216.8
tools,react,eog,calendar,3,1,3,task_20251203_091910_549_bca89e7d_de59e44a,0.666667,0,176843,344.2
tools,react,eog,calendar,3,1,3,task_20251203_142634_160_bca89e7d_193f597f,0.2,0,100606,261.5
tools,react,eog,calendar,3,1,3,task_20251203_142725_377_6f5b66fc_c990483e,0.333333,0,105205,246.0
tools,react,eog,calendar,3,1,3,task_20251205_032409_945_0a0bf089_61f5be29,0.0,0,36271,117.3
tools,react,eog,calendar,3,1,3,task_20260102_175948_337_6f5b66fc_f9bfbf1d,0.666667,0,101456,203.2
tools,react,eog,calendar,3,1,3,task_20260104_192853_372_6f5b66fc_12ceda34,0.333333,0,75907,122.2
tools,react,eog,calendar,3,1,3,task_20260104_205924_379_e0ac0c6d_cec96398,0.5,0,80257,102.5
tools,react,eog,calendar,3,1,3,task_20260105_074654_229_bca89e7d_39d9c8ac,1.0,1,216436,378.5
tools,react,eog,calendar,3,1,3,task_20260105_124102_961_e0ac0c6d_0b196906,1.0,1,58168,94.6
tools,react,eog,calendar,3,1,3,task_20260105_140440_086_e0ac0c6d_27ecac16,1.0,1,58444,140.3
tools,react,eog,calendar,3,1,3,task_20260105_163511_384_79b3b025_1ff6d0c6,1.0,1,105111,189.6
tools,react,eog,calendar,3,1,3,task_20260105_212045_832_e0ac0c6d_84c7f524,0.833333,0,59505,158.9
tools,react,eog,calendar,3,1,3,task_20260105_221239_098_e0ac0c6d_f5f338f3,1.0,1,58404,114.7
tools,react,eog,calendar,3,1,3,task_20260105_222434_398_79b3b025_ccd9b889,0.75,0,155027,224.2
tools,react,eog,calendar,3,1,3,task_20260106_103319_873_baf0b358_69ce7445,1.0,1,143038,546.2
tools,react,eog,calendar,3,1,3,task_20260106_114228_782_79b3b025_b556c84d,1.0,1,136638,245.5
tools,react,eog,calendar,3,1,3,task_20260106_152415_149_6f5b66fc_aad3df17,1.0,1,83106,214.9
tools,react,eog,calendar,3,1,3,task_20260106_170952_179_e0ac0c6d_791fba5e,1.0,1,57433,110.4
tools,react,eog,calendar,3,1,3,task_20260107_144751_333_79b3b025_92bfb77e,0.0,0,19153,80.4
tools,react,eog,calendar,3,1,3,task_20260107_193032_599_e0ac0c6d_403469c5,1.0,1,58875,159.8
tools,react,eog,calendar,3,1,3,task_20260108_182727_772_4608325d_60b7f5d9,0.666667,0,105076,173.9
tools,react,eog,calendar,3,1,3,task_20260121_144251_116_38405923_9438dabd,0.0,0,128971,151.4
tools,react,eog,calendar,3,1,3,task_20260121_161936_323_cbcf38f8_50ccd164,0.0,0,150868,239.7
tools,react,eog,calendar,3,1,3,task_20260121_171247_475_cbcf38f8_c0a86487,0.5,0,126862,152.3
tools,react,eog,calendar,3,1,3,task_20260122_024556_370_38405923_1a174d84,0.833333,0,98657,179.3
tools,react,eog,calendar,3,2,1,task_20251117_165528_648_bca89e7d_3e81ece9,1.0,1,194897,298.6
tools,react,eog,calendar,3,2,1,task_20251201_113908_295_e81f6083_e770442c,0.714286,0,181119,400.0
tools,react,eog,calendar,3,2,1,task_20251203_184109_641_6f5b66fc_e62d330e,0.333333,0,100667,226.8
tools,react,eog,calendar,3,2,1,task_20251203_190727_704_e81f6083_f2fd8fe6,0.4,0,178507,492.0
tools,react,eog,calendar,3,2,1,task_20251203_194320_796_df2c536d_c885488e,0.75,0,212415,437.2
tools,react,eog,calendar,3,2,1,task_20260104_143530_440_6f5b66fc_b6b24e96,0.666667,0,164590,318.0
tools,react,eog,calendar,3,2,1,task_20260106_112632_846_bca89e7d_5d19e8f3,1.0,1,135168,174.4
tools,react,eog,calendar,3,2,1,task_20260107_093643_038_df2c536d_f90fd06e,0.75,0,94985,122.8
tools,react,eog,calendar,3,2,1,task_20260108_142310_191_df2c536d_c6edcf9f,0.666667,0,168058,370.3
tools,react,eog,calendar,3,2,1,task_20260121_214553_691_cbcf38f8_abce7315,0.666667,0,149544,336.5
tools,react,eog,calendar,3,2,2,task_20251117_165528_648_bca89e7d_3e81ece9,1.0,1,140559,196.1
tools,react,eog,calendar,3,2,2,task_20251201_113908_295_e81f6083_e770442c,1.0,1,222772,296.0
tools,react,eog,calendar,3,2,2,task_20251203_184109_641_6f5b66fc_e62d330e,0.333333,0,144134,339.4
tools,react,eog,calendar,3,2,2,task_20251203_190727_704_e81f6083_f2fd8fe6,0.4,0,126604,326.4
tools,react,eog,calendar,3,2,2,task_20251203_194320_796_df2c536d_c885488e,0.75,0,143239,279.8
tools,react,eog,calendar,3,2,2,task_20260104_143530_440_6f5b66fc_b6b24e96,0.666667,0,169092,299.6
tools,react,eog,calendar,3,2,2,task_20260106_112632_846_bca89e7d_5d19e8f3,1.0,1,99895,163.7
tools,react,eog,calendar,3,2,2,task_20260107_093643_038_df2c536d_f90fd06e,0.75,0,97864,149.8
tools,react,eog,calendar,3,2,2,task_20260108_142310_191_df2c536d_c6edcf9f,0.0,0,60327,161.5
tools,react,eog,calendar,3,2,2,task_20260121_214553_691_cbcf38f8_abce7315,0.666667,0,124146,288.7
tools,react,eog,calendar,3,2,3,task_20251117_165528_648_bca89e7d_3e81ece9,1.0,1,121334,198.0
tools,react,eog,calendar,3,2,3,task_20251201_113908_295_e81f6083_e770442c,0.714286,0,195596,388.5
tools,react,eog,calendar,3,2,3,task_20251203_184109_641_6f5b66fc_e62d330e,0.333333,0,136756,233.7
tools,react,eog,calendar,3,2,3,task_20251203_190727_704_e81f6083_f2fd8fe6,0.1,0,112119,324.8
tools,react,eog,calendar,3,2,3,task_20251203_194320_796_df2c536d_c885488e,0.75,0,164220,325.1
tools,react,eog,calendar,3,2,3,task_20260104_143530_440_6f5b66fc_b6b24e96,0.333333,0,101350,297.2
tools,react,eog,calendar,3,2,3,task_20260106_112632_846_bca89e7d_5d19e8f3,1.0,1,137351,180.6
tools,react,eog,calendar,3,2,3,task_20260107_093643_038_df2c536d_f90fd06e,0.75,0,97207,193.7
tools,react,eog,calendar,3,2,3,task_20260108_142310_191_df2c536d_c6edcf9f,0.666667,0,147290,325.6
tools,react,eog,calendar,3,2,3,task_20260121_214553_691_cbcf38f8_abce7315,0.666667,0,145538,315.9
tools,react,eog,calendar,3,3,1,task_20251202_121726_036_e81f6083_cc1636ad,1.0,1,231749,401.0
tools,react,eog,calendar,3,3,1,task_20251203_133512_548_e81f6083_738dfe0c,1.0,1,148875,316.0
tools,react,eog,calendar,3,3,1,task_20260106_143218_938_79b3b025_ce953a94,0.428571,0,232088,354.0
tools,react,eog,calendar,3,3,1,task_20260106_153404_124_79b3b025_914e7207,0.714286,0,177586,353.7
tools,react,eog,calendar,3,3,2,task_20251202_121726_036_e81f6083_cc1636ad,1.0,1,181384,319.3
tools,react,eog,calendar,3,3,2,task_20251203_133512_548_e81f6083_738dfe0c,1.0,1,190908,352.5
tools,react,eog,calendar,3,3,2,task_20260106_143218_938_79b3b025_ce953a94,0.428571,0,143845,314.9
tools,react,eog,calendar,3,3,2,task_20260106_153404_124_79b3b025_914e7207,1.0,1,144942,328.3
tools,react,eog,calendar,3,3,3,task_20251202_121726_036_e81f6083_cc1636ad,1.0,1,145770,297.2
tools,react,eog,calendar,3,3,3,task_20251203_133512_548_e81f6083_738dfe0c,1.0,1,195752,417.6
tools,react,eog,calendar,3,3,3,task_20260106_143218_938_79b3b025_ce953a94,0.428571,0,219633,398.1
tools,react,eog,calendar,3,3,3,task_20260106_153404_124_79b3b025_914e7207,1.0,1,148374,275.5
tools,react,eog,csm,1,1,1,task_20251127_070938_325_b393a327_a40b1f4e,0.0,0,67352,209.7
tools,react,eog,csm,1,1,1,task_20251204_231522_245_e6427839_5d09c3c2,1.0,1,61945,109.3
tools,react,eog,csm,1,1,1,task_20251205_194841_224_391f1eff_136bedae,0.0,0,16620,61.4
tools,react,eog,csm,1,1,1,task_20251208_035402_755_ad5a67e3_8ca9a646,0.0,0,70545,479.2
tools,react,eog,csm,1,1,1,task_20251210_145940_356_accab84d_c16e9916,0.6,0,85913,234.0
tools,react,eog,csm,1,1,1,task_20251210_161511_924_2aa6b0ad_1446c2b4,0.666667,0,74655,153.3
tools,react,eog,csm,1,1,1,task_20251211_192109_853_99ba2325_b21298a0,0.6,0,74555,147.8
tools,react,eog,csm,1,1,1,task_20260102_155148_014_accab84d_910b176a,0.5,0,70711,171.8
tools,react,eog,csm,1,1,1,task_20260102_162857_012_391f1eff_39478d55,1.0,1,56927,151.2
tools,react,eog,csm,1,1,1,task_20260106_134616_649_e6427839_7dba5a00,0.5,0,125191,229.7
tools,react,eog,csm,1,1,1,task_20260106_155841_121_e6427839_fa425cbe,1.0,1,96965,206.7
tools,react,eog,csm,1,1,1,task_20260106_185201_238_00364ece_8ab4fd80,0.333333,0,110230,299.5
tools,react,eog,csm,1,1,1,task_20260107_162554_472_accab84d_41d2e871,0.0,0,147521,261.8
tools,react,eog,csm,1,1,2,task_20251127_070938_325_b393a327_a40b1f4e,0.0,0,74300,233.1
tools,react,eog,csm,1,1,2,task_20251204_231522_245_e6427839_5d09c3c2,1.0,1,54808,97.2
tools,react,eog,csm,1,1,2,task_20251205_194841_224_391f1eff_136bedae,0.0,0,15333,53.3
tools,react,eog,csm,1,1,2,task_20251208_035402_755_ad5a67e3_8ca9a646,0.0,0,81315,178.6
tools,react,eog,csm,1,1,2,task_20251210_145940_356_accab84d_c16e9916,0.0,0,95701,273.4
tools,react,eog,csm,1,1,2,task_20251210_161511_924_2aa6b0ad_1446c2b4,0.666667,0,76838,119.3
tools,react,eog,csm,1,1,2,task_20251211_192109_853_99ba2325_b21298a0,1.0,1,105223,132.0
tools,react,eog,csm,1,1,2,task_20260102_155148_014_accab84d_910b176a,0.5,0,43357,102.9
tools,react,eog,csm,1,1,2,task_20260102_162857_012_391f1eff_39478d55,0.5,0,84874,189.5
tools,react,eog,csm,1,1,2,task_20260106_134616_649_e6427839_7dba5a00,1.0,1,83260,246.8
tools,react,eog,csm,1,1,2,task_20260106_155841_121_e6427839_fa425cbe,0.5,0,86661,165.5
tools,react,eog,csm,1,1,2,task_20260106_185201_238_00364ece_8ab4fd80,0.333333,0,153514,449.4
tools,react,eog,csm,1,1,2,task_20260107_162554_472_accab84d_41d2e871,0.0,0,173593,256.9
tools,react,eog,csm,1,1,3,task_20251127_070938_325_b393a327_a40b1f4e,0.0,0,52182,106.2
tools,react,eog,csm,1,1,3,task_20251204_231522_245_e6427839_5d09c3c2,1.0,1,73498,140.5
tools,react,eog,csm,1,1,3,task_20251205_194841_224_391f1eff_136bedae,0.0,0,7745,15.1
tools,react,eog,csm,1,1,3,task_20251208_035402_755_ad5a67e3_8ca9a646,1.0,1,127372,210.5
tools,react,eog,csm,1,1,3,task_20251210_145940_356_accab84d_c16e9916,0.0,0,161789,349.3
tools,react,eog,csm,1,1,3,task_20251210_161511_924_2aa6b0ad_1446c2b4,0.666667,0,87002,125.3
tools,react,eog,csm,1,1,3,task_20251211_192109_853_99ba2325_b21298a0,1.0,1,115135,168.9
tools,react,eog,csm,1,1,3,task_20260102_155148_014_accab84d_910b176a,0.5,0,51250,102.2
tools,react,eog,csm,1,1,3,task_20260102_162857_012_391f1eff_39478d55,0.5,0,97880,167.6
tools,react,eog,csm,1,1,3,task_20260106_134616_649_e6427839_7dba5a00,1.0,1,56979,163.7
tools,react,eog,csm,1,1,3,task_20260106_155841_121_e6427839_fa425cbe,1.0,1,72006,137.2
tools,react,eog,csm,1,1,3,task_20260106_185201_238_00364ece_8ab4fd80,0.333333,0,134593,250.9
tools,react,eog,csm,1,1,3,task_20260107_162554_472_accab84d_41d2e871,0.0,0,223681,289.6
tools,react,eog,csm,2,1,1,task_20251127_070938_325_b393a327_a40b1f4e,0.0,0,64447,246.5
tools,react,eog,csm,2,1,1,task_20251204_231522_245_e6427839_5d09c3c2,1.0,1,75832,167.0
tools,react,eog,csm,2,1,1,task_20251205_194841_224_391f1eff_136bedae,0.0,0,27512,96.7
tools,react,eog,csm,2,1,1,task_20251208_035402_755_ad5a67e3_8ca9a646,0.0,0,93796,264.2
tools,react,eog,csm,2,1,1,task_20251210_145940_356_accab84d_c16e9916,0.6,0,171119,534.0
tools,react,eog,csm,2,1,1,task_20251210_161511_924_2aa6b0ad_1446c2b4,0.666667,0,100339,176.0
tools,react,eog,csm,2,1,1,task_20251211_192109_853_99ba2325_b21298a0,1.0,1,124006,264.4
tools,react,eog,csm,2,1,1,task_20260102_155148_014_accab84d_910b176a,0.75,0,88710,189.6
tools,react,eog,csm,2,1,1,task_20260102_162857_012_391f1eff_39478d55,1.0,1,88242,266.6
tools,react,eog,csm,2,1,1,task_20260106_134616_649_e6427839_7dba5a00,0.0,0,145262,374.8
tools,react,eog,csm,2,1,1,task_20260106_155841_121_e6427839_fa425cbe,1.0,1,125763,291.4
tools,react,eog,csm,2,1,1,task_20260106_185201_238_00364ece_8ab4fd80,0.333333,0,137711,419.1
tools,react,eog,csm,2,1,1,task_20260107_162554_472_accab84d_41d2e871,0.0,0,61765,163.8
tools,react,eog,csm,2,1,2,task_20251127_070938_325_b393a327_a40b1f4e,0.0,0,165217,332.5
tools,react,eog,csm,2,1,2,task_20251204_231522_245_e6427839_5d09c3c2,1.0,1,86326,210.4
tools,react,eog,csm,2,1,2,task_20251205_194841_224_391f1eff_136bedae,0.0,0,19440,63.0
tools,react,eog,csm,2,1,2,task_20251208_035402_755_ad5a67e3_8ca9a646,0.0,0,143359,370.0
tools,react,eog,csm,2,1,2,task_20251210_145940_356_accab84d_c16e9916,0.6,0,215478,485.4
tools,react,eog,csm,2,1,2,task_20251210_161511_924_2aa6b0ad_1446c2b4,0.666667,0,100414,179.1
tools,react,eog,csm,2,1,2,task_20251211_192109_853_99ba2325_b21298a0,0.6,0,89548,254.1
tools,react,eog,csm,2,1,2,task_20260102_155148_014_accab84d_910b176a,0.75,0,81731,198.2
tools,react,eog,csm,2,1,2,task_20260102_162857_012_391f1eff_39478d55,0.5,0,127341,303.5
tools,react,eog,csm,2,1,2,task_20260106_134616_649_e6427839_7dba5a00,1.0,1,106696,330.4
tools,react,eog,csm,2,1,2,task_20260106_155841_121_e6427839_fa425cbe,1.0,1,82715,206.5
tools,react,eog,csm,2,1,2,task_20260106_185201_238_00364ece_8ab4fd80,0.333333,0,219788,583.6
tools,react,eog,csm,2,1,2,task_20260107_162554_472_accab84d_41d2e871,0.0,0,59930,164.4
tools,react,eog,csm,2,1,3,task_20251127_070938_325_b393a327_a40b1f4e,0.0,0,86466,276.5
tools,react,eog,csm,2,1,3,task_20251204_231522_245_e6427839_5d09c3c2,1.0,1,81791,132.6
tools,react,eog,csm,2,1,3,task_20251205_194841_224_391f1eff_136bedae,0.0,0,17540,45.7
tools,react,eog,csm,2,1,3,task_20251208_035402_755_ad5a67e3_8ca9a646,0.0,0,105451,239.0
tools,react,eog,csm,2,1,3,task_20251210_145940_356_accab84d_c16e9916,0.6,0,218187,473.3
tools,react,eog,csm,2,1,3,task_20251210_161511_924_2aa6b0ad_1446c2b4,0.666667,0,97886,127.5
tools,react,eog,csm,2,1,3,task_20251211_192109_853_99ba2325_b21298a0,0.6,0,69253,157.2
tools,react,eog,csm,2,1,3,task_20260102_155148_014_accab84d_910b176a,0.5,0,71317,154.5
tools,react,eog,csm,2,1,3,task_20260102_162857_012_391f1eff_39478d55,1.0,1,69935,195.2
tools,react,eog,csm,2,1,3,task_20260106_134616_649_e6427839_7dba5a00,1.0,1,72816,205.2
tools,react,eog,csm,2,1,3,task_20260106_155841_121_e6427839_fa425cbe,0.5,0,126643,246.1
tools,react,eog,csm,2,1,3,task_20260106_185201_238_00364ece_8ab4fd80,0.333333,0,174386,398.3
tools,react,eog,csm,2,1,3,task_20260107_162554_472_accab84d_41d2e871,0.0,0,238144,359.5
tools,react,eog,csm,2,2,1,task_20251128_072831_616_6cd2e092_426f7c81,0.75,0,297693,436.3
tools,react,eog,csm,2,2,1,task_20251203_194626_202_391f1eff_1336fae8,0.0,0,82577,230.1
tools,react,eog,csm,2,2,1,task_20251206_091748_833_a8eea1c0_7775ff15,1.0,1,118415,302.9
tools,react,eog,csm,2,2,1,task_20251206_113950_467_6cd2e092_1a268d87,0.5,0,86580,290.4
tools,react,eog,csm,2,2,1,task_20251206_114027_879_5c0cd3a2_904991cc,0.5,0,36257,58.1
tools,react,eog,csm,2,2,1,task_20251206_130444_802_6cd2e092_8979087f,0.75,0,234534,453.3
tools,react,eog,csm,2,2,1,task_20251212_222304_435_66392a82_815cd745,1.0,1,140958,271.1
tools,react,eog,csm,2,2,1,task_20251231_152332_133_ad5a67e3_2a4e226c,0.5,0,61325,107.7
tools,react,eog,csm,2,2,1,task_20251231_164213_376_00364ece_724e98d5,1.0,1,72328,181.5
tools,react,eog,csm,2,2,1,task_20260101_111750_695_30600918_80637585,0.25,0,85729,283.4
tools,react,eog,csm,2,2,1,task_20260105_191634_257_2aa6b0ad_ea0bbd82,0.666667,0,127499,218.2
tools,react,eog,csm,2,2,1,task_20260105_221816_258_00364ece_50f56980,0.0,0,67617,152.0
tools,react,eog,csm,2,2,1,task_20260106_090444_873_99ba2325_980a3405,1.0,1,128789,469.3
tools,react,eog,csm,2,2,1,task_20260106_161859_265_00364ece_0e836ce8,0.25,0,186494,553.5
tools,react,eog,csm,2,2,2,task_20251128_072831_616_6cd2e092_426f7c81,1.0,1,305840,527.4
tools,react,eog,csm,2,2,2,task_20251203_194626_202_391f1eff_1336fae8,0.0,0,58450,135.1
tools,react,eog,csm,2,2,2,task_20251206_091748_833_a8eea1c0_7775ff15,1.0,1,111429,282.9
tools,react,eog,csm,2,2,2,task_20251206_113950_467_6cd2e092_1a268d87,0.5,0,86414,207.6
tools,react,eog,csm,2,2,2,task_20251206_114027_879_5c0cd3a2_904991cc,0.5,0,31104,49.9
tools,react,eog,csm,2,2,2,task_20251206_130444_802_6cd2e092_8979087f,0.75,0,277698,363.9
tools,react,eog,csm,2,2,2,task_20251212_222304_435_66392a82_815cd745,1.0,1,158612,217.9
tools,react,eog,csm,2,2,2,task_20251231_152332_133_ad5a67e3_2a4e226c,0.5,0,63052,113.4
tools,react,eog,csm,2,2,2,task_20251231_164213_376_00364ece_724e98d5,1.0,1,130994,269.0
tools,react,eog,csm,2,2,2,task_20260101_111750_695_30600918_80637585,0.25,0,161989,436.9
tools,react,eog,csm,2,2,2,task_20260105_191634_257_2aa6b0ad_ea0bbd82,1.0,1,103578,180.4
tools,react,eog,csm,2,2,2,task_20260105_221816_258_00364ece_50f56980,1.0,1,109374,231.4
tools,react,eog,csm,2,2,2,task_20260106_090444_873_99ba2325_980a3405,1.0,1,163362,391.9
tools,react,eog,csm,2,2,2,task_20260106_161859_265_00364ece_0e836ce8,0.5,0,239803,487.6
tools,react,eog,csm,2,2,3,task_20251128_072831_616_6cd2e092_426f7c81,0.75,0,378883,388.3
tools,react,eog,csm,2,2,3,task_20251203_194626_202_391f1eff_1336fae8,0.0,0,49357,140.2
tools,react,eog,csm,2,2,3,task_20251206_091748_833_a8eea1c0_7775ff15,1.0,1,136347,340.5
tools,react,eog,csm,2,2,3,task_20251206_113950_467_6cd2e092_1a268d87,0.5,0,143799,419.3
tools,react,eog,csm,2,2,3,task_20251206_114027_879_5c0cd3a2_904991cc,0.5,0,37427,96.4
tools,react,eog,csm,2,2,3,task_20251206_130444_802_6cd2e092_8979087f,0.75,0,444826,503.1
tools,react,eog,csm,2,2,3,task_20251212_222304_435_66392a82_815cd745,1.0,1,188261,392.2
tools,react,eog,csm,2,2,3,task_20251231_152332_133_ad5a67e3_2a4e226c,0.5,0,71342,116.3
tools,react,eog,csm,2,2,3,task_20251231_164213_376_00364ece_724e98d5,1.0,1,103168,264.3
tools,react,eog,csm,2,2,3,task_20260101_111750_695_30600918_80637585,0.25,0,196997,494.4
tools,react,eog,csm,2,2,3,task_20260105_191634_257_2aa6b0ad_ea0bbd82,1.0,1,103831,180.9
tools,react,eog,csm,2,2,3,task_20260105_221816_258_00364ece_50f56980,0.0,0,67083,188.0
tools,react,eog,csm,2,2,3,task_20260106_090444_873_99ba2325_980a3405,0.5,0,136602,395.3
tools,react,eog,csm,2,2,3,task_20260106_161859_265_00364ece_0e836ce8,0.75,0,105216,326.4
tools,react,eog,csm,3,1,1,task_20251127_070938_325_b393a327_a40b1f4e,0.0,0,109316,296.0
tools,react,eog,csm,3,1,1,task_20251204_231522_245_e6427839_5d09c3c2,1.0,1,76570,151.5
tools,react,eog,csm,3,1,1,task_20251205_194841_224_391f1eff_136bedae,0.0,0,31856,65.2
tools,react,eog,csm,3,1,1,task_20251208_035402_755_ad5a67e3_8ca9a646,0.0,0,128060,275.4
tools,react,eog,csm,3,1,1,task_20251210_145940_356_accab84d_c16e9916,0.4,0,241323,469.9
tools,react,eog,csm,3,1,1,task_20251210_161511_924_2aa6b0ad_1446c2b4,0.666667,0,117207,188.5
tools,react,eog,csm,3,1,1,task_20251211_192109_853_99ba2325_b21298a0,1.0,1,144018,250.9
tools,react,eog,csm,3,1,1,task_20260102_155148_014_accab84d_910b176a,0.5,0,68268,153.7
tools,react,eog,csm,3,1,1,task_20260102_162857_012_391f1eff_39478d55,0.5,0,134885,261.7
tools,react,eog,csm,3,1,1,task_20260106_134616_649_e6427839_7dba5a00,1.0,1,199002,353.8
tools,react,eog,csm,3,1,1,task_20260106_155841_121_e6427839_fa425cbe,0.0,0,127029,269.4
tools,react,eog,csm,3,1,1,task_20260106_185201_238_00364ece_8ab4fd80,0.333333,0,177863,405.7
tools,react,eog,csm,3,1,1,task_20260107_162554_472_accab84d_41d2e871,0.0,0,61711,172.6
tools,react,eog,csm,3,1,2,task_20251127_070938_325_b393a327_a40b1f4e,0.0,0,96286,260.3
tools,react,eog,csm,3,1,2,task_20251204_231522_245_e6427839_5d09c3c2,0.5,0,121327,148.4
tools,react,eog,csm,3,1,2,task_20251205_194841_224_391f1eff_136bedae,0.0,0,11018,26.3
tools,react,eog,csm,3,1,2,task_20251208_035402_755_ad5a67e3_8ca9a646,0.0,0,117911,328.1
tools,react,eog,csm,3,1,2,task_20251210_145940_356_accab84d_c16e9916,0.4,0,334100,733.6
tools,react,eog,csm,3,1,2,task_20251210_161511_924_2aa6b0ad_1446c2b4,0.666667,0,96984,125.8
tools,react,eog,csm,3,1,2,task_20251211_192109_853_99ba2325_b21298a0,0.6,0,80028,174.1
tools,react,eog,csm,3,1,2,task_20260102_155148_014_accab84d_910b176a,0.5,0,68435,123.8
tools,react,eog,csm,3,1,2,task_20260102_162857_012_391f1eff_39478d55,1.0,1,107037,213.9
tools,react,eog,csm,3,1,2,task_20260106_134616_649_e6427839_7dba5a00,1.0,1,85023,223.9
tools,react,eog,csm,3,1,2,task_20260106_155841_121_e6427839_fa425cbe,0.0,0,106044,220.7
tools,react,eog,csm,3,1,2,task_20260106_185201_238_00364ece_8ab4fd80,0.333333,0,195627,297.2
tools,react,eog,csm,3,1,2,task_20260107_162554_472_accab84d_41d2e871,0.0,0,312044,333.0
tools,react,eog,csm,3,1,3,task_20251127_070938_325_b393a327_a40b1f4e,0.0,0,169129,343.4
tools,react,eog,csm,3,1,3,task_20251204_231522_245_e6427839_5d09c3c2,1.0,1,85015,116.1
tools,react,eog,csm,3,1,3,task_20251205_194841_224_391f1eff_136bedae,0.0,0,10323,27.4
tools,react,eog,csm,3,1,3,task_20251208_035402_755_ad5a67e3_8ca9a646,0.0,0,181682,449.9
tools,react,eog,csm,3,1,3,task_20251210_145940_356_accab84d_c16e9916,0.6,0,228581,299.8
tools,react,eog,csm,3,1,3,task_20251210_161511_924_2aa6b0ad_1446c2b4,1.0,1,107384,160.6
tools,react,eog,csm,3,1,3,task_20251211_192109_853_99ba2325_b21298a0,1.0,1,192226,343.8
tools,react,eog,csm,3,1,3,task_20260102_155148_014_accab84d_910b176a,0.75,0,104324,137.1
tools,react,eog,csm,3,1,3,task_20260102_162857_012_391f1eff_39478d55,1.0,1,116979,265.4
tools,react,eog,csm,3,1,3,task_20260106_134616_649_e6427839_7dba5a00,1.0,1,76385,202.9
tools,react,eog,csm,3,1,3,task_20260106_155841_121_e6427839_fa425cbe,1.0,1,148326,218.3
tools,react,eog,csm,3,1,3,task_20260106_185201_238_00364ece_8ab4fd80,0.333333,0,199938,390.7
tools,react,eog,csm,3,1,3,task_20260107_162554_472_accab84d_41d2e871,0.0,0,107879,219.8
tools,react,eog,csm,3,2,1,task_20251128_072831_616_6cd2e092_426f7c81,0.75,0,356754,388.3
tools,react,eog,csm,3,2,1,task_20251203_194626_202_391f1eff_1336fae8,0.0,0,75557,130.5
tools,react,eog,csm,3,2,1,task_20251206_091748_833_a8eea1c0_7775ff15,1.0,1,124854,195.2
tools,react,eog,csm,3,2,1,task_20251206_113950_467_6cd2e092_1a268d87,0.0,0,110439,238.5
tools,react,eog,csm,3,2,1,task_20251206_114027_879_5c0cd3a2_904991cc,0.5,0,51945,69.7
tools,react,eog,csm,3,2,1,task_20251206_130444_802_6cd2e092_8979087f,0.75,0,331447,327.9
tools,react,eog,csm,3,2,1,task_20251212_222304_435_66392a82_815cd745,0.8,0,195255,231.9
tools,react,eog,csm,3,2,1,task_20251231_152332_133_ad5a67e3_2a4e226c,0.5,0,82986,114.5
tools,react,eog,csm,3,2,1,task_20251231_164213_376_00364ece_724e98d5,1.0,1,131586,302.0
tools,react,eog,csm,3,2,1,task_20260101_111750_695_30600918_80637585,0.0,0,99536,257.1
tools,react,eog,csm,3,2,1,task_20260105_191634_257_2aa6b0ad_ea0bbd82,0.666667,0,116671,158.8
tools,react,eog,csm,3,2,1,task_20260105_221816_258_00364ece_50f56980,1.0,1,131912,243.2
tools,react,eog,csm,3,2,1,task_20260106_090444_873_99ba2325_980a3405,1.0,1,174862,405.9
tools,react,eog,csm,3,2,1,task_20260106_161859_265_00364ece_0e836ce8,0.75,0,244847,419.2
tools,react,eog,csm,3,2,2,task_20251128_072831_616_6cd2e092_426f7c81,0.75,0,389205,473.7
tools,react,eog,csm,3,2,2,task_20251203_194626_202_391f1eff_1336fae8,0.0,0,67382,148.0
tools,react,eog,csm,3,2,2,task_20251206_091748_833_a8eea1c0_7775ff15,1.0,1,144985,371.9
tools,react,eog,csm,3,2,2,task_20251206_113950_467_6cd2e092_1a268d87,0.0,0,155351,446.1
tools,react,eog,csm,3,2,2,task_20251206_114027_879_5c0cd3a2_904991cc,0.5,0,44778,95.0
tools,react,eog,csm,3,2,2,task_20251206_130444_802_6cd2e092_8979087f,0.75,0,533143,739.2
tools,react,eog,csm,3,2,2,task_20251212_222304_435_66392a82_815cd745,0.8,0,265453,409.1
tools,react,eog,csm,3,2,2,task_20251231_152332_133_ad5a67e3_2a4e226c,0.5,0,85343,129.2
tools,react,eog,csm,3,2,2,task_20251231_164213_376_00364ece_724e98d5,1.0,1,139558,304.9
tools,react,eog,csm,3,2,2,task_20260101_111750_695_30600918_80637585,0.0,0,102185,340.1
tools,react,eog,csm,3,2,2,task_20260105_191634_257_2aa6b0ad_ea0bbd82,0.666667,0,167474,218.2
tools,react,eog,csm,3,2,2,task_20260105_221816_258_00364ece_50f56980,1.0,1,128766,235.7
tools,react,eog,csm,3,2,2,task_20260106_090444_873_99ba2325_980a3405,1.0,1,112349,339.4
tools,react,eog,csm,3,2,2,task_20260106_161859_265_00364ece_0e836ce8,0.75,0,201126,533.2
tools,react,eog,csm,3,2,3,task_20251128_072831_616_6cd2e092_426f7c81,0.75,0,521258,579.2
tools,react,eog,csm,3,2,3,task_20251203_194626_202_391f1eff_1336fae8,0.0,0,79965,167.4
tools,react,eog,csm,3,2,3,task_20251206_091748_833_a8eea1c0_7775ff15,1.0,1,156530,332.8
tools,react,eog,csm,3,2,3,task_20251206_113950_467_6cd2e092_1a268d87,0.5,0,115564,409.6
tools,react,eog,csm,3,2,3,task_20251206_114027_879_5c0cd3a2_904991cc,0.5,0,41388,55.4
tools,react,eog,csm,3,2,3,task_20251206_130444_802_6cd2e092_8979087f,0.75,0,288615,374.7
tools,react,eog,csm,3,2,3,task_20251212_222304_435_66392a82_815cd745,0.8,0,702801,418.1
tools,react,eog,csm,3,2,3,task_20251231_152332_133_ad5a67e3_2a4e226c,0.5,0,72742,108.2
tools,react,eog,csm,3,2,3,task_20251231_164213_376_00364ece_724e98d5,1.0,1,155110,388.7
tools,react,eog,csm,3,2,3,task_20260101_111750_695_30600918_80637585,0.25,0,167956,416.0
tools,react,eog,csm,3,2,3,task_20260105_191634_257_2aa6b0ad_ea0bbd82,0.666667,0,178980,267.8
tools,react,eog,csm,3,2,3,task_20260105_221816_258_00364ece_50f56980,1.0,1,117123,281.4
tools,react,eog,csm,3,2,3,task_20260106_090444_873_99ba2325_980a3405,1.0,1,172021,521.9
tools,react,eog,csm,3,2,3,task_20260106_161859_265_00364ece_0e836ce8,0.5,0,188216,520.3
tools,react,eog,csm,3,3,1,task_20251203_051113_560_99ba2325_1ff9b6e5,1.0,1,111677,346.0
tools,react,eog,csm,3,3,1,task_20251205_060649_946_66392a82_354af85a,0.0,0,114783,203.5
tools,react,eog,csm,3,3,1,task_20251205_072016_336_46ca2862_e9006fbb,1.0,1,155557,214.5
tools,react,eog,csm,3,3,1,task_20251205_075543_102_46ca2862_7ba653d0,0.6,0,218614,412.2
tools,react,eog,csm,3,3,1,task_20251210_183114_382_99ba2325_071a72ab,0.5,0,60417,165.0
tools,react,eog,csm,3,3,1,task_20251211_021838_048_accab84d_a511ee6e,0.666667,0,133013,219.0
tools,react,eog,csm,3,3,1,task_20260101_191529_659_a8eea1c0_27d3bf1b,0.833333,0,153727,279.0
tools,react,eog,csm,3,3,1,task_20260101_233731_695_00364ece_187f2808,1.0,1,184942,479.4
tools,react,eog,csm,3,3,1,task_20260102_031908_712_accab84d_886a7365,0.777778,0,196028,541.0
tools,react,eog,csm,3,3,1,task_20260102_100510_709_66392a82_3d301c18,0.8,0,87347,136.4
tools,react,eog,csm,3,3,1,task_20260102_165223_158_99ba2325_67a4a1e9,0.0,0,37669,160.2
tools,react,eog,csm,3,3,1,task_20260102_172945_725_ad5a67e3_5480e26f,0.8,0,211129,342.9
tools,react,eog,csm,3,3,1,task_20260102_210829_972_2aa6b0ad_e3d70e04,1.0,1,202716,283.1
tools,react,eog,csm,3,3,1,task_20260106_145907_700_a8eea1c0_f5bae698,0.857143,0,221383,736.0
tools,react,eog,csm,3,3,1,task_20260106_151754_319_d4a463c3_41f0af13,0.0,0,241081,318.1
tools,react,eog,csm,3,3,1,task_20260106_161324_272_c4ad7a70_4b3980fc,1.0,1,204384,387.8
tools,react,eog,csm,3,3,1,task_20260108_160928_699_391f1eff_905701cb,0.0,0,105471,133.9
tools,react,eog,csm,3,3,1,task_20260121_162252_344_1afb323a_f878fac7,1.0,1,97807,285.4
tools,react,eog,csm,3,3,1,task_20260121_163208_054_1afb323a_7f40ee66,0.0,0,131546,272.9
tools,react,eog,csm,3,3,1,task_20260121_183027_058_1afb323a_c53cb400,0.8,0,153860,215.8
tools,react,eog,csm,3,3,2,task_20251203_051113_560_99ba2325_1ff9b6e5,1.0,1,134038,441.3
tools,react,eog,csm,3,3,2,task_20251205_060649_946_66392a82_354af85a,1.0,1,109195,186.5
tools,react,eog,csm,3,3,2,task_20251205_072016_336_46ca2862_e9006fbb,1.0,1,177596,238.8
tools,react,eog,csm,3,3,2,task_20251205_075543_102_46ca2862_7ba653d0,0.6,0,203451,504.4
tools,react,eog,csm,3,3,2,task_20251210_183114_382_99ba2325_071a72ab,0.5,0,83319,252.9
tools,react,eog,csm,3,3,2,task_20251211_021838_048_accab84d_a511ee6e,0.666667,0,98855,204.8
tools,react,eog,csm,3,3,2,task_20260101_191529_659_a8eea1c0_27d3bf1b,0.833333,0,258717,524.4
tools,react,eog,csm,3,3,2,task_20260101_233731_695_00364ece_187f2808,1.0,1,336833,681.7
tools,react,eog,csm,3,3,2,task_20260102_031908_712_accab84d_886a7365,0.888889,0,266621,885.8
tools,react,eog,csm,3,3,2,task_20260102_100510_709_66392a82_3d301c18,0.8,0,373251,224.7
tools,react,eog,csm,3,3,2,task_20260102_165223_158_99ba2325_67a4a1e9,0.0,0,12456,48.5
tools,react,eog,csm,3,3,2,task_20260102_172945_725_ad5a67e3_5480e26f,1.0,1,343327,478.6
tools,react,eog,csm,3,3,2,task_20260102_210829_972_2aa6b0ad_e3d70e04,1.0,1,151314,330.0
tools,react,eog,csm,3,3,2,task_20260106_145907_700_a8eea1c0_f5bae698,0.857143,0,285198,910.1
tools,react,eog,csm,3,3,2,task_20260106_151754_319_d4a463c3_41f0af13,1.0,1,449425,365.2
tools,react,eog,csm,3,3,2,task_20260106_161324_272_c4ad7a70_4b3980fc,0.75,0,229001,620.0
tools,react,eog,csm,3,3,2,task_20260108_160928_699_391f1eff_905701cb,0.0,0,87897,174.2
tools,react,eog,csm,3,3,2,task_20260121_162252_344_1afb323a_f878fac7,1.0,1,86169,327.1
tools,react,eog,csm,3,3,2,task_20260121_163208_054_1afb323a_7f40ee66,0.0,0,81737,297.2
tools,react,eog,csm,3,3,2,task_20260121_183027_058_1afb323a_c53cb400,0.8,0,151002,249.8
tools,react,eog,csm,3,3,3,task_20251203_051113_560_99ba2325_1ff9b6e5,1.0,1,120876,295.2
tools,react,eog,csm,3,3,3,task_20251205_060649_946_66392a82_354af85a,1.0,1,108501,152.0
tools,react,eog,csm,3,3,3,task_20251205_072016_336_46ca2862_e9006fbb,1.0,1,154313,181.8
tools,react,eog,csm,3,3,3,task_20251205_075543_102_46ca2862_7ba653d0,0.8,0,139119,313.6
tools,react,eog,csm,3,3,3,task_20251210_183114_382_99ba2325_071a72ab,0.5,0,74373,266.9
tools,react,eog,csm,3,3,3,task_20251211_021838_048_accab84d_a511ee6e,0.666667,0,87978,150.9
tools,react,eog,csm,3,3,3,task_20260101_191529_659_a8eea1c0_27d3bf1b,0.833333,0,97553,239.6
tools,react,eog,csm,3,3,3,task_20260101_233731_695_00364ece_187f2808,1.0,1,200214,493.1
tools,react,eog,csm,3,3,3,task_20260102_031908_712_accab84d_886a7365,0.888889,0,260854,632.5
tools,react,eog,csm,3,3,3,task_20260102_100510_709_66392a82_3d301c18,0.8,0,352124,224.3
tools,react,eog,csm,3,3,3,task_20260102_165223_158_99ba2325_67a4a1e9,0.0,0,73179,210.8
tools,react,eog,csm,3,3,3,task_20260102_172945_725_ad5a67e3_5480e26f,0.8,0,286111,566.1
tools,react,eog,csm,3,3,3,task_20260102_210829_972_2aa6b0ad_e3d70e04,1.0,1,182126,343.6
tools,react,eog,csm,3,3,3,task_20260106_145907_700_a8eea1c0_f5bae698,0.714286,0,253740,731.6
tools,react,eog,csm,3,3,3,task_20260106_151754_319_d4a463c3_41f0af13,0.0,0,11365,48.0
tools,react,eog,csm,3,3,3,task_20260106_161324_272_c4ad7a70_4b3980fc,1.0,1,146009,311.6
tools,react,eog,csm,3,3,3,task_20260108_160928_699_391f1eff_905701cb,0.0,0,76109,147.5
tools,react,eog,csm,3,3,3,task_20260121_162252_344_1afb323a_f878fac7,1.0,1,121387,344.5
tools,react,eog,csm,3,3,3,task_20260121_163208_054_1afb323a_7f40ee66,0.0,0,94630,237.3
tools,react,eog,csm,3,3,3,task_20260121_183027_058_1afb323a_c53cb400,0.8,0,127860,170.7
tools,react,eog,csm,4,1,1,task_20251127_070938_325_b393a327_a40b1f4e,1.0,1,28594,82.5
tools,react,eog,csm,4,1,1,task_20251204_231522_245_e6427839_5d09c3c2,1.0,1,119880,206.0
tools,react,eog,csm,4,1,1,task_20251205_194841_224_391f1eff_136bedae,0.0,0,12604,35.3
tools,react,eog,csm,4,1,1,task_20251208_035402_755_ad5a67e3_8ca9a646,0.0,0,143879,417.7
tools,react,eog,csm,4,1,1,task_20251210_145940_356_accab84d_c16e9916,0.2,0,221284,488.0
tools,react,eog,csm,4,1,1,task_20251210_161511_924_2aa6b0ad_1446c2b4,1.0,1,119483,188.4
tools,react,eog,csm,4,1,1,task_20251211_192109_853_99ba2325_b21298a0,0.4,0,206844,416.0
tools,react,eog,csm,4,1,1,task_20260102_155148_014_accab84d_910b176a,0.5,0,81217,131.0
tools,react,eog,csm,4,1,1,task_20260102_162857_012_391f1eff_39478d55,1.0,1,111948,247.4
tools,react,eog,csm,4,1,1,task_20260106_134616_649_e6427839_7dba5a00,0.5,0,163090,426.0
tools,react,eog,csm,4,1,1,task_20260106_155841_121_e6427839_fa425cbe,0.0,0,195398,358.0
tools,react,eog,csm,4,1,1,task_20260106_185201_238_00364ece_8ab4fd80,0.333333,0,208064,526.6
tools,react,eog,csm,4,1,1,task_20260107_162554_472_accab84d_41d2e871,0.0,0,297048,475.3
tools,react,eog,csm,4,1,2,task_20251127_070938_325_b393a327_a40b1f4e,0.0,0,85873,240.1
tools,react,eog,csm,4,1,2,task_20251204_231522_245_e6427839_5d09c3c2,1.0,1,90816,135.4
tools,react,eog,csm,4,1,2,task_20251205_194841_224_391f1eff_136bedae,0.0,0,27289,68.0
tools,react,eog,csm,4,1,2,task_20251208_035402_755_ad5a67e3_8ca9a646,0.0,0,150178,379.0
tools,react,eog,csm,4,1,2,task_20251210_145940_356_accab84d_c16e9916,0.0,0,168971,407.0
tools,react,eog,csm,4,1,2,task_20251210_161511_924_2aa6b0ad_1446c2b4,1.0,1,140455,163.5
tools,react,eog,csm,4,1,2,task_20251211_192109_853_99ba2325_b21298a0,0.6,0,146382,224.8
tools,react,eog,csm,4,1,2,task_20260102_155148_014_accab84d_910b176a,0.5,0,66063,92.2
tools,react,eog,csm,4,1,2,task_20260102_162857_012_391f1eff_39478d55,1.0,1,110778,227.5
tools,react,eog,csm,4,1,2,task_20260106_134616_649_e6427839_7dba5a00,0.5,0,168447,351.9
tools,react,eog,csm,4,1,2,task_20260106_155841_121_e6427839_fa425cbe,1.0,1,157606,290.2
tools,react,eog,csm,4,1,2,task_20260106_185201_238_00364ece_8ab4fd80,0.333333,0,246836,406.6
tools,react,eog,csm,4,1,2,task_20260107_162554_472_accab84d_41d2e871,0.0,0,149997,289.9
tools,react,eog,csm,4,1,3,task_20251127_070938_325_b393a327_a40b1f4e,0.0,0,72957,267.7
tools,react,eog,csm,4,1,3,task_20251204_231522_245_e6427839_5d09c3c2,1.0,1,118787,230.2
tools,react,eog,csm,4,1,3,task_20251205_194841_224_391f1eff_136bedae,0.0,0,38521,86.2
tools,react,eog,csm,4,1,3,task_20251208_035402_755_ad5a67e3_8ca9a646,0.0,0,198630,431.7
tools,react,eog,csm,4,1,3,task_20251210_145940_356_accab84d_c16e9916,0.4,0,315414,720.2
tools,react,eog,csm,4,1,3,task_20251210_161511_924_2aa6b0ad_1446c2b4,0.666667,0,118359,284.2
tools,react,eog,csm,4,1,3,task_20251211_192109_853_99ba2325_b21298a0,1.0,1,207986,339.0
tools,react,eog,csm,4,1,3,task_20260102_155148_014_accab84d_910b176a,0.5,0,108543,220.8
tools,react,eog,csm,4,1,3,task_20260102_162857_012_391f1eff_39478d55,0.5,0,126025,338.3
tools,react,eog,csm,4,1,3,task_20260106_134616_649_e6427839_7dba5a00,0.5,0,112182,276.3
tools,react,eog,csm,4,1,3,task_20260106_155841_121_e6427839_fa425cbe,0.5,0,222863,381.3
tools,react,eog,csm,4,1,3,task_20260106_185201_238_00364ece_8ab4fd80,0.333333,0,248224,482.7
tools,react,eog,csm,4,1,3,task_20260107_162554_472_accab84d_41d2e871,0.0,0,211103,463.3
tools,react,eog,csm,4,2,1,task_20251128_072831_616_6cd2e092_426f7c81,0.75,0,544935,501.0
tools,react,eog,csm,4,2,1,task_20251203_194626_202_391f1eff_1336fae8,0.0,0,71470,251.7
tools,react,eog,csm,4,2,1,task_20251206_091748_833_a8eea1c0_7775ff15,1.0,1,132984,353.7
tools,react,eog,csm,4,2,1,task_20251206_113950_467_6cd2e092_1a268d87,0.0,0,90171,511.7
tools,react,eog,csm,4,2,1,task_20251206_114027_879_5c0cd3a2_904991cc,0.5,0,39759,60.4
tools,react,eog,csm,4,2,1,task_20251206_130444_802_6cd2e092_8979087f,1.0,1,447853,521.7
tools,react,eog,csm,4,2,1,task_20251212_222304_435_66392a82_815cd745,1.0,1,253158,318.0
tools,react,eog,csm,4,2,1,task_20251231_152332_133_ad5a67e3_2a4e226c,0.5,0,102221,125.1
tools,react,eog,csm,4,2,1,task_20251231_164213_376_00364ece_724e98d5,1.0,1,180702,368.5
tools,react,eog,csm,4,2,1,task_20260101_111750_695_30600918_80637585,0.25,0,151894,707.6
tools,react,eog,csm,4,2,1,task_20260105_191634_257_2aa6b0ad_ea0bbd82,1.0,1,213196,256.7
tools,react,eog,csm,4,2,1,task_20260105_221816_258_00364ece_50f56980,1.0,1,152987,294.7
tools,react,eog,csm,4,2,1,task_20260106_090444_873_99ba2325_980a3405,1.0,1,151696,679.8
tools,react,eog,csm,4,2,1,task_20260106_161859_265_00364ece_0e836ce8,0.25,0,266202,703.2
tools,react,eog,csm,4,2,2,task_20251128_072831_616_6cd2e092_426f7c81,0.75,0,322439,326.0
tools,react,eog,csm,4,2,2,task_20251203_194626_202_391f1eff_1336fae8,0.0,0,68539,146.9
tools,react,eog,csm,4,2,2,task_20251206_091748_833_a8eea1c0_7775ff15,1.0,1,195222,314.3
tools,react,eog,csm,4,2,2,task_20251206_113950_467_6cd2e092_1a268d87,0.5,0,88859,187.5
tools,react,eog,csm,4,2,2,task_20251206_114027_879_5c0cd3a2_904991cc,0.5,0,54187,65.4
tools,react,eog,csm,4,2,2,task_20251206_130444_802_6cd2e092_8979087f,0.75,0,225743,338.6
tools,react,eog,csm,4,2,2,task_20251212_222304_435_66392a82_815cd745,1.0,1,260795,286.5
tools,react,eog,csm,4,2,2,task_20251231_152332_133_ad5a67e3_2a4e226c,0.5,0,89815,99.0
tools,react,eog,csm,4,2,2,task_20251231_164213_376_00364ece_724e98d5,0.8,0,218060,417.9
tools,react,eog,csm,4,2,2,task_20260101_111750_695_30600918_80637585,0.25,0,188301,393.5
tools,react,eog,csm,4,2,2,task_20260105_191634_257_2aa6b0ad_ea0bbd82,1.0,1,174630,168.9
tools,react,eog,csm,4,2,2,task_20260105_221816_258_00364ece_50f56980,1.0,1,143488,256.2
tools,react,eog,csm,4,2,2,task_20260106_090444_873_99ba2325_980a3405,1.0,1,136037,270.8
tools,react,eog,csm,4,2,2,task_20260106_161859_265_00364ece_0e836ce8,0.5,0,202164,369.8
tools,react,eog,csm,4,2,3,task_20251128_072831_616_6cd2e092_426f7c81,0.75,0,387493,461.4
tools,react,eog,csm,4,2,3,task_20251203_194626_202_391f1eff_1336fae8,0.0,0,77806,98.4
tools,react,eog,csm,4,2,3,task_20251206_091748_833_a8eea1c0_7775ff15,1.0,1,140071,357.0
tools,react,eog,csm,4,2,3,task_20251206_113950_467_6cd2e092_1a268d87,0.0,0,384996,288.6
tools,react,eog,csm,4,2,3,task_20251206_114027_879_5c0cd3a2_904991cc,0.5,0,66046,96.1
tools,react,eog,csm,4,2,3,task_20251206_130444_802_6cd2e092_8979087f,0.75,0,266765,443.0
tools,react,eog,csm,4,2,3,task_20251212_222304_435_66392a82_815cd745,1.0,1,295800,439.6
tools,react,eog,csm,4,2,3,task_20251231_152332_133_ad5a67e3_2a4e226c,0.5,0,101854,99.5
tools,react,eog,csm,4,2,3,task_20251231_164213_376_00364ece_724e98d5,0.8,0,188188,444.4
tools,react,eog,csm,4,2,3,task_20260101_111750_695_30600918_80637585,0.0,0,90823,320.7
tools,react,eog,csm,4,2,3,task_20260105_191634_257_2aa6b0ad_ea0bbd82,1.0,1,162631,300.0
tools,react,eog,csm,4,2,3,task_20260105_221816_258_00364ece_50f56980,1.0,1,131673,495.9
tools,react,eog,csm,4,2,3,task_20260106_090444_873_99ba2325_980a3405,1.0,1,136275,391.1
tools,react,eog,csm,4,2,3,task_20260106_161859_265_00364ece_0e836ce8,0.25,0,212212,468.4
tools,react,eog,csm,4,3,1,task_20251203_051113_560_99ba2325_1ff9b6e5,1.0,1,115083,246.0
tools,react,eog,csm,4,3,1,task_20251205_060649_946_66392a82_354af85a,0.0,0,130474,215.8
tools,react,eog,csm,4,3,1,task_20251205_072016_336_46ca2862_e9006fbb,1.0,1,185202,169.4
tools,react,eog,csm,4,3,1,task_20251205_075543_102_46ca2862_7ba653d0,0.8,0,179360,359.2
tools,react,eog,csm,4,3,1,task_20251210_183114_382_99ba2325_071a72ab,0.5,0,85066,236.1
tools,react,eog,csm,4,3,1,task_20251211_021838_048_accab84d_a511ee6e,0.666667,0,133623,252.8
tools,react,eog,csm,4,3,1,task_20260101_191529_659_a8eea1c0_27d3bf1b,0.833333,0,214800,462.2
tools,react,eog,csm,4,3,1,task_20260101_233731_695_00364ece_187f2808,1.0,1,146333,336.7
tools,react,eog,csm,4,3,1,task_20260102_031908_712_accab84d_886a7365,0.777778,0,369456,792.4
tools,react,eog,csm,4,3,1,task_20260102_100510_709_66392a82_3d301c18,0.8,0,139106,149.0
tools,react,eog,csm,4,3,1,task_20260102_165223_158_99ba2325_67a4a1e9,0.0,0,71209,182.5
tools,react,eog,csm,4,3,1,task_20260102_172945_725_ad5a67e3_5480e26f,1.0,1,538322,704.6
tools,react,eog,csm,4,3,1,task_20260102_210829_972_2aa6b0ad_e3d70e04,1.0,1,220913,259.8
tools,react,eog,csm,4,3,1,task_20260106_145907_700_a8eea1c0_f5bae698,0.571429,0,460174,935.9
tools,react,eog,csm,4,3,1,task_20260106_151754_319_d4a463c3_41f0af13,1.0,1,540493,391.9
tools,react,eog,csm,4,3,1,task_20260106_161324_272_c4ad7a70_4b3980fc,1.0,1,251003,436.1
tools,react,eog,csm,4,3,1,task_20260108_160928_699_391f1eff_905701cb,0.0,0,91996,138.9
tools,react,eog,csm,4,3,1,task_20260121_162252_344_1afb323a_f878fac7,1.0,1,155266,320.7
tools,react,eog,csm,4,3,1,task_20260121_163208_054_1afb323a_7f40ee66,0.0,0,188726,259.7
tools,react,eog,csm,4,3,1,task_20260121_183027_058_1afb323a_c53cb400,0.8,0,166279,193.7
tools,react,eog,csm,4,3,2,task_20251203_051113_560_99ba2325_1ff9b6e5,1.0,1,143627,399.5
tools,react,eog,csm,4,3,2,task_20251205_060649_946_66392a82_354af85a,0.833333,0,128478,161.5
tools,react,eog,csm,4,3,2,task_20251205_072016_336_46ca2862_e9006fbb,1.0,1,187292,329.4
tools,react,eog,csm,4,3,2,task_20251205_075543_102_46ca2862_7ba653d0,0.8,0,213338,431.4
tools,react,eog,csm,4,3,2,task_20251210_183114_382_99ba2325_071a72ab,0.5,0,87835,363.3
tools,react,eog,csm,4,3,2,task_20251211_021838_048_accab84d_a511ee6e,0.666667,0,132532,198.3
tools,react,eog,csm,4,3,2,task_20260101_191529_659_a8eea1c0_27d3bf1b,0.833333,0,118999,365.0
tools,react,eog,csm,4,3,2,task_20260101_233731_695_00364ece_187f2808,1.0,1,225975,515.7
tools,react,eog,csm,4,3,2,task_20260102_031908_712_accab84d_886a7365,0.666667,0,415483,1220.6
tools,react,eog,csm,4,3,2,task_20260102_100510_709_66392a82_3d301c18,0.8,0,120832,108.2
tools,react,eog,csm,4,3,2,task_20260102_165223_158_99ba2325_67a4a1e9,0.0,0,72200,179.4
tools,react,eog,csm,4,3,2,task_20260102_172945_725_ad5a67e3_5480e26f,0.8,0,207062,540.1
tools,react,eog,csm,4,3,2,task_20260102_210829_972_2aa6b0ad_e3d70e04,1.0,1,367499,491.5
tools,react,eog,csm,4,3,2,task_20260106_145907_700_a8eea1c0_f5bae698,0.857143,0,259843,738.7
tools,react,eog,csm,4,3,2,task_20260106_151754_319_d4a463c3_41f0af13,1.0,1,504989,428.5
tools,react,eog,csm,4,3,2,task_20260106_161324_272_c4ad7a70_4b3980fc,1.0,1,158078,422.1
tools,react,eog,csm,4,3,2,task_20260108_160928_699_391f1eff_905701cb,0.0,0,90959,161.2
tools,react,eog,csm,4,3,2,task_20260121_162252_344_1afb323a_f878fac7,1.0,1,170470,450.3
tools,react,eog,csm,4,3,2,task_20260121_163208_054_1afb323a_7f40ee66,0.0,0,110548,356.7
tools,react,eog,csm,4,3,2,task_20260121_183027_058_1afb323a_c53cb400,0.8,0,167102,301.3
tools,react,eog,csm,4,3,3,task_20251203_051113_560_99ba2325_1ff9b6e5,1.0,1,100613,205.1
tools,react,eog,csm,4,3,3,task_20251205_060649_946_66392a82_354af85a,1.0,1,46606,63.3
tools,react,eog,csm,4,3,3,task_20251205_072016_336_46ca2862_e9006fbb,1.0,1,185656,173.4
tools,react,eog,csm,4,3,3,task_20251205_075543_102_46ca2862_7ba653d0,0.8,0,208483,325.3
tools,react,eog,csm,4,3,3,task_20251210_183114_382_99ba2325_071a72ab,0.5,0,85357,178.3
tools,react,eog,csm,4,3,3,task_20251211_021838_048_accab84d_a511ee6e,0.666667,0,150373,254.8
tools,react,eog,csm,4,3,3,task_20260101_191529_659_a8eea1c0_27d3bf1b,0.833333,0,220207,598.2
tools,react,eog,csm,4,3,3,task_20260101_233731_695_00364ece_187f2808,1.0,1,290380,462.9
tools,react,eog,csm,4,3,3,task_20260102_031908_712_accab84d_886a7365,0.888889,0,295194,809.6
tools,react,eog,csm,4,3,3,task_20260102_100510_709_66392a82_3d301c18,0.8,0,392678,642.2
tools,react,eog,csm,4,3,3,task_20260102_165223_158_99ba2325_67a4a1e9,0.0,0,148770,310.3
tools,react,eog,csm,4,3,3,task_20260102_172945_725_ad5a67e3_5480e26f,0.8,0,259527,423.1
tools,react,eog,csm,4,3,3,task_20260102_210829_972_2aa6b0ad_e3d70e04,1.0,1,328100,351.6
tools,react,eog,csm,4,3,3,task_20260106_145907_700_a8eea1c0_f5bae698,0.857143,0,236923,828.1
tools,react,eog,csm,4,3,3,task_20260106_151754_319_d4a463c3_41f0af13,1.0,1,529801,319.9
tools,react,eog,csm,4,3,3,task_20260106_161324_272_c4ad7a70_4b3980fc,0.75,0,269871,417.8
tools,react,eog,csm,4,3,3,task_20260108_160928_699_391f1eff_905701cb,0.0,0,91336,129.7
tools,react,eog,csm,4,3,3,task_20260121_162252_344_1afb323a_f878fac7,1.0,1,117213,268.0
tools,react,eog,csm,4,3,3,task_20260121_163208_054_1afb323a_7f40ee66,0.0,0,157192,312.3
tools,react,eog,csm,4,3,3,task_20260121_183027_058_1afb323a_c53cb400,0.8,0,181121,190.9
tools,react,eog,csm,4,4,1,task_20251127_152838_396_99ba2325_8391501f,0.5,0,194400,430.4
tools,react,eog,csm,4,4,1,task_20251128_204735_353_66392a82_3f8ef4a1,0.4,0,212754,352.2
tools,react,eog,csm,4,4,1,task_20251201_164641_724_109c89c0_1b29acb9,0.5,0,315469,304.2
tools,react,eog,csm,4,4,1,task_20251202_052822_939_66392a82_0479926e,0.8,0,281095,137.2
tools,react,eog,csm,4,4,1,task_20251202_100743_745_109c89c0_958a07c1,0.0,0,14372,52.9
tools,react,eog,csm,4,4,1,task_20251203_064555_149_66392a82_d124b805,1.0,1,110670,134.1
tools,react,eog,csm,4,4,1,task_20251204_132620_055_5c0cd3a2_048c6e95,0.333333,0,206439,352.5
tools,react,eog,csm,4,4,1,task_20251205_095558_939_5c0cd3a2_4af4214c,0.5,0,353010,603.7
tools,react,eog,csm,4,4,1,task_20251205_101915_742_d4a463c3_8eac8077,0.5,0,247751,944.9
tools,react,eog,csm,4,4,1,task_20251205_153330_906_a8eea1c0_8c7a6205,1.0,1,221188,466.2
tools,react,eog,csm,4,4,1,task_20251207_174704_642_5c0cd3a2_c124578d,0.0,0,13507,42.3
tools,react,eog,csm,4,4,1,task_20251209_122452_734_d4a463c3_e5f1961c,1.0,1,176468,389.6
tools,react,eog,csm,4,4,1,task_20251212_011224_384_accab84d_4ad9b557,0.8,0,217811,439.2
tools,react,eog,csm,4,4,1,task_20251231_123548_425_8cd8e61e_9303271e,0.0,0,30455,80.6
tools,react,eog,csm,4,4,1,task_20251231_162628_797_a8eea1c0_0a53db6c,1.0,1,150509,292.7
tools,react,eog,csm,4,4,1,task_20260101_043715_660_a8eea1c0_7304e48e,0.9,0,184539,446.6
tools,react,eog,csm,4,4,1,task_20260101_122222_300_ad5a67e3_3757206c,0.0,0,119900,221.4
tools,react,eog,csm,4,4,1,task_20260101_162109_100_a8eea1c0_e88250ef,0.777778,0,240372,752.1
tools,react,eog,csm,4,4,1,task_20260101_202840_239_a8eea1c0_0f425b23,0.7,0,414511,1114.5
tools,react,eog,csm,4,4,1,task_20260102_063731_186_d4a463c3_f1c4df9b,1.0,1,143168,191.2
tools,react,eog,csm,4,4,1,task_20260102_080409_151_d4a463c3_56c32265,1.0,1,200454,284.3
tools,react,eog,csm,4,4,1,task_20260106_161816_678_a8eea1c0_1ef46cba,0.714286,0,280979,364.8
tools,react,eog,csm,4,4,1,task_20260107_111503_670_2aa6b0ad_e9611a77,1.0,1,117537,251.5
tools,react,eog,csm,4,4,1,task_20260121_145409_648_1afb323a_4e203caa,0.0,0,41646,77.5
tools,react,eog,csm,4,4,2,task_20251127_152838_396_99ba2325_8391501f,0.5,0,184792,459.2
tools,react,eog,csm,4,4,2,task_20251128_204735_353_66392a82_3f8ef4a1,0.4,0,206209,237.9
tools,react,eog,csm,4,4,2,task_20251201_164641_724_109c89c0_1b29acb9,0.5,0,371180,568.6
tools,react,eog,csm,4,4,2,task_20251202_052822_939_66392a82_0479926e,0.8,0,306313,169.2
tools,react,eog,csm,4,4,2,task_20251202_100743_745_109c89c0_958a07c1,0.0,0,14342,45.7
tools,react,eog,csm,4,4,2,task_20251203_064555_149_66392a82_d124b805,1.0,1,173799,142.2
tools,react,eog,csm,4,4,2,task_20251204_132620_055_5c0cd3a2_048c6e95,0.333333,0,430300,442.0
tools,react,eog,csm,4,4,2,task_20251205_095558_939_5c0cd3a2_4af4214c,0.5,0,355952,573.1
tools,react,eog,csm,4,4,2,task_20251205_101915_742_d4a463c3_8eac8077,0.5,0,352516,1090.5
tools,react,eog,csm,4,4,2,task_20251205_153330_906_a8eea1c0_8c7a6205,1.0,1,173886,255.1
tools,react,eog,csm,4,4,2,task_20251207_174704_642_5c0cd3a2_c124578d,0.0,0,13796,40.8
tools,react,eog,csm,4,4,2,task_20251209_122452_734_d4a463c3_e5f1961c,1.0,1,203237,515.8
tools,react,eog,csm,4,4,2,task_20251212_011224_384_accab84d_4ad9b557,0.6,0,217345,465.3
tools,react,eog,csm,4,4,2,task_20251231_123548_425_8cd8e61e_9303271e,0.333333,0,105320,225.1
tools,react,eog,csm,4,4,2,task_20251231_162628_797_a8eea1c0_0a53db6c,1.0,1,187054,577.1
tools,react,eog,csm,4,4,2,task_20260101_043715_660_a8eea1c0_7304e48e,0.7,0,190089,511.4
tools,react,eog,csm,4,4,2,task_20260101_122222_300_ad5a67e3_3757206c,0.6,0,272380,589.0
tools,react,eog,csm,4,4,2,task_20260101_162109_100_a8eea1c0_e88250ef,0.888889,0,191539,605.1
tools,react,eog,csm,4,4,2,task_20260101_202840_239_a8eea1c0_0f425b23,0.7,0,448887,1200.7
tools,react,eog,csm,4,4,2,task_20260102_063731_186_d4a463c3_f1c4df9b,1.0,1,126664,180.3
tools,react,eog,csm,4,4,2,task_20260102_080409_151_d4a463c3_56c32265,1.0,1,179521,458.1
tools,react,eog,csm,4,4,2,task_20260106_161816_678_a8eea1c0_1ef46cba,0.714286,0,282513,505.5
tools,react,eog,csm,4,4,2,task_20260107_111503_670_2aa6b0ad_e9611a77,1.0,1,176600,457.6
tools,react,eog,csm,4,4,2,task_20260121_145409_648_1afb323a_4e203caa,0.0,0,41258,221.9
tools,react,eog,csm,4,4,3,task_20251127_152838_396_99ba2325_8391501f,0.5,0,198035,323.0
tools,react,eog,csm,4,4,3,task_20251128_204735_353_66392a82_3f8ef4a1,0.4,0,226269,252.7
tools,react,eog,csm,4,4,3,task_20251201_164641_724_109c89c0_1b29acb9,0.5,0,343972,426.7
tools,react,eog,csm,4,4,3,task_20251202_052822_939_66392a82_0479926e,1.0,1,324123,178.7
tools,react,eog,csm,4,4,3,task_20251202_100743_745_109c89c0_958a07c1,0.0,0,13574,43.6
tools,react,eog,csm,4,4,3,task_20251203_064555_149_66392a82_d124b805,1.0,1,151989,122.1
tools,react,eog,csm,4,4,3,task_20251204_132620_055_5c0cd3a2_048c6e95,0.333333,0,253814,400.7
tools,react,eog,csm,4,4,3,task_20251205_095558_939_5c0cd3a2_4af4214c,0.5,0,535259,606.1
tools,react,eog,csm,4,4,3,task_20251205_101915_742_d4a463c3_8eac8077,0.5,0,253862,723.0
tools,react,eog,csm,4,4,3,task_20251205_153330_906_a8eea1c0_8c7a6205,0.666667,0,208932,311.5
tools,react,eog,csm,4,4,3,task_20251207_174704_642_5c0cd3a2_c124578d,0.0,0,14300,38.6
tools,react,eog,csm,4,4,3,task_20251209_122452_734_d4a463c3_e5f1961c,1.0,1,282941,453.3
tools,react,eog,csm,4,4,3,task_20251212_011224_384_accab84d_4ad9b557,0.8,0,160270,358.1
tools,react,eog,csm,4,4,3,task_20251231_123548_425_8cd8e61e_9303271e,0.0,0,30710,93.5
tools,react,eog,csm,4,4,3,task_20251231_162628_797_a8eea1c0_0a53db6c,1.0,1,154720,344.7
tools,react,eog,csm,4,4,3,task_20260101_043715_660_a8eea1c0_7304e48e,0.7,0,173218,424.9
tools,react,eog,csm,4,4,3,task_20260101_122222_300_ad5a67e3_3757206c,0.6,0,273729,553.7
tools,react,eog,csm,4,4,3,task_20260101_162109_100_a8eea1c0_e88250ef,0.777778,0,324902,764.4
tools,react,eog,csm,4,4,3,task_20260101_202840_239_a8eea1c0_0f425b23,0.7,0,280794,737.2
tools,react,eog,csm,4,4,3,task_20260102_063731_186_d4a463c3_f1c4df9b,1.0,1,144473,231.4
tools,react,eog,csm,4,4,3,task_20260102_080409_151_d4a463c3_56c32265,0.75,0,188253,307.0
tools,react,eog,csm,4,4,3,task_20260106_161816_678_a8eea1c0_1ef46cba,0.714286,0,225650,299.7
tools,react,eog,csm,4,4,3,task_20260107_111503_670_2aa6b0ad_e9611a77,1.0,1,133040,297.5
tools,react,eog,csm,4,4,3,task_20260121_145409_648_1afb323a_4e203caa,0.0,0,41601,71.7
tools,react,eog,drive,1,1,1,task_20251126_122314_557_be6c9105_daf0aae1,0.5,0,68971,85.2
tools,react,eog,drive,1,1,1,task_20251126_122651_325_be6c9105_1864c322,0.75,0,48084,90.1
tools,react,eog,drive,1,1,1,task_20251126_145836_025_be6c9105_3b572b98,0.25,0,60024,130.7
tools,react,eog,drive,1,1,1,task_20251128_123025_545_13762b97_ad80b87c,0.666667,0,152138,374.3
tools,react,eog,drive,1,1,1,task_20251128_123035_919_64a4ebb9_8b93bf99,1.0,1,121559,142.0
tools,react,eog,drive,1,1,1,task_20251128_123301_181_64a4ebb9_4c1d5329,1.0,1,67415,70.2
tools,react,eog,drive,1,1,1,task_20251128_123526_889_64a4ebb9_20d5e6ae,0.666667,0,89052,91.8
tools,react,eog,drive,1,1,1,task_20251204_085603_739_ae7b45e2_b7a96253,0.5,0,74853,173.9
tools,react,eog,drive,1,1,1,task_20251204_092258_460_be6c9105_33990b9e,0.0,0,64085,161.2
tools,react,eog,drive,1,1,1,task_20251204_092557_093_ae7b45e2_24132aa0,0.5,0,31331,64.1
tools,react,eog,drive,1,1,1,task_20251204_115902_743_13762b97_19892db1,0.333333,0,120713,208.4
tools,react,eog,drive,1,1,1,task_20251204_122816_238_13762b97_cd4a8a4f,1.0,1,146964,283.3
tools,react,eog,drive,1,1,1,task_20251205_162218_909_4d9df647_8538c2ae,0.666667,0,128502,317.9
tools,react,eog,drive,1,1,1,task_20251211_105500_082_ae7b45e2_ee28e324,0.333333,0,36320,96.9
tools,react,eog,drive,1,1,1,task_20251211_113022_685_23fcbcdb_906c78e7,0.2,0,40621,80.5
tools,react,eog,drive,1,1,1,task_20251211_141114_742_4d9df647_e15bd80a,0.25,0,89951,280.0
tools,react,eog,drive,1,1,1,task_20260105_170909_782_a9f62433_ecdfc657,0.2,0,20063,44.3
tools,react,eog,drive,1,1,1,task_20260106_144651_681_4d9df647_72f9f11e,0.75,0,171993,218.7
tools,react,eog,drive,1,1,1,task_20260107_162724_374_13762b97_6a97d001,1.0,1,127680,227.8
tools,react,eog,drive,1,1,1,task_20260107_163801_607_64a4ebb9_6f9c4d1b,1.0,1,125280,143.1
tools,react,eog,drive,1,1,1,task_20260107_173403_203_64a4ebb9_e8ddb8d7,1.0,1,133397,97.3
tools,react,eog,drive,1,1,1,task_20260107_174626_202_64a4ebb9_e3e54b1d,0.5,0,122653,107.6
tools,react,eog,drive,1,1,1,task_20260107_180857_873_ae7b45e2_47771a8c,0.333333,0,51001,80.6
tools,react,eog,drive,1,1,1,task_20260108_101953_397_be6c9105_0ebb2503,1.0,1,64466,113.7
tools,react,eog,drive,1,1,1,task_20260108_105408_681_be6c9105_852c4b49,1.0,1,316575,296.6
tools,react,eog,drive,1,1,1,task_20260108_133740_739_13762b97_41fc6ac0,0.857143,0,102849,290.6
tools,react,eog,drive,1,1,1,task_20260108_203842_162_d8f93f2d_1aa3f29b,1.0,1,152605,276.9
tools,react,eog,drive,1,1,1,task_20260109_134319_026_64a4ebb9_98c48f81,0.75,0,57008,74.2
tools,react,eog,drive,1,1,1,task_20260109_154737_612_4d9df647_ca8cc4b2,0.25,0,274166,749.7
tools,react,eog,drive,1,1,2,task_20251126_122314_557_be6c9105_daf0aae1,0.0,0,49365,195.7
tools,react,eog,drive,1,1,2,task_20251126_122651_325_be6c9105_1864c322,0.75,0,48288,101.2
tools,react,eog,drive,1,1,2,task_20251126_145836_025_be6c9105_3b572b98,0.25,0,48226,145.4
tools,react,eog,drive,1,1,2,task_20251128_123025_545_13762b97_ad80b87c,0.666667,0,118577,387.0
tools,react,eog,drive,1,1,2,task_20251128_123035_919_64a4ebb9_8b93bf99,1.0,1,74296,92.4
tools,react,eog,drive,1,1,2,task_20251128_123301_181_64a4ebb9_4c1d5329,1.0,1,59214,49.7
tools,react,eog,drive,1,1,2,task_20251128_123526_889_64a4ebb9_20d5e6ae,0.666667,0,66177,66.4
tools,react,eog,drive,1,1,2,task_20251204_085603_739_ae7b45e2_b7a96253,0.5,0,60594,138.2
tools,react,eog,drive,1,1,2,task_20251204_092258_460_be6c9105_33990b9e,0.0,0,66240,163.2
tools,react,eog,drive,1,1,2,task_20251204_092557_093_ae7b45e2_24132aa0,0.5,0,31430,66.2
tools,react,eog,drive,1,1,2,task_20251204_115902_743_13762b97_19892db1,0.333333,0,33995,95.7
tools,react,eog,drive,1,1,2,task_20251204_122816_238_13762b97_cd4a8a4f,0.0,0,34967,148.6
tools,react,eog,drive,1,1,2,task_20251205_162218_909_4d9df647_8538c2ae,0.833333,0,128721,311.8
tools,react,eog,drive,1,1,2,task_20251211_105500_082_ae7b45e2_ee28e324,0.333333,0,70865,124.9
tools,react,eog,drive,1,1,2,task_20251211_113022_685_23fcbcdb_906c78e7,0.2,0,40285,110.9
tools,react,eog,drive,1,1,2,task_20251211_141114_742_4d9df647_e15bd80a,0.0,0,81301,380.9
tools,react,eog,drive,1,1,2,task_20260105_170909_782_a9f62433_ecdfc657,0.2,0,19690,42.7
tools,react,eog,drive,1,1,2,task_20260106_144651_681_4d9df647_72f9f11e,0.75,0,169112,283.8
tools,react,eog,drive,1,1,2,task_20260107_162724_374_13762b97_6a97d001,1.0,1,126468,217.4
tools,react,eog,drive,1,1,2,task_20260107_163801_607_64a4ebb9_6f9c4d1b,1.0,1,126305,168.3
tools,react,eog,drive,1,1,2,task_20260107_173403_203_64a4ebb9_e8ddb8d7,0.5,0,122328,115.1
tools,react,eog,drive,1,1,2,task_20260107_174626_202_64a4ebb9_e3e54b1d,1.0,1,134134,122.5
tools,react,eog,drive,1,1,2,task_20260107_180857_873_ae7b45e2_47771a8c,0.333333,0,51720,81.3
tools,react,eog,drive,1,1,2,task_20260108_101953_397_be6c9105_0ebb2503,1.0,1,64855,146.0
tools,react,eog,drive,1,1,2,task_20260108_105408_681_be6c9105_852c4b49,1.0,1,239164,466.8
tools,react,eog,drive,1,1,2,task_20260108_133740_739_13762b97_41fc6ac0,0.857143,0,223409,418.4
tools,react,eog,drive,1,1,2,task_20260108_203842_162_d8f93f2d_1aa3f29b,1.0,1,187905,436.3
tools,react,eog,drive,1,1,2,task_20260109_134319_026_64a4ebb9_98c48f81,0.75,0,67899,118.3
tools,react,eog,drive,1,1,2,task_20260109_154737_612_4d9df647_ca8cc4b2,0.25,0,333149,960.6
tools,react,eog,drive,1,1,3,task_20251126_122314_557_be6c9105_daf0aae1,0.5,0,55888,75.3
tools,react,eog,drive,1,1,3,task_20251126_122651_325_be6c9105_1864c322,0.75,0,48972,63.0
tools,react,eog,drive,1,1,3,task_20251126_145836_025_be6c9105_3b572b98,0.25,0,50565,105.2
tools,react,eog,drive,1,1,3,task_20251128_123025_545_13762b97_ad80b87c,0.666667,0,143531,352.7
tools,react,eog,drive,1,1,3,task_20251128_123035_919_64a4ebb9_8b93bf99,1.0,1,60648,55.1
tools,react,eog,drive,1,1,3,task_20251128_123301_181_64a4ebb9_4c1d5329,0.25,0,32006,55.9
tools,react,eog,drive,1,1,3,task_20251128_123526_889_64a4ebb9_20d5e6ae,0.666667,0,89552,78.6
tools,react,eog,drive,1,1,3,task_20251204_085603_739_ae7b45e2_b7a96253,0.5,0,61397,104.2
tools,react,eog,drive,1,1,3,task_20251204_092258_460_be6c9105_33990b9e,0.0,0,63647,103.4
tools,react,eog,drive,1,1,3,task_20251204_092557_093_ae7b45e2_24132aa0,0.5,0,31287,53.7
tools,react,eog,drive,1,1,3,task_20251204_115902_743_13762b97_19892db1,0.333333,0,34059,73.7
tools,react,eog,drive,1,1,3,task_20251204_122816_238_13762b97_cd4a8a4f,1.0,1,180008,337.6
tools,react,eog,drive,1,1,3,task_20251205_162218_909_4d9df647_8538c2ae,0.833333,0,155832,255.1
tools,react,eog,drive,1,1,3,task_20251211_105500_082_ae7b45e2_ee28e324,0.333333,0,36011,71.2
tools,react,eog,drive,1,1,3,task_20251211_113022_685_23fcbcdb_906c78e7,0.2,0,35369,79.7
tools,react,eog,drive,1,1,3,task_20251211_141114_742_4d9df647_e15bd80a,0.0,0,97648,269.5
tools,react,eog,drive,1,1,3,task_20260105_170909_782_a9f62433_ecdfc657,0.2,0,20211,58.4
tools,react,eog,drive,1,1,3,task_20260106_144651_681_4d9df647_72f9f11e,0.75,0,242544,269.0
tools,react,eog,drive,1,1,3,task_20260107_162724_374_13762b97_6a97d001,0.333333,0,23984,95.4
tools,react,eog,drive,1,1,3,task_20260107_163801_607_64a4ebb9_6f9c4d1b,1.0,1,142789,141.3
tools,react,eog,drive,1,1,3,task_20260107_173403_203_64a4ebb9_e8ddb8d7,1.0,1,121859,92.1
tools,react,eog,drive,1,1,3,task_20260107_174626_202_64a4ebb9_e3e54b1d,1.0,1,121529,120.1
tools,react,eog,drive,1,1,3,task_20260107_180857_873_ae7b45e2_47771a8c,0.333333,0,50952,46.5
tools,react,eog,drive,1,1,3,task_20260108_101953_397_be6c9105_0ebb2503,1.0,1,97637,201.3
tools,react,eog,drive,1,1,3,task_20260108_105408_681_be6c9105_852c4b49,1.0,1,253322,254.6
tools,react,eog,drive,1,1,3,task_20260108_133740_739_13762b97_41fc6ac0,0.857143,0,123259,214.0
tools,react,eog,drive,1,1,3,task_20260108_203842_162_d8f93f2d_1aa3f29b,1.0,1,155382,294.7
tools,react,eog,drive,1,1,3,task_20260109_134319_026_64a4ebb9_98c48f81,0.75,0,72510,84.6
tools,react,eog,drive,1,1,3,task_20260109_154737_612_4d9df647_ca8cc4b2,0.25,0,303122,593.4
tools,react,eog,drive,2,1,1,task_20251126_122314_557_be6c9105_daf0aae1,0.0,0,26618,60.6
tools,react,eog,drive,2,1,1,task_20251126_122651_325_be6c9105_1864c322,0.75,0,58307,64.9
tools,react,eog,drive,2,1,1,task_20251126_145836_025_be6c9105_3b572b98,0.25,0,73936,127.8
tools,react,eog,drive,2,1,1,task_20251128_123025_545_13762b97_ad80b87c,0.666667,0,170085,381.3
tools,react,eog,drive,2,1,1,task_20251128_123035_919_64a4ebb9_8b93bf99,1.0,1,106843,110.6
tools,react,eog,drive,2,1,1,task_20251128_123301_181_64a4ebb9_4c1d5329,0.25,0,38844,63.9
tools,react,eog,drive,2,1,1,task_20251128_123526_889_64a4ebb9_20d5e6ae,0.333333,0,38101,57.4
tools,react,eog,drive,2,1,1,task_20251204_085603_739_ae7b45e2_b7a96253,0.5,0,72668,115.3
tools,react,eog,drive,2,1,1,task_20251204_092258_460_be6c9105_33990b9e,0.0,0,93909,171.6
tools,react,eog,drive,2,1,1,task_20251204_092557_093_ae7b45e2_24132aa0,0.5,0,39034,88.7
tools,react,eog,drive,2,1,1,task_20251204_115902_743_13762b97_19892db1,0.333333,0,38956,66.6
tools,react,eog,drive,2,1,1,task_20251204_122816_238_13762b97_cd4a8a4f,1.0,1,122366,299.4
tools,react,eog,drive,2,1,1,task_20251205_162218_909_4d9df647_8538c2ae,0.833333,0,147589,312.7
tools,react,eog,drive,2,1,1,task_20251211_105500_082_ae7b45e2_ee28e324,0.333333,0,42046,68.8
tools,react,eog,drive,2,1,1,task_20251211_113022_685_23fcbcdb_906c78e7,0.2,0,77745,98.1
tools,react,eog,drive,2,1,1,task_20251211_141114_742_4d9df647_e15bd80a,0.0,0,107436,280.1
tools,react,eog,drive,2,1,1,task_20260105_170909_782_a9f62433_ecdfc657,0.2,0,24750,48.9
tools,react,eog,drive,2,1,1,task_20260106_144651_681_4d9df647_72f9f11e,0.25,0,165788,287.8
tools,react,eog,drive,2,1,1,task_20260107_162724_374_13762b97_6a97d001,1.0,1,138485,191.0
tools,react,eog,drive,2,1,1,task_20260107_163801_607_64a4ebb9_6f9c4d1b,1.0,1,129959,113.5
tools,react,eog,drive,2,1,1,task_20260107_173403_203_64a4ebb9_e8ddb8d7,1.0,1,143880,115.3
tools,react,eog,drive,2,1,1,task_20260107_174626_202_64a4ebb9_e3e54b1d,1.0,1,158906,109.1
tools,react,eog,drive,2,1,1,task_20260107_180857_873_ae7b45e2_47771a8c,0.333333,0,79782,88.8
tools,react,eog,drive,2,1,1,task_20260108_101953_397_be6c9105_0ebb2503,1.0,1,62387,104.3
tools,react,eog,drive,2,1,1,task_20260108_105408_681_be6c9105_852c4b49,1.0,1,238300,275.8
tools,react,eog,drive,2,1,1,task_20260108_133740_739_13762b97_41fc6ac0,0.857143,0,124044,274.0
tools,react,eog,drive,2,1,1,task_20260108_203842_162_d8f93f2d_1aa3f29b,0.428571,0,265381,557.0
tools,react,eog,drive,2,1,1,task_20260109_134319_026_64a4ebb9_98c48f81,0.75,0,120908,96.4
tools,react,eog,drive,2,1,1,task_20260109_154737_612_4d9df647_ca8cc4b2,0.75,0,318625,687.0
tools,react,eog,drive,2,1,2,task_20251126_122314_557_be6c9105_daf0aae1,0.0,0,55126,107.2
tools,react,eog,drive,2,1,2,task_20251126_122651_325_be6c9105_1864c322,0.75,0,57748,76.6
tools,react,eog,drive,2,1,2,task_20251126_145836_025_be6c9105_3b572b98,0.25,0,59253,99.5
tools,react,eog,drive,2,1,2,task_20251128_123025_545_13762b97_ad80b87c,0.666667,0,179505,406.7
tools,react,eog,drive,2,1,2,task_20251128_123035_919_64a4ebb9_8b93bf99,1.0,1,141000,147.9
tools,react,eog,drive,2,1,2,task_20251128_123301_181_64a4ebb9_4c1d5329,1.0,1,81386,45.1
tools,react,eog,drive,2,1,2,task_20251128_123526_889_64a4ebb9_20d5e6ae,0.666667,0,79895,54.4
tools,react,eog,drive,2,1,2,task_20251204_085603_739_ae7b45e2_b7a96253,0.5,0,102232,157.8
tools,react,eog,drive,2,1,2,task_20251204_092258_460_be6c9105_33990b9e,1.0,1,96474,117.8
tools,react,eog,drive,2,1,2,task_20251204_092557_093_ae7b45e2_24132aa0,0.75,0,82116,90.2
tools,react,eog,drive,2,1,2,task_20251204_115902_743_13762b97_19892db1,0.333333,0,38498,55.3
tools,react,eog,drive,2,1,2,task_20251204_122816_238_13762b97_cd4a8a4f,1.0,1,140653,339.4
tools,react,eog,drive,2,1,2,task_20251205_162218_909_4d9df647_8538c2ae,0.0,0,64504,194.8
tools,react,eog,drive,2,1,2,task_20251211_105500_082_ae7b45e2_ee28e324,0.333333,0,69891,96.6
tools,react,eog,drive,2,1,2,task_20251211_113022_685_23fcbcdb_906c78e7,0.2,0,60551,79.4
tools,react,eog,drive,2,1,2,task_20251211_141114_742_4d9df647_e15bd80a,0.0,0,217128,475.6
tools,react,eog,drive,2,1,2,task_20260105_170909_782_a9f62433_ecdfc657,0.2,0,24690,38.4
tools,react,eog,drive,2,1,2,task_20260106_144651_681_4d9df647_72f9f11e,0.75,0,197640,247.3
tools,react,eog,drive,2,1,2,task_20260107_162724_374_13762b97_6a97d001,1.0,1,138843,190.4
tools,react,eog,drive,2,1,2,task_20260107_163801_607_64a4ebb9_6f9c4d1b,1.0,1,143644,109.3
tools,react,eog,drive,2,1,2,task_20260107_173403_203_64a4ebb9_e8ddb8d7,1.0,1,142651,89.6
tools,react,eog,drive,2,1,2,task_20260107_174626_202_64a4ebb9_e3e54b1d,1.0,1,202745,161.0
tools,react,eog,drive,2,1,2,task_20260107_180857_873_ae7b45e2_47771a8c,0.333333,0,61018,55.2
tools,react,eog,drive,2,1,2,task_20260108_101953_397_be6c9105_0ebb2503,1.0,1,62328,106.3
tools,react,eog,drive,2,1,2,task_20260108_105408_681_be6c9105_852c4b49,1.0,1,264555,275.6
tools,react,eog,drive,2,1,2,task_20260108_133740_739_13762b97_41fc6ac0,0.857143,0,186346,312.5
tools,react,eog,drive,2,1,2,task_20260108_203842_162_d8f93f2d_1aa3f29b,1.0,1,159204,329.2
tools,react,eog,drive,2,1,2,task_20260109_134319_026_64a4ebb9_98c48f81,0.75,0,66840,74.9
tools,react,eog,drive,2,1,2,task_20260109_154737_612_4d9df647_ca8cc4b2,0.25,0,206697,493.3
tools,react,eog,drive,2,1,3,task_20251126_122314_557_be6c9105_daf0aae1,0.5,0,86396,104.9
tools,react,eog,drive,2,1,3,task_20251126_122651_325_be6c9105_1864c322,0.75,0,60162,95.0
tools,react,eog,drive,2,1,3,task_20251126_145836_025_be6c9105_3b572b98,0.25,0,58989,115.9
tools,react,eog,drive,2,1,3,task_20251128_123025_545_13762b97_ad80b87c,0.666667,0,224033,461.8
tools,react,eog,drive,2,1,3,task_20251128_123035_919_64a4ebb9_8b93bf99,1.0,1,90309,82.1
tools,react,eog,drive,2,1,3,task_20251128_123301_181_64a4ebb9_4c1d5329,1.0,1,124318,159.4
tools,react,eog,drive,2,1,3,task_20251128_123526_889_64a4ebb9_20d5e6ae,0.666667,0,79685,61.0
tools,react,eog,drive,2,1,3,task_20251204_085603_739_ae7b45e2_b7a96253,0.5,0,72978,104.8
tools,react,eog,drive,2,1,3,task_20251204_092258_460_be6c9105_33990b9e,0.0,0,75549,159.3
tools,react,eog,drive,2,1,3,task_20251204_092557_093_ae7b45e2_24132aa0,0.5,0,39762,113.4
tools,react,eog,drive,2,1,3,task_20251204_115902_743_13762b97_19892db1,0.333333,0,40381,108.7
tools,react,eog,drive,2,1,3,task_20251204_122816_238_13762b97_cd4a8a4f,1.0,1,157481,379.1
tools,react,eog,drive,2,1,3,task_20251205_162218_909_4d9df647_8538c2ae,0.333333,0,147177,326.6
tools,react,eog,drive,2,1,3,task_20251211_105500_082_ae7b45e2_ee28e324,0.333333,0,56775,90.4
tools,react,eog,drive,2,1,3,task_20251211_113022_685_23fcbcdb_906c78e7,0.2,0,47302,85.9
tools,react,eog,drive,2,1,3,task_20251211_141114_742_4d9df647_e15bd80a,0.0,0,103587,306.7
tools,react,eog,drive,2,1,3,task_20260105_170909_782_a9f62433_ecdfc657,1.0,1,57647,79.4
tools,react,eog,drive,2,1,3,task_20260106_144651_681_4d9df647_72f9f11e,0.75,0,275616,368.8
tools,react,eog,drive,2,1,3,task_20260107_162724_374_13762b97_6a97d001,1.0,1,141551,251.1
tools,react,eog,drive,2,1,3,task_20260107_163801_607_64a4ebb9_6f9c4d1b,1.0,1,131307,127.5
tools,react,eog,drive,2,1,3,task_20260107_173403_203_64a4ebb9_e8ddb8d7,1.0,1,144182,99.2
tools,react,eog,drive,2,1,3,task_20260107_174626_202_64a4ebb9_e3e54b1d,1.0,1,144208,99.7
tools,react,eog,drive,2,1,3,task_20260107_180857_873_ae7b45e2_47771a8c,0.333333,0,61209,70.8
tools,react,eog,drive,2,1,3,task_20260108_101953_397_be6c9105_0ebb2503,1.0,1,64470,126.0
tools,react,eog,drive,2,1,3,task_20260108_105408_681_be6c9105_852c4b49,0.666667,0,204271,257.7
tools,react,eog,drive,2,1,3,task_20260108_133740_739_13762b97_41fc6ac0,0.857143,0,132577,246.9
tools,react,eog,drive,2,1,3,task_20260108_203842_162_d8f93f2d_1aa3f29b,1.0,1,220988,455.0
tools,react,eog,drive,2,1,3,task_20260109_134319_026_64a4ebb9_98c48f81,0.75,0,83937,114.9
tools,react,eog,drive,2,1,3,task_20260109_154737_612_4d9df647_ca8cc4b2,0.25,0,247810,585.1
tools,react,eog,drive,2,2,1,task_20251127_173847_074_4d9df647_632c493d,0.666667,0,215547,253.4
tools,react,eog,drive,2,2,1,task_20251204_045548_265_4d9df647_18dae74a,1.0,1,68567,134.8
tools,react,eog,drive,2,2,1,task_20260105_095412_678_a9f62433_bb5f5bb7,1.0,1,106428,202.0
tools,react,eog,drive,2,2,1,task_20260105_105429_833_a9f62433_b38b55f2,1.0,1,138954,128.1
tools,react,eog,drive,2,2,1,task_20260105_113049_430_a9f62433_6dd18613,0.8,0,112785,252.1
tools,react,eog,drive,2,2,1,task_20260106_155537_908_a9f62433_6d26efe3,1.0,1,149047,161.8
tools,react,eog,drive,2,2,1,task_20260106_172901_590_a9f62433_f7baa0fa,0.166667,0,153870,252.5
tools,react,eog,drive,2,2,1,task_20260108_162316_574_13762b97_098a086c,0.714286,0,204540,330.8
tools,react,eog,drive,2,2,1,task_20260109_100633_248_4c1a4a14_20a0385b,1.0,1,165446,495.1
tools,react,eog,drive,2,2,1,task_20260112_111113_212_060e2c81_99e6099d,0.818182,0,190992,317.6
tools,react,eog,drive,2,2,2,task_20251127_173847_074_4d9df647_632c493d,0.666667,0,162002,225.3
tools,react,eog,drive,2,2,2,task_20251204_045548_265_4d9df647_18dae74a,1.0,1,82381,126.1
tools,react,eog,drive,2,2,2,task_20260105_095412_678_a9f62433_bb5f5bb7,1.0,1,142625,236.3
tools,react,eog,drive,2,2,2,task_20260105_105429_833_a9f62433_b38b55f2,1.0,1,139422,110.2
tools,react,eog,drive,2,2,2,task_20260105_113049_430_a9f62433_6dd18613,0.8,0,149714,330.4
tools,react,eog,drive,2,2,2,task_20260106_155537_908_a9f62433_6d26efe3,0.0,0,51724,124.3
tools,react,eog,drive,2,2,2,task_20260106_172901_590_a9f62433_f7baa0fa,0.0,0,31070,68.9
tools,react,eog,drive,2,2,2,task_20260108_162316_574_13762b97_098a086c,0.857143,0,193237,280.4
tools,react,eog,drive,2,2,2,task_20260109_100633_248_4c1a4a14_20a0385b,0.4,0,203185,345.2
tools,react,eog,drive,2,2,2,task_20260112_111113_212_060e2c81_99e6099d,0.909091,0,278488,341.3
tools,react,eog,drive,2,2,3,task_20251127_173847_074_4d9df647_632c493d,0.666667,0,153656,222.5
tools,react,eog,drive,2,2,3,task_20251204_045548_265_4d9df647_18dae74a,1.0,1,62017,113.5
tools,react,eog,drive,2,2,3,task_20260105_095412_678_a9f62433_bb5f5bb7,1.0,1,99908,167.3
tools,react,eog,drive,2,2,3,task_20260105_105429_833_a9f62433_b38b55f2,1.0,1,108733,149.5
tools,react,eog,drive,2,2,3,task_20260105_113049_430_a9f62433_6dd18613,1.0,1,78727,142.5
tools,react,eog,drive,2,2,3,task_20260106_155537_908_a9f62433_6d26efe3,1.0,1,147732,151.9
tools,react,eog,drive,2,2,3,task_20260106_172901_590_a9f62433_f7baa0fa,0.0,0,75875,152.8
tools,react,eog,drive,2,2,3,task_20260108_162316_574_13762b97_098a086c,0.714286,0,286857,372.6
tools,react,eog,drive,2,2,3,task_20260109_100633_248_4c1a4a14_20a0385b,0.8,0,184076,411.9
tools,react,eog,drive,2,2,3,task_20260112_111113_212_060e2c81_99e6099d,0.818182,0,216959,304.2
tools,react,eog,drive,3,1,1,task_20251126_122314_557_be6c9105_daf0aae1,1.0,1,110186,106.2
tools,react,eog,drive,3,1,1,task_20251126_122651_325_be6c9105_1864c322,0.75,0,67773,65.9
tools,react,eog,drive,3,1,1,task_20251126_145836_025_be6c9105_3b572b98,0.25,0,68349,99.1
tools,react,eog,drive,3,1,1,task_20251128_123025_545_13762b97_ad80b87c,0.666667,0,195239,327.2
tools,react,eog,drive,3,1,1,task_20251128_123035_919_64a4ebb9_8b93bf99,1.0,1,142094,96.9
tools,react,eog,drive,3,1,1,task_20251128_123301_181_64a4ebb9_4c1d5329,1.0,1,81274,45.8
tools,react,eog,drive,3,1,1,task_20251128_123526_889_64a4ebb9_20d5e6ae,0.666667,0,93315,46.6
tools,react,eog,drive,3,1,1,task_20251204_085603_739_ae7b45e2_b7a96253,0.5,0,87059,129.6
tools,react,eog,drive,3,1,1,task_20251204_092258_460_be6c9105_33990b9e,0.0,0,83208,143.6
tools,react,eog,drive,3,1,1,task_20251204_092557_093_ae7b45e2_24132aa0,0.5,0,61678,81.9
tools,react,eog,drive,3,1,1,task_20251204_115902_743_13762b97_19892db1,0.333333,0,47116,63.9
tools,react,eog,drive,3,1,1,task_20251204_122816_238_13762b97_cd4a8a4f,1.0,1,299448,439.3
tools,react,eog,drive,3,1,1,task_20251205_162218_909_4d9df647_8538c2ae,0.833333,0,148370,233.8
tools,react,eog,drive,3,1,1,task_20251211_105500_082_ae7b45e2_ee28e324,1.0,1,107592,76.6
tools,react,eog,drive,3,1,1,task_20251211_113022_685_23fcbcdb_906c78e7,0.2,0,55391,81.2
tools,react,eog,drive,3,1,1,task_20251211_141114_742_4d9df647_e15bd80a,0.0,0,168273,319.3
tools,react,eog,drive,3,1,1,task_20260105_170909_782_a9f62433_ecdfc657,0.2,0,30382,54.6
tools,react,eog,drive,3,1,1,task_20260106_144651_681_4d9df647_72f9f11e,0.75,0,194635,178.5
tools,react,eog,drive,3,1,1,task_20260107_162724_374_13762b97_6a97d001,0.833333,0,240237,236.2
tools,react,eog,drive,3,1,1,task_20260107_163801_607_64a4ebb9_6f9c4d1b,1.0,1,170184,92.6
tools,react,eog,drive,3,1,1,task_20260107_173403_203_64a4ebb9_e8ddb8d7,0.5,0,199860,115.5
tools,react,eog,drive,3,1,1,task_20260107_174626_202_64a4ebb9_e3e54b1d,1.0,1,164493,82.6
tools,react,eog,drive,3,1,1,task_20260107_180857_873_ae7b45e2_47771a8c,0.333333,0,70462,73.4
tools,react,eog,drive,3,1,1,task_20260108_101953_397_be6c9105_0ebb2503,0.8,0,176283,140.3
tools,react,eog,drive,3,1,1,task_20260108_105408_681_be6c9105_852c4b49,1.0,1,308137,322.5
tools,react,eog,drive,3,1,1,task_20260108_133740_739_13762b97_41fc6ac0,0.857143,0,135464,276.1
tools,react,eog,drive,3,1,1,task_20260108_203842_162_d8f93f2d_1aa3f29b,0.428571,0,165595,317.4
tools,react,eog,drive,3,1,1,task_20260109_134319_026_64a4ebb9_98c48f81,0.75,0,157568,125.0
tools,react,eog,drive,3,1,1,task_20260109_154737_612_4d9df647_ca8cc4b2,0.25,0,281819,573.9
tools,react,eog,drive,3,1,2,task_20251126_122314_557_be6c9105_daf0aae1,1.0,1,92942,102.8
tools,react,eog,drive,3,1,2,task_20251126_122651_325_be6c9105_1864c322,0.75,0,67429,95.8
tools,react,eog,drive,3,1,2,task_20251126_145836_025_be6c9105_3b572b98,0.25,0,67957,114.9
tools,react,eog,drive,3,1,2,task_20251128_123025_545_13762b97_ad80b87c,0.666667,0,195368,351.5
tools,react,eog,drive,3,1,2,task_20251128_123035_919_64a4ebb9_8b93bf99,1.0,1,169403,200.1
tools,react,eog,drive,3,1,2,task_20251128_123301_181_64a4ebb9_4c1d5329,1.0,1,99575,35.5
tools,react,eog,drive,3,1,2,task_20251128_123526_889_64a4ebb9_20d5e6ae,0.666667,0,93213,37.2
tools,react,eog,drive,3,1,2,task_20251204_085603_739_ae7b45e2_b7a96253,0.5,0,85770,110.7
tools,react,eog,drive,3,1,2,task_20251204_092258_460_be6c9105_33990b9e,0.0,0,83367,164.9
tools,react,eog,drive,3,1,2,task_20251204_092557_093_ae7b45e2_24132aa0,0.5,0,45387,47.5
tools,react,eog,drive,3,1,2,task_20251204_115902_743_13762b97_19892db1,0.333333,0,46794,72.0
tools,react,eog,drive,3,1,2,task_20251204_122816_238_13762b97_cd4a8a4f,1.0,1,177929,326.7
tools,react,eog,drive,3,1,2,task_20251205_162218_909_4d9df647_8538c2ae,0.666667,0,124051,269.0
tools,react,eog,drive,3,1,2,task_20251211_105500_082_ae7b45e2_ee28e324,0.333333,0,97914,112.7
tools,react,eog,drive,3,1,2,task_20251211_113022_685_23fcbcdb_906c78e7,0.2,0,70559,91.5
tools,react,eog,drive,3,1,2,task_20251211_141114_742_4d9df647_e15bd80a,0.0,0,129227,287.3
tools,react,eog,drive,3,1,2,task_20260105_170909_782_a9f62433_ecdfc657,0.2,0,29718,49.2
tools,react,eog,drive,3,1,2,task_20260106_144651_681_4d9df647_72f9f11e,0.25,0,174529,192.3
tools,react,eog,drive,3,1,2,task_20260107_162724_374_13762b97_6a97d001,1.0,1,175650,203.7
tools,react,eog,drive,3,1,2,task_20260107_163801_607_64a4ebb9_6f9c4d1b,1.0,1,189264,130.8
tools,react,eog,drive,3,1,2,task_20260107_173403_203_64a4ebb9_e8ddb8d7,1.0,1,207633,141.0
tools,react,eog,drive,3,1,2,task_20260107_174626_202_64a4ebb9_e3e54b1d,1.0,1,164753,77.3
tools,react,eog,drive,3,1,2,task_20260107_180857_873_ae7b45e2_47771a8c,0.333333,0,69988,75.8
tools,react,eog,drive,3,1,2,task_20260108_101953_397_be6c9105_0ebb2503,0.8,0,144154,161.0
tools,react,eog,drive,3,1,2,task_20260108_105408_681_be6c9105_852c4b49,1.0,1,359792,413.6
tools,react,eog,drive,3,1,2,task_20260108_133740_739_13762b97_41fc6ac0,0.857143,0,161883,271.2
tools,react,eog,drive,3,1,2,task_20260108_203842_162_d8f93f2d_1aa3f29b,1.0,1,296218,443.0
tools,react,eog,drive,3,1,2,task_20260109_134319_026_64a4ebb9_98c48f81,0.75,0,90797,127.3
tools,react,eog,drive,3,1,2,task_20260109_154737_612_4d9df647_ca8cc4b2,0.0,0,102089,200.2
tools,react,eog,drive,3,1,3,task_20251126_122314_557_be6c9105_daf0aae1,0.5,0,75333,109.4
tools,react,eog,drive,3,1,3,task_20251126_122651_325_be6c9105_1864c322,0.75,0,67695,81.9
tools,react,eog,drive,3,1,3,task_20251126_145836_025_be6c9105_3b572b98,0.25,0,85650,158.7
tools,react,eog,drive,3,1,3,task_20251128_123025_545_13762b97_ad80b87c,0.666667,0,171909,445.9
tools,react,eog,drive,3,1,3,task_20251128_123035_919_64a4ebb9_8b93bf99,1.0,1,119149,86.9
tools,react,eog,drive,3,1,3,task_20251128_123301_181_64a4ebb9_4c1d5329,0.25,0,45209,73.8
tools,react,eog,drive,3,1,3,task_20251128_123526_889_64a4ebb9_20d5e6ae,0.666667,0,93844,58.1
tools,react,eog,drive,3,1,3,task_20251204_085603_739_ae7b45e2_b7a96253,0.5,0,127134,230.7
tools,react,eog,drive,3,1,3,task_20251204_092258_460_be6c9105_33990b9e,1.0,1,121803,190.6
tools,react,eog,drive,3,1,3,task_20251204_092557_093_ae7b45e2_24132aa0,0.5,0,45925,105.9
tools,react,eog,drive,3,1,3,task_20251204_115902_743_13762b97_19892db1,0.333333,0,47444,99.1
tools,react,eog,drive,3,1,3,task_20251204_122816_238_13762b97_cd4a8a4f,1.0,1,330412,505.8
tools,react,eog,drive,3,1,3,task_20251205_162218_909_4d9df647_8538c2ae,0.666667,0,142597,374.2
tools,react,eog,drive,3,1,3,task_20251211_105500_082_ae7b45e2_ee28e324,0.333333,0,64730,79.4
tools,react,eog,drive,3,1,3,task_20251211_113022_685_23fcbcdb_906c78e7,0.2,0,92718,143.3
tools,react,eog,drive,3,1,3,task_20251211_141114_742_4d9df647_e15bd80a,0.0,0,230925,436.8
tools,react,eog,drive,3,1,3,task_20260105_170909_782_a9f62433_ecdfc657,0.2,0,29722,57.0
tools,react,eog,drive,3,1,3,task_20260106_144651_681_4d9df647_72f9f11e,0.75,0,283407,279.6
tools,react,eog,drive,3,1,3,task_20260107_162724_374_13762b97_6a97d001,1.0,1,177020,275.9
tools,react,eog,drive,3,1,3,task_20260107_163801_607_64a4ebb9_6f9c4d1b,1.0,1,165406,112.5
tools,react,eog,drive,3,1,3,task_20260107_173403_203_64a4ebb9_e8ddb8d7,1.0,1,200945,159.0
tools,react,eog,drive,3,1,3,task_20260107_174626_202_64a4ebb9_e3e54b1d,1.0,1,166563,134.4
tools,react,eog,drive,3,1,3,task_20260107_180857_873_ae7b45e2_47771a8c,0.333333,0,87407,79.5
tools,react,eog,drive,3,1,3,task_20260108_101953_397_be6c9105_0ebb2503,1.0,1,73554,160.1
tools,react,eog,drive,3,1,3,task_20260108_105408_681_be6c9105_852c4b49,1.0,1,320913,299.3
tools,react,eog,drive,3,1,3,task_20260108_133740_739_13762b97_41fc6ac0,0.857143,0,155868,377.3
tools,react,eog,drive,3,1,3,task_20260108_203842_162_d8f93f2d_1aa3f29b,1.0,1,257962,587.1
tools,react,eog,drive,3,1,3,task_20260109_134319_026_64a4ebb9_98c48f81,0.75,0,92018,123.3
tools,react,eog,drive,3,1,3,task_20260109_154737_612_4d9df647_ca8cc4b2,0.25,0,306475,698.5
tools,react,eog,drive,3,2,1,task_20251127_173847_074_4d9df647_632c493d,0.666667,0,247952,347.7
tools,react,eog,drive,3,2,1,task_20251204_045548_265_4d9df647_18dae74a,1.0,1,92224,175.8
tools,react,eog,drive,3,2,1,task_20260105_095412_678_a9f62433_bb5f5bb7,0.857143,0,114318,286.3
tools,react,eog,drive,3,2,1,task_20260105_105429_833_a9f62433_b38b55f2,0.8,0,71839,148.5
tools,react,eog,drive,3,2,1,task_20260105_113049_430_a9f62433_6dd18613,1.0,1,164855,306.5
tools,react,eog,drive,3,2,1,task_20260106_155537_908_a9f62433_6d26efe3,1.0,1,186122,244.5
tools,react,eog,drive,3,2,1,task_20260106_172901_590_a9f62433_f7baa0fa,1.0,1,226080,259.0
tools,react,eog,drive,3,2,1,task_20260108_162316_574_13762b97_098a086c,0.857143,0,254991,392.6
tools,react,eog,drive,3,2,1,task_20260109_100633_248_4c1a4a14_20a0385b,0.8,0,135541,386.4
tools,react,eog,drive,3,2,1,task_20260112_111113_212_060e2c81_99e6099d,0.818182,0,245144,378.1
tools,react,eog,drive,3,2,2,task_20251127_173847_074_4d9df647_632c493d,0.666667,0,198801,394.3
tools,react,eog,drive,3,2,2,task_20251204_045548_265_4d9df647_18dae74a,1.0,1,93810,168.5
tools,react,eog,drive,3,2,2,task_20260105_095412_678_a9f62433_bb5f5bb7,1.0,1,168356,229.5
tools,react,eog,drive,3,2,2,task_20260105_105429_833_a9f62433_b38b55f2,0.8,0,126656,242.4
tools,react,eog,drive,3,2,2,task_20260105_113049_430_a9f62433_6dd18613,1.0,1,108137,267.6
tools,react,eog,drive,3,2,2,task_20260106_155537_908_a9f62433_6d26efe3,0.0,0,31821,45.3
tools,react,eog,drive,3,2,2,task_20260106_172901_590_a9f62433_f7baa0fa,0.833333,0,245699,322.0
tools,react,eog,drive,3,2,2,task_20260108_162316_574_13762b97_098a086c,0.857143,0,328353,478.5
tools,react,eog,drive,3,2,2,task_20260109_100633_248_4c1a4a14_20a0385b,0.8,0,158529,515.7
tools,react,eog,drive,3,2,2,task_20260112_111113_212_060e2c81_99e6099d,0.909091,0,269235,394.9
tools,react,eog,drive,3,2,3,task_20251127_173847_074_4d9df647_632c493d,1.0,1,122302,277.9
tools,react,eog,drive,3,2,3,task_20251204_045548_265_4d9df647_18dae74a,1.0,1,71510,112.2
tools,react,eog,drive,3,2,3,task_20260105_095412_678_a9f62433_bb5f5bb7,1.0,1,113122,274.3
tools,react,eog,drive,3,2,3,task_20260105_105429_833_a9f62433_b38b55f2,1.0,1,164554,173.3
tools,react,eog,drive,3,2,3,task_20260105_113049_430_a9f62433_6dd18613,1.0,1,108231,224.3
tools,react,eog,drive,3,2,3,task_20260106_155537_908_a9f62433_6d26efe3,1.0,1,166484,146.9
tools,react,eog,drive,3,2,3,task_20260106_172901_590_a9f62433_f7baa0fa,1.0,1,198094,198.9
tools,react,eog,drive,3,2,3,task_20260108_162316_574_13762b97_098a086c,0.857143,0,315416,488.7
tools,react,eog,drive,3,2,3,task_20260109_100633_248_4c1a4a14_20a0385b,0.8,0,169141,488.7
tools,react,eog,drive,3,2,3,task_20260112_111113_212_060e2c81_99e6099d,1.0,1,369318,382.1
tools,react,eog,drive,3,3,1,task_20251204_151109_029_ae7b45e2_1fa53dbc,1.0,1,397651,351.5
tools,react,eog,drive,3,3,1,task_20251205_143732_430_4d9df647_6aceefba,1.0,1,287333,474.7
tools,react,eog,drive,3,3,1,task_20251210_200511_673_4a23b9c9_dcd88f59,0.5,0,50100,113.1
tools,react,eog,drive,3,3,1,task_20260108_113744_344_a9f62433_9cdd0a8f,1.0,1,253310,478.2
tools,react,eog,drive,3,3,1,task_20260109_074002_906_060e2c81_e0a9e99d,1.0,1,132715,163.3
tools,react,eog,drive,3,3,1,task_20260109_145235_208_64a4ebb9_9befb3ae,1.0,1,90997,255.7
tools,react,eog,drive,3,3,2,task_20251204_151109_029_ae7b45e2_1fa53dbc,1.0,1,210535,229.4
tools,react,eog,drive,3,3,2,task_20251205_143732_430_4d9df647_6aceefba,1.0,1,252614,393.8
tools,react,eog,drive,3,3,2,task_20251210_200511_673_4a23b9c9_dcd88f59,0.5,0,176303,171.0
tools,react,eog,drive,3,3,2,task_20260108_113744_344_a9f62433_9cdd0a8f,1.0,1,200414,276.1
tools,react,eog,drive,3,3,2,task_20260109_074002_906_060e2c81_e0a9e99d,0.666667,0,173607,207.5
tools,react,eog,drive,3,3,2,task_20260109_145235_208_64a4ebb9_9befb3ae,1.0,1,157202,228.6
tools,react,eog,drive,3,3,3,task_20251204_151109_029_ae7b45e2_1fa53dbc,1.0,1,176231,239.3
tools,react,eog,drive,3,3,3,task_20251205_143732_430_4d9df647_6aceefba,1.0,1,225538,368.8
tools,react,eog,drive,3,3,3,task_20251210_200511_673_4a23b9c9_dcd88f59,0.5,0,49278,82.3
tools,react,eog,drive,3,3,3,task_20260108_113744_344_a9f62433_9cdd0a8f,1.0,1,167531,355.8
tools,react,eog,drive,3,3,3,task_20260109_074002_906_060e2c81_e0a9e99d,1.0,1,130995,132.1
tools,react,eog,drive,3,3,3,task_20260109_145235_208_64a4ebb9_9befb3ae,1.0,1,155929,272.8
tools,react,eog,email,1,1,1,task_20260106_060646_574_1628b966_0fc7207a,1.0,1,34718,117.3
tools,react,eog,email,1,1,1,task_20260106_140034_876_e7cfb93b_fc943e0e,0.6,0,64448,302.1
tools,react,eog,email,1,1,2,task_20260106_060646_574_1628b966_0fc7207a,1.0,1,31874,93.2
tools,react,eog,email,1,1,2,task_20260106_140034_876_e7cfb93b_fc943e0e,0.2,0,47716,202.2
tools,react,eog,email,1,1,3,task_20260106_060646_574_1628b966_0fc7207a,1.0,1,49941,132.2
tools,react,eog,email,1,1,3,task_20260106_140034_876_e7cfb93b_fc943e0e,0.2,0,75929,308.0
tools,react,eog,email,2,1,1,task_20260106_060646_574_1628b966_0fc7207a,1.0,1,40952,109.8
tools,react,eog,email,2,1,1,task_20260106_140034_876_e7cfb93b_fc943e0e,0.2,0,81956,309.4
tools,react,eog,email,2,1,2,task_20260106_060646_574_1628b966_0fc7207a,0.666667,0,59758,192.2
tools,react,eog,email,2,1,2,task_20260106_140034_876_e7cfb93b_fc943e0e,0.2,0,96617,254.7
tools,react,eog,email,2,1,3,task_20260106_060646_574_1628b966_0fc7207a,1.0,1,50387,148.9
tools,react,eog,email,2,1,3,task_20260106_140034_876_e7cfb93b_fc943e0e,0.2,0,79436,268.3
tools,react,eog,email,2,2,1,task_20251203_093009_456_701c5774_24b57fbd,0.5,0,52592,126.6
tools,react,eog,email,2,2,1,task_20251203_180743_144_e7cfb93b_56dbcb89,1.0,1,57316,152.1
tools,react,eog,email,2,2,1,task_20260105_182555_369_e7cfb93b_c2cc205b,0.833333,0,118742,1182.5
tools,react,eog,email,2,2,1,task_20260105_214127_504_e7cfb93b_e6640be3,0.875,0,50739,181.5
tools,react,eog,email,2,2,1,task_20260106_213903_609_e7cfb93b_5e95c001,1.0,1,77195,160.3
tools,react,eog,email,2,2,1,task_20260108_050214_962_e5bf1251_0cabbd3d,0.666667,0,61647,139.4
tools,react,eog,email,2,2,2,task_20251203_093009_456_701c5774_24b57fbd,0.5,0,53568,221.8
tools,react,eog,email,2,2,2,task_20251203_180743_144_e7cfb93b_56dbcb89,1.0,1,40564,100.3
tools,react,eog,email,2,2,2,task_20260105_182555_369_e7cfb93b_c2cc205b,1.0,1,118458,306.1
tools,react,eog,email,2,2,2,task_20260105_214127_504_e7cfb93b_e6640be3,1.0,1,49457,189.9
tools,react,eog,email,2,2,2,task_20260106_213903_609_e7cfb93b_5e95c001,1.0,1,68086,164.3
tools,react,eog,email,2,2,2,task_20260108_050214_962_e5bf1251_0cabbd3d,0.666667,0,63083,147.8
tools,react,eog,email,2,2,3,task_20251203_093009_456_701c5774_24b57fbd,0.5,0,49051,174.5
tools,react,eog,email,2,2,3,task_20251203_180743_144_e7cfb93b_56dbcb89,1.0,1,80257,191.5
tools,react,eog,email,2,2,3,task_20260105_182555_369_e7cfb93b_c2cc205b,1.0,1,92927,287.6
tools,react,eog,email,2,2,3,task_20260105_214127_504_e7cfb93b_e6640be3,1.0,1,113855,306.1
tools,react,eog,email,2,2,3,task_20260106_213903_609_e7cfb93b_5e95c001,1.0,1,69950,225.3
tools,react,eog,email,2,2,3,task_20260108_050214_962_e5bf1251_0cabbd3d,0.666667,0,51649,101.0
tools,react,eog,email,3,1,1,task_20260106_060646_574_1628b966_0fc7207a,1.0,1,72718,264.8
tools,react,eog,email,3,1,1,task_20260106_140034_876_e7cfb93b_fc943e0e,0.2,0,77174,288.3
tools,react,eog,email,3,1,2,task_20260106_060646_574_1628b966_0fc7207a,1.0,1,66431,251.8
tools,react,eog,email,3,1,2,task_20260106_140034_876_e7cfb93b_fc943e0e,0.6,0,102599,528.1
tools,react,eog,email,3,1,3,task_20260106_060646_574_1628b966_0fc7207a,1.0,1,75335,251.4
tools,react,eog,email,3,1,3,task_20260106_140034_876_e7cfb93b_fc943e0e,0.6,0,181947,666.3
tools,react,eog,email,3,2,1,task_20251203_093009_456_701c5774_24b57fbd,0.5,0,81691,279.0
tools,react,eog,email,3,2,1,task_20251203_180743_144_e7cfb93b_56dbcb89,1.0,1,123057,205.8
tools,react,eog,email,3,2,1,task_20260105_182555_369_e7cfb93b_c2cc205b,0.833333,0,86568,195.7
tools,react,eog,email,3,2,1,task_20260105_214127_504_e7cfb93b_e6640be3,1.0,1,62261,228.8
tools,react,eog,email,3,2,1,task_20260106_213903_609_e7cfb93b_5e95c001,1.0,1,74888,145.7
tools,react,eog,email,3,2,1,task_20260108_050214_962_e5bf1251_0cabbd3d,0.666667,0,52839,88.2
tools,react,eog,email,3,2,2,task_20251203_093009_456_701c5774_24b57fbd,0.5,0,63050,232.5
tools,react,eog,email,3,2,2,task_20251203_180743_144_e7cfb93b_56dbcb89,1.0,1,83955,280.3
tools,react,eog,email,3,2,2,task_20260105_182555_369_e7cfb93b_c2cc205b,1.0,1,125690,317.6
tools,react,eog,email,3,2,2,task_20260105_214127_504_e7cfb93b_e6640be3,1.0,1,81059,384.1
tools,react,eog,email,3,2,2,task_20260106_213903_609_e7cfb93b_5e95c001,1.0,1,66108,131.0
tools,react,eog,email,3,2,2,task_20260108_050214_962_e5bf1251_0cabbd3d,0.666667,0,78781,130.1
tools,react,eog,email,3,2,3,task_20251203_093009_456_701c5774_24b57fbd,0.5,0,66174,895.3
tools,react,eog,email,3,2,3,task_20251203_180743_144_e7cfb93b_56dbcb89,1.0,1,80977,663.3
tools,react,eog,email,3,2,3,task_20260105_182555_369_e7cfb93b_c2cc205b,0.833333,0,105141,892.7
tools,react,eog,email,3,2,3,task_20260105_214127_504_e7cfb93b_e6640be3,1.0,1,206877,1080.4
tools,react,eog,email,3,2,3,task_20260106_213903_609_e7cfb93b_5e95c001,1.0,1,71265,709.9
tools,react,eog,email,3,2,3,task_20260108_050214_962_e5bf1251_0cabbd3d,0.666667,0,59489,544.6
tools,react,eog,email,3,3,1,task_20251204_101148_724_701c5774_7cb6254a,1.0,1,63022,290.8
tools,react,eog,email,3,3,1,task_20251204_142444_575_e5bf1251_65039f7d,1.0,1,32702,57.8
tools,react,eog,email,3,3,1,task_20260105_233603_790_e7cfb93b_cc802e4b,1.0,1,96772,195.9
tools,react,eog,email,3,3,1,task_20260106_071510_179_911d75d7_0ae789ae,0.0,0,74746,152.8
tools,react,eog,email,3,3,1,task_20260107_125943_886_1628b966_f951b083,0.5,0,56188,68.6
tools,react,eog,email,3,3,1,task_20260107_142454_824_1628b966_4a482da4,1.0,1,70987,100.4
tools,react,eog,email,3,3,1,task_20260108_101001_581_701c5774_3ac4e4fb,0.5,0,88200,264.0
tools,react,eog,email,3,3,2,task_20251204_101148_724_701c5774_7cb6254a,1.0,1,79206,181.5
tools,react,eog,email,3,3,2,task_20251204_142444_575_e5bf1251_65039f7d,1.0,1,34580,77.8
tools,react,eog,email,3,3,2,task_20260105_233603_790_e7cfb93b_cc802e4b,1.0,1,111853,190.8
tools,react,eog,email,3,3,2,task_20260106_071510_179_911d75d7_0ae789ae,0.0,0,84595,135.7
tools,react,eog,email,3,3,2,task_20260107_125943_886_1628b966_f951b083,0.5,0,108806,160.6
tools,react,eog,email,3,3,2,task_20260107_142454_824_1628b966_4a482da4,1.0,1,49380,71.7
tools,react,eog,email,3,3,2,task_20260108_101001_581_701c5774_3ac4e4fb,0.5,0,90092,247.3
tools,react,eog,email,3,3,3,task_20251204_101148_724_701c5774_7cb6254a,1.0,1,91215,261.1
tools,react,eog,email,3,3,3,task_20251204_142444_575_e5bf1251_65039f7d,1.0,1,33230,68.2
tools,react,eog,email,3,3,3,task_20260105_233603_790_e7cfb93b_cc802e4b,1.0,1,115130,268.0
tools,react,eog,email,3,3,3,task_20260106_071510_179_911d75d7_0ae789ae,0.0,0,71054,117.5
tools,react,eog,email,3,3,3,task_20260107_125943_886_1628b966_f951b083,0.5,0,108849,148.2
tools,react,eog,email,3,3,3,task_20260107_142454_824_1628b966_4a482da4,1.0,1,71197,97.3
tools,react,eog,email,3,3,3,task_20260108_101001_581_701c5774_3ac4e4fb,0.5,0,122498,295.5
tools,react,eog,email,4,1,1,task_20260106_060646_574_1628b966_0fc7207a,1.0,1,59622,181.8
tools,react,eog,email,4,1,1,task_20260106_140034_876_e7cfb93b_fc943e0e,0.2,0,85156,249.7
tools,react,eog,email,4,1,2,task_20260106_060646_574_1628b966_0fc7207a,1.0,1,172193,303.9
tools,react,eog,email,4,1,2,task_20260106_140034_876_e7cfb93b_fc943e0e,0.2,0,110943,315.9
tools,react,eog,email,4,1,3,task_20260106_060646_574_1628b966_0fc7207a,1.0,1,66611,141.4
tools,react,eog,email,4,1,3,task_20260106_140034_876_e7cfb93b_fc943e0e,0.6,0,196952,509.1
tools,react,eog,email,4,2,1,task_20251203_093009_456_701c5774_24b57fbd,0.5,0,143530,417.6
tools,react,eog,email,4,2,1,task_20251203_180743_144_e7cfb93b_56dbcb89,1.0,1,85351,170.9
tools,react,eog,email,4,2,1,task_20260105_182555_369_e7cfb93b_c2cc205b,0.833333,0,123913,280.6
tools,react,eog,email,4,2,1,task_20260105_214127_504_e7cfb93b_e6640be3,1.0,1,142463,286.3
tools,react,eog,email,4,2,1,task_20260106_213903_609_e7cfb93b_5e95c001,1.0,1,87832,152.7
tools,react,eog,email,4,2,1,task_20260108_050214_962_e5bf1251_0cabbd3d,0.666667,0,70081,116.7
tools,react,eog,email,4,2,2,task_20251203_093009_456_701c5774_24b57fbd,0.5,0,196662,668.1
tools,react,eog,email,4,2,2,task_20251203_180743_144_e7cfb93b_56dbcb89,1.0,1,69000,165.6
tools,react,eog,email,4,2,2,task_20260105_182555_369_e7cfb93b_c2cc205b,0.833333,0,109069,261.2
tools,react,eog,email,4,2,2,task_20260105_214127_504_e7cfb93b_e6640be3,1.0,1,92021,325.6
tools,react,eog,email,4,2,2,task_20260106_213903_609_e7cfb93b_5e95c001,1.0,1,78352,190.0
tools,react,eog,email,4,2,2,task_20260108_050214_962_e5bf1251_0cabbd3d,0.666667,0,59380,146.3
tools,react,eog,email,4,2,3,task_20251203_093009_456_701c5774_24b57fbd,0.5,0,125964,430.0
tools,react,eog,email,4,2,3,task_20251203_180743_144_e7cfb93b_56dbcb89,1.0,1,64183,160.1
tools,react,eog,email,4,2,3,task_20260105_182555_369_e7cfb93b_c2cc205b,0.833333,0,130351,285.0
tools,react,eog,email,4,2,3,task_20260105_214127_504_e7cfb93b_e6640be3,0.875,0,161013,341.4
tools,react,eog,email,4,2,3,task_20260106_213903_609_e7cfb93b_5e95c001,1.0,1,87926,170.6
tools,react,eog,email,4,2,3,task_20260108_050214_962_e5bf1251_0cabbd3d,0.666667,0,61041,115.2
tools,react,eog,email,4,3,1,task_20251204_101148_724_701c5774_7cb6254a,1.0,1,116966,286.5
tools,react,eog,email,4,3,1,task_20251204_142444_575_e5bf1251_65039f7d,1.0,1,40412,103.1
tools,react,eog,email,4,3,1,task_20260105_233603_790_e7cfb93b_cc802e4b,1.0,1,135522,332.3
tools,react,eog,email,4,3,1,task_20260106_071510_179_911d75d7_0ae789ae,0.0,0,113876,267.3
tools,react,eog,email,4,3,1,task_20260107_125943_886_1628b966_f951b083,0.5,0,79917,109.7
tools,react,eog,email,4,3,1,task_20260107_142454_824_1628b966_4a482da4,1.0,1,81238,120.6
tools,react,eog,email,4,3,1,task_20260108_101001_581_701c5774_3ac4e4fb,0.5,0,191183,459.7
tools,react,eog,email,4,3,2,task_20251204_101148_724_701c5774_7cb6254a,1.0,1,86647,174.7
tools,react,eog,email,4,3,2,task_20251204_142444_575_e5bf1251_65039f7d,1.0,1,38858,82.0
tools,react,eog,email,4,3,2,task_20260105_233603_790_e7cfb93b_cc802e4b,1.0,1,114944,226.7
tools,react,eog,email,4,3,2,task_20260106_071510_179_911d75d7_0ae789ae,0.0,0,130437,375.4
tools,react,eog,email,4,3,2,task_20260107_125943_886_1628b966_f951b083,0.5,0,108130,148.5
tools,react,eog,email,4,3,2,task_20260107_142454_824_1628b966_4a482da4,1.0,1,80154,100.7
tools,react,eog,email,4,3,2,task_20260108_101001_581_701c5774_3ac4e4fb,0.5,0,105708,304.5
tools,react,eog,email,4,3,3,task_20251204_101148_724_701c5774_7cb6254a,1.0,1,96336,399.8
tools,react,eog,email,4,3,3,task_20251204_142444_575_e5bf1251_65039f7d,1.0,1,47913,143.5
tools,react,eog,email,4,3,3,task_20260105_233603_790_e7cfb93b_cc802e4b,1.0,1,118562,290.0
tools,react,eog,email,4,3,3,task_20260106_071510_179_911d75d7_0ae789ae,0.0,0,100180,215.3
tools,react,eog,email,4,3,3,task_20260107_125943_886_1628b966_f951b083,0.5,0,66132,98.4
tools,react,eog,email,4,3,3,task_20260107_142454_824_1628b966_4a482da4,1.0,1,83902,314.8
tools,react,eog,email,4,3,3,task_20260108_101001_581_701c5774_3ac4e4fb,0.5,0,176228,481.8
tools,react,eog,email,4,4,1,task_20251125_150631_436_e5bf1251_77dd7cbb,1.0,1,52430,86.0
tools,react,eog,email,4,4,1,task_20251127_150451_336_701c5774_c2e9609a,0.666667,0,91911,231.8
tools,react,eog,email,4,4,1,task_20251203_113003_327_701c5774_2e2c97d2,1.0,1,37677,35.0
tools,react,eog,email,4,4,1,task_20251203_120537_904_701c5774_849b4b7c,0.666667,0,36869,35.9
tools,react,eog,email,4,4,1,task_20251204_083406_171_e7cfb93b_89e0d558,0.9,0,183659,299.5
tools,react,eog,email,4,4,1,task_20251204_145059_811_e5bf1251_3b195ec1,1.0,1,29830,51.3
tools,react,eog,email,4,4,1,task_20251209_094942_478_701c5774_dc4a4b13,0.333333,0,333391,881.9
tools,react,eog,email,4,4,1,task_20251212_162948_602_8ce75c22_8b25a027,1.0,1,159036,150.0
tools,react,eog,email,4,4,1,task_20260106_050111_551_701c5774_419d6733,0.333333,0,211063,561.4
tools,react,eog,email,4,4,1,task_20260107_160335_693_911d75d7_d116d7cf,0.5,0,70069,89.7
tools,react,eog,email,4,4,1,task_20260107_191539_515_911d75d7_3ea7750e,1.0,1,69982,81.9
tools,react,eog,email,4,4,1,task_20260107_214637_627_911d75d7_eb9d8622,0.0,0,36736,64.9
tools,react,eog,email,4,4,2,task_20251125_150631_436_e5bf1251_77dd7cbb,1.0,1,52539,77.5
tools,react,eog,email,4,4,2,task_20251127_150451_336_701c5774_c2e9609a,0.666667,0,64678,182.7
tools,react,eog,email,4,4,2,task_20251203_113003_327_701c5774_2e2c97d2,1.0,1,28579,42.8
tools,react,eog,email,4,4,2,task_20251203_120537_904_701c5774_849b4b7c,0.666667,0,36285,22.0
tools,react,eog,email,4,4,2,task_20251204_083406_171_e7cfb93b_89e0d558,0.9,0,108668,283.6
tools,react,eog,email,4,4,2,task_20251204_145059_811_e5bf1251_3b195ec1,1.0,1,29293,49.7
tools,react,eog,email,4,4,2,task_20251209_094942_478_701c5774_dc4a4b13,0.333333,0,165879,702.2
tools,react,eog,email,4,4,2,task_20251212_162948_602_8ce75c22_8b25a027,1.0,1,133950,127.9
tools,react,eog,email,4,4,2,task_20260106_050111_551_701c5774_419d6733,0.333333,0,116703,583.3
tools,react,eog,email,4,4,2,task_20260107_160335_693_911d75d7_d116d7cf,0.5,0,82402,118.5
tools,react,eog,email,4,4,2,task_20260107_191539_515_911d75d7_3ea7750e,1.0,1,92700,128.4
tools,react,eog,email,4,4,2,task_20260107_214637_627_911d75d7_eb9d8622,0.0,0,35808,79.2
tools,react,eog,email,4,4,3,task_20251125_150631_436_e5bf1251_77dd7cbb,1.0,1,61209,93.8
tools,react,eog,email,4,4,3,task_20251127_150451_336_701c5774_c2e9609a,1.0,1,100418,278.0
tools,react,eog,email,4,4,3,task_20251203_113003_327_701c5774_2e2c97d2,1.0,1,37396,45.1
tools,react,eog,email,4,4,3,task_20251203_120537_904_701c5774_849b4b7c,0.666667,0,36548,29.2
tools,react,eog,email,4,4,3,task_20251204_083406_171_e7cfb93b_89e0d558,0.7,0,135417,387.2
tools,react,eog,email,4,4,3,task_20251204_145059_811_e5bf1251_3b195ec1,1.0,1,29752,59.7
tools,react,eog,email,4,4,3,task_20251209_094942_478_701c5774_dc4a4b13,0.333333,0,243726,815.6
tools,react,eog,email,4,4,3,task_20251212_162948_602_8ce75c22_8b25a027,1.0,1,115383,69.6
tools,react,eog,email,4,4,3,task_20260106_050111_551_701c5774_419d6733,0.333333,0,110853,455.3
tools,react,eog,email,4,4,3,task_20260107_160335_693_911d75d7_d116d7cf,0.5,0,47231,77.8
tools,react,eog,email,4,4,3,task_20260107_191539_515_911d75d7_3ea7750e,0.5,0,70804,120.3
tools,react,eog,email,4,4,3,task_20260107_214637_627_911d75d7_eb9d8622,0.0,0,48749,115.2
tools,react,eog,email,5,1,1,task_20260106_060646_574_1628b966_0fc7207a,1.0,1,123610,318.3
tools,react,eog,email,5,1,1,task_20260106_140034_876_e7cfb93b_fc943e0e,0.6,0,94072,340.0
tools,react,eog,email,5,1,2,task_20260106_060646_574_1628b966_0fc7207a,1.0,1,93364,246.0
tools,react,eog,email,5,1,2,task_20260106_140034_876_e7cfb93b_fc943e0e,0.2,0,328760,893.9
tools,react,eog,email,5,1,3,task_20260106_060646_574_1628b966_0fc7207a,1.0,1,81562,223.6
tools,react,eog,email,5,1,3,task_20260106_140034_876_e7cfb93b_fc943e0e,1.0,1,330105,629.5
tools,react,eog,email,5,2,1,task_20251203_093009_456_701c5774_24b57fbd,0.5,0,122160,241.2
tools,react,eog,email,5,2,1,task_20251203_180743_144_e7cfb93b_56dbcb89,1.0,1,137148,232.9
tools,react,eog,email,5,2,1,task_20260105_182555_369_e7cfb93b_c2cc205b,1.0,1,147182,241.6
tools,react,eog,email,5,2,1,task_20260105_214127_504_e7cfb93b_e6640be3,0.875,0,104571,284.6
tools,react,eog,email,5,2,1,task_20260106_213903_609_e7cfb93b_5e95c001,1.0,1,130145,200.3
tools,react,eog,email,5,2,1,task_20260108_050214_962_e5bf1251_0cabbd3d,0.666667,0,91433,121.9
tools,react,eog,email,5,2,2,task_20251203_093009_456_701c5774_24b57fbd,0.5,0,179586,435.7
tools,react,eog,email,5,2,2,task_20251203_180743_144_e7cfb93b_56dbcb89,1.0,1,139747,200.9
tools,react,eog,email,5,2,2,task_20260105_182555_369_e7cfb93b_c2cc205b,0.833333,0,135994,204.1
tools,react,eog,email,5,2,2,task_20260105_214127_504_e7cfb93b_e6640be3,1.0,1,119863,259.3
tools,react,eog,email,5,2,2,task_20260106_213903_609_e7cfb93b_5e95c001,1.0,1,109755,158.9
tools,react,eog,email,5,2,2,task_20260108_050214_962_e5bf1251_0cabbd3d,0.666667,0,76890,105.9
tools,react,eog,email,5,2,3,task_20251203_093009_456_701c5774_24b57fbd,0.5,0,95956,282.9
tools,react,eog,email,5,2,3,task_20251203_180743_144_e7cfb93b_56dbcb89,1.0,1,140508,195.3
tools,react,eog,email,5,2,3,task_20260105_182555_369_e7cfb93b_c2cc205b,1.0,1,201339,389.3
tools,react,eog,email,5,2,3,task_20260105_214127_504_e7cfb93b_e6640be3,1.0,1,119362,248.3
tools,react,eog,email,5,2,3,task_20260106_213903_609_e7cfb93b_5e95c001,1.0,1,106618,196.8
tools,react,eog,email,5,2,3,task_20260108_050214_962_e5bf1251_0cabbd3d,0.666667,0,67326,144.5
tools,react,eog,email,5,3,1,task_20251204_101148_724_701c5774_7cb6254a,1.0,1,104369,165.9
tools,react,eog,email,5,3,1,task_20251204_142444_575_e5bf1251_65039f7d,1.0,1,66152,57.4
tools,react,eog,email,5,3,1,task_20260105_233603_790_e7cfb93b_cc802e4b,1.0,1,155460,293.2
tools,react,eog,email,5,3,1,task_20260106_071510_179_911d75d7_0ae789ae,0.0,0,126386,156.6
tools,react,eog,email,5,3,1,task_20260107_125943_886_1628b966_f951b083,0.5,0,83355,86.3
tools,react,eog,email,5,3,1,task_20260107_142454_824_1628b966_4a482da4,1.0,1,102952,105.0
tools,react,eog,email,5,3,1,task_20260108_101001_581_701c5774_3ac4e4fb,0.5,0,221202,425.3
tools,react,eog,email,5,3,2,task_20251204_101148_724_701c5774_7cb6254a,0.333333,0,91161,167.5
tools,react,eog,email,5,3,2,task_20251204_142444_575_e5bf1251_65039f7d,1.0,1,65739,52.7
tools,react,eog,email,5,3,2,task_20260105_233603_790_e7cfb93b_cc802e4b,1.0,1,154602,202.2
tools,react,eog,email,5,3,2,task_20260106_071510_179_911d75d7_0ae789ae,0.0,0,93215,124.6
tools,react,eog,email,5,3,2,task_20260107_125943_886_1628b966_f951b083,0.5,0,70486,94.1
tools,react,eog,email,5,3,2,task_20260107_142454_824_1628b966_4a482da4,1.0,1,69643,62.9
tools,react,eog,email,5,3,2,task_20260108_101001_581_701c5774_3ac4e4fb,0.5,0,173197,423.3
tools,react,eog,email,5,3,3,task_20251204_101148_724_701c5774_7cb6254a,1.0,1,163223,194.2
tools,react,eog,email,5,3,3,task_20251204_142444_575_e5bf1251_65039f7d,1.0,1,66482,68.4
tools,react,eog,email,5,3,3,task_20260105_233603_790_e7cfb93b_cc802e4b,1.0,1,130726,181.7
tools,react,eog,email,5,3,3,task_20260106_071510_179_911d75d7_0ae789ae,0.0,0,128892,203.9
tools,react,eog,email,5,3,3,task_20260107_125943_886_1628b966_f951b083,0.5,0,83144,82.5
tools,react,eog,email,5,3,3,task_20260107_142454_824_1628b966_4a482da4,1.0,1,101840,81.9
tools,react,eog,email,5,3,3,task_20260108_101001_581_701c5774_3ac4e4fb,0.5,0,331307,633.9
tools,react,eog,email,5,4,1,task_20251125_150631_436_e5bf1251_77dd7cbb,0.5,0,70573,87.4
tools,react,eog,email,5,4,1,task_20251127_150451_336_701c5774_c2e9609a,1.0,1,118913,241.4
tools,react,eog,email,5,4,1,task_20251203_113003_327_701c5774_2e2c97d2,1.0,1,51506,33.5
tools,react,eog,email,5,4,1,task_20251203_120537_904_701c5774_849b4b7c,0.666667,0,52003,39.7
tools,react,eog,email,5,4,1,task_20251204_083406_171_e7cfb93b_89e0d558,0.7,0,119461,316.7
tools,react,eog,email,5,4,1,task_20251204_145059_811_e5bf1251_3b195ec1,1.0,1,40242,46.6
tools,react,eog,email,5,4,1,task_20251209_094942_478_701c5774_dc4a4b13,0.333333,0,229789,441.4
tools,react,eog,email,5,4,1,task_20251212_162948_602_8ce75c22_8b25a027,1.0,1,139939,123.3
tools,react,eog,email,5,4,1,task_20260106_050111_551_701c5774_419d6733,0.333333,0,115501,321.2
tools,react,eog,email,5,4,1,task_20260107_160335_693_911d75d7_d116d7cf,0.5,0,91253,95.1
tools,react,eog,email,5,4,1,task_20260107_191539_515_911d75d7_3ea7750e,1.0,1,110836,159.8
tools,react,eog,email,5,4,1,task_20260107_214637_627_911d75d7_eb9d8622,0.0,0,48377,91.8
tools,react,eog,email,5,4,2,task_20251125_150631_436_e5bf1251_77dd7cbb,1.0,1,70311,79.7
tools,react,eog,email,5,4,2,task_20251127_150451_336_701c5774_c2e9609a,1.0,1,141303,330.9
tools,react,eog,email,5,4,2,task_20251203_113003_327_701c5774_2e2c97d2,1.0,1,52022,41.4
tools,react,eog,email,5,4,2,task_20251203_120537_904_701c5774_849b4b7c,0.666667,0,52317,43.1
tools,react,eog,email,5,4,2,task_20251204_083406_171_e7cfb93b_89e0d558,0.7,0,167299,345.3
tools,react,eog,email,5,4,2,task_20251204_145059_811_e5bf1251_3b195ec1,1.0,1,39590,49.2
tools,react,eog,email,5,4,2,task_20251209_094942_478_701c5774_dc4a4b13,0.333333,0,113363,416.1
tools,react,eog,email,5,4,2,task_20251212_162948_602_8ce75c22_8b25a027,0.833333,0,156871,107.3
tools,react,eog,email,5,4,2,task_20260106_050111_551_701c5774_419d6733,0.333333,0,110077,463.1
tools,react,eog,email,5,4,2,task_20260107_160335_693_911d75d7_d116d7cf,0.5,0,109321,116.4
tools,react,eog,email,5,4,2,task_20260107_191539_515_911d75d7_3ea7750e,1.0,1,106683,104.6
tools,react,eog,email,5,4,2,task_20260107_214637_627_911d75d7_eb9d8622,0.0,0,47804,80.0
tools,react,eog,email,5,4,3,task_20251125_150631_436_e5bf1251_77dd7cbb,1.0,1,80442,62.9
tools,react,eog,email,5,4,3,task_20251127_150451_336_701c5774_c2e9609a,1.0,1,103258,188.6
tools,react,eog,email,5,4,3,task_20251203_113003_327_701c5774_2e2c97d2,1.0,1,50996,25.7
tools,react,eog,email,5,4,3,task_20251203_120537_904_701c5774_849b4b7c,1.0,1,51284,30.2
tools,react,eog,email,5,4,3,task_20251204_083406_171_e7cfb93b_89e0d558,0.9,0,149806,199.8
tools,react,eog,email,5,4,3,task_20251204_145059_811_e5bf1251_3b195ec1,1.0,1,40365,53.4
tools,react,eog,email,5,4,3,task_20251209_094942_478_701c5774_dc4a4b13,0.333333,0,175665,361.2
tools,react,eog,email,5,4,3,task_20251212_162948_602_8ce75c22_8b25a027,1.0,1,200148,109.9
tools,react,eog,email,5,4,3,task_20260106_050111_551_701c5774_419d6733,0.333333,0,99143,285.2
tools,react,eog,email,5,4,3,task_20260107_160335_693_911d75d7_d116d7cf,0.5,0,92319,89.3
tools,react,eog,email,5,4,3,task_20260107_191539_515_911d75d7_3ea7750e,0.5,0,92403,93.3
tools,react,eog,email,5,4,3,task_20260107_214637_627_911d75d7_eb9d8622,0.0,0,48372,74.4
tools,react,eog,email,5,5,1,task_20251125_154624_258_701c5774_59c41eed,0.666667,0,262250,530.6
tools,react,eog,email,5,5,1,task_20251125_202309_857_e7cfb93b_9c156259,1.0,1,159327,264.6
tools,react,eog,email,5,5,1,task_20251128_154607_365_1628b966_a730b5cf,1.0,1,24980,23.1
tools,react,eog,email,5,5,1,task_20251204_120643_371_8ce75c22_f09e1799,0.8,0,118077,220.4
tools,react,eog,email,5,5,1,task_20251204_153830_645_1628b966_3df25b52,1.0,1,84285,99.6
tools,react,eog,email,5,5,1,task_20251211_054846_540_e5bf1251_265c5883,0.666667,0,101348,221.2
tools,react,eog,email,5,5,1,task_20251211_100706_985_701c5774_8d658f71,0.5,0,210119,407.2
tools,react,eog,email,5,5,1,task_20251212_072144_983_8ce75c22_1b848fdd,1.0,1,264341,239.3
tools,react,eog,email,5,5,1,task_20260107_131200_705_1628b966_84e87e0f,0.5,0,78871,116.8
tools,react,eog,email,5,5,1,task_20260107_141130_029_1628b966_8e264839,0.0,0,128951,236.5
tools,react,eog,email,5,5,1,task_20260108_031733_760_e5bf1251_9e81ad1b,0.666667,0,121948,273.4
tools,react,eog,email,5,5,1,task_20260109_080715_585_911d75d7_ded91685,1.0,1,71201,129.3
tools,react,eog,email,5,5,1,task_20260109_160851_122_911d75d7_3ece8e5e,0.0,0,62097,89.1
tools,react,eog,email,5,5,2,task_20251125_154624_258_701c5774_59c41eed,0.0,0,280526,514.5
tools,react,eog,email,5,5,2,task_20251125_202309_857_e7cfb93b_9c156259,1.0,1,170420,299.3
tools,react,eog,email,5,5,2,task_20251128_154607_365_1628b966_a730b5cf,1.0,1,38327,42.4
tools,react,eog,email,5,5,2,task_20251204_120643_371_8ce75c22_f09e1799,0.8,0,155172,326.0
tools,react,eog,email,5,5,2,task_20251204_153830_645_1628b966_3df25b52,1.0,1,70710,114.7
tools,react,eog,email,5,5,2,task_20251211_054846_540_e5bf1251_265c5883,0.666667,0,127322,210.0
tools,react,eog,email,5,5,2,task_20251211_100706_985_701c5774_8d658f71,0.75,0,215961,338.9
tools,react,eog,email,5,5,2,task_20251212_072144_983_8ce75c22_1b848fdd,1.0,1,227443,245.7
tools,react,eog,email,5,5,2,task_20260107_131200_705_1628b966_84e87e0f,0.5,0,99203,175.9
tools,react,eog,email,5,5,2,task_20260107_141130_029_1628b966_8e264839,0.0,0,132839,318.5
tools,react,eog,email,5,5,2,task_20260108_031733_760_e5bf1251_9e81ad1b,1.0,1,156129,217.1
tools,react,eog,email,5,5,2,task_20260109_080715_585_911d75d7_ded91685,1.0,1,107884,215.7
tools,react,eog,email,5,5,2,task_20260109_160851_122_911d75d7_3ece8e5e,0.0,0,61723,113.2
tools,react,eog,email,5,5,3,task_20251125_154624_258_701c5774_59c41eed,0.0,0,165364,415.2
tools,react,eog,email,5,5,3,task_20251125_202309_857_e7cfb93b_9c156259,1.0,1,157594,342.1
tools,react,eog,email,5,5,3,task_20251128_154607_365_1628b966_a730b5cf,1.0,1,38257,42.1
tools,react,eog,email,5,5,3,task_20251204_120643_371_8ce75c22_f09e1799,1.0,1,114318,266.4
tools,react,eog,email,5,5,3,task_20251204_153830_645_1628b966_3df25b52,1.0,1,99558,129.7
tools,react,eog,email,5,5,3,task_20251211_054846_540_e5bf1251_265c5883,1.0,1,146334,319.0
tools,react,eog,email,5,5,3,task_20251211_100706_985_701c5774_8d658f71,0.5,0,212535,465.6
tools,react,eog,email,5,5,3,task_20251212_072144_983_8ce75c22_1b848fdd,1.0,1,156122,156.9
tools,react,eog,email,5,5,3,task_20260107_131200_705_1628b966_84e87e0f,0.5,0,63964,134.9
tools,react,eog,email,5,5,3,task_20260107_141130_029_1628b966_8e264839,0.0,0,129102,285.7
tools,react,eog,email,5,5,3,task_20260108_031733_760_e5bf1251_9e81ad1b,1.0,1,180982,228.9
tools,react,eog,email,5,5,3,task_20260109_080715_585_911d75d7_ded91685,1.0,1,86688,133.9
tools,react,eog,email,5,5,3,task_20260109_160851_122_911d75d7_3ece8e5e,0.0,0,61644,95.0
tools,react,eog,email,6,1,1,task_20260106_060646_574_1628b966_0fc7207a,1.0,1,169005,264.5
tools,react,eog,email,6,1,1,task_20260106_140034_876_e7cfb93b_fc943e0e,0.2,0,130788,247.4
tools,react,eog,email,6,1,2,task_20260106_060646_574_1628b966_0fc7207a,1.0,1,97472,190.6
tools,react,eog,email,6,1,2,task_20260106_140034_876_e7cfb93b_fc943e0e,1.0,1,169090,217.8
tools,react,eog,email,6,1,3,task_20260106_060646_574_1628b966_0fc7207a,1.0,1,112495,190.8
tools,react,eog,email,6,1,3,task_20260106_140034_876_e7cfb93b_fc943e0e,0.6,0,129367,194.6
tools,react,eog,email,6,2,1,task_20251203_093009_456_701c5774_24b57fbd,0.0,0,90782,159.5
tools,react,eog,email,6,2,1,task_20251203_180743_144_e7cfb93b_56dbcb89,1.0,1,177004,228.5
tools,react,eog,email,6,2,1,task_20260105_182555_369_e7cfb93b_c2cc205b,0.666667,0,189815,271.1
tools,react,eog,email,6,2,1,task_20260105_214127_504_e7cfb93b_e6640be3,1.0,1,120342,227.3
tools,react,eog,email,6,2,1,task_20260106_213903_609_e7cfb93b_5e95c001,1.0,1,145016,254.8
tools,react,eog,email,6,2,1,task_20260108_050214_962_e5bf1251_0cabbd3d,0.666667,0,115594,127.3
tools,react,eog,email,6,2,2,task_20251203_093009_456_701c5774_24b57fbd,0.5,0,115333,266.8
tools,react,eog,email,6,2,2,task_20251203_180743_144_e7cfb93b_56dbcb89,1.0,1,157682,160.8
tools,react,eog,email,6,2,2,task_20260105_182555_369_e7cfb93b_c2cc205b,1.0,1,131670,205.7
tools,react,eog,email,6,2,2,task_20260105_214127_504_e7cfb93b_e6640be3,1.0,1,138400,250.0
tools,react,eog,email,6,2,2,task_20260106_213903_609_e7cfb93b_5e95c001,1.0,1,126066,131.7
tools,react,eog,email,6,2,2,task_20260108_050214_962_e5bf1251_0cabbd3d,0.666667,0,109554,103.2
tools,react,eog,email,6,2,3,task_20251203_093009_456_701c5774_24b57fbd,0.5,0,157039,411.6
tools,react,eog,email,6,2,3,task_20251203_180743_144_e7cfb93b_56dbcb89,1.0,1,123887,200.4
tools,react,eog,email,6,2,3,task_20260105_182555_369_e7cfb93b_c2cc205b,0.833333,0,181185,300.8
tools,react,eog,email,6,2,3,task_20260105_214127_504_e7cfb93b_e6640be3,1.0,1,119567,253.9
tools,react,eog,email,6,2,3,task_20260106_213903_609_e7cfb93b_5e95c001,1.0,1,127508,203.5
tools,react,eog,email,6,2,3,task_20260108_050214_962_e5bf1251_0cabbd3d,0.666667,0,110461,149.1
tools,react,eog,email,6,3,1,task_20251204_101148_724_701c5774_7cb6254a,0.333333,0,380694,370.7
tools,react,eog,email,6,3,1,task_20251204_142444_575_e5bf1251_65039f7d,1.0,1,80054,49.0
tools,react,eog,email,6,3,1,task_20260105_233603_790_e7cfb93b_cc802e4b,1.0,1,185330,161.3
tools,react,eog,email,6,3,1,task_20260106_071510_179_911d75d7_0ae789ae,0.0,0,128033,75.4
tools,react,eog,email,6,3,1,task_20260107_125943_886_1628b966_f951b083,0.5,0,227923,191.6
tools,react,eog,email,6,3,1,task_20260107_142454_824_1628b966_4a482da4,1.0,1,119507,67.3
tools,react,eog,email,6,3,1,task_20260108_101001_581_701c5774_3ac4e4fb,0.5,0,276821,531.3
tools,react,eog,email,6,3,2,task_20251204_101148_724_701c5774_7cb6254a,0.333333,0,244518,253.5
tools,react,eog,email,6,3,2,task_20251204_142444_575_e5bf1251_65039f7d,1.0,1,65313,52.1
tools,react,eog,email,6,3,2,task_20260105_233603_790_e7cfb93b_cc802e4b,1.0,1,186334,183.3
tools,react,eog,email,6,3,2,task_20260106_071510_179_911d75d7_0ae789ae,0.0,0,149591,128.6
tools,react,eog,email,6,3,2,task_20260107_125943_886_1628b966_f951b083,0.5,0,98161,75.0
tools,react,eog,email,6,3,2,task_20260107_142454_824_1628b966_4a482da4,1.0,1,119506,82.8
tools,react,eog,email,6,3,2,task_20260108_101001_581_701c5774_3ac4e4fb,0.5,0,296866,464.6
tools,react,eog,email,6,3,3,task_20251204_101148_724_701c5774_7cb6254a,0.333333,0,268956,281.1
tools,react,eog,email,6,3,3,task_20251204_142444_575_e5bf1251_65039f7d,1.0,1,66279,56.2
tools,react,eog,email,6,3,3,task_20260105_233603_790_e7cfb93b_cc802e4b,1.0,1,190130,184.3
tools,react,eog,email,6,3,3,task_20260106_071510_179_911d75d7_0ae789ae,0.0,0,111472,92.6
tools,react,eog,email,6,3,3,task_20260107_125943_886_1628b966_f951b083,0.5,0,98571,66.1
tools,react,eog,email,6,3,3,task_20260107_142454_824_1628b966_4a482da4,1.0,1,120075,75.8
tools,react,eog,email,6,3,3,task_20260108_101001_581_701c5774_3ac4e4fb,0.5,0,211856,497.2
tools,react,eog,email,6,4,1,task_20251125_150631_436_e5bf1251_77dd7cbb,1.0,1,100641,86.6
tools,react,eog,email,6,4,1,task_20251127_150451_336_701c5774_c2e9609a,0.666667,0,103647,141.2
tools,react,eog,email,6,4,1,task_20251203_113003_327_701c5774_2e2c97d2,1.0,1,79055,32.7
tools,react,eog,email,6,4,1,task_20251203_120537_904_701c5774_849b4b7c,0.666667,0,79493,40.6
tools,react,eog,email,6,4,1,task_20251204_083406_171_e7cfb93b_89e0d558,0.9,0,182400,252.9
tools,react,eog,email,6,4,1,task_20251204_145059_811_e5bf1251_3b195ec1,1.0,1,66264,56.3
tools,react,eog,email,6,4,1,task_20251209_094942_478_701c5774_dc4a4b13,0.333333,0,286987,576.1
tools,react,eog,email,6,4,1,task_20251212_162948_602_8ce75c22_8b25a027,1.0,1,189821,98.8
tools,react,eog,email,6,4,1,task_20260106_050111_551_701c5774_419d6733,0.333333,0,222570,374.5
tools,react,eog,email,6,4,1,task_20260107_160335_693_911d75d7_d116d7cf,0.5,0,130604,115.7
tools,react,eog,email,6,4,1,task_20260107_191539_515_911d75d7_3ea7750e,1.0,1,110601,94.6
tools,react,eog,email,6,4,1,task_20260107_214637_627_911d75d7_eb9d8622,0.0,0,74014,78.4
tools,react,eog,email,6,4,2,task_20251125_150631_436_e5bf1251_77dd7cbb,1.0,1,84103,64.8
tools,react,eog,email,6,4,2,task_20251127_150451_336_701c5774_c2e9609a,1.0,1,103772,112.8
tools,react,eog,email,6,4,2,task_20251203_113003_327_701c5774_2e2c97d2,1.0,1,64644,41.0
tools,react,eog,email,6,4,2,task_20251203_120537_904_701c5774_849b4b7c,0.666667,0,64095,35.7
tools,react,eog,email,6,4,2,task_20251204_083406_171_e7cfb93b_89e0d558,0.7,0,254110,293.4
tools,react,eog,email,6,4,2,task_20251204_145059_811_e5bf1251_3b195ec1,1.0,1,47975,29.0
tools,react,eog,email,6,4,2,task_20251209_094942_478_701c5774_dc4a4b13,0.333333,0,147112,285.1
tools,react,eog,email,6,4,2,task_20251212_162948_602_8ce75c22_8b25a027,1.0,1,126524,81.8
tools,react,eog,email,6,4,2,task_20260106_050111_551_701c5774_419d6733,0.333333,0,211631,415.8
tools,react,eog,email,6,4,2,task_20260107_160335_693_911d75d7_d116d7cf,0.5,0,109054,83.5
tools,react,eog,email,6,4,2,task_20260107_191539_515_911d75d7_3ea7750e,1.0,1,127097,84.9
tools,react,eog,email,6,4,2,task_20260107_214637_627_911d75d7_eb9d8622,0.0,0,74529,82.6
tools,react,eog,email,6,4,3,task_20251125_150631_436_e5bf1251_77dd7cbb,1.0,1,83458,56.3
tools,react,eog,email,6,4,3,task_20251127_150451_336_701c5774_c2e9609a,1.0,1,124516,144.9
tools,react,eog,email,6,4,3,task_20251203_113003_327_701c5774_2e2c97d2,1.0,1,78688,27.7
tools,react,eog,email,6,4,3,task_20251203_120537_904_701c5774_849b4b7c,0.666667,0,79241,36.6
tools,react,eog,email,6,4,3,task_20251204_083406_171_e7cfb93b_89e0d558,0.7,0,127053,155.5
tools,react,eog,email,6,4,3,task_20251204_145059_811_e5bf1251_3b195ec1,1.0,1,65751,43.5
tools,react,eog,email,6,4,3,task_20251209_094942_478_701c5774_dc4a4b13,0.333333,0,167579,283.2
tools,react,eog,email,6,4,3,task_20251212_162948_602_8ce75c22_8b25a027,1.0,1,146909,57.5
tools,react,eog,email,6,4,3,task_20260106_050111_551_701c5774_419d6733,0.333333,0,173589,228.0
tools,react,eog,email,6,4,3,task_20260107_160335_693_911d75d7_d116d7cf,0.5,0,90298,51.7
tools,react,eog,email,6,4,3,task_20260107_191539_515_911d75d7_3ea7750e,0.5,0,111536,88.1
tools,react,eog,email,6,4,3,task_20260107_214637_627_911d75d7_eb9d8622,0.0,0,56638,63.2
tools,react,eog,email,6,5,1,task_20251125_154624_258_701c5774_59c41eed,0.0,0,213298,271.0
tools,react,eog,email,6,5,1,task_20251125_202309_857_e7cfb93b_9c156259,1.0,1,199475,190.0
tools,react,eog,email,6,5,1,task_20251128_154607_365_1628b966_a730b5cf,1.0,1,31408,20.6
tools,react,eog,email,6,5,1,task_20251204_120643_371_8ce75c22_f09e1799,0.8,0,104649,203.5
tools,react,eog,email,6,5,1,task_20251204_153830_645_1628b966_3df25b52,1.0,1,86768,103.6
tools,react,eog,email,6,5,1,task_20251211_054846_540_e5bf1251_265c5883,0.666667,0,113084,118.9
tools,react,eog,email,6,5,1,task_20251211_100706_985_701c5774_8d658f71,0.5,0,285199,400.5
tools,react,eog,email,6,5,1,task_20251212_072144_983_8ce75c22_1b848fdd,1.0,1,288605,237.2
tools,react,eog,email,6,5,1,task_20260107_131200_705_1628b966_84e87e0f,0.5,0,115418,143.4
tools,react,eog,email,6,5,1,task_20260107_141130_029_1628b966_8e264839,0.0,0,153519,257.0
tools,react,eog,email,6,5,1,task_20260108_031733_760_e5bf1251_9e81ad1b,0.333333,0,226884,330.4
tools,react,eog,email,6,5,1,task_20260109_080715_585_911d75d7_ded91685,1.0,1,102014,130.6
tools,react,eog,email,6,5,1,task_20260109_160851_122_911d75d7_3ece8e5e,0.0,0,75126,91.8
tools,react,eog,email,6,5,2,task_20251125_154624_258_701c5774_59c41eed,0.0,0,201512,351.4
tools,react,eog,email,6,5,2,task_20251125_202309_857_e7cfb93b_9c156259,1.0,1,198939,209.7
tools,react,eog,email,6,5,2,task_20251128_154607_365_1628b966_a730b5cf,1.0,1,46888,28.0
tools,react,eog,email,6,5,2,task_20251204_120643_371_8ce75c22_f09e1799,0.8,0,80178,126.7
tools,react,eog,email,6,5,2,task_20251204_153830_645_1628b966_3df25b52,1.0,1,103630,140.4
tools,react,eog,email,6,5,2,task_20251211_054846_540_e5bf1251_265c5883,0.666667,0,133075,156.9
tools,react,eog,email,6,5,2,task_20251211_100706_985_701c5774_8d658f71,0.5,0,185135,245.8
tools,react,eog,email,6,5,2,task_20251212_072144_983_8ce75c22_1b848fdd,1.0,1,267689,187.7
tools,react,eog,email,6,5,2,task_20260107_131200_705_1628b966_84e87e0f,0.5,0,94702,116.2
tools,react,eog,email,6,5,2,task_20260107_141130_029_1628b966_8e264839,0.0,0,175819,305.1
tools,react,eog,email,6,5,2,task_20260108_031733_760_e5bf1251_9e81ad1b,1.0,1,266692,328.1
tools,react,eog,email,6,5,2,task_20260109_080715_585_911d75d7_ded91685,0.0,0,18808,25.3
tools,react,eog,email,6,5,2,task_20260109_160851_122_911d75d7_3ece8e5e,0.0,0,54729,62.2
tools,react,eog,email,6,5,3,task_20251125_154624_258_701c5774_59c41eed,0.666667,0,158627,326.1
tools,react,eog,email,6,5,3,task_20251125_202309_857_e7cfb93b_9c156259,1.0,1,186524,225.5
tools,react,eog,email,6,5,3,task_20251128_154607_365_1628b966_a730b5cf,1.0,1,47301,37.5
tools,react,eog,email,6,5,3,task_20251204_120643_371_8ce75c22_f09e1799,1.0,1,144788,227.1
tools,react,eog,email,6,5,3,task_20251204_153830_645_1628b966_3df25b52,1.0,1,83720,99.8
tools,react,eog,email,6,5,3,task_20251211_054846_540_e5bf1251_265c5883,1.0,1,171819,164.0
tools,react,eog,email,6,5,3,task_20251211_100706_985_701c5774_8d658f71,0.5,0,297538,368.9
tools,react,eog,email,6,5,3,task_20251212_072144_983_8ce75c22_1b848fdd,1.0,1,311479,236.7
tools,react,eog,email,6,5,3,task_20260107_131200_705_1628b966_84e87e0f,0.5,0,94143,99.1
tools,react,eog,email,6,5,3,task_20260107_141130_029_1628b966_8e264839,0.0,0,172260,268.8
tools,react,eog,email,6,5,3,task_20260108_031733_760_e5bf1251_9e81ad1b,1.0,1,152594,206.7
tools,react,eog,email,6,5,3,task_20260109_080715_585_911d75d7_ded91685,1.0,1,124319,198.5
tools,react,eog,email,6,5,3,task_20260109_160851_122_911d75d7_3ece8e5e,0.0,0,93017,103.5
tools,react,eog,email,6,6,1,task_20251203_104951_949_701c5774_5a606512,0.5,0,127384,265.9
tools,react,eog,email,6,6,1,task_20251204_144745_585_e5bf1251_4e4c189d,1.0,1,51024,35.6
tools,react,eog,email,6,6,1,task_20251211_194841_657_8ce75c22_43c6bc2f,1.0,1,324205,171.1
tools,react,eog,email,6,6,1,task_20260106_052248_226_1628b966_d8c22aed,1.0,1,93485,126.0
tools,react,eog,email,6,6,1,task_20260108_143038_654_e5bf1251_b9e616b8,1.0,1,93893,52.3
tools,react,eog,email,6,6,1,task_20260109_170111_125_8ce75c22_1c7034c5,0.75,0,87967,72.2
tools,react,eog,email,6,6,2,task_20251203_104951_949_701c5774_5a606512,0.5,0,157450,314.6
tools,react,eog,email,6,6,2,task_20251204_144745_585_e5bf1251_4e4c189d,1.0,1,67582,51.2
tools,react,eog,email,6,6,2,task_20251211_194841_657_8ce75c22_43c6bc2f,1.0,1,253997,128.4
tools,react,eog,email,6,6,2,task_20260106_052248_226_1628b966_d8c22aed,1.0,1,110579,150.6
tools,react,eog,email,6,6,2,task_20260108_143038_654_e5bf1251_b9e616b8,1.0,1,93927,50.3
tools,react,eog,email,6,6,2,task_20260109_170111_125_8ce75c22_1c7034c5,0.75,0,85914,67.7
tools,react,eog,email,6,6,3,task_20251203_104951_949_701c5774_5a606512,1.0,1,198431,418.6
tools,react,eog,email,6,6,3,task_20251204_144745_585_e5bf1251_4e4c189d,1.0,1,51289,54.3
tools,react,eog,email,6,6,3,task_20251211_194841_657_8ce75c22_43c6bc2f,1.0,1,253680,176.3
tools,react,eog,email,6,6,3,task_20260106_052248_226_1628b966_d8c22aed,0.666667,0,113163,208.0
tools,react,eog,email,6,6,3,task_20260108_143038_654_e5bf1251_b9e616b8,1.0,1,118664,84.7
tools,react,eog,email,6,6,3,task_20260109_170111_125_8ce75c22_1c7034c5,1.0,1,73643,95.5
tools,react,eog,hr,1,1,1,task_20251223_184833_888_a8eea1c0_87c53cb9,0.571429,0,50278,151.7
tools,react,eog,hr,1,1,1,task_20251223_194142_190_46ca2862_d9cae434,0.5,0,90070,421.0
tools,react,eog,hr,1,1,1,task_20251223_194912_450_46ca2862_0084047c,0.5,0,91584,442.6
tools,react,eog,hr,1,1,1,task_20251224_094258_495_c4ad7a70_42fbe372,1.0,1,82040,333.2
tools,react,eog,hr,1,1,1,task_20251224_133749_739_c4ad7a70_9df76270,1.0,1,93473,434.0
tools,react,eog,hr,1,1,1,task_20251226_094920_495_99ba2325_627386b2,0.75,0,88249,466.5
tools,react,eog,hr,1,1,1,task_20260112_141226_936_7aad91c1_61df8f2b,1.0,1,87242,179.8
tools,react,eog,hr,1,1,1,task_20260116_104653_444_99ba2325_320d5ca4,0.75,0,58702,346.4
tools,react,eog,hr,1,1,1,task_20260116_112336_208_c5cac200_da33db0a,0.833333,0,120236,469.5
tools,react,eog,hr,1,1,1,task_20260116_160908_725_46ca2862_923e672e,0.0,0,42991,333.8
tools,react,eog,hr,1,1,2,task_20251223_184833_888_a8eea1c0_87c53cb9,0.571429,0,68254,161.8
tools,react,eog,hr,1,1,2,task_20251223_194142_190_46ca2862_d9cae434,0.5,0,61900,209.1
tools,react,eog,hr,1,1,2,task_20251223_194912_450_46ca2862_0084047c,0.5,0,80836,258.7
tools,react,eog,hr,1,1,2,task_20251224_094258_495_c4ad7a70_42fbe372,1.0,1,69549,161.8
tools,react,eog,hr,1,1,2,task_20251224_133749_739_c4ad7a70_9df76270,1.0,1,89913,223.5
tools,react,eog,hr,1,1,2,task_20251226_094920_495_99ba2325_627386b2,0.5,0,77768,264.8
tools,react,eog,hr,1,1,2,task_20260112_141226_936_7aad91c1_61df8f2b,1.0,1,104209,245.3
tools,react,eog,hr,1,1,2,task_20260116_104653_444_99ba2325_320d5ca4,0.5,0,46341,166.9
tools,react,eog,hr,1,1,2,task_20260116_112336_208_c5cac200_da33db0a,0.833333,0,85591,179.7
tools,react,eog,hr,1,1,2,task_20260116_160908_725_46ca2862_923e672e,0.0,0,43010,210.9
tools,react,eog,hr,1,1,3,task_20251223_184833_888_a8eea1c0_87c53cb9,0.428571,0,62237,155.3
tools,react,eog,hr,1,1,3,task_20251223_194142_190_46ca2862_d9cae434,0.5,0,78486,232.7
tools,react,eog,hr,1,1,3,task_20251223_194912_450_46ca2862_0084047c,0.5,0,104600,424.4
tools,react,eog,hr,1,1,3,task_20251224_094258_495_c4ad7a70_42fbe372,1.0,1,71724,197.9
tools,react,eog,hr,1,1,3,task_20251224_133749_739_c4ad7a70_9df76270,1.0,1,81086,190.2
tools,react,eog,hr,1,1,3,task_20251226_094920_495_99ba2325_627386b2,1.0,1,149356,643.1
tools,react,eog,hr,1,1,3,task_20260112_141226_936_7aad91c1_61df8f2b,1.0,1,76977,188.8
tools,react,eog,hr,1,1,3,task_20260116_104653_444_99ba2325_320d5ca4,1.0,1,100543,387.3
tools,react,eog,hr,1,1,3,task_20260116_112336_208_c5cac200_da33db0a,0.833333,0,120008,258.5
tools,react,eog,hr,1,1,3,task_20260116_160908_725_46ca2862_923e672e,0.0,0,21997,87.1
tools,react,eog,hr,2,1,1,task_20251223_184833_888_a8eea1c0_87c53cb9,0.571429,0,66169,294.8
tools,react,eog,hr,2,1,1,task_20251223_194142_190_46ca2862_d9cae434,0.5,0,100599,344.3
tools,react,eog,hr,2,1,1,task_20251223_194912_450_46ca2862_0084047c,0.5,0,127430,381.5
tools,react,eog,hr,2,1,1,task_20251224_094258_495_c4ad7a70_42fbe372,1.0,1,106366,353.1
tools,react,eog,hr,2,1,1,task_20251224_133749_739_c4ad7a70_9df76270,1.0,1,106229,361.8
tools,react,eog,hr,2,1,1,task_20251226_094920_495_99ba2325_627386b2,0.5,0,95885,364.0
tools,react,eog,hr,2,1,1,task_20260112_141226_936_7aad91c1_61df8f2b,1.0,1,160610,459.1
tools,react,eog,hr,2,1,1,task_20260116_104653_444_99ba2325_320d5ca4,0.5,0,163165,534.1
tools,react,eog,hr,2,1,1,task_20260116_112336_208_c5cac200_da33db0a,0.833333,0,190885,535.3
tools,react,eog,hr,2,1,1,task_20260116_160908_725_46ca2862_923e672e,0.0,0,28011,287.1
tools,react,eog,hr,2,1,2,task_20251223_184833_888_a8eea1c0_87c53cb9,1.0,1,203907,450.6
tools,react,eog,hr,2,1,2,task_20251223_194142_190_46ca2862_d9cae434,0.5,0,102679,213.1
tools,react,eog,hr,2,1,2,task_20251223_194912_450_46ca2862_0084047c,1.0,1,80133,407.2
tools,react,eog,hr,2,1,2,task_20251224_094258_495_c4ad7a70_42fbe372,1.0,1,120761,363.8
tools,react,eog,hr,2,1,2,task_20251224_133749_739_c4ad7a70_9df76270,1.0,1,105039,168.1
tools,react,eog,hr,2,1,2,task_20251226_094920_495_99ba2325_627386b2,1.0,1,100286,364.7
tools,react,eog,hr,2,1,2,task_20260112_141226_936_7aad91c1_61df8f2b,1.0,1,119712,367.0
tools,react,eog,hr,2,1,2,task_20260116_104653_444_99ba2325_320d5ca4,1.0,1,75560,361.9
tools,react,eog,hr,2,1,2,task_20260116_112336_208_c5cac200_da33db0a,0.833333,0,142125,367.3
tools,react,eog,hr,2,1,2,task_20260116_160908_725_46ca2862_923e672e,0.0,0,68863,223.8
tools,react,eog,hr,2,1,3,task_20251223_184833_888_a8eea1c0_87c53cb9,0.571429,0,65196,122.8
tools,react,eog,hr,2,1,3,task_20251223_194142_190_46ca2862_d9cae434,0.5,0,115564,237.1
tools,react,eog,hr,2,1,3,task_20251223_194912_450_46ca2862_0084047c,0.0,0,25261,79.5
tools,react,eog,hr,2,1,3,task_20251224_094258_495_c4ad7a70_42fbe372,1.0,1,104482,221.9
tools,react,eog,hr,2,1,3,task_20251224_133749_739_c4ad7a70_9df76270,1.0,1,118967,246.2
tools,react,eog,hr,2,1,3,task_20251226_094920_495_99ba2325_627386b2,0.5,0,70149,232.8
tools,react,eog,hr,2,1,3,task_20260112_141226_936_7aad91c1_61df8f2b,0.75,0,113014,205.1
tools,react,eog,hr,2,1,3,task_20260116_104653_444_99ba2325_320d5ca4,1.0,1,138538,334.8
tools,react,eog,hr,2,1,3,task_20260116_112336_208_c5cac200_da33db0a,0.833333,0,149155,417.9
tools,react,eog,hr,2,1,3,task_20260116_160908_725_46ca2862_923e672e,0.0,0,52524,173.7
tools,react,eog,hr,2,2,1,task_20251217_211723_514_87437950_3bbbb519,0.25,0,90573,200.2
tools,react,eog,hr,2,2,1,task_20251219_205632_335_cd46e60f_4db23138,0.0,0,73584,252.1
tools,react,eog,hr,2,2,1,task_20251224_030218_157_00364ece_79650819,0.0,0,100588,127.3
tools,react,eog,hr,2,2,1,task_20251224_195437_497_e6427839_6357fed2,0.0,0,52161,93.0
tools,react,eog,hr,2,2,1,task_20251226_090527_363_b25153b4_6caf1a47,0.6,0,73023,206.2
tools,react,eog,hr,2,2,1,task_20251226_135729_497_c4ad7a70_788f5baf,0.666667,0,75140,124.8
tools,react,eog,hr,2,2,1,task_20251226_153702_699_ad5a67e3_43cd2d47,0.0,0,41434,115.8
tools,react,eog,hr,2,2,1,task_20260114_170216_532_accab84d_9dc7ddd5,1.0,1,100351,105.0
tools,react,eog,hr,2,2,1,task_20260114_180423_838_00364ece_9f2ad35c,0.5,0,246667,588.9
tools,react,eog,hr,2,2,1,task_20260115_124602_090_accab84d_91ac1840,0.0,0,27904,89.1
tools,react,eog,hr,2,2,1,task_20260115_151312_690_57529556_9fca8861,1.0,1,280820,580.0
tools,react,eog,hr,2,2,1,task_20260116_055513_891_99ba2325_849991b8,0.166667,0,92101,356.4
tools,react,eog,hr,2,2,1,task_20260116_170758_750_d4a463c3_3885de59,0.777778,0,180472,411.2
tools,react,eog,hr,2,2,2,task_20251217_211723_514_87437950_3bbbb519,0.25,0,93924,374.4
tools,react,eog,hr,2,2,2,task_20251219_205632_335_cd46e60f_4db23138,0.0,0,46285,304.0
tools,react,eog,hr,2,2,2,task_20251224_030218_157_00364ece_79650819,0.5,0,74827,216.6
tools,react,eog,hr,2,2,2,task_20251224_195437_497_e6427839_6357fed2,0.0,0,65090,214.0
tools,react,eog,hr,2,2,2,task_20251226_090527_363_b25153b4_6caf1a47,0.6,0,86883,385.0
tools,react,eog,hr,2,2,2,task_20251226_135729_497_c4ad7a70_788f5baf,0.666667,0,64760,248.7
tools,react,eog,hr,2,2,2,task_20251226_153702_699_ad5a67e3_43cd2d47,0.0,0,44264,274.2
tools,react,eog,hr,2,2,2,task_20260114_170216_532_accab84d_9dc7ddd5,1.0,1,100976,246.4
tools,react,eog,hr,2,2,2,task_20260114_180423_838_00364ece_9f2ad35c,0.5,0,122294,481.6
tools,react,eog,hr,2,2,2,task_20260115_124602_090_accab84d_91ac1840,0.0,0,27489,169.6
tools,react,eog,hr,2,2,2,task_20260115_151312_690_57529556_9fca8861,0.75,0,242145,663.8
tools,react,eog,hr,2,2,2,task_20260116_055513_891_99ba2325_849991b8,0.5,0,171834,597.9
tools,react,eog,hr,2,2,2,task_20260116_170758_750_d4a463c3_3885de59,0.777778,0,208395,642.3
tools,react,eog,hr,2,2,3,task_20251217_211723_514_87437950_3bbbb519,0.25,0,107726,318.0
tools,react,eog,hr,2,2,3,task_20251219_205632_335_cd46e60f_4db23138,0.0,0,30834,110.7
tools,react,eog,hr,2,2,3,task_20251224_030218_157_00364ece_79650819,0.5,0,77504,278.3
tools,react,eog,hr,2,2,3,task_20251224_195437_497_e6427839_6357fed2,0.0,0,66620,107.4
tools,react,eog,hr,2,2,3,task_20251226_090527_363_b25153b4_6caf1a47,0.6,0,97018,273.8
tools,react,eog,hr,2,2,3,task_20251226_135729_497_c4ad7a70_788f5baf,0.666667,0,100463,280.4
tools,react,eog,hr,2,2,3,task_20251226_153702_699_ad5a67e3_43cd2d47,0.0,0,28501,92.4
tools,react,eog,hr,2,2,3,task_20260114_170216_532_accab84d_9dc7ddd5,1.0,1,100538,113.3
tools,react,eog,hr,2,2,3,task_20260114_180423_838_00364ece_9f2ad35c,0.5,0,155825,553.6
tools,react,eog,hr,2,2,3,task_20260115_124602_090_accab84d_91ac1840,0.0,0,28406,98.9
tools,react,eog,hr,2,2,3,task_20260115_151312_690_57529556_9fca8861,0.875,0,260272,543.2
tools,react,eog,hr,2,2,3,task_20260116_055513_891_99ba2325_849991b8,0.333333,0,156731,537.9
tools,react,eog,hr,2,2,3,task_20260116_170758_750_d4a463c3_3885de59,0.666667,0,194038,548.6
tools,react,eog,hr,3,1,1,task_20251223_184833_888_a8eea1c0_87c53cb9,0.571429,0,93695,154.3
tools,react,eog,hr,3,1,1,task_20251223_194142_190_46ca2862_d9cae434,0.5,0,109141,183.4
tools,react,eog,hr,3,1,1,task_20251223_194912_450_46ca2862_0084047c,0.5,0,117939,211.2
tools,react,eog,hr,3,1,1,task_20251224_094258_495_c4ad7a70_42fbe372,1.0,1,109743,191.2
tools,react,eog,hr,3,1,1,task_20251224_133749_739_c4ad7a70_9df76270,1.0,1,106852,152.2
tools,react,eog,hr,3,1,1,task_20251226_094920_495_99ba2325_627386b2,1.0,1,137809,275.2
tools,react,eog,hr,3,1,1,task_20260112_141226_936_7aad91c1_61df8f2b,1.0,1,148742,190.3
tools,react,eog,hr,3,1,1,task_20260116_104653_444_99ba2325_320d5ca4,1.0,1,131649,207.6
tools,react,eog,hr,3,1,1,task_20260116_112336_208_c5cac200_da33db0a,0.833333,0,122055,216.9
tools,react,eog,hr,3,1,1,task_20260116_160908_725_46ca2862_923e672e,0.0,0,97862,234.8
tools,react,eog,hr,3,1,2,task_20251223_184833_888_a8eea1c0_87c53cb9,0.571429,0,95553,234.5
tools,react,eog,hr,3,1,2,task_20251223_194142_190_46ca2862_d9cae434,0.5,0,155737,271.6
tools,react,eog,hr,3,1,2,task_20251223_194912_450_46ca2862_0084047c,0.0,0,126551,309.2
tools,react,eog,hr,3,1,2,task_20251224_094258_495_c4ad7a70_42fbe372,1.0,1,110112,231.3
tools,react,eog,hr,3,1,2,task_20251224_133749_739_c4ad7a70_9df76270,1.0,1,167259,245.3
tools,react,eog,hr,3,1,2,task_20251226_094920_495_99ba2325_627386b2,0.5,0,71439,229.9
tools,react,eog,hr,3,1,2,task_20260112_141226_936_7aad91c1_61df8f2b,1.0,1,132306,213.3
tools,react,eog,hr,3,1,2,task_20260116_104653_444_99ba2325_320d5ca4,0.5,0,98152,234.7
tools,react,eog,hr,3,1,2,task_20260116_112336_208_c5cac200_da33db0a,0.833333,0,158422,308.3
tools,react,eog,hr,3,1,2,task_20260116_160908_725_46ca2862_923e672e,0.0,0,62909,185.9
tools,react,eog,hr,3,1,3,task_20251223_184833_888_a8eea1c0_87c53cb9,0.428571,0,107006,127.6
tools,react,eog,hr,3,1,3,task_20251223_194142_190_46ca2862_d9cae434,0.5,0,123200,221.9
tools,react,eog,hr,3,1,3,task_20251223_194912_450_46ca2862_0084047c,0.5,0,96914,154.1
tools,react,eog,hr,3,1,3,task_20251224_094258_495_c4ad7a70_42fbe372,1.0,1,108059,140.1
tools,react,eog,hr,3,1,3,task_20251224_133749_739_c4ad7a70_9df76270,1.0,1,123950,157.6
tools,react,eog,hr,3,1,3,task_20251226_094920_495_99ba2325_627386b2,0.5,0,85086,179.2
tools,react,eog,hr,3,1,3,task_20260112_141226_936_7aad91c1_61df8f2b,1.0,1,118261,175.3
tools,react,eog,hr,3,1,3,task_20260116_104653_444_99ba2325_320d5ca4,0.5,0,130980,213.5
tools,react,eog,hr,3,1,3,task_20260116_112336_208_c5cac200_da33db0a,0.833333,0,169787,218.8
tools,react,eog,hr,3,1,3,task_20260116_160908_725_46ca2862_923e672e,0.0,0,34162,112.8
tools,react,eog,hr,3,2,1,task_20251217_211723_514_87437950_3bbbb519,0.25,0,159657,304.4
tools,react,eog,hr,3,2,1,task_20251219_205632_335_cd46e60f_4db23138,0.0,0,16464,45.3
tools,react,eog,hr,3,2,1,task_20251224_030218_157_00364ece_79650819,0.5,0,82524,148.0
tools,react,eog,hr,3,2,1,task_20251224_195437_497_e6427839_6357fed2,0.0,0,112979,161.0
tools,react,eog,hr,3,2,1,task_20251226_090527_363_b25153b4_6caf1a47,0.6,0,162052,246.8
tools,react,eog,hr,3,2,1,task_20251226_135729_497_c4ad7a70_788f5baf,0.666667,0,105139,141.2
tools,react,eog,hr,3,2,1,task_20251226_153702_699_ad5a67e3_43cd2d47,0.333333,0,109519,217.7
tools,react,eog,hr,3,2,1,task_20260114_170216_532_accab84d_9dc7ddd5,1.0,1,122074,111.8
tools,react,eog,hr,3,2,1,task_20260114_180423_838_00364ece_9f2ad35c,0.5,0,160928,303.2
tools,react,eog,hr,3,2,1,task_20260115_124602_090_accab84d_91ac1840,0.0,0,181740,205.7
tools,react,eog,hr,3,2,1,task_20260115_151312_690_57529556_9fca8861,1.0,1,577285,469.8
tools,react,eog,hr,3,2,1,task_20260116_055513_891_99ba2325_849991b8,0.333333,0,265707,700.2
tools,react,eog,hr,3,2,1,task_20260116_170758_750_d4a463c3_3885de59,0.444444,0,226266,363.9
tools,react,eog,hr,3,2,2,task_20251217_211723_514_87437950_3bbbb519,0.25,0,106186,201.8
tools,react,eog,hr,3,2,2,task_20251219_205632_335_cd46e60f_4db23138,0.25,0,223881,233.2
tools,react,eog,hr,3,2,2,task_20251224_030218_157_00364ece_79650819,0.0,0,108826,142.7
tools,react,eog,hr,3,2,2,task_20251224_195437_497_e6427839_6357fed2,0.0,0,111429,150.3
tools,react,eog,hr,3,2,2,task_20251226_090527_363_b25153b4_6caf1a47,0.6,0,157414,184.3
tools,react,eog,hr,3,2,2,task_20251226_135729_497_c4ad7a70_788f5baf,0.666667,0,123282,181.7
tools,react,eog,hr,3,2,2,task_20251226_153702_699_ad5a67e3_43cd2d47,0.333333,0,84409,186.0
tools,react,eog,hr,3,2,2,task_20260114_170216_532_accab84d_9dc7ddd5,1.0,1,110552,163.1
tools,react,eog,hr,3,2,2,task_20260114_180423_838_00364ece_9f2ad35c,0.5,0,159886,331.7
tools,react,eog,hr,3,2,2,task_20260115_124602_090_accab84d_91ac1840,0.666667,0,285322,272.6
tools,react,eog,hr,3,2,2,task_20260115_151312_690_57529556_9fca8861,0.0,0,93786,183.6
tools,react,eog,hr,3,2,2,task_20260116_055513_891_99ba2325_849991b8,0.333333,0,160909,376.0
tools,react,eog,hr,3,2,2,task_20260116_170758_750_d4a463c3_3885de59,0.777778,0,278417,395.0
tools,react,eog,hr,3,2,3,task_20251217_211723_514_87437950_3bbbb519,0.25,0,146920,343.4
tools,react,eog,hr,3,2,3,task_20251219_205632_335_cd46e60f_4db23138,0.25,0,121855,367.4
tools,react,eog,hr,3,2,3,task_20251224_030218_157_00364ece_79650819,0.5,0,91824,124.2
tools,react,eog,hr,3,2,3,task_20251224_195437_497_e6427839_6357fed2,0.0,0,93738,101.9
tools,react,eog,hr,3,2,3,task_20251226_090527_363_b25153b4_6caf1a47,0.8,0,113350,143.2
tools,react,eog,hr,3,2,3,task_20251226_135729_497_c4ad7a70_788f5baf,0.333333,0,103207,118.6
tools,react,eog,hr,3,2,3,task_20251226_153702_699_ad5a67e3_43cd2d47,0.333333,0,105925,175.3
tools,react,eog,hr,3,2,3,task_20260114_170216_532_accab84d_9dc7ddd5,0.0,0,31829,61.9
tools,react,eog,hr,3,2,3,task_20260114_180423_838_00364ece_9f2ad35c,0.5,0,182701,503.2
tools,react,eog,hr,3,2,3,task_20260115_124602_090_accab84d_91ac1840,0.833333,0,206982,371.9
tools,react,eog,hr,3,2,3,task_20260115_151312_690_57529556_9fca8861,1.0,1,411591,480.5
tools,react,eog,hr,3,2,3,task_20260116_055513_891_99ba2325_849991b8,0.5,0,121086,331.1
tools,react,eog,hr,3,2,3,task_20260116_170758_750_d4a463c3_3885de59,0.777778,0,280403,561.4
tools,react,eog,hr,3,3,1,task_20251217_073807_153_761f6b82_cba63024,0.285714,0,114889,181.3
tools,react,eog,hr,3,3,1,task_20251218_234518_453_d9bcd1e5_72c94403,1.0,1,209743,282.6
tools,react,eog,hr,3,3,1,task_20251219_114935_971_a8eea1c0_188fc892,0.25,0,63214,119.5
tools,react,eog,hr,3,3,1,task_20251219_155215_361_00364ece_c1c6ffc8,0.0,0,105286,121.0
tools,react,eog,hr,3,3,1,task_20251225_124750_039_7e2e0039_de8a9d94,0.166667,0,15759,40.7
tools,react,eog,hr,3,3,1,task_20251226_041218_355_d9bcd1e5_bc84c9d5,0.777778,0,130621,154.4
tools,react,eog,hr,3,3,1,task_20251226_101143_297_99ba2325_75b99d9a,0.75,0,115709,151.1
tools,react,eog,hr,3,3,1,task_20251226_102334_184_b25153b4_08c0849c,0.8,0,158050,128.5
tools,react,eog,hr,3,3,1,task_20251226_104747_127_30600918_559da326,0.5,0,198223,335.0
tools,react,eog,hr,3,3,1,task_20251226_132052_338_e6427839_727d852c,0.0,0,49384,97.4
tools,react,eog,hr,3,3,1,task_20251226_173040_372_95fd9f79_c7e85ec1,1.0,1,154220,226.2
tools,react,eog,hr,3,3,1,task_20260109_172559_279_e6427839_f711406f,0.666667,0,167438,364.3
tools,react,eog,hr,3,3,1,task_20260109_202436_533_a8eea1c0_755eabdd,0.555556,0,285959,290.6
tools,react,eog,hr,3,3,1,task_20260113_032200_394_ad5a67e3_5e3873b8,0.875,0,226321,237.7
tools,react,eog,hr,3,3,1,task_20260114_091008_897_accab84d_786931e4,0.0,0,67731,154.1
tools,react,eog,hr,3,3,1,task_20260115_130330_068_00364ece_cf2e9cf1,0.285714,0,335682,652.9
tools,react,eog,hr,3,3,1,task_20260115_130852_498_a8eea1c0_e9192d7e,0.333333,0,164049,368.1
tools,react,eog,hr,3,3,1,task_20260115_190725_477_a8eea1c0_eba3a1c5,0.833333,0,132427,240.4
tools,react,eog,hr,3,3,1,task_20260116_084548_120_fa1836dc_679067bc,0.5,0,319432,452.5
tools,react,eog,hr,3,3,1,task_20260116_085958_358_a8eea1c0_6d7f242a,1.0,1,225205,257.2
tools,react,eog,hr,3,3,1,task_20260116_105748_962_99ba2325_dcc658fa,1.0,1,118759,200.6
tools,react,eog,hr,3,3,1,task_20260116_122712_166_d4a463c3_196fe24f,1.0,1,135809,74.6
tools,react,eog,hr,3,3,1,task_20260116_143750_504_a8eea1c0_7d91efa1,1.0,1,142456,125.3
tools,react,eog,hr,3,3,1,task_20260116_150213_342_a8eea1c0_6d6fe792,0.666667,0,103372,84.6
tools,react,eog,hr,3,3,1,task_20260119_022056_842_ad5a67e3_964df197,0.833333,0,201115,347.9
tools,react,eog,hr,3,3,2,task_20251217_073807_153_761f6b82_cba63024,0.285714,0,147685,236.2
tools,react,eog,hr,3,3,2,task_20251218_234518_453_d9bcd1e5_72c94403,0.666667,0,125540,135.6
tools,react,eog,hr,3,3,2,task_20251219_114935_971_a8eea1c0_188fc892,0.5,0,96392,160.0
tools,react,eog,hr,3,3,2,task_20251219_155215_361_00364ece_c1c6ffc8,0.0,0,88311,98.7
tools,react,eog,hr,3,3,2,task_20251225_124750_039_7e2e0039_de8a9d94,1.0,1,77936,81.5
tools,react,eog,hr,3,3,2,task_20251226_041218_355_d9bcd1e5_bc84c9d5,0.777778,0,129406,156.3
tools,react,eog,hr,3,3,2,task_20251226_101143_297_99ba2325_75b99d9a,0.75,0,150663,253.3
tools,react,eog,hr,3,3,2,task_20251226_102334_184_b25153b4_08c0849c,0.8,0,129386,165.4
tools,react,eog,hr,3,3,2,task_20251226_104747_127_30600918_559da326,0.5,0,122244,205.5
tools,react,eog,hr,3,3,2,task_20251226_132052_338_e6427839_727d852c,0.0,0,33763,74.1
tools,react,eog,hr,3,3,2,task_20251226_173040_372_95fd9f79_c7e85ec1,0.833333,0,165809,256.3
tools,react,eog,hr,3,3,2,task_20260109_172559_279_e6427839_f711406f,0.666667,0,246857,511.0
tools,react,eog,hr,3,3,2,task_20260109_202436_533_a8eea1c0_755eabdd,0.666667,0,178438,228.0
tools,react,eog,hr,3,3,2,task_20260113_032200_394_ad5a67e3_5e3873b8,0.875,0,167106,223.6
tools,react,eog,hr,3,3,2,task_20260114_091008_897_accab84d_786931e4,0.0,0,68779,155.0
tools,react,eog,hr,3,3,2,task_20260115_130330_068_00364ece_cf2e9cf1,0.285714,0,224028,335.1
tools,react,eog,hr,3,3,2,task_20260115_130852_498_a8eea1c0_e9192d7e,0.333333,0,123726,303.5
tools,react,eog,hr,3,3,2,task_20260115_190725_477_a8eea1c0_eba3a1c5,0.833333,0,124829,234.2
tools,react,eog,hr,3,3,2,task_20260116_084548_120_fa1836dc_679067bc,0.5,0,263077,603.1
tools,react,eog,hr,3,3,2,task_20260116_085958_358_a8eea1c0_6d7f242a,1.0,1,180270,255.7
tools,react,eog,hr,3,3,2,task_20260116_105748_962_99ba2325_dcc658fa,1.0,1,101992,156.7
tools,react,eog,hr,3,3,2,task_20260116_122712_166_d4a463c3_196fe24f,1.0,1,181403,143.9
tools,react,eog,hr,3,3,2,task_20260116_143750_504_a8eea1c0_7d91efa1,1.0,1,176198,139.2
tools,react,eog,hr,3,3,2,task_20260116_150213_342_a8eea1c0_6d6fe792,0.5,0,127274,110.5
tools,react,eog,hr,3,3,2,task_20260119_022056_842_ad5a67e3_964df197,0.833333,0,231739,383.8
tools,react,eog,hr,3,3,3,task_20251217_073807_153_761f6b82_cba63024,0.428571,0,239644,363.8
tools,react,eog,hr,3,3,3,task_20251218_234518_453_d9bcd1e5_72c94403,0.666667,0,140618,135.0
tools,react,eog,hr,3,3,3,task_20251219_114935_971_a8eea1c0_188fc892,0.25,0,107246,143.1
tools,react,eog,hr,3,3,3,task_20251219_155215_361_00364ece_c1c6ffc8,0.0,0,91672,108.4
tools,react,eog,hr,3,3,3,task_20251225_124750_039_7e2e0039_de8a9d94,1.0,1,77714,85.0
tools,react,eog,hr,3,3,3,task_20251226_041218_355_d9bcd1e5_bc84c9d5,0.222222,0,44922,74.3
tools,react,eog,hr,3,3,3,task_20251226_101143_297_99ba2325_75b99d9a,0.75,0,166567,271.2
tools,react,eog,hr,3,3,3,task_20251226_102334_184_b25153b4_08c0849c,0.8,0,142647,182.0
tools,react,eog,hr,3,3,3,task_20251226_104747_127_30600918_559da326,0.5,0,215553,373.2
tools,react,eog,hr,3,3,3,task_20251226_132052_338_e6427839_727d852c,0.0,0,67611,166.4
tools,react,eog,hr,3,3,3,task_20251226_173040_372_95fd9f79_c7e85ec1,0.833333,0,92681,229.8
tools,react,eog,hr,3,3,3,task_20260109_172559_279_e6427839_f711406f,0.666667,0,186379,407.8
tools,react,eog,hr,3,3,3,task_20260109_202436_533_a8eea1c0_755eabdd,0.666667,0,248430,287.3
tools,react,eog,hr,3,3,3,task_20260113_032200_394_ad5a67e3_5e3873b8,0.875,0,190132,172.6
tools,react,eog,hr,3,3,3,task_20260114_091008_897_accab84d_786931e4,0.0,0,46704,76.0
tools,react,eog,hr,3,3,3,task_20260115_130330_068_00364ece_cf2e9cf1,0.571429,0,410654,545.7
tools,react,eog,hr,3,3,3,task_20260115_130852_498_a8eea1c0_e9192d7e,0.833333,0,228198,381.2
tools,react,eog,hr,3,3,3,task_20260115_190725_477_a8eea1c0_eba3a1c5,0.833333,0,143052,207.7
tools,react,eog,hr,3,3,3,task_20260116_084548_120_fa1836dc_679067bc,0.5,0,143411,433.9
tools,react,eog,hr,3,3,3,task_20260116_085958_358_a8eea1c0_6d7f242a,1.0,1,222166,282.2
tools,react,eog,hr,3,3,3,task_20260116_105748_962_99ba2325_dcc658fa,1.0,1,119465,213.8
tools,react,eog,hr,3,3,3,task_20260116_122712_166_d4a463c3_196fe24f,1.0,1,155601,150.1
tools,react,eog,hr,3,3,3,task_20260116_143750_504_a8eea1c0_7d91efa1,0.4,0,93663,134.5
tools,react,eog,hr,3,3,3,task_20260116_150213_342_a8eea1c0_6d6fe792,0.5,0,89358,104.6
tools,react,eog,hr,3,3,3,task_20260119_022056_842_ad5a67e3_964df197,1.0,1,177626,199.2
tools,react,eog,hr,4,1,1,task_20251223_184833_888_a8eea1c0_87c53cb9,1.0,1,154873,147.6
tools,react,eog,hr,4,1,1,task_20251223_194142_190_46ca2862_d9cae434,0.5,0,143737,232.9
tools,react,eog,hr,4,1,1,task_20251223_194912_450_46ca2862_0084047c,0.5,0,188786,308.4
tools,react,eog,hr,4,1,1,task_20251224_094258_495_c4ad7a70_42fbe372,1.0,1,128636,216.5
tools,react,eog,hr,4,1,1,task_20251224_133749_739_c4ad7a70_9df76270,1.0,1,146965,226.6
tools,react,eog,hr,4,1,1,task_20251226_094920_495_99ba2325_627386b2,0.75,0,133271,270.3
tools,react,eog,hr,4,1,1,task_20260112_141226_936_7aad91c1_61df8f2b,1.0,1,153113,219.3
tools,react,eog,hr,4,1,1,task_20260116_104653_444_99ba2325_320d5ca4,0.75,0,120975,223.5
tools,react,eog,hr,4,1,1,task_20260116_112336_208_c5cac200_da33db0a,0.833333,0,193302,264.1
tools,react,eog,hr,4,1,1,task_20260116_160908_725_46ca2862_923e672e,0.0,0,133013,317.4
tools,react,eog,hr,4,1,2,task_20251223_184833_888_a8eea1c0_87c53cb9,0.428571,0,125383,145.5
tools,react,eog,hr,4,1,2,task_20251223_194142_190_46ca2862_d9cae434,0.5,0,107554,165.6
tools,react,eog,hr,4,1,2,task_20251223_194912_450_46ca2862_0084047c,0.5,0,134626,198.5
tools,react,eog,hr,4,1,2,task_20251224_094258_495_c4ad7a70_42fbe372,1.0,1,127471,169.1
tools,react,eog,hr,4,1,2,task_20251224_133749_739_c4ad7a70_9df76270,1.0,1,127259,147.2
tools,react,eog,hr,4,1,2,task_20251226_094920_495_99ba2325_627386b2,0.75,0,152851,271.2
tools,react,eog,hr,4,1,2,task_20260112_141226_936_7aad91c1_61df8f2b,1.0,1,131741,137.8
tools,react,eog,hr,4,1,2,task_20260116_104653_444_99ba2325_320d5ca4,1.0,1,176240,327.1
tools,react,eog,hr,4,1,2,task_20260116_112336_208_c5cac200_da33db0a,0.833333,0,154972,233.6
tools,react,eog,hr,4,1,2,task_20260116_160908_725_46ca2862_923e672e,0.0,0,74123,181.3
tools,react,eog,hr,4,1,3,task_20251223_184833_888_a8eea1c0_87c53cb9,0.428571,0,91007,153.4
tools,react,eog,hr,4,1,3,task_20251223_194142_190_46ca2862_d9cae434,0.5,0,109383,200.5
tools,react,eog,hr,4,1,3,task_20251223_194912_450_46ca2862_0084047c,0.5,0,182587,300.2
tools,react,eog,hr,4,1,3,task_20251224_094258_495_c4ad7a70_42fbe372,1.0,1,126402,199.1
tools,react,eog,hr,4,1,3,task_20251224_133749_739_c4ad7a70_9df76270,1.0,1,143446,198.4
tools,react,eog,hr,4,1,3,task_20251226_094920_495_99ba2325_627386b2,0.5,0,78410,205.8
tools,react,eog,hr,4,1,3,task_20260112_141226_936_7aad91c1_61df8f2b,1.0,1,132902,161.6
tools,react,eog,hr,4,1,3,task_20260116_104653_444_99ba2325_320d5ca4,1.0,1,179765,325.9
tools,react,eog,hr,4,1,3,task_20260116_112336_208_c5cac200_da33db0a,1.0,1,156801,275.4
tools,react,eog,hr,4,1,3,task_20260116_160908_725_46ca2862_923e672e,0.0,0,54284,142.0
tools,react,eog,hr,4,2,1,task_20251217_211723_514_87437950_3bbbb519,0.25,0,151042,269.8
tools,react,eog,hr,4,2,1,task_20251219_205632_335_cd46e60f_4db23138,0.25,0,258268,418.8
tools,react,eog,hr,4,2,1,task_20251224_030218_157_00364ece_79650819,0.0,0,125923,176.9
tools,react,eog,hr,4,2,1,task_20251224_195437_497_e6427839_6357fed2,0.0,0,107175,118.9
tools,react,eog,hr,4,2,1,task_20251226_090527_363_b25153b4_6caf1a47,0.6,0,132231,254.0
tools,react,eog,hr,4,2,1,task_20251226_135729_497_c4ad7a70_788f5baf,0.666667,0,123632,167.2
tools,react,eog,hr,4,2,1,task_20251226_153702_699_ad5a67e3_43cd2d47,0.333333,0,117460,260.4
tools,react,eog,hr,4,2,1,task_20260114_170216_532_accab84d_9dc7ddd5,1.0,1,112902,192.9
tools,react,eog,hr,4,2,1,task_20260114_180423_838_00364ece_9f2ad35c,1.0,1,256301,403.9
tools,react,eog,hr,4,2,1,task_20260115_124602_090_accab84d_91ac1840,0.833333,0,157215,286.6
tools,react,eog,hr,4,2,1,task_20260115_151312_690_57529556_9fca8861,0.875,0,307971,450.0
tools,react,eog,hr,4,2,1,task_20260116_055513_891_99ba2325_849991b8,0.5,0,279390,473.2
tools,react,eog,hr,4,2,1,task_20260116_170758_750_d4a463c3_3885de59,0.777778,0,233339,341.0
tools,react,eog,hr,4,2,2,task_20251217_211723_514_87437950_3bbbb519,0.25,0,98767,169.7
tools,react,eog,hr,4,2,2,task_20251219_205632_335_cd46e60f_4db23138,0.25,0,231707,238.5
tools,react,eog,hr,4,2,2,task_20251224_030218_157_00364ece_79650819,0.5,0,107227,152.5
tools,react,eog,hr,4,2,2,task_20251224_195437_497_e6427839_6357fed2,0.0,0,91410,82.5
tools,react,eog,hr,4,2,2,task_20251226_090527_363_b25153b4_6caf1a47,0.6,0,131331,169.7
tools,react,eog,hr,4,2,2,task_20251226_135729_497_c4ad7a70_788f5baf,0.666667,0,125939,159.5
tools,react,eog,hr,4,2,2,task_20251226_153702_699_ad5a67e3_43cd2d47,0.333333,0,95378,115.9
tools,react,eog,hr,4,2,2,task_20260114_170216_532_accab84d_9dc7ddd5,1.0,1,110970,90.8
tools,react,eog,hr,4,2,2,task_20260114_180423_838_00364ece_9f2ad35c,0.5,0,142491,241.8
tools,react,eog,hr,4,2,2,task_20260115_124602_090_accab84d_91ac1840,0.833333,0,206864,317.3
tools,react,eog,hr,4,2,2,task_20260115_151312_690_57529556_9fca8861,1.0,1,564646,621.3
tools,react,eog,hr,4,2,2,task_20260116_055513_891_99ba2325_849991b8,0.333333,0,102627,220.5
tools,react,eog,hr,4,2,2,task_20260116_170758_750_d4a463c3_3885de59,0.777778,0,240451,387.0
tools,react,eog,hr,4,2,3,task_20251217_211723_514_87437950_3bbbb519,0.25,0,79351,211.8
tools,react,eog,hr,4,2,3,task_20251219_205632_335_cd46e60f_4db23138,0.25,0,226724,307.9
tools,react,eog,hr,4,2,3,task_20251224_030218_157_00364ece_79650819,0.5,0,53981,77.4
tools,react,eog,hr,4,2,3,task_20251224_195437_497_e6427839_6357fed2,0.0,0,90930,90.0
tools,react,eog,hr,4,2,3,task_20251226_090527_363_b25153b4_6caf1a47,0.6,0,152486,299.7
tools,react,eog,hr,4,2,3,task_20251226_135729_497_c4ad7a70_788f5baf,0.666667,0,139384,175.5
tools,react,eog,hr,4,2,3,task_20251226_153702_699_ad5a67e3_43cd2d47,0.0,0,152223,288.3
tools,react,eog,hr,4,2,3,task_20260114_170216_532_accab84d_9dc7ddd5,1.0,1,170253,196.3
tools,react,eog,hr,4,2,3,task_20260114_180423_838_00364ece_9f2ad35c,0.5,0,160264,290.2
tools,react,eog,hr,4,2,3,task_20260115_124602_090_accab84d_91ac1840,0.666667,0,236569,308.4
tools,react,eog,hr,4,2,3,task_20260115_151312_690_57529556_9fca8861,1.0,1,666058,760.4
tools,react,eog,hr,4,2,3,task_20260116_055513_891_99ba2325_849991b8,0.5,0,190578,388.7
tools,react,eog,hr,4,2,3,task_20260116_170758_750_d4a463c3_3885de59,0.444444,0,234817,346.2
tools,react,eog,hr,4,3,1,task_20251217_073807_153_761f6b82_cba63024,0.571429,0,309114,606.0
tools,react,eog,hr,4,3,1,task_20251218_234518_453_d9bcd1e5_72c94403,0.666667,0,143625,121.5
tools,react,eog,hr,4,3,1,task_20251219_114935_971_a8eea1c0_188fc892,0.5,0,92202,135.2
tools,react,eog,hr,4,3,1,task_20251219_155215_361_00364ece_c1c6ffc8,0.0,0,123756,147.7
tools,react,eog,hr,4,3,1,task_20251225_124750_039_7e2e0039_de8a9d94,0.166667,0,17876,49.4
tools,react,eog,hr,4,3,1,task_20251226_041218_355_d9bcd1e5_bc84c9d5,0.777778,0,170993,238.3
tools,react,eog,hr,4,3,1,task_20251226_101143_297_99ba2325_75b99d9a,0.75,0,114974,233.7
tools,react,eog,hr,4,3,1,task_20251226_102334_184_b25153b4_08c0849c,0.8,0,129797,150.1
tools,react,eog,hr,4,3,1,task_20251226_104747_127_30600918_559da326,0.5,0,224305,405.5
tools,react,eog,hr,4,3,1,task_20251226_132052_338_e6427839_727d852c,0.0,0,143827,298.0
tools,react,eog,hr,4,3,1,task_20251226_173040_372_95fd9f79_c7e85ec1,1.0,1,183007,274.1
tools,react,eog,hr,4,3,1,task_20260109_172559_279_e6427839_f711406f,0.666667,0,293088,472.7
tools,react,eog,hr,4,3,1,task_20260109_202436_533_a8eea1c0_755eabdd,0.444444,0,323957,343.3
tools,react,eog,hr,4,3,1,task_20260113_032200_394_ad5a67e3_5e3873b8,0.875,0,258901,184.6
tools,react,eog,hr,4,3,1,task_20260114_091008_897_accab84d_786931e4,0.0,0,59019,138.0
tools,react,eog,hr,4,3,1,task_20260115_130330_068_00364ece_cf2e9cf1,0.714286,0,553792,399.0
tools,react,eog,hr,4,3,1,task_20260115_130852_498_a8eea1c0_e9192d7e,0.333333,0,264377,351.0
tools,react,eog,hr,4,3,1,task_20260115_190725_477_a8eea1c0_eba3a1c5,0.833333,0,169438,292.0
tools,react,eog,hr,4,3,1,task_20260116_084548_120_fa1836dc_679067bc,0.5,0,480069,758.2
tools,react,eog,hr,4,3,1,task_20260116_085958_358_a8eea1c0_6d7f242a,1.0,1,220696,261.2
tools,react,eog,hr,4,3,1,task_20260116_105748_962_99ba2325_dcc658fa,0.75,0,176088,384.6
tools,react,eog,hr,4,3,1,task_20260116_122712_166_d4a463c3_196fe24f,0.2,0,56567,116.0
tools,react,eog,hr,4,3,1,task_20260116_143750_504_a8eea1c0_7d91efa1,1.0,1,239047,255.4
tools,react,eog,hr,4,3,1,task_20260116_150213_342_a8eea1c0_6d6fe792,0.5,0,149475,110.0
tools,react,eog,hr,4,3,1,task_20260119_022056_842_ad5a67e3_964df197,0.833333,0,199854,284.6
tools,react,eog,hr,4,3,2,task_20251217_073807_153_761f6b82_cba63024,0.0,0,39853,133.6
tools,react,eog,hr,4,3,2,task_20251218_234518_453_d9bcd1e5_72c94403,1.0,1,170766,267.7
tools,react,eog,hr,4,3,2,task_20251219_114935_971_a8eea1c0_188fc892,0.5,0,110494,186.6
tools,react,eog,hr,4,3,2,task_20251219_155215_361_00364ece_c1c6ffc8,0.0,0,123004,133.3
tools,react,eog,hr,4,3,2,task_20251225_124750_039_7e2e0039_de8a9d94,1.0,1,107127,106.3
tools,react,eog,hr,4,3,2,task_20251226_041218_355_d9bcd1e5_bc84c9d5,0.777778,0,154496,213.0
tools,react,eog,hr,4,3,2,task_20251226_101143_297_99ba2325_75b99d9a,0.75,0,156848,264.9
tools,react,eog,hr,4,3,2,task_20251226_102334_184_b25153b4_08c0849c,1.0,1,148325,161.9
tools,react,eog,hr,4,3,2,task_20251226_104747_127_30600918_559da326,0.5,0,224035,456.9
tools,react,eog,hr,4,3,2,task_20251226_132052_338_e6427839_727d852c,0.0,0,59219,136.1
tools,react,eog,hr,4,3,2,task_20251226_173040_372_95fd9f79_c7e85ec1,0.833333,0,184156,361.9
tools,react,eog,hr,4,3,2,task_20260109_172559_279_e6427839_f711406f,0.666667,0,166901,399.7
tools,react,eog,hr,4,3,2,task_20260109_202436_533_a8eea1c0_755eabdd,0.555556,0,323485,330.6
tools,react,eog,hr,4,3,2,task_20260113_032200_394_ad5a67e3_5e3873b8,0.875,0,301426,218.4
tools,react,eog,hr,4,3,2,task_20260114_091008_897_accab84d_786931e4,0.0,0,58965,131.3
tools,react,eog,hr,4,3,2,task_20260115_130330_068_00364ece_cf2e9cf1,0.285714,0,354713,478.1
tools,react,eog,hr,4,3,2,task_20260115_130852_498_a8eea1c0_e9192d7e,0.333333,0,160514,235.6
tools,react,eog,hr,4,3,2,task_20260115_190725_477_a8eea1c0_eba3a1c5,0.833333,0,169008,241.0
tools,react,eog,hr,4,3,2,task_20260116_084548_120_fa1836dc_679067bc,0.5,0,318979,564.2
tools,react,eog,hr,4,3,2,task_20260116_085958_358_a8eea1c0_6d7f242a,0.666667,0,211446,271.9
tools,react,eog,hr,4,3,2,task_20260116_105748_962_99ba2325_dcc658fa,0.75,0,138731,263.3
tools,react,eog,hr,4,3,2,task_20260116_122712_166_d4a463c3_196fe24f,1.0,1,128939,173.7
tools,react,eog,hr,4,3,2,task_20260116_143750_504_a8eea1c0_7d91efa1,0.4,0,110695,188.2
tools,react,eog,hr,4,3,2,task_20260116_150213_342_a8eea1c0_6d6fe792,0.5,0,149907,107.6
tools,react,eog,hr,4,3,2,task_20260119_022056_842_ad5a67e3_964df197,0.833333,0,205563,364.0
tools,react,eog,hr,4,3,3,task_20251217_073807_153_761f6b82_cba63024,0.285714,0,215826,369.1
tools,react,eog,hr,4,3,3,task_20251218_234518_453_d9bcd1e5_72c94403,1.0,1,146300,128.5
tools,react,eog,hr,4,3,3,task_20251219_114935_971_a8eea1c0_188fc892,0.0,0,73899,153.4
tools,react,eog,hr,4,3,3,task_20251219_155215_361_00364ece_c1c6ffc8,0.0,0,124205,122.5
tools,react,eog,hr,4,3,3,task_20251225_124750_039_7e2e0039_de8a9d94,1.0,1,93226,121.6
tools,react,eog,hr,4,3,3,task_20251226_041218_355_d9bcd1e5_bc84c9d5,0.777778,0,169194,171.7
tools,react,eog,hr,4,3,3,task_20251226_101143_297_99ba2325_75b99d9a,0.75,0,155109,233.6
tools,react,eog,hr,4,3,3,task_20251226_102334_184_b25153b4_08c0849c,0.8,0,128421,125.1
tools,react,eog,hr,4,3,3,task_20251226_104747_127_30600918_559da326,0.5,0,207574,449.0
tools,react,eog,hr,4,3,3,task_20251226_132052_338_e6427839_727d852c,0.0,0,56449,141.7
tools,react,eog,hr,4,3,3,task_20251226_173040_372_95fd9f79_c7e85ec1,0.833333,0,145630,343.5
tools,react,eog,hr,4,3,3,task_20260109_172559_279_e6427839_f711406f,0.833333,0,286082,525.0
tools,react,eog,hr,4,3,3,task_20260109_202436_533_a8eea1c0_755eabdd,0.666667,0,264845,274.5
tools,react,eog,hr,4,3,3,task_20260113_032200_394_ad5a67e3_5e3873b8,0.875,0,236599,276.1
tools,react,eog,hr,4,3,3,task_20260114_091008_897_accab84d_786931e4,0.0,0,100311,214.2
tools,react,eog,hr,4,3,3,task_20260115_130330_068_00364ece_cf2e9cf1,0.714286,0,517534,420.7
tools,react,eog,hr,4,3,3,task_20260115_130852_498_a8eea1c0_e9192d7e,0.333333,0,209488,185.6
tools,react,eog,hr,4,3,3,task_20260115_190725_477_a8eea1c0_eba3a1c5,0.833333,0,183209,244.7
tools,react,eog,hr,4,3,3,task_20260116_084548_120_fa1836dc_679067bc,0.5,0,481831,570.6
tools,react,eog,hr,4,3,3,task_20260116_085958_358_a8eea1c0_6d7f242a,0.666667,0,110175,156.8
tools,react,eog,hr,4,3,3,task_20260116_105748_962_99ba2325_dcc658fa,1.0,1,139377,251.0
tools,react,eog,hr,4,3,3,task_20260116_122712_166_d4a463c3_196fe24f,1.0,1,144260,137.3
tools,react,eog,hr,4,3,3,task_20260116_143750_504_a8eea1c0_7d91efa1,0.6,0,143041,170.0
tools,react,eog,hr,4,3,3,task_20260116_150213_342_a8eea1c0_6d6fe792,0.5,0,147703,80.3
tools,react,eog,hr,4,3,3,task_20260119_022056_842_ad5a67e3_964df197,0.833333,0,214499,292.5
tools,react,eog,hr,4,4,1,task_20251212_194942_087_761f6b82_451ef3b7,0.428571,0,340297,526.7
tools,react,eog,hr,4,4,1,task_20251217_231709_248_b25153b4_4c5f9bde,1.0,1,149572,169.8
tools,react,eog,hr,4,4,1,task_20251219_155520_685_a8eea1c0_c6fb88a1,0.6,0,138904,138.5
tools,react,eog,hr,4,4,1,task_20251223_061756_991_a8eea1c0_e497a345,0.6,0,229488,293.4
tools,react,eog,hr,4,4,1,task_20251223_201118_525_46ca2862_e3f79e09,1.0,1,445122,660.3
tools,react,eog,hr,4,4,1,task_20251224_064352_705_ec0cb5dd_46d83d4e,0.846154,0,248639,283.7
tools,react,eog,hr,4,4,1,task_20251224_074251_092_46ca2862_b5b99f66,1.0,1,165228,233.1
tools,react,eog,hr,4,4,1,task_20251225_062927_003_d9bcd1e5_d996901a,0.5,0,89955,199.1
tools,react,eog,hr,4,4,1,task_20251225_180047_141_a8eea1c0_002e725f,1.0,1,143693,138.6
tools,react,eog,hr,4,4,1,task_20251226_110144_731_b25153b4_773380f8,0.0,0,18963,50.8
tools,react,eog,hr,4,4,1,task_20260109_185510_803_a8eea1c0_b51123d7,1.0,1,169487,190.8
tools,react,eog,hr,4,4,1,task_20260111_151647_667_a8eea1c0_c7c264ba,0.428571,0,170191,257.8
tools,react,eog,hr,4,4,1,task_20260111_190744_927_a8eea1c0_17bea726,0.0,0,157019,163.3
tools,react,eog,hr,4,4,1,task_20260114_173911_329_a8eea1c0_b687c646,0.0,0,54982,125.6
tools,react,eog,hr,4,4,1,task_20260114_220447_370_00364ece_0c9c7534,0.75,0,130478,169.8
tools,react,eog,hr,4,4,1,task_20260115_043503_499_a8eea1c0_4b943c9b,0.625,0,249910,413.6
tools,react,eog,hr,4,4,1,task_20260116_094554_219_c5cac200_82f2d2a8,1.0,1,273127,445.1
tools,react,eog,hr,4,4,1,task_20260116_095609_650_c5cac200_741831a8,0.333333,0,75170,143.1
tools,react,eog,hr,4,4,1,task_20260116_112648_773_99ba2325_c572f123,0.0,0,115561,262.3
tools,react,eog,hr,4,4,1,task_20260116_185136_779_46ca2862_2b77b852,1.0,1,98876,236.3
tools,react,eog,hr,4,4,1,task_20260116_203855_584_57529556_7b20a1d8,0.666667,0,267105,446.9
tools,react,eog,hr,4,4,1,task_20260119_045416_534_ad5a67e3_78445838,0.857143,0,202262,187.6
tools,react,eog,hr,4,4,2,task_20251212_194942_087_761f6b82_451ef3b7,0.571429,0,295792,673.6
tools,react,eog,hr,4,4,2,task_20251217_231709_248_b25153b4_4c5f9bde,0.857143,0,202076,231.8
tools,react,eog,hr,4,4,2,task_20251219_155520_685_a8eea1c0_c6fb88a1,1.0,1,136612,114.9
tools,react,eog,hr,4,4,2,task_20251223_061756_991_a8eea1c0_e497a345,0.4,0,287643,545.5
tools,react,eog,hr,4,4,2,task_20251223_201118_525_46ca2862_e3f79e09,0.0,0,53784,141.8
tools,react,eog,hr,4,4,2,task_20251224_064352_705_ec0cb5dd_46d83d4e,0.846154,0,249553,437.2
tools,react,eog,hr,4,4,2,task_20251224_074251_092_46ca2862_b5b99f66,1.0,1,136904,241.6
tools,react,eog,hr,4,4,2,task_20251225_062927_003_d9bcd1e5_d996901a,0.75,0,394146,596.7
tools,react,eog,hr,4,4,2,task_20251225_180047_141_a8eea1c0_002e725f,1.0,1,221214,398.7
tools,react,eog,hr,4,4,2,task_20251226_110144_731_b25153b4_773380f8,1.0,1,284813,446.6
tools,react,eog,hr,4,4,2,task_20260109_185510_803_a8eea1c0_b51123d7,1.0,1,152233,186.4
tools,react,eog,hr,4,4,2,task_20260111_151647_667_a8eea1c0_c7c264ba,0.428571,0,187156,301.3
tools,react,eog,hr,4,4,2,task_20260111_190744_927_a8eea1c0_17bea726,0.0,0,265091,531.2
tools,react,eog,hr,4,4,2,task_20260114_173911_329_a8eea1c0_b687c646,0.0,0,37388,90.0
tools,react,eog,hr,4,4,2,task_20260114_220447_370_00364ece_0c9c7534,0.75,0,165828,253.0
tools,react,eog,hr,4,4,2,task_20260115_043503_499_a8eea1c0_4b943c9b,0.5,0,206833,286.2
tools,react,eog,hr,4,4,2,task_20260116_094554_219_c5cac200_82f2d2a8,1.0,1,280753,653.4
tools,react,eog,hr,4,4,2,task_20260116_095609_650_c5cac200_741831a8,0.333333,0,112975,241.5
tools,react,eog,hr,4,4,2,task_20260116_112648_773_99ba2325_c572f123,0.0,0,72654,167.6
tools,react,eog,hr,4,4,2,task_20260116_185136_779_46ca2862_2b77b852,1.0,1,95144,279.2
tools,react,eog,hr,4,4,2,task_20260116_203855_584_57529556_7b20a1d8,0.666667,0,278447,569.9
tools,react,eog,hr,4,4,2,task_20260119_045416_534_ad5a67e3_78445838,0.857143,0,239380,209.6
tools,react,eog,hr,4,4,3,task_20251212_194942_087_761f6b82_451ef3b7,0.428571,0,268896,406.2
tools,react,eog,hr,4,4,3,task_20251217_231709_248_b25153b4_4c5f9bde,0.857143,0,242263,239.5
tools,react,eog,hr,4,4,3,task_20251219_155520_685_a8eea1c0_c6fb88a1,0.6,0,139623,157.2
tools,react,eog,hr,4,4,3,task_20251223_061756_991_a8eea1c0_e497a345,0.6,0,164232,221.6
tools,react,eog,hr,4,4,3,task_20251223_201118_525_46ca2862_e3f79e09,0.0,0,55446,175.8
tools,react,eog,hr,4,4,3,task_20251224_064352_705_ec0cb5dd_46d83d4e,0.846154,0,241159,412.3
tools,react,eog,hr,4,4,3,task_20251224_074251_092_46ca2862_b5b99f66,1.0,1,129468,243.0
tools,react,eog,hr,4,4,3,task_20251225_062927_003_d9bcd1e5_d996901a,0.5,0,110382,243.1
tools,react,eog,hr,4,4,3,task_20251225_180047_141_a8eea1c0_002e725f,1.0,1,175092,371.5
tools,react,eog,hr,4,4,3,task_20251226_110144_731_b25153b4_773380f8,1.0,1,240118,365.4
tools,react,eog,hr,4,4,3,task_20260109_185510_803_a8eea1c0_b51123d7,1.0,1,211755,285.0
tools,react,eog,hr,4,4,3,task_20260111_151647_667_a8eea1c0_c7c264ba,0.428571,0,202525,269.9
tools,react,eog,hr,4,4,3,task_20260111_190744_927_a8eea1c0_17bea726,0.0,0,151668,226.0
tools,react,eog,hr,4,4,3,task_20260114_173911_329_a8eea1c0_b687c646,0.0,0,95462,184.1
tools,react,eog,hr,4,4,3,task_20260114_220447_370_00364ece_0c9c7534,0.75,0,168958,192.2
tools,react,eog,hr,4,4,3,task_20260115_043503_499_a8eea1c0_4b943c9b,0.25,0,52444,131.1
tools,react,eog,hr,4,4,3,task_20260116_094554_219_c5cac200_82f2d2a8,0.6,0,199708,459.8
tools,react,eog,hr,4,4,3,task_20260116_095609_650_c5cac200_741831a8,1.0,1,138711,329.1
tools,react,eog,hr,4,4,3,task_20260116_112648_773_99ba2325_c572f123,0.857143,0,294706,431.1
tools,react,eog,hr,4,4,3,task_20260116_185136_779_46ca2862_2b77b852,1.0,1,117217,249.5
tools,react,eog,hr,4,4,3,task_20260116_203855_584_57529556_7b20a1d8,0.666667,0,282635,482.7
tools,react,eog,hr,4,4,3,task_20260119_045416_534_ad5a67e3_78445838,0.857143,0,240159,229.6
tools,react,eog,hr,5,1,1,task_20251223_184833_888_a8eea1c0_87c53cb9,0.571429,0,95498,229.2
tools,react,eog,hr,5,1,1,task_20251223_194142_190_46ca2862_d9cae434,0.5,0,170715,322.9
tools,react,eog,hr,5,1,1,task_20251223_194912_450_46ca2862_0084047c,0.5,0,198105,423.8
tools,react,eog,hr,5,1,1,task_20251224_094258_495_c4ad7a70_42fbe372,1.0,1,192234,375.5
tools,react,eog,hr,5,1,1,task_20251224_133749_739_c4ad7a70_9df76270,1.0,1,134141,260.3
tools,react,eog,hr,5,1,1,task_20251226_094920_495_99ba2325_627386b2,1.0,1,148807,351.5
tools,react,eog,hr,5,1,1,task_20260112_141226_936_7aad91c1_61df8f2b,1.0,1,160554,221.0
tools,react,eog,hr,5,1,1,task_20260116_104653_444_99ba2325_320d5ca4,1.0,1,162504,335.7
tools,react,eog,hr,5,1,1,task_20260116_112336_208_c5cac200_da33db0a,1.0,1,225107,437.6
tools,react,eog,hr,5,1,1,task_20260116_160908_725_46ca2862_923e672e,0.0,0,40206,149.9
tools,react,eog,hr,5,1,2,task_20251223_184833_888_a8eea1c0_87c53cb9,0.571429,0,95403,145.9
tools,react,eog,hr,5,1,2,task_20251223_194142_190_46ca2862_d9cae434,0.5,0,112221,194.7
tools,react,eog,hr,5,1,2,task_20251223_194912_450_46ca2862_0084047c,0.5,0,191118,399.3
tools,react,eog,hr,5,1,2,task_20251224_094258_495_c4ad7a70_42fbe372,1.0,1,151463,184.4
tools,react,eog,hr,5,1,2,task_20251224_133749_739_c4ad7a70_9df76270,1.0,1,133050,182.2
tools,react,eog,hr,5,1,2,task_20251226_094920_495_99ba2325_627386b2,0.5,0,120991,253.9
tools,react,eog,hr,5,1,2,task_20260112_141226_936_7aad91c1_61df8f2b,1.0,1,140198,198.3
tools,react,eog,hr,5,1,2,task_20260116_104653_444_99ba2325_320d5ca4,1.0,1,180024,308.0
tools,react,eog,hr,5,1,2,task_20260116_112336_208_c5cac200_da33db0a,0.833333,0,163487,261.9
tools,react,eog,hr,5,1,2,task_20260116_160908_725_46ca2862_923e672e,0.0,0,58182,747.1
tools,react,eog,hr,5,1,3,task_20251223_184833_888_a8eea1c0_87c53cb9,0.571429,0,243531,300.6
tools,react,eog,hr,5,1,3,task_20251223_194142_190_46ca2862_d9cae434,0.5,0,96207,144.5
tools,react,eog,hr,5,1,3,task_20251223_194912_450_46ca2862_0084047c,0.5,0,123091,209.8
tools,react,eog,hr,5,1,3,task_20251224_094258_495_c4ad7a70_42fbe372,1.0,1,156213,192.4
tools,react,eog,hr,5,1,3,task_20251224_133749_739_c4ad7a70_9df76270,1.0,1,134355,135.4
tools,react,eog,hr,5,1,3,task_20251226_094920_495_99ba2325_627386b2,1.0,1,166289,227.3
tools,react,eog,hr,5,1,3,task_20260112_141226_936_7aad91c1_61df8f2b,1.0,1,159608,160.6
tools,react,eog,hr,5,1,3,task_20260116_104653_444_99ba2325_320d5ca4,1.0,1,235716,248.9
tools,react,eog,hr,5,1,3,task_20260116_112336_208_c5cac200_da33db0a,0.666667,0,140579,183.9
tools,react,eog,hr,5,1,3,task_20260116_160908_725_46ca2862_923e672e,0.0,0,38915,87.4
tools,react,eog,hr,5,2,1,task_20251217_211723_514_87437950_3bbbb519,0.25,0,121976,142.8
tools,react,eog,hr,5,2,1,task_20251219_205632_335_cd46e60f_4db23138,0.0,0,41380,123.3
tools,react,eog,hr,5,2,1,task_20251224_030218_157_00364ece_79650819,0.0,0,75005,87.7
tools,react,eog,hr,5,2,1,task_20251224_195437_497_e6427839_6357fed2,0.0,0,137217,126.5
tools,react,eog,hr,5,2,1,task_20251226_090527_363_b25153b4_6caf1a47,0.6,0,209486,142.6
tools,react,eog,hr,5,2,1,task_20251226_135729_497_c4ad7a70_788f5baf,0.666667,0,149293,137.3
tools,react,eog,hr,5,2,1,task_20251226_153702_699_ad5a67e3_43cd2d47,0.0,0,119887,206.0
tools,react,eog,hr,5,2,1,task_20260114_170216_532_accab84d_9dc7ddd5,0.333333,0,110493,96.6
tools,react,eog,hr,5,2,1,task_20260114_180423_838_00364ece_9f2ad35c,1.0,1,335205,360.2
tools,react,eog,hr,5,2,1,task_20260115_124602_090_accab84d_91ac1840,0.666667,0,278442,312.6
tools,react,eog,hr,5,2,1,task_20260115_151312_690_57529556_9fca8861,1.0,1,406944,488.8
tools,react,eog,hr,5,2,1,task_20260116_055513_891_99ba2325_849991b8,0.5,0,177461,332.5
tools,react,eog,hr,5,2,1,task_20260116_170758_750_d4a463c3_3885de59,0.777778,0,285492,249.0
tools,react,eog,hr,5,2,2,task_20251217_211723_514_87437950_3bbbb519,0.25,0,115666,138.9
tools,react,eog,hr,5,2,2,task_20251219_205632_335_cd46e60f_4db23138,0.25,0,262622,304.7
tools,react,eog,hr,5,2,2,task_20251224_030218_157_00364ece_79650819,0.0,0,75353,91.9
tools,react,eog,hr,5,2,2,task_20251224_195437_497_e6427839_6357fed2,0.0,0,118313,108.1
tools,react,eog,hr,5,2,2,task_20251226_090527_363_b25153b4_6caf1a47,0.6,0,118194,153.4
tools,react,eog,hr,5,2,2,task_20251226_135729_497_c4ad7a70_788f5baf,1.0,1,150267,130.1
tools,react,eog,hr,5,2,2,task_20251226_153702_699_ad5a67e3_43cd2d47,0.333333,0,102994,165.5
tools,react,eog,hr,5,2,2,task_20260114_170216_532_accab84d_9dc7ddd5,0.333333,0,110445,88.0
tools,react,eog,hr,5,2,2,task_20260114_180423_838_00364ece_9f2ad35c,0.5,0,186849,249.9
tools,react,eog,hr,5,2,2,task_20260115_124602_090_accab84d_91ac1840,0.0,0,289153,314.1
tools,react,eog,hr,5,2,2,task_20260115_151312_690_57529556_9fca8861,1.0,1,501630,446.9
tools,react,eog,hr,5,2,2,task_20260116_055513_891_99ba2325_849991b8,0.5,0,127000,202.8
tools,react,eog,hr,5,2,2,task_20260116_170758_750_d4a463c3_3885de59,0.777778,0,289159,267.7
tools,react,eog,hr,5,2,3,task_20251217_211723_514_87437950_3bbbb519,0.25,0,195808,238.1
tools,react,eog,hr,5,2,3,task_20251219_205632_335_cd46e60f_4db23138,0.25,0,271045,303.4
tools,react,eog,hr,5,2,3,task_20251224_030218_157_00364ece_79650819,0.5,0,131952,130.9
tools,react,eog,hr,5,2,3,task_20251224_195437_497_e6427839_6357fed2,0.0,0,158936,132.8
tools,react,eog,hr,5,2,3,task_20251226_090527_363_b25153b4_6caf1a47,0.8,0,120673,167.5
tools,react,eog,hr,5,2,3,task_20251226_135729_497_c4ad7a70_788f5baf,1.0,1,151516,146.1
tools,react,eog,hr,5,2,3,task_20251226_153702_699_ad5a67e3_43cd2d47,0.0,0,63728,140.7
tools,react,eog,hr,5,2,3,task_20260114_170216_532_accab84d_9dc7ddd5,0.333333,0,111558,94.8
tools,react,eog,hr,5,2,3,task_20260114_180423_838_00364ece_9f2ad35c,0.5,0,150716,273.4
tools,react,eog,hr,5,2,3,task_20260115_124602_090_accab84d_91ac1840,0.833333,0,125745,187.4
tools,react,eog,hr,5,2,3,task_20260115_151312_690_57529556_9fca8861,1.0,1,472588,433.6
tools,react,eog,hr,5,2,3,task_20260116_055513_891_99ba2325_849991b8,0.5,0,309968,351.0
tools,react,eog,hr,5,2,3,task_20260116_170758_750_d4a463c3_3885de59,0.777778,0,315889,345.9
tools,react,eog,hr,5,3,1,task_20251217_073807_153_761f6b82_cba63024,0.0,0,88207,215.4
tools,react,eog,hr,5,3,1,task_20251218_234518_453_d9bcd1e5_72c94403,0.666667,0,192711,202.2
tools,react,eog,hr,5,3,1,task_20251219_114935_971_a8eea1c0_188fc892,0.5,0,98809,149.9
tools,react,eog,hr,5,3,1,task_20251219_155215_361_00364ece_c1c6ffc8,0.0,0,112625,116.4
tools,react,eog,hr,5,3,1,task_20251225_124750_039_7e2e0039_de8a9d94,1.0,1,76220,61.9
tools,react,eog,hr,5,3,1,task_20251226_041218_355_d9bcd1e5_bc84c9d5,0.777778,0,177372,139.1
tools,react,eog,hr,5,3,1,task_20251226_101143_297_99ba2325_75b99d9a,0.75,0,139843,171.5
tools,react,eog,hr,5,3,1,task_20251226_102334_184_b25153b4_08c0849c,1.0,1,134471,85.9
tools,react,eog,hr,5,3,1,task_20251226_104747_127_30600918_559da326,0.5,0,351678,526.0
tools,react,eog,hr,5,3,1,task_20251226_132052_338_e6427839_727d852c,0.0,0,61331,111.2
tools,react,eog,hr,5,3,1,task_20251226_173040_372_95fd9f79_c7e85ec1,0.833333,0,162490,236.9
tools,react,eog,hr,5,3,1,task_20260109_172559_279_e6427839_f711406f,1.0,1,209820,299.2
tools,react,eog,hr,5,3,1,task_20260109_202436_533_a8eea1c0_755eabdd,0.444444,0,446032,305.0
tools,react,eog,hr,5,3,1,task_20260113_032200_394_ad5a67e3_5e3873b8,0.875,0,258172,238.1
tools,react,eog,hr,5,3,1,task_20260114_091008_897_accab84d_786931e4,0.0,0,82300,148.9
tools,react,eog,hr,5,3,1,task_20260115_130330_068_00364ece_cf2e9cf1,0.285714,0,273066,326.2
tools,react,eog,hr,5,3,1,task_20260115_130852_498_a8eea1c0_e9192d7e,0.333333,0,149391,261.9
tools,react,eog,hr,5,3,1,task_20260115_190725_477_a8eea1c0_eba3a1c5,0.833333,0,154378,184.7
tools,react,eog,hr,5,3,1,task_20260116_084548_120_fa1836dc_679067bc,0.5,0,442967,588.5
tools,react,eog,hr,5,3,1,task_20260116_085958_358_a8eea1c0_6d7f242a,0.333333,0,77976,151.5
tools,react,eog,hr,5,3,1,task_20260116_105748_962_99ba2325_dcc658fa,1.0,1,141683,197.0
tools,react,eog,hr,5,3,1,task_20260116_122712_166_d4a463c3_196fe24f,1.0,1,202042,125.2
tools,react,eog,hr,5,3,1,task_20260116_143750_504_a8eea1c0_7d91efa1,0.4,0,116126,149.0
tools,react,eog,hr,5,3,1,task_20260116_150213_342_a8eea1c0_6d6fe792,0.5,0,158599,88.4
tools,react,eog,hr,5,3,1,task_20260119_022056_842_ad5a67e3_964df197,0.833333,0,213550,314.2
tools,react,eog,hr,5,3,2,task_20251217_073807_153_761f6b82_cba63024,0.571429,0,296928,322.9
tools,react,eog,hr,5,3,2,task_20251218_234518_453_d9bcd1e5_72c94403,1.0,1,194330,188.6
tools,react,eog,hr,5,3,2,task_20251219_114935_971_a8eea1c0_188fc892,0.5,0,98092,142.8
tools,react,eog,hr,5,3,2,task_20251219_155215_361_00364ece_c1c6ffc8,0.0,0,93649,72.3
tools,react,eog,hr,5,3,2,task_20251225_124750_039_7e2e0039_de8a9d94,0.166667,0,20285,39.0
tools,react,eog,hr,5,3,2,task_20251226_041218_355_d9bcd1e5_bc84c9d5,0.777778,0,160357,165.6
tools,react,eog,hr,5,3,2,task_20251226_101143_297_99ba2325_75b99d9a,0.75,0,142763,177.2
tools,react,eog,hr,5,3,2,task_20251226_102334_184_b25153b4_08c0849c,0.8,0,228112,129.4
tools,react,eog,hr,5,3,2,task_20251226_104747_127_30600918_559da326,0.25,0,236538,293.9
tools,react,eog,hr,5,3,2,task_20251226_132052_338_e6427839_727d852c,0.0,0,38335,50.1
tools,react,eog,hr,5,3,2,task_20251226_173040_372_95fd9f79_c7e85ec1,1.0,1,173505,225.4
tools,react,eog,hr,5,3,2,task_20260109_172559_279_e6427839_f711406f,0.833333,0,212622,319.2
tools,react,eog,hr,5,3,2,task_20260109_202436_533_a8eea1c0_755eabdd,0.555556,0,407159,260.6
tools,react,eog,hr,5,3,2,task_20260113_032200_394_ad5a67e3_5e3873b8,0.875,0,222067,226.7
tools,react,eog,hr,5,3,2,task_20260114_091008_897_accab84d_786931e4,0.0,0,63435,117.7
tools,react,eog,hr,5,3,2,task_20260115_130330_068_00364ece_cf2e9cf1,0.428571,0,377314,273.9
tools,react,eog,hr,5,3,2,task_20260115_130852_498_a8eea1c0_e9192d7e,0.333333,0,131095,229.7
tools,react,eog,hr,5,3,2,task_20260115_190725_477_a8eea1c0_eba3a1c5,0.833333,0,195566,215.8
tools,react,eog,hr,5,3,2,task_20260116_084548_120_fa1836dc_679067bc,0.5,0,359492,431.2
tools,react,eog,hr,5,3,2,task_20260116_085958_358_a8eea1c0_6d7f242a,0.333333,0,57416,87.4
tools,react,eog,hr,5,3,2,task_20260116_105748_962_99ba2325_dcc658fa,1.0,1,161451,196.9
tools,react,eog,hr,5,3,2,task_20260116_122712_166_d4a463c3_196fe24f,1.0,1,167421,99.0
tools,react,eog,hr,5,3,2,task_20260116_143750_504_a8eea1c0_7d91efa1,0.8,0,216710,120.8
tools,react,eog,hr,5,3,2,task_20260116_150213_342_a8eea1c0_6d6fe792,0.5,0,142681,89.1
tools,react,eog,hr,5,3,2,task_20260119_022056_842_ad5a67e3_964df197,0.833333,0,226988,188.0
tools,react,eog,hr,5,3,3,task_20251217_073807_153_761f6b82_cba63024,0.0,0,22020,71.6
tools,react,eog,hr,5,3,3,task_20251218_234518_453_d9bcd1e5_72c94403,0.666667,0,153775,144.4
tools,react,eog,hr,5,3,3,task_20251219_114935_971_a8eea1c0_188fc892,0.5,0,118985,224.3
tools,react,eog,hr,5,3,3,task_20251219_155215_361_00364ece_c1c6ffc8,0.0,0,110141,82.6
tools,react,eog,hr,5,3,3,task_20251225_124750_039_7e2e0039_de8a9d94,1.0,1,96538,91.7
tools,react,eog,hr,5,3,3,task_20251226_041218_355_d9bcd1e5_bc84c9d5,0.777778,0,245653,179.8
tools,react,eog,hr,5,3,3,task_20251226_101143_297_99ba2325_75b99d9a,0.75,0,140577,181.8
tools,react,eog,hr,5,3,3,task_20251226_102334_184_b25153b4_08c0849c,1.0,1,187931,101.9
tools,react,eog,hr,5,3,3,task_20251226_104747_127_30600918_559da326,0.5,0,217414,356.8
tools,react,eog,hr,5,3,3,task_20251226_132052_338_e6427839_727d852c,0.0,0,39509,89.3
tools,react,eog,hr,5,3,3,task_20251226_173040_372_95fd9f79_c7e85ec1,0.833333,0,207459,398.8
tools,react,eog,hr,5,3,3,task_20260109_172559_279_e6427839_f711406f,1.0,1,374578,833.2
tools,react,eog,hr,5,3,3,task_20260109_202436_533_a8eea1c0_755eabdd,0.444444,0,313732,263.5
tools,react,eog,hr,5,3,3,task_20260113_032200_394_ad5a67e3_5e3873b8,0.875,0,258168,258.5
tools,react,eog,hr,5,3,3,task_20260114_091008_897_accab84d_786931e4,0.0,0,87689,212.8
tools,react,eog,hr,5,3,3,task_20260115_130330_068_00364ece_cf2e9cf1,0.142857,0,236496,376.0
tools,react,eog,hr,5,3,3,task_20260115_130852_498_a8eea1c0_e9192d7e,0.5,0,220497,368.6
tools,react,eog,hr,5,3,3,task_20260115_190725_477_a8eea1c0_eba3a1c5,0.833333,0,198388,317.7
tools,react,eog,hr,5,3,3,task_20260116_084548_120_fa1836dc_679067bc,0.5,0,243061,419.9
tools,react,eog,hr,5,3,3,task_20260116_085958_358_a8eea1c0_6d7f242a,1.0,1,217281,257.9
tools,react,eog,hr,5,3,3,task_20260116_105748_962_99ba2325_dcc658fa,1.0,1,123270,190.2
tools,react,eog,hr,5,3,3,task_20260116_122712_166_d4a463c3_196fe24f,0.8,0,187288,170.1
tools,react,eog,hr,5,3,3,task_20260116_143750_504_a8eea1c0_7d91efa1,0.8,0,220946,144.0
tools,react,eog,hr,5,3,3,task_20260116_150213_342_a8eea1c0_6d6fe792,0.5,0,142238,101.4
tools,react,eog,hr,5,3,3,task_20260119_022056_842_ad5a67e3_964df197,0.833333,0,208366,301.8
tools,react,eog,hr,5,4,1,task_20251212_194942_087_761f6b82_451ef3b7,0.571429,0,197386,191.3
tools,react,eog,hr,5,4,1,task_20251217_231709_248_b25153b4_4c5f9bde,1.0,1,176125,154.7
tools,react,eog,hr,5,4,1,task_20251219_155520_685_a8eea1c0_c6fb88a1,0.6,0,165241,95.0
tools,react,eog,hr,5,4,1,task_20251223_061756_991_a8eea1c0_e497a345,0.4,0,173348,148.8
tools,react,eog,hr,5,4,1,task_20251223_201118_525_46ca2862_e3f79e09,1.0,1,406417,521.9
tools,react,eog,hr,5,4,1,task_20251224_064352_705_ec0cb5dd_46d83d4e,0.846154,0,369472,386.5
tools,react,eog,hr,5,4,1,task_20251224_074251_092_46ca2862_b5b99f66,1.0,1,253620,218.6
tools,react,eog,hr,5,4,1,task_20251225_062927_003_d9bcd1e5_d996901a,0.5,0,190100,294.6
tools,react,eog,hr,5,4,1,task_20251225_180047_141_a8eea1c0_002e725f,0.571429,0,154242,123.4
tools,react,eog,hr,5,4,1,task_20251226_110144_731_b25153b4_773380f8,0.0,0,19345,42.6
tools,react,eog,hr,5,4,1,task_20260109_185510_803_a8eea1c0_b51123d7,1.0,1,180626,153.1
tools,react,eog,hr,5,4,1,task_20260111_151647_667_a8eea1c0_c7c264ba,0.714286,0,262282,256.1
tools,react,eog,hr,5,4,1,task_20260111_190744_927_a8eea1c0_17bea726,0.0,0,234515,356.1
tools,react,eog,hr,5,4,1,task_20260114_173911_329_a8eea1c0_b687c646,0.0,0,77611,91.8
tools,react,eog,hr,5,4,1,task_20260114_220447_370_00364ece_0c9c7534,0.75,0,135157,108.2
tools,react,eog,hr,5,4,1,task_20260115_043503_499_a8eea1c0_4b943c9b,0.625,0,226950,297.0
tools,react,eog,hr,5,4,1,task_20260116_094554_219_c5cac200_82f2d2a8,1.0,1,284592,272.5
tools,react,eog,hr,5,4,1,task_20260116_095609_650_c5cac200_741831a8,0.666667,0,200426,224.4
tools,react,eog,hr,5,4,1,task_20260116_112648_773_99ba2325_c572f123,0.857143,0,253661,408.8
tools,react,eog,hr,5,4,1,task_20260116_185136_779_46ca2862_2b77b852,0.666667,0,123067,221.9
tools,react,eog,hr,5,4,1,task_20260116_203855_584_57529556_7b20a1d8,0.666667,0,282782,389.2
tools,react,eog,hr,5,4,1,task_20260119_045416_534_ad5a67e3_78445838,0.857143,0,260449,185.6
tools,react,eog,hr,5,4,2,task_20251212_194942_087_761f6b82_451ef3b7,0.571429,0,212079,212.4
tools,react,eog,hr,5,4,2,task_20251217_231709_248_b25153b4_4c5f9bde,0.857143,0,197481,214.6
tools,react,eog,hr,5,4,2,task_20251219_155520_685_a8eea1c0_c6fb88a1,1.0,1,165725,126.2
tools,react,eog,hr,5,4,2,task_20251223_061756_991_a8eea1c0_e497a345,0.0,0,39722,70.5
tools,react,eog,hr,5,4,2,task_20251223_201118_525_46ca2862_e3f79e09,0.0,0,55873,82.7
tools,react,eog,hr,5,4,2,task_20251224_064352_705_ec0cb5dd_46d83d4e,0.461538,0,19017,35.2
tools,react,eog,hr,5,4,2,task_20251224_074251_092_46ca2862_b5b99f66,1.0,1,172640,165.9
tools,react,eog,hr,5,4,2,task_20251225_062927_003_d9bcd1e5_d996901a,0.5,0,94046,160.9
tools,react,eog,hr,5,4,2,task_20251225_180047_141_a8eea1c0_002e725f,1.0,1,164160,190.1
tools,react,eog,hr,5,4,2,task_20251226_110144_731_b25153b4_773380f8,1.0,1,320192,332.7
tools,react,eog,hr,5,4,2,task_20260109_185510_803_a8eea1c0_b51123d7,1.0,1,234216,139.1
tools,react,eog,hr,5,4,2,task_20260111_151647_667_a8eea1c0_c7c264ba,0.714286,0,215985,144.3
tools,react,eog,hr,5,4,2,task_20260111_190744_927_a8eea1c0_17bea726,0.0,0,202549,245.3
tools,react,eog,hr,5,4,2,task_20260114_173911_329_a8eea1c0_b687c646,0.6,0,230981,159.4
tools,react,eog,hr,5,4,2,task_20260114_220447_370_00364ece_0c9c7534,0.75,0,176846,152.9
tools,react,eog,hr,5,4,2,task_20260115_043503_499_a8eea1c0_4b943c9b,0.875,0,307336,187.4
tools,react,eog,hr,5,4,2,task_20260116_094554_219_c5cac200_82f2d2a8,1.0,1,334279,321.1
tools,react,eog,hr,5,4,2,task_20260116_095609_650_c5cac200_741831a8,0.666667,0,117766,138.1
tools,react,eog,hr,5,4,2,task_20260116_112648_773_99ba2325_c572f123,0.0,0,114758,121.7
tools,react,eog,hr,5,4,2,task_20260116_185136_779_46ca2862_2b77b852,0.666667,0,85026,166.9
tools,react,eog,hr,5,4,2,task_20260116_203855_584_57529556_7b20a1d8,0.666667,0,231489,292.5
tools,react,eog,hr,5,4,2,task_20260119_045416_534_ad5a67e3_78445838,0.857143,0,216151,166.8
tools,react,eog,hr,5,4,3,task_20251212_194942_087_761f6b82_451ef3b7,0.571429,0,315190,369.2
tools,react,eog,hr,5,4,3,task_20251217_231709_248_b25153b4_4c5f9bde,0.857143,0,294026,147.4
tools,react,eog,hr,5,4,3,task_20251219_155520_685_a8eea1c0_c6fb88a1,0.6,0,144252,56.5
tools,react,eog,hr,5,4,3,task_20251223_061756_991_a8eea1c0_e497a345,0.4,0,171189,125.4
tools,react,eog,hr,5,4,3,task_20251223_201118_525_46ca2862_e3f79e09,0.0,0,59473,89.9
tools,react,eog,hr,5,4,3,task_20251224_064352_705_ec0cb5dd_46d83d4e,0.461538,0,18228,24.4
tools,react,eog,hr,5,4,3,task_20251224_074251_092_46ca2862_b5b99f66,1.0,1,169069,101.3
tools,react,eog,hr,5,4,3,task_20251225_062927_003_d9bcd1e5_d996901a,0.5,0,209147,227.0
tools,react,eog,hr,5,4,3,task_20251225_180047_141_a8eea1c0_002e725f,0.571429,0,166581,212.9
tools,react,eog,hr,5,4,3,task_20251226_110144_731_b25153b4_773380f8,0.0,0,19284,21.8
tools,react,eog,hr,5,4,3,task_20260109_185510_803_a8eea1c0_b51123d7,1.0,1,234752,113.8
tools,react,eog,hr,5,4,3,task_20260111_151647_667_a8eea1c0_c7c264ba,0.0,0,58715,87.8
tools,react,eog,hr,5,4,3,task_20260111_190744_927_a8eea1c0_17bea726,0.0,0,250232,203.1
tools,react,eog,hr,5,4,3,task_20260114_173911_329_a8eea1c0_b687c646,0.0,0,74762,73.5
tools,react,eog,hr,5,4,3,task_20260114_220447_370_00364ece_0c9c7534,0.75,0,154891,108.4
tools,react,eog,hr,5,4,3,task_20260115_043503_499_a8eea1c0_4b943c9b,0.625,0,236851,191.4
tools,react,eog,hr,5,4,3,task_20260116_094554_219_c5cac200_82f2d2a8,1.0,1,187702,185.8
tools,react,eog,hr,5,4,3,task_20260116_095609_650_c5cac200_741831a8,0.666667,0,158776,111.4
tools,react,eog,hr,5,4,3,task_20260116_112648_773_99ba2325_c572f123,0.0,0,98681,120.4
tools,react,eog,hr,5,4,3,task_20260116_185136_779_46ca2862_2b77b852,0.333333,0,41340,73.4
tools,react,eog,hr,5,4,3,task_20260116_203855_584_57529556_7b20a1d8,0.666667,0,428318,366.7
tools,react,eog,hr,5,4,3,task_20260119_045416_534_ad5a67e3_78445838,0.857143,0,285413,387.6
tools,react,eog,hr,5,5,1,task_20251217_161056_114_d9bcd1e5_c8f3ccb9,0.8,0,143927,69.5
tools,react,eog,hr,5,5,1,task_20260112_124137_537_761f6b82_9e1a6b99,0.25,0,241772,311.4
tools,react,eog,hr,5,5,2,task_20251217_161056_114_d9bcd1e5_c8f3ccb9,0.8,0,145002,64.5
tools,react,eog,hr,5,5,2,task_20260112_124137_537_761f6b82_9e1a6b99,0.25,0,327968,335.1
tools,react,eog,hr,5,5,3,task_20251217_161056_114_d9bcd1e5_c8f3ccb9,0.8,0,144934,58.2
tools,react,eog,hr,5,5,3,task_20260112_124137_537_761f6b82_9e1a6b99,0.0,0,38968,48.9
tools,react,eog,hybrid,1,1,1,task_20251216_223804_332_df2c536d_a1d9c559,0.333333,0,56490,85.3
tools,react,eog,hybrid,1,1,1,task_20251217_140216_182_701c5774_9fcdf867,1.0,1,80259,100.5
tools,react,eog,hybrid,1,1,1,task_20251217_160053_417_701c5774_db625115,0.666667,0,151721,329.1
tools,react,eog,hybrid,1,1,1,task_20251218_102205_211_1628b966_06687c79,0.5,0,158032,283.2
tools,react,eog,hybrid,1,1,1,task_20251218_103430_472_701c5774_42c99459,0.0,0,182764,330.9
tools,react,eog,hybrid,1,1,1,task_20251218_173030_490_23fcbcdb_0e698d81,1.0,1,155735,336.8
tools,react,eog,hybrid,1,1,1,task_20251219_174221_127_64a4ebb9_3a8bb36b,0.8,0,60350,50.8
tools,react,eog,hybrid,1,1,1,task_20251221_222713_409_64a4ebb9_9915366d,1.0,1,77754,155.3
tools,react,eog,hybrid,1,1,1,task_20251222_113047_572_64a4ebb9_cd2083a8,0.8,0,93096,114.6
tools,react,eog,hybrid,1,1,1,task_20251224_104537_197_701c5774_5c104832,0.333333,0,168193,320.2
tools,react,eog,hybrid,1,1,1,task_20251224_112727_844_701c5774_58c1bbfb,0.0,0,114034,250.2
tools,react,eog,hybrid,1,1,1,task_20251225_130546_796_4d9df647_7e32b59a,0.0,0,58845,103.6
tools,react,eog,hybrid,1,1,1,task_20251225_133905_252_060e2c81_7e4fd228,0.875,0,149866,104.6
tools,react,eog,hybrid,1,1,1,task_20260113_141825_482_911d75d7_ecab6320,1.0,1,318623,176.2
tools,react,eog,hybrid,1,1,1,task_20260113_152354_165_9a1e131b_fc5e2cac,0.0,0,65959,113.5
tools,react,eog,hybrid,1,1,1,task_20260114_073013_180_911d75d7_cc244085,0.25,0,167616,288.3
tools,react,eog,hybrid,1,1,1,task_20260114_172825_147_1628b966_cc356289,1.0,1,64792,138.5
tools,react,eog,hybrid,1,1,1,task_20260115_111059_508_9a1e131b_a201f065,0.5,0,145678,223.7
tools,react,eog,hybrid,1,1,1,task_20260115_121701_840_1628b966_ff394d2f,1.0,1,101575,114.3
tools,react,eog,hybrid,1,1,1,task_20260115_170553_772_ae7b45e2_daae994c,0.333333,0,78669,98.8
tools,react,eog,hybrid,1,1,1,task_20260116_080150_885_1628b966_5a58d8e3,0.0,0,134915,165.3
tools,react,eog,hybrid,1,1,1,task_20260116_125421_530_806f1a83_3e703812,0.8,0,214329,261.3
tools,react,eog,hybrid,1,1,1,task_20260116_131741_243_1628b966_c66e5972,0.5,0,75829,165.6
tools,react,eog,hybrid,1,1,1,task_20260117_084409_361_4d9df647_9892db8c,0.0,0,187142,218.6
tools,react,eog,hybrid,1,1,2,task_20251216_223804_332_df2c536d_a1d9c559,0.333333,0,56037,97.3
tools,react,eog,hybrid,1,1,2,task_20251217_140216_182_701c5774_9fcdf867,1.0,1,81124,128.3
tools,react,eog,hybrid,1,1,2,task_20251217_160053_417_701c5774_db625115,0.666667,0,185780,428.9
tools,react,eog,hybrid,1,1,2,task_20251218_102205_211_1628b966_06687c79,0.5,0,221393,261.1
tools,react,eog,hybrid,1,1,2,task_20251218_103430_472_701c5774_42c99459,0.0,0,166092,414.2
tools,react,eog,hybrid,1,1,2,task_20251218_173030_490_23fcbcdb_0e698d81,1.0,1,117949,187.0
tools,react,eog,hybrid,1,1,2,task_20251219_174221_127_64a4ebb9_3a8bb36b,0.8,0,75625,66.2
tools,react,eog,hybrid,1,1,2,task_20251221_222713_409_64a4ebb9_9915366d,1.0,1,226301,293.3
tools,react,eog,hybrid,1,1,2,task_20251222_113047_572_64a4ebb9_cd2083a8,0.8,0,78056,128.4
tools,react,eog,hybrid,1,1,2,task_20251224_104537_197_701c5774_5c104832,0.333333,0,186471,364.6
tools,react,eog,hybrid,1,1,2,task_20251224_112727_844_701c5774_58c1bbfb,0.0,0,94502,281.4
tools,react,eog,hybrid,1,1,2,task_20251225_130546_796_4d9df647_7e32b59a,0.0,0,39087,66.8
tools,react,eog,hybrid,1,1,2,task_20251225_133905_252_060e2c81_7e4fd228,0.875,0,136057,66.1
tools,react,eog,hybrid,1,1,2,task_20260113_141825_482_911d75d7_ecab6320,0.888889,0,305114,198.9
tools,react,eog,hybrid,1,1,2,task_20260113_152354_165_9a1e131b_fc5e2cac,0.0,0,63983,77.9
tools,react,eog,hybrid,1,1,2,task_20260114_073013_180_911d75d7_cc244085,0.25,0,140525,246.3
tools,react,eog,hybrid,1,1,2,task_20260114_172825_147_1628b966_cc356289,1.0,1,46666,82.5
tools,react,eog,hybrid,1,1,2,task_20260115_111059_508_9a1e131b_a201f065,0.5,0,132368,259.0
tools,react,eog,hybrid,1,1,2,task_20260115_121701_840_1628b966_ff394d2f,1.0,1,103537,145.4
tools,react,eog,hybrid,1,1,2,task_20260115_170553_772_ae7b45e2_daae994c,0.5,0,95877,148.9
tools,react,eog,hybrid,1,1,2,task_20260116_080150_885_1628b966_5a58d8e3,0.0,0,92628,211.2
tools,react,eog,hybrid,1,1,2,task_20260116_125421_530_806f1a83_3e703812,0.8,0,153158,193.9
tools,react,eog,hybrid,1,1,2,task_20260116_131741_243_1628b966_c66e5972,0.5,0,132645,368.4
tools,react,eog,hybrid,1,1,2,task_20260117_084409_361_4d9df647_9892db8c,0.0,0,100015,214.0
tools,react,eog,hybrid,1,1,3,task_20251216_223804_332_df2c536d_a1d9c559,0.333333,0,54223,129.4
tools,react,eog,hybrid,1,1,3,task_20251217_140216_182_701c5774_9fcdf867,1.0,1,83488,173.2
tools,react,eog,hybrid,1,1,3,task_20251217_160053_417_701c5774_db625115,0.666667,0,186518,417.0
tools,react,eog,hybrid,1,1,3,task_20251218_102205_211_1628b966_06687c79,0.5,0,181427,280.6
tools,react,eog,hybrid,1,1,3,task_20251218_103430_472_701c5774_42c99459,0.0,0,176377,290.5
tools,react,eog,hybrid,1,1,3,task_20251218_173030_490_23fcbcdb_0e698d81,1.0,1,117280,210.9
tools,react,eog,hybrid,1,1,3,task_20251219_174221_127_64a4ebb9_3a8bb36b,0.8,0,102577,68.8
tools,react,eog,hybrid,1,1,3,task_20251221_222713_409_64a4ebb9_9915366d,0.6,0,98133,187.5
tools,react,eog,hybrid,1,1,3,task_20251222_113047_572_64a4ebb9_cd2083a8,0.8,0,138740,121.5
tools,react,eog,hybrid,1,1,3,task_20251224_104537_197_701c5774_5c104832,0.333333,0,188710,342.2
tools,react,eog,hybrid,1,1,3,task_20251224_112727_844_701c5774_58c1bbfb,0.0,0,53714,115.9
tools,react,eog,hybrid,1,1,3,task_20251225_130546_796_4d9df647_7e32b59a,0.0,0,60495,95.3
tools,react,eog,hybrid,1,1,3,task_20251225_133905_252_060e2c81_7e4fd228,0.875,0,92012,152.0
tools,react,eog,hybrid,1,1,3,task_20260113_141825_482_911d75d7_ecab6320,1.0,1,320093,181.7
tools,react,eog,hybrid,1,1,3,task_20260113_152354_165_9a1e131b_fc5e2cac,0.0,0,52678,81.2
tools,react,eog,hybrid,1,1,3,task_20260114_073013_180_911d75d7_cc244085,0.25,0,285104,579.3
tools,react,eog,hybrid,1,1,3,task_20260114_172825_147_1628b966_cc356289,1.0,1,65666,147.0
tools,react,eog,hybrid,1,1,3,task_20260115_111059_508_9a1e131b_a201f065,0.5,0,106937,235.5
tools,react,eog,hybrid,1,1,3,task_20260115_121701_840_1628b966_ff394d2f,1.0,1,126635,203.7
tools,react,eog,hybrid,1,1,3,task_20260115_170553_772_ae7b45e2_daae994c,0.5,0,94819,134.2
tools,react,eog,hybrid,1,1,3,task_20260116_080150_885_1628b966_5a58d8e3,0.0,0,91897,218.8
tools,react,eog,hybrid,1,1,3,task_20260116_125421_530_806f1a83_3e703812,0.8,0,161723,214.9
tools,react,eog,hybrid,1,1,3,task_20260116_131741_243_1628b966_c66e5972,0.5,0,130000,254.3
tools,react,eog,hybrid,1,1,3,task_20260117_084409_361_4d9df647_9892db8c,0.0,0,87644,240.3
tools,react,eog,hybrid,2,1,1,task_20251216_223804_332_df2c536d_a1d9c559,0.333333,0,68799,90.0
tools,react,eog,hybrid,2,1,1,task_20251217_140216_182_701c5774_9fcdf867,1.0,1,102378,111.6
tools,react,eog,hybrid,2,1,1,task_20251217_160053_417_701c5774_db625115,0.666667,0,215931,276.4
tools,react,eog,hybrid,2,1,1,task_20251218_102205_211_1628b966_06687c79,0.5,0,258823,304.0
tools,react,eog,hybrid,2,1,1,task_20251218_103430_472_701c5774_42c99459,0.0,0,161144,205.4
tools,react,eog,hybrid,2,1,1,task_20251218_173030_490_23fcbcdb_0e698d81,1.0,1,124362,150.2
tools,react,eog,hybrid,2,1,1,task_20251219_174221_127_64a4ebb9_3a8bb36b,1.0,1,106330,69.7
tools,react,eog,hybrid,2,1,1,task_20251221_222713_409_64a4ebb9_9915366d,0.6,0,145220,169.9
tools,react,eog,hybrid,2,1,1,task_20251222_113047_572_64a4ebb9_cd2083a8,0.8,0,164916,122.6
tools,react,eog,hybrid,2,1,1,task_20251224_104537_197_701c5774_5c104832,0.333333,0,215108,292.1
tools,react,eog,hybrid,2,1,1,task_20251224_112727_844_701c5774_58c1bbfb,0.0,0,134528,199.7
tools,react,eog,hybrid,2,1,1,task_20251225_130546_796_4d9df647_7e32b59a,0.0,0,73557,121.0
tools,react,eog,hybrid,2,1,1,task_20251225_133905_252_060e2c81_7e4fd228,0.875,0,149355,113.1
tools,react,eog,hybrid,2,1,1,task_20260113_141825_482_911d75d7_ecab6320,1.0,1,365681,171.2
tools,react,eog,hybrid,2,1,1,task_20260113_152354_165_9a1e131b_fc5e2cac,0.0,0,102682,107.1
tools,react,eog,hybrid,2,1,1,task_20260114_073013_180_911d75d7_cc244085,0.25,0,128078,227.7
tools,react,eog,hybrid,2,1,1,task_20260114_172825_147_1628b966_cc356289,1.0,1,96892,122.8
tools,react,eog,hybrid,2,1,1,task_20260115_111059_508_9a1e131b_a201f065,0.333333,0,152094,188.5
tools,react,eog,hybrid,2,1,1,task_20260115_121701_840_1628b966_ff394d2f,1.0,1,127080,141.8
tools,react,eog,hybrid,2,1,1,task_20260115_170553_772_ae7b45e2_daae994c,0.333333,0,90465,81.4
tools,react,eog,hybrid,2,1,1,task_20260116_080150_885_1628b966_5a58d8e3,0.0,0,135012,182.3
tools,react,eog,hybrid,2,1,1,task_20260116_125421_530_806f1a83_3e703812,0.8,0,198127,246.7
tools,react,eog,hybrid,2,1,1,task_20260116_131741_243_1628b966_c66e5972,0.5,0,108709,164.7
tools,react,eog,hybrid,2,1,1,task_20260117_084409_361_4d9df647_9892db8c,0.0,0,104793,166.9
tools,react,eog,hybrid,2,1,2,task_20251216_223804_332_df2c536d_a1d9c559,0.666667,0,69770,97.5
tools,react,eog,hybrid,2,1,2,task_20251217_140216_182_701c5774_9fcdf867,1.0,1,100876,108.0
tools,react,eog,hybrid,2,1,2,task_20251217_160053_417_701c5774_db625115,0.666667,0,165951,327.5
tools,react,eog,hybrid,2,1,2,task_20251218_102205_211_1628b966_06687c79,0.5,0,240239,241.4
tools,react,eog,hybrid,2,1,2,task_20251218_103430_472_701c5774_42c99459,0.0,0,184974,1182.8
tools,react,eog,hybrid,2,1,2,task_20251218_173030_490_23fcbcdb_0e698d81,1.0,1,125155,152.2
tools,react,eog,hybrid,2,1,2,task_20251219_174221_127_64a4ebb9_3a8bb36b,0.8,0,121641,61.6
tools,react,eog,hybrid,2,1,2,task_20251221_222713_409_64a4ebb9_9915366d,1.0,1,121882,206.3
tools,react,eog,hybrid,2,1,2,task_20251222_113047_572_64a4ebb9_cd2083a8,0.8,0,143037,73.5
tools,react,eog,hybrid,2,1,2,task_20251224_104537_197_701c5774_5c104832,0.333333,0,237719,334.3
tools,react,eog,hybrid,2,1,2,task_20251224_112727_844_701c5774_58c1bbfb,0.0,0,178993,299.7
tools,react,eog,hybrid,2,1,2,task_20251225_130546_796_4d9df647_7e32b59a,0.0,0,49005,85.7
tools,react,eog,hybrid,2,1,2,task_20251225_133905_252_060e2c81_7e4fd228,0.875,0,224759,112.4
tools,react,eog,hybrid,2,1,2,task_20260113_141825_482_911d75d7_ecab6320,1.0,1,363390,139.4
tools,react,eog,hybrid,2,1,2,task_20260113_152354_165_9a1e131b_fc5e2cac,0.0,0,105337,123.8
tools,react,eog,hybrid,2,1,2,task_20260114_073013_180_911d75d7_cc244085,0.5,0,340773,619.5
tools,react,eog,hybrid,2,1,2,task_20260114_172825_147_1628b966_cc356289,1.0,1,55771,78.0
tools,react,eog,hybrid,2,1,2,task_20260115_111059_508_9a1e131b_a201f065,0.5,0,154561,189.0
tools,react,eog,hybrid,2,1,2,task_20260115_121701_840_1628b966_ff394d2f,1.0,1,126049,129.0
tools,react,eog,hybrid,2,1,2,task_20260115_170553_772_ae7b45e2_daae994c,0.5,0,73331,66.8
tools,react,eog,hybrid,2,1,2,task_20260116_080150_885_1628b966_5a58d8e3,0.0,0,159480,222.0
tools,react,eog,hybrid,2,1,2,task_20260116_125421_530_806f1a83_3e703812,0.8,0,201753,166.4
tools,react,eog,hybrid,2,1,2,task_20260116_131741_243_1628b966_c66e5972,0.5,0,128719,179.6
tools,react,eog,hybrid,2,1,2,task_20260117_084409_361_4d9df647_9892db8c,0.0,0,124390,203.9
tools,react,eog,hybrid,2,1,3,task_20251216_223804_332_df2c536d_a1d9c559,0.333333,0,69467,117.8
tools,react,eog,hybrid,2,1,3,task_20251217_140216_182_701c5774_9fcdf867,1.0,1,101962,108.0
tools,react,eog,hybrid,2,1,3,task_20251217_160053_417_701c5774_db625115,0.666667,0,201190,310.0
tools,react,eog,hybrid,2,1,3,task_20251218_102205_211_1628b966_06687c79,0.5,0,220282,241.9
tools,react,eog,hybrid,2,1,3,task_20251218_103430_472_701c5774_42c99459,0.0,0,197324,257.1
tools,react,eog,hybrid,2,1,3,task_20251218_173030_490_23fcbcdb_0e698d81,1.0,1,142306,181.4
tools,react,eog,hybrid,2,1,3,task_20251219_174221_127_64a4ebb9_3a8bb36b,0.8,0,107701,78.6
tools,react,eog,hybrid,2,1,3,task_20251221_222713_409_64a4ebb9_9915366d,1.0,1,177208,263.9
tools,react,eog,hybrid,2,1,3,task_20251222_113047_572_64a4ebb9_cd2083a8,0.8,0,143539,106.2
tools,react,eog,hybrid,2,1,3,task_20251224_104537_197_701c5774_5c104832,0.333333,0,210127,244.4
tools,react,eog,hybrid,2,1,3,task_20251224_112727_844_701c5774_58c1bbfb,0.0,0,177170,286.5
tools,react,eog,hybrid,2,1,3,task_20251225_130546_796_4d9df647_7e32b59a,0.0,0,71557,78.6
tools,react,eog,hybrid,2,1,3,task_20251225_133905_252_060e2c81_7e4fd228,0.875,0,306683,126.9
tools,react,eog,hybrid,2,1,3,task_20260113_141825_482_911d75d7_ecab6320,1.0,1,385484,191.7
tools,react,eog,hybrid,2,1,3,task_20260113_152354_165_9a1e131b_fc5e2cac,0.0,0,104155,133.1
tools,react,eog,hybrid,2,1,3,task_20260114_073013_180_911d75d7_cc244085,0.5,0,217635,319.0
tools,react,eog,hybrid,2,1,3,task_20260114_172825_147_1628b966_cc356289,1.0,1,76971,110.2
tools,react,eog,hybrid,2,1,3,task_20260115_111059_508_9a1e131b_a201f065,0.5,0,228458,304.6
tools,react,eog,hybrid,2,1,3,task_20260115_121701_840_1628b966_ff394d2f,1.0,1,125237,145.9
tools,react,eog,hybrid,2,1,3,task_20260115_170553_772_ae7b45e2_daae994c,0.5,0,112388,109.6
tools,react,eog,hybrid,2,1,3,task_20260116_080150_885_1628b966_5a58d8e3,0.0,0,84884,124.6
tools,react,eog,hybrid,2,1,3,task_20260116_125421_530_806f1a83_3e703812,0.8,0,219791,231.6
tools,react,eog,hybrid,2,1,3,task_20260116_131741_243_1628b966_c66e5972,0.5,0,132798,230.4
tools,react,eog,hybrid,2,1,3,task_20260117_084409_361_4d9df647_9892db8c,0.0,0,213147,303.5
tools,react,eog,hybrid,2,2,1,task_20251222_151946_409_060e2c81_253357ab,1.0,1,204592,266.5
tools,react,eog,hybrid,2,2,1,task_20251225_074839_957_701c5774_eef4d0c4,0.5,0,187935,246.4
tools,react,eog,hybrid,2,2,1,task_20251226_133324_902_e5bf1251_942c943a,0.5,0,128769,106.3
tools,react,eog,hybrid,2,2,1,task_20251226_150609_837_4d9df647_84917c0b,0.428571,0,341078,488.9
tools,react,eog,hybrid,2,2,1,task_20251226_150647_118_13762b97_8da0c6a5,0.75,0,209089,159.7
tools,react,eog,hybrid,2,2,1,task_20251226_225931_685_bca89e7d_597733d7,0.75,0,80782,103.0
tools,react,eog,hybrid,2,2,1,task_20260113_114937_574_4d9df647_a8d4341b,0.4,0,180053,355.8
tools,react,eog,hybrid,2,2,1,task_20260113_120745_735_4d9df647_017a9009,1.0,1,127745,97.2
tools,react,eog,hybrid,2,2,1,task_20260113_141542_776_911d75d7_78be6b0f,0.666667,0,137917,139.8
tools,react,eog,hybrid,2,2,1,task_20260115_122753_129_1628b966_0c22c9cc,0.666667,0,111855,123.9
tools,react,eog,hybrid,2,2,1,task_20260119_162417_443_d8f93f2d_2b15bc38,1.0,1,117248,101.5
tools,react,eog,hybrid,2,2,2,task_20251222_151946_409_060e2c81_253357ab,1.0,1,187489,226.9
tools,react,eog,hybrid,2,2,2,task_20251225_074839_957_701c5774_eef4d0c4,0.5,0,156866,202.9
tools,react,eog,hybrid,2,2,2,task_20251226_133324_902_e5bf1251_942c943a,0.5,0,86951,67.4
tools,react,eog,hybrid,2,2,2,task_20251226_150609_837_4d9df647_84917c0b,0.428571,0,329905,475.8
tools,react,eog,hybrid,2,2,2,task_20251226_150647_118_13762b97_8da0c6a5,0.625,0,206765,159.6
tools,react,eog,hybrid,2,2,2,task_20251226_225931_685_bca89e7d_597733d7,1.0,1,81076,103.8
tools,react,eog,hybrid,2,2,2,task_20260113_114937_574_4d9df647_a8d4341b,0.4,0,107343,321.2
tools,react,eog,hybrid,2,2,2,task_20260113_120745_735_4d9df647_017a9009,1.0,1,43426,66.1
tools,react,eog,hybrid,2,2,2,task_20260113_141542_776_911d75d7_78be6b0f,0.0,0,67057,92.8
tools,react,eog,hybrid,2,2,2,task_20260115_122753_129_1628b966_0c22c9cc,0.666667,0,132784,140.0
tools,react,eog,hybrid,2,2,2,task_20260119_162417_443_d8f93f2d_2b15bc38,1.0,1,79667,79.2
tools,react,eog,hybrid,2,2,3,task_20251222_151946_409_060e2c81_253357ab,0.888889,0,211606,381.4
tools,react,eog,hybrid,2,2,3,task_20251225_074839_957_701c5774_eef4d0c4,0.5,0,207257,308.5
tools,react,eog,hybrid,2,2,3,task_20251226_133324_902_e5bf1251_942c943a,0.5,0,106560,125.5
tools,react,eog,hybrid,2,2,3,task_20251226_150609_837_4d9df647_84917c0b,0.428571,0,346490,763.4
tools,react,eog,hybrid,2,2,3,task_20251226_150647_118_13762b97_8da0c6a5,0.625,0,290290,188.0
tools,react,eog,hybrid,2,2,3,task_20251226_225931_685_bca89e7d_597733d7,0.75,0,79410,113.5
tools,react,eog,hybrid,2,2,3,task_20260113_114937_574_4d9df647_a8d4341b,0.8,0,206927,605.9
tools,react,eog,hybrid,2,2,3,task_20260113_120745_735_4d9df647_017a9009,1.0,1,98684,86.3
tools,react,eog,hybrid,2,2,3,task_20260113_141542_776_911d75d7_78be6b0f,0.0,0,84592,140.4
tools,react,eog,hybrid,2,2,3,task_20260115_122753_129_1628b966_0c22c9cc,0.666667,0,114133,161.6
tools,react,eog,hybrid,2,2,3,task_20260119_162417_443_d8f93f2d_2b15bc38,1.0,1,78548,63.4
tools,react,eog,hybrid,3,1,1,task_20251216_223804_332_df2c536d_a1d9c559,0.333333,0,71913,133.5
tools,react,eog,hybrid,3,1,1,task_20251217_140216_182_701c5774_9fcdf867,0.666667,0,75593,100.8
tools,react,eog,hybrid,3,1,1,task_20251217_160053_417_701c5774_db625115,0.666667,0,235659,335.8
tools,react,eog,hybrid,3,1,1,task_20251218_102205_211_1628b966_06687c79,0.5,0,319281,695.8
tools,react,eog,hybrid,3,1,1,task_20251218_103430_472_701c5774_42c99459,0.0,0,150198,148.9
tools,react,eog,hybrid,3,1,1,task_20251218_173030_490_23fcbcdb_0e698d81,0.75,0,133260,142.2
tools,react,eog,hybrid,3,1,1,task_20251219_174221_127_64a4ebb9_3a8bb36b,0.8,0,160145,71.8
tools,react,eog,hybrid,3,1,1,task_20251221_222713_409_64a4ebb9_9915366d,0.6,0,81353,119.9
tools,react,eog,hybrid,3,1,1,task_20251222_113047_572_64a4ebb9_cd2083a8,0.8,0,160296,103.8
tools,react,eog,hybrid,3,1,1,task_20251224_104537_197_701c5774_5c104832,0.333333,0,270584,334.8
tools,react,eog,hybrid,3,1,1,task_20251224_112727_844_701c5774_58c1bbfb,0.0,0,214129,387.0
tools,react,eog,hybrid,3,1,1,task_20251225_130546_796_4d9df647_7e32b59a,0.0,0,82654,83.7
tools,react,eog,hybrid,3,1,1,task_20251225_133905_252_060e2c81_7e4fd228,0.875,0,207347,90.2
tools,react,eog,hybrid,3,1,1,task_20260113_141825_482_911d75d7_ecab6320,0.888889,0,402133,179.9
tools,react,eog,hybrid,3,1,1,task_20260113_152354_165_9a1e131b_fc5e2cac,0.0,0,92764,76.2
tools,react,eog,hybrid,3,1,1,task_20260114_073013_180_911d75d7_cc244085,0.25,0,296287,615.6
tools,react,eog,hybrid,3,1,1,task_20260114_172825_147_1628b966_cc356289,1.0,1,61202,84.7
tools,react,eog,hybrid,3,1,1,task_20260115_111059_508_9a1e131b_a201f065,0.5,0,218796,242.0
tools,react,eog,hybrid,3,1,1,task_20260115_121701_840_1628b966_ff394d2f,1.0,1,157195,154.2
tools,react,eog,hybrid,3,1,1,task_20260115_170553_772_ae7b45e2_daae994c,0.5,0,103220,110.4
tools,react,eog,hybrid,3,1,1,task_20260116_080150_885_1628b966_5a58d8e3,0.0,0,128015,131.2
tools,react,eog,hybrid,3,1,1,task_20260116_125421_530_806f1a83_3e703812,0.8,0,273389,229.4
tools,react,eog,hybrid,3,1,1,task_20260116_131741_243_1628b966_c66e5972,0.5,0,159114,279.4
tools,react,eog,hybrid,3,1,1,task_20260117_084409_361_4d9df647_9892db8c,0.0,0,167168,272.5
tools,react,eog,hybrid,3,1,2,task_20251216_223804_332_df2c536d_a1d9c559,0.333333,0,72915,398.1
tools,react,eog,hybrid,3,1,2,task_20251217_140216_182_701c5774_9fcdf867,1.0,1,109952,250.6
tools,react,eog,hybrid,3,1,2,task_20251217_160053_417_701c5774_db625115,0.333333,0,216058,822.7
tools,react,eog,hybrid,3,1,2,task_20251218_102205_211_1628b966_06687c79,0.5,0,295018,622.5
tools,react,eog,hybrid,3,1,2,task_20251218_103430_472_701c5774_42c99459,0.0,0,178282,554.3
tools,react,eog,hybrid,3,1,2,task_20251218_173030_490_23fcbcdb_0e698d81,1.0,1,194397,723.9
tools,react,eog,hybrid,3,1,2,task_20251219_174221_127_64a4ebb9_3a8bb36b,0.8,0,141344,74.5
tools,react,eog,hybrid,3,1,2,task_20251221_222713_409_64a4ebb9_9915366d,0.8,0,143399,474.8
tools,react,eog,hybrid,3,1,2,task_20251222_113047_572_64a4ebb9_cd2083a8,0.8,0,181063,380.7
tools,react,eog,hybrid,3,1,2,task_20251224_104537_197_701c5774_5c104832,0.333333,0,203393,696.2
tools,react,eog,hybrid,3,1,2,task_20251224_112727_844_701c5774_58c1bbfb,0.0,0,90990,398.0
tools,react,eog,hybrid,3,1,2,task_20251225_130546_796_4d9df647_7e32b59a,0.2,0,84612,253.8
tools,react,eog,hybrid,3,1,2,task_20251225_133905_252_060e2c81_7e4fd228,0.875,0,204893,385.4
tools,react,eog,hybrid,3,1,2,task_20260113_141825_482_911d75d7_ecab6320,1.0,1,455996,632.4
tools,react,eog,hybrid,3,1,2,task_20260113_152354_165_9a1e131b_fc5e2cac,0.0,0,79618,333.0
tools,react,eog,hybrid,3,1,2,task_20260114_073013_180_911d75d7_cc244085,0.25,0,224819,836.3
tools,react,eog,hybrid,3,1,2,task_20260114_172825_147_1628b966_cc356289,1.0,1,82682,327.3
tools,react,eog,hybrid,3,1,2,task_20260115_111059_508_9a1e131b_a201f065,0.5,0,180985,666.8
tools,react,eog,hybrid,3,1,2,task_20260115_121701_840_1628b966_ff394d2f,1.0,1,133633,360.7
tools,react,eog,hybrid,3,1,2,task_20260115_170553_772_ae7b45e2_daae994c,0.5,0,104735,410.3
tools,react,eog,hybrid,3,1,2,task_20260116_080150_885_1628b966_5a58d8e3,0.0,0,89440,268.4
tools,react,eog,hybrid,3,1,2,task_20260116_125421_530_806f1a83_3e703812,0.8,0,261313,557.7
tools,react,eog,hybrid,3,1,2,task_20260116_131741_243_1628b966_c66e5972,0.5,0,140040,929.4
tools,react,eog,hybrid,3,1,2,task_20260117_084409_361_4d9df647_9892db8c,0.0,0,119370,415.6
tools,react,eog,hybrid,3,1,3,task_20251216_223804_332_df2c536d_a1d9c559,0.333333,0,71452,350.1
tools,react,eog,hybrid,3,1,3,task_20251217_140216_182_701c5774_9fcdf867,1.0,1,111356,269.6
tools,react,eog,hybrid,3,1,3,task_20251217_160053_417_701c5774_db625115,0.666667,0,236897,797.5
tools,react,eog,hybrid,3,1,3,task_20251218_102205_211_1628b966_06687c79,0.5,0,245344,625.7
tools,react,eog,hybrid,3,1,3,task_20251218_103430_472_701c5774_42c99459,0.0,0,243737,723.2
tools,react,eog,hybrid,3,1,3,task_20251218_173030_490_23fcbcdb_0e698d81,1.0,1,133623,389.7
tools,react,eog,hybrid,3,1,3,task_20251219_174221_127_64a4ebb9_3a8bb36b,0.8,0,117632,177.2
tools,react,eog,hybrid,3,1,3,task_20251221_222713_409_64a4ebb9_9915366d,0.6,0,101907,467.9
tools,react,eog,hybrid,3,1,3,task_20251222_113047_572_64a4ebb9_cd2083a8,0.8,0,182082,409.8
tools,react,eog,hybrid,3,1,3,task_20251224_104537_197_701c5774_5c104832,0.333333,0,300366,1019.1
tools,react,eog,hybrid,3,1,3,task_20251224_112727_844_701c5774_58c1bbfb,0.0,0,139416,545.5
tools,react,eog,hybrid,3,1,3,task_20251225_130546_796_4d9df647_7e32b59a,0.0,0,56982,82.0
tools,react,eog,hybrid,3,1,3,task_20251225_133905_252_060e2c81_7e4fd228,0.875,0,182470,356.2
tools,react,eog,hybrid,3,1,3,task_20260113_141825_482_911d75d7_ecab6320,0.888889,0,406104,560.8
tools,react,eog,hybrid,3,1,3,task_20260113_152354_165_9a1e131b_fc5e2cac,0.0,0,93654,418.0
tools,react,eog,hybrid,3,1,3,task_20260114_073013_180_911d75d7_cc244085,0.5,0,350713,774.5
tools,react,eog,hybrid,3,1,3,task_20260114_172825_147_1628b966_cc356289,1.0,1,105081,370.7
tools,react,eog,hybrid,3,1,3,task_20260115_111059_508_9a1e131b_a201f065,0.333333,0,174973,523.7
tools,react,eog,hybrid,3,1,3,task_20260115_121701_840_1628b966_ff394d2f,1.0,1,134353,380.7
tools,react,eog,hybrid,3,1,3,task_20260115_170553_772_ae7b45e2_daae994c,0.5,0,80604,280.2
tools,react,eog,hybrid,3,1,3,task_20260116_080150_885_1628b966_5a58d8e3,0.0,0,151194,222.4
tools,react,eog,hybrid,3,1,3,task_20260116_125421_530_806f1a83_3e703812,0.8,0,231644,516.0
tools,react,eog,hybrid,3,1,3,task_20260116_131741_243_1628b966_c66e5972,0.5,0,159747,610.0
tools,react,eog,hybrid,3,1,3,task_20260117_084409_361_4d9df647_9892db8c,0.0,0,255699,545.0
tools,react,eog,hybrid,3,2,1,task_20251222_151946_409_060e2c81_253357ab,1.0,1,207593,322.9
tools,react,eog,hybrid,3,2,1,task_20251225_074839_957_701c5774_eef4d0c4,1.0,1,215490,261.3
tools,react,eog,hybrid,3,2,1,task_20251226_133324_902_e5bf1251_942c943a,0.5,0,113568,125.1
tools,react,eog,hybrid,3,2,1,task_20251226_150609_837_4d9df647_84917c0b,0.428571,0,354114,425.1
tools,react,eog,hybrid,3,2,1,task_20251226_150647_118_13762b97_8da0c6a5,0.875,0,174972,144.0
tools,react,eog,hybrid,3,2,1,task_20251226_225931_685_bca89e7d_597733d7,0.75,0,94873,103.0
tools,react,eog,hybrid,3,2,1,task_20260113_114937_574_4d9df647_a8d4341b,0.6,0,135092,283.7
tools,react,eog,hybrid,3,2,1,task_20260113_120745_735_4d9df647_017a9009,1.0,1,110039,127.7
tools,react,eog,hybrid,3,2,1,task_20260113_141542_776_911d75d7_78be6b0f,0.0,0,86187,143.2
tools,react,eog,hybrid,3,2,1,task_20260115_122753_129_1628b966_0c22c9cc,0.666667,0,188926,154.8
tools,react,eog,hybrid,3,2,1,task_20260119_162417_443_d8f93f2d_2b15bc38,1.0,1,123941,154.7
tools,react,eog,hybrid,3,2,2,task_20251222_151946_409_060e2c81_253357ab,1.0,1,85120,167.8
tools,react,eog,hybrid,3,2,2,task_20251225_074839_957_701c5774_eef4d0c4,0.5,0,216817,272.0
tools,react,eog,hybrid,3,2,2,task_20251226_133324_902_e5bf1251_942c943a,0.5,0,136927,111.8
tools,react,eog,hybrid,3,2,2,task_20251226_150609_837_4d9df647_84917c0b,0.428571,0,432540,380.2
tools,react,eog,hybrid,3,2,2,task_20251226_150647_118_13762b97_8da0c6a5,0.75,0,338981,174.0
tools,react,eog,hybrid,3,2,2,task_20251226_225931_685_bca89e7d_597733d7,0.75,0,117159,107.7
tools,react,eog,hybrid,3,2,2,task_20260113_114937_574_4d9df647_a8d4341b,0.4,0,164065,302.0
tools,react,eog,hybrid,3,2,2,task_20260113_120745_735_4d9df647_017a9009,1.0,1,108484,79.3
tools,react,eog,hybrid,3,2,2,task_20260113_141542_776_911d75d7_78be6b0f,0.666667,0,87788,120.5
tools,react,eog,hybrid,3,2,2,task_20260115_122753_129_1628b966_0c22c9cc,0.666667,0,142593,146.7
tools,react,eog,hybrid,3,2,2,task_20260119_162417_443_d8f93f2d_2b15bc38,1.0,1,104014,99.0
tools,react,eog,hybrid,3,2,3,task_20251222_151946_409_060e2c81_253357ab,0.888889,0,241320,329.3
tools,react,eog,hybrid,3,2,3,task_20251225_074839_957_701c5774_eef4d0c4,0.5,0,194387,228.1
tools,react,eog,hybrid,3,2,3,task_20251226_133324_902_e5bf1251_942c943a,0.5,0,137647,170.9
tools,react,eog,hybrid,3,2,3,task_20251226_150609_837_4d9df647_84917c0b,0.428571,0,357700,337.0
tools,react,eog,hybrid,3,2,3,task_20251226_150647_118_13762b97_8da0c6a5,0.625,0,218540,144.5
tools,react,eog,hybrid,3,2,3,task_20251226_225931_685_bca89e7d_597733d7,0.75,0,93664,79.9
tools,react,eog,hybrid,3,2,3,task_20260113_114937_574_4d9df647_a8d4341b,0.6,0,146477,280.4
tools,react,eog,hybrid,3,2,3,task_20260113_120745_735_4d9df647_017a9009,1.0,1,160824,100.3
tools,react,eog,hybrid,3,2,3,task_20260113_141542_776_911d75d7_78be6b0f,0.0,0,75720,133.7
tools,react,eog,hybrid,3,2,3,task_20260115_122753_129_1628b966_0c22c9cc,0.666667,0,102347,135.0
tools,react,eog,hybrid,3,2,3,task_20260119_162417_443_d8f93f2d_2b15bc38,1.0,1,126657,136.6
tools,react,eog,hybrid,3,3,1,task_20251217_130333_406_df2c536d_96566d89,0.666667,0,134834,227.1
tools,react,eog,hybrid,3,3,1,task_20251225_071630_879_701c5774_99b636e9,0.25,0,249241,395.3
tools,react,eog,hybrid,3,3,1,task_20251225_161315_197_13762b97_44595aaa,0.625,0,162966,138.5
tools,react,eog,hybrid,3,3,1,task_20260112_125407_584_1628b966_f5dd38b6,0.5,0,66008,109.9
tools,react,eog,hybrid,3,3,1,task_20260114_163605_721_1628b966_187c9544,1.0,1,204289,240.6
tools,react,eog,hybrid,3,3,1,task_20260114_174605_380_1628b966_b09f4a35,0.75,0,165808,122.3
tools,react,eog,hybrid,3,3,1,task_20260116_064331_915_d8f93f2d_854d09b8,0.0,0,49696,165.3
tools,react,eog,hybrid,3,3,1,task_20260116_095226_245_4d9df647_08f9f5b1,0.25,0,255987,327.8
tools,react,eog,hybrid,3,3,1,task_20260116_155214_819_baf0b358_0cf4418f,0.25,0,162479,211.8
tools,react,eog,hybrid,3,3,2,task_20251217_130333_406_df2c536d_96566d89,0.333333,0,89646,161.2
tools,react,eog,hybrid,3,3,2,task_20251225_071630_879_701c5774_99b636e9,0.5,0,202598,324.5
tools,react,eog,hybrid,3,3,2,task_20251225_161315_197_13762b97_44595aaa,0.625,0,162536,115.1
tools,react,eog,hybrid,3,3,2,task_20260112_125407_584_1628b966_f5dd38b6,0.5,0,65967,104.6
tools,react,eog,hybrid,3,3,2,task_20260114_163605_721_1628b966_187c9544,0.0,0,91703,212.9
tools,react,eog,hybrid,3,3,2,task_20260114_174605_380_1628b966_b09f4a35,0.75,0,162388,143.2
tools,react,eog,hybrid,3,3,2,task_20260116_064331_915_d8f93f2d_854d09b8,0.0,0,47412,127.6
tools,react,eog,hybrid,3,3,2,task_20260116_095226_245_4d9df647_08f9f5b1,0.25,0,284369,282.9
tools,react,eog,hybrid,3,3,2,task_20260116_155214_819_baf0b358_0cf4418f,0.25,0,159599,183.5
tools,react,eog,hybrid,3,3,3,task_20251217_130333_406_df2c536d_96566d89,0.666667,0,105072,175.8
tools,react,eog,hybrid,3,3,3,task_20251225_071630_879_701c5774_99b636e9,0.25,0,302788,353.4
tools,react,eog,hybrid,3,3,3,task_20251225_161315_197_13762b97_44595aaa,0.75,0,133759,97.4
tools,react,eog,hybrid,3,3,3,task_20260112_125407_584_1628b966_f5dd38b6,0.5,0,51662,83.4
tools,react,eog,hybrid,3,3,3,task_20260114_163605_721_1628b966_187c9544,0.0,0,113346,214.9
tools,react,eog,hybrid,3,3,3,task_20260114_174605_380_1628b966_b09f4a35,0.75,0,161662,136.4
tools,react,eog,hybrid,3,3,3,task_20260116_064331_915_d8f93f2d_854d09b8,0.666667,0,262060,336.3
tools,react,eog,hybrid,3,3,3,task_20260116_095226_245_4d9df647_08f9f5b1,0.25,0,200526,222.3
tools,react,eog,hybrid,3,3,3,task_20260116_155214_819_baf0b358_0cf4418f,0.25,0,160589,176.4
tools,react,eog,hybrid,4,1,1,task_20251216_223804_332_df2c536d_a1d9c559,0.666667,0,86889,136.5
tools,react,eog,hybrid,4,1,1,task_20251217_140216_182_701c5774_9fcdf867,1.0,1,114859,121.4
tools,react,eog,hybrid,4,1,1,task_20251217_160053_417_701c5774_db625115,0.333333,0,247189,412.0
tools,react,eog,hybrid,4,1,1,task_20251218_102205_211_1628b966_06687c79,0.5,0,326757,344.5
tools,react,eog,hybrid,4,1,1,task_20251218_103430_472_701c5774_42c99459,0.0,0,162272,211.4
tools,react,eog,hybrid,4,1,1,task_20251218_173030_490_23fcbcdb_0e698d81,1.0,1,141159,219.3
tools,react,eog,hybrid,4,1,1,task_20251219_174221_127_64a4ebb9_3a8bb36b,0.8,0,112604,63.7
tools,react,eog,hybrid,4,1,1,task_20251221_222713_409_64a4ebb9_9915366d,0.6,0,161249,160.3
tools,react,eog,hybrid,4,1,1,task_20251222_113047_572_64a4ebb9_cd2083a8,0.8,0,211782,152.2
tools,react,eog,hybrid,4,1,1,task_20251224_104537_197_701c5774_5c104832,0.333333,0,221229,309.7
tools,react,eog,hybrid,4,1,1,task_20251224_112727_844_701c5774_58c1bbfb,0.0,0,77577,198.8
tools,react,eog,hybrid,4,1,1,task_20251225_130546_796_4d9df647_7e32b59a,0.0,0,95562,86.0
tools,react,eog,hybrid,4,1,1,task_20251225_133905_252_060e2c81_7e4fd228,0.875,0,295986,192.4
tools,react,eog,hybrid,4,1,1,task_20260113_141825_482_911d75d7_ecab6320,1.0,1,414533,275.9
tools,react,eog,hybrid,4,1,1,task_20260113_152354_165_9a1e131b_fc5e2cac,0.0,0,134459,180.9
tools,react,eog,hybrid,4,1,1,task_20260114_073013_180_911d75d7_cc244085,0.25,0,297224,441.1
tools,react,eog,hybrid,4,1,1,task_20260114_172825_147_1628b966_cc356289,1.0,1,94332,124.4
tools,react,eog,hybrid,4,1,1,task_20260115_111059_508_9a1e131b_a201f065,0.5,0,209067,239.6
tools,react,eog,hybrid,4,1,1,task_20260115_121701_840_1628b966_ff394d2f,1.0,1,141740,163.1
tools,react,eog,hybrid,4,1,1,task_20260115_170553_772_ae7b45e2_daae994c,0.5,0,115321,127.0
tools,react,eog,hybrid,4,1,1,task_20260116_080150_885_1628b966_5a58d8e3,0.0,0,118423,135.9
tools,react,eog,hybrid,4,1,1,task_20260116_125421_530_806f1a83_3e703812,1.0,1,251196,200.9
tools,react,eog,hybrid,4,1,1,task_20260116_131741_243_1628b966_c66e5972,0.5,0,126455,232.0
tools,react,eog,hybrid,4,1,1,task_20260117_084409_361_4d9df647_9892db8c,0.0,0,405603,335.0
tools,react,eog,hybrid,4,1,2,task_20251216_223804_332_df2c536d_a1d9c559,0.666667,0,122927,228.6
tools,react,eog,hybrid,4,1,2,task_20251217_140216_182_701c5774_9fcdf867,1.0,1,117911,198.4
tools,react,eog,hybrid,4,1,2,task_20251217_160053_417_701c5774_db625115,1.0,1,253278,508.0
tools,react,eog,hybrid,4,1,2,task_20251218_102205_211_1628b966_06687c79,0.5,0,325209,373.3
tools,react,eog,hybrid,4,1,2,task_20251218_103430_472_701c5774_42c99459,0.0,0,224704,362.8
tools,react,eog,hybrid,4,1,2,task_20251218_173030_490_23fcbcdb_0e698d81,1.0,1,143119,220.4
tools,react,eog,hybrid,4,1,2,task_20251219_174221_127_64a4ebb9_3a8bb36b,1.0,1,112904,57.3
tools,react,eog,hybrid,4,1,2,task_20251221_222713_409_64a4ebb9_9915366d,1.0,1,184780,182.0
tools,react,eog,hybrid,4,1,2,task_20251222_113047_572_64a4ebb9_cd2083a8,0.8,0,137127,106.4
tools,react,eog,hybrid,4,1,2,task_20251224_104537_197_701c5774_5c104832,0.333333,0,198544,320.3
tools,react,eog,hybrid,4,1,2,task_20251224_112727_844_701c5774_58c1bbfb,0.0,0,190344,207.4
tools,react,eog,hybrid,4,1,2,task_20251225_130546_796_4d9df647_7e32b59a,1.0,1,164147,176.5
tools,react,eog,hybrid,4,1,2,task_20251225_133905_252_060e2c81_7e4fd228,0.875,0,220376,129.7
tools,react,eog,hybrid,4,1,2,task_20260113_141825_482_911d75d7_ecab6320,0.888889,0,366850,220.1
tools,react,eog,hybrid,4,1,2,task_20260113_152354_165_9a1e131b_fc5e2cac,0.0,0,133546,136.8
tools,react,eog,hybrid,4,1,2,task_20260114_073013_180_911d75d7_cc244085,0.5,0,338248,445.2
tools,react,eog,hybrid,4,1,2,task_20260114_172825_147_1628b966_cc356289,1.0,1,70183,101.3
tools,react,eog,hybrid,4,1,2,task_20260115_111059_508_9a1e131b_a201f065,0.166667,0,187602,238.2
tools,react,eog,hybrid,4,1,2,task_20260115_121701_840_1628b966_ff394d2f,1.0,1,121017,158.6
tools,react,eog,hybrid,4,1,2,task_20260115_170553_772_ae7b45e2_daae994c,0.333333,0,115507,112.6
tools,react,eog,hybrid,4,1,2,task_20260116_080150_885_1628b966_5a58d8e3,0.0,0,163133,164.2
tools,react,eog,hybrid,4,1,2,task_20260116_125421_530_806f1a83_3e703812,1.0,1,219533,204.3
tools,react,eog,hybrid,4,1,2,task_20260116_131741_243_1628b966_c66e5972,0.5,0,172004,228.9
tools,react,eog,hybrid,4,1,2,task_20260117_084409_361_4d9df647_9892db8c,0.0,0,387492,318.9
tools,react,eog,hybrid,4,1,3,task_20251216_223804_332_df2c536d_a1d9c559,0.333333,0,105055,167.2
tools,react,eog,hybrid,4,1,3,task_20251217_140216_182_701c5774_9fcdf867,0.666667,0,101294,234.3
tools,react,eog,hybrid,4,1,3,task_20251217_160053_417_701c5774_db625115,0.666667,0,252906,386.3
tools,react,eog,hybrid,4,1,3,task_20251218_102205_211_1628b966_06687c79,0.5,0,268202,299.3
tools,react,eog,hybrid,4,1,3,task_20251218_103430_472_701c5774_42c99459,0.0,0,202481,310.6
tools,react,eog,hybrid,4,1,3,task_20251218_173030_490_23fcbcdb_0e698d81,1.0,1,142346,210.1
tools,react,eog,hybrid,4,1,3,task_20251219_174221_127_64a4ebb9_3a8bb36b,1.0,1,160476,76.8
tools,react,eog,hybrid,4,1,3,task_20251221_222713_409_64a4ebb9_9915366d,0.6,0,181901,245.3
tools,react,eog,hybrid,4,1,3,task_20251222_113047_572_64a4ebb9_cd2083a8,0.8,0,206974,146.5
tools,react,eog,hybrid,4,1,3,task_20251224_104537_197_701c5774_5c104832,0.333333,0,175048,332.6
tools,react,eog,hybrid,4,1,3,task_20251224_112727_844_701c5774_58c1bbfb,0.0,0,103063,239.0
tools,react,eog,hybrid,4,1,3,task_20251225_130546_796_4d9df647_7e32b59a,0.2,0,97633,120.5
tools,react,eog,hybrid,4,1,3,task_20251225_133905_252_060e2c81_7e4fd228,0.875,0,186591,96.1
tools,react,eog,hybrid,4,1,3,task_20260113_141825_482_911d75d7_ecab6320,0.555556,0,255855,242.6
tools,react,eog,hybrid,4,1,3,task_20260113_152354_165_9a1e131b_fc5e2cac,0.0,0,118387,156.9
tools,react,eog,hybrid,4,1,3,task_20260114_073013_180_911d75d7_cc244085,0.25,0,293437,409.9
tools,react,eog,hybrid,4,1,3,task_20260114_172825_147_1628b966_cc356289,1.0,1,120595,151.3
tools,react,eog,hybrid,4,1,3,task_20260115_111059_508_9a1e131b_a201f065,0.5,0,144867,179.4
tools,react,eog,hybrid,4,1,3,task_20260115_121701_840_1628b966_ff394d2f,1.0,1,142233,149.0
tools,react,eog,hybrid,4,1,3,task_20260115_170553_772_ae7b45e2_daae994c,0.5,0,141102,122.8
tools,react,eog,hybrid,4,1,3,task_20260116_080150_885_1628b966_5a58d8e3,0.0,0,169012,214.3
tools,react,eog,hybrid,4,1,3,task_20260116_125421_530_806f1a83_3e703812,1.0,1,248659,182.8
tools,react,eog,hybrid,4,1,3,task_20260116_131741_243_1628b966_c66e5972,0.5,0,150420,286.4
tools,react,eog,hybrid,4,1,3,task_20260117_084409_361_4d9df647_9892db8c,0.0,0,165655,241.0
tools,react,eog,hybrid,4,2,1,task_20251222_151946_409_060e2c81_253357ab,1.0,1,177813,184.1
tools,react,eog,hybrid,4,2,1,task_20251225_074839_957_701c5774_eef4d0c4,0.5,0,236110,247.8
tools,react,eog,hybrid,4,2,1,task_20251226_133324_902_e5bf1251_942c943a,0.5,0,149824,117.0
tools,react,eog,hybrid,4,2,1,task_20251226_150609_837_4d9df647_84917c0b,0.428571,0,499747,383.3
tools,react,eog,hybrid,4,2,1,task_20251226_150647_118_13762b97_8da0c6a5,0.875,0,272083,128.2
tools,react,eog,hybrid,4,2,1,task_20251226_225931_685_bca89e7d_597733d7,1.0,1,138256,108.2
tools,react,eog,hybrid,4,2,1,task_20260113_114937_574_4d9df647_a8d4341b,0.8,0,328379,483.2
tools,react,eog,hybrid,4,2,1,task_20260113_120745_735_4d9df647_017a9009,1.0,1,125162,88.0
tools,react,eog,hybrid,4,2,1,task_20260113_141542_776_911d75d7_78be6b0f,0.0,0,52459,92.0
tools,react,eog,hybrid,4,2,1,task_20260115_122753_129_1628b966_0c22c9cc,0.666667,0,128592,137.9
tools,react,eog,hybrid,4,2,1,task_20260119_162417_443_d8f93f2d_2b15bc38,1.0,1,92038,91.3
tools,react,eog,hybrid,4,2,2,task_20251222_151946_409_060e2c81_253357ab,0.888889,0,226223,347.0
tools,react,eog,hybrid,4,2,2,task_20251225_074839_957_701c5774_eef4d0c4,0.5,0,233504,288.1
tools,react,eog,hybrid,4,2,2,task_20251226_133324_902_e5bf1251_942c943a,0.5,0,122936,100.4
tools,react,eog,hybrid,4,2,2,task_20251226_150609_837_4d9df647_84917c0b,0.428571,0,506623,377.6
tools,react,eog,hybrid,4,2,2,task_20251226_150647_118_13762b97_8da0c6a5,0.75,0,268034,146.2
tools,react,eog,hybrid,4,2,2,task_20251226_225931_685_bca89e7d_597733d7,0.75,0,136569,89.7
tools,react,eog,hybrid,4,2,2,task_20260113_114937_574_4d9df647_a8d4341b,0.6,0,133768,301.1
tools,react,eog,hybrid,4,2,2,task_20260113_120745_735_4d9df647_017a9009,1.0,1,120289,85.5
tools,react,eog,hybrid,4,2,2,task_20260113_141542_776_911d75d7_78be6b0f,0.0,0,104875,146.2
tools,react,eog,hybrid,4,2,2,task_20260115_122753_129_1628b966_0c22c9cc,0.666667,0,150241,141.9
tools,react,eog,hybrid,4,2,2,task_20260119_162417_443_d8f93f2d_2b15bc38,1.0,1,93668,101.4
tools,react,eog,hybrid,4,2,3,task_20251222_151946_409_060e2c81_253357ab,1.0,1,165994,251.9
tools,react,eog,hybrid,4,2,3,task_20251225_074839_957_701c5774_eef4d0c4,0.5,0,181759,218.2
tools,react,eog,hybrid,4,2,3,task_20251226_133324_902_e5bf1251_942c943a,0.5,0,124637,133.1
tools,react,eog,hybrid,4,2,3,task_20251226_150609_837_4d9df647_84917c0b,0.428571,0,479545,539.3
tools,react,eog,hybrid,4,2,3,task_20251226_150647_118_13762b97_8da0c6a5,0.75,0,268482,166.3
tools,react,eog,hybrid,4,2,3,task_20251226_225931_685_bca89e7d_597733d7,0.75,0,157568,107.2
tools,react,eog,hybrid,4,2,3,task_20260113_114937_574_4d9df647_a8d4341b,0.6,0,118353,295.3
tools,react,eog,hybrid,4,2,3,task_20260113_120745_735_4d9df647_017a9009,1.0,1,62577,88.7
tools,react,eog,hybrid,4,2,3,task_20260113_141542_776_911d75d7_78be6b0f,0.0,0,87004,121.1
tools,react,eog,hybrid,4,2,3,task_20260115_122753_129_1628b966_0c22c9cc,0.666667,0,152067,195.8
tools,react,eog,hybrid,4,2,3,task_20260119_162417_443_d8f93f2d_2b15bc38,1.0,1,138179,133.5
tools,react,eog,hybrid,4,3,1,task_20251217_130333_406_df2c536d_96566d89,0.333333,0,161755,172.5
tools,react,eog,hybrid,4,3,1,task_20251225_071630_879_701c5774_99b636e9,0.25,0,171643,267.9
tools,react,eog,hybrid,4,3,1,task_20251225_161315_197_13762b97_44595aaa,0.625,0,176076,116.6
tools,react,eog,hybrid,4,3,1,task_20260112_125407_584_1628b966_f5dd38b6,0.5,0,66216,117.8
tools,react,eog,hybrid,4,3,1,task_20260114_163605_721_1628b966_187c9544,0.0,0,148761,143.3
tools,react,eog,hybrid,4,3,1,task_20260114_174605_380_1628b966_b09f4a35,0.75,0,184628,131.8
tools,react,eog,hybrid,4,3,1,task_20260116_064331_915_d8f93f2d_854d09b8,0.0,0,50815,85.6
tools,react,eog,hybrid,4,3,1,task_20260116_095226_245_4d9df647_08f9f5b1,0.25,0,260513,259.7
tools,react,eog,hybrid,4,3,1,task_20260116_155214_819_baf0b358_0cf4418f,0.25,0,188846,198.3
tools,react,eog,hybrid,4,3,2,task_20251217_130333_406_df2c536d_96566d89,0.333333,0,126805,166.5
tools,react,eog,hybrid,4,3,2,task_20251225_071630_879_701c5774_99b636e9,0.25,0,52360,132.7
tools,react,eog,hybrid,4,3,2,task_20251225_161315_197_13762b97_44595aaa,0.625,0,148196,102.4
tools,react,eog,hybrid,4,3,2,task_20260112_125407_584_1628b966_f5dd38b6,0.5,0,49469,78.9
tools,react,eog,hybrid,4,3,2,task_20260114_163605_721_1628b966_187c9544,0.0,0,101348,118.2
tools,react,eog,hybrid,4,3,2,task_20260114_174605_380_1628b966_b09f4a35,0.875,0,157114,112.6
tools,react,eog,hybrid,4,3,2,task_20260116_064331_915_d8f93f2d_854d09b8,0.666667,0,352456,311.4
tools,react,eog,hybrid,4,3,2,task_20260116_095226_245_4d9df647_08f9f5b1,0.25,0,324576,255.7
tools,react,eog,hybrid,4,3,2,task_20260116_155214_819_baf0b358_0cf4418f,0.25,0,246921,148.0
tools,react,eog,hybrid,4,3,3,task_20251217_130333_406_df2c536d_96566d89,0.666667,0,159909,218.8
tools,react,eog,hybrid,4,3,3,task_20251225_071630_879_701c5774_99b636e9,0.5,0,250450,307.6
tools,react,eog,hybrid,4,3,3,task_20251225_161315_197_13762b97_44595aaa,0.625,0,208850,108.8
tools,react,eog,hybrid,4,3,3,task_20260112_125407_584_1628b966_f5dd38b6,0.5,0,65191,89.6
tools,react,eog,hybrid,4,3,3,task_20260114_163605_721_1628b966_187c9544,0.0,0,102336,131.9
tools,react,eog,hybrid,4,3,3,task_20260114_174605_380_1628b966_b09f4a35,0.875,0,159329,131.9
tools,react,eog,hybrid,4,3,3,task_20260116_064331_915_d8f93f2d_854d09b8,0.666667,0,289939,250.3
tools,react,eog,hybrid,4,3,3,task_20260116_095226_245_4d9df647_08f9f5b1,0.25,0,291717,241.9
tools,react,eog,hybrid,4,3,3,task_20260116_155214_819_baf0b358_0cf4418f,0.25,0,248094,212.4
tools,react,eog,hybrid,4,4,1,task_20251217_125948_467_6f5b66fc_10d57868,0.666667,0,69066,119.4
tools,react,eog,hybrid,4,4,1,task_20251218_115158_065_1628b966_72217cb4,0.0,0,81555,126.8
tools,react,eog,hybrid,4,4,1,task_20251219_115208_288_701c5774_66a236f8,0.5,0,228274,476.4
tools,react,eog,hybrid,4,4,1,task_20251220_151043_591_0a0bf089_22634f28,0.8,0,194232,86.9
tools,react,eog,hybrid,4,4,1,task_20251222_124541_619_64a4ebb9_abb23ceb,1.0,1,180577,82.4
tools,react,eog,hybrid,4,4,1,task_20251223_005949_519_13762b97_e08c84a3,0.25,0,206366,251.6
tools,react,eog,hybrid,4,4,1,task_20251224_153415_365_0a0bf089_01602883,0.666667,0,68816,101.2
tools,react,eog,hybrid,4,4,1,task_20251224_215807_175_8ce75c22_1c31b786,0.0,0,234848,272.1
tools,react,eog,hybrid,4,4,1,task_20251225_140851_135_64a4ebb9_c37d6b1b,1.0,1,153895,97.0
tools,react,eog,hybrid,4,4,1,task_20251225_152926_506_4d9df647_e4e518ca,0.4,0,454702,562.4
tools,react,eog,hybrid,4,4,1,task_20260114_133032_536_4d9df647_0635001b,1.0,1,336409,490.7
tools,react,eog,hybrid,4,4,1,task_20260114_164939_471_4d9df647_2aaff95f,0.8,0,255937,217.6
tools,react,eog,hybrid,4,4,1,task_20260115_145329_475_23fcbcdb_3a970315,0.75,0,439879,472.0
tools,react,eog,hybrid,4,4,1,task_20260116_054437_417_59bb807c_d73ca3e4,0.6,0,178361,195.0
tools,react,eog,hybrid,4,4,1,task_20260116_125857_450_1628b966_25b7eec5,0.0,0,127076,131.1
tools,react,eog,hybrid,4,4,1,task_20260116_133210_131_806f1a83_4c204063,0.666667,0,158729,190.0
tools,react,eog,hybrid,4,4,1,task_20260116_174925_124_d8f93f2d_9e20df73,1.0,1,157090,247.0
tools,react,eog,hybrid,4,4,2,task_20251217_125948_467_6f5b66fc_10d57868,0.666667,0,101598,76.2
tools,react,eog,hybrid,4,4,2,task_20251218_115158_065_1628b966_72217cb4,0.0,0,109320,156.0
tools,react,eog,hybrid,4,4,2,task_20251219_115208_288_701c5774_66a236f8,0.25,0,181812,442.3
tools,react,eog,hybrid,4,4,2,task_20251220_151043_591_0a0bf089_22634f28,0.8,0,194297,113.2
tools,react,eog,hybrid,4,4,2,task_20251222_124541_619_64a4ebb9_abb23ceb,1.0,1,111634,70.8
tools,react,eog,hybrid,4,4,2,task_20251223_005949_519_13762b97_e08c84a3,0.375,0,262317,374.9
tools,react,eog,hybrid,4,4,2,task_20251224_153415_365_0a0bf089_01602883,0.666667,0,106181,152.7
tools,react,eog,hybrid,4,4,2,task_20251224_215807_175_8ce75c22_1c31b786,0.25,0,221575,166.7
tools,react,eog,hybrid,4,4,2,task_20251225_140851_135_64a4ebb9_c37d6b1b,1.0,1,154150,100.3
tools,react,eog,hybrid,4,4,2,task_20251225_152926_506_4d9df647_e4e518ca,0.4,0,377723,458.2
tools,react,eog,hybrid,4,4,2,task_20260114_133032_536_4d9df647_0635001b,1.0,1,258056,398.9
tools,react,eog,hybrid,4,4,2,task_20260114_164939_471_4d9df647_2aaff95f,0.8,0,192503,179.5
tools,react,eog,hybrid,4,4,2,task_20260115_145329_475_23fcbcdb_3a970315,0.75,0,397890,429.7
tools,react,eog,hybrid,4,4,2,task_20260116_054437_417_59bb807c_d73ca3e4,0.6,0,212105,290.0
tools,react,eog,hybrid,4,4,2,task_20260116_125857_450_1628b966_25b7eec5,0.0,0,148456,119.2
tools,react,eog,hybrid,4,4,2,task_20260116_133210_131_806f1a83_4c204063,0.333333,0,128735,293.5
tools,react,eog,hybrid,4,4,2,task_20260116_174925_124_d8f93f2d_9e20df73,1.0,1,102301,159.4
tools,react,eog,hybrid,4,4,3,task_20251217_125948_467_6f5b66fc_10d57868,0.666667,0,51318,92.9
tools,react,eog,hybrid,4,4,3,task_20251218_115158_065_1628b966_72217cb4,0.0,0,137865,202.9
tools,react,eog,hybrid,4,4,3,task_20251219_115208_288_701c5774_66a236f8,0.25,0,208534,721.9
tools,react,eog,hybrid,4,4,3,task_20251220_151043_591_0a0bf089_22634f28,0.8,0,171155,91.0
tools,react,eog,hybrid,4,4,3,task_20251222_124541_619_64a4ebb9_abb23ceb,1.0,1,154179,82.1
tools,react,eog,hybrid,4,4,3,task_20251223_005949_519_13762b97_e08c84a3,0.375,0,185766,254.0
tools,react,eog,hybrid,4,4,3,task_20251224_153415_365_0a0bf089_01602883,0.666667,0,85359,102.2
tools,react,eog,hybrid,4,4,3,task_20251224_215807_175_8ce75c22_1c31b786,0.25,0,463394,338.7
tools,react,eog,hybrid,4,4,3,task_20251225_140851_135_64a4ebb9_c37d6b1b,1.0,1,154684,111.6
tools,react,eog,hybrid,4,4,3,task_20251225_152926_506_4d9df647_e4e518ca,0.4,0,378667,765.3
tools,react,eog,hybrid,4,4,3,task_20260114_133032_536_4d9df647_0635001b,1.0,1,261393,463.9
tools,react,eog,hybrid,4,4,3,task_20260114_164939_471_4d9df647_2aaff95f,0.8,0,191158,189.6
tools,react,eog,hybrid,4,4,3,task_20260115_145329_475_23fcbcdb_3a970315,0.5,0,430816,410.2
tools,react,eog,hybrid,4,4,3,task_20260116_054437_417_59bb807c_d73ca3e4,0.6,0,175735,152.0
tools,react,eog,hybrid,4,4,3,task_20260116_125857_450_1628b966_25b7eec5,0.0,0,147175,136.1
tools,react,eog,hybrid,4,4,3,task_20260116_133210_131_806f1a83_4c204063,0.333333,0,181103,265.0
tools,react,eog,hybrid,4,4,3,task_20260116_174925_124_d8f93f2d_9e20df73,1.0,1,304915,323.0
tools,react,eog,itsm,1,1,1,task_20251210_205620_593_391f1eff_ad65c160,0.5,0,122658,224.0
tools,react,eog,itsm,1,1,1,task_20251212_172511_458_e6427839_47076c15,0.5,0,63562,97.0
tools,react,eog,itsm,1,1,1,task_20251212_184405_886_e6427839_6413728a,0.333333,0,113064,138.4
tools,react,eog,itsm,1,1,1,task_20251212_191411_655_391f1eff_2fef896f,1.0,1,184516,258.6
tools,react,eog,itsm,1,1,1,task_20251216_131651_690_764e5ead_f8619b02,1.0,1,136967,204.2
tools,react,eog,itsm,1,1,1,task_20251217_153037_688_97d7df7d_be0bd794,1.0,1,99051,110.3
tools,react,eog,itsm,1,1,1,task_20251217_205244_161_764e5ead_20429ef8,0.75,0,138552,134.8
tools,react,eog,itsm,1,1,1,task_20251218_061956_641_109c89c0_423ed8ee,0.142857,0,269453,438.6
tools,react,eog,itsm,1,1,1,task_20251218_082708_201_99ba2325_51726f9c,1.0,1,117379,181.3
tools,react,eog,itsm,1,1,1,task_20251218_093719_611_764e5ead_5817d09a,1.0,1,231047,287.6
tools,react,eog,itsm,1,1,1,task_20251218_104259_233_66392a82_74b17170,0.0,0,32157,56.9
tools,react,eog,itsm,1,1,1,task_20251218_121722_423_1d219d93_8218da6c,0.833333,0,122245,212.6
tools,react,eog,itsm,1,1,1,task_20251218_124419_383_66392a82_52c8290e,0.5,0,100866,170.9
tools,react,eog,itsm,1,1,1,task_20251218_155314_617_c5ca08eb_3ce3c52f,1.0,1,104390,179.1
tools,react,eog,itsm,1,1,1,task_20251218_183102_136_391f1eff_ac9a6986,1.0,1,118783,204.2
tools,react,eog,itsm,1,1,1,task_20251218_220134_063_391f1eff_30369342,1.0,1,82984,134.6
tools,react,eog,itsm,1,1,1,task_20251218_234602_633_391f1eff_09a746e7,0.5,0,115068,119.6
tools,react,eog,itsm,1,1,1,task_20251219_091707_306_ad5a67e3_a76dbe57,0.0,0,49288,79.1
tools,react,eog,itsm,1,1,1,task_20251219_111447_756_66392a82_1c69521d,1.0,1,81720,88.8
tools,react,eog,itsm,1,1,1,task_20251219_115925_475_1d219d93_53d34d23,0.6,0,238211,299.1
tools,react,eog,itsm,1,1,1,task_20251219_144431_663_97d7df7d_a52988e5,0.0,0,82972,130.5
tools,react,eog,itsm,1,1,1,task_20251221_233237_652_66392a82_c1a599bb,1.0,1,109154,130.8
tools,react,eog,itsm,1,1,1,task_20251222_072805_599_99ba2325_ae6b0778,0.666667,0,148306,230.7
tools,react,eog,itsm,1,1,1,task_20251222_105710_498_391f1eff_8b25dbef,1.0,1,122707,250.7
tools,react,eog,itsm,1,1,1,task_20251222_133355_087_30600918_e9215c57,0.75,0,385558,477.8
tools,react,eog,itsm,1,1,1,task_20251222_140957_029_c5ca08eb_3c4271f0,0.0,0,16135,38.7
tools,react,eog,itsm,1,1,1,task_20251222_190928_391_391f1eff_8cb006f5,0.0,0,164457,351.2
tools,react,eog,itsm,1,1,1,task_20251222_195853_743_0be70e35_0916fba8,0.25,0,15704,26.9
tools,react,eog,itsm,1,1,1,task_20251223_064316_340_01395ded_9c6f3e01,0.0,0,132012,398.2
tools,react,eog,itsm,1,1,1,task_20251223_101136_983_1d219d93_d1ba6c2d,0.833333,0,136093,244.6
tools,react,eog,itsm,1,1,1,task_20251223_132605_091_764e5ead_dd00cc8f,0.0,0,17239,50.3
tools,react,eog,itsm,1,1,1,task_20251223_151555_341_764e5ead_9648644d,0.571429,0,252787,245.9
tools,react,eog,itsm,1,1,1,task_20260112_183416_157_a8eea1c0_0d6acfd0,0.6,0,87180,136.8
tools,react,eog,itsm,1,1,1,task_20260113_031046_703_99ba2325_54f35603,0.0,0,67652,124.1
tools,react,eog,itsm,1,1,1,task_20260113_182216_716_a8eea1c0_7a0619e9,0.333333,0,116428,171.8
tools,react,eog,itsm,1,1,1,task_20260113_182602_664_46ca2862_b6ef60ca,0.0,0,115068,181.5
tools,react,eog,itsm,1,1,1,task_20260113_212050_548_a8eea1c0_73a73ce7,0.0,0,15492,24.2
tools,react,eog,itsm,1,1,1,task_20260114_094327_107_46ca2862_796e7685,1.0,1,132276,194.9
tools,react,eog,itsm,1,1,1,task_20260114_174427_042_99ba2325_7915481a,0.333333,0,70737,124.3
tools,react,eog,itsm,1,1,1,task_20260114_180601_485_99ba2325_2dc8b3ce,0.666667,0,153828,125.5
tools,react,eog,itsm,1,1,1,task_20260114_181932_082_99ba2325_92ddef90,0.0,0,34000,85.1
tools,react,eog,itsm,1,1,1,task_20260115_143541_964_fa1836dc_dc6652fd,0.0,0,16635,41.6
tools,react,eog,itsm,1,1,1,task_20260115_152733_296_46ca2862_55f848d3,0.0,0,16935,48.7
tools,react,eog,itsm,1,1,1,task_20260115_172636_260_fa1836dc_7a703e50,0.0,0,15972,35.9
tools,react,eog,itsm,1,1,1,task_20260116_081645_096_66392a82_fd509f97,0.0,0,17469,58.1
tools,react,eog,itsm,1,1,1,task_20260116_101840_488_e6427839_81df8ba3,0.75,0,95491,120.2
tools,react,eog,itsm,1,1,1,task_20260116_124300_245_1d219d93_76cd5b4d,1.0,1,136906,234.4
tools,react,eog,itsm,1,1,1,task_20260116_224538_330_66392a82_10d0806e,0.6,0,203289,222.5
tools,react,eog,itsm,1,1,2,task_20251210_205620_593_391f1eff_ad65c160,0.0,0,141442,235.8
tools,react,eog,itsm,1,1,2,task_20251212_172511_458_e6427839_47076c15,0.5,0,65055,105.5
tools,react,eog,itsm,1,1,2,task_20251212_184405_886_e6427839_6413728a,0.666667,0,130160,143.2
tools,react,eog,itsm,1,1,2,task_20251212_191411_655_391f1eff_2fef896f,1.0,1,152234,198.8
tools,react,eog,itsm,1,1,2,task_20251216_131651_690_764e5ead_f8619b02,0.0,0,15807,45.3
tools,react,eog,itsm,1,1,2,task_20251217_153037_688_97d7df7d_be0bd794,1.0,1,98700,90.5
tools,react,eog,itsm,1,1,2,task_20251217_205244_161_764e5ead_20429ef8,0.875,0,118044,101.6
tools,react,eog,itsm,1,1,2,task_20251218_061956_641_109c89c0_423ed8ee,0.0,0,17087,42.8
tools,react,eog,itsm,1,1,2,task_20251218_082708_201_99ba2325_51726f9c,1.0,1,101745,184.3
tools,react,eog,itsm,1,1,2,task_20251218_093719_611_764e5ead_5817d09a,1.0,1,153579,241.9
tools,react,eog,itsm,1,1,2,task_20251218_104259_233_66392a82_74b17170,1.0,1,114168,193.2
tools,react,eog,itsm,1,1,2,task_20251218_121722_423_1d219d93_8218da6c,0.833333,0,158489,282.1
tools,react,eog,itsm,1,1,2,task_20251218_124419_383_66392a82_52c8290e,1.0,1,100104,164.8
tools,react,eog,itsm,1,1,2,task_20251218_155314_617_c5ca08eb_3ce3c52f,1.0,1,98457,171.6
tools,react,eog,itsm,1,1,2,task_20251218_183102_136_391f1eff_ac9a6986,0.0,0,16335,33.7
tools,react,eog,itsm,1,1,2,task_20251218_220134_063_391f1eff_30369342,1.0,1,97988,129.4
tools,react,eog,itsm,1,1,2,task_20251218_234602_633_391f1eff_09a746e7,0.5,0,79457,96.0
tools,react,eog,itsm,1,1,2,task_20251219_091707_306_ad5a67e3_a76dbe57,0.0,0,77795,118.5
tools,react,eog,itsm,1,1,2,task_20251219_111447_756_66392a82_1c69521d,1.0,1,97053,143.6
tools,react,eog,itsm,1,1,2,task_20251219_115925_475_1d219d93_53d34d23,0.0,0,18184,80.1
tools,react,eog,itsm,1,1,2,task_20251219_144431_663_97d7df7d_a52988e5,0.0,0,117815,183.6
tools,react,eog,itsm,1,1,2,task_20251221_233237_652_66392a82_c1a599bb,1.0,1,109760,129.6
tools,react,eog,itsm,1,1,2,task_20251222_072805_599_99ba2325_ae6b0778,0.666667,0,169176,240.7
tools,react,eog,itsm,1,1,2,task_20251222_105710_498_391f1eff_8b25dbef,1.0,1,156908,217.7
tools,react,eog,itsm,1,1,2,task_20251222_133355_087_30600918_e9215c57,1.0,1,138709,166.3
tools,react,eog,itsm,1,1,2,task_20251222_140957_029_c5ca08eb_3c4271f0,0.0,0,16621,54.7
tools,react,eog,itsm,1,1,2,task_20251222_190928_391_391f1eff_8cb006f5,0.0,0,165686,353.4
tools,react,eog,itsm,1,1,2,task_20251222_195853_743_0be70e35_0916fba8,0.25,0,52124,109.2
tools,react,eog,itsm,1,1,2,task_20251223_064316_340_01395ded_9c6f3e01,0.5,0,131088,351.7
tools,react,eog,itsm,1,1,2,task_20251223_101136_983_1d219d93_d1ba6c2d,0.0,0,16991,53.3
tools,react,eog,itsm,1,1,2,task_20251223_132605_091_764e5ead_dd00cc8f,0.6,0,197262,420.6
tools,react,eog,itsm,1,1,2,task_20251223_151555_341_764e5ead_9648644d,0.571429,0,231500,248.0
tools,react,eog,itsm,1,1,2,task_20260112_183416_157_a8eea1c0_0d6acfd0,0.2,0,86376,158.4
tools,react,eog,itsm,1,1,2,task_20260113_031046_703_99ba2325_54f35603,0.0,0,16299,37.8
tools,react,eog,itsm,1,1,2,task_20260113_182216_716_a8eea1c0_7a0619e9,0.333333,0,100406,254.7
tools,react,eog,itsm,1,1,2,task_20260113_182602_664_46ca2862_b6ef60ca,1.0,1,100260,161.9
tools,react,eog,itsm,1,1,2,task_20260113_212050_548_a8eea1c0_73a73ce7,0.0,0,15083,24.8
tools,react,eog,itsm,1,1,2,task_20260114_094327_107_46ca2862_796e7685,1.0,1,151974,388.6
tools,react,eog,itsm,1,1,2,task_20260114_174427_042_99ba2325_7915481a,0.0,0,54246,155.8
tools,react,eog,itsm,1,1,2,task_20260114_180601_485_99ba2325_2dc8b3ce,0.666667,0,136075,108.6
tools,react,eog,itsm,1,1,2,task_20260114_181932_082_99ba2325_92ddef90,0.0,0,15688,24.8
tools,react,eog,itsm,1,1,2,task_20260115_143541_964_fa1836dc_dc6652fd,0.0,0,17106,71.1
tools,react,eog,itsm,1,1,2,task_20260115_152733_296_46ca2862_55f848d3,0.0,0,17236,61.6
tools,react,eog,itsm,1,1,2,task_20260115_172636_260_fa1836dc_7a703e50,0.5,0,112371,146.9
tools,react,eog,itsm,1,1,2,task_20260116_081645_096_66392a82_fd509f97,0.6,0,210682,617.1
tools,react,eog,itsm,1,1,2,task_20260116_101840_488_e6427839_81df8ba3,0.75,0,115521,164.3
tools,react,eog,itsm,1,1,2,task_20260116_124300_245_1d219d93_76cd5b4d,1.0,1,140160,219.3
tools,react,eog,itsm,1,1,2,task_20260116_224538_330_66392a82_10d0806e,0.0,0,17300,53.5
tools,react,eog,itsm,1,1,3,task_20251210_205620_593_391f1eff_ad65c160,0.0,0,247177,333.9
tools,react,eog,itsm,1,1,3,task_20251212_172511_458_e6427839_47076c15,0.5,0,64721,78.8
tools,react,eog,itsm,1,1,3,task_20251212_184405_886_e6427839_6413728a,0.333333,0,133584,153.9
tools,react,eog,itsm,1,1,3,task_20251212_191411_655_391f1eff_2fef896f,1.0,1,152953,160.4
tools,react,eog,itsm,1,1,3,task_20251216_131651_690_764e5ead_f8619b02,1.0,1,118321,209.0
tools,react,eog,itsm,1,1,3,task_20251217_153037_688_97d7df7d_be0bd794,1.0,1,113361,82.8
tools,react,eog,itsm,1,1,3,task_20251217_205244_161_764e5ead_20429ef8,0.875,0,154722,112.6
tools,react,eog,itsm,1,1,3,task_20251218_061956_641_109c89c0_423ed8ee,0.0,0,15300,19.9
tools,react,eog,itsm,1,1,3,task_20251218_082708_201_99ba2325_51726f9c,0.5,0,66540,136.3
tools,react,eog,itsm,1,1,3,task_20251218_093719_611_764e5ead_5817d09a,0.714286,0,156371,229.8
tools,react,eog,itsm,1,1,3,task_20251218_104259_233_66392a82_74b17170,1.0,1,95929,69.2
tools,react,eog,itsm,1,1,3,task_20251218_121722_423_1d219d93_8218da6c,1.0,1,237463,234.0
tools,react,eog,itsm,1,1,3,task_20251218_124419_383_66392a82_52c8290e,0.5,0,105487,179.4
tools,react,eog,itsm,1,1,3,task_20251218_155314_617_c5ca08eb_3ce3c52f,1.0,1,83059,167.3
tools,react,eog,itsm,1,1,3,task_20251218_183102_136_391f1eff_ac9a6986,0.0,0,15434,90.1
tools,react,eog,itsm,1,1,3,task_20251218_220134_063_391f1eff_30369342,1.0,1,116091,158.2
tools,react,eog,itsm,1,1,3,task_20251218_234602_633_391f1eff_09a746e7,0.5,0,98218,205.5
tools,react,eog,itsm,1,1,3,task_20251219_091707_306_ad5a67e3_a76dbe57,0.0,0,15735,35.2
tools,react,eog,itsm,1,1,3,task_20251219_111447_756_66392a82_1c69521d,0.0,0,16561,43.8
tools,react,eog,itsm,1,1,3,task_20251219_115925_475_1d219d93_53d34d23,0.6,0,137782,127.9
tools,react,eog,itsm,1,1,3,task_20251219_144431_663_97d7df7d_a52988e5,0.0,0,82432,97.0
tools,react,eog,itsm,1,1,3,task_20251221_233237_652_66392a82_c1a599bb,1.0,1,164471,219.6
tools,react,eog,itsm,1,1,3,task_20251222_072805_599_99ba2325_ae6b0778,1.0,1,172733,199.5
tools,react,eog,itsm,1,1,3,task_20251222_105710_498_391f1eff_8b25dbef,1.0,1,140278,218.4
tools,react,eog,itsm,1,1,3,task_20251222_133355_087_30600918_e9215c57,0.5,0,300782,293.4
tools,react,eog,itsm,1,1,3,task_20251222_140957_029_c5ca08eb_3c4271f0,0.0,0,15986,32.8
tools,react,eog,itsm,1,1,3,task_20251222_190928_391_391f1eff_8cb006f5,0.0,0,171233,266.5
tools,react,eog,itsm,1,1,3,task_20251222_195853_743_0be70e35_0916fba8,0.25,0,16418,39.9
tools,react,eog,itsm,1,1,3,task_20251223_064316_340_01395ded_9c6f3e01,0.25,0,141140,372.0
tools,react,eog,itsm,1,1,3,task_20251223_101136_983_1d219d93_d1ba6c2d,0.833333,0,218572,236.2
tools,react,eog,itsm,1,1,3,task_20251223_132605_091_764e5ead_dd00cc8f,0.6,0,224401,287.1
tools,react,eog,itsm,1,1,3,task_20251223_151555_341_764e5ead_9648644d,0.571429,0,248563,228.7
tools,react,eog,itsm,1,1,3,task_20260112_183416_157_a8eea1c0_0d6acfd0,0.4,0,157111,189.9
tools,react,eog,itsm,1,1,3,task_20260113_031046_703_99ba2325_54f35603,0.0,0,16645,35.7
tools,react,eog,itsm,1,1,3,task_20260113_182216_716_a8eea1c0_7a0619e9,1.0,1,99396,125.7
tools,react,eog,itsm,1,1,3,task_20260113_182602_664_46ca2862_b6ef60ca,0.5,0,113486,174.2
tools,react,eog,itsm,1,1,3,task_20260113_212050_548_a8eea1c0_73a73ce7,0.0,0,31445,107.3
tools,react,eog,itsm,1,1,3,task_20260114_094327_107_46ca2862_796e7685,1.0,1,115853,202.6
tools,react,eog,itsm,1,1,3,task_20260114_174427_042_99ba2325_7915481a,0.0,0,54895,97.5
tools,react,eog,itsm,1,1,3,task_20260114_180601_485_99ba2325_2dc8b3ce,1.0,1,107652,95.2
tools,react,eog,itsm,1,1,3,task_20260114_181932_082_99ba2325_92ddef90,0.6,0,156797,230.6
tools,react,eog,itsm,1,1,3,task_20260115_143541_964_fa1836dc_dc6652fd,0.0,0,17810,47.5
tools,react,eog,itsm,1,1,3,task_20260115_152733_296_46ca2862_55f848d3,0.0,0,17880,108.2
tools,react,eog,itsm,1,1,3,task_20260115_172636_260_fa1836dc_7a703e50,0.5,0,128079,98.4
tools,react,eog,itsm,1,1,3,task_20260116_081645_096_66392a82_fd509f97,0.4,0,247685,443.5
tools,react,eog,itsm,1,1,3,task_20260116_101840_488_e6427839_81df8ba3,0.75,0,115910,127.3
tools,react,eog,itsm,1,1,3,task_20260116_124300_245_1d219d93_76cd5b4d,0.5,0,135722,212.6
tools,react,eog,itsm,1,1,3,task_20260116_224538_330_66392a82_10d0806e,0.0,0,16881,37.2
tools,react,eog,itsm,2,1,1,task_20251210_205620_593_391f1eff_ad65c160,0.0,0,115700,165.0
tools,react,eog,itsm,2,1,1,task_20251212_172511_458_e6427839_47076c15,0.5,0,73434,62.7
tools,react,eog,itsm,2,1,1,task_20251212_184405_886_e6427839_6413728a,0.333333,0,192008,178.4
tools,react,eog,itsm,2,1,1,task_20251212_191411_655_391f1eff_2fef896f,1.0,1,215068,216.6
tools,react,eog,itsm,2,1,1,task_20251216_131651_690_764e5ead_f8619b02,1.0,1,136522,132.8
tools,react,eog,itsm,2,1,1,task_20251217_153037_688_97d7df7d_be0bd794,1.0,1,111684,85.2
tools,react,eog,itsm,2,1,1,task_20251217_205244_161_764e5ead_20429ef8,0.75,0,119743,148.6
tools,react,eog,itsm,2,1,1,task_20251218_061956_641_109c89c0_423ed8ee,0.0,0,19069,43.1
tools,react,eog,itsm,2,1,1,task_20251218_082708_201_99ba2325_51726f9c,1.0,1,172143,254.1
tools,react,eog,itsm,2,1,1,task_20251218_093719_611_764e5ead_5817d09a,1.0,1,194822,243.0
tools,react,eog,itsm,2,1,1,task_20251218_104259_233_66392a82_74b17170,1.0,1,162805,141.1
tools,react,eog,itsm,2,1,1,task_20251218_121722_423_1d219d93_8218da6c,0.833333,0,207446,171.2
tools,react,eog,itsm,2,1,1,task_20251218_124419_383_66392a82_52c8290e,1.0,1,94224,134.7
tools,react,eog,itsm,2,1,1,task_20251218_155314_617_c5ca08eb_3ce3c52f,1.0,1,98009,182.3
tools,react,eog,itsm,2,1,1,task_20251218_183102_136_391f1eff_ac9a6986,1.0,1,112854,158.9
tools,react,eog,itsm,2,1,1,task_20251218_220134_063_391f1eff_30369342,1.0,1,132804,150.8
tools,react,eog,itsm,2,1,1,task_20251218_234602_633_391f1eff_09a746e7,0.5,0,130095,111.9
tools,react,eog,itsm,2,1,1,task_20251219_091707_306_ad5a67e3_a76dbe57,0.0,0,53779,70.1
tools,react,eog,itsm,2,1,1,task_20251219_111447_756_66392a82_1c69521d,1.0,1,75530,117.3
tools,react,eog,itsm,2,1,1,task_20251219_115925_475_1d219d93_53d34d23,0.6,0,201567,195.7
tools,react,eog,itsm,2,1,1,task_20251219_144431_663_97d7df7d_a52988e5,0.0,0,134133,186.5
tools,react,eog,itsm,2,1,1,task_20251221_233237_652_66392a82_c1a599bb,0.0,0,37298,60.4
tools,react,eog,itsm,2,1,1,task_20251222_072805_599_99ba2325_ae6b0778,0.0,0,18209,28.2
tools,react,eog,itsm,2,1,1,task_20251222_105710_498_391f1eff_8b25dbef,0.0,0,19635,50.5
tools,react,eog,itsm,2,1,1,task_20251222_133355_087_30600918_e9215c57,0.75,0,190282,125.5
tools,react,eog,itsm,2,1,1,task_20251222_140957_029_c5ca08eb_3c4271f0,0.0,0,18446,42.0
tools,react,eog,itsm,2,1,1,task_20251222_190928_391_391f1eff_8cb006f5,0.0,0,185767,286.5
tools,react,eog,itsm,2,1,1,task_20251222_195853_743_0be70e35_0916fba8,0.25,0,37727,65.2
tools,react,eog,itsm,2,1,1,task_20251223_064316_340_01395ded_9c6f3e01,0.0,0,166587,362.7
tools,react,eog,itsm,2,1,1,task_20251223_101136_983_1d219d93_d1ba6c2d,0.5,0,186695,202.5
tools,react,eog,itsm,2,1,1,task_20251223_132605_091_764e5ead_dd00cc8f,0.0,0,19001,49.8
tools,react,eog,itsm,2,1,1,task_20251223_151555_341_764e5ead_9648644d,0.285714,0,269291,197.2
tools,react,eog,itsm,2,1,1,task_20260112_183416_157_a8eea1c0_0d6acfd0,0.2,0,98246,146.2
tools,react,eog,itsm,2,1,1,task_20260113_031046_703_99ba2325_54f35603,0.0,0,77022,112.0
tools,react,eog,itsm,2,1,1,task_20260113_182216_716_a8eea1c0_7a0619e9,0.333333,0,148465,161.3
tools,react,eog,itsm,2,1,1,task_20260113_182602_664_46ca2862_b6ef60ca,0.5,0,130130,144.1
tools,react,eog,itsm,2,1,1,task_20260113_212050_548_a8eea1c0_73a73ce7,0.5,0,126940,175.6
tools,react,eog,itsm,2,1,1,task_20260114_094327_107_46ca2862_796e7685,1.0,1,152678,264.3
tools,react,eog,itsm,2,1,1,task_20260114_174427_042_99ba2325_7915481a,0.0,0,41383,123.6
tools,react,eog,itsm,2,1,1,task_20260114_180601_485_99ba2325_2dc8b3ce,0.666667,0,158714,98.2
tools,react,eog,itsm,2,1,1,task_20260114_181932_082_99ba2325_92ddef90,0.0,0,18135,33.0
tools,react,eog,itsm,2,1,1,task_20260115_143541_964_fa1836dc_dc6652fd,0.0,0,19844,57.0
tools,react,eog,itsm,2,1,1,task_20260115_152733_296_46ca2862_55f848d3,0.6,0,109789,160.9
tools,react,eog,itsm,2,1,1,task_20260115_172636_260_fa1836dc_7a703e50,0.5,0,107240,79.6
tools,react,eog,itsm,2,1,1,task_20260116_081645_096_66392a82_fd509f97,0.0,0,40975,107.0
tools,react,eog,itsm,2,1,1,task_20260116_101840_488_e6427839_81df8ba3,0.75,0,209787,204.0
tools,react,eog,itsm,2,1,1,task_20260116_124300_245_1d219d93_76cd5b4d,1.0,1,119350,161.3
tools,react,eog,itsm,2,1,1,task_20260116_224538_330_66392a82_10d0806e,0.0,0,20451,48.2
tools,react,eog,itsm,2,1,2,task_20251210_205620_593_391f1eff_ad65c160,0.5,0,135334,228.8
tools,react,eog,itsm,2,1,2,task_20251212_172511_458_e6427839_47076c15,0.5,0,55295,68.2
tools,react,eog,itsm,2,1,2,task_20251212_184405_886_e6427839_6413728a,0.333333,0,188916,195.1
tools,react,eog,itsm,2,1,2,task_20251212_191411_655_391f1eff_2fef896f,1.0,1,317176,316.2
tools,react,eog,itsm,2,1,2,task_20251216_131651_690_764e5ead_f8619b02,0.0,0,38927,84.0
tools,react,eog,itsm,2,1,2,task_20251217_153037_688_97d7df7d_be0bd794,1.0,1,111075,101.8
tools,react,eog,itsm,2,1,2,task_20251217_205244_161_764e5ead_20429ef8,0.75,0,176326,135.6
tools,react,eog,itsm,2,1,2,task_20251218_061956_641_109c89c0_423ed8ee,0.0,0,18742,49.8
tools,react,eog,itsm,2,1,2,task_20251218_082708_201_99ba2325_51726f9c,1.0,1,113515,186.5
tools,react,eog,itsm,2,1,2,task_20251218_093719_611_764e5ead_5817d09a,1.0,1,222655,241.4
tools,react,eog,itsm,2,1,2,task_20251218_104259_233_66392a82_74b17170,1.0,1,123817,86.0
tools,react,eog,itsm,2,1,2,task_20251218_121722_423_1d219d93_8218da6c,0.833333,0,254110,333.7
tools,react,eog,itsm,2,1,2,task_20251218_124419_383_66392a82_52c8290e,1.0,1,131244,174.5
tools,react,eog,itsm,2,1,2,task_20251218_155314_617_c5ca08eb_3ce3c52f,1.0,1,94701,155.0
tools,react,eog,itsm,2,1,2,task_20251218_183102_136_391f1eff_ac9a6986,1.0,1,132561,226.0
tools,react,eog,itsm,2,1,2,task_20251218_220134_063_391f1eff_30369342,1.0,1,112692,135.5
tools,react,eog,itsm,2,1,2,task_20251218_234602_633_391f1eff_09a746e7,1.0,1,131039,139.5
tools,react,eog,itsm,2,1,2,task_20251219_091707_306_ad5a67e3_a76dbe57,0.0,0,72429,103.3
tools,react,eog,itsm,2,1,2,task_20251219_111447_756_66392a82_1c69521d,1.0,1,74127,88.0
tools,react,eog,itsm,2,1,2,task_20251219_115925_475_1d219d93_53d34d23,0.6,0,198843,304.3
tools,react,eog,itsm,2,1,2,task_20251219_144431_663_97d7df7d_a52988e5,0.0,0,133710,190.6
tools,react,eog,itsm,2,1,2,task_20251221_233237_652_66392a82_c1a599bb,0.0,0,19895,51.8
tools,react,eog,itsm,2,1,2,task_20251222_072805_599_99ba2325_ae6b0778,0.0,0,18565,32.6
tools,react,eog,itsm,2,1,2,task_20251222_105710_498_391f1eff_8b25dbef,1.0,1,229469,311.4
tools,react,eog,itsm,2,1,2,task_20251222_133355_087_30600918_e9215c57,0.5,0,237129,219.3
tools,react,eog,itsm,2,1,2,task_20251222_140957_029_c5ca08eb_3c4271f0,0.0,0,17778,26.3
tools,react,eog,itsm,2,1,2,task_20251222_190928_391_391f1eff_8cb006f5,0.25,0,160049,265.6
tools,react,eog,itsm,2,1,2,task_20251222_195853_743_0be70e35_0916fba8,0.25,0,17591,26.7
tools,react,eog,itsm,2,1,2,task_20251223_064316_340_01395ded_9c6f3e01,0.75,0,203568,419.2
tools,react,eog,itsm,2,1,2,task_20251223_101136_983_1d219d93_d1ba6c2d,0.5,0,152444,204.7
tools,react,eog,itsm,2,1,2,task_20251223_132605_091_764e5ead_dd00cc8f,0.6,0,190396,284.6
tools,react,eog,itsm,2,1,2,task_20251223_151555_341_764e5ead_9648644d,0.571429,0,196182,222.8
tools,react,eog,itsm,2,1,2,task_20260112_183416_157_a8eea1c0_0d6acfd0,0.4,0,134146,155.4
tools,react,eog,itsm,2,1,2,task_20260113_031046_703_99ba2325_54f35603,1.0,1,113873,140.5
tools,react,eog,itsm,2,1,2,task_20260113_182216_716_a8eea1c0_7a0619e9,0.333333,0,113032,135.3
tools,react,eog,itsm,2,1,2,task_20260113_182602_664_46ca2862_b6ef60ca,0.0,0,115580,208.0
tools,react,eog,itsm,2,1,2,task_20260113_212050_548_a8eea1c0_73a73ce7,0.0,0,17810,30.9
tools,react,eog,itsm,2,1,2,task_20260114_094327_107_46ca2862_796e7685,1.0,1,152257,258.0
tools,react,eog,itsm,2,1,2,task_20260114_174427_042_99ba2325_7915481a,0.333333,0,58162,74.4
tools,react,eog,itsm,2,1,2,task_20260114_180601_485_99ba2325_2dc8b3ce,1.0,1,159918,137.6
tools,react,eog,itsm,2,1,2,task_20260114_181932_082_99ba2325_92ddef90,0.6,0,198842,346.6
tools,react,eog,itsm,2,1,2,task_20260115_143541_964_fa1836dc_dc6652fd,0.0,0,19096,44.6
tools,react,eog,itsm,2,1,2,task_20260115_152733_296_46ca2862_55f848d3,0.6,0,168380,240.7
tools,react,eog,itsm,2,1,2,task_20260115_172636_260_fa1836dc_7a703e50,0.5,0,109095,100.3
tools,react,eog,itsm,2,1,2,task_20260116_081645_096_66392a82_fd509f97,0.0,0,20437,57.8
tools,react,eog,itsm,2,1,2,task_20260116_101840_488_e6427839_81df8ba3,0.75,0,129724,120.1
tools,react,eog,itsm,2,1,2,task_20260116_124300_245_1d219d93_76cd5b4d,0.5,0,137369,171.2
tools,react,eog,itsm,2,1,2,task_20260116_224538_330_66392a82_10d0806e,0.8,0,328668,320.6
tools,react,eog,itsm,2,1,3,task_20251210_205620_593_391f1eff_ad65c160,0.0,0,214719,271.9
tools,react,eog,itsm,2,1,3,task_20251212_172511_458_e6427839_47076c15,0.5,0,92838,133.3
tools,react,eog,itsm,2,1,3,task_20251212_184405_886_e6427839_6413728a,0.333333,0,127817,143.9
tools,react,eog,itsm,2,1,3,task_20251212_191411_655_391f1eff_2fef896f,1.0,1,168307,185.2
tools,react,eog,itsm,2,1,3,task_20251216_131651_690_764e5ead_f8619b02,0.0,0,18414,51.4
tools,react,eog,itsm,2,1,3,task_20251217_153037_688_97d7df7d_be0bd794,1.0,1,111591,984.5
tools,react,eog,itsm,2,1,3,task_20251217_205244_161_764e5ead_20429ef8,0.75,0,117731,110.5
tools,react,eog,itsm,2,1,3,task_20251218_061956_641_109c89c0_423ed8ee,0.0,0,39360,88.8
tools,react,eog,itsm,2,1,3,task_20251218_082708_201_99ba2325_51726f9c,1.0,1,130122,172.5
tools,react,eog,itsm,2,1,3,task_20251218_093719_611_764e5ead_5817d09a,0.0,0,19209,54.8
tools,react,eog,itsm,2,1,3,task_20251218_104259_233_66392a82_74b17170,0.666667,0,87753,63.1
tools,react,eog,itsm,2,1,3,task_20251218_121722_423_1d219d93_8218da6c,0.833333,0,263070,229.1
tools,react,eog,itsm,2,1,3,task_20251218_124419_383_66392a82_52c8290e,1.0,1,94622,151.5
tools,react,eog,itsm,2,1,3,task_20251218_155314_617_c5ca08eb_3ce3c52f,1.0,1,115493,153.7
tools,react,eog,itsm,2,1,3,task_20251218_183102_136_391f1eff_ac9a6986,1.0,1,133420,194.5
tools,react,eog,itsm,2,1,3,task_20251218_220134_063_391f1eff_30369342,1.0,1,94394,136.4
tools,react,eog,itsm,2,1,3,task_20251218_234602_633_391f1eff_09a746e7,0.5,0,75953,124.9
tools,react,eog,itsm,2,1,3,task_20251219_091707_306_ad5a67e3_a76dbe57,0.0,0,35386,41.1
tools,react,eog,itsm,2,1,3,task_20251219_111447_756_66392a82_1c69521d,0.0,0,18918,36.6
tools,react,eog,itsm,2,1,3,task_20251219_115925_475_1d219d93_53d34d23,0.6,0,204648,214.0
tools,react,eog,itsm,2,1,3,task_20251219_144431_663_97d7df7d_a52988e5,0.0,0,135059,197.1
tools,react,eog,itsm,2,1,3,task_20251221_233237_652_66392a82_c1a599bb,1.0,1,74263,80.9
tools,react,eog,itsm,2,1,3,task_20251222_072805_599_99ba2325_ae6b0778,0.666667,0,151404,254.7
tools,react,eog,itsm,2,1,3,task_20251222_105710_498_391f1eff_8b25dbef,0.5,0,112622,126.3
tools,react,eog,itsm,2,1,3,task_20251222_133355_087_30600918_e9215c57,0.75,0,330992,366.9
tools,react,eog,itsm,2,1,3,task_20251222_140957_029_c5ca08eb_3c4271f0,0.0,0,18807,50.1
tools,react,eog,itsm,2,1,3,task_20251222_190928_391_391f1eff_8cb006f5,0.0,0,120936,203.2
tools,react,eog,itsm,2,1,3,task_20251222_195853_743_0be70e35_0916fba8,0.25,0,17494,26.3
tools,react,eog,itsm,2,1,3,task_20251223_064316_340_01395ded_9c6f3e01,0.0,0,194632,435.8
tools,react,eog,itsm,2,1,3,task_20251223_101136_983_1d219d93_d1ba6c2d,0.5,0,229445,278.8
tools,react,eog,itsm,2,1,3,task_20251223_132605_091_764e5ead_dd00cc8f,0.6,0,166109,235.3
tools,react,eog,itsm,2,1,3,task_20251223_151555_341_764e5ead_9648644d,0.571429,0,276945,263.7
tools,react,eog,itsm,2,1,3,task_20260112_183416_157_a8eea1c0_0d6acfd0,0.4,0,161266,227.2
tools,react,eog,itsm,2,1,3,task_20260113_031046_703_99ba2325_54f35603,0.0,0,17933,30.9
tools,react,eog,itsm,2,1,3,task_20260113_182216_716_a8eea1c0_7a0619e9,0.333333,0,159350,180.3
tools,react,eog,itsm,2,1,3,task_20260113_182602_664_46ca2862_b6ef60ca,0.5,0,110455,144.3
tools,react,eog,itsm,2,1,3,task_20260113_212050_548_a8eea1c0_73a73ce7,0.0,0,74647,140.9
tools,react,eog,itsm,2,1,3,task_20260114_094327_107_46ca2862_796e7685,1.0,1,170805,205.3
tools,react,eog,itsm,2,1,3,task_20260114_174427_042_99ba2325_7915481a,0.0,0,19135,32.8
tools,react,eog,itsm,2,1,3,task_20260114_180601_485_99ba2325_2dc8b3ce,1.0,1,159115,140.5
tools,react,eog,itsm,2,1,3,task_20260114_181932_082_99ba2325_92ddef90,0.0,0,18239,33.9
tools,react,eog,itsm,2,1,3,task_20260115_143541_964_fa1836dc_dc6652fd,0.0,0,18560,39.0
tools,react,eog,itsm,2,1,3,task_20260115_152733_296_46ca2862_55f848d3,0.0,0,55090,90.5
tools,react,eog,itsm,2,1,3,task_20260115_172636_260_fa1836dc_7a703e50,0.0,0,17786,31.1
tools,react,eog,itsm,2,1,3,task_20260116_081645_096_66392a82_fd509f97,0.0,0,41905,125.1
tools,react,eog,itsm,2,1,3,task_20260116_101840_488_e6427839_81df8ba3,0.5,0,168075,133.3
tools,react,eog,itsm,2,1,3,task_20260116_124300_245_1d219d93_76cd5b4d,0.5,0,94879,110.6
tools,react,eog,itsm,2,1,3,task_20260116_224538_330_66392a82_10d0806e,0.0,0,19485,40.4
tools,react,eog,itsm,2,2,1,task_20251218_164829_676_97d7df7d_893f6b2c,0.333333,0,172945,213.0
tools,react,eog,itsm,2,2,1,task_20251219_062202_346_66392a82_1d2065dd,0.666667,0,90558,71.9
tools,react,eog,itsm,2,2,1,task_20251219_130920_558_99ba2325_7f9481df,1.0,1,90942,79.3
tools,react,eog,itsm,2,2,1,task_20251221_045452_579_99ba2325_0e601eac,0.6,0,150776,142.5
tools,react,eog,itsm,2,2,1,task_20251222_075116_761_30600918_a7f0a69a,0.75,0,294099,213.5
tools,react,eog,itsm,2,2,1,task_20251223_063905_655_30600918_3e736be9,0.6,0,247128,161.0
tools,react,eog,itsm,2,2,1,task_20251223_135402_072_c5ca08eb_67009578,1.0,1,149362,172.3
tools,react,eog,itsm,2,2,1,task_20260112_194743_238_a8eea1c0_a4b1468a,0.833333,0,260305,317.2
tools,react,eog,itsm,2,2,1,task_20260113_183935_893_e6427839_03a04c19,0.5,0,107395,107.7
tools,react,eog,itsm,2,2,1,task_20260114_073658_459_78a5b71e_cab5cc9f,0.0,0,95455,105.6
tools,react,eog,itsm,2,2,1,task_20260115_153041_899_d4a463c3_cab6d59b,0.0,0,17983,27.9
tools,react,eog,itsm,2,2,1,task_20260117_000130_134_2aa6b0ad_a20f3a61,0.0,0,147198,218.5
tools,react,eog,itsm,2,2,2,task_20251218_164829_676_97d7df7d_893f6b2c,0.333333,0,174584,225.7
tools,react,eog,itsm,2,2,2,task_20251219_062202_346_66392a82_1d2065dd,0.666667,0,106603,79.7
tools,react,eog,itsm,2,2,2,task_20251219_130920_558_99ba2325_7f9481df,0.0,0,36828,61.5
tools,react,eog,itsm,2,2,2,task_20251221_045452_579_99ba2325_0e601eac,0.0,0,18068,29.5
tools,react,eog,itsm,2,2,2,task_20251222_075116_761_30600918_a7f0a69a,0.25,0,125052,159.6
tools,react,eog,itsm,2,2,2,task_20251223_063905_655_30600918_3e736be9,0.6,0,231553,234.7
tools,react,eog,itsm,2,2,2,task_20251223_135402_072_c5ca08eb_67009578,0.0,0,18166,39.3
tools,react,eog,itsm,2,2,2,task_20260112_194743_238_a8eea1c0_a4b1468a,0.833333,0,220796,252.3
tools,react,eog,itsm,2,2,2,task_20260113_183935_893_e6427839_03a04c19,1.0,1,108580,85.4
tools,react,eog,itsm,2,2,2,task_20260114_073658_459_78a5b71e_cab5cc9f,0.0,0,74147,107.0
tools,react,eog,itsm,2,2,2,task_20260115_153041_899_d4a463c3_cab6d59b,0.0,0,17448,20.4
tools,react,eog,itsm,2,2,2,task_20260117_000130_134_2aa6b0ad_a20f3a61,0.0,0,151102,291.0
tools,react,eog,itsm,2,2,3,task_20251218_164829_676_97d7df7d_893f6b2c,0.333333,0,176570,304.2
tools,react,eog,itsm,2,2,3,task_20251219_062202_346_66392a82_1d2065dd,0.666667,0,129580,127.9
tools,react,eog,itsm,2,2,3,task_20251219_130920_558_99ba2325_7f9481df,1.0,1,127878,156.9
tools,react,eog,itsm,2,2,3,task_20251221_045452_579_99ba2325_0e601eac,0.6,0,168960,158.2
tools,react,eog,itsm,2,2,3,task_20251222_075116_761_30600918_a7f0a69a,0.0,0,103551,178.1
tools,react,eog,itsm,2,2,3,task_20251223_063905_655_30600918_3e736be9,0.0,0,20428,29.2
tools,react,eog,itsm,2,2,3,task_20251223_135402_072_c5ca08eb_67009578,1.0,1,148358,152.5
tools,react,eog,itsm,2,2,3,task_20260112_194743_238_a8eea1c0_a4b1468a,0.833333,0,219837,305.5
tools,react,eog,itsm,2,2,3,task_20260113_183935_893_e6427839_03a04c19,1.0,1,171083,152.9
tools,react,eog,itsm,2,2,3,task_20260114_073658_459_78a5b71e_cab5cc9f,0.0,0,18729,34.8
tools,react,eog,itsm,2,2,3,task_20260115_153041_899_d4a463c3_cab6d59b,0.0,0,54875,75.2
tools,react,eog,itsm,2,2,3,task_20260117_000130_134_2aa6b0ad_a20f3a61,0.0,0,166562,312.2
tools,react,eog,itsm,3,1,1,task_20251210_205620_593_391f1eff_ad65c160,0.0,0,195865,211.7
tools,react,eog,itsm,3,1,1,task_20251212_172511_458_e6427839_47076c15,0.5,0,113252,153.2
tools,react,eog,itsm,3,1,1,task_20251212_184405_886_e6427839_6413728a,0.333333,0,110639,105.0
tools,react,eog,itsm,3,1,1,task_20251212_191411_655_391f1eff_2fef896f,1.0,1,183585,183.2
tools,react,eog,itsm,3,1,1,task_20251216_131651_690_764e5ead_f8619b02,0.0,0,22427,48.1
tools,react,eog,itsm,3,1,1,task_20251217_153037_688_97d7df7d_be0bd794,1.0,1,132617,91.7
tools,react,eog,itsm,3,1,1,task_20251217_205244_161_764e5ead_20429ef8,0.0,0,47790,97.7
tools,react,eog,itsm,3,1,1,task_20251218_061956_641_109c89c0_423ed8ee,0.0,0,68688,111.5
tools,react,eog,itsm,3,1,1,task_20251218_082708_201_99ba2325_51726f9c,0.5,0,135121,191.9
tools,react,eog,itsm,3,1,1,task_20251218_093719_611_764e5ead_5817d09a,1.0,1,207697,231.5
tools,react,eog,itsm,3,1,1,task_20251218_104259_233_66392a82_74b17170,1.0,1,130624,88.8
tools,react,eog,itsm,3,1,1,task_20251218_121722_423_1d219d93_8218da6c,1.0,1,229393,239.7
tools,react,eog,itsm,3,1,1,task_20251218_124419_383_66392a82_52c8290e,0.0,0,23188,44.9
tools,react,eog,itsm,3,1,1,task_20251218_155314_617_c5ca08eb_3ce3c52f,1.0,1,136211,172.1
tools,react,eog,itsm,3,1,1,task_20251218_183102_136_391f1eff_ac9a6986,0.0,0,21966,38.0
tools,react,eog,itsm,3,1,1,task_20251218_220134_063_391f1eff_30369342,1.0,1,133968,147.1
tools,react,eog,itsm,3,1,1,task_20251218_234602_633_391f1eff_09a746e7,0.5,0,157157,151.9
tools,react,eog,itsm,3,1,1,task_20251219_091707_306_ad5a67e3_a76dbe57,0.0,0,63002,48.1
tools,react,eog,itsm,3,1,1,task_20251219_111447_756_66392a82_1c69521d,0.666667,0,135465,93.1
tools,react,eog,itsm,3,1,1,task_20251219_115925_475_1d219d93_53d34d23,0.6,0,185628,176.3
tools,react,eog,itsm,3,1,1,task_20251219_144431_663_97d7df7d_a52988e5,0.0,0,135981,173.1
tools,react,eog,itsm,3,1,1,task_20251221_233237_652_66392a82_c1a599bb,0.0,0,67082,106.1
tools,react,eog,itsm,3,1,1,task_20251222_072805_599_99ba2325_ae6b0778,0.0,0,22078,24.0
tools,react,eog,itsm,3,1,1,task_20251222_105710_498_391f1eff_8b25dbef,1.0,1,189853,182.3
tools,react,eog,itsm,3,1,1,task_20251222_133355_087_30600918_e9215c57,1.0,1,273086,240.6
tools,react,eog,itsm,3,1,1,task_20251222_140957_029_c5ca08eb_3c4271f0,0.0,0,22224,41.2
tools,react,eog,itsm,3,1,1,task_20251222_190928_391_391f1eff_8cb006f5,0.25,0,248320,247.8
tools,react,eog,itsm,3,1,1,task_20251222_195853_743_0be70e35_0916fba8,0.5,0,183296,202.4
tools,react,eog,itsm,3,1,1,task_20251223_064316_340_01395ded_9c6f3e01,0.0,0,157627,310.5
tools,react,eog,itsm,3,1,1,task_20251223_101136_983_1d219d93_d1ba6c2d,0.0,0,22826,47.7
tools,react,eog,itsm,3,1,1,task_20251223_132605_091_764e5ead_dd00cc8f,0.0,0,140563,198.1
tools,react,eog,itsm,3,1,1,task_20251223_151555_341_764e5ead_9648644d,0.428571,0,247272,173.3
tools,react,eog,itsm,3,1,1,task_20260112_183416_157_a8eea1c0_0d6acfd0,0.2,0,92690,138.2
tools,react,eog,itsm,3,1,1,task_20260113_031046_703_99ba2325_54f35603,0.0,0,21700,29.3
tools,react,eog,itsm,3,1,1,task_20260113_182216_716_a8eea1c0_7a0619e9,0.333333,0,157756,170.6
tools,react,eog,itsm,3,1,1,task_20260113_182602_664_46ca2862_b6ef60ca,0.5,0,180979,223.4
tools,react,eog,itsm,3,1,1,task_20260113_212050_548_a8eea1c0_73a73ce7,0.0,0,21857,34.1
tools,react,eog,itsm,3,1,1,task_20260114_094327_107_46ca2862_796e7685,1.0,1,180738,222.7
tools,react,eog,itsm,3,1,1,task_20260114_174427_042_99ba2325_7915481a,0.333333,0,96294,127.9
tools,react,eog,itsm,3,1,1,task_20260114_180601_485_99ba2325_2dc8b3ce,0.333333,0,143066,113.5
tools,react,eog,itsm,3,1,1,task_20260114_181932_082_99ba2325_92ddef90,0.0,0,43859,69.3
tools,react,eog,itsm,3,1,1,task_20260115_143541_964_fa1836dc_dc6652fd,0.0,0,24007,71.8
tools,react,eog,itsm,3,1,1,task_20260115_152733_296_46ca2862_55f848d3,0.6,0,198752,169.6
tools,react,eog,itsm,3,1,1,task_20260115_172636_260_fa1836dc_7a703e50,0.5,0,132466,108.3
tools,react,eog,itsm,3,1,1,task_20260116_081645_096_66392a82_fd509f97,0.0,0,22309,42.1
tools,react,eog,itsm,3,1,1,task_20260116_101840_488_e6427839_81df8ba3,0.75,0,131659,111.3
tools,react,eog,itsm,3,1,1,task_20260116_124300_245_1d219d93_76cd5b4d,1.0,1,183992,141.5
tools,react,eog,itsm,3,1,1,task_20260116_224538_330_66392a82_10d0806e,0.0,0,23397,63.2
tools,react,eog,itsm,3,1,2,task_20251210_205620_593_391f1eff_ad65c160,0.0,0,211002,237.2
tools,react,eog,itsm,3,1,2,task_20251212_172511_458_e6427839_47076c15,0.5,0,86004,78.7
tools,react,eog,itsm,3,1,2,task_20251212_184405_886_e6427839_6413728a,0.333333,0,179655,132.6
tools,react,eog,itsm,3,1,2,task_20251212_191411_655_391f1eff_2fef896f,1.0,1,259734,238.6
tools,react,eog,itsm,3,1,2,task_20251216_131651_690_764e5ead_f8619b02,1.0,1,179391,179.5
tools,react,eog,itsm,3,1,2,task_20251217_153037_688_97d7df7d_be0bd794,1.0,1,157484,118.1
tools,react,eog,itsm,3,1,2,task_20251217_205244_161_764e5ead_20429ef8,0.875,0,186191,157.1
tools,react,eog,itsm,3,1,2,task_20251218_061956_641_109c89c0_423ed8ee,0.0,0,22278,35.4
tools,react,eog,itsm,3,1,2,task_20251218_082708_201_99ba2325_51726f9c,1.0,1,158126,201.5
tools,react,eog,itsm,3,1,2,task_20251218_093719_611_764e5ead_5817d09a,1.0,1,231371,217.1
tools,react,eog,itsm,3,1,2,task_20251218_104259_233_66392a82_74b17170,1.0,1,129861,82.7
tools,react,eog,itsm,3,1,2,task_20251218_121722_423_1d219d93_8218da6c,1.0,1,252036,242.7
tools,react,eog,itsm,3,1,2,task_20251218_124419_383_66392a82_52c8290e,1.0,1,136221,186.3
tools,react,eog,itsm,3,1,2,task_20251218_155314_617_c5ca08eb_3ce3c52f,1.0,1,114169,141.6
tools,react,eog,itsm,3,1,2,task_20251218_183102_136_391f1eff_ac9a6986,0.0,0,21702,25.7
tools,react,eog,itsm,3,1,2,task_20251218_220134_063_391f1eff_30369342,1.0,1,133331,130.1
tools,react,eog,itsm,3,1,2,task_20251218_234602_633_391f1eff_09a746e7,0.5,0,134128,138.7
tools,react,eog,itsm,3,1,2,task_20251219_091707_306_ad5a67e3_a76dbe57,0.0,0,64595,75.6
tools,react,eog,itsm,3,1,2,task_20251219_111447_756_66392a82_1c69521d,1.0,1,116695,118.3
tools,react,eog,itsm,3,1,2,task_20251219_115925_475_1d219d93_53d34d23,0.6,0,208483,260.1
tools,react,eog,itsm,3,1,2,task_20251219_144431_663_97d7df7d_a52988e5,0.0,0,111824,146.2
tools,react,eog,itsm,3,1,2,task_20251221_233237_652_66392a82_c1a599bb,0.0,0,21429,24.1
tools,react,eog,itsm,3,1,2,task_20251222_072805_599_99ba2325_ae6b0778,1.0,1,197493,220.9
tools,react,eog,itsm,3,1,2,task_20251222_105710_498_391f1eff_8b25dbef,1.0,1,180522,190.0
tools,react,eog,itsm,3,1,2,task_20251222_133355_087_30600918_e9215c57,1.0,1,277768,297.5
tools,react,eog,itsm,3,1,2,task_20251222_140957_029_c5ca08eb_3c4271f0,0.0,0,21530,41.8
tools,react,eog,itsm,3,1,2,task_20251222_190928_391_391f1eff_8cb006f5,0.25,0,323592,374.9
tools,react,eog,itsm,3,1,2,task_20251222_195853_743_0be70e35_0916fba8,0.25,0,21125,20.9
tools,react,eog,itsm,3,1,2,task_20251223_064316_340_01395ded_9c6f3e01,0.0,0,151016,327.8
tools,react,eog,itsm,3,1,2,task_20251223_101136_983_1d219d93_d1ba6c2d,0.833333,0,272932,310.4
tools,react,eog,itsm,3,1,2,task_20251223_132605_091_764e5ead_dd00cc8f,0.8,0,375373,324.2
tools,react,eog,itsm,3,1,2,task_20251223_151555_341_764e5ead_9648644d,0.285714,0,276969,224.6
tools,react,eog,itsm,3,1,2,task_20260112_183416_157_a8eea1c0_0d6acfd0,0.2,0,68140,100.3
tools,react,eog,itsm,3,1,2,task_20260113_031046_703_99ba2325_54f35603,0.0,0,21526,29.8
tools,react,eog,itsm,3,1,2,task_20260113_182216_716_a8eea1c0_7a0619e9,0.333333,0,134491,135.1
tools,react,eog,itsm,3,1,2,task_20260113_182602_664_46ca2862_b6ef60ca,1.0,1,134496,163.9
tools,react,eog,itsm,3,1,2,task_20260113_212050_548_a8eea1c0_73a73ce7,0.5,0,169080,288.9
tools,react,eog,itsm,3,1,2,task_20260114_094327_107_46ca2862_796e7685,0.0,0,20807,18.5
tools,react,eog,itsm,3,1,2,task_20260114_174427_042_99ba2325_7915481a,0.0,0,68011,97.5
tools,react,eog,itsm,3,1,2,task_20260114_180601_485_99ba2325_2dc8b3ce,0.666667,0,220177,158.3
tools,react,eog,itsm,3,1,2,task_20260114_181932_082_99ba2325_92ddef90,0.0,0,21399,37.8
tools,react,eog,itsm,3,1,2,task_20260115_143541_964_fa1836dc_dc6652fd,0.0,0,23819,65.2
tools,react,eog,itsm,3,1,2,task_20260115_152733_296_46ca2862_55f848d3,0.6,0,178284,171.4
tools,react,eog,itsm,3,1,2,task_20260115_172636_260_fa1836dc_7a703e50,0.5,0,131511,97.3
tools,react,eog,itsm,3,1,2,task_20260116_081645_096_66392a82_fd509f97,0.6,0,336697,581.6
tools,react,eog,itsm,3,1,2,task_20260116_101840_488_e6427839_81df8ba3,0.75,0,155490,147.9
tools,react,eog,itsm,3,1,2,task_20260116_124300_245_1d219d93_76cd5b4d,1.0,1,136092,157.7
tools,react,eog,itsm,3,1,2,task_20260116_224538_330_66392a82_10d0806e,0.8,0,359019,251.8
tools,react,eog,itsm,3,1,3,task_20251210_205620_593_391f1eff_ad65c160,0.5,0,161075,173.8
tools,react,eog,itsm,3,1,3,task_20251212_172511_458_e6427839_47076c15,0.5,0,87608,98.0
tools,react,eog,itsm,3,1,3,task_20251212_184405_886_e6427839_6413728a,0.333333,0,271919,199.8
tools,react,eog,itsm,3,1,3,task_20251212_191411_655_391f1eff_2fef896f,1.0,1,279686,239.3
tools,react,eog,itsm,3,1,3,task_20251216_131651_690_764e5ead_f8619b02,0.666667,0,136235,169.7
tools,react,eog,itsm,3,1,3,task_20251217_153037_688_97d7df7d_be0bd794,1.0,1,133273,106.5
tools,react,eog,itsm,3,1,3,task_20251217_205244_161_764e5ead_20429ef8,0.75,0,189580,132.0
tools,react,eog,itsm,3,1,3,task_20251218_061956_641_109c89c0_423ed8ee,0.0,0,45024,116.7
tools,react,eog,itsm,3,1,3,task_20251218_082708_201_99ba2325_51726f9c,1.0,1,134787,175.5
tools,react,eog,itsm,3,1,3,task_20251218_093719_611_764e5ead_5817d09a,0.0,0,22025,41.4
tools,react,eog,itsm,3,1,3,task_20251218_104259_233_66392a82_74b17170,1.0,1,131263,124.2
tools,react,eog,itsm,3,1,3,task_20251218_121722_423_1d219d93_8218da6c,0.666667,0,247137,245.3
tools,react,eog,itsm,3,1,3,task_20251218_124419_383_66392a82_52c8290e,1.0,1,113926,173.8
tools,react,eog,itsm,3,1,3,task_20251218_155314_617_c5ca08eb_3ce3c52f,1.0,1,140076,254.0
tools,react,eog,itsm,3,1,3,task_20251218_183102_136_391f1eff_ac9a6986,1.0,1,137013,196.8
tools,react,eog,itsm,3,1,3,task_20251218_220134_063_391f1eff_30369342,1.0,1,108961,86.3
tools,react,eog,itsm,3,1,3,task_20251218_234602_633_391f1eff_09a746e7,0.5,0,114171,148.3
tools,react,eog,itsm,3,1,3,task_20251219_091707_306_ad5a67e3_a76dbe57,0.0,0,64531,80.6
tools,react,eog,itsm,3,1,3,task_20251219_111447_756_66392a82_1c69521d,0.0,0,22761,49.7
tools,react,eog,itsm,3,1,3,task_20251219_115925_475_1d219d93_53d34d23,0.0,0,23601,49.9
tools,react,eog,itsm,3,1,3,task_20251219_144431_663_97d7df7d_a52988e5,0.0,0,136643,176.7
tools,react,eog,itsm,3,1,3,task_20251221_233237_652_66392a82_c1a599bb,0.0,0,22241,42.4
tools,react,eog,itsm,3,1,3,task_20251222_072805_599_99ba2325_ae6b0778,0.0,0,21875,30.7
tools,react,eog,itsm,3,1,3,task_20251222_105710_498_391f1eff_8b25dbef,1.0,1,164542,229.2
tools,react,eog,itsm,3,1,3,task_20251222_133355_087_30600918_e9215c57,0.75,0,380107,420.5
tools,react,eog,itsm,3,1,3,task_20251222_140957_029_c5ca08eb_3c4271f0,0.0,0,23134,62.1
tools,react,eog,itsm,3,1,3,task_20251222_190928_391_391f1eff_8cb006f5,0.0,0,173361,293.3
tools,react,eog,itsm,3,1,3,task_20251222_195853_743_0be70e35_0916fba8,0.25,0,22162,50.9
tools,react,eog,itsm,3,1,3,task_20251223_064316_340_01395ded_9c6f3e01,0.0,0,102565,247.6
tools,react,eog,itsm,3,1,3,task_20251223_101136_983_1d219d93_d1ba6c2d,0.0,0,45715,106.3
tools,react,eog,itsm,3,1,3,task_20251223_132605_091_764e5ead_dd00cc8f,0.6,0,216277,279.5
tools,react,eog,itsm,3,1,3,task_20251223_151555_341_764e5ead_9648644d,0.571429,0,237209,264.3
tools,react,eog,itsm,3,1,3,task_20260112_183416_157_a8eea1c0_0d6acfd0,0.2,0,91297,154.9
tools,react,eog,itsm,3,1,3,task_20260113_031046_703_99ba2325_54f35603,0.0,0,21463,33.9
tools,react,eog,itsm,3,1,3,task_20260113_182216_716_a8eea1c0_7a0619e9,0.333333,0,135582,174.5
tools,react,eog,itsm,3,1,3,task_20260113_182602_664_46ca2862_b6ef60ca,0.5,0,205102,290.5
tools,react,eog,itsm,3,1,3,task_20260113_212050_548_a8eea1c0_73a73ce7,0.0,0,135642,211.7
tools,react,eog,itsm,3,1,3,task_20260114_094327_107_46ca2862_796e7685,1.0,1,180118,246.9
tools,react,eog,itsm,3,1,3,task_20260114_174427_042_99ba2325_7915481a,0.333333,0,117434,150.2
tools,react,eog,itsm,3,1,3,task_20260114_180601_485_99ba2325_2dc8b3ce,0.666667,0,213966,153.9
tools,react,eog,itsm,3,1,3,task_20260114_181932_082_99ba2325_92ddef90,0.0,0,21900,36.6
tools,react,eog,itsm,3,1,3,task_20260115_143541_964_fa1836dc_dc6652fd,0.0,0,22632,45.1
tools,react,eog,itsm,3,1,3,task_20260115_152733_296_46ca2862_55f848d3,0.0,0,22561,47.1
tools,react,eog,itsm,3,1,3,task_20260115_172636_260_fa1836dc_7a703e50,0.0,0,21514,37.7
tools,react,eog,itsm,3,1,3,task_20260116_081645_096_66392a82_fd509f97,0.4,0,354778,497.5
tools,react,eog,itsm,3,1,3,task_20260116_101840_488_e6427839_81df8ba3,0.75,0,176917,143.1
tools,react,eog,itsm,3,1,3,task_20260116_124300_245_1d219d93_76cd5b4d,0.5,0,159903,223.1
tools,react,eog,itsm,3,1,3,task_20260116_224538_330_66392a82_10d0806e,0.8,0,355276,321.0
tools,react,eog,itsm,3,2,1,task_20251218_164829_676_97d7df7d_893f6b2c,0.666667,0,162986,251.7
tools,react,eog,itsm,3,2,1,task_20251219_062202_346_66392a82_1d2065dd,0.666667,0,110820,135.6
tools,react,eog,itsm,3,2,1,task_20251219_130920_558_99ba2325_7f9481df,1.0,1,154033,166.6
tools,react,eog,itsm,3,2,1,task_20251221_045452_579_99ba2325_0e601eac,0.0,0,21522,34.9
tools,react,eog,itsm,3,2,1,task_20251222_075116_761_30600918_a7f0a69a,0.0,0,24067,70.4
tools,react,eog,itsm,3,2,1,task_20251223_063905_655_30600918_3e736be9,0.6,0,291366,274.7
tools,react,eog,itsm,3,2,1,task_20251223_135402_072_c5ca08eb_67009578,1.0,1,156576,215.9
tools,react,eog,itsm,3,2,1,task_20260112_194743_238_a8eea1c0_a4b1468a,0.833333,0,239119,326.9
tools,react,eog,itsm,3,2,1,task_20260113_183935_893_e6427839_03a04c19,1.0,1,133428,184.9
tools,react,eog,itsm,3,2,1,task_20260114_073658_459_78a5b71e_cab5cc9f,0.5,0,199258,183.3
tools,react,eog,itsm,3,2,1,task_20260115_153041_899_d4a463c3_cab6d59b,0.0,0,22658,50.7
tools,react,eog,itsm,3,2,1,task_20260117_000130_134_2aa6b0ad_a20f3a61,0.0,0,145289,293.0
tools,react,eog,itsm,3,2,2,task_20251218_164829_676_97d7df7d_893f6b2c,0.333333,0,188000,273.4
tools,react,eog,itsm,3,2,2,task_20251219_062202_346_66392a82_1d2065dd,0.666667,0,130596,127.8
tools,react,eog,itsm,3,2,2,task_20251219_130920_558_99ba2325_7f9481df,1.0,1,154738,166.2
tools,react,eog,itsm,3,2,2,task_20251221_045452_579_99ba2325_0e601eac,0.6,0,113688,163.5
tools,react,eog,itsm,3,2,2,task_20251222_075116_761_30600918_a7f0a69a,0.25,0,168447,233.7
tools,react,eog,itsm,3,2,2,task_20251223_063905_655_30600918_3e736be9,0.0,0,49548,147.4
tools,react,eog,itsm,3,2,2,task_20251223_135402_072_c5ca08eb_67009578,0.0,0,21197,38.6
tools,react,eog,itsm,3,2,2,task_20260112_194743_238_a8eea1c0_a4b1468a,0.833333,0,259399,331.1
tools,react,eog,itsm,3,2,2,task_20260113_183935_893_e6427839_03a04c19,1.0,1,131887,216.1
tools,react,eog,itsm,3,2,2,task_20260114_073658_459_78a5b71e_cab5cc9f,0.5,0,201556,131.1
tools,react,eog,itsm,3,2,2,task_20260115_153041_899_d4a463c3_cab6d59b,0.0,0,69541,131.4
tools,react,eog,itsm,3,2,2,task_20260117_000130_134_2aa6b0ad_a20f3a61,0.0,0,197465,457.0
tools,react,eog,itsm,3,2,3,task_20251218_164829_676_97d7df7d_893f6b2c,0.333333,0,208461,292.4
tools,react,eog,itsm,3,2,3,task_20251219_062202_346_66392a82_1d2065dd,0.666667,0,131205,138.0
tools,react,eog,itsm,3,2,3,task_20251219_130920_558_99ba2325_7f9481df,1.0,1,153599,134.0
tools,react,eog,itsm,3,2,3,task_20251221_045452_579_99ba2325_0e601eac,0.6,0,183172,256.5
tools,react,eog,itsm,3,2,3,task_20251222_075116_761_30600918_a7f0a69a,0.0,0,23103,39.4
tools,react,eog,itsm,3,2,3,task_20251223_063905_655_30600918_3e736be9,0.0,0,24826,48.9
tools,react,eog,itsm,3,2,3,task_20251223_135402_072_c5ca08eb_67009578,0.0,0,21077,25.3
tools,react,eog,itsm,3,2,3,task_20260112_194743_238_a8eea1c0_a4b1468a,0.666667,0,310952,308.6
tools,react,eog,itsm,3,2,3,task_20260113_183935_893_e6427839_03a04c19,0.0,0,42516,46.1
tools,react,eog,itsm,3,2,3,task_20260114_073658_459_78a5b71e_cab5cc9f,0.5,0,298710,230.7
tools,react,eog,itsm,3,2,3,task_20260115_153041_899_d4a463c3_cab6d59b,0.75,0,336741,375.5
tools,react,eog,itsm,3,2,3,task_20260117_000130_134_2aa6b0ad_a20f3a61,0.333333,0,175001,291.4
tools,react,eog,itsm,3,3,1,task_20251212_191815_314_391f1eff_c23d76df,0.333333,0,141117,253.1
tools,react,eog,itsm,3,3,1,task_20251218_183819_272_99ba2325_dd71c332,0.5,0,88381,105.2
tools,react,eog,itsm,3,3,1,task_20251218_184224_139_764e5ead_e6e42358,0.0,0,117757,166.7
tools,react,eog,itsm,3,3,1,task_20251219_134543_563_fa1836dc_00dab62f,0.75,0,178417,141.6
tools,react,eog,itsm,3,3,1,task_20251219_174851_846_764e5ead_250f05e1,0.571429,0,512426,486.5
tools,react,eog,itsm,3,3,1,task_20251222_181355_411_764e5ead_48850a98,0.0,0,22434,42.8
tools,react,eog,itsm,3,3,1,task_20251223_081019_100_d4a463c3_f8774fe4,0.0,0,20939,26.4
tools,react,eog,itsm,3,3,1,task_20260113_125933_225_accab84d_d7ec710e,0.333333,0,342021,572.1
tools,react,eog,itsm,3,3,1,task_20260113_143610_437_46ca2862_56a4f834,0.2,0,22727,51.1
tools,react,eog,itsm,3,3,1,task_20260114_081229_036_78a5b71e_a4fb07a9,0.5,0,67268,107.8
tools,react,eog,itsm,3,3,1,task_20260114_134336_659_e6427839_91142068,0.8,0,237626,245.8
tools,react,eog,itsm,3,3,1,task_20260114_173716_566_46ca2862_301e0b47,0.0,0,26813,67.1
tools,react,eog,itsm,3,3,1,task_20260116_235649_372_66392a82_ccb66a9a,0.5,0,161280,211.4
tools,react,eog,itsm,3,3,2,task_20251212_191815_314_391f1eff_c23d76df,0.333333,0,163630,253.8
tools,react,eog,itsm,3,3,2,task_20251218_183819_272_99ba2325_dd71c332,0.0,0,88358,182.3
tools,react,eog,itsm,3,3,2,task_20251218_184224_139_764e5ead_e6e42358,0.6,0,401372,507.0
tools,react,eog,itsm,3,3,2,task_20251219_134543_563_fa1836dc_00dab62f,0.75,0,156424,182.6
tools,react,eog,itsm,3,3,2,task_20251219_174851_846_764e5ead_250f05e1,0.0,0,23154,68.9
tools,react,eog,itsm,3,3,2,task_20251222_181355_411_764e5ead_48850a98,0.0,0,22496,61.1
tools,react,eog,itsm,3,3,2,task_20251223_081019_100_d4a463c3_f8774fe4,0.0,0,21975,68.8
tools,react,eog,itsm,3,3,2,task_20260113_125933_225_accab84d_d7ec710e,0.333333,0,267960,461.3
tools,react,eog,itsm,3,3,2,task_20260113_143610_437_46ca2862_56a4f834,0.4,0,114676,147.9
tools,react,eog,itsm,3,3,2,task_20260114_081229_036_78a5b71e_a4fb07a9,0.0,0,22616,57.7
tools,react,eog,itsm,3,3,2,task_20260114_134336_659_e6427839_91142068,0.6,0,212784,297.0
tools,react,eog,itsm,3,3,2,task_20260114_173716_566_46ca2862_301e0b47,0.0,0,24601,82.4
tools,react,eog,itsm,3,3,2,task_20260116_235649_372_66392a82_ccb66a9a,0.5,0,116991,208.0
tools,react,eog,itsm,3,3,3,task_20251212_191815_314_391f1eff_c23d76df,0.333333,0,168078,254.5
tools,react,eog,itsm,3,3,3,task_20251218_183819_272_99ba2325_dd71c332,0.0,0,21709,28.6
tools,react,eog,itsm,3,3,3,task_20251218_184224_139_764e5ead_e6e42358,0.0,0,23575,49.3
tools,react,eog,itsm,3,3,3,task_20251219_134543_563_fa1836dc_00dab62f,0.75,0,154952,122.4
tools,react,eog,itsm,3,3,3,task_20251219_174851_846_764e5ead_250f05e1,0.285714,0,405974,506.3
tools,react,eog,itsm,3,3,3,task_20251222_181355_411_764e5ead_48850a98,0.0,0,22725,48.9
tools,react,eog,itsm,3,3,3,task_20251223_081019_100_d4a463c3_f8774fe4,0.0,0,21562,35.0
tools,react,eog,itsm,3,3,3,task_20260113_125933_225_accab84d_d7ec710e,0.333333,0,316156,460.6
tools,react,eog,itsm,3,3,3,task_20260113_143610_437_46ca2862_56a4f834,0.2,0,23591,59.0
tools,react,eog,itsm,3,3,3,task_20260114_081229_036_78a5b71e_a4fb07a9,0.5,0,190515,191.3
tools,react,eog,itsm,3,3,3,task_20260114_134336_659_e6427839_91142068,0.8,0,372585,341.4
tools,react,eog,itsm,3,3,3,task_20260114_173716_566_46ca2862_301e0b47,0.0,0,25637,55.6
tools,react,eog,itsm,3,3,3,task_20260116_235649_372_66392a82_ccb66a9a,0.5,0,117829,191.7
tools,react,eog,teams,1,1,1,task_20251121_134729_533_464ee3e0_2dcf2712,0.5,0,114208,141.6
tools,react,eog,teams,1,1,1,task_20251123_232016_480_7ebc1127_7a8d85a7,1.0,1,191666,238.2
tools,react,eog,teams,1,1,1,task_20251125_110309_032_464ee3e0_33f12828,1.0,1,125215,120.4
tools,react,eog,teams,1,1,1,task_20251125_113335_636_7ebc1127_a4ebffe8,0.333333,0,195185,201.5
tools,react,eog,teams,1,1,1,task_20251126_054150_897_7ebc1127_60097647,1.0,1,98291,159.4
tools,react,eog,teams,1,1,1,task_20251129_042410_343_df0ecdeb_573538d3,0.6,0,172867,220.9
tools,react,eog,teams,1,1,1,task_20251203_080912_583_df0ecdeb_a3470951,0.9,0,175710,246.5
tools,react,eog,teams,1,1,1,task_20251203_115913_239_b5bd4eb9_2e02dcf0,0.0,0,43264,96.2
tools,react,eog,teams,1,1,1,task_20260106_003109_589_b5bd4eb9_d0454fa5,0.0,0,43282,74.2
tools,react,eog,teams,1,1,1,task_20260106_104903_639_0154326e_81f6a68a,0.0,0,41983,129.6
tools,react,eog,teams,1,1,1,task_20260106_112645_853_8e9e30d7_1d4b934c,1.0,1,192762,205.6
tools,react,eog,teams,1,1,1,task_20260106_123222_425_8e9e30d7_7dea421b,0.8,0,152376,255.5
tools,react,eog,teams,1,1,1,task_20260106_155851_715_df0ecdeb_7b4347ef,0.75,0,105793,215.6
tools,react,eog,teams,1,1,1,task_20260107_032952_337_7ebc1127_75b96b98,0.5,0,114205,209.3
tools,react,eog,teams,1,1,1,task_20260108_075149_000_df0ecdeb_ead1b33a,1.0,1,145350,155.8
tools,react,eog,teams,1,1,1,task_20260108_082113_548_df0ecdeb_2725d17f,0.75,0,129257,234.4
tools,react,eog,teams,1,1,1,task_20260108_172650_003_8e9e30d7_a1ff8588,0.454545,0,150971,319.6
tools,react,eog,teams,1,1,1,task_20260108_194921_186_8e9e30d7_a087d6f8,0.0,0,87798,266.8
tools,react,eog,teams,1,1,1,task_20260109_063128_468_8e9e30d7_e983fafa,0.5,0,224661,255.6
tools,react,eog,teams,1,1,1,task_20260109_122356_038_0154326e_d224a99d,0.0,0,43033,124.5
tools,react,eog,teams,1,1,2,task_20251121_134729_533_464ee3e0_2dcf2712,0.5,0,128387,162.3
tools,react,eog,teams,1,1,2,task_20251123_232016_480_7ebc1127_7a8d85a7,1.0,1,194793,297.2
tools,react,eog,teams,1,1,2,task_20251125_110309_032_464ee3e0_33f12828,1.0,1,163727,189.7
tools,react,eog,teams,1,1,2,task_20251125_113335_636_7ebc1127_a4ebffe8,0.5,0,202854,260.5
tools,react,eog,teams,1,1,2,task_20251126_054150_897_7ebc1127_60097647,1.0,1,98722,85.1
tools,react,eog,teams,1,1,2,task_20251129_042410_343_df0ecdeb_573538d3,0.8,0,218156,203.8
tools,react,eog,teams,1,1,2,task_20251203_080912_583_df0ecdeb_a3470951,0.9,0,225692,204.7
tools,react,eog,teams,1,1,2,task_20251203_115913_239_b5bd4eb9_2e02dcf0,0.0,0,40927,102.1
tools,react,eog,teams,1,1,2,task_20260106_003109_589_b5bd4eb9_d0454fa5,0.0,0,44887,97.8
tools,react,eog,teams,1,1,2,task_20260106_104903_639_0154326e_81f6a68a,0.0,0,83320,153.3
tools,react,eog,teams,1,1,2,task_20260106_112645_853_8e9e30d7_1d4b934c,1.0,1,128443,174.8
tools,react,eog,teams,1,1,2,task_20260106_123222_425_8e9e30d7_7dea421b,0.0,0,64375,110.4
tools,react,eog,teams,1,1,2,task_20260106_155851_715_df0ecdeb_7b4347ef,0.75,0,127648,219.2
tools,react,eog,teams,1,1,2,task_20260107_032952_337_7ebc1127_75b96b98,0.5,0,158419,292.2
tools,react,eog,teams,1,1,2,task_20260108_075149_000_df0ecdeb_ead1b33a,1.0,1,125757,146.4
tools,react,eog,teams,1,1,2,task_20260108_082113_548_df0ecdeb_2725d17f,0.75,0,109762,207.2
tools,react,eog,teams,1,1,2,task_20260108_172650_003_8e9e30d7_a1ff8588,0.181818,0,258075,459.3
tools,react,eog,teams,1,1,2,task_20260108_194921_186_8e9e30d7_a087d6f8,0.0,0,107863,203.3
tools,react,eog,teams,1,1,2,task_20260109_063128_468_8e9e30d7_e983fafa,0.0,0,156489,293.9
tools,react,eog,teams,1,1,2,task_20260109_122356_038_0154326e_d224a99d,0.285714,0,88419,232.1
tools,react,eog,teams,1,1,3,task_20251121_134729_533_464ee3e0_2dcf2712,0.5,0,86708,167.5
tools,react,eog,teams,1,1,3,task_20251123_232016_480_7ebc1127_7a8d85a7,1.0,1,188350,283.9
tools,react,eog,teams,1,1,3,task_20251125_110309_032_464ee3e0_33f12828,1.0,1,147872,136.3
tools,react,eog,teams,1,1,3,task_20251125_113335_636_7ebc1127_a4ebffe8,0.333333,0,181534,323.4
tools,react,eog,teams,1,1,3,task_20251126_054150_897_7ebc1127_60097647,1.0,1,98002,102.9
tools,react,eog,teams,1,1,3,task_20251129_042410_343_df0ecdeb_573538d3,0.8,0,123874,172.5
tools,react,eog,teams,1,1,3,task_20251203_080912_583_df0ecdeb_a3470951,0.9,0,221525,1125.4
tools,react,eog,teams,1,1,3,task_20251203_115913_239_b5bd4eb9_2e02dcf0,0.0,0,42772,128.7
tools,react,eog,teams,1,1,3,task_20260106_003109_589_b5bd4eb9_d0454fa5,0.0,0,42322,139.6
tools,react,eog,teams,1,1,3,task_20260106_104903_639_0154326e_81f6a68a,0.0,0,83356,158.0
tools,react,eog,teams,1,1,3,task_20260106_112645_853_8e9e30d7_1d4b934c,1.0,1,167942,151.9
tools,react,eog,teams,1,1,3,task_20260106_123222_425_8e9e30d7_7dea421b,0.0,0,82617,121.9
tools,react,eog,teams,1,1,3,task_20260106_155851_715_df0ecdeb_7b4347ef,0.75,0,127170,223.5
tools,react,eog,teams,1,1,3,task_20260107_032952_337_7ebc1127_75b96b98,0.5,0,134222,263.7
tools,react,eog,teams,1,1,3,task_20260108_075149_000_df0ecdeb_ead1b33a,1.0,1,142385,176.6
tools,react,eog,teams,1,1,3,task_20260108_082113_548_df0ecdeb_2725d17f,0.75,0,83469,164.7
tools,react,eog,teams,1,1,3,task_20260108_172650_003_8e9e30d7_a1ff8588,0.363636,0,229626,384.2
tools,react,eog,teams,1,1,3,task_20260108_194921_186_8e9e30d7_a087d6f8,0.0,0,87758,234.9
tools,react,eog,teams,1,1,3,task_20260109_063128_468_8e9e30d7_e983fafa,0.0,0,179203,272.0
tools,react,eog,teams,1,1,3,task_20260109_122356_038_0154326e_d224a99d,0.428571,0,86436,190.2
tools,react,eog,teams,2,1,1,task_20251121_134729_533_464ee3e0_2dcf2712,0.5,0,97031,141.1
tools,react,eog,teams,2,1,1,task_20251123_232016_480_7ebc1127_7a8d85a7,1.0,1,207611,159.9
tools,react,eog,teams,2,1,1,task_20251125_110309_032_464ee3e0_33f12828,0.75,0,187738,169.8
tools,react,eog,teams,2,1,1,task_20251125_113335_636_7ebc1127_a4ebffe8,0.0,0,45030,56.3
tools,react,eog,teams,2,1,1,task_20251126_054150_897_7ebc1127_60097647,1.0,1,108112,55.3
tools,react,eog,teams,2,1,1,task_20251129_042410_343_df0ecdeb_573538d3,0.8,0,162259,216.2
tools,react,eog,teams,2,1,1,task_20251203_080912_583_df0ecdeb_a3470951,0.9,0,270666,216.3
tools,react,eog,teams,2,1,1,task_20251203_115913_239_b5bd4eb9_2e02dcf0,0.0,0,47315,124.2
tools,react,eog,teams,2,1,1,task_20260106_003109_589_b5bd4eb9_d0454fa5,0.0,0,48603,111.6
tools,react,eog,teams,2,1,1,task_20260106_104903_639_0154326e_81f6a68a,0.0,0,91766,151.3
tools,react,eog,teams,2,1,1,task_20260106_112645_853_8e9e30d7_1d4b934c,1.0,1,142406,147.6
tools,react,eog,teams,2,1,1,task_20260106_123222_425_8e9e30d7_7dea421b,0.0,0,47296,88.2
tools,react,eog,teams,2,1,1,task_20260106_155851_715_df0ecdeb_7b4347ef,0.75,0,141664,258.0
tools,react,eog,teams,2,1,1,task_20260107_032952_337_7ebc1127_75b96b98,0.5,0,123896,219.1
tools,react,eog,teams,2,1,1,task_20260108_075149_000_df0ecdeb_ead1b33a,1.0,1,158651,121.0
tools,react,eog,teams,2,1,1,task_20260108_082113_548_df0ecdeb_2725d17f,0.75,0,70786,156.6
tools,react,eog,teams,2,1,1,task_20260108_172650_003_8e9e30d7_a1ff8588,0.272727,0,256062,334.7
tools,react,eog,teams,2,1,1,task_20260108_194921_186_8e9e30d7_a087d6f8,0.0,0,96199,150.2
tools,react,eog,teams,2,1,1,task_20260109_063128_468_8e9e30d7_e983fafa,0.0,0,69204,108.3
tools,react,eog,teams,2,1,1,task_20260109_122356_038_0154326e_d224a99d,0.0,0,47938,134.5
tools,react,eog,teams,2,1,2,task_20251121_134729_533_464ee3e0_2dcf2712,0.5,0,97020,131.4
tools,react,eog,teams,2,1,2,task_20251123_232016_480_7ebc1127_7a8d85a7,1.0,1,187819,160.9
tools,react,eog,teams,2,1,2,task_20251125_110309_032_464ee3e0_33f12828,1.0,1,161153,101.1
tools,react,eog,teams,2,1,2,task_20251125_113335_636_7ebc1127_a4ebffe8,0.333333,0,223931,249.9
tools,react,eog,teams,2,1,2,task_20251126_054150_897_7ebc1127_60097647,1.0,1,108787,75.3
tools,react,eog,teams,2,1,2,task_20251129_042410_343_df0ecdeb_573538d3,0.4,0,161401,237.6
tools,react,eog,teams,2,1,2,task_20251203_080912_583_df0ecdeb_a3470951,0.9,0,272400,283.2
tools,react,eog,teams,2,1,2,task_20251203_115913_239_b5bd4eb9_2e02dcf0,0.0,0,46196,153.3
tools,react,eog,teams,2,1,2,task_20260106_003109_589_b5bd4eb9_d0454fa5,0.0,0,47377,103.3
tools,react,eog,teams,2,1,2,task_20260106_104903_639_0154326e_81f6a68a,0.0,0,91825,199.9
tools,react,eog,teams,2,1,2,task_20260106_112645_853_8e9e30d7_1d4b934c,1.0,1,143397,136.6
tools,react,eog,teams,2,1,2,task_20260106_123222_425_8e9e30d7_7dea421b,0.0,0,47846,135.8
tools,react,eog,teams,2,1,2,task_20260106_155851_715_df0ecdeb_7b4347ef,0.75,0,138772,202.6
tools,react,eog,teams,2,1,2,task_20260107_032952_337_7ebc1127_75b96b98,0.5,0,121988,196.4
tools,react,eog,teams,2,1,2,task_20260108_075149_000_df0ecdeb_ead1b33a,1.0,1,160065,132.7
tools,react,eog,teams,2,1,2,task_20260108_082113_548_df0ecdeb_2725d17f,0.75,0,142577,279.7
tools,react,eog,teams,2,1,2,task_20260108_172650_003_8e9e30d7_a1ff8588,0.272727,0,181187,300.1
tools,react,eog,teams,2,1,2,task_20260108_194921_186_8e9e30d7_a087d6f8,0.0,0,96075,210.0
tools,react,eog,teams,2,1,2,task_20260109_063128_468_8e9e30d7_e983fafa,0.5,0,269806,244.8
tools,react,eog,teams,2,1,2,task_20260109_122356_038_0154326e_d224a99d,0.428571,0,97046,126.2
tools,react,eog,teams,2,1,3,task_20251121_134729_533_464ee3e0_2dcf2712,0.5,0,94237,110.1
tools,react,eog,teams,2,1,3,task_20251123_232016_480_7ebc1127_7a8d85a7,1.0,1,183799,137.8
tools,react,eog,teams,2,1,3,task_20251125_110309_032_464ee3e0_33f12828,1.0,1,161214,184.2
tools,react,eog,teams,2,1,3,task_20251125_113335_636_7ebc1127_a4ebffe8,0.333333,0,204843,276.3
tools,react,eog,teams,2,1,3,task_20251126_054150_897_7ebc1127_60097647,1.0,1,108677,98.5
tools,react,eog,teams,2,1,3,task_20251129_042410_343_df0ecdeb_573538d3,0.4,0,132602,160.1
tools,react,eog,teams,2,1,3,task_20251203_080912_583_df0ecdeb_a3470951,0.9,0,270016,205.2
tools,react,eog,teams,2,1,3,task_20251203_115913_239_b5bd4eb9_2e02dcf0,0.0,0,47054,63.5
tools,react,eog,teams,2,1,3,task_20260106_003109_589_b5bd4eb9_d0454fa5,0.0,0,48762,107.1
tools,react,eog,teams,2,1,3,task_20260106_104903_639_0154326e_81f6a68a,0.0,0,116934,202.2
tools,react,eog,teams,2,1,3,task_20260106_112645_853_8e9e30d7_1d4b934c,1.0,1,115741,148.3
tools,react,eog,teams,2,1,3,task_20260106_123222_425_8e9e30d7_7dea421b,0.0,0,45910,90.6
tools,react,eog,teams,2,1,3,task_20260106_155851_715_df0ecdeb_7b4347ef,0.75,0,119137,150.2
tools,react,eog,teams,2,1,3,task_20260107_032952_337_7ebc1127_75b96b98,0.5,0,100120,178.9
tools,react,eog,teams,2,1,3,task_20260108_075149_000_df0ecdeb_ead1b33a,1.0,1,158468,110.6
tools,react,eog,teams,2,1,3,task_20260108_082113_548_df0ecdeb_2725d17f,0.75,0,163653,210.3
tools,react,eog,teams,2,1,3,task_20260108_172650_003_8e9e30d7_a1ff8588,0.090909,0,120462,237.2
tools,react,eog,teams,2,1,3,task_20260108_194921_186_8e9e30d7_a087d6f8,0.0,0,121692,222.8
tools,react,eog,teams,2,1,3,task_20260109_063128_468_8e9e30d7_e983fafa,0.5,0,152545,203.5
tools,react,eog,teams,2,1,3,task_20260109_122356_038_0154326e_d224a99d,0.428571,0,94025,120.3
tools,react,eog,teams,2,2,1,task_20251125_115122_370_8e9e30d7_e2700b24,0.875,0,258243,384.5
tools,react,eog,teams,2,2,1,task_20251129_042304_817_df0ecdeb_3df990f2,0.75,0,105287,121.9
tools,react,eog,teams,2,2,1,task_20251204_100825_050_df0ecdeb_c1b28adf,0.875,0,192662,293.5
tools,react,eog,teams,2,2,1,task_20260105_163515_719_8e9e30d7_d86e69de,0.0,0,48717,99.6
tools,react,eog,teams,2,2,1,task_20260105_225106_969_0154326e_fc0d4a7b,1.0,1,142548,131.4
tools,react,eog,teams,2,2,1,task_20260107_044347_094_7ebc1127_4e1fc798,0.8,0,121537,178.2
tools,react,eog,teams,2,2,1,task_20260108_162420_138_df0ecdeb_96950310,0.5,0,93110,125.2
tools,react,eog,teams,2,2,1,task_20260108_174958_137_df0ecdeb_a05f1e14,0.888889,0,143467,153.5
tools,react,eog,teams,2,2,1,task_20260109_060901_602_8e9e30d7_06581f9f,0.666667,0,121795,156.3
tools,react,eog,teams,2,2,1,task_20260109_063639_321_8e9e30d7_c31290aa,0.833333,0,373893,556.9
tools,react,eog,teams,2,2,1,task_20260109_155926_434_df0ecdeb_405562a2,0.0,0,189829,336.9
tools,react,eog,teams,2,2,2,task_20251125_115122_370_8e9e30d7_e2700b24,0.625,0,190868,385.9
tools,react,eog,teams,2,2,2,task_20251129_042304_817_df0ecdeb_3df990f2,0.75,0,132109,121.8
tools,react,eog,teams,2,2,2,task_20251204_100825_050_df0ecdeb_c1b28adf,0.875,0,136854,202.1
tools,react,eog,teams,2,2,2,task_20260105_163515_719_8e9e30d7_d86e69de,0.5,0,222458,321.3
tools,react,eog,teams,2,2,2,task_20260105_225106_969_0154326e_fc0d4a7b,1.0,1,144211,122.2
tools,react,eog,teams,2,2,2,task_20260107_044347_094_7ebc1127_4e1fc798,0.6,0,149906,220.7
tools,react,eog,teams,2,2,2,task_20260108_162420_138_df0ecdeb_96950310,1.0,1,113894,134.1
tools,react,eog,teams,2,2,2,task_20260108_174958_137_df0ecdeb_a05f1e14,0.888889,0,182164,127.4
tools,react,eog,teams,2,2,2,task_20260109_060901_602_8e9e30d7_06581f9f,1.0,1,120021,137.3
tools,react,eog,teams,2,2,2,task_20260109_063639_321_8e9e30d7_c31290aa,0.75,0,269229,461.5
tools,react,eog,teams,2,2,2,task_20260109_155926_434_df0ecdeb_405562a2,0.0,0,260842,302.8
tools,react,eog,teams,2,2,3,task_20251125_115122_370_8e9e30d7_e2700b24,0.625,0,175271,319.1
tools,react,eog,teams,2,2,3,task_20251129_042304_817_df0ecdeb_3df990f2,0.75,0,184141,177.2
tools,react,eog,teams,2,2,3,task_20251204_100825_050_df0ecdeb_c1b28adf,0.875,0,221867,207.1
tools,react,eog,teams,2,2,3,task_20260105_163515_719_8e9e30d7_d86e69de,1.0,1,351925,484.3
tools,react,eog,teams,2,2,3,task_20260105_225106_969_0154326e_fc0d4a7b,1.0,1,143613,139.5
tools,react,eog,teams,2,2,3,task_20260107_044347_094_7ebc1127_4e1fc798,0.8,0,121790,149.2
tools,react,eog,teams,2,2,3,task_20260108_162420_138_df0ecdeb_96950310,0.5,0,117473,145.4
tools,react,eog,teams,2,2,3,task_20260108_174958_137_df0ecdeb_a05f1e14,0.888889,0,181268,97.3
tools,react,eog,teams,2,2,3,task_20260109_060901_602_8e9e30d7_06581f9f,0.666667,0,150177,255.1
tools,react,eog,teams,2,2,3,task_20260109_063639_321_8e9e30d7_c31290aa,0.666667,0,216417,416.5
tools,react,eog,teams,2,2,3,task_20260109_155926_434_df0ecdeb_405562a2,0.0,0,238852,401.1
tools,react,eog,teams,3,1,1,task_20251121_134729_533_464ee3e0_2dcf2712,0.5,0,136243,140.9
tools,react,eog,teams,3,1,1,task_20251123_232016_480_7ebc1127_7a8d85a7,1.0,1,347732,246.5
tools,react,eog,teams,3,1,1,task_20251125_110309_032_464ee3e0_33f12828,0.75,0,158520,128.9
tools,react,eog,teams,3,1,1,task_20251125_113335_636_7ebc1127_a4ebffe8,0.333333,0,256698,273.4
tools,react,eog,teams,3,1,1,task_20251126_054150_897_7ebc1127_60097647,1.0,1,126136,88.7
tools,react,eog,teams,3,1,1,task_20251129_042410_343_df0ecdeb_573538d3,0.8,0,268810,189.9
tools,react,eog,teams,3,1,1,task_20251203_080912_583_df0ecdeb_a3470951,0.9,0,303771,229.9
tools,react,eog,teams,3,1,1,task_20251203_115913_239_b5bd4eb9_2e02dcf0,0.0,0,52356,65.6
tools,react,eog,teams,3,1,1,task_20260106_003109_589_b5bd4eb9_d0454fa5,0.0,0,56170,166.7
tools,react,eog,teams,3,1,1,task_20260106_104903_639_0154326e_81f6a68a,0.0,0,108143,134.3
tools,react,eog,teams,3,1,1,task_20260106_112645_853_8e9e30d7_1d4b934c,1.0,1,161297,181.2
tools,react,eog,teams,3,1,1,task_20260106_123222_425_8e9e30d7_7dea421b,0.0,0,80684,136.3
tools,react,eog,teams,3,1,1,task_20260106_155851_715_df0ecdeb_7b4347ef,0.75,0,135298,194.9
tools,react,eog,teams,3,1,1,task_20260107_032952_337_7ebc1127_75b96b98,0.666667,0,166298,151.1
tools,react,eog,teams,3,1,1,task_20260108_075149_000_df0ecdeb_ead1b33a,1.0,1,183481,144.4
tools,react,eog,teams,3,1,1,task_20260108_082113_548_df0ecdeb_2725d17f,0.75,0,135778,164.8
tools,react,eog,teams,3,1,1,task_20260108_172650_003_8e9e30d7_a1ff8588,0.272727,0,228233,249.7
tools,react,eog,teams,3,1,1,task_20260108_194921_186_8e9e30d7_a087d6f8,0.0,0,109858,175.2
tools,react,eog,teams,3,1,1,task_20260109_063128_468_8e9e30d7_e983fafa,0.0,0,200988,294.3
tools,react,eog,teams,3,1,1,task_20260109_122356_038_0154326e_d224a99d,0.142857,0,107622,160.3
tools,react,eog,teams,3,1,2,task_20251121_134729_533_464ee3e0_2dcf2712,0.5,0,134791,455.1
tools,react,eog,teams,3,1,2,task_20251123_232016_480_7ebc1127_7a8d85a7,1.0,1,237300,323.4
tools,react,eog,teams,3,1,2,task_20251125_110309_032_464ee3e0_33f12828,1.0,1,159161,129.1
tools,react,eog,teams,3,1,2,task_20251125_113335_636_7ebc1127_a4ebffe8,0.333333,0,165652,676.8
tools,react,eog,teams,3,1,2,task_20251126_054150_897_7ebc1127_60097647,1.0,1,126512,88.4
tools,react,eog,teams,3,1,2,task_20251129_042410_343_df0ecdeb_573538d3,0.8,0,270928,704.4
tools,react,eog,teams,3,1,2,task_20251203_080912_583_df0ecdeb_a3470951,0.9,0,370335,901.9
tools,react,eog,teams,3,1,2,task_20251203_115913_239_b5bd4eb9_2e02dcf0,0.0,0,53869,146.6
tools,react,eog,teams,3,1,2,task_20260106_003109_589_b5bd4eb9_d0454fa5,0.0,0,57066,273.4
tools,react,eog,teams,3,1,2,task_20260106_104903_639_0154326e_81f6a68a,0.0,0,107323,257.5
tools,react,eog,teams,3,1,2,task_20260106_112645_853_8e9e30d7_1d4b934c,1.0,1,188678,220.8
tools,react,eog,teams,3,1,2,task_20260106_123222_425_8e9e30d7_7dea421b,0.0,0,80853,119.2
tools,react,eog,teams,3,1,2,task_20260106_155851_715_df0ecdeb_7b4347ef,0.75,0,186717,350.7
tools,react,eog,teams,3,1,2,task_20260107_032952_337_7ebc1127_75b96b98,0.666667,0,224622,859.1
tools,react,eog,teams,3,1,2,task_20260108_075149_000_df0ecdeb_ead1b33a,1.0,1,155521,161.6
tools,react,eog,teams,3,1,2,task_20260108_082113_548_df0ecdeb_2725d17f,0.75,0,160654,294.3
tools,react,eog,teams,3,1,2,task_20260108_172650_003_8e9e30d7_a1ff8588,0.272727,0,333361,1175.9
tools,react,eog,teams,3,1,2,task_20260108_194921_186_8e9e30d7_a087d6f8,0.0,0,136195,244.5
tools,react,eog,teams,3,1,2,task_20260109_063128_468_8e9e30d7_e983fafa,0.333333,0,232940,968.8
tools,react,eog,teams,3,1,2,task_20260109_122356_038_0154326e_d224a99d,0.428571,0,107874,165.0
tools,react,eog,teams,3,1,3,task_20251121_134729_533_464ee3e0_2dcf2712,0.5,0,111819,616.9
tools,react,eog,teams,3,1,3,task_20251123_232016_480_7ebc1127_7a8d85a7,1.0,1,214425,248.6
tools,react,eog,teams,3,1,3,task_20251125_110309_032_464ee3e0_33f12828,1.0,1,157370,331.1
tools,react,eog,teams,3,1,3,task_20251125_113335_636_7ebc1127_a4ebffe8,0.5,0,278176,954.6
tools,react,eog,teams,3,1,3,task_20251126_054150_897_7ebc1127_60097647,1.0,1,126948,270.8
tools,react,eog,teams,3,1,3,task_20251129_042410_343_df0ecdeb_573538d3,0.8,0,271926,784.0
tools,react,eog,teams,3,1,3,task_20251203_080912_583_df0ecdeb_a3470951,0.9,0,337595,827.0
tools,react,eog,teams,3,1,3,task_20251203_115913_239_b5bd4eb9_2e02dcf0,0.0,0,52284,182.1
tools,react,eog,teams,3,1,3,task_20260106_003109_589_b5bd4eb9_d0454fa5,0.0,0,54415,149.5
tools,react,eog,teams,3,1,3,task_20260106_104903_639_0154326e_81f6a68a,0.0,0,131680,457.1
tools,react,eog,teams,3,1,3,task_20260106_112645_853_8e9e30d7_1d4b934c,1.0,1,189400,602.9
tools,react,eog,teams,3,1,3,task_20260106_123222_425_8e9e30d7_7dea421b,0.0,0,54118,347.5
tools,react,eog,teams,3,1,3,task_20260106_155851_715_df0ecdeb_7b4347ef,0.75,0,160176,558.5
tools,react,eog,teams,3,1,3,task_20260107_032952_337_7ebc1127_75b96b98,0.5,0,171908,705.7
tools,react,eog,teams,3,1,3,task_20260108_075149_000_df0ecdeb_ead1b33a,1.0,1,159272,598.0
tools,react,eog,teams,3,1,3,task_20260108_082113_548_df0ecdeb_2725d17f,0.75,0,81343,352.2
tools,react,eog,teams,3,1,3,task_20260108_172650_003_8e9e30d7_a1ff8588,0.272727,0,324259,1236.6
tools,react,eog,teams,3,1,3,task_20260108_194921_186_8e9e30d7_a087d6f8,0.0,0,110876,648.5
tools,react,eog,teams,3,1,3,task_20260109_063128_468_8e9e30d7_e983fafa,0.5,0,221112,837.8
tools,react,eog,teams,3,1,3,task_20260109_122356_038_0154326e_d224a99d,0.0,0,55738,199.2
tools,react,eog,teams,3,2,1,task_20251125_115122_370_8e9e30d7_e2700b24,0.875,0,353225,447.4
tools,react,eog,teams,3,2,1,task_20251129_042304_817_df0ecdeb_3df990f2,0.75,0,176860,177.7
tools,react,eog,teams,3,2,1,task_20251204_100825_050_df0ecdeb_c1b28adf,0.875,0,272008,275.2
tools,react,eog,teams,3,2,1,task_20260105_163515_719_8e9e30d7_d86e69de,1.0,1,239469,387.4
tools,react,eog,teams,3,2,1,task_20260105_225106_969_0154326e_fc0d4a7b,1.0,1,190473,162.9
tools,react,eog,teams,3,2,1,task_20260107_044347_094_7ebc1127_4e1fc798,0.8,0,110665,143.8
tools,react,eog,teams,3,2,1,task_20260108_162420_138_df0ecdeb_96950310,0.5,0,78000,126.8
tools,react,eog,teams,3,2,1,task_20260108_174958_137_df0ecdeb_a05f1e14,0.888889,0,209332,121.0
tools,react,eog,teams,3,2,1,task_20260109_060901_602_8e9e30d7_06581f9f,1.0,1,196259,269.1
tools,react,eog,teams,3,2,1,task_20260109_063639_321_8e9e30d7_c31290aa,0.916667,0,338712,477.8
tools,react,eog,teams,3,2,1,task_20260109_155926_434_df0ecdeb_405562a2,0.0,0,240165,325.1
tools,react,eog,teams,3,2,2,task_20251125_115122_370_8e9e30d7_e2700b24,0.875,0,238137,315.3
tools,react,eog,teams,3,2,2,task_20251129_042304_817_df0ecdeb_3df990f2,0.75,0,119305,169.9
tools,react,eog,teams,3,2,2,task_20251204_100825_050_df0ecdeb_c1b28adf,0.875,0,338080,339.5
tools,react,eog,teams,3,2,2,task_20260105_163515_719_8e9e30d7_d86e69de,0.5,0,297196,402.0
tools,react,eog,teams,3,2,2,task_20260105_225106_969_0154326e_fc0d4a7b,1.0,1,190732,140.2
tools,react,eog,teams,3,2,2,task_20260107_044347_094_7ebc1127_4e1fc798,0.8,0,109230,136.2
tools,react,eog,teams,3,2,2,task_20260108_162420_138_df0ecdeb_96950310,1.0,1,104930,107.1
tools,react,eog,teams,3,2,2,task_20260108_174958_137_df0ecdeb_a05f1e14,0.888889,0,210811,166.9
tools,react,eog,teams,3,2,2,task_20260109_060901_602_8e9e30d7_06581f9f,1.0,1,217556,220.5
tools,react,eog,teams,3,2,2,task_20260109_063639_321_8e9e30d7_c31290aa,0.666667,0,372408,677.8
tools,react,eog,teams,3,2,2,task_20260109_155926_434_df0ecdeb_405562a2,0.0,0,283874,402.9
tools,react,eog,teams,3,2,3,task_20251125_115122_370_8e9e30d7_e2700b24,0.875,0,394264,494.6
tools,react,eog,teams,3,2,3,task_20251129_042304_817_df0ecdeb_3df990f2,0.75,0,204921,105.9
tools,react,eog,teams,3,2,3,task_20251204_100825_050_df0ecdeb_c1b28adf,0.875,0,274166,264.3
tools,react,eog,teams,3,2,3,task_20260105_163515_719_8e9e30d7_d86e69de,0.0,0,54695,96.6
tools,react,eog,teams,3,2,3,task_20260105_225106_969_0154326e_fc0d4a7b,1.0,1,162613,104.8
tools,react,eog,teams,3,2,3,task_20260107_044347_094_7ebc1127_4e1fc798,1.0,1,219937,211.5
tools,react,eog,teams,3,2,3,task_20260108_162420_138_df0ecdeb_96950310,1.0,1,182809,159.1
tools,react,eog,teams,3,2,3,task_20260108_174958_137_df0ecdeb_a05f1e14,0.888889,0,210915,115.5
tools,react,eog,teams,3,2,3,task_20260109_060901_602_8e9e30d7_06581f9f,1.0,1,221068,231.2
tools,react,eog,teams,3,2,3,task_20260109_063639_321_8e9e30d7_c31290aa,0.833333,0,249472,383.0
tools,react,eog,teams,3,2,3,task_20260109_155926_434_df0ecdeb_405562a2,0.0,0,309719,522.0
tools,react,eog,teams,3,3,1,task_20251126_070103_077_501bbb2c_7c7c4ea6,1.0,1,153757,71.6
tools,react,eog,teams,3,3,1,task_20251202_174228_665_df0ecdeb_e84a9e55,0.888889,0,210500,174.7
tools,react,eog,teams,3,3,1,task_20251205_134123_742_b5bd4eb9_003270a9,0.8,0,298294,511.7
tools,react,eog,teams,3,3,1,task_20251205_192805_864_464ee3e0_91f2c02f,0.666667,0,288487,307.8
tools,react,eog,teams,3,3,1,task_20251205_210412_800_0154326e_3caf7df7,0.75,0,341909,384.4
tools,react,eog,teams,3,3,1,task_20260106_143232_971_0154326e_0af4275b,1.0,1,299660,243.8
tools,react,eog,teams,3,3,2,task_20251126_070103_077_501bbb2c_7c7c4ea6,1.0,1,157013,88.6
tools,react,eog,teams,3,3,2,task_20251202_174228_665_df0ecdeb_e84a9e55,0.888889,0,204598,104.6
tools,react,eog,teams,3,3,2,task_20251205_134123_742_b5bd4eb9_003270a9,1.0,1,260803,300.4
tools,react,eog,teams,3,3,2,task_20251205_192805_864_464ee3e0_91f2c02f,0.0,0,54301,112.2
tools,react,eog,teams,3,3,2,task_20251205_210412_800_0154326e_3caf7df7,1.0,1,281902,486.7
tools,react,eog,teams,3,3,2,task_20260106_143232_971_0154326e_0af4275b,1.0,1,223703,248.8
tools,react,eog,teams,3,3,3,task_20251126_070103_077_501bbb2c_7c7c4ea6,1.0,1,154192,79.2
tools,react,eog,teams,3,3,3,task_20251202_174228_665_df0ecdeb_e84a9e55,0.888889,0,269086,297.6
tools,react,eog,teams,3,3,3,task_20251205_134123_742_b5bd4eb9_003270a9,1.0,1,307834,384.2
tools,react,eog,teams,3,3,3,task_20251205_192805_864_464ee3e0_91f2c02f,0.0,0,26775,63.1
tools,react,eog,teams,3,3,3,task_20251205_210412_800_0154326e_3caf7df7,0.5,0,234609,442.7
tools,react,eog,teams,3,3,3,task_20260106_143232_971_0154326e_0af4275b,1.0,1,306743,300.7
tools,react,eog,teams,4,1,1,task_20251121_134729_533_464ee3e0_2dcf2712,0.5,0,120542,136.8
tools,react,eog,teams,4,1,1,task_20251123_232016_480_7ebc1127_7a8d85a7,1.0,1,237538,136.3
tools,react,eog,teams,4,1,1,task_20251125_110309_032_464ee3e0_33f12828,0.75,0,208561,207.4
tools,react,eog,teams,4,1,1,task_20251125_113335_636_7ebc1127_a4ebffe8,0.0,0,120266,145.5
tools,react,eog,teams,4,1,1,task_20251126_054150_897_7ebc1127_60097647,1.0,1,174325,117.5
tools,react,eog,teams,4,1,1,task_20251129_042410_343_df0ecdeb_573538d3,0.4,0,201305,308.3
tools,react,eog,teams,4,1,1,task_20251203_080912_583_df0ecdeb_a3470951,0.9,0,338959,359.0
tools,react,eog,teams,4,1,1,task_20251203_115913_239_b5bd4eb9_2e02dcf0,0.0,0,60519,195.4
tools,react,eog,teams,4,1,1,task_20260106_003109_589_b5bd4eb9_d0454fa5,0.0,0,61908,200.2
tools,react,eog,teams,4,1,1,task_20260106_104903_639_0154326e_81f6a68a,0.0,0,150146,286.7
tools,react,eog,teams,4,1,1,task_20260106_112645_853_8e9e30d7_1d4b934c,1.0,1,149537,178.5
tools,react,eog,teams,4,1,1,task_20260106_123222_425_8e9e30d7_7dea421b,0.0,0,60816,137.6
tools,react,eog,teams,4,1,1,task_20260106_155851_715_df0ecdeb_7b4347ef,0.75,0,181787,177.6
tools,react,eog,teams,4,1,1,task_20260107_032952_337_7ebc1127_75b96b98,0.666667,0,186445,249.6
tools,react,eog,teams,4,1,1,task_20260108_075149_000_df0ecdeb_ead1b33a,1.0,1,178434,158.0
tools,react,eog,teams,4,1,1,task_20260108_082113_548_df0ecdeb_2725d17f,0.75,0,181351,212.3
tools,react,eog,teams,4,1,1,task_20260108_172650_003_8e9e30d7_a1ff8588,0.272727,0,304397,472.0
tools,react,eog,teams,4,1,1,task_20260108_194921_186_8e9e30d7_a087d6f8,0.0,0,122423,180.2
tools,react,eog,teams,4,1,1,task_20260109_063128_468_8e9e30d7_e983fafa,0.333333,0,130077,218.6
tools,react,eog,teams,4,1,1,task_20260109_122356_038_0154326e_d224a99d,0.428571,0,155390,197.2
tools,react,eog,teams,4,1,2,task_20251121_134729_533_464ee3e0_2dcf2712,0.5,0,123003,170.4
tools,react,eog,teams,4,1,2,task_20251123_232016_480_7ebc1127_7a8d85a7,1.0,1,268772,189.5
tools,react,eog,teams,4,1,2,task_20251125_110309_032_464ee3e0_33f12828,1.0,1,178569,119.9
tools,react,eog,teams,4,1,2,task_20251125_113335_636_7ebc1127_a4ebffe8,0.333333,0,313358,309.6
tools,react,eog,teams,4,1,2,task_20251126_054150_897_7ebc1127_60097647,1.0,1,143902,123.9
tools,react,eog,teams,4,1,2,task_20251129_042410_343_df0ecdeb_573538d3,0.8,0,170037,262.5
tools,react,eog,teams,4,1,2,task_20251203_080912_583_df0ecdeb_a3470951,0.9,0,337619,200.3
tools,react,eog,teams,4,1,2,task_20251203_115913_239_b5bd4eb9_2e02dcf0,0.0,0,59882,122.8
tools,react,eog,teams,4,1,2,task_20260106_003109_589_b5bd4eb9_d0454fa5,0.0,0,61029,119.0
tools,react,eog,teams,4,1,2,task_20260106_104903_639_0154326e_81f6a68a,0.0,0,60524,131.8
tools,react,eog,teams,4,1,2,task_20260106_112645_853_8e9e30d7_1d4b934c,1.0,1,243001,211.0
tools,react,eog,teams,4,1,2,task_20260106_123222_425_8e9e30d7_7dea421b,0.0,0,123268,200.9
tools,react,eog,teams,4,1,2,task_20260106_155851_715_df0ecdeb_7b4347ef,0.75,0,179194,191.6
tools,react,eog,teams,4,1,2,task_20260107_032952_337_7ebc1127_75b96b98,1.0,1,223374,310.4
tools,react,eog,teams,4,1,2,task_20260108_075149_000_df0ecdeb_ead1b33a,1.0,1,179638,167.0
tools,react,eog,teams,4,1,2,task_20260108_082113_548_df0ecdeb_2725d17f,0.75,0,152167,228.6
tools,react,eog,teams,4,1,2,task_20260108_172650_003_8e9e30d7_a1ff8588,0.090909,0,189965,1156.4
tools,react,eog,teams,4,1,2,task_20260108_194921_186_8e9e30d7_a087d6f8,0.0,0,155102,278.7
tools,react,eog,teams,4,1,2,task_20260109_063128_468_8e9e30d7_e983fafa,0.333333,0,262352,563.3
tools,react,eog,teams,4,1,2,task_20260109_122356_038_0154326e_d224a99d,0.285714,0,123162,186.4
tools,react,eog,teams,4,1,3,task_20251121_134729_533_464ee3e0_2dcf2712,0.5,0,122527,90.7
tools,react,eog,teams,4,1,3,task_20251123_232016_480_7ebc1127_7a8d85a7,1.0,1,272492,171.1
tools,react,eog,teams,4,1,3,task_20251125_110309_032_464ee3e0_33f12828,1.0,1,209890,112.8
tools,react,eog,teams,4,1,3,task_20251125_113335_636_7ebc1127_a4ebffe8,0.5,0,418113,335.5
tools,react,eog,teams,4,1,3,task_20251126_054150_897_7ebc1127_60097647,1.0,1,142766,80.4
tools,react,eog,teams,4,1,3,task_20251129_042410_343_df0ecdeb_573538d3,0.8,0,301378,166.1
tools,react,eog,teams,4,1,3,task_20251203_080912_583_df0ecdeb_a3470951,0.9,0,342149,260.5
tools,react,eog,teams,4,1,3,task_20251203_115913_239_b5bd4eb9_2e02dcf0,0.0,0,60170,120.1
tools,react,eog,teams,4,1,3,task_20260106_003109_589_b5bd4eb9_d0454fa5,0.0,0,62344,74.0
tools,react,eog,teams,4,1,3,task_20260106_104903_639_0154326e_81f6a68a,0.0,0,149963,190.8
tools,react,eog,teams,4,1,3,task_20260106_112645_853_8e9e30d7_1d4b934c,1.0,1,241808,126.6
tools,react,eog,teams,4,1,3,task_20260106_123222_425_8e9e30d7_7dea421b,0.0,0,90641,119.1
tools,react,eog,teams,4,1,3,task_20260106_155851_715_df0ecdeb_7b4347ef,0.75,0,210760,164.1
tools,react,eog,teams,4,1,3,task_20260107_032952_337_7ebc1127_75b96b98,0.833333,0,283824,345.8
tools,react,eog,teams,4,1,3,task_20260108_075149_000_df0ecdeb_ead1b33a,1.0,1,178422,136.3
tools,react,eog,teams,4,1,3,task_20260108_082113_548_df0ecdeb_2725d17f,0.75,0,120151,198.9
tools,react,eog,teams,4,1,3,task_20260108_172650_003_8e9e30d7_a1ff8588,0.272727,0,319755,320.1
tools,react,eog,teams,4,1,3,task_20260108_194921_186_8e9e30d7_a087d6f8,0.0,0,124239,149.7
tools,react,eog,teams,4,1,3,task_20260109_063128_468_8e9e30d7_e983fafa,0.0,0,60298,103.3
tools,react,eog,teams,4,1,3,task_20260109_122356_038_0154326e_d224a99d,0.428571,0,122883,150.8
tools,react,eog,teams,4,2,1,task_20251125_115122_370_8e9e30d7_e2700b24,0.875,0,337257,483.8
tools,react,eog,teams,4,2,1,task_20251129_042304_817_df0ecdeb_3df990f2,0.75,0,227931,169.1
tools,react,eog,teams,4,2,1,task_20251204_100825_050_df0ecdeb_c1b28adf,0.875,0,272423,209.9
tools,react,eog,teams,4,2,1,task_20260105_163515_719_8e9e30d7_d86e69de,0.0,0,62364,135.4
tools,react,eog,teams,4,2,1,task_20260105_225106_969_0154326e_fc0d4a7b,1.0,1,188578,168.8
tools,react,eog,teams,4,2,1,task_20260107_044347_094_7ebc1127_4e1fc798,0.8,0,122427,117.1
tools,react,eog,teams,4,2,1,task_20260108_162420_138_df0ecdeb_96950310,0.5,0,91648,175.1
tools,react,eog,teams,4,2,1,task_20260108_174958_137_df0ecdeb_a05f1e14,0.888889,0,234782,139.6
tools,react,eog,teams,4,2,1,task_20260109_060901_602_8e9e30d7_06581f9f,1.0,1,243811,220.7
tools,react,eog,teams,4,2,1,task_20260109_063639_321_8e9e30d7_c31290aa,1.0,1,586355,692.5
tools,react,eog,teams,4,2,1,task_20260109_155926_434_df0ecdeb_405562a2,0.0,0,230553,326.7
tools,react,eog,teams,4,2,2,task_20251125_115122_370_8e9e30d7_e2700b24,0.875,0,501053,547.0
tools,react,eog,teams,4,2,2,task_20251129_042304_817_df0ecdeb_3df990f2,0.75,0,227731,130.0
tools,react,eog,teams,4,2,2,task_20251204_100825_050_df0ecdeb_c1b28adf,0.875,0,303479,246.1
tools,react,eog,teams,4,2,2,task_20260105_163515_719_8e9e30d7_d86e69de,1.0,1,197684,328.5
tools,react,eog,teams,4,2,2,task_20260105_225106_969_0154326e_fc0d4a7b,1.0,1,182025,155.7
tools,react,eog,teams,4,2,2,task_20260107_044347_094_7ebc1127_4e1fc798,0.6,0,156937,164.7
tools,react,eog,teams,4,2,2,task_20260108_162420_138_df0ecdeb_96950310,1.0,1,119946,127.2
tools,react,eog,teams,4,2,2,task_20260108_174958_137_df0ecdeb_a05f1e14,0.888889,0,234998,117.2
tools,react,eog,teams,4,2,2,task_20260109_060901_602_8e9e30d7_06581f9f,1.0,1,156793,150.2
tools,react,eog,teams,4,2,2,task_20260109_063639_321_8e9e30d7_c31290aa,1.0,1,398421,582.8
tools,react,eog,teams,4,2,2,task_20260109_155926_434_df0ecdeb_405562a2,0.0,0,238798,365.6
tools,react,eog,teams,4,2,3,task_20251125_115122_370_8e9e30d7_e2700b24,0.75,0,430504,517.2
tools,react,eog,teams,4,2,3,task_20251129_042304_817_df0ecdeb_3df990f2,0.75,0,230654,152.9
tools,react,eog,teams,4,2,3,task_20251204_100825_050_df0ecdeb_c1b28adf,0.875,0,343322,321.0
tools,react,eog,teams,4,2,3,task_20260105_163515_719_8e9e30d7_d86e69de,0.0,0,61884,102.4
tools,react,eog,teams,4,2,3,task_20260105_225106_969_0154326e_fc0d4a7b,1.0,1,212211,179.3
tools,react,eog,teams,4,2,3,task_20260107_044347_094_7ebc1127_4e1fc798,1.0,1,123880,146.7
tools,react,eog,teams,4,2,3,task_20260108_162420_138_df0ecdeb_96950310,1.0,1,118160,108.6
tools,react,eog,teams,4,2,3,task_20260108_174958_137_df0ecdeb_a05f1e14,0.888889,0,236939,143.4
tools,react,eog,teams,4,2,3,task_20260109_060901_602_8e9e30d7_06581f9f,1.0,1,159172,219.5
tools,react,eog,teams,4,2,3,task_20260109_063639_321_8e9e30d7_c31290aa,1.0,1,298002,424.5
tools,react,eog,teams,4,2,3,task_20260109_155926_434_df0ecdeb_405562a2,0.0,0,303672,492.7
tools,react,eog,teams,4,3,1,task_20251126_070103_077_501bbb2c_7c7c4ea6,1.0,1,147120,84.9
tools,react,eog,teams,4,3,1,task_20251202_174228_665_df0ecdeb_e84a9e55,0.888889,0,268179,252.0
tools,react,eog,teams,4,3,1,task_20251205_134123_742_b5bd4eb9_003270a9,1.0,1,389046,349.7
tools,react,eog,teams,4,3,1,task_20251205_192805_864_464ee3e0_91f2c02f,0.0,0,30021,29.1
tools,react,eog,teams,4,3,1,task_20251205_210412_800_0154326e_3caf7df7,1.0,1,285630,288.5
tools,react,eog,teams,4,3,1,task_20260106_143232_971_0154326e_0af4275b,1.0,1,310960,176.8
tools,react,eog,teams,4,3,2,task_20251126_070103_077_501bbb2c_7c7c4ea6,1.0,1,147031,99.6
tools,react,eog,teams,4,3,2,task_20251202_174228_665_df0ecdeb_e84a9e55,0.888889,0,334448,311.3
tools,react,eog,teams,4,3,2,task_20251205_134123_742_b5bd4eb9_003270a9,0.8,0,253244,309.3
tools,react,eog,teams,4,3,2,task_20251205_192805_864_464ee3e0_91f2c02f,0.666667,0,321604,238.6
tools,react,eog,teams,4,3,2,task_20251205_210412_800_0154326e_3caf7df7,0.75,0,330394,502.7
tools,react,eog,teams,4,3,2,task_20260106_143232_971_0154326e_0af4275b,1.0,1,251537,208.9
tools,react,eog,teams,4,3,3,task_20251126_070103_077_501bbb2c_7c7c4ea6,1.0,1,146951,150.0
tools,react,eog,teams,4,3,3,task_20251202_174228_665_df0ecdeb_e84a9e55,0.888889,0,201208,224.0
tools,react,eog,teams,4,3,3,task_20251205_134123_742_b5bd4eb9_003270a9,0.8,0,258742,452.3
tools,react,eog,teams,4,3,3,task_20251205_192805_864_464ee3e0_91f2c02f,0.0,0,60875,118.9
tools,react,eog,teams,4,3,3,task_20251205_210412_800_0154326e_3caf7df7,0.75,0,328147,407.6
tools,react,eog,teams,4,3,3,task_20260106_143232_971_0154326e_0af4275b,1.0,1,310836,266.0
tools,react,eog,teams,4,4,1,task_20251126_055301_905_8e9e30d7_6aab00b8,0.8,0,217661,257.7
tools,react,eog,teams,4,4,1,task_20251128_120055_076_8e9e30d7_e5dcfa22,0.0,0,63514,128.0
tools,react,eog,teams,4,4,1,task_20251128_200856_738_0154326e_752f99ad,0.875,0,336367,131.2
tools,react,eog,teams,4,4,1,task_20260106_040225_149_7ebc1127_e9ac645c,0.0,0,58331,54.5
tools,react,eog,teams,4,4,1,task_20260107_111155_131_0154326e_96e0246b,0.555556,0,131180,231.2
tools,react,eog,teams,4,4,1,task_20260109_004703_994_7ebc1127_6f97f3e9,0.714286,0,632339,564.0
tools,react,eog,teams,4,4,2,task_20251126_055301_905_8e9e30d7_6aab00b8,0.4,0,183414,192.8
tools,react,eog,teams,4,4,2,task_20251128_120055_076_8e9e30d7_e5dcfa22,0.0,0,90873,108.3
tools,react,eog,teams,4,4,2,task_20251128_200856_738_0154326e_752f99ad,0.875,0,341038,174.4
tools,react,eog,teams,4,4,2,task_20260106_040225_149_7ebc1127_e9ac645c,0.0,0,60408,92.4
tools,react,eog,teams,4,4,2,task_20260107_111155_131_0154326e_96e0246b,0.0,0,61341,88.5
tools,react,eog,teams,4,4,2,task_20260109_004703_994_7ebc1127_6f97f3e9,0.714286,0,382905,210.1
tools,react,eog,teams,4,4,3,task_20251126_055301_905_8e9e30d7_6aab00b8,0.8,0,303144,392.7
tools,react,eog,teams,4,4,3,task_20251128_120055_076_8e9e30d7_e5dcfa22,0.0,0,62337,174.2
tools,react,eog,teams,4,4,3,task_20251128_200856_738_0154326e_752f99ad,0.75,0,340702,323.4
tools,react,eog,teams,4,4,3,task_20260106_040225_149_7ebc1127_e9ac645c,1.0,1,149406,112.4
tools,react,eog,teams,4,4,3,task_20260107_111155_131_0154326e_96e0246b,0.0,0,62764,186.6
tools,react,eog,teams,4,4,3,task_20260109_004703_994_7ebc1127_6f97f3e9,0.714286,0,385948,349.0
