track,arm,benchmark,stream,adapt_stage,eval_cohort,run,task_id,score,success,recorded_tokens,recorded_seconds
tools,memtoolagent,ale,ale,1,1,1,business_finance/american_option_pricing_ls,0.5,0,7253036,691.0
tools,memtoolagent,ale,ale,1,1,1,business_finance/basel_operational_risk_bia_cn,0.0,0,5336819,311.4
tools,memtoolagent,ale,ale,1,1,1,business_finance/bpmn_supply_disruption_l3,0.0,0,3094700,368.5
tools,memtoolagent,ale,ale,1,1,1,business_finance/digital_marketing_audience_segmentation_1,0.0,0,4965555,432.5
tools,memtoolagent,ale,ale,1,1,1,business_finance/pe_screening_memo_1,0.60625,0,2214674,242.9
tools,memtoolagent,ale,ale,1,1,1,business_finance/sse_northbound_programmatic_trading_01,0.0,0,3830955,244.5
tools,memtoolagent,ale,ale,1,1,1,computing_math/branch_bound_atsp,0.0,0,7230839,510.3
tools,memtoolagent,ale,ale,1,1,1,computing_math/cfr_game_theory_equilibrium,0.33,0,1941363,581.9
tools,memtoolagent,ale,ale,1,1,1,computing_math/cost_optimization_1,0.59853,0,4468206,530.4
tools,memtoolagent,ale,ale,1,1,1,computing_math/ising_post_measurement_1,0.0,0,587297,184.5
tools,memtoolagent,ale,ale,1,1,1,computing_math/k8s_payment_api_root_cause_analysis,0.605,0,1183736,164.9
tools,memtoolagent,ale,ale,1,1,1,computing_math/recsys_cold_start_instance_1,0.666667,0,3995678,513.7
tools,memtoolagent,ale,ale,1,1,1,computing_math/synthetic_causal_structure_inference,0.34495,0,5216855,470.9
tools,memtoolagent,ale,ale,1,1,1,education_info/homework_grading_numerical_pdes_instance_02,0.0,0,4448748,338.7
tools,memtoolagent,ale,ale,1,1,1,education_info/marc_remediation_folio_overlay,0.0,0,3782404,388.9
tools,memtoolagent,ale,ale,1,1,1,education_info/moodle_gradebook_closeout_reconciliation,0.0,0,10044663,455.0
tools,memtoolagent,ale,ale,1,1,1,engineering/aerospace_low_thrust_trajectory,0.0,0,4270935,596.9
tools,memtoolagent,ale,ale,1,1,1,health_medicine/crf_sdtm_mapping_4,0.2081,0,1382412,265.8
tools,memtoolagent,ale,ale,1,1,1,health_medicine/epidemiology_forecast,0.0,0,192940,133.6
tools,memtoolagent,ale,ale,1,1,1,health_medicine/flusight_offline_hosp_forecast_2024_12_14,0.0,0,1154905,113.4
tools,memtoolagent,ale,ale,1,1,1,health_medicine/healthcare_bias_audit_27a_public_replication_v1,0.0,0,13630558,860.9
tools,memtoolagent,ale,ale,1,1,1,health_medicine/nhanes_confounder_sensitivity_analysis,0.53782,0,2336951,233.2
tools,memtoolagent,ale,ale,1,1,1,health_medicine/scene3_skullstrip_qc,1.0,1,758150,96.6
tools,memtoolagent,ale,ale,1,1,1,legal/agora_governance_classify_instance_1,0.0,0,5891918,411.9
tools,memtoolagent,ale,ale,1,1,1,life_sciences/cell_tracking_instance_1,0.0,0,4846764,424.7
tools,memtoolagent,ale,ale,1,1,1,life_sciences/cell_translocation_analysis,0.0,0,3003658,444.5
tools,memtoolagent,ale,ale,1,1,1,life_sciences/tcga_brca_deg_analysis,1.0,1,3963402,526.0
tools,memtoolagent,ale,ale,1,1,1,physical_sciences/adapt_vqe_molecular_energy,0.0,0,2172935,305.0
tools,memtoolagent,ale,ale,1,1,1,physical_sciences/gillespie_gene_regulatory_network,0.0,0,2870237,422.3
tools,memtoolagent,ale,ale,1,1,1,physical_sciences/glm_lake_calibration,0.0,0,7998309,442.7
tools,memtoolagent,ale,ale,1,1,1,physical_sciences/molecular_structure_plausibility,0.333333,0,1360964,136.4
tools,memtoolagent,ale,ale,1,1,1,physical_sciences/mose2_bse_absorption_soc,0.0,0,1991676,307.5
tools,memtoolagent,ale,ale,1,1,1,psychology_neuro/scene2_resample,0.0,0,1203963,311.7
tools,memtoolagent,ale,ale,1,1,1,transport_safety/abm_hangzhou_metro,0.0,0,3231092,450.9
tools,memtoolagent,ale,ale,1,1,2,business_finance/american_option_pricing_ls,0.5,0,2978791,402.4
tools,memtoolagent,ale,ale,1,1,2,business_finance/basel_operational_risk_bia_cn,0.0,0,4149043,327.5
tools,memtoolagent,ale,ale,1,1,2,business_finance/bpmn_supply_disruption_l3,0.0,0,2623984,364.3
tools,memtoolagent,ale,ale,1,1,2,business_finance/digital_marketing_audience_segmentation_1,0.8083,0,1728511,239.2
tools,memtoolagent,ale,ale,1,1,2,business_finance/pe_screening_memo_1,0.7375,0,2385446,171.9
tools,memtoolagent,ale,ale,1,1,2,business_finance/sse_northbound_programmatic_trading_01,0.666667,0,3449441,161.8
tools,memtoolagent,ale,ale,1,1,2,computing_math/branch_bound_atsp,0.0,0,7747117,465.3
tools,memtoolagent,ale,ale,1,1,2,computing_math/cfr_game_theory_equilibrium,0.0,0,2138248,495.4
tools,memtoolagent,ale,ale,1,1,2,computing_math/cost_optimization_1,0.584812,0,2813940,244.2
tools,memtoolagent,ale,ale,1,1,2,computing_math/ising_post_measurement_1,0.0,0,1644133,393.5
tools,memtoolagent,ale,ale,1,1,2,computing_math/k8s_payment_api_root_cause_analysis,0.788889,0,3615900,222.8
tools,memtoolagent,ale,ale,1,1,2,computing_math/recsys_cold_start_instance_1,0.5,0,3969839,490.9
tools,memtoolagent,ale,ale,1,1,2,computing_math/synthetic_causal_structure_inference,0.261663,0,1572079,202.7
tools,memtoolagent,ale,ale,1,1,2,education_info/homework_grading_numerical_pdes_instance_02,0.0,0,6734779,302.6
tools,memtoolagent,ale,ale,1,1,2,education_info/marc_remediation_folio_overlay,0.0,0,3262714,385.0
tools,memtoolagent,ale,ale,1,1,2,education_info/moodle_gradebook_closeout_reconciliation,0.0,0,7692124,468.1
tools,memtoolagent,ale,ale,1,1,2,engineering/aerospace_low_thrust_trajectory,0.0,0,3351275,243.9
tools,memtoolagent,ale,ale,1,1,2,health_medicine/crf_sdtm_mapping_4,0.0,0,1164624,210.9
tools,memtoolagent,ale,ale,1,1,2,health_medicine/epidemiology_forecast,0.0,0,2383947,312.1
tools,memtoolagent,ale,ale,1,1,2,health_medicine/flusight_offline_hosp_forecast_2024_12_14,0.0,0,2993281,212.6
tools,memtoolagent,ale,ale,1,1,2,health_medicine/healthcare_bias_audit_27a_public_replication_v1,0.0,0,15315028,1481.5
tools,memtoolagent,ale,ale,1,1,2,health_medicine/nhanes_confounder_sensitivity_analysis,0.563542,0,2632860,273.0
tools,memtoolagent,ale,ale,1,1,2,health_medicine/scene3_skullstrip_qc,1.0,1,962904,152.7
tools,memtoolagent,ale,ale,1,1,2,legal/agora_governance_classify_instance_1,0.293875,0,9498766,354.9
tools,memtoolagent,ale,ale,1,1,2,life_sciences/cell_tracking_instance_1,0.0,0,2220008,311.6
tools,memtoolagent,ale,ale,1,1,2,life_sciences/cell_translocation_analysis,0.0,0,4592746,487.4
tools,memtoolagent,ale,ale,1,1,2,life_sciences/tcga_brca_deg_analysis,1.0,1,6028372,490.2
tools,memtoolagent,ale,ale,1,1,2,physical_sciences/adapt_vqe_molecular_energy,0.0,0,3212498,355.8
tools,memtoolagent,ale,ale,1,1,2,physical_sciences/gillespie_gene_regulatory_network,0.0,0,3273240,353.5
tools,memtoolagent,ale,ale,1,1,2,physical_sciences/glm_lake_calibration,0.0,0,3691389,238.8
tools,memtoolagent,ale,ale,1,1,2,physical_sciences/molecular_structure_plausibility,0.142857,0,2729750,204.3
tools,memtoolagent,ale,ale,1,1,2,physical_sciences/mose2_bse_absorption_soc,0.0,0,1592547,226.7
tools,memtoolagent,ale,ale,1,1,2,psychology_neuro/scene2_resample,0.0,0,5854881,324.9
tools,memtoolagent,ale,ale,1,1,2,transport_safety/abm_hangzhou_metro,0.0,0,3495681,366.7
tools,memtoolagent,ale,ale,1,1,3,business_finance/american_option_pricing_ls,0.5,0,6087256,609.5
tools,memtoolagent,ale,ale,1,1,3,business_finance/basel_operational_risk_bia_cn,0.0,0,3308014,324.9
tools,memtoolagent,ale,ale,1,1,3,business_finance/bpmn_supply_disruption_l3,0.0,0,2067296,388.4
tools,memtoolagent,ale,ale,1,1,3,business_finance/digital_marketing_audience_segmentation_1,0.8667,0,2947949,343.8
tools,memtoolagent,ale,ale,1,1,3,business_finance/pe_screening_memo_1,0.66875,0,5832229,324.7
tools,memtoolagent,ale,ale,1,1,3,business_finance/sse_northbound_programmatic_trading_01,0.0,0,5373720,285.9
tools,memtoolagent,ale,ale,1,1,3,computing_math/branch_bound_atsp,0.0,0,6582501,724.0
tools,memtoolagent,ale,ale,1,1,3,computing_math/cfr_game_theory_equilibrium,0.0,0,1723463,406.4
tools,memtoolagent,ale,ale,1,1,3,computing_math/cost_optimization_1,0.584812,0,4263612,407.4
tools,memtoolagent,ale,ale,1,1,3,computing_math/ising_post_measurement_1,0.0,0,2659475,328.5
tools,memtoolagent,ale,ale,1,1,3,computing_math/k8s_payment_api_root_cause_analysis,0.716667,0,2362120,154.5
tools,memtoolagent,ale,ale,1,1,3,computing_math/recsys_cold_start_instance_1,0.5,0,2648360,423.0
tools,memtoolagent,ale,ale,1,1,3,computing_math/synthetic_causal_structure_inference,0.333787,0,2954112,185.4
tools,memtoolagent,ale,ale,1,1,3,education_info/homework_grading_numerical_pdes_instance_02,0.736485,0,4559332,246.3
tools,memtoolagent,ale,ale,1,1,3,education_info/marc_remediation_folio_overlay,0.0,0,2377873,258.0
tools,memtoolagent,ale,ale,1,1,3,education_info/moodle_gradebook_closeout_reconciliation,0.0,0,6376663,414.6
tools,memtoolagent,ale,ale,1,1,3,engineering/aerospace_low_thrust_trajectory,0.0,0,4719148,1090.8
tools,memtoolagent,ale,ale,1,1,3,health_medicine/crf_sdtm_mapping_4,0.0,0,2153253,273.4
tools,memtoolagent,ale,ale,1,1,3,health_medicine/epidemiology_forecast,0.0,0,3761405,349.3
tools,memtoolagent,ale,ale,1,1,3,health_medicine/flusight_offline_hosp_forecast_2024_12_14,0.052709,0,1742206,140.7
tools,memtoolagent,ale,ale,1,1,3,health_medicine/healthcare_bias_audit_27a_public_replication_v1,0.0,0,377942,84.6
tools,memtoolagent,ale,ale,1,1,3,health_medicine/nhanes_confounder_sensitivity_analysis,0.596215,0,2133974,157.4
tools,memtoolagent,ale,ale,1,1,3,health_medicine/scene3_skullstrip_qc,1.0,1,1523547,137.1
tools,memtoolagent,ale,ale,1,1,3,legal/agora_governance_classify_instance_1,0.460847,0,3998848,278.2
tools,memtoolagent,ale,ale,1,1,3,life_sciences/cell_tracking_instance_1,0.490633,0,5580184,446.4
tools,memtoolagent,ale,ale,1,1,3,life_sciences/cell_translocation_analysis,0.0,0,3317310,357.1
tools,memtoolagent,ale,ale,1,1,3,life_sciences/tcga_brca_deg_analysis,1.0,1,3198111,427.7
tools,memtoolagent,ale,ale,1,1,3,physical_sciences/adapt_vqe_molecular_energy,0.0,0,2671677,409.3
tools,memtoolagent,ale,ale,1,1,3,physical_sciences/gillespie_gene_regulatory_network,0.0,0,2813410,323.5
tools,memtoolagent,ale,ale,1,1,3,physical_sciences/glm_lake_calibration,0.0,0,5337410,279.3
tools,memtoolagent,ale,ale,1,1,3,physical_sciences/molecular_structure_plausibility,0.333333,0,1570729,294.4
tools,memtoolagent,ale,ale,1,1,3,physical_sciences/mose2_bse_absorption_soc,0.0,0,2152054,204.5
tools,memtoolagent,ale,ale,1,1,3,psychology_neuro/scene2_resample,0.0,0,2175404,329.4
tools,memtoolagent,ale,ale,1,1,3,transport_safety/abm_hangzhou_metro,0.0,0,4822032,441.2
tools,memtoolagent,ale,ale,2,1,1,business_finance/american_option_pricing_ls,1.0,1,3233972,1035.4
tools,memtoolagent,ale,ale,2,1,1,business_finance/basel_operational_risk_bia_cn,0.0,0,1154027,311.5
tools,memtoolagent,ale,ale,2,1,1,business_finance/bpmn_supply_disruption_l3,0.58,0,5363329,1047.7
tools,memtoolagent,ale,ale,2,1,1,business_finance/digital_marketing_audience_segmentation_1,0.7245,0,1884037,317.3
tools,memtoolagent,ale,ale,2,1,1,business_finance/pe_screening_memo_1,0.0,0,3012117,374.0
tools,memtoolagent,ale,ale,2,1,1,business_finance/sse_northbound_programmatic_trading_01,0.333333,0,726267,161.0
tools,memtoolagent,ale,ale,2,1,1,computing_math/branch_bound_atsp,0.0,0,5031670,767.1
tools,memtoolagent,ale,ale,2,1,1,computing_math/cfr_game_theory_equilibrium,0.33,0,1898741,577.2
tools,memtoolagent,ale,ale,2,1,1,computing_math/cost_optimization_1,0.0,0,1282534,476.0
tools,memtoolagent,ale,ale,2,1,1,computing_math/ising_post_measurement_1,0.0,0,555370,274.3
tools,memtoolagent,ale,ale,2,1,1,computing_math/k8s_payment_api_root_cause_analysis,0.588889,0,1354172,475.9
tools,memtoolagent,ale,ale,2,1,1,computing_math/recsys_cold_start_instance_1,0.5,0,2351604,667.7
tools,memtoolagent,ale,ale,2,1,1,computing_math/synthetic_causal_structure_inference,0.315481,0,503575,282.1
tools,memtoolagent,ale,ale,2,1,1,education_info/homework_grading_numerical_pdes_instance_02,0.0,0,4118492,504.8
tools,memtoolagent,ale,ale,2,1,1,education_info/marc_remediation_folio_overlay,0.1,0,5893207,520.2
tools,memtoolagent,ale,ale,2,1,1,education_info/moodle_gradebook_closeout_reconciliation,0.0,0,2626581,416.4
tools,memtoolagent,ale,ale,2,1,1,engineering/aerospace_low_thrust_trajectory,0.0,0,953560,443.8
tools,memtoolagent,ale,ale,2,1,1,health_medicine/crf_sdtm_mapping_4,0.3971,0,2384924,442.3
tools,memtoolagent,ale,ale,2,1,1,health_medicine/epidemiology_forecast,1.0,1,1345109,393.0
tools,memtoolagent,ale,ale,2,1,1,health_medicine/flusight_offline_hosp_forecast_2024_12_14,0.0,0,1403784,185.9
tools,memtoolagent,ale,ale,2,1,1,health_medicine/healthcare_bias_audit_27a_public_replication_v1,0.0,0,5741706,846.2
tools,memtoolagent,ale,ale,2,1,1,health_medicine/nhanes_confounder_sensitivity_analysis,0.563542,0,1163378,322.6
tools,memtoolagent,ale,ale,2,1,1,health_medicine/scene3_skullstrip_qc,1.0,1,154851,75.0
tools,memtoolagent,ale,ale,2,1,1,legal/agora_governance_classify_instance_1,0.0,0,5374246,590.6
tools,memtoolagent,ale,ale,2,1,1,life_sciences/cell_tracking_instance_1,0.0,0,246127,89.6
tools,memtoolagent,ale,ale,2,1,1,life_sciences/cell_translocation_analysis,0.0,0,4595133,1039.8
tools,memtoolagent,ale,ale,2,1,1,life_sciences/tcga_brca_deg_analysis,0.0,0,245782,74.9
tools,memtoolagent,ale,ale,2,1,1,physical_sciences/adapt_vqe_molecular_energy,0.333333,0,2098788,822.2
tools,memtoolagent,ale,ale,2,1,1,physical_sciences/gillespie_gene_regulatory_network,0.43,0,1450831,747.7
tools,memtoolagent,ale,ale,2,1,1,physical_sciences/glm_lake_calibration,0.0,0,4369403,567.6
tools,memtoolagent,ale,ale,2,1,1,physical_sciences/molecular_structure_plausibility,0.428571,0,586776,193.8
tools,memtoolagent,ale,ale,2,1,1,physical_sciences/mose2_bse_absorption_soc,0.0,0,2101814,574.0
tools,memtoolagent,ale,ale,2,1,1,psychology_neuro/scene2_resample,0.0,0,838893,471.2
tools,memtoolagent,ale,ale,2,1,1,transport_safety/abm_hangzhou_metro,0.0,0,2077669,742.0
tools,memtoolagent,ale,ale,2,1,2,business_finance/american_option_pricing_ls,0.5,0,576882,346.6
tools,memtoolagent,ale,ale,2,1,2,business_finance/basel_operational_risk_bia_cn,0.0,0,685722,245.3
tools,memtoolagent,ale,ale,2,1,2,business_finance/bpmn_supply_disruption_l3,0.1976,0,1925547,758.1
tools,memtoolagent,ale,ale,2,1,2,business_finance/digital_marketing_audience_segmentation_1,0.8333,0,1713305,535.6
tools,memtoolagent,ale,ale,2,1,2,business_finance/pe_screening_memo_1,0.6625,0,966171,275.8
tools,memtoolagent,ale,ale,2,1,2,business_finance/sse_northbound_programmatic_trading_01,0.666667,0,831769,193.2
tools,memtoolagent,ale,ale,2,1,2,computing_math/branch_bound_atsp,0.95,0,3830710,575.4
tools,memtoolagent,ale,ale,2,1,2,computing_math/cfr_game_theory_equilibrium,0.0,0,1496291,590.5
tools,memtoolagent,ale,ale,2,1,2,computing_math/cost_optimization_1,0.0,0,1494271,424.2
tools,memtoolagent,ale,ale,2,1,2,computing_math/ising_post_measurement_1,1.0,1,1478456,601.6
tools,memtoolagent,ale,ale,2,1,2,computing_math/k8s_payment_api_root_cause_analysis,0.738889,0,910242,283.2
tools,memtoolagent,ale,ale,2,1,2,computing_math/recsys_cold_start_instance_1,0.5,0,1423351,725.0
tools,memtoolagent,ale,ale,2,1,2,computing_math/synthetic_causal_structure_inference,0.318435,0,865611,253.3
tools,memtoolagent,ale,ale,2,1,2,education_info/homework_grading_numerical_pdes_instance_02,0.756485,0,1274999,335.0
tools,memtoolagent,ale,ale,2,1,2,education_info/marc_remediation_folio_overlay,0.1,0,3011380,639.1
tools,memtoolagent,ale,ale,2,1,2,education_info/moodle_gradebook_closeout_reconciliation,0.0,0,1673637,434.9
tools,memtoolagent,ale,ale,2,1,2,engineering/aerospace_low_thrust_trajectory,0.0,0,1603594,380.0
tools,memtoolagent,ale,ale,2,1,2,health_medicine/crf_sdtm_mapping_4,0.2919,0,3448704,454.2
tools,memtoolagent,ale,ale,2,1,2,health_medicine/epidemiology_forecast,0.0,0,965184,445.0
tools,memtoolagent,ale,ale,2,1,2,health_medicine/flusight_offline_hosp_forecast_2024_12_14,0.0,0,1190776,236.8
tools,memtoolagent,ale,ale,2,1,2,health_medicine/healthcare_bias_audit_27a_public_replication_v1,0.0,0,3452497,817.6
tools,memtoolagent,ale,ale,2,1,2,health_medicine/nhanes_confounder_sensitivity_analysis,0.563542,0,2162638,334.5
tools,memtoolagent,ale,ale,2,1,2,health_medicine/scene3_skullstrip_qc,1.0,1,440325,171.9
tools,memtoolagent,ale,ale,2,1,2,legal/agora_governance_classify_instance_1,0.338319,0,3081266,398.2
tools,memtoolagent,ale,ale,2,1,2,life_sciences/cell_tracking_instance_1,0.0,0,246746,114.3
tools,memtoolagent,ale,ale,2,1,2,life_sciences/cell_translocation_analysis,0.0,0,544779,445.2
tools,memtoolagent,ale,ale,2,1,2,life_sciences/tcga_brca_deg_analysis,1.0,1,1619267,513.1
tools,memtoolagent,ale,ale,2,1,2,physical_sciences/adapt_vqe_molecular_energy,0.333333,0,1422406,648.6
tools,memtoolagent,ale,ale,2,1,2,physical_sciences/gillespie_gene_regulatory_network,0.55,0,1211612,631.8
tools,memtoolagent,ale,ale,2,1,2,physical_sciences/glm_lake_calibration,0.0,0,7882325,697.6
tools,memtoolagent,ale,ale,2,1,2,physical_sciences/molecular_structure_plausibility,0.333333,0,257626,139.6
tools,memtoolagent,ale,ale,2,1,2,physical_sciences/mose2_bse_absorption_soc,0.0,0,2315392,641.1
tools,memtoolagent,ale,ale,2,1,2,psychology_neuro/scene2_resample,0.0,0,3024214,566.7
tools,memtoolagent,ale,ale,2,1,2,transport_safety/abm_hangzhou_metro,0.0,0,2626755,573.1
tools,memtoolagent,ale,ale,2,1,3,business_finance/american_option_pricing_ls,1.0,1,1628013,752.3
tools,memtoolagent,ale,ale,2,1,3,business_finance/basel_operational_risk_bia_cn,0.0,0,808316,203.3
tools,memtoolagent,ale,ale,2,1,3,business_finance/bpmn_supply_disruption_l3,0.0,0,2923472,495.4
tools,memtoolagent,ale,ale,2,1,3,business_finance/digital_marketing_audience_segmentation_1,0.9042,0,3330867,487.5
tools,memtoolagent,ale,ale,2,1,3,business_finance/pe_screening_memo_1,0.75625,0,886380,245.9
tools,memtoolagent,ale,ale,2,1,3,business_finance/sse_northbound_programmatic_trading_01,0.666667,0,812055,162.6
tools,memtoolagent,ale,ale,2,1,3,computing_math/branch_bound_atsp,0.0,0,1983045,537.8
tools,memtoolagent,ale,ale,2,1,3,computing_math/cfr_game_theory_equilibrium,0.33,0,2262394,757.9
tools,memtoolagent,ale,ale,2,1,3,computing_math/cost_optimization_1,0.602044,0,3765743,646.4
tools,memtoolagent,ale,ale,2,1,3,computing_math/ising_post_measurement_1,1.0,1,245441,182.5
tools,memtoolagent,ale,ale,2,1,3,computing_math/k8s_payment_api_root_cause_analysis,0.655,0,325078,151.0
tools,memtoolagent,ale,ale,2,1,3,computing_math/recsys_cold_start_instance_1,0.5,0,1301358,1775.9
tools,memtoolagent,ale,ale,2,1,3,computing_math/synthetic_causal_structure_inference,0.340815,0,319696,162.8
tools,memtoolagent,ale,ale,2,1,3,education_info/homework_grading_numerical_pdes_instance_02,0.759818,0,3543799,383.5
tools,memtoolagent,ale,ale,2,1,3,education_info/marc_remediation_folio_overlay,0.1,0,1808992,455.3
tools,memtoolagent,ale,ale,2,1,3,education_info/moodle_gradebook_closeout_reconciliation,0.0,0,7267668,449.7
tools,memtoolagent,ale,ale,2,1,3,engineering/aerospace_low_thrust_trajectory,0.0,0,816640,255.5
tools,memtoolagent,ale,ale,2,1,3,health_medicine/crf_sdtm_mapping_4,0.0,0,2921965,374.0
tools,memtoolagent,ale,ale,2,1,3,health_medicine/epidemiology_forecast,0.0,0,1520661,369.7
tools,memtoolagent,ale,ale,2,1,3,health_medicine/flusight_offline_hosp_forecast_2024_12_14,0.2469,0,871965,173.0
tools,memtoolagent,ale,ale,2,1,3,health_medicine/healthcare_bias_audit_27a_public_replication_v1,0.0,0,8557529,846.1
tools,memtoolagent,ale,ale,2,1,3,health_medicine/nhanes_confounder_sensitivity_analysis,0.571153,0,1676312,359.6
tools,memtoolagent,ale,ale,2,1,3,health_medicine/scene3_skullstrip_qc,1.0,1,198006,127.8
tools,memtoolagent,ale,ale,2,1,3,legal/agora_governance_classify_instance_1,0.0,0,2252223,465.2
tools,memtoolagent,ale,ale,2,1,3,life_sciences/cell_tracking_instance_1,0.553437,0,1113646,461.9
tools,memtoolagent,ale,ale,2,1,3,life_sciences/cell_translocation_analysis,0.0,0,424169,421.2
tools,memtoolagent,ale,ale,2,1,3,life_sciences/tcga_brca_deg_analysis,1.0,1,3529637,1118.2
tools,memtoolagent,ale,ale,2,1,3,physical_sciences/adapt_vqe_molecular_energy,0.0,0,3186122,699.1
tools,memtoolagent,ale,ale,2,1,3,physical_sciences/gillespie_gene_regulatory_network,0.0,0,2912649,463.1
tools,memtoolagent,ale,ale,2,1,3,physical_sciences/glm_lake_calibration,0.0,0,640292,216.3
tools,memtoolagent,ale,ale,2,1,3,physical_sciences/molecular_structure_plausibility,0.571429,0,570714,182.1
tools,memtoolagent,ale,ale,2,1,3,physical_sciences/mose2_bse_absorption_soc,0.0,0,1755936,319.9
tools,memtoolagent,ale,ale,2,1,3,psychology_neuro/scene2_resample,0.0,0,910627,319.1
tools,memtoolagent,ale,ale,2,1,3,transport_safety/abm_hangzhou_metro,0.0,0,1559308,387.9
tools,memtoolagent,ale,ale,2,2,1,computing_math/cp_test_gen_1,0.3,0,800371,441.1
tools,memtoolagent,ale,ale,2,2,1,computing_math/k3_abelian_extensions,0.0,0,292034,583.6
tools,memtoolagent,ale,ale,2,2,1,engineering/mpc_control_building_v1,0.0,0,2327140,531.1
tools,memtoolagent,ale,ale,2,2,1,health_medicine/healthcare_variant_annotation_pipeline,0.999,0,1017757,246.8
tools,memtoolagent,ale,ale,2,2,2,computing_math/cp_test_gen_1,0.5,0,787212,253.5
tools,memtoolagent,ale,ale,2,2,2,computing_math/k3_abelian_extensions,0.0,0,4302475,602.0
tools,memtoolagent,ale,ale,2,2,2,engineering/mpc_control_building_v1,0.0,0,8250300,591.4
tools,memtoolagent,ale,ale,2,2,2,health_medicine/healthcare_variant_annotation_pipeline,0.8,0,163769,175.2
tools,memtoolagent,ale,ale,2,2,3,computing_math/cp_test_gen_1,0.5,0,250451,266.4
tools,memtoolagent,ale,ale,2,2,3,computing_math/k3_abelian_extensions,0.0,0,719851,410.8
tools,memtoolagent,ale,ale,2,2,3,engineering/mpc_control_building_v1,0.0,0,3158432,428.6
tools,memtoolagent,ale,ale,2,2,3,health_medicine/healthcare_variant_annotation_pipeline,0.8,0,147064,126.4
tools,memtoolagent,ale,ale,3,1,1,business_finance/american_option_pricing_ls,0.5,0,1395240,1123.8
tools,memtoolagent,ale,ale,3,1,1,business_finance/basel_operational_risk_bia_cn,0.0,0,1139366,273.5
tools,memtoolagent,ale,ale,3,1,1,business_finance/bpmn_supply_disruption_l3,0.8338,0,2295234,695.3
tools,memtoolagent,ale,ale,3,1,1,business_finance/digital_marketing_audience_segmentation_1,0.6403,0,2783499,504.1
tools,memtoolagent,ale,ale,3,1,1,business_finance/pe_screening_memo_1,0.6375,0,345079,141.8
tools,memtoolagent,ale,ale,3,1,1,business_finance/sse_northbound_programmatic_trading_01,0.666667,0,1639567,161.0
tools,memtoolagent,ale,ale,3,1,1,computing_math/branch_bound_atsp,0.775,0,2449646,871.0
tools,memtoolagent,ale,ale,3,1,1,computing_math/cfr_game_theory_equilibrium,0.0,0,1213156,651.3
tools,memtoolagent,ale,ale,3,1,1,computing_math/cost_optimization_1,0.849552,0,1440153,352.9
tools,memtoolagent,ale,ale,3,1,1,computing_math/ising_post_measurement_1,0.0,0,297462,264.5
tools,memtoolagent,ale,ale,3,1,1,computing_math/k8s_payment_api_root_cause_analysis,0.657727,0,287286,162.6
tools,memtoolagent,ale,ale,3,1,1,computing_math/recsys_cold_start_instance_1,0.833333,0,3876131,756.4
tools,memtoolagent,ale,ale,3,1,1,computing_math/synthetic_causal_structure_inference,0.356291,0,249388,142.3
tools,memtoolagent,ale,ale,3,1,1,education_info/homework_grading_numerical_pdes_instance_02,0.679818,0,385809,132.1
tools,memtoolagent,ale,ale,3,1,1,education_info/marc_remediation_folio_overlay,0.1,0,2501778,837.2
tools,memtoolagent,ale,ale,3,1,1,education_info/moodle_gradebook_closeout_reconciliation,0.0,0,2165626,388.2
tools,memtoolagent,ale,ale,3,1,1,engineering/aerospace_low_thrust_trajectory,0.0,0,3451757,338.9
tools,memtoolagent,ale,ale,3,1,1,health_medicine/crf_sdtm_mapping_4,0.3254,0,1872683,429.3
tools,memtoolagent,ale,ale,3,1,1,health_medicine/epidemiology_forecast,0.0,0,251652,128.2
tools,memtoolagent,ale,ale,3,1,1,health_medicine/flusight_offline_hosp_forecast_2024_12_14,0.05082,0,2112025,218.8
tools,memtoolagent,ale,ale,3,1,1,health_medicine/healthcare_bias_audit_27a_public_replication_v1,0.0,0,4342992,977.6
tools,memtoolagent,ale,ale,3,1,1,health_medicine/nhanes_confounder_sensitivity_analysis,0.529513,0,1417004,246.4
tools,memtoolagent,ale,ale,3,1,1,health_medicine/scene3_skullstrip_qc,1.0,1,162129,119.0
tools,memtoolagent,ale,ale,3,1,1,legal/agora_governance_classify_instance_1,0.066667,0,5120754,658.8
tools,memtoolagent,ale,ale,3,1,1,life_sciences/cell_tracking_instance_1,0.306552,0,4642016,549.6
tools,memtoolagent,ale,ale,3,1,1,life_sciences/cell_translocation_analysis,0.0,0,8258015,1380.3
tools,memtoolagent,ale,ale,3,1,1,life_sciences/tcga_brca_deg_analysis,0.0,0,3589186,708.1
tools,memtoolagent,ale,ale,3,1,1,physical_sciences/adapt_vqe_molecular_energy,1.0,1,667069,528.8
tools,memtoolagent,ale,ale,3,1,1,physical_sciences/gillespie_gene_regulatory_network,0.44,0,1360249,508.5
tools,memtoolagent,ale,ale,3,1,1,physical_sciences/glm_lake_calibration,0.0,0,3968346,985.7
tools,memtoolagent,ale,ale,3,1,1,physical_sciences/molecular_structure_plausibility,0.333333,0,587657,274.7
tools,memtoolagent,ale,ale,3,1,1,physical_sciences/mose2_bse_absorption_soc,0.0,0,1898568,376.8
tools,memtoolagent,ale,ale,3,1,1,psychology_neuro/scene2_resample,0.0,0,4056202,492.5
tools,memtoolagent,ale,ale,3,1,1,transport_safety/abm_hangzhou_metro,0.0,0,1856151,377.4
tools,memtoolagent,ale,ale,3,1,2,business_finance/american_option_pricing_ls,0.5,0,897686,589.5
tools,memtoolagent,ale,ale,3,1,2,business_finance/basel_operational_risk_bia_cn,0.0,0,247826,69.8
tools,memtoolagent,ale,ale,3,1,2,business_finance/bpmn_supply_disruption_l3,0.3476,0,4033702,596.7
tools,memtoolagent,ale,ale,3,1,2,business_finance/digital_marketing_audience_segmentation_1,0.8333,0,768655,296.3
tools,memtoolagent,ale,ale,3,1,2,business_finance/pe_screening_memo_1,0.79375,0,2009776,208.6
tools,memtoolagent,ale,ale,3,1,2,business_finance/sse_northbound_programmatic_trading_01,0.666667,0,863766,223.8
tools,memtoolagent,ale,ale,3,1,2,computing_math/branch_bound_atsp,0.9,0,3265786,2402.1
tools,memtoolagent,ale,ale,3,1,2,computing_math/cfr_game_theory_equilibrium,0.0,0,253060,160.0
tools,memtoolagent,ale,ale,3,1,2,computing_math/cost_optimization_1,0.848428,0,1054383,436.8
tools,memtoolagent,ale,ale,3,1,2,computing_math/ising_post_measurement_1,0.0,0,1033883,1331.5
tools,memtoolagent,ale,ale,3,1,2,computing_math/k8s_payment_api_root_cause_analysis,0.572727,0,500025,314.3
tools,memtoolagent,ale,ale,3,1,2,computing_math/recsys_cold_start_instance_1,0.0,0,2404643,446.7
tools,memtoolagent,ale,ale,3,1,2,computing_math/synthetic_causal_structure_inference,0.299768,0,567715,205.8
tools,memtoolagent,ale,ale,3,1,2,education_info/homework_grading_numerical_pdes_instance_02,0.612485,0,1622430,361.6
tools,memtoolagent,ale,ale,3,1,2,education_info/marc_remediation_folio_overlay,0.2,0,7218154,365.1
tools,memtoolagent,ale,ale,3,1,2,education_info/moodle_gradebook_closeout_reconciliation,0.0,0,2239374,511.1
tools,memtoolagent,ale,ale,3,1,2,engineering/aerospace_low_thrust_trajectory,0.0,0,2271252,504.9
tools,memtoolagent,ale,ale,3,1,2,health_medicine/crf_sdtm_mapping_4,0.3086,0,3171785,523.9
tools,memtoolagent,ale,ale,3,1,2,health_medicine/epidemiology_forecast,0.0,0,3484651,1504.4
tools,memtoolagent,ale,ale,3,1,2,health_medicine/flusight_offline_hosp_forecast_2024_12_14,0.503148,0,686638,211.7
tools,memtoolagent,ale,ale,3,1,2,health_medicine/healthcare_bias_audit_27a_public_replication_v1,0.0,0,5162816,877.1
tools,memtoolagent,ale,ale,3,1,2,health_medicine/nhanes_confounder_sensitivity_analysis,0.538542,0,635190,262.2
tools,memtoolagent,ale,ale,3,1,2,health_medicine/scene3_skullstrip_qc,1.0,1,180160,253.5
tools,memtoolagent,ale,ale,3,1,2,legal/agora_governance_classify_instance_1,0.369801,0,1729378,696.4
tools,memtoolagent,ale,ale,3,1,2,life_sciences/cell_tracking_instance_1,0.0,0,250178,103.3
tools,memtoolagent,ale,ale,3,1,2,life_sciences/cell_translocation_analysis,0.0,0,635466,620.2
tools,memtoolagent,ale,ale,3,1,2,life_sciences/tcga_brca_deg_analysis,1.0,1,4132262,1660.8
tools,memtoolagent,ale,ale,3,1,2,physical_sciences/adapt_vqe_molecular_energy,0.0,0,1907958,813.9
tools,memtoolagent,ale,ale,3,1,2,physical_sciences/gillespie_gene_regulatory_network,0.0,0,1061028,511.7
tools,memtoolagent,ale,ale,3,1,2,physical_sciences/glm_lake_calibration,0.0,0,3893367,403.6
tools,memtoolagent,ale,ale,3,1,2,physical_sciences/molecular_structure_plausibility,0.222222,0,424233,255.1
tools,memtoolagent,ale,ale,3,1,2,physical_sciences/mose2_bse_absorption_soc,0.0,0,2179074,375.4
tools,memtoolagent,ale,ale,3,1,2,psychology_neuro/scene2_resample,0.0,0,1553386,617.1
tools,memtoolagent,ale,ale,3,1,2,transport_safety/abm_hangzhou_metro,0.0,0,1566137,679.0
tools,memtoolagent,ale,ale,3,1,3,business_finance/american_option_pricing_ls,0.5,0,1433142,483.1
tools,memtoolagent,ale,ale,3,1,3,business_finance/basel_operational_risk_bia_cn,0.0,0,1649127,557.0
tools,memtoolagent,ale,ale,3,1,3,business_finance/bpmn_supply_disruption_l3,0.8781,0,2005533,626.9
tools,memtoolagent,ale,ale,3,1,3,business_finance/digital_marketing_audience_segmentation_1,0.8667,0,546016,394.5
tools,memtoolagent,ale,ale,3,1,3,business_finance/pe_screening_memo_1,0.71875,0,1163567,285.2
tools,memtoolagent,ale,ale,3,1,3,business_finance/sse_northbound_programmatic_trading_01,0.666667,0,643661,155.3
tools,memtoolagent,ale,ale,3,1,3,computing_math/branch_bound_atsp,0.9,0,2300417,939.4
tools,memtoolagent,ale,ale,3,1,3,computing_math/cfr_game_theory_equilibrium,0.33,0,2044575,1180.3
tools,memtoolagent,ale,ale,3,1,3,computing_math/cost_optimization_1,0.649003,0,4372516,395.5
tools,memtoolagent,ale,ale,3,1,3,computing_math/ising_post_measurement_1,0.0,0,1438435,365.6
tools,memtoolagent,ale,ale,3,1,3,computing_math/k8s_payment_api_root_cause_analysis,0.688889,0,9240579,596.7
tools,memtoolagent,ale,ale,3,1,3,computing_math/recsys_cold_start_instance_1,0.333333,0,1651009,426.7
tools,memtoolagent,ale,ale,3,1,3,computing_math/synthetic_causal_structure_inference,0.339666,0,610188,175.8
tools,memtoolagent,ale,ale,3,1,3,education_info/homework_grading_numerical_pdes_instance_02,0.744485,0,3934670,415.9
tools,memtoolagent,ale,ale,3,1,3,education_info/marc_remediation_folio_overlay,0.0,0,2463186,364.8
tools,memtoolagent,ale,ale,3,1,3,education_info/moodle_gradebook_closeout_reconciliation,0.0,0,3588470,491.1
tools,memtoolagent,ale,ale,3,1,3,engineering/aerospace_low_thrust_trajectory,0.0,0,1325524,569.6
tools,memtoolagent,ale,ale,3,1,3,health_medicine/crf_sdtm_mapping_4,0.0,0,249141,91.2
tools,memtoolagent,ale,ale,3,1,3,health_medicine/epidemiology_forecast,0.0,0,544717,275.2
tools,memtoolagent,ale,ale,3,1,3,health_medicine/flusight_offline_hosp_forecast_2024_12_14,0.563604,0,592598,183.2
tools,memtoolagent,ale,ale,3,1,3,health_medicine/healthcare_bias_audit_27a_public_replication_v1,0.0,0,2619647,675.5
tools,memtoolagent,ale,ale,3,1,3,health_medicine/nhanes_confounder_sensitivity_analysis,0.296875,0,1426337,252.7
tools,memtoolagent,ale,ale,3,1,3,health_medicine/scene3_skullstrip_qc,0.0,0,248975,87.3
tools,memtoolagent,ale,ale,3,1,3,legal/agora_governance_classify_instance_1,0.133333,0,5027020,524.1
tools,memtoolagent,ale,ale,3,1,3,life_sciences/cell_tracking_instance_1,0.512137,0,3719539,420.7
tools,memtoolagent,ale,ale,3,1,3,life_sciences/cell_translocation_analysis,0.0,0,2001222,1009.7
tools,memtoolagent,ale,ale,3,1,3,life_sciences/tcga_brca_deg_analysis,0.0,0,248242,61.6
tools,memtoolagent,ale,ale,3,1,3,physical_sciences/adapt_vqe_molecular_energy,0.0,0,2803619,509.6
tools,memtoolagent,ale,ale,3,1,3,physical_sciences/gillespie_gene_regulatory_network,0.63,0,5024802,591.8
tools,memtoolagent,ale,ale,3,1,3,physical_sciences/glm_lake_calibration,0.0,0,3478798,400.0
tools,memtoolagent,ale,ale,3,1,3,physical_sciences/molecular_structure_plausibility,0.222222,0,851400,170.6
tools,memtoolagent,ale,ale,3,1,3,physical_sciences/mose2_bse_absorption_soc,0.0,0,250776,118.1
tools,memtoolagent,ale,ale,3,1,3,psychology_neuro/scene2_resample,0.0,0,21315007,2366.0
tools,memtoolagent,ale,ale,3,1,3,transport_safety/abm_hangzhou_metro,0.0,0,2346629,338.8
tools,memtoolagent,ale,ale,3,2,1,computing_math/cp_test_gen_1,0.2,0,514514,207.4
tools,memtoolagent,ale,ale,3,2,1,computing_math/k3_abelian_extensions,1.0,1,2452626,332.2
tools,memtoolagent,ale,ale,3,2,1,engineering/mpc_control_building_v1,0.0,0,1270967,483.5
tools,memtoolagent,ale,ale,3,2,1,health_medicine/healthcare_variant_annotation_pipeline,1.0,1,1910298,297.8
tools,memtoolagent,ale,ale,3,2,2,computing_math/cp_test_gen_1,0.0,0,960614,196.6
tools,memtoolagent,ale,ale,3,2,2,computing_math/k3_abelian_extensions,0.0,0,554530,345.0
tools,memtoolagent,ale,ale,3,2,2,engineering/mpc_control_building_v1,0.0,0,5030388,582.5
tools,memtoolagent,ale,ale,3,2,2,health_medicine/healthcare_variant_annotation_pipeline,0.992,0,2822224,408.3
tools,memtoolagent,ale,ale,3,2,3,computing_math/cp_test_gen_1,0.0,0,1326998,489.0
tools,memtoolagent,ale,ale,3,2,3,computing_math/k3_abelian_extensions,0.0,0,1701771,504.6
tools,memtoolagent,ale,ale,3,2,3,engineering/mpc_control_building_v1,0.0,0,9520217,748.5
tools,memtoolagent,ale,ale,3,2,3,health_medicine/healthcare_variant_annotation_pipeline,1.0,1,3446826,437.3
tools,memtoolagent,ale,ale,3,3,1,business_finance/digital_marketing_ab_test_analysis_1,0.0,0,313160,226.6
tools,memtoolagent,ale,ale,3,3,1,life_sciences/tms_marrow_cell_type_annotation_instance_1,0.0,0,934421,613.5
tools,memtoolagent,ale,ale,3,3,2,business_finance/digital_marketing_ab_test_analysis_1,0.0,0,608591,320.6
tools,memtoolagent,ale,ale,3,3,2,life_sciences/tms_marrow_cell_type_annotation_instance_1,0.0,0,719212,363.9
tools,memtoolagent,ale,ale,3,3,3,business_finance/digital_marketing_ab_test_analysis_1,1.0,1,491157,320.7
tools,memtoolagent,ale,ale,3,3,3,life_sciences/tms_marrow_cell_type_annotation_instance_1,0.0,0,1160860,462.9
tools,memtoolagent,ale,ale,4,1,1,business_finance/american_option_pricing_ls,0.0,0,1055319,632.1
tools,memtoolagent,ale,ale,4,1,1,business_finance/basel_operational_risk_bia_cn,0.0,0,3425819,747.1
tools,memtoolagent,ale,ale,4,1,1,business_finance/bpmn_supply_disruption_l3,0.3379,0,1964768,778.6
tools,memtoolagent,ale,ale,4,1,1,business_finance/digital_marketing_audience_segmentation_1,0.0,0,1643665,435.0
tools,memtoolagent,ale,ale,4,1,1,business_finance/pe_screening_memo_1,0.85,0,941151,221.0
tools,memtoolagent,ale,ale,4,1,1,business_finance/sse_northbound_programmatic_trading_01,0.333333,0,543343,122.3
tools,memtoolagent,ale,ale,4,1,1,computing_math/branch_bound_atsp,0.725,0,4828821,1450.0
tools,memtoolagent,ale,ale,4,1,1,computing_math/cfr_game_theory_equilibrium,0.67,0,638647,635.8
tools,memtoolagent,ale,ale,4,1,1,computing_math/cost_optimization_1,0.792178,0,2339784,556.0
tools,memtoolagent,ale,ale,4,1,1,computing_math/ising_post_measurement_1,0.0,0,579401,282.2
tools,memtoolagent,ale,ale,4,1,1,computing_math/k8s_payment_api_root_cause_analysis,0.597727,0,284003,141.9
tools,memtoolagent,ale,ale,4,1,1,computing_math/recsys_cold_start_instance_1,0.0,0,1218291,695.9
tools,memtoolagent,ale,ale,4,1,1,computing_math/synthetic_causal_structure_inference,0.138237,0,1300796,183.1
tools,memtoolagent,ale,ale,4,1,1,education_info/homework_grading_numerical_pdes_instance_02,0.645636,0,446386,222.6
tools,memtoolagent,ale,ale,4,1,1,education_info/marc_remediation_folio_overlay,0.0,0,2894237,424.6
tools,memtoolagent,ale,ale,4,1,1,education_info/moodle_gradebook_closeout_reconciliation,0.0,0,3201334,469.0
tools,memtoolagent,ale,ale,4,1,1,engineering/aerospace_low_thrust_trajectory,0.0,0,1458645,686.8
tools,memtoolagent,ale,ale,4,1,1,health_medicine/crf_sdtm_mapping_4,0.0,0,750970,291.7
tools,memtoolagent,ale,ale,4,1,1,health_medicine/epidemiology_forecast,0.0,0,1881797,720.0
tools,memtoolagent,ale,ale,4,1,1,health_medicine/flusight_offline_hosp_forecast_2024_12_14,0.0,0,374816,144.6
tools,memtoolagent,ale,ale,4,1,1,health_medicine/healthcare_bias_audit_27a_public_replication_v1,0.0,0,5402863,1122.0
tools,memtoolagent,ale,ale,4,1,1,health_medicine/nhanes_confounder_sensitivity_analysis,0.521215,0,1225198,226.8
tools,memtoolagent,ale,ale,4,1,1,health_medicine/scene3_skullstrip_qc,1.0,1,631769,146.0
tools,memtoolagent,ale,ale,4,1,1,legal/agora_governance_classify_instance_1,0.37037,0,9517939,370.2
tools,memtoolagent,ale,ale,4,1,1,life_sciences/cell_tracking_instance_1,0.348337,0,1697029,849.0
tools,memtoolagent,ale,ale,4,1,1,life_sciences/cell_translocation_analysis,0.0,0,975487,786.4
tools,memtoolagent,ale,ale,4,1,1,life_sciences/tcga_brca_deg_analysis,1.0,1,1880043,940.5
tools,memtoolagent,ale,ale,4,1,1,physical_sciences/adapt_vqe_molecular_energy,1.0,1,859448,499.0
tools,memtoolagent,ale,ale,4,1,1,physical_sciences/gillespie_gene_regulatory_network,0.0,0,1409792,433.5
tools,memtoolagent,ale,ale,4,1,1,physical_sciences/glm_lake_calibration,0.0,0,5094779,974.0
tools,memtoolagent,ale,ale,4,1,1,physical_sciences/molecular_structure_plausibility,0.333333,0,1306198,316.6
tools,memtoolagent,ale,ale,4,1,1,physical_sciences/mose2_bse_absorption_soc,0.0,0,6190896,587.2
tools,memtoolagent,ale,ale,4,1,1,psychology_neuro/scene2_resample,0.0,0,1169828,551.3
tools,memtoolagent,ale,ale,4,1,1,transport_safety/abm_hangzhou_metro,0.0,0,1042423,596.2
tools,memtoolagent,ale,ale,4,1,2,business_finance/american_option_pricing_ls,0.0,0,1360864,676.0
tools,memtoolagent,ale,ale,4,1,2,business_finance/basel_operational_risk_bia_cn,0.0,0,2256514,263.9
tools,memtoolagent,ale,ale,4,1,2,business_finance/bpmn_supply_disruption_l3,0.0,0,1585012,694.0
tools,memtoolagent,ale,ale,4,1,2,business_finance/digital_marketing_audience_segmentation_1,0.0,0,269138,81.9
tools,memtoolagent,ale,ale,4,1,2,business_finance/pe_screening_memo_1,0.0,0,3221327,332.4
tools,memtoolagent,ale,ale,4,1,2,business_finance/sse_northbound_programmatic_trading_01,0.333333,0,1183412,221.7
tools,memtoolagent,ale,ale,4,1,2,computing_math/branch_bound_atsp,0.85,0,6667437,677.3
tools,memtoolagent,ale,ale,4,1,2,computing_math/cfr_game_theory_equilibrium,0.0,0,1931273,1414.4
tools,memtoolagent,ale,ale,4,1,2,computing_math/cost_optimization_1,0.626047,0,2684119,674.1
tools,memtoolagent,ale,ale,4,1,2,computing_math/ising_post_measurement_1,0.0,0,607002,334.2
tools,memtoolagent,ale,ale,4,1,2,computing_math/k8s_payment_api_root_cause_analysis,0.647727,0,626519,474.6
tools,memtoolagent,ale,ale,4,1,2,computing_math/recsys_cold_start_instance_1,0.0,0,1452975,676.2
tools,memtoolagent,ale,ale,4,1,2,computing_math/synthetic_causal_structure_inference,0.140041,0,833242,393.0
tools,memtoolagent,ale,ale,4,1,2,education_info/homework_grading_numerical_pdes_instance_02,0.643818,0,957123,283.4
tools,memtoolagent,ale,ale,4,1,2,education_info/marc_remediation_folio_overlay,0.0,0,2752620,375.0
tools,memtoolagent,ale,ale,4,1,2,education_info/moodle_gradebook_closeout_reconciliation,0.0,0,1176805,379.8
tools,memtoolagent,ale,ale,4,1,2,engineering/aerospace_low_thrust_trajectory,0.0,0,577881,241.3
tools,memtoolagent,ale,ale,4,1,2,health_medicine/crf_sdtm_mapping_4,0.2177,0,2043187,250.8
tools,memtoolagent,ale,ale,4,1,2,health_medicine/epidemiology_forecast,0.0,0,386586,308.7
tools,memtoolagent,ale,ale,4,1,2,health_medicine/flusight_offline_hosp_forecast_2024_12_14,0.082183,0,903903,379.7
tools,memtoolagent,ale,ale,4,1,2,health_medicine/healthcare_bias_audit_27a_public_replication_v1,0.0,0,8845741,1279.6
tools,memtoolagent,ale,ale,4,1,2,health_medicine/nhanes_confounder_sensitivity_analysis,0.463542,0,2188234,248.3
tools,memtoolagent,ale,ale,4,1,2,health_medicine/scene3_skullstrip_qc,1.0,1,1065695,146.6
tools,memtoolagent,ale,ale,4,1,2,legal/agora_governance_classify_instance_1,0.506268,0,1533842,423.5
tools,memtoolagent,ale,ale,4,1,2,life_sciences/cell_tracking_instance_1,0.493491,0,1829455,856.3
tools,memtoolagent,ale,ale,4,1,2,life_sciences/cell_translocation_analysis,0.0,0,877891,587.7
tools,memtoolagent,ale,ale,4,1,2,life_sciences/tcga_brca_deg_analysis,0.0,0,1109398,589.1
tools,memtoolagent,ale,ale,4,1,2,physical_sciences/adapt_vqe_molecular_energy,0.333333,0,3122003,734.6
tools,memtoolagent,ale,ale,4,1,2,physical_sciences/gillespie_gene_regulatory_network,0.0,0,3826068,658.3
tools,memtoolagent,ale,ale,4,1,2,physical_sciences/glm_lake_calibration,0.0,0,3997444,678.2
tools,memtoolagent,ale,ale,4,1,2,physical_sciences/molecular_structure_plausibility,0.333333,0,403040,205.8
tools,memtoolagent,ale,ale,4,1,2,physical_sciences/mose2_bse_absorption_soc,0.0,0,3244754,835.4
tools,memtoolagent,ale,ale,4,1,2,psychology_neuro/scene2_resample,0.0,0,270864,101.5
tools,memtoolagent,ale,ale,4,1,2,transport_safety/abm_hangzhou_metro,0.0,0,1343113,543.8
tools,memtoolagent,ale,ale,4,1,3,business_finance/american_option_pricing_ls,0.5,0,2053990,666.9
tools,memtoolagent,ale,ale,4,1,3,business_finance/basel_operational_risk_bia_cn,0.0,0,1379857,654.9
tools,memtoolagent,ale,ale,4,1,3,business_finance/bpmn_supply_disruption_l3,0.0,0,3518991,602.5
tools,memtoolagent,ale,ale,4,1,3,business_finance/digital_marketing_audience_segmentation_1,0.0,0,269337,73.1
tools,memtoolagent,ale,ale,4,1,3,business_finance/pe_screening_memo_1,0.6875,0,464325,181.7
tools,memtoolagent,ale,ale,4,1,3,business_finance/sse_northbound_programmatic_trading_01,0.666667,0,560597,110.0
tools,memtoolagent,ale,ale,4,1,3,computing_math/branch_bound_atsp,0.0,0,3733817,907.2
tools,memtoolagent,ale,ale,4,1,3,computing_math/cfr_game_theory_equilibrium,0.33,0,1711973,926.5
tools,memtoolagent,ale,ale,4,1,3,computing_math/cost_optimization_1,0.660928,0,1431974,443.4
tools,memtoolagent,ale,ale,4,1,3,computing_math/ising_post_measurement_1,1.0,1,803809,649.5
tools,memtoolagent,ale,ale,4,1,3,computing_math/k8s_payment_api_root_cause_analysis,0.672727,0,342623,213.5
tools,memtoolagent,ale,ale,4,1,3,computing_math/recsys_cold_start_instance_1,0.0,0,270878,102.3
tools,memtoolagent,ale,ale,4,1,3,computing_math/synthetic_causal_structure_inference,0.27209,0,1107816,322.2
tools,memtoolagent,ale,ale,4,1,3,education_info/homework_grading_numerical_pdes_instance_02,0.639152,0,286126,150.2
tools,memtoolagent,ale,ale,4,1,3,education_info/marc_remediation_folio_overlay,0.1,0,5872120,475.4
tools,memtoolagent,ale,ale,4,1,3,education_info/moodle_gradebook_closeout_reconciliation,0.0,0,363800,174.3
tools,memtoolagent,ale,ale,4,1,3,engineering/aerospace_low_thrust_trajectory,0.0,0,923301,557.7
tools,memtoolagent,ale,ale,4,1,3,health_medicine/crf_sdtm_mapping_4,0.0,0,270325,92.7
tools,memtoolagent,ale,ale,4,1,3,health_medicine/epidemiology_forecast,0.0,0,290557,214.1
tools,memtoolagent,ale,ale,4,1,3,health_medicine/flusight_offline_hosp_forecast_2024_12_14,0.166526,0,879841,224.0
tools,memtoolagent,ale,ale,4,1,3,health_medicine/healthcare_bias_audit_27a_public_replication_v1,0.0,0,4589007,1008.7
tools,memtoolagent,ale,ale,4,1,3,health_medicine/nhanes_confounder_sensitivity_analysis,0.563542,0,512000,345.6
tools,memtoolagent,ale,ale,4,1,3,health_medicine/scene3_skullstrip_qc,0.0,0,769210,181.9
tools,memtoolagent,ale,ale,4,1,3,legal/agora_governance_classify_instance_1,0.0,0,2594894,248.4
tools,memtoolagent,ale,ale,4,1,3,life_sciences/cell_tracking_instance_1,0.0,0,269602,79.5
tools,memtoolagent,ale,ale,4,1,3,life_sciences/cell_translocation_analysis,0.0,0,1154518,466.4
tools,memtoolagent,ale,ale,4,1,3,life_sciences/tcga_brca_deg_analysis,0.0,0,1520482,597.2
tools,memtoolagent,ale,ale,4,1,3,physical_sciences/adapt_vqe_molecular_energy,0.333333,0,868496,790.7
tools,memtoolagent,ale,ale,4,1,3,physical_sciences/gillespie_gene_regulatory_network,0.0,0,809053,642.1
tools,memtoolagent,ale,ale,4,1,3,physical_sciences/glm_lake_calibration,0.0,0,2049522,478.0
tools,memtoolagent,ale,ale,4,1,3,physical_sciences/molecular_structure_plausibility,0.333333,0,524776,279.4
tools,memtoolagent,ale,ale,4,1,3,physical_sciences/mose2_bse_absorption_soc,0.0,0,1913137,556.9
tools,memtoolagent,ale,ale,4,1,3,psychology_neuro/scene2_resample,0.0,0,802764,322.8
tools,memtoolagent,ale,ale,4,1,3,transport_safety/abm_hangzhou_metro,0.0,0,2467124,377.2
tools,memtoolagent,ale,ale,4,2,1,computing_math/cp_test_gen_1,0.0,0,413140,537.0
tools,memtoolagent,ale,ale,4,2,1,computing_math/k3_abelian_extensions,1.0,1,4413324,1056.3
tools,memtoolagent,ale,ale,4,2,1,engineering/mpc_control_building_v1,0.0,0,2607896,807.0
tools,memtoolagent,ale,ale,4,2,1,health_medicine/healthcare_variant_annotation_pipeline,1.0,1,522848,497.8
tools,memtoolagent,ale,ale,4,2,2,computing_math/cp_test_gen_1,0.6,0,1264500,469.6
tools,memtoolagent,ale,ale,4,2,2,computing_math/k3_abelian_extensions,0.0,0,2351678,573.7
tools,memtoolagent,ale,ale,4,2,2,engineering/mpc_control_building_v1,0.0,0,1758750,475.9
tools,memtoolagent,ale,ale,4,2,2,health_medicine/healthcare_variant_annotation_pipeline,0.999,0,1305600,287.1
tools,memtoolagent,ale,ale,4,2,3,computing_math/cp_test_gen_1,0.5,0,1542615,518.9
tools,memtoolagent,ale,ale,4,2,3,computing_math/k3_abelian_extensions,1.0,1,244437,439.9
tools,memtoolagent,ale,ale,4,2,3,engineering/mpc_control_building_v1,0.0,0,4306565,641.2
tools,memtoolagent,ale,ale,4,2,3,health_medicine/healthcare_variant_annotation_pipeline,0.98,0,2415145,438.9
tools,memtoolagent,ale,ale,4,3,1,business_finance/digital_marketing_ab_test_analysis_1,0.0,0,337949,193.5
tools,memtoolagent,ale,ale,4,3,1,life_sciences/tms_marrow_cell_type_annotation_instance_1,0.0,0,544571,286.5
tools,memtoolagent,ale,ale,4,3,2,business_finance/digital_marketing_ab_test_analysis_1,1.0,1,944173,334.2
tools,memtoolagent,ale,ale,4,3,2,life_sciences/tms_marrow_cell_type_annotation_instance_1,0.0,0,411646,395.2
tools,memtoolagent,ale,ale,4,3,3,business_finance/digital_marketing_ab_test_analysis_1,0.0,0,1882370,475.9
tools,memtoolagent,ale,ale,4,3,3,life_sciences/tms_marrow_cell_type_annotation_instance_1,0.0,0,864416,476.2
tools,memtoolagent,ale,ale,4,4,1,business_finance/financial_stmt_reconstruction_aapl_fy2024,1.0,1,746077,240.8
tools,memtoolagent,ale,ale,4,4,1,business_finance/sec_10k_financial_parsing,0.4423,0,3196736,672.3
tools,memtoolagent,ale,ale,4,4,1,engineering/openroad_sky130_ibex_pnr_signoff,0.0,0,1162437,280.2
tools,memtoolagent,ale,ale,4,4,1,health_medicine/prostate_imrt_matrad_reproduction,0.0,0,2736346,542.7
tools,memtoolagent,ale,ale,4,4,1,health_medicine/wsi_tumor_localization_1,0.0,0,268956,101.0
tools,memtoolagent,ale,ale,4,4,1,life_sciences/gene_expression_differential_analysis_functional_enrichment_analysis_1,0.0,0,2701015,1914.6
tools,memtoolagent,ale,ale,4,4,2,business_finance/financial_stmt_reconstruction_aapl_fy2024,0.933333,0,1477405,266.8
tools,memtoolagent,ale,ale,4,4,2,business_finance/sec_10k_financial_parsing,0.0,0,1553508,469.0
tools,memtoolagent,ale,ale,4,4,2,engineering/openroad_sky130_ibex_pnr_signoff,0.0,0,518142,160.0
tools,memtoolagent,ale,ale,4,4,2,health_medicine/prostate_imrt_matrad_reproduction,0.0,0,10516753,679.9
tools,memtoolagent,ale,ale,4,4,2,health_medicine/wsi_tumor_localization_1,0.0,0,650820,257.7
tools,memtoolagent,ale,ale,4,4,2,life_sciences/gene_expression_differential_analysis_functional_enrichment_analysis_1,0.0,0,2123776,786.9
tools,memtoolagent,ale,ale,4,4,3,business_finance/financial_stmt_reconstruction_aapl_fy2024,1.0,1,2576565,291.4
tools,memtoolagent,ale,ale,4,4,3,business_finance/sec_10k_financial_parsing,0.0,0,1323465,435.7
tools,memtoolagent,ale,ale,4,4,3,engineering/openroad_sky130_ibex_pnr_signoff,0.0,0,627571,204.3
tools,memtoolagent,ale,ale,4,4,3,health_medicine/prostate_imrt_matrad_reproduction,0.0,0,872867,173.2
tools,memtoolagent,ale,ale,4,4,3,health_medicine/wsi_tumor_localization_1,0.0,0,1096235,204.5
tools,memtoolagent,ale,ale,4,4,3,life_sciences/gene_expression_differential_analysis_functional_enrichment_analysis_1,0.0,0,2839963,2049.4
tools,memtoolagent,ale,ale,5,1,1,business_finance/american_option_pricing_ls,0.5,0,1235541,635.4
tools,memtoolagent,ale,ale,5,1,1,business_finance/basel_operational_risk_bia_cn,0.0,0,1182064,417.2
tools,memtoolagent,ale,ale,5,1,1,business_finance/bpmn_supply_disruption_l3,0.0,0,1907080,659.0
tools,memtoolagent,ale,ale,5,1,1,business_finance/digital_marketing_audience_segmentation_1,0.8667,0,140355,219.8
tools,memtoolagent,ale,ale,5,1,1,business_finance/pe_screening_memo_1,0.70625,0,2408284,495.0
tools,memtoolagent,ale,ale,5,1,1,business_finance/sse_northbound_programmatic_trading_01,0.333333,0,657465,176.8
tools,memtoolagent,ale,ale,5,1,1,computing_math/branch_bound_atsp,0.0,0,4027750,738.4
tools,memtoolagent,ale,ale,5,1,1,computing_math/cfr_game_theory_equilibrium,0.0,0,2717412,738.3
tools,memtoolagent,ale,ale,5,1,1,computing_math/cost_optimization_1,0.645303,0,1627653,416.6
tools,memtoolagent,ale,ale,5,1,1,computing_math/ising_post_measurement_1,0.0,0,453003,267.0
tools,memtoolagent,ale,ale,5,1,1,computing_math/k8s_payment_api_root_cause_analysis,0.738889,0,358037,154.2
tools,memtoolagent,ale,ale,5,1,1,computing_math/recsys_cold_start_instance_1,0.166667,0,1664061,758.7
tools,memtoolagent,ale,ale,5,1,1,computing_math/synthetic_causal_structure_inference,0.30575,0,634347,214.4
tools,memtoolagent,ale,ale,5,1,1,education_info/homework_grading_numerical_pdes_instance_02,0.643818,0,1035134,315.7
tools,memtoolagent,ale,ale,5,1,1,education_info/marc_remediation_folio_overlay,0.0,0,1392089,538.2
tools,memtoolagent,ale,ale,5,1,1,education_info/moodle_gradebook_closeout_reconciliation,0.0,0,1473346,344.0
tools,memtoolagent,ale,ale,5,1,1,engineering/aerospace_low_thrust_trajectory,0.0,0,1087419,1051.3
tools,memtoolagent,ale,ale,5,1,1,health_medicine/crf_sdtm_mapping_4,0.5072,0,1433606,1297.3
tools,memtoolagent,ale,ale,5,1,1,health_medicine/epidemiology_forecast,0.0,0,1925356,660.3
tools,memtoolagent,ale,ale,5,1,1,health_medicine/flusight_offline_hosp_forecast_2024_12_14,0.433918,0,562020,212.5
tools,memtoolagent,ale,ale,5,1,1,health_medicine/healthcare_bias_audit_27a_public_replication_v1,0.0,0,4398146,1422.1
tools,memtoolagent,ale,ale,5,1,1,health_medicine/nhanes_confounder_sensitivity_analysis,0.521215,0,548079,289.8
tools,memtoolagent,ale,ale,5,1,1,health_medicine/scene3_skullstrip_qc,1.0,1,219973,135.4
tools,memtoolagent,ale,ale,5,1,1,legal/agora_governance_classify_instance_1,0.066667,0,2393486,397.3
tools,memtoolagent,ale,ale,5,1,1,life_sciences/cell_tracking_instance_1,0.526898,0,519495,503.2
tools,memtoolagent,ale,ale,5,1,1,life_sciences/cell_translocation_analysis,0.0,0,454153,360.2
tools,memtoolagent,ale,ale,5,1,1,life_sciences/tcga_brca_deg_analysis,1.0,1,1129300,591.0
tools,memtoolagent,ale,ale,5,1,1,physical_sciences/adapt_vqe_molecular_energy,1.0,1,1514525,779.2
tools,memtoolagent,ale,ale,5,1,1,physical_sciences/gillespie_gene_regulatory_network,0.0,0,469173,271.8
tools,memtoolagent,ale,ale,5,1,1,physical_sciences/glm_lake_calibration,0.0,0,879817,238.9
tools,memtoolagent,ale,ale,5,1,1,physical_sciences/molecular_structure_plausibility,0.375,0,591887,188.2
tools,memtoolagent,ale,ale,5,1,1,physical_sciences/mose2_bse_absorption_soc,0.0,0,1924067,528.6
tools,memtoolagent,ale,ale,5,1,1,psychology_neuro/scene2_resample,0.0,0,1250968,393.7
tools,memtoolagent,ale,ale,5,1,1,transport_safety/abm_hangzhou_metro,0.0,0,865204,557.9
tools,memtoolagent,ale,ale,5,1,2,business_finance/american_option_pricing_ls,0.5,0,1413825,500.2
tools,memtoolagent,ale,ale,5,1,2,business_finance/basel_operational_risk_bia_cn,0.0,0,1014537,616.7
tools,memtoolagent,ale,ale,5,1,2,business_finance/bpmn_supply_disruption_l3,0.1624,0,3833054,789.0
tools,memtoolagent,ale,ale,5,1,2,business_finance/digital_marketing_audience_segmentation_1,0.8417,0,375989,229.6
tools,memtoolagent,ale,ale,5,1,2,business_finance/pe_screening_memo_1,0.775,0,761598,303.3
tools,memtoolagent,ale,ale,5,1,2,business_finance/sse_northbound_programmatic_trading_01,0.333333,0,677294,264.2
tools,memtoolagent,ale,ale,5,1,2,computing_math/branch_bound_atsp,0.95,0,3066344,1478.2
tools,memtoolagent,ale,ale,5,1,2,computing_math/cfr_game_theory_equilibrium,0.33,0,2491931,1110.9
tools,memtoolagent,ale,ale,5,1,2,computing_math/cost_optimization_1,0.0,0,1675313,525.4
tools,memtoolagent,ale,ale,5,1,2,computing_math/ising_post_measurement_1,0.0,0,354575,253.5
tools,memtoolagent,ale,ale,5,1,2,computing_math/k8s_payment_api_root_cause_analysis,0.622727,0,249627,163.8
tools,memtoolagent,ale,ale,5,1,2,computing_math/recsys_cold_start_instance_1,0.5,0,538827,427.7
tools,memtoolagent,ale,ale,5,1,2,computing_math/synthetic_causal_structure_inference,0.283948,0,613550,284.9
tools,memtoolagent,ale,ale,5,1,2,education_info/homework_grading_numerical_pdes_instance_02,0.749818,0,490109,233.2
tools,memtoolagent,ale,ale,5,1,2,education_info/marc_remediation_folio_overlay,0.2,0,4793042,813.0
tools,memtoolagent,ale,ale,5,1,2,education_info/moodle_gradebook_closeout_reconciliation,0.0,0,3524294,322.1
tools,memtoolagent,ale,ale,5,1,2,engineering/aerospace_low_thrust_trajectory,0.0,0,1026239,822.3
tools,memtoolagent,ale,ale,5,1,2,health_medicine/crf_sdtm_mapping_4,0.0,0,2239263,424.2
tools,memtoolagent,ale,ale,5,1,2,health_medicine/epidemiology_forecast,0.0,0,623480,424.4
tools,memtoolagent,ale,ale,5,1,2,health_medicine/flusight_offline_hosp_forecast_2024_12_14,0.0,0,232974,142.4
tools,memtoolagent,ale,ale,5,1,2,health_medicine/healthcare_bias_audit_27a_public_replication_v1,0.0,0,4544477,1158.6
tools,memtoolagent,ale,ale,5,1,2,health_medicine/nhanes_confounder_sensitivity_analysis,0.571215,0,763444,505.6
tools,memtoolagent,ale,ale,5,1,2,health_medicine/scene3_skullstrip_qc,1.0,1,50443,79.3
tools,memtoolagent,ale,ale,5,1,2,legal/agora_governance_classify_instance_1,0.066667,0,2487345,494.3
tools,memtoolagent,ale,ale,5,1,2,life_sciences/cell_tracking_instance_1,0.48851,0,538785,327.3
tools,memtoolagent,ale,ale,5,1,2,life_sciences/cell_translocation_analysis,0.0,0,601752,553.1
tools,memtoolagent,ale,ale,5,1,2,life_sciences/tcga_brca_deg_analysis,1.0,1,4354248,840.6
tools,memtoolagent,ale,ale,5,1,2,physical_sciences/adapt_vqe_molecular_energy,0.0,0,2386738,812.9
tools,memtoolagent,ale,ale,5,1,2,physical_sciences/gillespie_gene_regulatory_network,0.44,0,1032310,366.7
tools,memtoolagent,ale,ale,5,1,2,physical_sciences/glm_lake_calibration,0.0,0,496220,207.4
tools,memtoolagent,ale,ale,5,1,2,physical_sciences/molecular_structure_plausibility,0.222222,0,266586,183.0
tools,memtoolagent,ale,ale,5,1,2,physical_sciences/mose2_bse_absorption_soc,0.0,0,1477002,448.9
tools,memtoolagent,ale,ale,5,1,2,psychology_neuro/scene2_resample,0.0,0,889161,414.2
tools,memtoolagent,ale,ale,5,1,2,transport_safety/abm_hangzhou_metro,0.0,0,1592033,748.5
tools,memtoolagent,ale,ale,5,1,3,business_finance/american_option_pricing_ls,1.0,1,692814,391.6
tools,memtoolagent,ale,ale,5,1,3,business_finance/basel_operational_risk_bia_cn,0.0,0,1406705,412.0
tools,memtoolagent,ale,ale,5,1,3,business_finance/bpmn_supply_disruption_l3,0.0,0,3186509,791.8
tools,memtoolagent,ale,ale,5,1,3,business_finance/digital_marketing_audience_segmentation_1,0.8667,0,310979,227.8
tools,memtoolagent,ale,ale,5,1,3,business_finance/pe_screening_memo_1,0.7625,0,1245148,350.7
tools,memtoolagent,ale,ale,5,1,3,business_finance/sse_northbound_programmatic_trading_01,0.333333,0,1067890,170.8
tools,memtoolagent,ale,ale,5,1,3,computing_math/branch_bound_atsp,0.9,0,2285634,1472.0
tools,memtoolagent,ale,ale,5,1,3,computing_math/cfr_game_theory_equilibrium,0.33,0,4277974,1077.4
tools,memtoolagent,ale,ale,5,1,3,computing_math/cost_optimization_1,0.660928,0,1714658,465.9
tools,memtoolagent,ale,ale,5,1,3,computing_math/ising_post_measurement_1,1.0,1,559056,450.1
tools,memtoolagent,ale,ale,5,1,3,computing_math/k8s_payment_api_root_cause_analysis,0.663889,0,445497,246.4
tools,memtoolagent,ale,ale,5,1,3,computing_math/recsys_cold_start_instance_1,0.5,0,3009642,1272.2
tools,memtoolagent,ale,ale,5,1,3,computing_math/synthetic_causal_structure_inference,0.234441,0,417981,215.1
tools,memtoolagent,ale,ale,5,1,3,education_info/homework_grading_numerical_pdes_instance_02,0.710485,0,846246,296.3
tools,memtoolagent,ale,ale,5,1,3,education_info/marc_remediation_folio_overlay,0.1,0,2966880,499.8
tools,memtoolagent,ale,ale,5,1,3,education_info/moodle_gradebook_closeout_reconciliation,0.0,0,2695995,393.4
tools,memtoolagent,ale,ale,5,1,3,engineering/aerospace_low_thrust_trajectory,0.0,0,418268,231.0
tools,memtoolagent,ale,ale,5,1,3,health_medicine/crf_sdtm_mapping_4,0.0,0,935464,302.3
tools,memtoolagent,ale,ale,5,1,3,health_medicine/epidemiology_forecast,0.0,0,1450976,749.5
tools,memtoolagent,ale,ale,5,1,3,health_medicine/flusight_offline_hosp_forecast_2024_12_14,0.041905,0,299285,131.9
tools,memtoolagent,ale,ale,5,1,3,health_medicine/healthcare_bias_audit_27a_public_replication_v1,0.0,0,2056218,1102.2
tools,memtoolagent,ale,ale,5,1,3,health_medicine/nhanes_confounder_sensitivity_analysis,0.0,0,1081765,427.3
tools,memtoolagent,ale,ale,5,1,3,health_medicine/scene3_skullstrip_qc,1.0,1,301232,186.5
tools,memtoolagent,ale,ale,5,1,3,legal/agora_governance_classify_instance_1,0.260847,0,964036,303.1
tools,memtoolagent,ale,ale,5,1,3,life_sciences/cell_tracking_instance_1,0.195032,0,855249,429.1
tools,memtoolagent,ale,ale,5,1,3,life_sciences/cell_translocation_analysis,0.0,0,1191651,378.3
tools,memtoolagent,ale,ale,5,1,3,life_sciences/tcga_brca_deg_analysis,0.0,0,1434156,676.0
tools,memtoolagent,ale,ale,5,1,3,physical_sciences/adapt_vqe_molecular_energy,0.0,0,1260979,552.5
tools,memtoolagent,ale,ale,5,1,3,physical_sciences/gillespie_gene_regulatory_network,0.0,0,1926297,554.3
tools,memtoolagent,ale,ale,5,1,3,physical_sciences/glm_lake_calibration,0.0,0,3244330,687.5
tools,memtoolagent,ale,ale,5,1,3,physical_sciences/molecular_structure_plausibility,0.571429,0,1006368,312.6
tools,memtoolagent,ale,ale,5,1,3,physical_sciences/mose2_bse_absorption_soc,0.0,0,1814726,474.9
tools,memtoolagent,ale,ale,5,1,3,psychology_neuro/scene2_resample,0.0,0,741314,355.8
tools,memtoolagent,ale,ale,5,1,3,transport_safety/abm_hangzhou_metro,0.0,0,987309,538.1
tools,memtoolagent,ale,ale,5,2,1,computing_math/cp_test_gen_1,0.0,0,536314,625.0
tools,memtoolagent,ale,ale,5,2,1,computing_math/k3_abelian_extensions,0.0,0,0,2760.1
tools,memtoolagent,ale,ale,5,2,1,engineering/mpc_control_building_v1,0.0,0,1835461,1261.0
tools,memtoolagent,ale,ale,5,2,1,health_medicine/healthcare_variant_annotation_pipeline,1.0,1,1445465,413.6
tools,memtoolagent,ale,ale,5,2,2,computing_math/cp_test_gen_1,0.5,0,901607,548.7
tools,memtoolagent,ale,ale,5,2,2,computing_math/k3_abelian_extensions,1.0,1,428547,347.3
tools,memtoolagent,ale,ale,5,2,2,engineering/mpc_control_building_v1,0.0,0,731998,513.7
tools,memtoolagent,ale,ale,5,2,2,health_medicine/healthcare_variant_annotation_pipeline,0.995,0,2144547,462.3
tools,memtoolagent,ale,ale,5,2,3,computing_math/cp_test_gen_1,0.7,0,934328,416.7
tools,memtoolagent,ale,ale,5,2,3,computing_math/k3_abelian_extensions,0.0,0,561485,317.5
tools,memtoolagent,ale,ale,5,2,3,engineering/mpc_control_building_v1,0.0,0,2763913,866.1
tools,memtoolagent,ale,ale,5,2,3,health_medicine/healthcare_variant_annotation_pipeline,0.0,0,990279,1439.3
tools,memtoolagent,ale,ale,5,3,1,business_finance/digital_marketing_ab_test_analysis_1,0.0,0,890471,494.5
tools,memtoolagent,ale,ale,5,3,1,life_sciences/tms_marrow_cell_type_annotation_instance_1,0.0,0,535285,458.6
tools,memtoolagent,ale,ale,5,3,2,business_finance/digital_marketing_ab_test_analysis_1,1.0,1,1365148,474.2
tools,memtoolagent,ale,ale,5,3,2,life_sciences/tms_marrow_cell_type_annotation_instance_1,0.0,0,492017,514.7
tools,memtoolagent,ale,ale,5,3,3,business_finance/digital_marketing_ab_test_analysis_1,0.0,0,817199,345.4
tools,memtoolagent,ale,ale,5,3,3,life_sciences/tms_marrow_cell_type_annotation_instance_1,0.0,0,836760,569.8
tools,memtoolagent,ale,ale,5,4,1,business_finance/financial_stmt_reconstruction_aapl_fy2024,1.0,1,316503,122.3
tools,memtoolagent,ale,ale,5,4,1,business_finance/sec_10k_financial_parsing,0.0,0,1884555,632.1
tools,memtoolagent,ale,ale,5,4,1,engineering/openroad_sky130_ibex_pnr_signoff,0.0,0,1536028,238.0
tools,memtoolagent,ale,ale,5,4,1,health_medicine/prostate_imrt_matrad_reproduction,0.0,0,3480802,450.8
tools,memtoolagent,ale,ale,5,4,1,health_medicine/wsi_tumor_localization_1,0.0,0,210780,182.0
tools,memtoolagent,ale,ale,5,4,1,life_sciences/gene_expression_differential_analysis_functional_enrichment_analysis_1,0.0,0,0,677.1
tools,memtoolagent,ale,ale,5,4,2,business_finance/financial_stmt_reconstruction_aapl_fy2024,0.0,0,0,7233.8
tools,memtoolagent,ale,ale,5,4,2,business_finance/sec_10k_financial_parsing,0.3089,0,2040658,547.8
tools,memtoolagent,ale,ale,5,4,2,engineering/openroad_sky130_ibex_pnr_signoff,0.0,0,1753554,329.3
tools,memtoolagent,ale,ale,5,4,2,health_medicine/prostate_imrt_matrad_reproduction,0.0,0,0,7231.0
tools,memtoolagent,ale,ale,5,4,2,health_medicine/wsi_tumor_localization_1,0.0,0,817767,280.7
tools,memtoolagent,ale,ale,5,4,2,life_sciences/gene_expression_differential_analysis_functional_enrichment_analysis_1,0.0,0,0,1078.3
tools,memtoolagent,ale,ale,5,4,3,business_finance/financial_stmt_reconstruction_aapl_fy2024,1.0,1,422782,145.7
tools,memtoolagent,ale,ale,5,4,3,business_finance/sec_10k_financial_parsing,0.3869,0,1921838,522.9
tools,memtoolagent,ale,ale,5,4,3,engineering/openroad_sky130_ibex_pnr_signoff,0.0,0,721681,164.6
tools,memtoolagent,ale,ale,5,4,3,health_medicine/prostate_imrt_matrad_reproduction,0.0,0,3151156,527.7
tools,memtoolagent,ale,ale,5,4,3,health_medicine/wsi_tumor_localization_1,0.0,0,485846,217.2
tools,memtoolagent,ale,ale,5,4,3,life_sciences/gene_expression_differential_analysis_functional_enrichment_analysis_1,0.0,0,0,319.7
tools,memtoolagent,ale,ale,5,5,1,business_finance/legal_ma_consistency_audit_01,0.0,0,1646738,274.3
tools,memtoolagent,ale,ale,5,5,1,computing_math/clustered_cyclic_code_circuit_level_simulation,0.0,0,666409,249.5
tools,memtoolagent,ale,ale,5,5,1,computing_math/data_pipeline_etl_instance_1,0.833333,0,2324331,640.6
tools,memtoolagent,ale,ale,5,5,1,computing_math/k8s_migration_1,0.0,0,1451074,504.7
tools,memtoolagent,ale,ale,5,5,1,engineering/humanoid_wbc_policy_evaluation,0.0,0,2926271,894.1
tools,memtoolagent,ale,ale,5,5,1,health_medicine/healthcare_sap_group_sequential_nsclc,0.2,0,627560,433.7
tools,memtoolagent,ale,ale,5,5,1,health_medicine/healthcare_tcga_luad_survival_kras,0.0,0,837407,1683.3
tools,memtoolagent,ale,ale,5,5,1,health_medicine/ltmle_targeted_bootstrap_simulation_study,0.0,0,0,721.2
tools,memtoolagent,ale,ale,5,5,1,health_medicine/public_health_mask_mandate_ratio,0.333333,0,1669296,1547.9
tools,memtoolagent,ale,ale,5,5,1,health_medicine/replicate_paper_1,1.0,1,1328239,550.8
tools,memtoolagent,ale,ale,5,5,1,life_sciences/hg002_chr22_germline_variant_pipeline,0.0,0,958274,317.7
tools,memtoolagent,ale,ale,5,5,1,life_sciences/idp_ensemble_scoring,0.05,0,2496311,1060.3
tools,memtoolagent,ale,ale,5,5,1,life_sciences/rgi_mcr1_colistin_v2,1.0,1,514052,207.3
tools,memtoolagent,ale,ale,5,5,1,physical_sciences/climate_prediction,0.4464,0,1849574,1113.7
tools,memtoolagent,ale,ale,5,5,1,social_sciences/atwood_2022_measles_vaccine_reproduction,0.0,0,0,436.4
tools,memtoolagent,ale,ale,5,5,1,transport_safety/capacitated_vehicle_routing_problems,1.0,1,1620240,554.2
tools,memtoolagent,ale,ale,5,5,1,transport_safety/fds_single_compartment_detector_reconstruction,0.0,0,1479785,769.5
tools,memtoolagent,ale,ale,5,5,2,business_finance/legal_ma_consistency_audit_01,0.0,0,3085406,400.6
tools,memtoolagent,ale,ale,5,5,2,computing_math/clustered_cyclic_code_circuit_level_simulation,0.0,0,0,1862.9
tools,memtoolagent,ale,ale,5,5,2,computing_math/data_pipeline_etl_instance_1,0.0,0,0,7228.5
tools,memtoolagent,ale,ale,5,5,2,computing_math/k8s_migration_1,0.0,0,613355,257.8
tools,memtoolagent,ale,ale,5,5,2,engineering/humanoid_wbc_policy_evaluation,0.0,0,1361372,2110.6
tools,memtoolagent,ale,ale,5,5,2,health_medicine/healthcare_sap_group_sequential_nsclc,0.34,0,606701,399.7
tools,memtoolagent,ale,ale,5,5,2,health_medicine/healthcare_tcga_luad_survival_kras,0.0,0,1446662,2471.6
tools,memtoolagent,ale,ale,5,5,2,health_medicine/ltmle_targeted_bootstrap_simulation_study,0.0,0,0,7228.2
tools,memtoolagent,ale,ale,5,5,2,health_medicine/public_health_mask_mandate_ratio,0.0,0,0,406.2
tools,memtoolagent,ale,ale,5,5,2,health_medicine/replicate_paper_1,1.0,1,1704288,517.9
tools,memtoolagent,ale,ale,5,5,2,life_sciences/hg002_chr22_germline_variant_pipeline,0.0,0,1332977,399.9
tools,memtoolagent,ale,ale,5,5,2,life_sciences/idp_ensemble_scoring,0.0,0,0,260.3
tools,memtoolagent,ale,ale,5,5,2,life_sciences/rgi_mcr1_colistin_v2,1.0,1,969457,259.1
tools,memtoolagent,ale,ale,5,5,2,physical_sciences/climate_prediction,0.0,0,0,7888.5
tools,memtoolagent,ale,ale,5,5,2,social_sciences/atwood_2022_measles_vaccine_reproduction,0.0,0,0,367.6
tools,memtoolagent,ale,ale,5,5,2,transport_safety/capacitated_vehicle_routing_problems,0.0,0,0,31.3
tools,memtoolagent,ale,ale,5,5,2,transport_safety/fds_single_compartment_detector_reconstruction,0.0,0,0,24.4
tools,memtoolagent,ale,ale,5,5,3,business_finance/legal_ma_consistency_audit_01,0.0,0,1279757,288.5
tools,memtoolagent,ale,ale,5,5,3,computing_math/clustered_cyclic_code_circuit_level_simulation,0.0,0,624964,935.7
tools,memtoolagent,ale,ale,5,5,3,computing_math/data_pipeline_etl_instance_1,0.666667,0,2018306,449.9
tools,memtoolagent,ale,ale,5,5,3,computing_math/k8s_migration_1,0.679167,0,1165710,383.0
tools,memtoolagent,ale,ale,5,5,3,engineering/humanoid_wbc_policy_evaluation,0.0,0,2053707,386.0
tools,memtoolagent,ale,ale,5,5,3,health_medicine/healthcare_sap_group_sequential_nsclc,0.0,0,1613524,561.0
tools,memtoolagent,ale,ale,5,5,3,health_medicine/healthcare_tcga_luad_survival_kras,0.0,0,975525,450.2
tools,memtoolagent,ale,ale,5,5,3,health_medicine/ltmle_targeted_bootstrap_simulation_study,0.0,0,3319612,732.6
tools,memtoolagent,ale,ale,5,5,3,health_medicine/public_health_mask_mandate_ratio,0.333333,0,2228900,2633.6
tools,memtoolagent,ale,ale,5,5,3,health_medicine/replicate_paper_1,0.0,0,3051668,907.3
tools,memtoolagent,ale,ale,5,5,3,life_sciences/hg002_chr22_germline_variant_pipeline,0.0,0,2855051,476.3
tools,memtoolagent,ale,ale,5,5,3,life_sciences/idp_ensemble_scoring,0.0,0,6941374,1812.7
tools,memtoolagent,ale,ale,5,5,3,life_sciences/rgi_mcr1_colistin_v2,0.0,0,131481,117.2
tools,memtoolagent,ale,ale,5,5,3,physical_sciences/climate_prediction,0.4259,0,3021650,1159.3
tools,memtoolagent,ale,ale,5,5,3,social_sciences/atwood_2022_measles_vaccine_reproduction,0.0,0,1804214,402.9
tools,memtoolagent,ale,ale,5,5,3,transport_safety/capacitated_vehicle_routing_problems,1.0,1,1203588,505.8
tools,memtoolagent,ale,ale,5,5,3,transport_safety/fds_single_compartment_detector_reconstruction,0.0,0,1007610,518.4
tools,memtoolagent,eog,calendar,1,1,1,task_20251124_112741_995_0a0bf089_3906a767,0.8,0,141517,89.6
tools,memtoolagent,eog,calendar,1,1,1,task_20251128_220140_863_df2c536d_4aa7dcfd,0.666667,0,204835,126.6
tools,memtoolagent,eog,calendar,1,1,1,task_20251130_105156_866_0a0bf089_eef6d2ed,0.25,0,287571,106.0
tools,memtoolagent,eog,calendar,1,1,1,task_20251203_080219_432_6f5b66fc_03eb353c,0.8,0,139745,162.8
tools,memtoolagent,eog,calendar,1,1,1,task_20251203_091910_549_bca89e7d_de59e44a,0.666667,0,202893,301.2
tools,memtoolagent,eog,calendar,1,1,1,task_20251203_142634_160_bca89e7d_193f597f,0.6,0,171428,260.6
tools,memtoolagent,eog,calendar,1,1,1,task_20251203_142725_377_6f5b66fc_c990483e,0.666667,0,216272,379.1
tools,memtoolagent,eog,calendar,1,1,1,task_20251205_032409_945_0a0bf089_61f5be29,0.0,0,69335,54.7
tools,memtoolagent,eog,calendar,1,1,1,task_20260102_175948_337_6f5b66fc_f9bfbf1d,1.0,1,99260,75.3
tools,memtoolagent,eog,calendar,1,1,1,task_20260104_192853_372_6f5b66fc_12ceda34,0.333333,0,119544,91.1
tools,memtoolagent,eog,calendar,1,1,1,task_20260104_205924_379_e0ac0c6d_cec96398,0.666667,0,163484,135.8
tools,memtoolagent,eog,calendar,1,1,1,task_20260105_074654_229_bca89e7d_39d9c8ac,1.0,1,365987,385.6
tools,memtoolagent,eog,calendar,1,1,1,task_20260105_124102_961_e0ac0c6d_0b196906,1.0,1,75117,53.3
tools,memtoolagent,eog,calendar,1,1,1,task_20260105_140440_086_e0ac0c6d_27ecac16,1.0,1,74201,55.2
tools,memtoolagent,eog,calendar,1,1,1,task_20260105_163511_384_79b3b025_1ff6d0c6,1.0,1,166806,128.3
tools,memtoolagent,eog,calendar,1,1,1,task_20260105_212045_832_e0ac0c6d_84c7f524,0.833333,0,74475,56.1
tools,memtoolagent,eog,calendar,1,1,1,task_20260105_221239_098_e0ac0c6d_f5f338f3,1.0,1,75273,62.4
tools,memtoolagent,eog,calendar,1,1,1,task_20260105_222434_398_79b3b025_ccd9b889,0.75,0,166867,107.8
tools,memtoolagent,eog,calendar,1,1,1,task_20260106_103319_873_baf0b358_69ce7445,1.0,1,268154,239.9
tools,memtoolagent,eog,calendar,1,1,1,task_20260106_114228_782_79b3b025_b556c84d,1.0,1,222022,195.9
tools,memtoolagent,eog,calendar,1,1,1,task_20260106_152415_149_6f5b66fc_aad3df17,1.0,1,131864,177.2
tools,memtoolagent,eog,calendar,1,1,1,task_20260106_170952_179_e0ac0c6d_791fba5e,1.0,1,74227,53.1
tools,memtoolagent,eog,calendar,1,1,1,task_20260107_144751_333_79b3b025_92bfb77e,0.857143,0,205428,257.9
tools,memtoolagent,eog,calendar,1,1,1,task_20260107_193032_599_e0ac0c6d_403469c5,1.0,1,75538,59.3
tools,memtoolagent,eog,calendar,1,1,1,task_20260108_182727_772_4608325d_60b7f5d9,0.666667,0,133095,106.2
tools,memtoolagent,eog,calendar,1,1,1,task_20260121_144251_116_38405923_9438dabd,0.0,0,193154,103.4
tools,memtoolagent,eog,calendar,1,1,1,task_20260121_161936_323_cbcf38f8_50ccd164,0.0,0,200131,160.5
tools,memtoolagent,eog,calendar,1,1,1,task_20260121_171247_475_cbcf38f8_c0a86487,0.5,0,188314,126.2
tools,memtoolagent,eog,calendar,1,1,1,task_20260122_024556_370_38405923_1a174d84,0.833333,0,122805,106.0
tools,memtoolagent,eog,calendar,1,1,2,task_20251124_112741_995_0a0bf089_3906a767,0.8,0,217624,132.0
tools,memtoolagent,eog,calendar,1,1,2,task_20251128_220140_863_df2c536d_4aa7dcfd,0.666667,0,230781,164.3
tools,memtoolagent,eog,calendar,1,1,2,task_20251130_105156_866_0a0bf089_eef6d2ed,0.25,0,205139,94.4
tools,memtoolagent,eog,calendar,1,1,2,task_20251203_080219_432_6f5b66fc_03eb353c,0.0,0,32051,117.5
tools,memtoolagent,eog,calendar,1,1,2,task_20251203_091910_549_bca89e7d_de59e44a,0.666667,0,376794,453.5
tools,memtoolagent,eog,calendar,1,1,2,task_20251203_142634_160_bca89e7d_193f597f,0.6,0,208829,213.6
tools,memtoolagent,eog,calendar,1,1,2,task_20251203_142725_377_6f5b66fc_c990483e,0.666667,0,106596,194.4
tools,memtoolagent,eog,calendar,1,1,2,task_20251205_032409_945_0a0bf089_61f5be29,0.0,0,46982,51.3
tools,memtoolagent,eog,calendar,1,1,2,task_20260102_175948_337_6f5b66fc_f9bfbf1d,1.0,1,100565,94.9
tools,memtoolagent,eog,calendar,1,1,2,task_20260104_192853_372_6f5b66fc_12ceda34,0.333333,0,74261,88.4
tools,memtoolagent,eog,calendar,1,1,2,task_20260104_205924_379_e0ac0c6d_cec96398,0.666667,0,190383,153.2
tools,memtoolagent,eog,calendar,1,1,2,task_20260105_074654_229_bca89e7d_39d9c8ac,1.0,1,364401,373.6
tools,memtoolagent,eog,calendar,1,1,2,task_20260105_124102_961_e0ac0c6d_0b196906,1.0,1,102436,75.4
tools,memtoolagent,eog,calendar,1,1,2,task_20260105_140440_086_e0ac0c6d_27ecac16,1.0,1,74984,57.4
tools,memtoolagent,eog,calendar,1,1,2,task_20260105_163511_384_79b3b025_1ff6d0c6,1.0,1,111677,135.1
tools,memtoolagent,eog,calendar,1,1,2,task_20260105_212045_832_e0ac0c6d_84c7f524,0.833333,0,74501,53.0
tools,memtoolagent,eog,calendar,1,1,2,task_20260105_221239_098_e0ac0c6d_f5f338f3,1.0,1,74755,56.3
tools,memtoolagent,eog,calendar,1,1,2,task_20260105_222434_398_79b3b025_ccd9b889,0.75,0,167149,117.6
tools,memtoolagent,eog,calendar,1,1,2,task_20260106_103319_873_baf0b358_69ce7445,1.0,1,272488,237.9
tools,memtoolagent,eog,calendar,1,1,2,task_20260106_114228_782_79b3b025_b556c84d,1.0,1,227061,206.9
tools,memtoolagent,eog,calendar,1,1,2,task_20260106_152415_149_6f5b66fc_aad3df17,1.0,1,160362,205.8
tools,memtoolagent,eog,calendar,1,1,2,task_20260106_170952_179_e0ac0c6d_791fba5e,1.0,1,99221,74.7
tools,memtoolagent,eog,calendar,1,1,2,task_20260107_144751_333_79b3b025_92bfb77e,0.857143,0,198363,232.2
tools,memtoolagent,eog,calendar,1,1,2,task_20260107_193032_599_e0ac0c6d_403469c5,1.0,1,74337,52.9
tools,memtoolagent,eog,calendar,1,1,2,task_20260108_182727_772_4608325d_60b7f5d9,0.666667,0,190189,108.4
tools,memtoolagent,eog,calendar,1,1,2,task_20260121_144251_116_38405923_9438dabd,0.0,0,167782,96.5
tools,memtoolagent,eog,calendar,1,1,2,task_20260121_161936_323_cbcf38f8_50ccd164,0.0,0,164447,122.2
tools,memtoolagent,eog,calendar,1,1,2,task_20260121_171247_475_cbcf38f8_c0a86487,0.5,0,191124,89.2
tools,memtoolagent,eog,calendar,1,1,2,task_20260122_024556_370_38405923_1a174d84,0.833333,0,122327,94.8
tools,memtoolagent,eog,calendar,1,1,3,task_20251124_112741_995_0a0bf089_3906a767,0.6,0,138617,53.2
tools,memtoolagent,eog,calendar,1,1,3,task_20251128_220140_863_df2c536d_4aa7dcfd,0.666667,0,129284,127.8
tools,memtoolagent,eog,calendar,1,1,3,task_20251130_105156_866_0a0bf089_eef6d2ed,0.25,0,1425579,481.3
tools,memtoolagent,eog,calendar,1,1,3,task_20251203_080219_432_6f5b66fc_03eb353c,0.8,0,136402,191.1
tools,memtoolagent,eog,calendar,1,1,3,task_20251203_091910_549_bca89e7d_de59e44a,0.833333,0,265704,381.2
tools,memtoolagent,eog,calendar,1,1,3,task_20251203_142634_160_bca89e7d_193f597f,0.8,0,229931,350.3
tools,memtoolagent,eog,calendar,1,1,3,task_20251203_142725_377_6f5b66fc_c990483e,0.333333,0,136090,178.7
tools,memtoolagent,eog,calendar,1,1,3,task_20251205_032409_945_0a0bf089_61f5be29,0.0,0,47449,52.0
tools,memtoolagent,eog,calendar,1,1,3,task_20260102_175948_337_6f5b66fc_f9bfbf1d,1.0,1,150337,148.3
tools,memtoolagent,eog,calendar,1,1,3,task_20260104_192853_372_6f5b66fc_12ceda34,0.333333,0,75468,94.8
tools,memtoolagent,eog,calendar,1,1,3,task_20260104_205924_379_e0ac0c6d_cec96398,0.5,0,162455,151.0
tools,memtoolagent,eog,calendar,1,1,3,task_20260105_074654_229_bca89e7d_39d9c8ac,1.0,1,359746,350.6
tools,memtoolagent,eog,calendar,1,1,3,task_20260105_124102_961_e0ac0c6d_0b196906,1.0,1,149847,129.7
tools,memtoolagent,eog,calendar,1,1,3,task_20260105_140440_086_e0ac0c6d_27ecac16,1.0,1,75051,62.1
tools,memtoolagent,eog,calendar,1,1,3,task_20260105_163511_384_79b3b025_1ff6d0c6,1.0,1,202732,176.0
tools,memtoolagent,eog,calendar,1,1,3,task_20260105_212045_832_e0ac0c6d_84c7f524,0.833333,0,74761,62.9
tools,memtoolagent,eog,calendar,1,1,3,task_20260105_221239_098_e0ac0c6d_f5f338f3,1.0,1,74169,52.4
tools,memtoolagent,eog,calendar,1,1,3,task_20260105_222434_398_79b3b025_ccd9b889,0.75,0,200013,153.2
tools,memtoolagent,eog,calendar,1,1,3,task_20260106_103319_873_baf0b358_69ce7445,1.0,1,272511,246.1
tools,memtoolagent,eog,calendar,1,1,3,task_20260106_114228_782_79b3b025_b556c84d,1.0,1,195128,308.8
tools,memtoolagent,eog,calendar,1,1,3,task_20260106_152415_149_6f5b66fc_aad3df17,1.0,1,132026,118.4
tools,memtoolagent,eog,calendar,1,1,3,task_20260106_170952_179_e0ac0c6d_791fba5e,0.833333,0,74937,55.1
tools,memtoolagent,eog,calendar,1,1,3,task_20260107_144751_333_79b3b025_92bfb77e,0.857143,0,236070,228.3
tools,memtoolagent,eog,calendar,1,1,3,task_20260107_193032_599_e0ac0c6d_403469c5,1.0,1,151636,77.8
tools,memtoolagent,eog,calendar,1,1,3,task_20260108_182727_772_4608325d_60b7f5d9,0.666667,0,163164,237.0
tools,memtoolagent,eog,calendar,1,1,3,task_20260121_144251_116_38405923_9438dabd,0.0,0,170168,110.4
tools,memtoolagent,eog,calendar,1,1,3,task_20260121_161936_323_cbcf38f8_50ccd164,0.0,0,195326,168.1
tools,memtoolagent,eog,calendar,1,1,3,task_20260121_171247_475_cbcf38f8_c0a86487,0.5,0,192724,82.8
tools,memtoolagent,eog,calendar,1,1,3,task_20260122_024556_370_38405923_1a174d84,0.833333,0,123468,110.0
tools,memtoolagent,eog,calendar,2,1,1,task_20251124_112741_995_0a0bf089_3906a767,0.8,0,259910,70.0
tools,memtoolagent,eog,calendar,2,1,1,task_20251128_220140_863_df2c536d_4aa7dcfd,0.666667,0,158101,115.0
tools,memtoolagent,eog,calendar,2,1,1,task_20251130_105156_866_0a0bf089_eef6d2ed,0.25,0,250432,85.8
tools,memtoolagent,eog,calendar,2,1,1,task_20251203_080219_432_6f5b66fc_03eb353c,0.2,0,200158,261.5
tools,memtoolagent,eog,calendar,2,1,1,task_20251203_091910_549_bca89e7d_de59e44a,0.666667,0,249468,396.4
tools,memtoolagent,eog,calendar,2,1,1,task_20251203_142634_160_bca89e7d_193f597f,1.0,1,295535,385.7
tools,memtoolagent,eog,calendar,2,1,1,task_20251203_142725_377_6f5b66fc_c990483e,0.666667,0,193311,287.7
tools,memtoolagent,eog,calendar,2,1,1,task_20251205_032409_945_0a0bf089_61f5be29,0.0,0,89315,100.7
tools,memtoolagent,eog,calendar,2,1,1,task_20260102_175948_337_6f5b66fc_f9bfbf1d,1.0,1,189194,95.0
tools,memtoolagent,eog,calendar,2,1,1,task_20260104_192853_372_6f5b66fc_12ceda34,0.333333,0,90679,112.2
tools,memtoolagent,eog,calendar,2,1,1,task_20260104_205924_379_e0ac0c6d_cec96398,0.666667,0,226842,169.0
tools,memtoolagent,eog,calendar,2,1,1,task_20260105_074654_229_bca89e7d_39d9c8ac,1.0,1,404284,407.1
tools,memtoolagent,eog,calendar,2,1,1,task_20260105_124102_961_e0ac0c6d_0b196906,1.0,1,91741,86.3
tools,memtoolagent,eog,calendar,2,1,1,task_20260105_140440_086_e0ac0c6d_27ecac16,1.0,1,91743,66.7
tools,memtoolagent,eog,calendar,2,1,1,task_20260105_163511_384_79b3b025_1ff6d0c6,1.0,1,200576,122.7
tools,memtoolagent,eog,calendar,2,1,1,task_20260105_212045_832_e0ac0c6d_84c7f524,0.833333,0,92175,63.8
tools,memtoolagent,eog,calendar,2,1,1,task_20260105_221239_098_e0ac0c6d_f5f338f3,1.0,1,90794,42.8
tools,memtoolagent,eog,calendar,2,1,1,task_20260105_222434_398_79b3b025_ccd9b889,0.75,0,232471,147.7
tools,memtoolagent,eog,calendar,2,1,1,task_20260106_103319_873_baf0b358_69ce7445,1.0,1,303860,233.6
tools,memtoolagent,eog,calendar,2,1,1,task_20260106_114228_782_79b3b025_b556c84d,1.0,1,266776,202.8
tools,memtoolagent,eog,calendar,2,1,1,task_20260106_152415_149_6f5b66fc_aad3df17,1.0,1,129412,156.9
tools,memtoolagent,eog,calendar,2,1,1,task_20260106_170952_179_e0ac0c6d_791fba5e,1.0,1,91081,54.9
tools,memtoolagent,eog,calendar,2,1,1,task_20260107_144751_333_79b3b025_92bfb77e,0.857143,0,246392,222.3
tools,memtoolagent,eog,calendar,2,1,1,task_20260107_193032_599_e0ac0c6d_403469c5,1.0,1,91224,59.4
tools,memtoolagent,eog,calendar,2,1,1,task_20260108_182727_772_4608325d_60b7f5d9,0.666667,0,164018,158.2
tools,memtoolagent,eog,calendar,2,1,1,task_20260121_144251_116_38405923_9438dabd,0.0,0,240463,106.3
tools,memtoolagent,eog,calendar,2,1,1,task_20260121_161936_323_cbcf38f8_50ccd164,0.0,0,236695,164.0
tools,memtoolagent,eog,calendar,2,1,1,task_20260121_171247_475_cbcf38f8_c0a86487,0.5,0,196621,104.3
tools,memtoolagent,eog,calendar,2,1,1,task_20260122_024556_370_38405923_1a174d84,0.833333,0,150669,95.9
tools,memtoolagent,eog,calendar,2,1,2,task_20251124_112741_995_0a0bf089_3906a767,0.2,0,142214,215.0
tools,memtoolagent,eog,calendar,2,1,2,task_20251128_220140_863_df2c536d_4aa7dcfd,0.666667,0,186912,127.5
tools,memtoolagent,eog,calendar,2,1,2,task_20251130_105156_866_0a0bf089_eef6d2ed,0.5,0,369551,278.6
tools,memtoolagent,eog,calendar,2,1,2,task_20251203_080219_432_6f5b66fc_03eb353c,0.0,0,64298,208.2
tools,memtoolagent,eog,calendar,2,1,2,task_20251203_091910_549_bca89e7d_de59e44a,0.666667,0,279809,515.9
tools,memtoolagent,eog,calendar,2,1,2,task_20251203_142634_160_bca89e7d_193f597f,0.6,0,274276,311.9
tools,memtoolagent,eog,calendar,2,1,2,task_20251203_142725_377_6f5b66fc_c990483e,0.0,0,128107,309.5
tools,memtoolagent,eog,calendar,2,1,2,task_20251205_032409_945_0a0bf089_61f5be29,0.0,0,86588,59.1
tools,memtoolagent,eog,calendar,2,1,2,task_20260102_175948_337_6f5b66fc_f9bfbf1d,1.0,1,125507,72.1
tools,memtoolagent,eog,calendar,2,1,2,task_20260104_192853_372_6f5b66fc_12ceda34,0.333333,0,93357,104.2
tools,memtoolagent,eog,calendar,2,1,2,task_20260104_205924_379_e0ac0c6d_cec96398,0.666667,0,161400,90.2
tools,memtoolagent,eog,calendar,2,1,2,task_20260105_074654_229_bca89e7d_39d9c8ac,1.0,1,572991,595.0
tools,memtoolagent,eog,calendar,2,1,2,task_20260105_124102_961_e0ac0c6d_0b196906,1.0,1,123228,96.4
tools,memtoolagent,eog,calendar,2,1,2,task_20260105_140440_086_e0ac0c6d_27ecac16,1.0,1,91776,54.8
tools,memtoolagent,eog,calendar,2,1,2,task_20260105_163511_384_79b3b025_1ff6d0c6,1.0,1,225670,277.8
tools,memtoolagent,eog,calendar,2,1,2,task_20260105_212045_832_e0ac0c6d_84c7f524,0.833333,0,90921,50.9
tools,memtoolagent,eog,calendar,2,1,2,task_20260105_221239_098_e0ac0c6d_f5f338f3,1.0,1,91595,57.3
tools,memtoolagent,eog,calendar,2,1,2,task_20260105_222434_398_79b3b025_ccd9b889,0.5,0,185141,266.0
tools,memtoolagent,eog,calendar,2,1,2,task_20260106_103319_873_baf0b358_69ce7445,1.0,1,475334,516.9
tools,memtoolagent,eog,calendar,2,1,2,task_20260106_114228_782_79b3b025_b556c84d,1.0,1,259851,327.8
tools,memtoolagent,eog,calendar,2,1,2,task_20260106_152415_149_6f5b66fc_aad3df17,1.0,1,189480,330.1
tools,memtoolagent,eog,calendar,2,1,2,task_20260106_170952_179_e0ac0c6d_791fba5e,1.0,1,91453,73.8
tools,memtoolagent,eog,calendar,2,1,2,task_20260107_144751_333_79b3b025_92bfb77e,0.857143,0,408988,431.9
tools,memtoolagent,eog,calendar,2,1,2,task_20260107_193032_599_e0ac0c6d_403469c5,1.0,1,91517,57.8
tools,memtoolagent,eog,calendar,2,1,2,task_20260108_182727_772_4608325d_60b7f5d9,0.333333,0,220047,301.0
tools,memtoolagent,eog,calendar,2,1,2,task_20260121_144251_116_38405923_9438dabd,0.0,0,148877,256.0
tools,memtoolagent,eog,calendar,2,1,2,task_20260121_161936_323_cbcf38f8_50ccd164,0.0,0,60127,212.4
tools,memtoolagent,eog,calendar,2,1,2,task_20260121_171247_475_cbcf38f8_c0a86487,0.0,0,232652,263.2
tools,memtoolagent,eog,calendar,2,1,2,task_20260122_024556_370_38405923_1a174d84,0.833333,0,180613,121.1
tools,memtoolagent,eog,calendar,2,1,3,task_20251124_112741_995_0a0bf089_3906a767,0.8,0,232654,95.2
tools,memtoolagent,eog,calendar,2,1,3,task_20251128_220140_863_df2c536d_4aa7dcfd,0.666667,0,247822,129.0
tools,memtoolagent,eog,calendar,2,1,3,task_20251130_105156_866_0a0bf089_eef6d2ed,0.25,0,387780,126.9
tools,memtoolagent,eog,calendar,2,1,3,task_20251203_080219_432_6f5b66fc_03eb353c,0.6,0,165265,161.7
tools,memtoolagent,eog,calendar,2,1,3,task_20251203_091910_549_bca89e7d_de59e44a,0.666667,0,176490,229.8
tools,memtoolagent,eog,calendar,2,1,3,task_20251203_142634_160_bca89e7d_193f597f,0.4,0,199780,221.0
tools,memtoolagent,eog,calendar,2,1,3,task_20251203_142725_377_6f5b66fc_c990483e,0.666667,0,195690,264.7
tools,memtoolagent,eog,calendar,2,1,3,task_20251205_032409_945_0a0bf089_61f5be29,0.0,0,62196,104.6
tools,memtoolagent,eog,calendar,2,1,3,task_20260102_175948_337_6f5b66fc_f9bfbf1d,1.0,1,121963,104.9
tools,memtoolagent,eog,calendar,2,1,3,task_20260104_192853_372_6f5b66fc_12ceda34,0.333333,0,91384,99.3
tools,memtoolagent,eog,calendar,2,1,3,task_20260104_205924_379_e0ac0c6d_cec96398,0.666667,0,231612,111.8
tools,memtoolagent,eog,calendar,2,1,3,task_20260105_074654_229_bca89e7d_39d9c8ac,1.0,1,400706,260.1
tools,memtoolagent,eog,calendar,2,1,3,task_20260105_124102_961_e0ac0c6d_0b196906,1.0,1,91733,52.4
tools,memtoolagent,eog,calendar,2,1,3,task_20260105_140440_086_e0ac0c6d_27ecac16,1.0,1,91163,60.4
tools,memtoolagent,eog,calendar,2,1,3,task_20260105_163511_384_79b3b025_1ff6d0c6,1.0,1,167933,123.7
tools,memtoolagent,eog,calendar,2,1,3,task_20260105_212045_832_e0ac0c6d_84c7f524,0.833333,0,92363,60.2
tools,memtoolagent,eog,calendar,2,1,3,task_20260105_221239_098_e0ac0c6d_f5f338f3,1.0,1,219396,63.4
tools,memtoolagent,eog,calendar,2,1,3,task_20260105_222434_398_79b3b025_ccd9b889,0.75,0,201083,150.8
tools,memtoolagent,eog,calendar,2,1,3,task_20260106_103319_873_baf0b358_69ce7445,1.0,1,194188,153.3
tools,memtoolagent,eog,calendar,2,1,3,task_20260106_114228_782_79b3b025_b556c84d,1.0,1,308666,148.2
tools,memtoolagent,eog,calendar,2,1,3,task_20260106_152415_149_6f5b66fc_aad3df17,1.0,1,127977,165.6
tools,memtoolagent,eog,calendar,2,1,3,task_20260106_170952_179_e0ac0c6d_791fba5e,1.0,1,91933,56.6
tools,memtoolagent,eog,calendar,2,1,3,task_20260107_144751_333_79b3b025_92bfb77e,0.857143,0,246177,186.2
tools,memtoolagent,eog,calendar,2,1,3,task_20260107_193032_599_e0ac0c6d_403469c5,1.0,1,121295,74.4
tools,memtoolagent,eog,calendar,2,1,3,task_20260108_182727_772_4608325d_60b7f5d9,0.666667,0,263853,161.4
tools,memtoolagent,eog,calendar,2,1,3,task_20260121_144251_116_38405923_9438dabd,0.0,0,239451,77.2
tools,memtoolagent,eog,calendar,2,1,3,task_20260121_161936_323_cbcf38f8_50ccd164,0.0,0,200321,157.8
tools,memtoolagent,eog,calendar,2,1,3,task_20260121_171247_475_cbcf38f8_c0a86487,0.5,0,230931,88.6
tools,memtoolagent,eog,calendar,2,1,3,task_20260122_024556_370_38405923_1a174d84,0.833333,0,237523,118.5
tools,memtoolagent,eog,calendar,2,2,1,task_20251117_165528_648_bca89e7d_3e81ece9,1.0,1,247581,115.2
tools,memtoolagent,eog,calendar,2,2,1,task_20251201_113908_295_e81f6083_e770442c,1.0,1,307942,190.1
tools,memtoolagent,eog,calendar,2,2,1,task_20251203_184109_641_6f5b66fc_e62d330e,0.333333,0,251059,251.8
tools,memtoolagent,eog,calendar,2,2,1,task_20251203_190727_704_e81f6083_f2fd8fe6,0.5,0,204196,363.7
tools,memtoolagent,eog,calendar,2,2,1,task_20251203_194320_796_df2c536d_c885488e,0.5,0,130491,156.3
tools,memtoolagent,eog,calendar,2,2,1,task_20260104_143530_440_6f5b66fc_b6b24e96,1.0,1,186271,172.8
tools,memtoolagent,eog,calendar,2,2,1,task_20260106_112632_846_bca89e7d_5d19e8f3,1.0,1,186496,127.4
tools,memtoolagent,eog,calendar,2,2,1,task_20260107_093643_038_df2c536d_f90fd06e,1.0,1,244532,117.0
tools,memtoolagent,eog,calendar,2,2,1,task_20260108_142310_191_df2c536d_c6edcf9f,0.666667,0,162711,243.0
tools,memtoolagent,eog,calendar,2,2,1,task_20260121_214553_691_cbcf38f8_abce7315,0.666667,0,262142,353.0
tools,memtoolagent,eog,calendar,2,2,2,task_20251117_165528_648_bca89e7d_3e81ece9,1.0,1,186614,210.9
tools,memtoolagent,eog,calendar,2,2,2,task_20251201_113908_295_e81f6083_e770442c,1.0,1,405670,384.1
tools,memtoolagent,eog,calendar,2,2,2,task_20251203_184109_641_6f5b66fc_e62d330e,0.333333,0,222019,302.1
tools,memtoolagent,eog,calendar,2,2,2,task_20251203_190727_704_e81f6083_f2fd8fe6,0.5,0,263027,459.7
tools,memtoolagent,eog,calendar,2,2,2,task_20251203_194320_796_df2c536d_c885488e,0.75,0,289955,282.7
tools,memtoolagent,eog,calendar,2,2,2,task_20260104_143530_440_6f5b66fc_b6b24e96,0.666667,0,218893,212.0
tools,memtoolagent,eog,calendar,2,2,2,task_20260106_112632_846_bca89e7d_5d19e8f3,1.0,1,248680,222.1
tools,memtoolagent,eog,calendar,2,2,2,task_20260107_093643_038_df2c536d_f90fd06e,1.0,1,243550,162.5
tools,memtoolagent,eog,calendar,2,2,2,task_20260108_142310_191_df2c536d_c6edcf9f,0.666667,0,261143,398.0
tools,memtoolagent,eog,calendar,2,2,2,task_20260121_214553_691_cbcf38f8_abce7315,0.666667,0,230903,360.7
tools,memtoolagent,eog,calendar,2,2,3,task_20251117_165528_648_bca89e7d_3e81ece9,1.0,1,184522,189.0
tools,memtoolagent,eog,calendar,2,2,3,task_20251201_113908_295_e81f6083_e770442c,1.0,1,301248,349.0
tools,memtoolagent,eog,calendar,2,2,3,task_20251203_184109_641_6f5b66fc_e62d330e,0.333333,0,156286,217.8
tools,memtoolagent,eog,calendar,2,2,3,task_20251203_190727_704_e81f6083_f2fd8fe6,0.5,0,242363,379.8
tools,memtoolagent,eog,calendar,2,2,3,task_20251203_194320_796_df2c536d_c885488e,0.75,0,455684,557.6
tools,memtoolagent,eog,calendar,2,2,3,task_20260104_143530_440_6f5b66fc_b6b24e96,0.666667,0,187264,211.4
tools,memtoolagent,eog,calendar,2,2,3,task_20260106_112632_846_bca89e7d_5d19e8f3,1.0,1,214939,139.3
tools,memtoolagent,eog,calendar,2,2,3,task_20260107_093643_038_df2c536d_f90fd06e,1.0,1,211991,124.0
tools,memtoolagent,eog,calendar,2,2,3,task_20260108_142310_191_df2c536d_c6edcf9f,0.666667,0,193291,276.8
tools,memtoolagent,eog,calendar,2,2,3,task_20260121_214553_691_cbcf38f8_abce7315,0.666667,0,195833,282.9
tools,memtoolagent,eog,calendar,3,1,1,task_20251124_112741_995_0a0bf089_3906a767,0.6,0,157987,71.8
tools,memtoolagent,eog,calendar,3,1,1,task_20251128_220140_863_df2c536d_4aa7dcfd,0.666667,0,135920,93.4
tools,memtoolagent,eog,calendar,3,1,1,task_20251130_105156_866_0a0bf089_eef6d2ed,0.25,0,271133,90.0
tools,memtoolagent,eog,calendar,3,1,1,task_20251203_080219_432_6f5b66fc_03eb353c,0.6,0,361158,318.8
tools,memtoolagent,eog,calendar,3,1,1,task_20251203_091910_549_bca89e7d_de59e44a,0.833333,0,231414,340.9
tools,memtoolagent,eog,calendar,3,1,1,task_20251203_142634_160_bca89e7d_193f597f,0.4,0,254182,265.5
tools,memtoolagent,eog,calendar,3,1,1,task_20251203_142725_377_6f5b66fc_c990483e,0.333333,0,173671,203.5
tools,memtoolagent,eog,calendar,3,1,1,task_20251205_032409_945_0a0bf089_61f5be29,0.0,0,63445,56.9
tools,memtoolagent,eog,calendar,3,1,1,task_20260102_175948_337_6f5b66fc_f9bfbf1d,1.0,1,199237,115.6
tools,memtoolagent,eog,calendar,3,1,1,task_20260104_192853_372_6f5b66fc_12ceda34,0.333333,0,98862,90.1
tools,memtoolagent,eog,calendar,3,1,1,task_20260104_205924_379_e0ac0c6d_cec96398,0.666667,0,251534,154.8
tools,memtoolagent,eog,calendar,3,1,1,task_20260105_074654_229_bca89e7d_39d9c8ac,0.833333,0,219770,229.4
tools,memtoolagent,eog,calendar,3,1,1,task_20260105_124102_961_e0ac0c6d_0b196906,1.0,1,131694,79.4
tools,memtoolagent,eog,calendar,3,1,1,task_20260105_140440_086_e0ac0c6d_27ecac16,1.0,1,98320,56.7
tools,memtoolagent,eog,calendar,3,1,1,task_20260105_163511_384_79b3b025_1ff6d0c6,1.0,1,179312,137.0
tools,memtoolagent,eog,calendar,3,1,1,task_20260105_212045_832_e0ac0c6d_84c7f524,0.833333,0,99214,54.4
tools,memtoolagent,eog,calendar,3,1,1,task_20260105_221239_098_e0ac0c6d_f5f338f3,1.0,1,98875,69.9
tools,memtoolagent,eog,calendar,3,1,1,task_20260105_222434_398_79b3b025_ccd9b889,0.75,0,217581,122.6
tools,memtoolagent,eog,calendar,3,1,1,task_20260106_103319_873_baf0b358_69ce7445,1.0,1,398074,247.9
tools,memtoolagent,eog,calendar,3,1,1,task_20260106_114228_782_79b3b025_b556c84d,1.0,1,253383,219.6
tools,memtoolagent,eog,calendar,3,1,1,task_20260106_152415_149_6f5b66fc_aad3df17,1.0,1,207409,155.4
tools,memtoolagent,eog,calendar,3,1,1,task_20260106_170952_179_e0ac0c6d_791fba5e,1.0,1,98601,54.3
tools,memtoolagent,eog,calendar,3,1,1,task_20260107_144751_333_79b3b025_92bfb77e,0.857143,0,379245,264.4
tools,memtoolagent,eog,calendar,3,1,1,task_20260107_193032_599_e0ac0c6d_403469c5,1.0,1,98345,57.7
tools,memtoolagent,eog,calendar,3,1,1,task_20260108_182727_772_4608325d_60b7f5d9,0.666667,0,288040,207.6
tools,memtoolagent,eog,calendar,3,1,1,task_20260121_144251_116_38405923_9438dabd,0.0,0,167019,137.8
tools,memtoolagent,eog,calendar,3,1,1,task_20260121_161936_323_cbcf38f8_50ccd164,0.0,0,255342,177.4
tools,memtoolagent,eog,calendar,3,1,1,task_20260121_171247_475_cbcf38f8_c0a86487,0.5,0,212876,118.6
tools,memtoolagent,eog,calendar,3,1,1,task_20260122_024556_370_38405923_1a174d84,0.833333,0,226526,126.5
tools,memtoolagent,eog,calendar,3,1,2,task_20251124_112741_995_0a0bf089_3906a767,0.8,0,386362,132.5
tools,memtoolagent,eog,calendar,3,1,2,task_20251128_220140_863_df2c536d_4aa7dcfd,0.666667,0,136648,95.0
tools,memtoolagent,eog,calendar,3,1,2,task_20251130_105156_866_0a0bf089_eef6d2ed,0.25,0,273675,132.3
tools,memtoolagent,eog,calendar,3,1,2,task_20251203_080219_432_6f5b66fc_03eb353c,0.8,0,297694,284.8
tools,memtoolagent,eog,calendar,3,1,2,task_20251203_091910_549_bca89e7d_de59e44a,0.666667,0,224653,278.8
tools,memtoolagent,eog,calendar,3,1,2,task_20251203_142634_160_bca89e7d_193f597f,0.8,0,306261,256.4
tools,memtoolagent,eog,calendar,3,1,2,task_20251203_142725_377_6f5b66fc_c990483e,0.666667,0,210089,207.3
tools,memtoolagent,eog,calendar,3,1,2,task_20251205_032409_945_0a0bf089_61f5be29,0.0,0,64126,75.8
tools,memtoolagent,eog,calendar,3,1,2,task_20260102_175948_337_6f5b66fc_f9bfbf1d,1.0,1,206099,105.8
tools,memtoolagent,eog,calendar,3,1,2,task_20260104_192853_372_6f5b66fc_12ceda34,0.333333,0,102171,122.2
tools,memtoolagent,eog,calendar,3,1,2,task_20260104_205924_379_e0ac0c6d_cec96398,0.666667,0,211069,99.1
tools,memtoolagent,eog,calendar,3,1,2,task_20260105_074654_229_bca89e7d_39d9c8ac,1.0,1,507360,366.5
tools,memtoolagent,eog,calendar,3,1,2,task_20260105_124102_961_e0ac0c6d_0b196906,1.0,1,98858,52.6
tools,memtoolagent,eog,calendar,3,1,2,task_20260105_140440_086_e0ac0c6d_27ecac16,1.0,1,98915,53.8
tools,memtoolagent,eog,calendar,3,1,2,task_20260105_163511_384_79b3b025_1ff6d0c6,1.0,1,142731,128.6
tools,memtoolagent,eog,calendar,3,1,2,task_20260105_212045_832_e0ac0c6d_84c7f524,0.833333,0,98619,61.0
tools,memtoolagent,eog,calendar,3,1,2,task_20260105_221239_098_e0ac0c6d_f5f338f3,1.0,1,99658,81.1
tools,memtoolagent,eog,calendar,3,1,2,task_20260105_222434_398_79b3b025_ccd9b889,0.75,0,217386,142.9
tools,memtoolagent,eog,calendar,3,1,2,task_20260106_103319_873_baf0b358_69ce7445,1.0,1,441300,313.1
tools,memtoolagent,eog,calendar,3,1,2,task_20260106_114228_782_79b3b025_b556c84d,1.0,1,338383,228.6
tools,memtoolagent,eog,calendar,3,1,2,task_20260106_152415_149_6f5b66fc_aad3df17,1.0,1,172468,143.5
tools,memtoolagent,eog,calendar,3,1,2,task_20260106_170952_179_e0ac0c6d_791fba5e,1.0,1,99337,71.5
tools,memtoolagent,eog,calendar,3,1,2,task_20260107_144751_333_79b3b025_92bfb77e,0.857143,0,261953,186.5
tools,memtoolagent,eog,calendar,3,1,2,task_20260107_193032_599_e0ac0c6d_403469c5,1.0,1,197437,91.5
tools,memtoolagent,eog,calendar,3,1,2,task_20260108_182727_772_4608325d_60b7f5d9,0.666667,0,254525,188.9
tools,memtoolagent,eog,calendar,3,1,2,task_20260121_144251_116_38405923_9438dabd,0.0,0,227677,95.8
tools,memtoolagent,eog,calendar,3,1,2,task_20260121_161936_323_cbcf38f8_50ccd164,0.0,0,256594,162.3
tools,memtoolagent,eog,calendar,3,1,2,task_20260121_171247_475_cbcf38f8_c0a86487,0.5,0,214095,152.2
tools,memtoolagent,eog,calendar,3,1,2,task_20260122_024556_370_38405923_1a174d84,0.833333,0,165516,83.6
tools,memtoolagent,eog,calendar,3,1,3,task_20251124_112741_995_0a0bf089_3906a767,0.8,0,349268,123.8
tools,memtoolagent,eog,calendar,3,1,3,task_20251128_220140_863_df2c536d_4aa7dcfd,0.666667,0,205002,111.2
tools,memtoolagent,eog,calendar,3,1,3,task_20251130_105156_866_0a0bf089_eef6d2ed,0.25,0,239569,101.2
tools,memtoolagent,eog,calendar,3,1,3,task_20251203_080219_432_6f5b66fc_03eb353c,0.8,0,221485,208.6
tools,memtoolagent,eog,calendar,3,1,3,task_20251203_091910_549_bca89e7d_de59e44a,0.666667,0,253788,298.6
tools,memtoolagent,eog,calendar,3,1,3,task_20251203_142634_160_bca89e7d_193f597f,0.6,0,259471,231.5
tools,memtoolagent,eog,calendar,3,1,3,task_20251203_142725_377_6f5b66fc_c990483e,0.333333,0,177055,198.2
tools,memtoolagent,eog,calendar,3,1,3,task_20251205_032409_945_0a0bf089_61f5be29,0.0,0,63267,47.5
tools,memtoolagent,eog,calendar,3,1,3,task_20260102_175948_337_6f5b66fc_f9bfbf1d,1.0,1,165783,100.8
tools,memtoolagent,eog,calendar,3,1,3,task_20260104_192853_372_6f5b66fc_12ceda34,0.333333,0,101227,112.8
tools,memtoolagent,eog,calendar,3,1,3,task_20260104_205924_379_e0ac0c6d_cec96398,0.666667,0,210313,100.0
tools,memtoolagent,eog,calendar,3,1,3,task_20260105_074654_229_bca89e7d_39d9c8ac,1.0,1,440401,380.6
tools,memtoolagent,eog,calendar,3,1,3,task_20260105_124102_961_e0ac0c6d_0b196906,1.0,1,99625,74.5
tools,memtoolagent,eog,calendar,3,1,3,task_20260105_140440_086_e0ac0c6d_27ecac16,1.0,1,99445,77.4
tools,memtoolagent,eog,calendar,3,1,3,task_20260105_163511_384_79b3b025_1ff6d0c6,1.0,1,143041,135.3
tools,memtoolagent,eog,calendar,3,1,3,task_20260105_212045_832_e0ac0c6d_84c7f524,0.833333,0,99785,60.4
tools,memtoolagent,eog,calendar,3,1,3,task_20260105_221239_098_e0ac0c6d_f5f338f3,1.0,1,100551,78.0
tools,memtoolagent,eog,calendar,3,1,3,task_20260105_222434_398_79b3b025_ccd9b889,0.75,0,217309,139.3
tools,memtoolagent,eog,calendar,3,1,3,task_20260106_103319_873_baf0b358_69ce7445,1.0,1,362454,299.1
tools,memtoolagent,eog,calendar,3,1,3,task_20260106_114228_782_79b3b025_b556c84d,1.0,1,254028,197.0
tools,memtoolagent,eog,calendar,3,1,3,task_20260106_152415_149_6f5b66fc_aad3df17,1.0,1,174518,162.9
tools,memtoolagent,eog,calendar,3,1,3,task_20260106_170952_179_e0ac0c6d_791fba5e,1.0,1,99055,74.1
tools,memtoolagent,eog,calendar,3,1,3,task_20260107_144751_333_79b3b025_92bfb77e,0.857143,0,304106,227.1
tools,memtoolagent,eog,calendar,3,1,3,task_20260107_193032_599_e0ac0c6d_403469c5,1.0,1,101014,64.6
tools,memtoolagent,eog,calendar,3,1,3,task_20260108_182727_772_4608325d_60b7f5d9,0.666667,0,282964,135.2
tools,memtoolagent,eog,calendar,3,1,3,task_20260121_144251_116_38405923_9438dabd,0.0,0,228311,98.3
tools,memtoolagent,eog,calendar,3,1,3,task_20260121_161936_323_cbcf38f8_50ccd164,0.0,0,213921,116.4
tools,memtoolagent,eog,calendar,3,1,3,task_20260121_171247_475_cbcf38f8_c0a86487,0.5,0,281677,114.8
tools,memtoolagent,eog,calendar,3,1,3,task_20260122_024556_370_38405923_1a174d84,1.0,1,195459,88.3
tools,memtoolagent,eog,calendar,3,2,1,task_20251117_165528_648_bca89e7d_3e81ece9,1.0,1,242877,219.9
tools,memtoolagent,eog,calendar,3,2,1,task_20251201_113908_295_e81f6083_e770442c,1.0,1,495943,277.6
tools,memtoolagent,eog,calendar,3,2,1,task_20251203_184109_641_6f5b66fc_e62d330e,0.333333,0,201497,200.2
tools,memtoolagent,eog,calendar,3,2,1,task_20251203_190727_704_e81f6083_f2fd8fe6,0.5,0,236014,285.9
tools,memtoolagent,eog,calendar,3,2,1,task_20251203_194320_796_df2c536d_c885488e,0.75,0,418565,391.3
tools,memtoolagent,eog,calendar,3,2,1,task_20260104_143530_440_6f5b66fc_b6b24e96,0.666667,0,237181,200.0
tools,memtoolagent,eog,calendar,3,2,1,task_20260106_112632_846_bca89e7d_5d19e8f3,1.0,1,200743,112.9
tools,memtoolagent,eog,calendar,3,2,1,task_20260107_093643_038_df2c536d_f90fd06e,1.0,1,264974,150.2
tools,memtoolagent,eog,calendar,3,2,1,task_20260108_142310_191_df2c536d_c6edcf9f,1.0,1,210872,221.2
tools,memtoolagent,eog,calendar,3,2,1,task_20260121_214553_691_cbcf38f8_abce7315,0.666667,0,280544,346.1
tools,memtoolagent,eog,calendar,3,2,2,task_20251117_165528_648_bca89e7d_3e81ece9,1.0,1,197141,134.6
tools,memtoolagent,eog,calendar,3,2,2,task_20251201_113908_295_e81f6083_e770442c,1.0,1,517109,292.7
tools,memtoolagent,eog,calendar,3,2,2,task_20251203_184109_641_6f5b66fc_e62d330e,0.333333,0,235249,221.0
tools,memtoolagent,eog,calendar,3,2,2,task_20251203_190727_704_e81f6083_f2fd8fe6,0.5,0,288219,430.4
tools,memtoolagent,eog,calendar,3,2,2,task_20251203_194320_796_df2c536d_c885488e,0.75,0,423249,505.4
tools,memtoolagent,eog,calendar,3,2,2,task_20260104_143530_440_6f5b66fc_b6b24e96,0.666667,0,239305,217.2
tools,memtoolagent,eog,calendar,3,2,2,task_20260106_112632_846_bca89e7d_5d19e8f3,1.0,1,309019,247.6
tools,memtoolagent,eog,calendar,3,2,2,task_20260107_093643_038_df2c536d_f90fd06e,1.0,1,266185,162.9
tools,memtoolagent,eog,calendar,3,2,2,task_20260108_142310_191_df2c536d_c6edcf9f,0.0,0,104908,164.6
tools,memtoolagent,eog,calendar,3,2,2,task_20260121_214553_691_cbcf38f8_abce7315,0.666667,0,280208,302.7
tools,memtoolagent,eog,calendar,3,2,3,task_20251117_165528_648_bca89e7d_3e81ece9,1.0,1,203811,136.5
tools,memtoolagent,eog,calendar,3,2,3,task_20251201_113908_295_e81f6083_e770442c,1.0,1,383911,241.9
tools,memtoolagent,eog,calendar,3,2,3,task_20251203_184109_641_6f5b66fc_e62d330e,0.666667,0,281882,221.8
tools,memtoolagent,eog,calendar,3,2,3,task_20251203_190727_704_e81f6083_f2fd8fe6,0.5,0,323494,436.9
tools,memtoolagent,eog,calendar,3,2,3,task_20251203_194320_796_df2c536d_c885488e,0.75,0,634373,651.2
tools,memtoolagent,eog,calendar,3,2,3,task_20260104_143530_440_6f5b66fc_b6b24e96,0.666667,0,238360,211.3
tools,memtoolagent,eog,calendar,3,2,3,task_20260106_112632_846_bca89e7d_5d19e8f3,1.0,1,236743,143.2
tools,memtoolagent,eog,calendar,3,2,3,task_20260107_093643_038_df2c536d_f90fd06e,0.75,0,265030,136.8
tools,memtoolagent,eog,calendar,3,2,3,task_20260108_142310_191_df2c536d_c6edcf9f,0.666667,0,283872,333.5
tools,memtoolagent,eog,calendar,3,2,3,task_20260121_214553_691_cbcf38f8_abce7315,0.666667,0,212504,213.5
tools,memtoolagent,eog,calendar,3,3,1,task_20251202_121726_036_e81f6083_cc1636ad,1.0,1,409372,370.8
tools,memtoolagent,eog,calendar,3,3,1,task_20251203_133512_548_e81f6083_738dfe0c,1.0,1,479944,442.5
tools,memtoolagent,eog,calendar,3,3,1,task_20260106_143218_938_79b3b025_ce953a94,0.428571,0,288262,253.2
tools,memtoolagent,eog,calendar,3,3,1,task_20260106_153404_124_79b3b025_914e7207,0.857143,0,404882,342.7
tools,memtoolagent,eog,calendar,3,3,2,task_20251202_121726_036_e81f6083_cc1636ad,1.0,1,487853,452.7
tools,memtoolagent,eog,calendar,3,3,2,task_20251203_133512_548_e81f6083_738dfe0c,1.0,1,431094,292.7
tools,memtoolagent,eog,calendar,3,3,2,task_20260106_143218_938_79b3b025_ce953a94,0.428571,0,300768,282.6
tools,memtoolagent,eog,calendar,3,3,2,task_20260106_153404_124_79b3b025_914e7207,0.857143,0,190561,280.6
tools,memtoolagent,eog,calendar,3,3,3,task_20251202_121726_036_e81f6083_cc1636ad,1.0,1,532290,397.5
tools,memtoolagent,eog,calendar,3,3,3,task_20251203_133512_548_e81f6083_738dfe0c,1.0,1,312237,328.8
tools,memtoolagent,eog,calendar,3,3,3,task_20260106_143218_938_79b3b025_ce953a94,0.285714,0,218994,268.0
tools,memtoolagent,eog,calendar,3,3,3,task_20260106_153404_124_79b3b025_914e7207,1.0,1,228811,275.3
tools,memtoolagent,eog,csm,1,1,1,task_20251127_070938_325_b393a327_a40b1f4e,0.0,0,53956,96.3
tools,memtoolagent,eog,csm,1,1,1,task_20251204_231522_245_e6427839_5d09c3c2,1.0,1,87017,169.5
tools,memtoolagent,eog,csm,1,1,1,task_20251205_194841_224_391f1eff_136bedae,0.0,0,20044,34.7
tools,memtoolagent,eog,csm,1,1,1,task_20251208_035402_755_ad5a67e3_8ca9a646,0.0,0,112278,219.8
tools,memtoolagent,eog,csm,1,1,1,task_20251210_145940_356_accab84d_c16e9916,0.0,0,127592,268.1
tools,memtoolagent,eog,csm,1,1,1,task_20251210_161511_924_2aa6b0ad_1446c2b4,1.0,1,91348,109.7
tools,memtoolagent,eog,csm,1,1,1,task_20251211_192109_853_99ba2325_b21298a0,0.6,0,120645,238.4
tools,memtoolagent,eog,csm,1,1,1,task_20260102_155148_014_accab84d_910b176a,0.5,0,65497,108.8
tools,memtoolagent,eog,csm,1,1,1,task_20260102_162857_012_391f1eff_39478d55,0.0,0,109788,230.3
tools,memtoolagent,eog,csm,1,1,1,task_20260106_134616_649_e6427839_7dba5a00,0.5,0,92365,177.0
tools,memtoolagent,eog,csm,1,1,1,task_20260106_155841_121_e6427839_fa425cbe,0.5,0,103516,171.4
tools,memtoolagent,eog,csm,1,1,1,task_20260106_185201_238_00364ece_8ab4fd80,0.333333,0,173466,248.7
tools,memtoolagent,eog,csm,1,1,1,task_20260107_162554_472_accab84d_41d2e871,0.0,0,101185,186.5
tools,memtoolagent,eog,csm,1,1,2,task_20251127_070938_325_b393a327_a40b1f4e,0.0,0,63542,98.2
tools,memtoolagent,eog,csm,1,1,2,task_20251204_231522_245_e6427839_5d09c3c2,1.0,1,65449,142.9
tools,memtoolagent,eog,csm,1,1,2,task_20251205_194841_224_391f1eff_136bedae,0.0,0,10159,27.8
tools,memtoolagent,eog,csm,1,1,2,task_20251208_035402_755_ad5a67e3_8ca9a646,0.0,0,96146,204.4
tools,memtoolagent,eog,csm,1,1,2,task_20251210_145940_356_accab84d_c16e9916,0.4,0,142176,279.1
tools,memtoolagent,eog,csm,1,1,2,task_20251210_161511_924_2aa6b0ad_1446c2b4,1.0,1,101177,120.2
tools,memtoolagent,eog,csm,1,1,2,task_20251211_192109_853_99ba2325_b21298a0,0.4,0,65928,158.9
tools,memtoolagent,eog,csm,1,1,2,task_20260102_155148_014_accab84d_910b176a,0.5,0,54727,138.0
tools,memtoolagent,eog,csm,1,1,2,task_20260102_162857_012_391f1eff_39478d55,0.5,0,90584,179.3
tools,memtoolagent,eog,csm,1,1,2,task_20260106_134616_649_e6427839_7dba5a00,0.5,0,98982,139.7
tools,memtoolagent,eog,csm,1,1,2,task_20260106_155841_121_e6427839_fa425cbe,0.0,0,111970,180.3
tools,memtoolagent,eog,csm,1,1,2,task_20260106_185201_238_00364ece_8ab4fd80,0.333333,0,151627,239.6
tools,memtoolagent,eog,csm,1,1,2,task_20260107_162554_472_accab84d_41d2e871,0.0,0,121654,194.7
tools,memtoolagent,eog,csm,1,1,3,task_20251127_070938_325_b393a327_a40b1f4e,0.0,0,54914,113.4
tools,memtoolagent,eog,csm,1,1,3,task_20251204_231522_245_e6427839_5d09c3c2,1.0,1,72329,102.0
tools,memtoolagent,eog,csm,1,1,3,task_20251205_194841_224_391f1eff_136bedae,0.0,0,10087,18.1
tools,memtoolagent,eog,csm,1,1,3,task_20251208_035402_755_ad5a67e3_8ca9a646,0.0,0,87198,218.1
tools,memtoolagent,eog,csm,1,1,3,task_20251210_145940_356_accab84d_c16e9916,0.2,0,126561,230.3
tools,memtoolagent,eog,csm,1,1,3,task_20251210_161511_924_2aa6b0ad_1446c2b4,1.0,1,110015,88.2
tools,memtoolagent,eog,csm,1,1,3,task_20251211_192109_853_99ba2325_b21298a0,0.6,0,98825,192.7
tools,memtoolagent,eog,csm,1,1,3,task_20260102_155148_014_accab84d_910b176a,0.5,0,66205,104.6
tools,memtoolagent,eog,csm,1,1,3,task_20260102_162857_012_391f1eff_39478d55,0.0,0,113355,202.8
tools,memtoolagent,eog,csm,1,1,3,task_20260106_134616_649_e6427839_7dba5a00,0.5,0,129109,218.1
tools,memtoolagent,eog,csm,1,1,3,task_20260106_155841_121_e6427839_fa425cbe,0.5,0,92202,188.2
tools,memtoolagent,eog,csm,1,1,3,task_20260106_185201_238_00364ece_8ab4fd80,0.333333,0,142941,193.3
tools,memtoolagent,eog,csm,1,1,3,task_20260107_162554_472_accab84d_41d2e871,0.0,0,263627,258.9
tools,memtoolagent,eog,csm,2,1,1,task_20251127_070938_325_b393a327_a40b1f4e,0.0,0,77946,125.3
tools,memtoolagent,eog,csm,2,1,1,task_20251204_231522_245_e6427839_5d09c3c2,1.0,1,107885,118.2
tools,memtoolagent,eog,csm,2,1,1,task_20251205_194841_224_391f1eff_136bedae,0.0,0,14516,25.2
tools,memtoolagent,eog,csm,2,1,1,task_20251208_035402_755_ad5a67e3_8ca9a646,0.0,0,148425,185.4
tools,memtoolagent,eog,csm,2,1,1,task_20251210_145940_356_accab84d_c16e9916,0.0,0,262586,359.9
tools,memtoolagent,eog,csm,2,1,1,task_20251210_161511_924_2aa6b0ad_1446c2b4,1.0,1,189020,96.5
tools,memtoolagent,eog,csm,2,1,1,task_20251211_192109_853_99ba2325_b21298a0,0.4,0,104417,88.9
tools,memtoolagent,eog,csm,2,1,1,task_20260102_155148_014_accab84d_910b176a,0.5,0,77818,79.8
tools,memtoolagent,eog,csm,2,1,1,task_20260102_162857_012_391f1eff_39478d55,0.0,0,151921,211.1
tools,memtoolagent,eog,csm,2,1,1,task_20260106_134616_649_e6427839_7dba5a00,0.5,0,123591,134.6
tools,memtoolagent,eog,csm,2,1,1,task_20260106_155841_121_e6427839_fa425cbe,0.5,0,178642,203.6
tools,memtoolagent,eog,csm,2,1,1,task_20260106_185201_238_00364ece_8ab4fd80,0.333333,0,246072,239.5
tools,memtoolagent,eog,csm,2,1,1,task_20260107_162554_472_accab84d_41d2e871,0.0,0,250870,232.7
tools,memtoolagent,eog,csm,2,1,2,task_20251127_070938_325_b393a327_a40b1f4e,0.0,0,91025,110.2
tools,memtoolagent,eog,csm,2,1,2,task_20251204_231522_245_e6427839_5d09c3c2,1.0,1,123796,188.6
tools,memtoolagent,eog,csm,2,1,2,task_20251205_194841_224_391f1eff_136bedae,0.0,0,29070,44.9
tools,memtoolagent,eog,csm,2,1,2,task_20251208_035402_755_ad5a67e3_8ca9a646,0.0,0,130964,197.1
tools,memtoolagent,eog,csm,2,1,2,task_20251210_145940_356_accab84d_c16e9916,0.0,0,168028,244.9
tools,memtoolagent,eog,csm,2,1,2,task_20251210_161511_924_2aa6b0ad_1446c2b4,1.0,1,145727,94.1
tools,memtoolagent,eog,csm,2,1,2,task_20251211_192109_853_99ba2325_b21298a0,0.8,0,161553,211.6
tools,memtoolagent,eog,csm,2,1,2,task_20260102_155148_014_accab84d_910b176a,0.5,0,92443,116.4
tools,memtoolagent,eog,csm,2,1,2,task_20260102_162857_012_391f1eff_39478d55,0.5,0,159064,266.4
tools,memtoolagent,eog,csm,2,1,2,task_20260106_134616_649_e6427839_7dba5a00,0.5,0,142104,222.2
tools,memtoolagent,eog,csm,2,1,2,task_20260106_155841_121_e6427839_fa425cbe,0.5,0,132192,179.7
tools,memtoolagent,eog,csm,2,1,2,task_20260106_185201_238_00364ece_8ab4fd80,0.333333,0,178149,229.8
tools,memtoolagent,eog,csm,2,1,2,task_20260107_162554_472_accab84d_41d2e871,0.0,0,139580,154.4
tools,memtoolagent,eog,csm,2,1,3,task_20251127_070938_325_b393a327_a40b1f4e,0.0,0,108916,149.2
tools,memtoolagent,eog,csm,2,1,3,task_20251204_231522_245_e6427839_5d09c3c2,0.5,0,155815,174.3
tools,memtoolagent,eog,csm,2,1,3,task_20251205_194841_224_391f1eff_136bedae,0.0,0,14431,17.8
tools,memtoolagent,eog,csm,2,1,3,task_20251208_035402_755_ad5a67e3_8ca9a646,0.0,0,147584,184.1
tools,memtoolagent,eog,csm,2,1,3,task_20251210_145940_356_accab84d_c16e9916,0.0,0,123730,185.3
tools,memtoolagent,eog,csm,2,1,3,task_20251210_161511_924_2aa6b0ad_1446c2b4,0.666667,0,131277,77.9
tools,memtoolagent,eog,csm,2,1,3,task_20251211_192109_853_99ba2325_b21298a0,0.4,0,171692,187.9
tools,memtoolagent,eog,csm,2,1,3,task_20260102_155148_014_accab84d_910b176a,0.5,0,92398,98.6
tools,memtoolagent,eog,csm,2,1,3,task_20260102_162857_012_391f1eff_39478d55,0.5,0,140759,199.1
tools,memtoolagent,eog,csm,2,1,3,task_20260106_134616_649_e6427839_7dba5a00,0.5,0,108778,155.9
tools,memtoolagent,eog,csm,2,1,3,task_20260106_155841_121_e6427839_fa425cbe,0.0,0,206688,262.8
tools,memtoolagent,eog,csm,2,1,3,task_20260106_185201_238_00364ece_8ab4fd80,0.666667,0,189162,176.5
tools,memtoolagent,eog,csm,2,1,3,task_20260107_162554_472_accab84d_41d2e871,0.0,0,251615,317.0
tools,memtoolagent,eog,csm,2,2,1,task_20251128_072831_616_6cd2e092_426f7c81,0.75,0,427596,315.6
tools,memtoolagent,eog,csm,2,2,1,task_20251203_194626_202_391f1eff_1336fae8,0.666667,0,123440,163.5
tools,memtoolagent,eog,csm,2,2,1,task_20251206_091748_833_a8eea1c0_7775ff15,1.0,1,186163,205.3
tools,memtoolagent,eog,csm,2,2,1,task_20251206_113950_467_6cd2e092_1a268d87,0.5,0,202388,213.9
tools,memtoolagent,eog,csm,2,2,1,task_20251206_114027_879_5c0cd3a2_904991cc,0.5,0,56898,30.8
tools,memtoolagent,eog,csm,2,2,1,task_20251206_130444_802_6cd2e092_8979087f,0.75,0,350151,366.5
tools,memtoolagent,eog,csm,2,2,1,task_20251212_222304_435_66392a82_815cd745,1.0,1,233611,222.2
tools,memtoolagent,eog,csm,2,2,1,task_20251231_152332_133_ad5a67e3_2a4e226c,1.0,1,115285,74.2
tools,memtoolagent,eog,csm,2,2,1,task_20251231_164213_376_00364ece_724e98d5,1.0,1,190938,258.0
tools,memtoolagent,eog,csm,2,2,1,task_20260101_111750_695_30600918_80637585,0.25,0,160899,254.7
tools,memtoolagent,eog,csm,2,2,1,task_20260105_191634_257_2aa6b0ad_ea0bbd82,1.0,1,217434,177.9
tools,memtoolagent,eog,csm,2,2,1,task_20260105_221816_258_00364ece_50f56980,1.0,1,223270,239.6
tools,memtoolagent,eog,csm,2,2,1,task_20260106_090444_873_99ba2325_980a3405,1.0,1,187958,301.2
tools,memtoolagent,eog,csm,2,2,1,task_20260106_161859_265_00364ece_0e836ce8,0.5,0,248957,316.8
tools,memtoolagent,eog,csm,2,2,2,task_20251128_072831_616_6cd2e092_426f7c81,0.75,0,306066,276.7
tools,memtoolagent,eog,csm,2,2,2,task_20251203_194626_202_391f1eff_1336fae8,0.333333,0,91607,78.0
tools,memtoolagent,eog,csm,2,2,2,task_20251206_091748_833_a8eea1c0_7775ff15,1.0,1,173285,162.8
tools,memtoolagent,eog,csm,2,2,2,task_20251206_113950_467_6cd2e092_1a268d87,0.5,0,126751,153.7
tools,memtoolagent,eog,csm,2,2,2,task_20251206_114027_879_5c0cd3a2_904991cc,0.5,0,59396,61.8
tools,memtoolagent,eog,csm,2,2,2,task_20251206_130444_802_6cd2e092_8979087f,0.75,0,479454,303.8
tools,memtoolagent,eog,csm,2,2,2,task_20251212_222304_435_66392a82_815cd745,1.0,1,249429,175.5
tools,memtoolagent,eog,csm,2,2,2,task_20251231_152332_133_ad5a67e3_2a4e226c,1.0,1,118135,87.9
tools,memtoolagent,eog,csm,2,2,2,task_20251231_164213_376_00364ece_724e98d5,1.0,1,770054,222.3
tools,memtoolagent,eog,csm,2,2,2,task_20260101_111750_695_30600918_80637585,0.0,0,219057,309.8
tools,memtoolagent,eog,csm,2,2,2,task_20260105_191634_257_2aa6b0ad_ea0bbd82,1.0,1,245866,184.9
tools,memtoolagent,eog,csm,2,2,2,task_20260105_221816_258_00364ece_50f56980,1.0,1,238714,257.9
tools,memtoolagent,eog,csm,2,2,2,task_20260106_090444_873_99ba2325_980a3405,1.0,1,136505,239.8
tools,memtoolagent,eog,csm,2,2,2,task_20260106_161859_265_00364ece_0e836ce8,0.25,0,356567,303.6
tools,memtoolagent,eog,csm,2,2,3,task_20251128_072831_616_6cd2e092_426f7c81,0.75,0,486493,400.7
tools,memtoolagent,eog,csm,2,2,3,task_20251203_194626_202_391f1eff_1336fae8,0.666667,0,93826,93.0
tools,memtoolagent,eog,csm,2,2,3,task_20251206_091748_833_a8eea1c0_7775ff15,1.0,1,93391,121.0
tools,memtoolagent,eog,csm,2,2,3,task_20251206_113950_467_6cd2e092_1a268d87,0.5,0,93707,125.0
tools,memtoolagent,eog,csm,2,2,3,task_20251206_114027_879_5c0cd3a2_904991cc,0.5,0,57400,44.0
tools,memtoolagent,eog,csm,2,2,3,task_20251206_130444_802_6cd2e092_8979087f,0.75,0,397782,358.1
tools,memtoolagent,eog,csm,2,2,3,task_20251212_222304_435_66392a82_815cd745,1.0,1,249534,205.6
tools,memtoolagent,eog,csm,2,2,3,task_20251231_152332_133_ad5a67e3_2a4e226c,0.5,0,103898,93.5
tools,memtoolagent,eog,csm,2,2,3,task_20251231_164213_376_00364ece_724e98d5,1.0,1,172465,237.5
tools,memtoolagent,eog,csm,2,2,3,task_20260101_111750_695_30600918_80637585,0.25,0,217876,301.1
tools,memtoolagent,eog,csm,2,2,3,task_20260105_191634_257_2aa6b0ad_ea0bbd82,1.0,1,183745,153.0
tools,memtoolagent,eog,csm,2,2,3,task_20260105_221816_258_00364ece_50f56980,1.0,1,161049,245.2
tools,memtoolagent,eog,csm,2,2,3,task_20260106_090444_873_99ba2325_980a3405,1.0,1,186207,323.4
tools,memtoolagent,eog,csm,2,2,3,task_20260106_161859_265_00364ece_0e836ce8,0.25,0,183089,206.4
tools,memtoolagent,eog,csm,3,1,1,task_20251127_070938_325_b393a327_a40b1f4e,0.0,0,124498,122.9
tools,memtoolagent,eog,csm,3,1,1,task_20251204_231522_245_e6427839_5d09c3c2,1.0,1,103523,88.9
tools,memtoolagent,eog,csm,3,1,1,task_20251205_194841_224_391f1eff_136bedae,0.0,0,19749,28.9
tools,memtoolagent,eog,csm,3,1,1,task_20251208_035402_755_ad5a67e3_8ca9a646,0.0,0,169844,197.6
tools,memtoolagent,eog,csm,3,1,1,task_20251210_145940_356_accab84d_c16e9916,0.2,0,255006,322.0
tools,memtoolagent,eog,csm,3,1,1,task_20251210_161511_924_2aa6b0ad_1446c2b4,0.666667,0,217739,124.5
tools,memtoolagent,eog,csm,3,1,1,task_20251211_192109_853_99ba2325_b21298a0,0.4,0,120924,97.3
tools,memtoolagent,eog,csm,3,1,1,task_20260102_155148_014_accab84d_910b176a,0.5,0,105782,96.3
tools,memtoolagent,eog,csm,3,1,1,task_20260102_162857_012_391f1eff_39478d55,0.5,0,190146,172.8
tools,memtoolagent,eog,csm,3,1,1,task_20260106_134616_649_e6427839_7dba5a00,1.0,1,165170,146.1
tools,memtoolagent,eog,csm,3,1,1,task_20260106_155841_121_e6427839_fa425cbe,0.5,0,171370,186.2
tools,memtoolagent,eog,csm,3,1,1,task_20260106_185201_238_00364ece_8ab4fd80,0.333333,0,257190,250.2
tools,memtoolagent,eog,csm,3,1,1,task_20260107_162554_472_accab84d_41d2e871,0.0,0,294213,225.9
tools,memtoolagent,eog,csm,3,1,2,task_20251127_070938_325_b393a327_a40b1f4e,0.0,0,81585,78.6
tools,memtoolagent,eog,csm,3,1,2,task_20251204_231522_245_e6427839_5d09c3c2,1.0,1,144630,113.4
tools,memtoolagent,eog,csm,3,1,2,task_20251205_194841_224_391f1eff_136bedae,0.0,0,19982,51.6
tools,memtoolagent,eog,csm,3,1,2,task_20251208_035402_755_ad5a67e3_8ca9a646,0.0,0,179058,186.4
tools,memtoolagent,eog,csm,3,1,2,task_20251210_145940_356_accab84d_c16e9916,0.0,0,434644,447.6
tools,memtoolagent,eog,csm,3,1,2,task_20251210_161511_924_2aa6b0ad_1446c2b4,1.0,1,239899,135.5
tools,memtoolagent,eog,csm,3,1,2,task_20251211_192109_853_99ba2325_b21298a0,0.6,0,207751,193.9
tools,memtoolagent,eog,csm,3,1,2,task_20260102_155148_014_accab84d_910b176a,0.5,0,103579,85.2
tools,memtoolagent,eog,csm,3,1,2,task_20260102_162857_012_391f1eff_39478d55,0.5,0,213012,220.1
tools,memtoolagent,eog,csm,3,1,2,task_20260106_134616_649_e6427839_7dba5a00,0.5,0,213465,193.9
tools,memtoolagent,eog,csm,3,1,2,task_20260106_155841_121_e6427839_fa425cbe,0.0,0,193980,196.9
tools,memtoolagent,eog,csm,3,1,2,task_20260106_185201_238_00364ece_8ab4fd80,0.333333,0,304337,260.3
tools,memtoolagent,eog,csm,3,1,2,task_20260107_162554_472_accab84d_41d2e871,0.0,0,21945,51.2
tools,memtoolagent,eog,csm,3,1,3,task_20251127_070938_325_b393a327_a40b1f4e,0.0,0,124360,101.4
tools,memtoolagent,eog,csm,3,1,3,task_20251204_231522_245_e6427839_5d09c3c2,1.0,1,162574,100.7
tools,memtoolagent,eog,csm,3,1,3,task_20251205_194841_224_391f1eff_136bedae,0.0,0,20182,28.0
tools,memtoolagent,eog,csm,3,1,3,task_20251208_035402_755_ad5a67e3_8ca9a646,0.0,0,150718,146.9
tools,memtoolagent,eog,csm,3,1,3,task_20251210_145940_356_accab84d_c16e9916,0.0,0,264479,277.2
tools,memtoolagent,eog,csm,3,1,3,task_20251210_161511_924_2aa6b0ad_1446c2b4,0.666667,0,159659,90.6
tools,memtoolagent,eog,csm,3,1,3,task_20251211_192109_853_99ba2325_b21298a0,0.6,0,230071,173.9
tools,memtoolagent,eog,csm,3,1,3,task_20260102_155148_014_accab84d_910b176a,0.5,0,124249,86.8
tools,memtoolagent,eog,csm,3,1,3,task_20260102_162857_012_391f1eff_39478d55,1.0,1,168998,183.3
tools,memtoolagent,eog,csm,3,1,3,task_20260106_134616_649_e6427839_7dba5a00,1.0,1,217653,166.0
tools,memtoolagent,eog,csm,3,1,3,task_20260106_155841_121_e6427839_fa425cbe,0.0,0,172019,199.6
tools,memtoolagent,eog,csm,3,1,3,task_20260106_185201_238_00364ece_8ab4fd80,0.333333,0,280021,210.7
tools,memtoolagent,eog,csm,3,1,3,task_20260107_162554_472_accab84d_41d2e871,0.0,0,308845,190.5
tools,memtoolagent,eog,csm,3,2,1,task_20251128_072831_616_6cd2e092_426f7c81,0.75,0,495803,417.9
tools,memtoolagent,eog,csm,3,2,1,task_20251203_194626_202_391f1eff_1336fae8,0.666667,0,146638,143.4
tools,memtoolagent,eog,csm,3,2,1,task_20251206_091748_833_a8eea1c0_7775ff15,1.0,1,188129,146.1
tools,memtoolagent,eog,csm,3,2,1,task_20251206_113950_467_6cd2e092_1a268d87,0.5,0,82983,72.8
tools,memtoolagent,eog,csm,3,2,1,task_20251206_114027_879_5c0cd3a2_904991cc,0.5,0,80391,58.2
tools,memtoolagent,eog,csm,3,2,1,task_20251206_130444_802_6cd2e092_8979087f,0.75,0,270423,196.8
tools,memtoolagent,eog,csm,3,2,1,task_20251212_222304_435_66392a82_815cd745,1.0,1,274213,154.7
tools,memtoolagent,eog,csm,3,2,1,task_20251231_152332_133_ad5a67e3_2a4e226c,0.5,0,140404,80.9
tools,memtoolagent,eog,csm,3,2,1,task_20251231_164213_376_00364ece_724e98d5,1.0,1,209033,178.4
tools,memtoolagent,eog,csm,3,2,1,task_20260101_111750_695_30600918_80637585,0.0,0,249047,339.7
tools,memtoolagent,eog,csm,3,2,1,task_20260105_191634_257_2aa6b0ad_ea0bbd82,1.0,1,186202,101.0
tools,memtoolagent,eog,csm,3,2,1,task_20260105_221816_258_00364ece_50f56980,0.0,0,201222,220.4
tools,memtoolagent,eog,csm,3,2,1,task_20260106_090444_873_99ba2325_980a3405,1.0,1,198881,221.9
tools,memtoolagent,eog,csm,3,2,1,task_20260106_161859_265_00364ece_0e836ce8,0.5,0,315828,287.4
tools,memtoolagent,eog,csm,3,2,2,task_20251128_072831_616_6cd2e092_426f7c81,0.75,0,365149,256.7
tools,memtoolagent,eog,csm,3,2,2,task_20251203_194626_202_391f1eff_1336fae8,0.333333,0,123471,107.4
tools,memtoolagent,eog,csm,3,2,2,task_20251206_091748_833_a8eea1c0_7775ff15,1.0,1,187128,130.5
tools,memtoolagent,eog,csm,3,2,2,task_20251206_113950_467_6cd2e092_1a268d87,0.5,0,209371,184.5
tools,memtoolagent,eog,csm,3,2,2,task_20251206_114027_879_5c0cd3a2_904991cc,0.5,0,99505,69.3
tools,memtoolagent,eog,csm,3,2,2,task_20251206_130444_802_6cd2e092_8979087f,0.75,0,294294,238.4
tools,memtoolagent,eog,csm,3,2,2,task_20251212_222304_435_66392a82_815cd745,0.8,0,359424,207.6
tools,memtoolagent,eog,csm,3,2,2,task_20251231_152332_133_ad5a67e3_2a4e226c,1.0,1,181764,119.5
tools,memtoolagent,eog,csm,3,2,2,task_20251231_164213_376_00364ece_724e98d5,1.0,1,252342,204.1
tools,memtoolagent,eog,csm,3,2,2,task_20260101_111750_695_30600918_80637585,0.0,0,217909,277.1
tools,memtoolagent,eog,csm,3,2,2,task_20260105_191634_257_2aa6b0ad_ea0bbd82,1.0,1,314452,166.2
tools,memtoolagent,eog,csm,3,2,2,task_20260105_221816_258_00364ece_50f56980,1.0,1,234194,146.7
tools,memtoolagent,eog,csm,3,2,2,task_20260106_090444_873_99ba2325_980a3405,1.0,1,178050,194.6
tools,memtoolagent,eog,csm,3,2,2,task_20260106_161859_265_00364ece_0e836ce8,0.5,0,369736,255.1
tools,memtoolagent,eog,csm,3,2,3,task_20251128_072831_616_6cd2e092_426f7c81,0.75,0,490396,431.3
tools,memtoolagent,eog,csm,3,2,3,task_20251203_194626_202_391f1eff_1336fae8,0.333333,0,103211,96.2
tools,memtoolagent,eog,csm,3,2,3,task_20251206_091748_833_a8eea1c0_7775ff15,1.0,1,208059,172.1
tools,memtoolagent,eog,csm,3,2,3,task_20251206_113950_467_6cd2e092_1a268d87,0.5,0,168432,171.3
tools,memtoolagent,eog,csm,3,2,3,task_20251206_114027_879_5c0cd3a2_904991cc,0.5,0,79909,58.5
tools,memtoolagent,eog,csm,3,2,3,task_20251206_130444_802_6cd2e092_8979087f,0.75,0,468983,409.9
tools,memtoolagent,eog,csm,3,2,3,task_20251212_222304_435_66392a82_815cd745,0.8,0,410418,260.5
tools,memtoolagent,eog,csm,3,2,3,task_20251231_152332_133_ad5a67e3_2a4e226c,0.5,0,160535,100.3
tools,memtoolagent,eog,csm,3,2,3,task_20251231_164213_376_00364ece_724e98d5,1.0,1,272270,244.1
tools,memtoolagent,eog,csm,3,2,3,task_20260101_111750_695_30600918_80637585,0.5,0,242462,272.2
tools,memtoolagent,eog,csm,3,2,3,task_20260105_191634_257_2aa6b0ad_ea0bbd82,1.0,1,209377,110.9
tools,memtoolagent,eog,csm,3,2,3,task_20260105_221816_258_00364ece_50f56980,1.0,1,289006,279.9
tools,memtoolagent,eog,csm,3,2,3,task_20260106_090444_873_99ba2325_980a3405,1.0,1,133855,197.7
tools,memtoolagent,eog,csm,3,2,3,task_20260106_161859_265_00364ece_0e836ce8,0.25,0,366595,352.0
tools,memtoolagent,eog,csm,3,3,1,task_20251203_051113_560_99ba2325_1ff9b6e5,1.0,1,259283,259.8
tools,memtoolagent,eog,csm,3,3,1,task_20251205_060649_946_66392a82_354af85a,1.0,1,187547,134.8
tools,memtoolagent,eog,csm,3,3,1,task_20251205_072016_336_46ca2862_e9006fbb,1.0,1,287474,115.8
tools,memtoolagent,eog,csm,3,3,1,task_20251205_075543_102_46ca2862_7ba653d0,0.4,0,257994,207.6
tools,memtoolagent,eog,csm,3,3,1,task_20251210_183114_382_99ba2325_071a72ab,0.5,0,125707,143.2
tools,memtoolagent,eog,csm,3,3,1,task_20251211_021838_048_accab84d_a511ee6e,0.666667,0,202394,130.3
tools,memtoolagent,eog,csm,3,3,1,task_20260101_191529_659_a8eea1c0_27d3bf1b,0.833333,0,269100,121.3
tools,memtoolagent,eog,csm,3,3,1,task_20260101_233731_695_00364ece_187f2808,0.8,0,189411,219.9
tools,memtoolagent,eog,csm,3,3,1,task_20260102_031908_712_accab84d_886a7365,0.888889,0,485902,361.9
tools,memtoolagent,eog,csm,3,3,1,task_20260102_100510_709_66392a82_3d301c18,1.0,1,182865,85.6
tools,memtoolagent,eog,csm,3,3,1,task_20260102_165223_158_99ba2325_67a4a1e9,0.0,0,21145,36.8
tools,memtoolagent,eog,csm,3,3,1,task_20260102_172945_725_ad5a67e3_5480e26f,0.8,0,562284,345.3
tools,memtoolagent,eog,csm,3,3,1,task_20260102_210829_972_2aa6b0ad_e3d70e04,0.666667,0,357390,222.7
tools,memtoolagent,eog,csm,3,3,1,task_20260106_145907_700_a8eea1c0_f5bae698,0.857143,0,447506,374.5
tools,memtoolagent,eog,csm,3,3,1,task_20260106_151754_319_d4a463c3_41f0af13,0.0,0,170603,147.8
tools,memtoolagent,eog,csm,3,3,1,task_20260106_161324_272_c4ad7a70_4b3980fc,1.0,1,232688,228.3
tools,memtoolagent,eog,csm,3,3,1,task_20260108_160928_699_391f1eff_905701cb,0.0,0,158504,57.0
tools,memtoolagent,eog,csm,3,3,1,task_20260121_162252_344_1afb323a_f878fac7,1.0,1,366903,326.0
tools,memtoolagent,eog,csm,3,3,1,task_20260121_163208_054_1afb323a_7f40ee66,0.0,0,169634,171.4
tools,memtoolagent,eog,csm,3,3,1,task_20260121_183027_058_1afb323a_c53cb400,0.8,0,235293,173.4
tools,memtoolagent,eog,csm,3,3,2,task_20251203_051113_560_99ba2325_1ff9b6e5,1.0,1,220316,250.4
tools,memtoolagent,eog,csm,3,3,2,task_20251205_060649_946_66392a82_354af85a,0.0,0,190634,167.2
tools,memtoolagent,eog,csm,3,3,2,task_20251205_072016_336_46ca2862_e9006fbb,1.0,1,287002,157.2
tools,memtoolagent,eog,csm,3,3,2,task_20251205_075543_102_46ca2862_7ba653d0,0.6,0,232580,181.9
tools,memtoolagent,eog,csm,3,3,2,task_20251210_183114_382_99ba2325_071a72ab,0.5,0,127499,181.9
tools,memtoolagent,eog,csm,3,3,2,task_20251211_021838_048_accab84d_a511ee6e,0.666667,0,186903,144.8
tools,memtoolagent,eog,csm,3,3,2,task_20260101_191529_659_a8eea1c0_27d3bf1b,0.833333,0,215116,199.3
tools,memtoolagent,eog,csm,3,3,2,task_20260101_233731_695_00364ece_187f2808,1.0,1,231613,209.2
tools,memtoolagent,eog,csm,3,3,2,task_20260102_031908_712_accab84d_886a7365,0.888889,0,509683,365.1
tools,memtoolagent,eog,csm,3,3,2,task_20260102_100510_709_66392a82_3d301c18,1.0,1,222496,82.0
tools,memtoolagent,eog,csm,3,3,2,task_20260102_165223_158_99ba2325_67a4a1e9,0.0,0,127896,129.0
tools,memtoolagent,eog,csm,3,3,2,task_20260102_172945_725_ad5a67e3_5480e26f,0.8,0,474459,415.1
tools,memtoolagent,eog,csm,3,3,2,task_20260102_210829_972_2aa6b0ad_e3d70e04,0.666667,0,397399,187.5
tools,memtoolagent,eog,csm,3,3,2,task_20260106_145907_700_a8eea1c0_f5bae698,0.857143,0,368103,384.3
tools,memtoolagent,eog,csm,3,3,2,task_20260106_151754_319_d4a463c3_41f0af13,0.0,0,247503,158.9
tools,memtoolagent,eog,csm,3,3,2,task_20260106_161324_272_c4ad7a70_4b3980fc,0.75,0,194065,199.1
tools,memtoolagent,eog,csm,3,3,2,task_20260108_160928_699_391f1eff_905701cb,0.0,0,140450,85.4
tools,memtoolagent,eog,csm,3,3,2,task_20260121_162252_344_1afb323a_f878fac7,1.0,1,191761,222.0
tools,memtoolagent,eog,csm,3,3,2,task_20260121_163208_054_1afb323a_7f40ee66,0.0,0,208937,176.9
tools,memtoolagent,eog,csm,3,3,2,task_20260121_183027_058_1afb323a_c53cb400,0.8,0,273086,137.9
tools,memtoolagent,eog,csm,3,3,3,task_20251203_051113_560_99ba2325_1ff9b6e5,1.0,1,196858,228.2
tools,memtoolagent,eog,csm,3,3,3,task_20251205_060649_946_66392a82_354af85a,1.0,1,186765,114.2
tools,memtoolagent,eog,csm,3,3,3,task_20251205_072016_336_46ca2862_e9006fbb,1.0,1,245084,96.4
tools,memtoolagent,eog,csm,3,3,3,task_20251205_075543_102_46ca2862_7ba653d0,0.6,0,246100,211.9
tools,memtoolagent,eog,csm,3,3,3,task_20251210_183114_382_99ba2325_071a72ab,0.5,0,126083,122.5
tools,memtoolagent,eog,csm,3,3,3,task_20251211_021838_048_accab84d_a511ee6e,0.666667,0,144037,106.2
tools,memtoolagent,eog,csm,3,3,3,task_20260101_191529_659_a8eea1c0_27d3bf1b,0.833333,0,317440,203.8
tools,memtoolagent,eog,csm,3,3,3,task_20260101_233731_695_00364ece_187f2808,0.8,0,210677,175.3
tools,memtoolagent,eog,csm,3,3,3,task_20260102_031908_712_accab84d_886a7365,0.888889,0,316756,217.3
tools,memtoolagent,eog,csm,3,3,3,task_20260102_100510_709_66392a82_3d301c18,1.0,1,163775,63.2
tools,memtoolagent,eog,csm,3,3,3,task_20260102_165223_158_99ba2325_67a4a1e9,1.0,1,130346,172.1
tools,memtoolagent,eog,csm,3,3,3,task_20260102_172945_725_ad5a67e3_5480e26f,0.8,0,488557,241.3
tools,memtoolagent,eog,csm,3,3,3,task_20260102_210829_972_2aa6b0ad_e3d70e04,0.666667,0,298822,188.9
tools,memtoolagent,eog,csm,3,3,3,task_20260106_145907_700_a8eea1c0_f5bae698,0.857143,0,254732,317.2
tools,memtoolagent,eog,csm,3,3,3,task_20260106_151754_319_d4a463c3_41f0af13,1.0,1,671470,291.8
tools,memtoolagent,eog,csm,3,3,3,task_20260106_161324_272_c4ad7a70_4b3980fc,0.75,0,295035,181.0
tools,memtoolagent,eog,csm,3,3,3,task_20260108_160928_699_391f1eff_905701cb,0.0,0,143150,110.7
tools,memtoolagent,eog,csm,3,3,3,task_20260121_162252_344_1afb323a_f878fac7,1.0,1,173164,182.4
tools,memtoolagent,eog,csm,3,3,3,task_20260121_163208_054_1afb323a_7f40ee66,0.0,0,148767,148.4
tools,memtoolagent,eog,csm,3,3,3,task_20260121_183027_058_1afb323a_c53cb400,0.8,0,229960,98.0
tools,memtoolagent,eog,csm,4,1,1,task_20251127_070938_325_b393a327_a40b1f4e,0.0,0,139101,104.7
tools,memtoolagent,eog,csm,4,1,1,task_20251204_231522_245_e6427839_5d09c3c2,1.0,1,193442,89.6
tools,memtoolagent,eog,csm,4,1,1,task_20251205_194841_224_391f1eff_136bedae,0.0,0,27624,36.5
tools,memtoolagent,eog,csm,4,1,1,task_20251208_035402_755_ad5a67e3_8ca9a646,0.0,0,261810,174.5
tools,memtoolagent,eog,csm,4,1,1,task_20251210_145940_356_accab84d_c16e9916,0.4,0,616737,462.5
tools,memtoolagent,eog,csm,4,1,1,task_20251210_161511_924_2aa6b0ad_1446c2b4,0.666667,0,297315,102.5
tools,memtoolagent,eog,csm,4,1,1,task_20251211_192109_853_99ba2325_b21298a0,1.0,1,362625,142.9
tools,memtoolagent,eog,csm,4,1,1,task_20260102_155148_014_accab84d_910b176a,0.5,0,195646,127.5
tools,memtoolagent,eog,csm,4,1,1,task_20260102_162857_012_391f1eff_39478d55,1.0,1,255719,234.7
tools,memtoolagent,eog,csm,4,1,1,task_20260106_134616_649_e6427839_7dba5a00,1.0,1,193849,119.0
tools,memtoolagent,eog,csm,4,1,1,task_20260106_155841_121_e6427839_fa425cbe,0.0,0,395246,252.6
tools,memtoolagent,eog,csm,4,1,1,task_20260106_185201_238_00364ece_8ab4fd80,0.666667,0,320004,256.8
tools,memtoolagent,eog,csm,4,1,1,task_20260107_162554_472_accab84d_41d2e871,0.0,0,325374,239.9
tools,memtoolagent,eog,csm,4,1,2,task_20251127_070938_325_b393a327_a40b1f4e,0.0,0,137931,87.7
tools,memtoolagent,eog,csm,4,1,2,task_20251204_231522_245_e6427839_5d09c3c2,1.0,1,248197,115.0
tools,memtoolagent,eog,csm,4,1,2,task_20251205_194841_224_391f1eff_136bedae,0.0,0,27023,19.2
tools,memtoolagent,eog,csm,4,1,2,task_20251208_035402_755_ad5a67e3_8ca9a646,0.0,0,221399,119.0
tools,memtoolagent,eog,csm,4,1,2,task_20251210_145940_356_accab84d_c16e9916,0.8,0,385362,287.8
tools,memtoolagent,eog,csm,4,1,2,task_20251210_161511_924_2aa6b0ad_1446c2b4,1.0,1,274563,110.1
tools,memtoolagent,eog,csm,4,1,2,task_20251211_192109_853_99ba2325_b21298a0,1.0,1,283672,176.6
tools,memtoolagent,eog,csm,4,1,2,task_20260102_155148_014_accab84d_910b176a,0.5,0,194467,104.5
tools,memtoolagent,eog,csm,4,1,2,task_20260102_162857_012_391f1eff_39478d55,1.0,1,253079,178.7
tools,memtoolagent,eog,csm,4,1,2,task_20260106_134616_649_e6427839_7dba5a00,1.0,1,278252,175.9
tools,memtoolagent,eog,csm,4,1,2,task_20260106_155841_121_e6427839_fa425cbe,0.0,0,402150,279.3
tools,memtoolagent,eog,csm,4,1,2,task_20260106_185201_238_00364ece_8ab4fd80,0.333333,0,549956,278.0
tools,memtoolagent,eog,csm,4,1,2,task_20260107_162554_472_accab84d_41d2e871,0.0,0,502005,221.3
tools,memtoolagent,eog,csm,4,1,3,task_20251127_070938_325_b393a327_a40b1f4e,0.0,0,138714,91.6
tools,memtoolagent,eog,csm,4,1,3,task_20251204_231522_245_e6427839_5d09c3c2,1.0,1,276952,157.2
tools,memtoolagent,eog,csm,4,1,3,task_20251205_194841_224_391f1eff_136bedae,0.0,0,27530,33.4
tools,memtoolagent,eog,csm,4,1,3,task_20251208_035402_755_ad5a67e3_8ca9a646,0.0,0,280213,160.6
tools,memtoolagent,eog,csm,4,1,3,task_20251210_145940_356_accab84d_c16e9916,0.4,0,354870,344.1
tools,memtoolagent,eog,csm,4,1,3,task_20251210_161511_924_2aa6b0ad_1446c2b4,0.666667,0,297044,86.8
tools,memtoolagent,eog,csm,4,1,3,task_20251211_192109_853_99ba2325_b21298a0,0.6,0,247573,92.9
tools,memtoolagent,eog,csm,4,1,3,task_20260102_155148_014_accab84d_910b176a,0.5,0,194241,89.2
tools,memtoolagent,eog,csm,4,1,3,task_20260102_162857_012_391f1eff_39478d55,1.0,1,254030,221.2
tools,memtoolagent,eog,csm,4,1,3,task_20260106_134616_649_e6427839_7dba5a00,0.5,0,224446,131.2
tools,memtoolagent,eog,csm,4,1,3,task_20260106_155841_121_e6427839_fa425cbe,0.0,0,460520,381.0
tools,memtoolagent,eog,csm,4,1,3,task_20260106_185201_238_00364ece_8ab4fd80,0.666667,0,404851,278.7
tools,memtoolagent,eog,csm,4,1,3,task_20260107_162554_472_accab84d_41d2e871,0.0,0,296592,174.8
tools,memtoolagent,eog,csm,4,2,1,task_20251128_072831_616_6cd2e092_426f7c81,0.75,0,382633,297.8
tools,memtoolagent,eog,csm,4,2,1,task_20251203_194626_202_391f1eff_1336fae8,0.333333,0,138801,99.6
tools,memtoolagent,eog,csm,4,2,1,task_20251206_091748_833_a8eea1c0_7775ff15,1.0,1,223230,141.3
tools,memtoolagent,eog,csm,4,2,1,task_20251206_113950_467_6cd2e092_1a268d87,0.5,0,250448,139.1
tools,memtoolagent,eog,csm,4,2,1,task_20251206_114027_879_5c0cd3a2_904991cc,0.5,0,108115,55.8
tools,memtoolagent,eog,csm,4,2,1,task_20251206_130444_802_6cd2e092_8979087f,0.75,0,220639,179.4
tools,memtoolagent,eog,csm,4,2,1,task_20251212_222304_435_66392a82_815cd745,1.0,1,418713,166.3
tools,memtoolagent,eog,csm,4,2,1,task_20251231_152332_133_ad5a67e3_2a4e226c,0.5,0,192138,99.1
tools,memtoolagent,eog,csm,4,2,1,task_20251231_164213_376_00364ece_724e98d5,0.8,0,339790,219.5
tools,memtoolagent,eog,csm,4,2,1,task_20260101_111750_695_30600918_80637585,0.25,0,186767,187.5
tools,memtoolagent,eog,csm,4,2,1,task_20260105_191634_257_2aa6b0ad_ea0bbd82,1.0,1,362733,156.3
tools,memtoolagent,eog,csm,4,2,1,task_20260105_221816_258_00364ece_50f56980,1.0,1,405512,302.7
tools,memtoolagent,eog,csm,4,2,1,task_20260106_090444_873_99ba2325_980a3405,1.0,1,263881,272.7
tools,memtoolagent,eog,csm,4,2,1,task_20260106_161859_265_00364ece_0e836ce8,0.5,0,406963,267.8
tools,memtoolagent,eog,csm,4,2,2,task_20251128_072831_616_6cd2e092_426f7c81,0.75,0,420773,289.8
tools,memtoolagent,eog,csm,4,2,2,task_20251203_194626_202_391f1eff_1336fae8,0.333333,0,167341,120.9
tools,memtoolagent,eog,csm,4,2,2,task_20251206_091748_833_a8eea1c0_7775ff15,1.0,1,280215,152.3
tools,memtoolagent,eog,csm,4,2,2,task_20251206_113950_467_6cd2e092_1a268d87,0.5,0,251289,135.6
tools,memtoolagent,eog,csm,4,2,2,task_20251206_114027_879_5c0cd3a2_904991cc,0.5,0,165029,98.0
tools,memtoolagent,eog,csm,4,2,2,task_20251206_130444_802_6cd2e092_8979087f,0.75,0,379148,279.6
tools,memtoolagent,eog,csm,4,2,2,task_20251212_222304_435_66392a82_815cd745,0.8,0,596974,237.6
tools,memtoolagent,eog,csm,4,2,2,task_20251231_152332_133_ad5a67e3_2a4e226c,0.5,0,218309,100.7
tools,memtoolagent,eog,csm,4,2,2,task_20251231_164213_376_00364ece_724e98d5,1.0,1,281840,169.0
tools,memtoolagent,eog,csm,4,2,2,task_20260101_111750_695_30600918_80637585,0.0,0,245129,277.0
tools,memtoolagent,eog,csm,4,2,2,task_20260105_191634_257_2aa6b0ad_ea0bbd82,1.0,1,446556,171.3
tools,memtoolagent,eog,csm,4,2,2,task_20260105_221816_258_00364ece_50f56980,0.0,0,299420,198.4
tools,memtoolagent,eog,csm,4,2,2,task_20260106_090444_873_99ba2325_980a3405,1.0,1,235889,248.2
tools,memtoolagent,eog,csm,4,2,2,task_20260106_161859_265_00364ece_0e836ce8,0.25,0,354550,256.1
tools,memtoolagent,eog,csm,4,2,3,task_20251128_072831_616_6cd2e092_426f7c81,0.75,0,229060,211.7
tools,memtoolagent,eog,csm,4,2,3,task_20251203_194626_202_391f1eff_1336fae8,0.333333,0,195702,121.1
tools,memtoolagent,eog,csm,4,2,3,task_20251206_091748_833_a8eea1c0_7775ff15,1.0,1,199979,160.2
tools,memtoolagent,eog,csm,4,2,3,task_20251206_113950_467_6cd2e092_1a268d87,0.5,0,196298,101.7
tools,memtoolagent,eog,csm,4,2,3,task_20251206_114027_879_5c0cd3a2_904991cc,0.5,0,108611,47.0
tools,memtoolagent,eog,csm,4,2,3,task_20251206_130444_802_6cd2e092_8979087f,0.75,0,402666,312.1
tools,memtoolagent,eog,csm,4,2,3,task_20251212_222304_435_66392a82_815cd745,1.0,1,423013,191.6
tools,memtoolagent,eog,csm,4,2,3,task_20251231_152332_133_ad5a67e3_2a4e226c,0.5,0,217303,91.6
tools,memtoolagent,eog,csm,4,2,3,task_20251231_164213_376_00364ece_724e98d5,0.8,0,398737,268.2
tools,memtoolagent,eog,csm,4,2,3,task_20260101_111750_695_30600918_80637585,0.25,0,354398,324.4
tools,memtoolagent,eog,csm,4,2,3,task_20260105_191634_257_2aa6b0ad_ea0bbd82,1.0,1,306722,155.8
tools,memtoolagent,eog,csm,4,2,3,task_20260105_221816_258_00364ece_50f56980,0.75,0,265903,188.2
tools,memtoolagent,eog,csm,4,2,3,task_20260106_090444_873_99ba2325_980a3405,0.5,0,348592,351.1
tools,memtoolagent,eog,csm,4,2,3,task_20260106_161859_265_00364ece_0e836ce8,0.5,0,375365,257.5
tools,memtoolagent,eog,csm,4,3,1,task_20251203_051113_560_99ba2325_1ff9b6e5,1.0,1,227083,145.2
tools,memtoolagent,eog,csm,4,3,1,task_20251205_060649_946_66392a82_354af85a,0.166667,0,246299,116.1
tools,memtoolagent,eog,csm,4,3,1,task_20251205_072016_336_46ca2862_e9006fbb,1.0,1,359746,109.8
tools,memtoolagent,eog,csm,4,3,1,task_20251205_075543_102_46ca2862_7ba653d0,1.0,1,397901,196.4
tools,memtoolagent,eog,csm,4,3,1,task_20251210_183114_382_99ba2325_071a72ab,0.5,0,169436,103.8
tools,memtoolagent,eog,csm,4,3,1,task_20251211_021838_048_accab84d_a511ee6e,0.666667,0,166248,95.7
tools,memtoolagent,eog,csm,4,3,1,task_20260101_191529_659_a8eea1c0_27d3bf1b,0.833333,0,262407,176.5
tools,memtoolagent,eog,csm,4,3,1,task_20260101_233731_695_00364ece_187f2808,0.4,0,371352,143.9
tools,memtoolagent,eog,csm,4,3,1,task_20260102_031908_712_accab84d_886a7365,0.888889,0,412622,192.4
tools,memtoolagent,eog,csm,4,3,1,task_20260102_100510_709_66392a82_3d301c18,1.0,1,333308,87.1
tools,memtoolagent,eog,csm,4,3,1,task_20260102_165223_158_99ba2325_67a4a1e9,0.0,0,58294,65.6
tools,memtoolagent,eog,csm,4,3,1,task_20260102_172945_725_ad5a67e3_5480e26f,0.8,0,392567,201.9
tools,memtoolagent,eog,csm,4,3,1,task_20260102_210829_972_2aa6b0ad_e3d70e04,1.0,1,366509,170.2
tools,memtoolagent,eog,csm,4,3,1,task_20260106_145907_700_a8eea1c0_f5bae698,0.857143,0,716588,422.5
tools,memtoolagent,eog,csm,4,3,1,task_20260106_151754_319_d4a463c3_41f0af13,0.0,0,248621,137.1
tools,memtoolagent,eog,csm,4,3,1,task_20260106_161324_272_c4ad7a70_4b3980fc,0.75,0,198059,105.7
tools,memtoolagent,eog,csm,4,3,1,task_20260108_160928_699_391f1eff_905701cb,0.0,0,217589,73.5
tools,memtoolagent,eog,csm,4,3,1,task_20260121_162252_344_1afb323a_f878fac7,1.0,1,200923,143.0
tools,memtoolagent,eog,csm,4,3,1,task_20260121_163208_054_1afb323a_7f40ee66,0.0,0,288775,306.5
tools,memtoolagent,eog,csm,4,3,1,task_20260121_183027_058_1afb323a_c53cb400,0.8,0,337834,108.6
tools,memtoolagent,eog,csm,4,3,2,task_20251203_051113_560_99ba2325_1ff9b6e5,1.0,1,284941,205.6
tools,memtoolagent,eog,csm,4,3,2,task_20251205_060649_946_66392a82_354af85a,0.666667,0,245109,131.0
tools,memtoolagent,eog,csm,4,3,2,task_20251205_072016_336_46ca2862_e9006fbb,1.0,1,360370,123.9
tools,memtoolagent,eog,csm,4,3,2,task_20251205_075543_102_46ca2862_7ba653d0,0.6,0,348113,215.4
tools,memtoolagent,eog,csm,4,3,2,task_20251210_183114_382_99ba2325_071a72ab,1.0,1,168070,126.4
tools,memtoolagent,eog,csm,4,3,2,task_20251211_021838_048_accab84d_a511ee6e,1.0,1,360337,175.0
tools,memtoolagent,eog,csm,4,3,2,task_20260101_191529_659_a8eea1c0_27d3bf1b,0.833333,0,284986,178.7
tools,memtoolagent,eog,csm,4,3,2,task_20260101_233731_695_00364ece_187f2808,0.6,0,345422,268.3
tools,memtoolagent,eog,csm,4,3,2,task_20260102_031908_712_accab84d_886a7365,0.888889,0,416203,215.7
tools,memtoolagent,eog,csm,4,3,2,task_20260102_100510_709_66392a82_3d301c18,1.0,1,332208,75.5
tools,memtoolagent,eog,csm,4,3,2,task_20260102_165223_158_99ba2325_67a4a1e9,0.0,0,28521,40.3
tools,memtoolagent,eog,csm,4,3,2,task_20260102_172945_725_ad5a67e3_5480e26f,0.8,0,405233,207.5
tools,memtoolagent,eog,csm,4,3,2,task_20260102_210829_972_2aa6b0ad_e3d70e04,1.0,1,337979,147.1
tools,memtoolagent,eog,csm,4,3,2,task_20260106_145907_700_a8eea1c0_f5bae698,0.857143,0,505855,391.8
tools,memtoolagent,eog,csm,4,3,2,task_20260106_151754_319_d4a463c3_41f0af13,0.0,0,341923,197.0
tools,memtoolagent,eog,csm,4,3,2,task_20260106_161324_272_c4ad7a70_4b3980fc,0.75,0,250432,142.6
tools,memtoolagent,eog,csm,4,3,2,task_20260108_160928_699_391f1eff_905701cb,0.0,0,162720,56.9
tools,memtoolagent,eog,csm,4,3,2,task_20260121_162252_344_1afb323a_f878fac7,1.0,1,288401,324.6
tools,memtoolagent,eog,csm,4,3,2,task_20260121_163208_054_1afb323a_7f40ee66,0.0,0,286498,352.4
tools,memtoolagent,eog,csm,4,3,2,task_20260121_183027_058_1afb323a_c53cb400,0.8,0,366983,136.6
tools,memtoolagent,eog,csm,4,3,3,task_20251203_051113_560_99ba2325_1ff9b6e5,1.0,1,226756,206.4
tools,memtoolagent,eog,csm,4,3,3,task_20251205_060649_946_66392a82_354af85a,1.0,1,243119,119.3
tools,memtoolagent,eog,csm,4,3,3,task_20251205_072016_336_46ca2862_e9006fbb,1.0,1,361717,123.0
tools,memtoolagent,eog,csm,4,3,3,task_20251205_075543_102_46ca2862_7ba653d0,0.6,0,320413,198.8
tools,memtoolagent,eog,csm,4,3,3,task_20251210_183114_382_99ba2325_071a72ab,0.5,0,168820,136.0
tools,memtoolagent,eog,csm,4,3,3,task_20251211_021838_048_accab84d_a511ee6e,0.666667,0,330884,177.9
tools,memtoolagent,eog,csm,4,3,3,task_20260101_191529_659_a8eea1c0_27d3bf1b,0.833333,0,317734,211.4
tools,memtoolagent,eog,csm,4,3,3,task_20260101_233731_695_00364ece_187f2808,1.0,1,339742,146.6
tools,memtoolagent,eog,csm,4,3,3,task_20260102_031908_712_accab84d_886a7365,0.888889,0,703113,398.3
tools,memtoolagent,eog,csm,4,3,3,task_20260102_100510_709_66392a82_3d301c18,1.0,1,248752,79.4
tools,memtoolagent,eog,csm,4,3,3,task_20260102_165223_158_99ba2325_67a4a1e9,0.5,0,271870,206.7
tools,memtoolagent,eog,csm,4,3,3,task_20260102_172945_725_ad5a67e3_5480e26f,0.6,0,449954,267.8
tools,memtoolagent,eog,csm,4,3,3,task_20260102_210829_972_2aa6b0ad_e3d70e04,1.0,1,313577,185.4
tools,memtoolagent,eog,csm,4,3,3,task_20260106_145907_700_a8eea1c0_f5bae698,0.857143,0,627747,493.1
tools,memtoolagent,eog,csm,4,3,3,task_20260106_151754_319_d4a463c3_41f0af13,0.0,0,257251,189.9
tools,memtoolagent,eog,csm,4,3,3,task_20260106_161324_272_c4ad7a70_4b3980fc,0.75,0,222367,122.6
tools,memtoolagent,eog,csm,4,3,3,task_20260108_160928_699_391f1eff_905701cb,0.0,0,249107,142.3
tools,memtoolagent,eog,csm,4,3,3,task_20260121_162252_344_1afb323a_f878fac7,1.0,1,230768,242.7
tools,memtoolagent,eog,csm,4,3,3,task_20260121_163208_054_1afb323a_7f40ee66,0.0,0,345615,272.9
tools,memtoolagent,eog,csm,4,3,3,task_20260121_183027_058_1afb323a_c53cb400,0.8,0,335922,103.1
tools,memtoolagent,eog,csm,4,4,1,task_20251127_152838_396_99ba2325_8391501f,0.75,0,394648,201.8
tools,memtoolagent,eog,csm,4,4,1,task_20251128_204735_353_66392a82_3f8ef4a1,0.2,0,252148,120.5
tools,memtoolagent,eog,csm,4,4,1,task_20251201_164641_724_109c89c0_1b29acb9,0.5,0,418836,292.6
tools,memtoolagent,eog,csm,4,4,1,task_20251202_052822_939_66392a82_0479926e,1.0,1,309780,126.9
tools,memtoolagent,eog,csm,4,4,1,task_20251202_100743_745_109c89c0_958a07c1,0.666667,0,408679,432.1
tools,memtoolagent,eog,csm,4,4,1,task_20251203_064555_149_66392a82_d124b805,1.0,1,312689,109.2
tools,memtoolagent,eog,csm,4,4,1,task_20251204_132620_055_5c0cd3a2_048c6e95,0.333333,0,491781,360.1
tools,memtoolagent,eog,csm,4,4,1,task_20251205_095558_939_5c0cd3a2_4af4214c,1.0,1,351940,292.7
tools,memtoolagent,eog,csm,4,4,1,task_20251205_101915_742_d4a463c3_8eac8077,0.25,0,400236,456.5
tools,memtoolagent,eog,csm,4,4,1,task_20251205_153330_906_a8eea1c0_8c7a6205,0.666667,0,199491,127.3
tools,memtoolagent,eog,csm,4,4,1,task_20251207_174704_642_5c0cd3a2_c124578d,0.0,0,27355,24.9
tools,memtoolagent,eog,csm,4,4,1,task_20251209_122452_734_d4a463c3_e5f1961c,0.0,0,166376,90.6
tools,memtoolagent,eog,csm,4,4,1,task_20251212_011224_384_accab84d_4ad9b557,0.8,0,341490,193.9
tools,memtoolagent,eog,csm,4,4,1,task_20251231_123548_425_8cd8e61e_9303271e,1.0,1,206169,191.0
tools,memtoolagent,eog,csm,4,4,1,task_20251231_162628_797_a8eea1c0_0a53db6c,0.857143,0,241841,274.0
tools,memtoolagent,eog,csm,4,4,1,task_20260101_043715_660_a8eea1c0_7304e48e,0.8,0,608300,435.1
tools,memtoolagent,eog,csm,4,4,1,task_20260101_122222_300_ad5a67e3_3757206c,0.6,0,349516,244.3
tools,memtoolagent,eog,csm,4,4,1,task_20260101_162109_100_a8eea1c0_e88250ef,1.0,1,330922,275.0
tools,memtoolagent,eog,csm,4,4,1,task_20260101_202840_239_a8eea1c0_0f425b23,0.7,0,540355,576.4
tools,memtoolagent,eog,csm,4,4,1,task_20260102_063731_186_d4a463c3_f1c4df9b,1.0,1,231786,139.6
tools,memtoolagent,eog,csm,4,4,1,task_20260102_080409_151_d4a463c3_56c32265,1.0,1,285484,198.3
tools,memtoolagent,eog,csm,4,4,1,task_20260106_161816_678_a8eea1c0_1ef46cba,0.714286,0,537741,238.7
tools,memtoolagent,eog,csm,4,4,1,task_20260107_111503_670_2aa6b0ad_e9611a77,1.0,1,260788,208.8
tools,memtoolagent,eog,csm,4,4,1,task_20260121_145409_648_1afb323a_4e203caa,0.0,0,58206,69.9
tools,memtoolagent,eog,csm,4,4,2,task_20251127_152838_396_99ba2325_8391501f,0.0,0,31853,83.0
tools,memtoolagent,eog,csm,4,4,2,task_20251128_204735_353_66392a82_3f8ef4a1,0.2,0,283822,198.0
tools,memtoolagent,eog,csm,4,4,2,task_20251201_164641_724_109c89c0_1b29acb9,0.5,0,536099,233.0
tools,memtoolagent,eog,csm,4,4,2,task_20251202_052822_939_66392a82_0479926e,1.0,1,309627,120.8
tools,memtoolagent,eog,csm,4,4,2,task_20251202_100743_745_109c89c0_958a07c1,0.666667,0,271593,281.9
tools,memtoolagent,eog,csm,4,4,2,task_20251203_064555_149_66392a82_d124b805,0.5,0,280158,146.7
tools,memtoolagent,eog,csm,4,4,2,task_20251204_132620_055_5c0cd3a2_048c6e95,0.333333,0,187337,190.8
tools,memtoolagent,eog,csm,4,4,2,task_20251205_095558_939_5c0cd3a2_4af4214c,1.0,1,411333,341.6
tools,memtoolagent,eog,csm,4,4,2,task_20251205_101915_742_d4a463c3_8eac8077,0.25,0,555410,827.6
tools,memtoolagent,eog,csm,4,4,2,task_20251205_153330_906_a8eea1c0_8c7a6205,0.666667,0,256552,200.0
tools,memtoolagent,eog,csm,4,4,2,task_20251207_174704_642_5c0cd3a2_c124578d,0.0,0,27644,23.2
tools,memtoolagent,eog,csm,4,4,2,task_20251209_122452_734_d4a463c3_e5f1961c,0.5,0,253590,153.7
tools,memtoolagent,eog,csm,4,4,2,task_20251212_011224_384_accab84d_4ad9b557,0.8,0,337290,219.2
tools,memtoolagent,eog,csm,4,4,2,task_20251231_123548_425_8cd8e61e_9303271e,0.666667,0,231847,194.4
tools,memtoolagent,eog,csm,4,4,2,task_20251231_162628_797_a8eea1c0_0a53db6c,0.857143,0,268144,380.6
tools,memtoolagent,eog,csm,4,4,2,task_20260101_043715_660_a8eea1c0_7304e48e,0.6,0,673402,806.2
tools,memtoolagent,eog,csm,4,4,2,task_20260101_122222_300_ad5a67e3_3757206c,0.6,0,381544,405.8
tools,memtoolagent,eog,csm,4,4,2,task_20260101_162109_100_a8eea1c0_e88250ef,1.0,1,246578,365.5
tools,memtoolagent,eog,csm,4,4,2,task_20260101_202840_239_a8eea1c0_0f425b23,0.7,0,750553,907.0
tools,memtoolagent,eog,csm,4,4,2,task_20260102_063731_186_d4a463c3_f1c4df9b,1.0,1,282243,220.4
tools,memtoolagent,eog,csm,4,4,2,task_20260102_080409_151_d4a463c3_56c32265,1.0,1,254423,173.0
tools,memtoolagent,eog,csm,4,4,2,task_20260106_161816_678_a8eea1c0_1ef46cba,0.714286,0,427331,254.7
tools,memtoolagent,eog,csm,4,4,2,task_20260107_111503_670_2aa6b0ad_e9611a77,1.0,1,290669,339.6
tools,memtoolagent,eog,csm,4,4,2,task_20260121_145409_648_1afb323a_4e203caa,0.0,0,29332,36.1
tools,memtoolagent,eog,csm,4,4,3,task_20251127_152838_396_99ba2325_8391501f,0.5,0,393800,271.6
tools,memtoolagent,eog,csm,4,4,3,task_20251128_204735_353_66392a82_3f8ef4a1,0.2,0,199663,195.1
tools,memtoolagent,eog,csm,4,4,3,task_20251201_164641_724_109c89c0_1b29acb9,0.5,0,424887,313.6
tools,memtoolagent,eog,csm,4,4,3,task_20251202_052822_939_66392a82_0479926e,1.0,1,371562,161.4
tools,memtoolagent,eog,csm,4,4,3,task_20251202_100743_745_109c89c0_958a07c1,0.333333,0,315543,229.8
tools,memtoolagent,eog,csm,4,4,3,task_20251203_064555_149_66392a82_d124b805,0.25,0,228967,116.0
tools,memtoolagent,eog,csm,4,4,3,task_20251204_132620_055_5c0cd3a2_048c6e95,0.333333,0,422814,297.4
tools,memtoolagent,eog,csm,4,4,3,task_20251205_095558_939_5c0cd3a2_4af4214c,1.0,1,205613,235.1
tools,memtoolagent,eog,csm,4,4,3,task_20251205_101915_742_d4a463c3_8eac8077,0.25,0,852614,1236.0
tools,memtoolagent,eog,csm,4,4,3,task_20251205_153330_906_a8eea1c0_8c7a6205,0.666667,0,197673,173.4
tools,memtoolagent,eog,csm,4,4,3,task_20251207_174704_642_5c0cd3a2_c124578d,0.0,0,27211,29.3
tools,memtoolagent,eog,csm,4,4,3,task_20251209_122452_734_d4a463c3_e5f1961c,0.5,0,170275,121.4
tools,memtoolagent,eog,csm,4,4,3,task_20251212_011224_384_accab84d_4ad9b557,0.8,0,280971,190.3
tools,memtoolagent,eog,csm,4,4,3,task_20251231_123548_425_8cd8e61e_9303271e,0.666667,0,206975,163.1
tools,memtoolagent,eog,csm,4,4,3,task_20251231_162628_797_a8eea1c0_0a53db6c,0.857143,0,297252,341.3
tools,memtoolagent,eog,csm,4,4,3,task_20260101_043715_660_a8eea1c0_7304e48e,0.7,0,491189,392.2
tools,memtoolagent,eog,csm,4,4,3,task_20260101_122222_300_ad5a67e3_3757206c,0.2,0,498632,436.0
tools,memtoolagent,eog,csm,4,4,3,task_20260101_162109_100_a8eea1c0_e88250ef,1.0,1,614896,357.3
tools,memtoolagent,eog,csm,4,4,3,task_20260101_202840_239_a8eea1c0_0f425b23,0.7,0,490414,521.7
tools,memtoolagent,eog,csm,4,4,3,task_20260102_063731_186_d4a463c3_f1c4df9b,1.0,1,259619,206.7
tools,memtoolagent,eog,csm,4,4,3,task_20260102_080409_151_d4a463c3_56c32265,1.0,1,290781,247.5
tools,memtoolagent,eog,csm,4,4,3,task_20260106_161816_678_a8eea1c0_1ef46cba,0.714286,0,532481,216.7
tools,memtoolagent,eog,csm,4,4,3,task_20260107_111503_670_2aa6b0ad_e9611a77,1.0,1,288014,248.8
tools,memtoolagent,eog,csm,4,4,3,task_20260121_145409_648_1afb323a_4e203caa,0.0,0,56852,56.8
tools,memtoolagent,eog,drive,1,1,1,task_20251126_122314_557_be6c9105_daf0aae1,0.5,0,184453,113.2
tools,memtoolagent,eog,drive,1,1,1,task_20251126_122651_325_be6c9105_1864c322,0.75,0,82925,65.0
tools,memtoolagent,eog,drive,1,1,1,task_20251126_145836_025_be6c9105_3b572b98,0.25,0,84701,107.5
tools,memtoolagent,eog,drive,1,1,1,task_20251128_123025_545_13762b97_ad80b87c,0.666667,0,278785,365.6
tools,memtoolagent,eog,drive,1,1,1,task_20251128_123035_919_64a4ebb9_8b93bf99,1.0,1,126364,87.0
tools,memtoolagent,eog,drive,1,1,1,task_20251128_123301_181_64a4ebb9_4c1d5329,1.0,1,122264,50.9
tools,memtoolagent,eog,drive,1,1,1,task_20251128_123526_889_64a4ebb9_20d5e6ae,0.666667,0,140218,69.0
tools,memtoolagent,eog,drive,1,1,1,task_20251204_085603_739_ae7b45e2_b7a96253,0.5,0,145137,120.4
tools,memtoolagent,eog,drive,1,1,1,task_20251204_092258_460_be6c9105_33990b9e,1.0,1,180357,159.9
tools,memtoolagent,eog,drive,1,1,1,task_20251204_092557_093_ae7b45e2_24132aa0,0.75,0,98573,48.6
tools,memtoolagent,eog,drive,1,1,1,task_20251204_115902_743_13762b97_19892db1,0.333333,0,210716,214.5
tools,memtoolagent,eog,drive,1,1,1,task_20251204_122816_238_13762b97_cd4a8a4f,1.0,1,352521,396.2
tools,memtoolagent,eog,drive,1,1,1,task_20251205_162218_909_4d9df647_8538c2ae,0.333333,0,134296,239.9
tools,memtoolagent,eog,drive,1,1,1,task_20251211_105500_082_ae7b45e2_ee28e324,1.0,1,130146,105.3
tools,memtoolagent,eog,drive,1,1,1,task_20251211_113022_685_23fcbcdb_906c78e7,0.2,0,137399,119.5
tools,memtoolagent,eog,drive,1,1,1,task_20251211_141114_742_4d9df647_e15bd80a,0.0,0,135980,182.4
tools,memtoolagent,eog,drive,1,1,1,task_20260105_170909_782_a9f62433_ecdfc657,1.0,1,141644,92.5
tools,memtoolagent,eog,drive,1,1,1,task_20260106_144651_681_4d9df647_72f9f11e,0.5,0,354914,355.2
tools,memtoolagent,eog,drive,1,1,1,task_20260107_162724_374_13762b97_6a97d001,1.0,1,169979,142.9
tools,memtoolagent,eog,drive,1,1,1,task_20260107_163801_607_64a4ebb9_6f9c4d1b,1.0,1,200979,101.0
tools,memtoolagent,eog,drive,1,1,1,task_20260107_173403_203_64a4ebb9_e8ddb8d7,1.0,1,219742,65.5
tools,memtoolagent,eog,drive,1,1,1,task_20260107_174626_202_64a4ebb9_e3e54b1d,1.0,1,222553,73.8
tools,memtoolagent,eog,drive,1,1,1,task_20260107_180857_873_ae7b45e2_47771a8c,0.333333,0,87777,68.4
tools,memtoolagent,eog,drive,1,1,1,task_20260108_101953_397_be6c9105_0ebb2503,1.0,1,155820,139.2
tools,memtoolagent,eog,drive,1,1,1,task_20260108_105408_681_be6c9105_852c4b49,0.833333,0,519798,301.8
tools,memtoolagent,eog,drive,1,1,1,task_20260108_133740_739_13762b97_41fc6ac0,0.714286,0,289061,271.2
tools,memtoolagent,eog,drive,1,1,1,task_20260108_203842_162_d8f93f2d_1aa3f29b,1.0,1,286903,328.6
tools,memtoolagent,eog,drive,1,1,1,task_20260109_134319_026_64a4ebb9_98c48f81,0.75,0,141992,82.2
tools,memtoolagent,eog,drive,1,1,1,task_20260109_154737_612_4d9df647_ca8cc4b2,0.25,0,327687,587.3
tools,memtoolagent,eog,drive,1,1,2,task_20251126_122314_557_be6c9105_daf0aae1,0.5,0,135657,79.6
tools,memtoolagent,eog,drive,1,1,2,task_20251126_122651_325_be6c9105_1864c322,0.75,0,83109,72.7
tools,memtoolagent,eog,drive,1,1,2,task_20251126_145836_025_be6c9105_3b572b98,0.25,0,106543,106.1
tools,memtoolagent,eog,drive,1,1,2,task_20251128_123025_545_13762b97_ad80b87c,0.666667,0,211412,332.4
tools,memtoolagent,eog,drive,1,1,2,task_20251128_123035_919_64a4ebb9_8b93bf99,1.0,1,126799,58.8
tools,memtoolagent,eog,drive,1,1,2,task_20251128_123301_181_64a4ebb9_4c1d5329,0.75,0,189728,118.0
tools,memtoolagent,eog,drive,1,1,2,task_20251128_123526_889_64a4ebb9_20d5e6ae,0.666667,0,160783,84.6
tools,memtoolagent,eog,drive,1,1,2,task_20251204_085603_739_ae7b45e2_b7a96253,0.5,0,125591,77.6
tools,memtoolagent,eog,drive,1,1,2,task_20251204_092258_460_be6c9105_33990b9e,1.0,1,121964,129.3
tools,memtoolagent,eog,drive,1,1,2,task_20251204_092557_093_ae7b45e2_24132aa0,0.75,0,139094,85.0
tools,memtoolagent,eog,drive,1,1,2,task_20251204_115902_743_13762b97_19892db1,0.333333,0,194154,251.3
tools,memtoolagent,eog,drive,1,1,2,task_20251204_122816_238_13762b97_cd4a8a4f,1.0,1,290031,369.0
tools,memtoolagent,eog,drive,1,1,2,task_20251205_162218_909_4d9df647_8538c2ae,1.0,1,262048,287.2
tools,memtoolagent,eog,drive,1,1,2,task_20251211_105500_082_ae7b45e2_ee28e324,1.0,1,106673,67.5
tools,memtoolagent,eog,drive,1,1,2,task_20251211_113022_685_23fcbcdb_906c78e7,0.2,0,88988,102.1
tools,memtoolagent,eog,drive,1,1,2,task_20251211_141114_742_4d9df647_e15bd80a,0.0,0,93666,119.6
tools,memtoolagent,eog,drive,1,1,2,task_20260105_170909_782_a9f62433_ecdfc657,1.0,1,82304,70.6
tools,memtoolagent,eog,drive,1,1,2,task_20260106_144651_681_4d9df647_72f9f11e,0.5,0,231893,176.7
tools,memtoolagent,eog,drive,1,1,2,task_20260107_162724_374_13762b97_6a97d001,1.0,1,193473,138.8
tools,memtoolagent,eog,drive,1,1,2,task_20260107_163801_607_64a4ebb9_6f9c4d1b,1.0,1,201623,91.5
tools,memtoolagent,eog,drive,1,1,2,task_20260107_173403_203_64a4ebb9_e8ddb8d7,1.0,1,220831,58.6
tools,memtoolagent,eog,drive,1,1,2,task_20260107_174626_202_64a4ebb9_e3e54b1d,1.0,1,222354,86.7
tools,memtoolagent,eog,drive,1,1,2,task_20260107_180857_873_ae7b45e2_47771a8c,0.333333,0,87084,61.6
tools,memtoolagent,eog,drive,1,1,2,task_20260108_101953_397_be6c9105_0ebb2503,1.0,1,87272,109.9
tools,memtoolagent,eog,drive,1,1,2,task_20260108_105408_681_be6c9105_852c4b49,0.833333,0,372508,266.4
tools,memtoolagent,eog,drive,1,1,2,task_20260108_133740_739_13762b97_41fc6ac0,0.714286,0,280238,392.2
tools,memtoolagent,eog,drive,1,1,2,task_20260108_203842_162_d8f93f2d_1aa3f29b,1.0,1,216098,235.5
tools,memtoolagent,eog,drive,1,1,2,task_20260109_134319_026_64a4ebb9_98c48f81,0.75,0,116924,98.2
tools,memtoolagent,eog,drive,1,1,2,task_20260109_154737_612_4d9df647_ca8cc4b2,0.25,0,413889,592.8
tools,memtoolagent,eog,drive,1,1,3,task_20251126_122314_557_be6c9105_daf0aae1,0.5,0,159419,93.8
tools,memtoolagent,eog,drive,1,1,3,task_20251126_122651_325_be6c9105_1864c322,0.75,0,144694,89.6
tools,memtoolagent,eog,drive,1,1,3,task_20251126_145836_025_be6c9105_3b572b98,0.25,0,149930,221.3
tools,memtoolagent,eog,drive,1,1,3,task_20251128_123025_545_13762b97_ad80b87c,0.666667,0,155354,290.5
tools,memtoolagent,eog,drive,1,1,3,task_20251128_123035_919_64a4ebb9_8b93bf99,0.666667,0,213715,140.4
tools,memtoolagent,eog,drive,1,1,3,task_20251128_123301_181_64a4ebb9_4c1d5329,1.0,1,162763,91.2
tools,memtoolagent,eog,drive,1,1,3,task_20251128_123526_889_64a4ebb9_20d5e6ae,0.666667,0,140395,109.0
tools,memtoolagent,eog,drive,1,1,3,task_20251204_085603_739_ae7b45e2_b7a96253,0.5,0,146476,140.8
tools,memtoolagent,eog,drive,1,1,3,task_20251204_092258_460_be6c9105_33990b9e,1.0,1,92062,117.6
tools,memtoolagent,eog,drive,1,1,3,task_20251204_092557_093_ae7b45e2_24132aa0,0.75,0,100207,82.7
tools,memtoolagent,eog,drive,1,1,3,task_20251204_115902_743_13762b97_19892db1,0.333333,0,212774,271.9
tools,memtoolagent,eog,drive,1,1,3,task_20251204_122816_238_13762b97_cd4a8a4f,1.0,1,238223,350.2
tools,memtoolagent,eog,drive,1,1,3,task_20251205_162218_909_4d9df647_8538c2ae,0.666667,0,217108,352.4
tools,memtoolagent,eog,drive,1,1,3,task_20251211_105500_082_ae7b45e2_ee28e324,0.333333,0,82787,95.2
tools,memtoolagent,eog,drive,1,1,3,task_20251211_113022_685_23fcbcdb_906c78e7,0.2,0,68109,126.3
tools,memtoolagent,eog,drive,1,1,3,task_20251211_141114_742_4d9df647_e15bd80a,0.0,0,150495,228.0
tools,memtoolagent,eog,drive,1,1,3,task_20260105_170909_782_a9f62433_ecdfc657,1.0,1,84461,97.4
tools,memtoolagent,eog,drive,1,1,3,task_20260106_144651_681_4d9df647_72f9f11e,0.5,0,321487,283.2
tools,memtoolagent,eog,drive,1,1,3,task_20260107_162724_374_13762b97_6a97d001,1.0,1,191642,172.7
tools,memtoolagent,eog,drive,1,1,3,task_20260107_163801_607_64a4ebb9_6f9c4d1b,1.0,1,200717,83.9
tools,memtoolagent,eog,drive,1,1,3,task_20260107_173403_203_64a4ebb9_e8ddb8d7,1.0,1,221235,74.9
tools,memtoolagent,eog,drive,1,1,3,task_20260107_174626_202_64a4ebb9_e3e54b1d,1.0,1,221592,70.0
tools,memtoolagent,eog,drive,1,1,3,task_20260107_180857_873_ae7b45e2_47771a8c,0.333333,0,86476,78.1
tools,memtoolagent,eog,drive,1,1,3,task_20260108_101953_397_be6c9105_0ebb2503,1.0,1,217349,113.6
tools,memtoolagent,eog,drive,1,1,3,task_20260108_105408_681_be6c9105_852c4b49,0.833333,0,322229,336.8
tools,memtoolagent,eog,drive,1,1,3,task_20260108_133740_739_13762b97_41fc6ac0,0.714286,0,329258,493.7
tools,memtoolagent,eog,drive,1,1,3,task_20260108_203842_162_d8f93f2d_1aa3f29b,1.0,1,212935,294.0
tools,memtoolagent,eog,drive,1,1,3,task_20260109_134319_026_64a4ebb9_98c48f81,0.75,0,183961,136.6
tools,memtoolagent,eog,drive,1,1,3,task_20260109_154737_612_4d9df647_ca8cc4b2,0.0,0,91313,132.5
tools,memtoolagent,eog,drive,2,1,1,task_20251126_122314_557_be6c9105_daf0aae1,1.0,1,193686,90.9
tools,memtoolagent,eog,drive,2,1,1,task_20251126_122651_325_be6c9105_1864c322,0.75,0,155704,75.4
tools,memtoolagent,eog,drive,2,1,1,task_20251126_145836_025_be6c9105_3b572b98,0.25,0,234530,188.4
tools,memtoolagent,eog,drive,2,1,1,task_20251128_123025_545_13762b97_ad80b87c,0.666667,0,276698,355.0
tools,memtoolagent,eog,drive,2,1,1,task_20251128_123035_919_64a4ebb9_8b93bf99,1.0,1,157263,88.0
tools,memtoolagent,eog,drive,2,1,1,task_20251128_123301_181_64a4ebb9_4c1d5329,1.0,1,177887,73.0
tools,memtoolagent,eog,drive,2,1,1,task_20251128_123526_889_64a4ebb9_20d5e6ae,0.666667,0,173391,49.1
tools,memtoolagent,eog,drive,2,1,1,task_20251204_085603_739_ae7b45e2_b7a96253,0.5,0,180402,111.8
tools,memtoolagent,eog,drive,2,1,1,task_20251204_092258_460_be6c9105_33990b9e,1.0,1,257429,204.4
tools,memtoolagent,eog,drive,2,1,1,task_20251204_092557_093_ae7b45e2_24132aa0,0.75,0,149691,67.5
tools,memtoolagent,eog,drive,2,1,1,task_20251204_115902_743_13762b97_19892db1,0.333333,0,226334,169.4
tools,memtoolagent,eog,drive,2,1,1,task_20251204_122816_238_13762b97_cd4a8a4f,1.0,1,288724,287.9
tools,memtoolagent,eog,drive,2,1,1,task_20251205_162218_909_4d9df647_8538c2ae,0.333333,0,190040,238.8
tools,memtoolagent,eog,drive,2,1,1,task_20251211_105500_082_ae7b45e2_ee28e324,0.333333,0,100910,55.8
tools,memtoolagent,eog,drive,2,1,1,task_20251211_113022_685_23fcbcdb_906c78e7,0.2,0,83564,106.8
tools,memtoolagent,eog,drive,2,1,1,task_20251211_141114_742_4d9df647_e15bd80a,0.0,0,28813,75.1
tools,memtoolagent,eog,drive,2,1,1,task_20260105_170909_782_a9f62433_ecdfc657,1.0,1,175965,81.9
tools,memtoolagent,eog,drive,2,1,1,task_20260106_144651_681_4d9df647_72f9f11e,0.5,0,346697,278.2
tools,memtoolagent,eog,drive,2,1,1,task_20260107_162724_374_13762b97_6a97d001,1.0,1,147908,73.4
tools,memtoolagent,eog,drive,2,1,1,task_20260107_163801_607_64a4ebb9_6f9c4d1b,1.0,1,246141,104.5
tools,memtoolagent,eog,drive,2,1,1,task_20260107_173403_203_64a4ebb9_e8ddb8d7,1.0,1,271628,83.5
tools,memtoolagent,eog,drive,2,1,1,task_20260107_174626_202_64a4ebb9_e3e54b1d,1.0,1,270949,69.0
tools,memtoolagent,eog,drive,2,1,1,task_20260107_180857_873_ae7b45e2_47771a8c,0.333333,0,107325,70.1
tools,memtoolagent,eog,drive,2,1,1,task_20260108_101953_397_be6c9105_0ebb2503,1.0,1,109011,125.2
tools,memtoolagent,eog,drive,2,1,1,task_20260108_105408_681_be6c9105_852c4b49,0.833333,0,483645,309.3
tools,memtoolagent,eog,drive,2,1,1,task_20260108_133740_739_13762b97_41fc6ac0,0.857143,0,230701,249.6
tools,memtoolagent,eog,drive,2,1,1,task_20260108_203842_162_d8f93f2d_1aa3f29b,1.0,1,227195,206.3
tools,memtoolagent,eog,drive,2,1,1,task_20260109_134319_026_64a4ebb9_98c48f81,0.75,0,110206,56.4
tools,memtoolagent,eog,drive,2,1,1,task_20260109_154737_612_4d9df647_ca8cc4b2,0.25,0,479073,587.8
tools,memtoolagent,eog,drive,2,1,2,task_20251126_122314_557_be6c9105_daf0aae1,1.0,1,164547,75.6
tools,memtoolagent,eog,drive,2,1,2,task_20251126_122651_325_be6c9105_1864c322,0.75,0,181120,111.8
tools,memtoolagent,eog,drive,2,1,2,task_20251126_145836_025_be6c9105_3b572b98,0.25,0,185553,185.5
tools,memtoolagent,eog,drive,2,1,2,task_20251128_123025_545_13762b97_ad80b87c,0.666667,0,211647,241.7
tools,memtoolagent,eog,drive,2,1,2,task_20251128_123035_919_64a4ebb9_8b93bf99,1.0,1,235318,66.6
tools,memtoolagent,eog,drive,2,1,2,task_20251128_123301_181_64a4ebb9_4c1d5329,1.0,1,207390,113.9
tools,memtoolagent,eog,drive,2,1,2,task_20251128_123526_889_64a4ebb9_20d5e6ae,0.666667,0,173884,46.7
tools,memtoolagent,eog,drive,2,1,2,task_20251204_085603_739_ae7b45e2_b7a96253,0.5,0,180438,103.8
tools,memtoolagent,eog,drive,2,1,2,task_20251204_092258_460_be6c9105_33990b9e,1.0,1,285704,157.4
tools,memtoolagent,eog,drive,2,1,2,task_20251204_092557_093_ae7b45e2_24132aa0,0.75,0,149287,52.1
tools,memtoolagent,eog,drive,2,1,2,task_20251204_115902_743_13762b97_19892db1,0.333333,0,288772,154.6
tools,memtoolagent,eog,drive,2,1,2,task_20251204_122816_238_13762b97_cd4a8a4f,1.0,1,317607,315.1
tools,memtoolagent,eog,drive,2,1,2,task_20251205_162218_909_4d9df647_8538c2ae,0.666667,0,170407,292.2
tools,memtoolagent,eog,drive,2,1,2,task_20251211_105500_082_ae7b45e2_ee28e324,0.333333,0,101549,67.6
tools,memtoolagent,eog,drive,2,1,2,task_20251211_113022_685_23fcbcdb_906c78e7,0.2,0,108363,120.7
tools,memtoolagent,eog,drive,2,1,2,task_20251211_141114_742_4d9df647_e15bd80a,0.0,0,275816,284.5
tools,memtoolagent,eog,drive,2,1,2,task_20260105_170909_782_a9f62433_ecdfc657,1.0,1,175890,71.7
tools,memtoolagent,eog,drive,2,1,2,task_20260106_144651_681_4d9df647_72f9f11e,0.5,0,349826,188.2
tools,memtoolagent,eog,drive,2,1,2,task_20260107_162724_374_13762b97_6a97d001,1.0,1,239712,194.3
tools,memtoolagent,eog,drive,2,1,2,task_20260107_163801_607_64a4ebb9_6f9c4d1b,1.0,1,246534,117.1
tools,memtoolagent,eog,drive,2,1,2,task_20260107_173403_203_64a4ebb9_e8ddb8d7,1.0,1,269978,98.1
tools,memtoolagent,eog,drive,2,1,2,task_20260107_174626_202_64a4ebb9_e3e54b1d,1.0,1,271679,72.2
tools,memtoolagent,eog,drive,2,1,2,task_20260107_180857_873_ae7b45e2_47771a8c,0.333333,0,106387,55.9
tools,memtoolagent,eog,drive,2,1,2,task_20260108_101953_397_be6c9105_0ebb2503,1.0,1,186553,91.5
tools,memtoolagent,eog,drive,2,1,2,task_20260108_105408_681_be6c9105_852c4b49,0.833333,0,523479,369.7
tools,memtoolagent,eog,drive,2,1,2,task_20260108_133740_739_13762b97_41fc6ac0,0.714286,0,311971,285.0
tools,memtoolagent,eog,drive,2,1,2,task_20260108_203842_162_d8f93f2d_1aa3f29b,1.0,1,333615,255.3
tools,memtoolagent,eog,drive,2,1,2,task_20260109_134319_026_64a4ebb9_98c48f81,0.75,0,195524,100.7
tools,memtoolagent,eog,drive,2,1,2,task_20260109_154737_612_4d9df647_ca8cc4b2,0.0,0,33089,104.3
tools,memtoolagent,eog,drive,2,1,3,task_20251126_122314_557_be6c9105_daf0aae1,0.5,0,223525,92.1
tools,memtoolagent,eog,drive,2,1,3,task_20251126_122651_325_be6c9105_1864c322,0.75,0,181157,102.1
tools,memtoolagent,eog,drive,2,1,3,task_20251126_145836_025_be6c9105_3b572b98,0.25,0,290099,215.3
tools,memtoolagent,eog,drive,2,1,3,task_20251128_123025_545_13762b97_ad80b87c,0.666667,0,245433,287.2
tools,memtoolagent,eog,drive,2,1,3,task_20251128_123035_919_64a4ebb9_8b93bf99,1.0,1,159166,80.3
tools,memtoolagent,eog,drive,2,1,3,task_20251128_123301_181_64a4ebb9_4c1d5329,1.0,1,150879,49.4
tools,memtoolagent,eog,drive,2,1,3,task_20251128_123526_889_64a4ebb9_20d5e6ae,0.666667,0,203324,79.0
tools,memtoolagent,eog,drive,2,1,3,task_20251204_085603_739_ae7b45e2_b7a96253,0.5,0,128537,86.8
tools,memtoolagent,eog,drive,2,1,3,task_20251204_092258_460_be6c9105_33990b9e,1.0,1,272644,118.6
tools,memtoolagent,eog,drive,2,1,3,task_20251204_092557_093_ae7b45e2_24132aa0,0.75,0,149727,58.1
tools,memtoolagent,eog,drive,2,1,3,task_20251204_115902_743_13762b97_19892db1,0.333333,0,254289,194.7
tools,memtoolagent,eog,drive,2,1,3,task_20251204_122816_238_13762b97_cd4a8a4f,1.0,1,391559,500.9
tools,memtoolagent,eog,drive,2,1,3,task_20251205_162218_909_4d9df647_8538c2ae,0.333333,0,162930,149.2
tools,memtoolagent,eog,drive,2,1,3,task_20251211_105500_082_ae7b45e2_ee28e324,1.0,1,105419,56.4
tools,memtoolagent,eog,drive,2,1,3,task_20251211_113022_685_23fcbcdb_906c78e7,0.2,0,107351,93.3
tools,memtoolagent,eog,drive,2,1,3,task_20251211_141114_742_4d9df647_e15bd80a,0.0,0,114882,147.6
tools,memtoolagent,eog,drive,2,1,3,task_20260105_170909_782_a9f62433_ecdfc657,1.0,1,176378,58.2
tools,memtoolagent,eog,drive,2,1,3,task_20260106_144651_681_4d9df647_72f9f11e,0.75,0,408716,234.8
tools,memtoolagent,eog,drive,2,1,3,task_20260107_162724_374_13762b97_6a97d001,1.0,1,206794,140.7
tools,memtoolagent,eog,drive,2,1,3,task_20260107_163801_607_64a4ebb9_6f9c4d1b,1.0,1,244665,57.8
tools,memtoolagent,eog,drive,2,1,3,task_20260107_173403_203_64a4ebb9_e8ddb8d7,1.0,1,271674,92.4
tools,memtoolagent,eog,drive,2,1,3,task_20260107_174626_202_64a4ebb9_e3e54b1d,1.0,1,270800,65.1
tools,memtoolagent,eog,drive,2,1,3,task_20260107_180857_873_ae7b45e2_47771a8c,0.333333,0,106361,38.6
tools,memtoolagent,eog,drive,2,1,3,task_20260108_101953_397_be6c9105_0ebb2503,1.0,1,134728,89.3
tools,memtoolagent,eog,drive,2,1,3,task_20260108_105408_681_be6c9105_852c4b49,0.833333,0,367052,257.4
tools,memtoolagent,eog,drive,2,1,3,task_20260108_133740_739_13762b97_41fc6ac0,0.714286,0,226469,249.5
tools,memtoolagent,eog,drive,2,1,3,task_20260108_203842_162_d8f93f2d_1aa3f29b,0.857143,0,255558,265.9
tools,memtoolagent,eog,drive,2,1,3,task_20260109_134319_026_64a4ebb9_98c48f81,0.75,0,199229,65.2
tools,memtoolagent,eog,drive,2,1,3,task_20260109_154737_612_4d9df647_ca8cc4b2,0.25,0,481003,596.5
tools,memtoolagent,eog,drive,2,2,1,task_20251127_173847_074_4d9df647_632c493d,0.666667,0,341358,368.1
tools,memtoolagent,eog,drive,2,2,1,task_20251204_045548_265_4d9df647_18dae74a,1.0,1,107011,109.4
tools,memtoolagent,eog,drive,2,2,1,task_20260105_095412_678_a9f62433_bb5f5bb7,1.0,1,279150,307.5
tools,memtoolagent,eog,drive,2,2,1,task_20260105_105429_833_a9f62433_b38b55f2,1.0,1,186244,118.3
tools,memtoolagent,eog,drive,2,2,1,task_20260105_113049_430_a9f62433_6dd18613,1.0,1,235280,213.3
tools,memtoolagent,eog,drive,2,2,1,task_20260106_155537_908_a9f62433_6d26efe3,0.0,0,26423,39.2
tools,memtoolagent,eog,drive,2,2,1,task_20260106_172901_590_a9f62433_f7baa0fa,1.0,1,267281,209.9
tools,memtoolagent,eog,drive,2,2,1,task_20260108_162316_574_13762b97_098a086c,0.857143,0,317435,313.7
tools,memtoolagent,eog,drive,2,2,1,task_20260109_100633_248_4c1a4a14_20a0385b,0.8,0,230356,405.8
tools,memtoolagent,eog,drive,2,2,1,task_20260112_111113_212_060e2c81_99e6099d,0.818182,0,324332,179.6
tools,memtoolagent,eog,drive,2,2,2,task_20251127_173847_074_4d9df647_632c493d,0.666667,0,316324,338.3
tools,memtoolagent,eog,drive,2,2,2,task_20251204_045548_265_4d9df647_18dae74a,1.0,1,187573,122.3
tools,memtoolagent,eog,drive,2,2,2,task_20260105_095412_678_a9f62433_bb5f5bb7,1.0,1,216956,159.0
tools,memtoolagent,eog,drive,2,2,2,task_20260105_105429_833_a9f62433_b38b55f2,1.0,1,228236,147.9
tools,memtoolagent,eog,drive,2,2,2,task_20260105_113049_430_a9f62433_6dd18613,1.0,1,236313,196.4
tools,memtoolagent,eog,drive,2,2,2,task_20260106_155537_908_a9f62433_6d26efe3,1.0,1,239083,184.6
tools,memtoolagent,eog,drive,2,2,2,task_20260106_172901_590_a9f62433_f7baa0fa,1.0,1,236517,113.3
tools,memtoolagent,eog,drive,2,2,2,task_20260108_162316_574_13762b97_098a086c,0.857143,0,375098,280.4
tools,memtoolagent,eog,drive,2,2,2,task_20260109_100633_248_4c1a4a14_20a0385b,0.8,0,230280,292.5
tools,memtoolagent,eog,drive,2,2,2,task_20260112_111113_212_060e2c81_99e6099d,0.818182,0,328656,216.1
tools,memtoolagent,eog,drive,2,2,3,task_20251127_173847_074_4d9df647_632c493d,1.0,1,393348,327.6
tools,memtoolagent,eog,drive,2,2,3,task_20251204_045548_265_4d9df647_18dae74a,1.0,1,186789,137.3
tools,memtoolagent,eog,drive,2,2,3,task_20260105_095412_678_a9f62433_bb5f5bb7,1.0,1,153307,176.1
tools,memtoolagent,eog,drive,2,2,3,task_20260105_105429_833_a9f62433_b38b55f2,1.0,1,227469,129.5
tools,memtoolagent,eog,drive,2,2,3,task_20260105_113049_430_a9f62433_6dd18613,1.0,1,133682,151.3
tools,memtoolagent,eog,drive,2,2,3,task_20260106_155537_908_a9f62433_6d26efe3,0.0,0,27504,46.9
tools,memtoolagent,eog,drive,2,2,3,task_20260106_172901_590_a9f62433_f7baa0fa,0.0,0,85580,73.4
tools,memtoolagent,eog,drive,2,2,3,task_20260108_162316_574_13762b97_098a086c,0.714286,0,345438,288.6
tools,memtoolagent,eog,drive,2,2,3,task_20260109_100633_248_4c1a4a14_20a0385b,0.8,0,258670,383.3
tools,memtoolagent,eog,drive,2,2,3,task_20260112_111113_212_060e2c81_99e6099d,0.818182,0,329217,212.8
tools,memtoolagent,eog,drive,3,1,1,task_20251126_122314_557_be6c9105_daf0aae1,0.5,0,256071,106.7
tools,memtoolagent,eog,drive,3,1,1,task_20251126_122651_325_be6c9105_1864c322,0.75,0,148100,41.8
tools,memtoolagent,eog,drive,3,1,1,task_20251126_145836_025_be6c9105_3b572b98,0.25,0,183810,171.5
tools,memtoolagent,eog,drive,3,1,1,task_20251128_123025_545_13762b97_ad80b87c,0.666667,0,315635,312.0
tools,memtoolagent,eog,drive,3,1,1,task_20251128_123035_919_64a4ebb9_8b93bf99,1.0,1,209863,59.5
tools,memtoolagent,eog,drive,3,1,1,task_20251128_123301_181_64a4ebb9_4c1d5329,1.0,1,203002,47.7
tools,memtoolagent,eog,drive,3,1,1,task_20251128_123526_889_64a4ebb9_20d5e6ae,0.666667,0,200270,35.4
tools,memtoolagent,eog,drive,3,1,1,task_20251204_085603_739_ae7b45e2_b7a96253,0.5,0,238865,104.6
tools,memtoolagent,eog,drive,3,1,1,task_20251204_092258_460_be6c9105_33990b9e,1.0,1,200174,88.9
tools,memtoolagent,eog,drive,3,1,1,task_20251204_092557_093_ae7b45e2_24132aa0,0.75,0,172674,65.5
tools,memtoolagent,eog,drive,3,1,1,task_20251204_115902_743_13762b97_19892db1,0.333333,0,321661,183.2
tools,memtoolagent,eog,drive,3,1,1,task_20251204_122816_238_13762b97_cd4a8a4f,1.0,1,396192,294.5
tools,memtoolagent,eog,drive,3,1,1,task_20251205_162218_909_4d9df647_8538c2ae,0.666667,0,324056,237.5
tools,memtoolagent,eog,drive,3,1,1,task_20251211_105500_082_ae7b45e2_ee28e324,1.0,1,152708,65.4
tools,memtoolagent,eog,drive,3,1,1,task_20251211_113022_685_23fcbcdb_906c78e7,0.2,0,123524,89.2
tools,memtoolagent,eog,drive,3,1,1,task_20251211_141114_742_4d9df647_e15bd80a,0.0,0,193655,162.7
tools,memtoolagent,eog,drive,3,1,1,task_20260105_170909_782_a9f62433_ecdfc657,1.0,1,202139,51.0
tools,memtoolagent,eog,drive,3,1,1,task_20260106_144651_681_4d9df647_72f9f11e,0.5,0,353613,231.7
tools,memtoolagent,eog,drive,3,1,1,task_20260107_162724_374_13762b97_6a97d001,1.0,1,147194,64.6
tools,memtoolagent,eog,drive,3,1,1,task_20260107_163801_607_64a4ebb9_6f9c4d1b,1.0,1,282848,91.1
tools,memtoolagent,eog,drive,3,1,1,task_20260107_173403_203_64a4ebb9_e8ddb8d7,1.0,1,310859,64.6
tools,memtoolagent,eog,drive,3,1,1,task_20260107_174626_202_64a4ebb9_e3e54b1d,1.0,1,310848,65.4
tools,memtoolagent,eog,drive,3,1,1,task_20260107_180857_873_ae7b45e2_47771a8c,0.333333,0,122328,65.1
tools,memtoolagent,eog,drive,3,1,1,task_20260108_101953_397_be6c9105_0ebb2503,1.0,1,156575,98.6
tools,memtoolagent,eog,drive,3,1,1,task_20260108_105408_681_be6c9105_852c4b49,0.833333,0,593992,253.6
tools,memtoolagent,eog,drive,3,1,1,task_20260108_133740_739_13762b97_41fc6ac0,0.714286,0,352704,224.0
tools,memtoolagent,eog,drive,3,1,1,task_20260108_203842_162_d8f93f2d_1aa3f29b,1.0,1,492050,269.9
tools,memtoolagent,eog,drive,3,1,1,task_20260109_134319_026_64a4ebb9_98c48f81,0.75,0,348787,132.4
tools,memtoolagent,eog,drive,3,1,1,task_20260109_154737_612_4d9df647_ca8cc4b2,0.25,0,782076,841.8
tools,memtoolagent,eog,drive,3,1,2,task_20251126_122314_557_be6c9105_daf0aae1,0.5,0,254776,109.1
tools,memtoolagent,eog,drive,3,1,2,task_20251126_122651_325_be6c9105_1864c322,0.75,0,211260,96.6
tools,memtoolagent,eog,drive,3,1,2,task_20251126_145836_025_be6c9105_3b572b98,0.25,0,274589,245.5
tools,memtoolagent,eog,drive,3,1,2,task_20251128_123025_545_13762b97_ad80b87c,0.666667,0,281453,344.0
tools,memtoolagent,eog,drive,3,1,2,task_20251128_123035_919_64a4ebb9_8b93bf99,1.0,1,181744,83.6
tools,memtoolagent,eog,drive,3,1,2,task_20251128_123301_181_64a4ebb9_4c1d5329,1.0,1,270934,160.1
tools,memtoolagent,eog,drive,3,1,2,task_20251128_123526_889_64a4ebb9_20d5e6ae,0.666667,0,200788,54.0
tools,memtoolagent,eog,drive,3,1,2,task_20251204_085603_739_ae7b45e2_b7a96253,0.5,0,237348,95.0
tools,memtoolagent,eog,drive,3,1,2,task_20251204_092258_460_be6c9105_33990b9e,1.0,1,298047,214.2
tools,memtoolagent,eog,drive,3,1,2,task_20251204_092557_093_ae7b45e2_24132aa0,0.75,0,173577,75.6
tools,memtoolagent,eog,drive,3,1,2,task_20251204_115902_743_13762b97_19892db1,0.333333,0,287200,203.6
tools,memtoolagent,eog,drive,3,1,2,task_20251204_122816_238_13762b97_cd4a8a4f,1.0,1,503449,364.5
tools,memtoolagent,eog,drive,3,1,2,task_20251205_162218_909_4d9df647_8538c2ae,0.666667,0,291245,349.1
tools,memtoolagent,eog,drive,3,1,2,task_20251211_105500_082_ae7b45e2_ee28e324,0.333333,0,147098,85.4
tools,memtoolagent,eog,drive,3,1,2,task_20251211_113022_685_23fcbcdb_906c78e7,0.2,0,95335,103.9
tools,memtoolagent,eog,drive,3,1,2,task_20251211_141114_742_4d9df647_e15bd80a,0.0,0,251602,270.1
tools,memtoolagent,eog,drive,3,1,2,task_20260105_170909_782_a9f62433_ecdfc657,1.0,1,145057,72.1
tools,memtoolagent,eog,drive,3,1,2,task_20260106_144651_681_4d9df647_72f9f11e,0.5,0,311721,167.7
tools,memtoolagent,eog,drive,3,1,2,task_20260107_162724_374_13762b97_6a97d001,1.0,1,207623,104.3
tools,memtoolagent,eog,drive,3,1,2,task_20260107_163801_607_64a4ebb9_6f9c4d1b,1.0,1,282074,104.5
tools,memtoolagent,eog,drive,3,1,2,task_20260107_173403_203_64a4ebb9_e8ddb8d7,1.0,1,310301,76.2
tools,memtoolagent,eog,drive,3,1,2,task_20260107_174626_202_64a4ebb9_e3e54b1d,1.0,1,310869,89.1
tools,memtoolagent,eog,drive,3,1,2,task_20260107_180857_873_ae7b45e2_47771a8c,0.333333,0,122147,72.0
tools,memtoolagent,eog,drive,3,1,2,task_20260108_101953_397_be6c9105_0ebb2503,1.0,1,186574,110.2
tools,memtoolagent,eog,drive,3,1,2,task_20260108_105408_681_be6c9105_852c4b49,0.833333,0,570641,436.1
tools,memtoolagent,eog,drive,3,1,2,task_20260108_133740_739_13762b97_41fc6ac0,0.714286,0,428655,424.4
tools,memtoolagent,eog,drive,3,1,2,task_20260108_203842_162_d8f93f2d_1aa3f29b,1.0,1,478374,273.8
tools,memtoolagent,eog,drive,3,1,2,task_20260109_134319_026_64a4ebb9_98c48f81,0.75,0,286492,130.8
tools,memtoolagent,eog,drive,3,1,2,task_20260109_154737_612_4d9df647_ca8cc4b2,0.25,0,433229,679.0
tools,memtoolagent,eog,drive,3,1,3,task_20251126_122314_557_be6c9105_daf0aae1,0.5,0,223257,109.0
tools,memtoolagent,eog,drive,3,1,3,task_20251126_122651_325_be6c9105_1864c322,0.75,0,119129,83.1
tools,memtoolagent,eog,drive,3,1,3,task_20251126_145836_025_be6c9105_3b572b98,0.25,0,341642,325.7
tools,memtoolagent,eog,drive,3,1,3,task_20251128_123025_545_13762b97_ad80b87c,0.666667,0,416782,467.3
tools,memtoolagent,eog,drive,3,1,3,task_20251128_123035_919_64a4ebb9_8b93bf99,1.0,1,277726,171.7
tools,memtoolagent,eog,drive,3,1,3,task_20251128_123301_181_64a4ebb9_4c1d5329,1.0,1,205927,81.3
tools,memtoolagent,eog,drive,3,1,3,task_20251128_123526_889_64a4ebb9_20d5e6ae,0.666667,0,234846,113.1
tools,memtoolagent,eog,drive,3,1,3,task_20251204_085603_739_ae7b45e2_b7a96253,0.5,0,148326,86.2
tools,memtoolagent,eog,drive,3,1,3,task_20251204_092258_460_be6c9105_33990b9e,1.0,1,178400,186.4
tools,memtoolagent,eog,drive,3,1,3,task_20251204_092557_093_ae7b45e2_24132aa0,0.75,0,172784,66.8
tools,memtoolagent,eog,drive,3,1,3,task_20251204_115902_743_13762b97_19892db1,0.333333,0,227964,179.4
tools,memtoolagent,eog,drive,3,1,3,task_20251204_122816_238_13762b97_cd4a8a4f,1.0,1,432641,373.5
tools,memtoolagent,eog,drive,3,1,3,task_20251205_162218_909_4d9df647_8538c2ae,0.833333,0,334960,444.3
tools,memtoolagent,eog,drive,3,1,3,task_20251211_105500_082_ae7b45e2_ee28e324,1.0,1,151716,79.1
tools,memtoolagent,eog,drive,3,1,3,task_20251211_113022_685_23fcbcdb_906c78e7,0.2,0,94604,101.8
tools,memtoolagent,eog,drive,3,1,3,task_20251211_141114_742_4d9df647_e15bd80a,0.0,0,92549,117.2
tools,memtoolagent,eog,drive,3,1,3,task_20260105_170909_782_a9f62433_ecdfc657,1.0,1,202533,75.6
tools,memtoolagent,eog,drive,3,1,3,task_20260106_144651_681_4d9df647_72f9f11e,0.5,0,353662,206.9
tools,memtoolagent,eog,drive,3,1,3,task_20260107_162724_374_13762b97_6a97d001,1.0,1,239065,139.4
tools,memtoolagent,eog,drive,3,1,3,task_20260107_163801_607_64a4ebb9_6f9c4d1b,1.0,1,279685,79.5
tools,memtoolagent,eog,drive,3,1,3,task_20260107_173403_203_64a4ebb9_e8ddb8d7,1.0,1,311003,93.3
tools,memtoolagent,eog,drive,3,1,3,task_20260107_174626_202_64a4ebb9_e3e54b1d,1.0,1,309981,78.8
tools,memtoolagent,eog,drive,3,1,3,task_20260107_180857_873_ae7b45e2_47771a8c,0.333333,0,121713,64.4
tools,memtoolagent,eog,drive,3,1,3,task_20260108_101953_397_be6c9105_0ebb2503,1.0,1,275028,133.1
tools,memtoolagent,eog,drive,3,1,3,task_20260108_105408_681_be6c9105_852c4b49,0.833333,0,599452,456.0
tools,memtoolagent,eog,drive,3,1,3,task_20260108_133740_739_13762b97_41fc6ac0,0.714286,0,398180,434.9
tools,memtoolagent,eog,drive,3,1,3,task_20260108_203842_162_d8f93f2d_1aa3f29b,1.0,1,328265,333.4
tools,memtoolagent,eog,drive,3,1,3,task_20260109_134319_026_64a4ebb9_98c48f81,0.75,0,286616,125.5
tools,memtoolagent,eog,drive,3,1,3,task_20260109_154737_612_4d9df647_ca8cc4b2,0.25,0,491665,634.0
tools,memtoolagent,eog,drive,3,2,1,task_20251127_173847_074_4d9df647_632c493d,1.0,1,375109,418.0
tools,memtoolagent,eog,drive,3,2,1,task_20251204_045548_265_4d9df647_18dae74a,1.0,1,182041,134.7
tools,memtoolagent,eog,drive,3,2,1,task_20260105_095412_678_a9f62433_bb5f5bb7,1.0,1,281447,197.8
tools,memtoolagent,eog,drive,3,2,1,task_20260105_105429_833_a9f62433_b38b55f2,0.8,0,216611,153.8
tools,memtoolagent,eog,drive,3,2,1,task_20260105_113049_430_a9f62433_6dd18613,1.0,1,243479,202.6
tools,memtoolagent,eog,drive,3,2,1,task_20260106_155537_908_a9f62433_6d26efe3,0.0,0,89673,101.9
tools,memtoolagent,eog,drive,3,2,1,task_20260106_172901_590_a9f62433_f7baa0fa,1.0,1,270893,161.2
tools,memtoolagent,eog,drive,3,2,1,task_20260108_162316_574_13762b97_098a086c,0.857143,0,357019,282.2
tools,memtoolagent,eog,drive,3,2,1,task_20260109_100633_248_4c1a4a14_20a0385b,1.0,1,271282,327.6
tools,memtoolagent,eog,drive,3,2,1,task_20260112_111113_212_060e2c81_99e6099d,0.818182,0,335421,196.0
tools,memtoolagent,eog,drive,3,2,2,task_20251127_173847_074_4d9df647_632c493d,0.666667,0,419740,385.9
tools,memtoolagent,eog,drive,3,2,2,task_20251204_045548_265_4d9df647_18dae74a,1.0,1,182292,141.2
tools,memtoolagent,eog,drive,3,2,2,task_20260105_095412_678_a9f62433_bb5f5bb7,1.0,1,250097,296.2
tools,memtoolagent,eog,drive,3,2,2,task_20260105_105429_833_a9f62433_b38b55f2,0.8,0,291827,115.2
tools,memtoolagent,eog,drive,3,2,2,task_20260105_113049_430_a9f62433_6dd18613,1.0,1,242820,160.7
tools,memtoolagent,eog,drive,3,2,2,task_20260106_155537_908_a9f62433_6d26efe3,0.0,0,31036,54.0
tools,memtoolagent,eog,drive,3,2,2,task_20260106_172901_590_a9f62433_f7baa0fa,0.0,0,131139,112.9
tools,memtoolagent,eog,drive,3,2,2,task_20260108_162316_574_13762b97_098a086c,0.857143,0,392942,395.0
tools,memtoolagent,eog,drive,3,2,2,task_20260109_100633_248_4c1a4a14_20a0385b,1.0,1,263342,301.9
tools,memtoolagent,eog,drive,3,2,2,task_20260112_111113_212_060e2c81_99e6099d,0.818182,0,373084,259.3
tools,memtoolagent,eog,drive,3,2,3,task_20251127_173847_074_4d9df647_632c493d,1.0,1,373750,384.9
tools,memtoolagent,eog,drive,3,2,3,task_20251204_045548_265_4d9df647_18dae74a,1.0,1,181599,132.1
tools,memtoolagent,eog,drive,3,2,3,task_20260105_095412_678_a9f62433_bb5f5bb7,1.0,1,387195,255.6
tools,memtoolagent,eog,drive,3,2,3,task_20260105_105429_833_a9f62433_b38b55f2,0.8,0,292468,139.0
tools,memtoolagent,eog,drive,3,2,3,task_20260105_113049_430_a9f62433_6dd18613,0.8,0,241175,225.4
tools,memtoolagent,eog,drive,3,2,3,task_20260106_155537_908_a9f62433_6d26efe3,0.0,0,90537,133.9
tools,memtoolagent,eog,drive,3,2,3,task_20260106_172901_590_a9f62433_f7baa0fa,0.0,0,29173,23.1
tools,memtoolagent,eog,drive,3,2,3,task_20260108_162316_574_13762b97_098a086c,0.714286,0,365648,237.8
tools,memtoolagent,eog,drive,3,2,3,task_20260109_100633_248_4c1a4a14_20a0385b,1.0,1,331937,427.8
tools,memtoolagent,eog,drive,3,2,3,task_20260112_111113_212_060e2c81_99e6099d,0.818182,0,368769,214.6
tools,memtoolagent,eog,drive,3,3,1,task_20251204_151109_029_ae7b45e2_1fa53dbc,1.0,1,400892,221.8
tools,memtoolagent,eog,drive,3,3,1,task_20251205_143732_430_4d9df647_6aceefba,1.0,1,497435,454.6
tools,memtoolagent,eog,drive,3,3,1,task_20251210_200511_673_4a23b9c9_dcd88f59,1.0,1,234424,122.9
tools,memtoolagent,eog,drive,3,3,1,task_20260108_113744_344_a9f62433_9cdd0a8f,1.0,1,396648,167.0
tools,memtoolagent,eog,drive,3,3,1,task_20260109_074002_906_060e2c81_e0a9e99d,0.666667,0,220411,146.1
tools,memtoolagent,eog,drive,3,3,1,task_20260109_145235_208_64a4ebb9_9befb3ae,0.666667,0,211158,180.2
tools,memtoolagent,eog,drive,3,3,2,task_20251204_151109_029_ae7b45e2_1fa53dbc,1.0,1,393614,152.5
tools,memtoolagent,eog,drive,3,3,2,task_20251205_143732_430_4d9df647_6aceefba,1.0,1,444184,409.6
tools,memtoolagent,eog,drive,3,3,2,task_20251210_200511_673_4a23b9c9_dcd88f59,1.0,1,271372,163.6
tools,memtoolagent,eog,drive,3,3,2,task_20260108_113744_344_a9f62433_9cdd0a8f,1.0,1,422700,270.8
tools,memtoolagent,eog,drive,3,3,2,task_20260109_074002_906_060e2c81_e0a9e99d,0.666667,0,248796,88.8
tools,memtoolagent,eog,drive,3,3,2,task_20260109_145235_208_64a4ebb9_9befb3ae,0.666667,0,300862,224.4
tools,memtoolagent,eog,drive,3,3,3,task_20251204_151109_029_ae7b45e2_1fa53dbc,1.0,1,460991,243.0
tools,memtoolagent,eog,drive,3,3,3,task_20251205_143732_430_4d9df647_6aceefba,1.0,1,603064,615.9
tools,memtoolagent,eog,drive,3,3,3,task_20251210_200511_673_4a23b9c9_dcd88f59,1.0,1,234723,119.6
tools,memtoolagent,eog,drive,3,3,3,task_20260108_113744_344_a9f62433_9cdd0a8f,1.0,1,237003,95.2
tools,memtoolagent,eog,drive,3,3,3,task_20260109_074002_906_060e2c81_e0a9e99d,1.0,1,251199,162.0
tools,memtoolagent,eog,drive,3,3,3,task_20260109_145235_208_64a4ebb9_9befb3ae,1.0,1,272165,230.3
tools,memtoolagent,eog,email,1,1,1,task_20260106_060646_574_1628b966_0fc7207a,1.0,1,28224,124.9
tools,memtoolagent,eog,email,1,1,1,task_20260106_140034_876_e7cfb93b_fc943e0e,0.6,0,60224,291.9
tools,memtoolagent,eog,email,1,1,2,task_20260106_060646_574_1628b966_0fc7207a,1.0,1,35566,81.6
tools,memtoolagent,eog,email,1,1,2,task_20260106_140034_876_e7cfb93b_fc943e0e,0.6,0,60058,240.2
tools,memtoolagent,eog,email,1,1,3,task_20260106_060646_574_1628b966_0fc7207a,1.0,1,51487,124.9
tools,memtoolagent,eog,email,1,1,3,task_20260106_140034_876_e7cfb93b_fc943e0e,0.6,0,66709,228.9
tools,memtoolagent,eog,email,2,1,1,task_20260106_060646_574_1628b966_0fc7207a,1.0,1,84616,113.1
tools,memtoolagent,eog,email,2,1,1,task_20260106_140034_876_e7cfb93b_fc943e0e,0.2,0,118918,349.0
tools,memtoolagent,eog,email,2,1,2,task_20260106_060646_574_1628b966_0fc7207a,1.0,1,67819,129.4
tools,memtoolagent,eog,email,2,1,2,task_20260106_140034_876_e7cfb93b_fc943e0e,0.2,0,118657,263.3
tools,memtoolagent,eog,email,2,1,3,task_20260106_060646_574_1628b966_0fc7207a,1.0,1,83723,78.7
tools,memtoolagent,eog,email,2,1,3,task_20260106_140034_876_e7cfb93b_fc943e0e,0.6,0,130242,306.1
tools,memtoolagent,eog,email,2,2,1,task_20251203_093009_456_701c5774_24b57fbd,0.5,0,77851,98.7
tools,memtoolagent,eog,email,2,2,1,task_20251203_180743_144_e7cfb93b_56dbcb89,1.0,1,86798,161.8
tools,memtoolagent,eog,email,2,2,1,task_20260105_182555_369_e7cfb93b_c2cc205b,0.833333,0,174139,375.9
tools,memtoolagent,eog,email,2,2,1,task_20260105_214127_504_e7cfb93b_e6640be3,1.0,1,82413,263.1
tools,memtoolagent,eog,email,2,2,1,task_20260106_213903_609_e7cfb93b_5e95c001,1.0,1,66899,160.4
tools,memtoolagent,eog,email,2,2,1,task_20260108_050214_962_e5bf1251_0cabbd3d,0.666667,0,69924,155.9
tools,memtoolagent,eog,email,2,2,2,task_20251203_093009_456_701c5774_24b57fbd,0.5,0,73390,156.6
tools,memtoolagent,eog,email,2,2,2,task_20251203_180743_144_e7cfb93b_56dbcb89,1.0,1,73808,119.9
tools,memtoolagent,eog,email,2,2,2,task_20260105_182555_369_e7cfb93b_c2cc205b,1.0,1,94166,211.3
tools,memtoolagent,eog,email,2,2,2,task_20260105_214127_504_e7cfb93b_e6640be3,1.0,1,96134,295.7
tools,memtoolagent,eog,email,2,2,2,task_20260106_213903_609_e7cfb93b_5e95c001,1.0,1,66182,148.4
tools,memtoolagent,eog,email,2,2,2,task_20260108_050214_962_e5bf1251_0cabbd3d,0.666667,0,67630,112.0
tools,memtoolagent,eog,email,2,2,3,task_20251203_093009_456_701c5774_24b57fbd,0.5,0,72366,147.0
tools,memtoolagent,eog,email,2,2,3,task_20251203_180743_144_e7cfb93b_56dbcb89,1.0,1,85389,209.3
tools,memtoolagent,eog,email,2,2,3,task_20260105_182555_369_e7cfb93b_c2cc205b,1.0,1,174623,327.5
tools,memtoolagent,eog,email,2,2,3,task_20260105_214127_504_e7cfb93b_e6640be3,1.0,1,83601,244.0
tools,memtoolagent,eog,email,2,2,3,task_20260106_213903_609_e7cfb93b_5e95c001,1.0,1,115760,162.0
tools,memtoolagent,eog,email,2,2,3,task_20260108_050214_962_e5bf1251_0cabbd3d,0.666667,0,35405,50.8
tools,memtoolagent,eog,email,3,1,1,task_20260106_060646_574_1628b966_0fc7207a,1.0,1,97926,118.1
tools,memtoolagent,eog,email,3,1,1,task_20260106_140034_876_e7cfb93b_fc943e0e,0.6,0,92437,163.7
tools,memtoolagent,eog,email,3,1,2,task_20260106_060646_574_1628b966_0fc7207a,1.0,1,116509,166.4
tools,memtoolagent,eog,email,3,1,2,task_20260106_140034_876_e7cfb93b_fc943e0e,0.6,0,91369,205.4
tools,memtoolagent,eog,email,3,1,3,task_20260106_060646_574_1628b966_0fc7207a,1.0,1,101240,139.1
tools,memtoolagent,eog,email,3,1,3,task_20260106_140034_876_e7cfb93b_fc943e0e,0.6,0,105737,263.9
tools,memtoolagent,eog,email,3,2,1,task_20251203_093009_456_701c5774_24b57fbd,0.5,0,114214,224.7
tools,memtoolagent,eog,email,3,2,1,task_20251203_180743_144_e7cfb93b_56dbcb89,1.0,1,175595,272.9
tools,memtoolagent,eog,email,3,2,1,task_20260105_182555_369_e7cfb93b_c2cc205b,1.0,1,72513,159.5
tools,memtoolagent,eog,email,3,2,1,task_20260105_214127_504_e7cfb93b_e6640be3,1.0,1,196478,309.5
tools,memtoolagent,eog,email,3,2,1,task_20260106_213903_609_e7cfb93b_5e95c001,1.0,1,207945,240.3
tools,memtoolagent,eog,email,3,2,1,task_20260108_050214_962_e5bf1251_0cabbd3d,0.666667,0,104281,145.8
tools,memtoolagent,eog,email,3,2,2,task_20251203_093009_456_701c5774_24b57fbd,0.5,0,97011,175.0
tools,memtoolagent,eog,email,3,2,2,task_20251203_180743_144_e7cfb93b_56dbcb89,1.0,1,84293,117.1
tools,memtoolagent,eog,email,3,2,2,task_20260105_182555_369_e7cfb93b_c2cc205b,0.833333,0,215262,375.9
tools,memtoolagent,eog,email,3,2,2,task_20260105_214127_504_e7cfb93b_e6640be3,1.0,1,359240,563.3
tools,memtoolagent,eog,email,3,2,2,task_20260106_213903_609_e7cfb93b_5e95c001,1.0,1,98941,166.0
tools,memtoolagent,eog,email,3,2,2,task_20260108_050214_962_e5bf1251_0cabbd3d,0.666667,0,141299,155.2
tools,memtoolagent,eog,email,3,2,3,task_20251203_093009_456_701c5774_24b57fbd,0.5,0,108967,159.0
tools,memtoolagent,eog,email,3,2,3,task_20251203_180743_144_e7cfb93b_56dbcb89,1.0,1,219077,257.8
tools,memtoolagent,eog,email,3,2,3,task_20260105_182555_369_e7cfb93b_c2cc205b,0.833333,0,148214,258.4
tools,memtoolagent,eog,email,3,2,3,task_20260105_214127_504_e7cfb93b_e6640be3,1.0,1,224990,327.9
tools,memtoolagent,eog,email,3,2,3,task_20260106_213903_609_e7cfb93b_5e95c001,1.0,1,300205,269.0
tools,memtoolagent,eog,email,3,2,3,task_20260108_050214_962_e5bf1251_0cabbd3d,0.666667,0,73808,114.8
tools,memtoolagent,eog,email,3,3,1,task_20251204_101148_724_701c5774_7cb6254a,1.0,1,125307,151.7
tools,memtoolagent,eog,email,3,3,1,task_20251204_142444_575_e5bf1251_65039f7d,1.0,1,61232,59.1
tools,memtoolagent,eog,email,3,3,1,task_20260105_233603_790_e7cfb93b_cc802e4b,1.0,1,143405,236.1
tools,memtoolagent,eog,email,3,3,1,task_20260106_071510_179_911d75d7_0ae789ae,0.0,0,135757,153.2
tools,memtoolagent,eog,email,3,3,1,task_20260107_125943_886_1628b966_f951b083,0.5,0,80413,100.8
tools,memtoolagent,eog,email,3,3,1,task_20260107_142454_824_1628b966_4a482da4,1.0,1,97796,103.7
tools,memtoolagent,eog,email,3,3,1,task_20260108_101001_581_701c5774_3ac4e4fb,0.5,0,135767,186.8
tools,memtoolagent,eog,email,3,3,2,task_20251204_101148_724_701c5774_7cb6254a,1.0,1,97436,123.4
tools,memtoolagent,eog,email,3,3,2,task_20251204_142444_575_e5bf1251_65039f7d,1.0,1,63499,57.5
tools,memtoolagent,eog,email,3,3,2,task_20260105_233603_790_e7cfb93b_cc802e4b,1.0,1,117822,120.7
tools,memtoolagent,eog,email,3,3,2,task_20260106_071510_179_911d75d7_0ae789ae,0.0,0,120002,125.0
tools,memtoolagent,eog,email,3,3,2,task_20260107_125943_886_1628b966_f951b083,0.5,0,164613,107.0
tools,memtoolagent,eog,email,3,3,2,task_20260107_142454_824_1628b966_4a482da4,1.0,1,99095,90.0
tools,memtoolagent,eog,email,3,3,2,task_20260108_101001_581_701c5774_3ac4e4fb,0.5,0,134335,132.2
tools,memtoolagent,eog,email,3,3,3,task_20251204_101148_724_701c5774_7cb6254a,1.0,1,97537,129.0
tools,memtoolagent,eog,email,3,3,3,task_20251204_142444_575_e5bf1251_65039f7d,1.0,1,64808,90.0
tools,memtoolagent,eog,email,3,3,3,task_20260105_233603_790_e7cfb93b_cc802e4b,1.0,1,169364,254.2
tools,memtoolagent,eog,email,3,3,3,task_20260106_071510_179_911d75d7_0ae789ae,0.0,0,89466,94.5
tools,memtoolagent,eog,email,3,3,3,task_20260107_125943_886_1628b966_f951b083,0.5,0,149034,123.7
tools,memtoolagent,eog,email,3,3,3,task_20260107_142454_824_1628b966_4a482da4,1.0,1,97793,85.6
tools,memtoolagent,eog,email,3,3,3,task_20260108_101001_581_701c5774_3ac4e4fb,0.5,0,266572,269.1
tools,memtoolagent,eog,email,4,1,1,task_20260106_060646_574_1628b966_0fc7207a,1.0,1,110198,140.2
tools,memtoolagent,eog,email,4,1,1,task_20260106_140034_876_e7cfb93b_fc943e0e,0.6,0,254407,418.3
tools,memtoolagent,eog,email,4,1,2,task_20260106_060646_574_1628b966_0fc7207a,1.0,1,91086,97.9
tools,memtoolagent,eog,email,4,1,2,task_20260106_140034_876_e7cfb93b_fc943e0e,0.2,0,191502,327.2
tools,memtoolagent,eog,email,4,1,3,task_20260106_060646_574_1628b966_0fc7207a,1.0,1,103710,78.3
tools,memtoolagent,eog,email,4,1,3,task_20260106_140034_876_e7cfb93b_fc943e0e,0.6,0,213381,281.4
tools,memtoolagent,eog,email,4,2,1,task_20251203_093009_456_701c5774_24b57fbd,0.5,0,139732,147.2
tools,memtoolagent,eog,email,4,2,1,task_20251203_180743_144_e7cfb93b_56dbcb89,1.0,1,154826,168.9
tools,memtoolagent,eog,email,4,2,1,task_20260105_182555_369_e7cfb93b_c2cc205b,0.833333,0,151706,234.4
tools,memtoolagent,eog,email,4,2,1,task_20260105_214127_504_e7cfb93b_e6640be3,1.0,1,314650,410.0
tools,memtoolagent,eog,email,4,2,1,task_20260106_213903_609_e7cfb93b_5e95c001,1.0,1,189146,168.1
tools,memtoolagent,eog,email,4,2,1,task_20260108_050214_962_e5bf1251_0cabbd3d,0.666667,0,74830,96.6
tools,memtoolagent,eog,email,4,2,2,task_20251203_093009_456_701c5774_24b57fbd,0.5,0,122906,146.4
tools,memtoolagent,eog,email,4,2,2,task_20251203_180743_144_e7cfb93b_56dbcb89,0.857143,0,156101,193.3
tools,memtoolagent,eog,email,4,2,2,task_20260105_182555_369_e7cfb93b_c2cc205b,0.833333,0,134754,201.6
tools,memtoolagent,eog,email,4,2,2,task_20260105_214127_504_e7cfb93b_e6640be3,1.0,1,235822,317.2
tools,memtoolagent,eog,email,4,2,2,task_20260106_213903_609_e7cfb93b_5e95c001,1.0,1,226435,256.2
tools,memtoolagent,eog,email,4,2,2,task_20260108_050214_962_e5bf1251_0cabbd3d,0.666667,0,74641,91.5
tools,memtoolagent,eog,email,4,2,3,task_20251203_093009_456_701c5774_24b57fbd,0.5,0,124735,153.3
tools,memtoolagent,eog,email,4,2,3,task_20251203_180743_144_e7cfb93b_56dbcb89,1.0,1,164274,251.4
tools,memtoolagent,eog,email,4,2,3,task_20260105_182555_369_e7cfb93b_c2cc205b,1.0,1,300471,364.4
tools,memtoolagent,eog,email,4,2,3,task_20260105_214127_504_e7cfb93b_e6640be3,1.0,1,278971,432.7
tools,memtoolagent,eog,email,4,2,3,task_20260106_213903_609_e7cfb93b_5e95c001,1.0,1,142806,289.8
tools,memtoolagent,eog,email,4,2,3,task_20260108_050214_962_e5bf1251_0cabbd3d,0.666667,0,101585,105.7
tools,memtoolagent,eog,email,4,3,1,task_20251204_101148_724_701c5774_7cb6254a,0.333333,0,123127,127.6
tools,memtoolagent,eog,email,4,3,1,task_20251204_142444_575_e5bf1251_65039f7d,1.0,1,80930,47.2
tools,memtoolagent,eog,email,4,3,1,task_20260105_233603_790_e7cfb93b_cc802e4b,1.0,1,135995,142.1
tools,memtoolagent,eog,email,4,3,1,task_20260106_071510_179_911d75d7_0ae789ae,0.0,0,132243,116.4
tools,memtoolagent,eog,email,4,3,1,task_20260107_125943_886_1628b966_f951b083,0.5,0,161888,110.6
tools,memtoolagent,eog,email,4,3,1,task_20260107_142454_824_1628b966_4a482da4,1.0,1,162454,93.6
tools,memtoolagent,eog,email,4,3,1,task_20260108_101001_581_701c5774_3ac4e4fb,0.5,0,213118,213.3
tools,memtoolagent,eog,email,4,3,2,task_20251204_101148_724_701c5774_7cb6254a,0.333333,0,108049,210.2
tools,memtoolagent,eog,email,4,3,2,task_20251204_142444_575_e5bf1251_65039f7d,1.0,1,80930,50.2
tools,memtoolagent,eog,email,4,3,2,task_20260105_233603_790_e7cfb93b_cc802e4b,1.0,1,172118,292.5
tools,memtoolagent,eog,email,4,3,2,task_20260106_071510_179_911d75d7_0ae789ae,0.0,0,135065,206.4
tools,memtoolagent,eog,email,4,3,2,task_20260107_125943_886_1628b966_f951b083,0.5,0,141434,105.7
tools,memtoolagent,eog,email,4,3,2,task_20260107_142454_824_1628b966_4a482da4,1.0,1,162978,100.7
tools,memtoolagent,eog,email,4,3,2,task_20260108_101001_581_701c5774_3ac4e4fb,0.5,0,216763,282.6
tools,memtoolagent,eog,email,4,3,3,task_20251204_101148_724_701c5774_7cb6254a,1.0,1,150714,274.9
tools,memtoolagent,eog,email,4,3,3,task_20251204_142444_575_e5bf1251_65039f7d,1.0,1,80053,34.9
tools,memtoolagent,eog,email,4,3,3,task_20260105_233603_790_e7cfb93b_cc802e4b,1.0,1,195585,278.8
tools,memtoolagent,eog,email,4,3,3,task_20260106_071510_179_911d75d7_0ae789ae,0.0,0,132982,156.5
tools,memtoolagent,eog,email,4,3,3,task_20260107_125943_886_1628b966_f951b083,0.5,0,99852,84.6
tools,memtoolagent,eog,email,4,3,3,task_20260107_142454_824_1628b966_4a482da4,1.0,1,103367,93.1
tools,memtoolagent,eog,email,4,3,3,task_20260108_101001_581_701c5774_3ac4e4fb,0.5,0,235238,249.3
tools,memtoolagent,eog,email,4,4,1,task_20251125_150631_436_e5bf1251_77dd7cbb,0.5,0,69468,66.7
tools,memtoolagent,eog,email,4,4,1,task_20251127_150451_336_701c5774_c2e9609a,0.666667,0,103068,114.5
tools,memtoolagent,eog,email,4,4,1,task_20251203_113003_327_701c5774_2e2c97d2,1.0,1,82017,60.2
tools,memtoolagent,eog,email,4,4,1,task_20251203_120537_904_701c5774_849b4b7c,0.666667,0,98161,65.2
tools,memtoolagent,eog,email,4,4,1,task_20251204_083406_171_e7cfb93b_89e0d558,0.9,0,267644,400.1
tools,memtoolagent,eog,email,4,4,1,task_20251204_145059_811_e5bf1251_3b195ec1,1.0,1,82456,65.9
tools,memtoolagent,eog,email,4,4,1,task_20251209_094942_478_701c5774_dc4a4b13,0.333333,0,174988,183.7
tools,memtoolagent,eog,email,4,4,1,task_20251212_162948_602_8ce75c22_8b25a027,0.833333,0,249056,220.2
tools,memtoolagent,eog,email,4,4,1,task_20260106_050111_551_701c5774_419d6733,1.0,1,227593,310.9
tools,memtoolagent,eog,email,4,4,1,task_20260107_160335_693_911d75d7_d116d7cf,0.5,0,149695,117.5
tools,memtoolagent,eog,email,4,4,1,task_20260107_191539_515_911d75d7_3ea7750e,1.0,1,131640,115.9
tools,memtoolagent,eog,email,4,4,1,task_20260107_214637_627_911d75d7_eb9d8622,0.0,0,54692,43.3
tools,memtoolagent,eog,email,4,4,2,task_20251125_150631_436_e5bf1251_77dd7cbb,0.5,0,69716,81.4
tools,memtoolagent,eog,email,4,4,2,task_20251127_150451_336_701c5774_c2e9609a,0.666667,0,83292,76.1
tools,memtoolagent,eog,email,4,4,2,task_20251203_113003_327_701c5774_2e2c97d2,0.666667,0,81508,52.7
tools,memtoolagent,eog,email,4,4,2,task_20251203_120537_904_701c5774_849b4b7c,0.666667,0,98191,56.8
tools,memtoolagent,eog,email,4,4,2,task_20251204_083406_171_e7cfb93b_89e0d558,0.5,0,536755,715.9
tools,memtoolagent,eog,email,4,4,2,task_20251204_145059_811_e5bf1251_3b195ec1,1.0,1,81638,43.4
tools,memtoolagent,eog,email,4,4,2,task_20251209_094942_478_701c5774_dc4a4b13,0.333333,0,175888,176.9
tools,memtoolagent,eog,email,4,4,2,task_20251212_162948_602_8ce75c22_8b25a027,0.833333,0,225356,162.1
tools,memtoolagent,eog,email,4,4,2,task_20260106_050111_551_701c5774_419d6733,0.333333,0,115300,199.5
tools,memtoolagent,eog,email,4,4,2,task_20260107_160335_693_911d75d7_d116d7cf,0.5,0,133882,149.9
tools,memtoolagent,eog,email,4,4,2,task_20260107_191539_515_911d75d7_3ea7750e,1.0,1,150268,132.8
tools,memtoolagent,eog,email,4,4,2,task_20260107_214637_627_911d75d7_eb9d8622,0.0,0,19818,40.8
tools,memtoolagent,eog,email,4,4,3,task_20251125_150631_436_e5bf1251_77dd7cbb,0.5,0,69565,72.5
tools,memtoolagent,eog,email,4,4,3,task_20251127_150451_336_701c5774_c2e9609a,0.666667,0,104804,135.0
tools,memtoolagent,eog,email,4,4,3,task_20251203_113003_327_701c5774_2e2c97d2,0.666667,0,79824,32.3
tools,memtoolagent,eog,email,4,4,3,task_20251203_120537_904_701c5774_849b4b7c,0.666667,0,83798,84.1
tools,memtoolagent,eog,email,4,4,3,task_20251204_083406_171_e7cfb93b_89e0d558,1.0,1,381467,441.6
tools,memtoolagent,eog,email,4,4,3,task_20251204_145059_811_e5bf1251_3b195ec1,1.0,1,84217,73.8
tools,memtoolagent,eog,email,4,4,3,task_20251209_094942_478_701c5774_dc4a4b13,0.333333,0,178455,227.3
tools,memtoolagent,eog,email,4,4,3,task_20251212_162948_602_8ce75c22_8b25a027,0.833333,0,246320,186.3
tools,memtoolagent,eog,email,4,4,3,task_20260106_050111_551_701c5774_419d6733,1.0,1,171221,257.6
tools,memtoolagent,eog,email,4,4,3,task_20260107_160335_693_911d75d7_d116d7cf,0.5,0,132004,134.1
tools,memtoolagent,eog,email,4,4,3,task_20260107_191539_515_911d75d7_3ea7750e,1.0,1,130878,101.9
tools,memtoolagent,eog,email,4,4,3,task_20260107_214637_627_911d75d7_eb9d8622,0.0,0,37282,41.1
tools,memtoolagent,eog,email,5,1,1,task_20260106_060646_574_1628b966_0fc7207a,1.0,1,215075,91.3
tools,memtoolagent,eog,email,5,1,1,task_20260106_140034_876_e7cfb93b_fc943e0e,1.0,1,349604,335.3
tools,memtoolagent,eog,email,5,1,2,task_20260106_060646_574_1628b966_0fc7207a,1.0,1,120456,79.1
tools,memtoolagent,eog,email,5,1,2,task_20260106_140034_876_e7cfb93b_fc943e0e,0.6,0,231546,265.4
tools,memtoolagent,eog,email,5,1,3,task_20260106_060646_574_1628b966_0fc7207a,1.0,1,140490,60.1
tools,memtoolagent,eog,email,5,1,3,task_20260106_140034_876_e7cfb93b_fc943e0e,0.6,0,178675,210.8
tools,memtoolagent,eog,email,5,2,1,task_20251203_093009_456_701c5774_24b57fbd,0.5,0,164387,103.8
tools,memtoolagent,eog,email,5,2,1,task_20251203_180743_144_e7cfb93b_56dbcb89,0.857143,0,204225,172.1
tools,memtoolagent,eog,email,5,2,1,task_20260105_182555_369_e7cfb93b_c2cc205b,1.0,1,317100,288.9
tools,memtoolagent,eog,email,5,2,1,task_20260105_214127_504_e7cfb93b_e6640be3,1.0,1,338156,328.6
tools,memtoolagent,eog,email,5,2,1,task_20260106_213903_609_e7cfb93b_5e95c001,1.0,1,505539,170.3
tools,memtoolagent,eog,email,5,2,1,task_20260108_050214_962_e5bf1251_0cabbd3d,0.666667,0,124904,113.6
tools,memtoolagent,eog,email,5,2,2,task_20251203_093009_456_701c5774_24b57fbd,0.5,0,165287,116.6
tools,memtoolagent,eog,email,5,2,2,task_20251203_180743_144_e7cfb93b_56dbcb89,0.857143,0,254137,142.5
tools,memtoolagent,eog,email,5,2,2,task_20260105_182555_369_e7cfb93b_c2cc205b,0.833333,0,349701,347.0
tools,memtoolagent,eog,email,5,2,2,task_20260105_214127_504_e7cfb93b_e6640be3,1.0,1,365520,330.5
tools,memtoolagent,eog,email,5,2,2,task_20260106_213903_609_e7cfb93b_5e95c001,1.0,1,181101,133.0
tools,memtoolagent,eog,email,5,2,2,task_20260108_050214_962_e5bf1251_0cabbd3d,0.666667,0,176082,150.1
tools,memtoolagent,eog,email,5,2,3,task_20251203_093009_456_701c5774_24b57fbd,0.5,0,211563,123.0
tools,memtoolagent,eog,email,5,2,3,task_20251203_180743_144_e7cfb93b_56dbcb89,0.857143,0,375815,276.6
tools,memtoolagent,eog,email,5,2,3,task_20260105_182555_369_e7cfb93b_c2cc205b,1.0,1,287866,262.1
tools,memtoolagent,eog,email,5,2,3,task_20260105_214127_504_e7cfb93b_e6640be3,1.0,1,304647,261.4
tools,memtoolagent,eog,email,5,2,3,task_20260106_213903_609_e7cfb93b_5e95c001,1.0,1,312000,200.8
tools,memtoolagent,eog,email,5,2,3,task_20260108_050214_962_e5bf1251_0cabbd3d,0.666667,0,150765,106.7
tools,memtoolagent,eog,email,5,3,1,task_20251204_101148_724_701c5774_7cb6254a,0.333333,0,144838,159.6
tools,memtoolagent,eog,email,5,3,1,task_20251204_142444_575_e5bf1251_65039f7d,1.0,1,113398,74.0
tools,memtoolagent,eog,email,5,3,1,task_20260105_233603_790_e7cfb93b_cc802e4b,1.0,1,199760,180.2
tools,memtoolagent,eog,email,5,3,1,task_20260106_071510_179_911d75d7_0ae789ae,0.0,0,126436,127.6
tools,memtoolagent,eog,email,5,3,1,task_20260107_125943_886_1628b966_f951b083,0.5,0,130667,82.5
tools,memtoolagent,eog,email,5,3,1,task_20260107_142454_824_1628b966_4a482da4,1.0,1,157715,89.5
tools,memtoolagent,eog,email,5,3,1,task_20260108_101001_581_701c5774_3ac4e4fb,0.5,0,279826,284.7
tools,memtoolagent,eog,email,5,3,2,task_20251204_101148_724_701c5774_7cb6254a,1.0,1,244770,212.4
tools,memtoolagent,eog,email,5,3,2,task_20251204_142444_575_e5bf1251_65039f7d,1.0,1,113419,106.8
tools,memtoolagent,eog,email,5,3,2,task_20260105_233603_790_e7cfb93b_cc802e4b,1.0,1,315562,324.3
tools,memtoolagent,eog,email,5,3,2,task_20260106_071510_179_911d75d7_0ae789ae,0.0,0,179694,203.5
tools,memtoolagent,eog,email,5,3,2,task_20260107_125943_886_1628b966_f951b083,0.5,0,267059,128.5
tools,memtoolagent,eog,email,5,3,2,task_20260107_142454_824_1628b966_4a482da4,1.0,1,161904,72.6
tools,memtoolagent,eog,email,5,3,2,task_20260108_101001_581_701c5774_3ac4e4fb,0.5,0,308611,272.2
tools,memtoolagent,eog,email,5,3,3,task_20251204_101148_724_701c5774_7cb6254a,0.333333,0,149638,212.3
tools,memtoolagent,eog,email,5,3,3,task_20251204_142444_575_e5bf1251_65039f7d,1.0,1,112946,69.9
tools,memtoolagent,eog,email,5,3,3,task_20260105_233603_790_e7cfb93b_cc802e4b,1.0,1,224920,232.8
tools,memtoolagent,eog,email,5,3,3,task_20260106_071510_179_911d75d7_0ae789ae,0.0,0,150478,123.6
tools,memtoolagent,eog,email,5,3,3,task_20260107_125943_886_1628b966_f951b083,0.5,0,129933,97.0
tools,memtoolagent,eog,email,5,3,3,task_20260107_142454_824_1628b966_4a482da4,1.0,1,163406,87.8
tools,memtoolagent,eog,email,5,3,3,task_20260108_101001_581_701c5774_3ac4e4fb,0.5,0,248162,362.6
tools,memtoolagent,eog,email,5,4,1,task_20251125_150631_436_e5bf1251_77dd7cbb,1.0,1,140372,120.4
tools,memtoolagent,eog,email,5,4,1,task_20251127_150451_336_701c5774_c2e9609a,0.666667,0,139039,125.9
tools,memtoolagent,eog,email,5,4,1,task_20251203_113003_327_701c5774_2e2c97d2,1.0,1,112247,65.0
tools,memtoolagent,eog,email,5,4,1,task_20251203_120537_904_701c5774_849b4b7c,0.666667,0,135020,84.2
tools,memtoolagent,eog,email,5,4,1,task_20251204_083406_171_e7cfb93b_89e0d558,0.7,0,502016,827.9
tools,memtoolagent,eog,email,5,4,1,task_20251204_145059_811_e5bf1251_3b195ec1,1.0,1,136029,86.0
tools,memtoolagent,eog,email,5,4,1,task_20251209_094942_478_701c5774_dc4a4b13,0.333333,0,231549,228.2
tools,memtoolagent,eog,email,5,4,1,task_20251212_162948_602_8ce75c22_8b25a027,0.833333,0,223637,175.7
tools,memtoolagent,eog,email,5,4,1,task_20260106_050111_551_701c5774_419d6733,0.333333,0,185433,455.2
tools,memtoolagent,eog,email,5,4,1,task_20260107_160335_693_911d75d7_d116d7cf,0.5,0,172363,114.9
tools,memtoolagent,eog,email,5,4,1,task_20260107_191539_515_911d75d7_3ea7750e,1.0,1,172600,120.6
tools,memtoolagent,eog,email,5,4,1,task_20260107_214637_627_911d75d7_eb9d8622,0.0,0,50013,59.9
tools,memtoolagent,eog,email,5,4,2,task_20251125_150631_436_e5bf1251_77dd7cbb,0.5,0,94330,82.4
tools,memtoolagent,eog,email,5,4,2,task_20251127_150451_336_701c5774_c2e9609a,0.666667,0,137464,90.0
tools,memtoolagent,eog,email,5,4,2,task_20251203_113003_327_701c5774_2e2c97d2,1.0,1,136124,96.5
tools,memtoolagent,eog,email,5,4,2,task_20251203_120537_904_701c5774_849b4b7c,0.666667,0,135365,83.1
tools,memtoolagent,eog,email,5,4,2,task_20251204_083406_171_e7cfb93b_89e0d558,0.5,0,265415,508.3
tools,memtoolagent,eog,email,5,4,2,task_20251204_145059_811_e5bf1251_3b195ec1,1.0,1,92262,84.3
tools,memtoolagent,eog,email,5,4,2,task_20251209_094942_478_701c5774_dc4a4b13,0.333333,0,231163,287.4
tools,memtoolagent,eog,email,5,4,2,task_20251212_162948_602_8ce75c22_8b25a027,0.833333,0,318713,387.9
tools,memtoolagent,eog,email,5,4,2,task_20260106_050111_551_701c5774_419d6733,1.0,1,178957,432.8
tools,memtoolagent,eog,email,5,4,2,task_20260107_160335_693_911d75d7_d116d7cf,0.5,0,202167,278.6
tools,memtoolagent,eog,email,5,4,2,task_20260107_191539_515_911d75d7_3ea7750e,1.0,1,198208,154.0
tools,memtoolagent,eog,email,5,4,2,task_20260107_214637_627_911d75d7_eb9d8622,0.0,0,74373,78.9
tools,memtoolagent,eog,email,5,4,3,task_20251125_150631_436_e5bf1251_77dd7cbb,1.0,1,117635,115.7
tools,memtoolagent,eog,email,5,4,3,task_20251127_150451_336_701c5774_c2e9609a,0.666667,0,136936,102.8
tools,memtoolagent,eog,email,5,4,3,task_20251203_113003_327_701c5774_2e2c97d2,1.0,1,134547,82.4
tools,memtoolagent,eog,email,5,4,3,task_20251203_120537_904_701c5774_849b4b7c,0.666667,0,134802,93.1
tools,memtoolagent,eog,email,5,4,3,task_20251204_083406_171_e7cfb93b_89e0d558,0.5,0,197021,526.4
tools,memtoolagent,eog,email,5,4,3,task_20251204_145059_811_e5bf1251_3b195ec1,1.0,1,69351,87.9
tools,memtoolagent,eog,email,5,4,3,task_20251209_094942_478_701c5774_dc4a4b13,0.333333,0,259166,317.7
tools,memtoolagent,eog,email,5,4,3,task_20251212_162948_602_8ce75c22_8b25a027,0.833333,0,296344,290.1
tools,memtoolagent,eog,email,5,4,3,task_20260106_050111_551_701c5774_419d6733,0.333333,0,103108,291.0
tools,memtoolagent,eog,email,5,4,3,task_20260107_160335_693_911d75d7_d116d7cf,0.5,0,200392,214.5
tools,memtoolagent,eog,email,5,4,3,task_20260107_191539_515_911d75d7_3ea7750e,1.0,1,197865,190.4
tools,memtoolagent,eog,email,5,4,3,task_20260107_214637_627_911d75d7_eb9d8622,0.0,0,99099,114.3
tools,memtoolagent,eog,email,5,5,1,task_20251125_154624_258_701c5774_59c41eed,0.0,0,120567,95.3
tools,memtoolagent,eog,email,5,5,1,task_20251125_202309_857_e7cfb93b_9c156259,1.0,1,200203,160.3
tools,memtoolagent,eog,email,5,5,1,task_20251128_154607_365_1628b966_a730b5cf,1.0,1,87891,41.5
tools,memtoolagent,eog,email,5,5,1,task_20251204_120643_371_8ce75c22_f09e1799,0.8,0,203492,130.3
tools,memtoolagent,eog,email,5,5,1,task_20251204_153830_645_1628b966_3df25b52,1.0,1,190889,145.3
tools,memtoolagent,eog,email,5,5,1,task_20251211_054846_540_e5bf1251_265c5883,0.666667,0,253398,171.6
tools,memtoolagent,eog,email,5,5,1,task_20251211_100706_985_701c5774_8d658f71,0.5,0,253585,239.5
tools,memtoolagent,eog,email,5,5,1,task_20251212_072144_983_8ce75c22_1b848fdd,0.6,0,276076,201.9
tools,memtoolagent,eog,email,5,5,1,task_20260107_131200_705_1628b966_84e87e0f,0.5,0,157547,148.8
tools,memtoolagent,eog,email,5,5,1,task_20260107_141130_029_1628b966_8e264839,0.5,0,251055,216.0
tools,memtoolagent,eog,email,5,5,1,task_20260108_031733_760_e5bf1251_9e81ad1b,1.0,1,325655,221.8
tools,memtoolagent,eog,email,5,5,1,task_20260109_080715_585_911d75d7_ded91685,0.0,0,25213,22.2
tools,memtoolagent,eog,email,5,5,1,task_20260109_160851_122_911d75d7_3ece8e5e,0.0,0,123656,74.3
tools,memtoolagent,eog,email,5,5,2,task_20251125_154624_258_701c5774_59c41eed,0.0,0,166370,149.8
tools,memtoolagent,eog,email,5,5,2,task_20251125_202309_857_e7cfb93b_9c156259,1.0,1,250439,267.6
tools,memtoolagent,eog,email,5,5,2,task_20251128_154607_365_1628b966_a730b5cf,1.0,1,65580,25.6
tools,memtoolagent,eog,email,5,5,2,task_20251204_120643_371_8ce75c22_f09e1799,1.0,1,182020,209.9
tools,memtoolagent,eog,email,5,5,2,task_20251204_153830_645_1628b966_3df25b52,1.0,1,144637,136.2
tools,memtoolagent,eog,email,5,5,2,task_20251211_054846_540_e5bf1251_265c5883,1.0,1,204922,161.4
tools,memtoolagent,eog,email,5,5,2,task_20251211_100706_985_701c5774_8d658f71,0.5,0,258239,228.2
tools,memtoolagent,eog,email,5,5,2,task_20251212_072144_983_8ce75c22_1b848fdd,0.8,0,316158,232.9
tools,memtoolagent,eog,email,5,5,2,task_20260107_131200_705_1628b966_84e87e0f,0.5,0,180483,135.1
tools,memtoolagent,eog,email,5,5,2,task_20260107_141130_029_1628b966_8e264839,0.5,0,274978,268.5
tools,memtoolagent,eog,email,5,5,2,task_20260108_031733_760_e5bf1251_9e81ad1b,1.0,1,395476,298.3
tools,memtoolagent,eog,email,5,5,2,task_20260109_080715_585_911d75d7_ded91685,1.0,1,131429,124.3
tools,memtoolagent,eog,email,5,5,2,task_20260109_160851_122_911d75d7_3ece8e5e,0.0,0,99514,88.2
tools,memtoolagent,eog,email,5,5,3,task_20251125_154624_258_701c5774_59c41eed,0.0,0,142549,137.9
tools,memtoolagent,eog,email,5,5,3,task_20251125_202309_857_e7cfb93b_9c156259,1.0,1,198986,184.2
tools,memtoolagent,eog,email,5,5,3,task_20251128_154607_365_1628b966_a730b5cf,1.0,1,65639,20.2
tools,memtoolagent,eog,email,5,5,3,task_20251204_120643_371_8ce75c22_f09e1799,0.8,0,177858,163.9
tools,memtoolagent,eog,email,5,5,3,task_20251204_153830_645_1628b966_3df25b52,1.0,1,188496,131.7
tools,memtoolagent,eog,email,5,5,3,task_20251211_054846_540_e5bf1251_265c5883,0.666667,0,276426,164.4
tools,memtoolagent,eog,email,5,5,3,task_20251211_100706_985_701c5774_8d658f71,0.5,0,351896,395.8
tools,memtoolagent,eog,email,5,5,3,task_20251212_072144_983_8ce75c22_1b848fdd,0.8,0,314302,212.5
tools,memtoolagent,eog,email,5,5,3,task_20260107_131200_705_1628b966_84e87e0f,0.5,0,157112,122.6
tools,memtoolagent,eog,email,5,5,3,task_20260107_141130_029_1628b966_8e264839,0.5,0,304885,232.7
tools,memtoolagent,eog,email,5,5,3,task_20260108_031733_760_e5bf1251_9e81ad1b,1.0,1,324445,199.2
tools,memtoolagent,eog,email,5,5,3,task_20260109_080715_585_911d75d7_ded91685,1.0,1,159587,155.6
tools,memtoolagent,eog,email,5,5,3,task_20260109_160851_122_911d75d7_3ece8e5e,0.0,0,101189,99.2
tools,memtoolagent,eog,email,6,1,1,task_20260106_060646_574_1628b966_0fc7207a,1.0,1,199506,66.3
tools,memtoolagent,eog,email,6,1,1,task_20260106_140034_876_e7cfb93b_fc943e0e,0.6,0,210186,181.7
tools,memtoolagent,eog,email,6,1,2,task_20260106_060646_574_1628b966_0fc7207a,1.0,1,202756,98.7
tools,memtoolagent,eog,email,6,1,2,task_20260106_140034_876_e7cfb93b_fc943e0e,1.0,1,407154,364.1
tools,memtoolagent,eog,email,6,1,3,task_20260106_060646_574_1628b966_0fc7207a,1.0,1,198569,58.1
tools,memtoolagent,eog,email,6,1,3,task_20260106_140034_876_e7cfb93b_fc943e0e,0.6,0,179267,171.7
tools,memtoolagent,eog,email,6,2,1,task_20251203_093009_456_701c5774_24b57fbd,0.5,0,235995,221.3
tools,memtoolagent,eog,email,6,2,1,task_20251203_180743_144_e7cfb93b_56dbcb89,0.857143,0,403221,293.9
tools,memtoolagent,eog,email,6,2,1,task_20260105_182555_369_e7cfb93b_c2cc205b,1.0,1,258884,256.8
tools,memtoolagent,eog,email,6,2,1,task_20260105_214127_504_e7cfb93b_e6640be3,1.0,1,528266,400.5
tools,memtoolagent,eog,email,6,2,1,task_20260106_213903_609_e7cfb93b_5e95c001,1.0,1,330788,218.8
tools,memtoolagent,eog,email,6,2,1,task_20260108_050214_962_e5bf1251_0cabbd3d,0.666667,0,150235,117.1
tools,memtoolagent,eog,email,6,2,2,task_20251203_093009_456_701c5774_24b57fbd,0.5,0,266405,218.3
tools,memtoolagent,eog,email,6,2,2,task_20251203_180743_144_e7cfb93b_56dbcb89,0.857143,0,307890,196.0
tools,memtoolagent,eog,email,6,2,2,task_20260105_182555_369_e7cfb93b_c2cc205b,1.0,1,236381,232.2
tools,memtoolagent,eog,email,6,2,2,task_20260105_214127_504_e7cfb93b_e6640be3,1.0,1,502369,435.7
tools,memtoolagent,eog,email,6,2,2,task_20260106_213903_609_e7cfb93b_5e95c001,1.0,1,463934,231.4
tools,memtoolagent,eog,email,6,2,2,task_20260108_050214_962_e5bf1251_0cabbd3d,0.666667,0,149730,98.5
tools,memtoolagent,eog,email,6,2,3,task_20251203_093009_456_701c5774_24b57fbd,0.5,0,229501,139.8
tools,memtoolagent,eog,email,6,2,3,task_20251203_180743_144_e7cfb93b_56dbcb89,0.857143,0,277216,221.5
tools,memtoolagent,eog,email,6,2,3,task_20260105_182555_369_e7cfb93b_c2cc205b,0.833333,0,417246,378.2
tools,memtoolagent,eog,email,6,2,3,task_20260105_214127_504_e7cfb93b_e6640be3,1.0,1,501155,427.3
tools,memtoolagent,eog,email,6,2,3,task_20260106_213903_609_e7cfb93b_5e95c001,1.0,1,553035,276.6
tools,memtoolagent,eog,email,6,2,3,task_20260108_050214_962_e5bf1251_0cabbd3d,0.666667,0,150765,105.3
tools,memtoolagent,eog,email,6,3,1,task_20251204_101148_724_701c5774_7cb6254a,0.333333,0,730114,395.4
tools,memtoolagent,eog,email,6,3,1,task_20251204_142444_575_e5bf1251_65039f7d,1.0,1,138090,72.9
tools,memtoolagent,eog,email,6,3,1,task_20260105_233603_790_e7cfb93b_cc802e4b,1.0,1,273680,309.7
tools,memtoolagent,eog,email,6,3,1,task_20260106_071510_179_911d75d7_0ae789ae,0.0,0,277483,224.4
tools,memtoolagent,eog,email,6,3,1,task_20260107_125943_886_1628b966_f951b083,0.5,0,158312,119.1
tools,memtoolagent,eog,email,6,3,1,task_20260107_142454_824_1628b966_4a482da4,1.0,1,128395,80.6
tools,memtoolagent,eog,email,6,3,1,task_20260108_101001_581_701c5774_3ac4e4fb,0.5,0,406027,409.0
tools,memtoolagent,eog,email,6,3,2,task_20251204_101148_724_701c5774_7cb6254a,1.0,1,478638,322.3
tools,memtoolagent,eog,email,6,3,2,task_20251204_142444_575_e5bf1251_65039f7d,1.0,1,166348,71.0
tools,memtoolagent,eog,email,6,3,2,task_20260105_233603_790_e7cfb93b_cc802e4b,1.0,1,392897,240.8
tools,memtoolagent,eog,email,6,3,2,task_20260106_071510_179_911d75d7_0ae789ae,0.0,0,213236,151.3
tools,memtoolagent,eog,email,6,3,2,task_20260107_125943_886_1628b966_f951b083,0.5,0,156181,91.1
tools,memtoolagent,eog,email,6,3,2,task_20260107_142454_824_1628b966_4a482da4,1.0,1,254886,138.0
tools,memtoolagent,eog,email,6,3,2,task_20260108_101001_581_701c5774_3ac4e4fb,0.5,0,352948,256.4
tools,memtoolagent,eog,email,6,3,3,task_20251204_101148_724_701c5774_7cb6254a,0.333333,0,744275,529.7
tools,memtoolagent,eog,email,6,3,3,task_20251204_142444_575_e5bf1251_65039f7d,1.0,1,221292,76.3
tools,memtoolagent,eog,email,6,3,3,task_20260105_233603_790_e7cfb93b_cc802e4b,1.0,1,333456,227.4
tools,memtoolagent,eog,email,6,3,3,task_20260106_071510_179_911d75d7_0ae789ae,0.0,0,247371,224.7
tools,memtoolagent,eog,email,6,3,3,task_20260107_125943_886_1628b966_f951b083,0.5,0,189462,130.3
tools,memtoolagent,eog,email,6,3,3,task_20260107_142454_824_1628b966_4a482da4,1.0,1,189334,114.8
tools,memtoolagent,eog,email,6,3,3,task_20260108_101001_581_701c5774_3ac4e4fb,0.5,0,452770,330.2
tools,memtoolagent,eog,email,6,4,1,task_20251125_150631_436_e5bf1251_77dd7cbb,1.0,1,173389,109.1
tools,memtoolagent,eog,email,6,4,1,task_20251127_150451_336_701c5774_c2e9609a,0.666667,0,140481,80.3
tools,memtoolagent,eog,email,6,4,1,task_20251203_113003_327_701c5774_2e2c97d2,1.0,1,165388,53.8
tools,memtoolagent,eog,email,6,4,1,task_20251203_120537_904_701c5774_849b4b7c,0.666667,0,165232,52.6
tools,memtoolagent,eog,email,6,4,1,task_20251204_083406_171_e7cfb93b_89e0d558,0.7,0,549148,523.5
tools,memtoolagent,eog,email,6,4,1,task_20251204_145059_811_e5bf1251_3b195ec1,1.0,1,84115,51.9
tools,memtoolagent,eog,email,6,4,1,task_20251209_094942_478_701c5774_dc4a4b13,0.333333,0,251190,243.7
tools,memtoolagent,eog,email,6,4,1,task_20251212_162948_602_8ce75c22_8b25a027,0.833333,0,379841,205.8
tools,memtoolagent,eog,email,6,4,1,task_20260106_050111_551_701c5774_419d6733,0.333333,0,241369,213.9
tools,memtoolagent,eog,email,6,4,1,task_20260107_160335_693_911d75d7_d116d7cf,0.5,0,211345,142.7
tools,memtoolagent,eog,email,6,4,1,task_20260107_191539_515_911d75d7_3ea7750e,1.0,1,210226,133.7
tools,memtoolagent,eog,email,6,4,1,task_20260107_214637_627_911d75d7_eb9d8622,0.0,0,90294,78.1
tools,memtoolagent,eog,email,6,4,2,task_20251125_150631_436_e5bf1251_77dd7cbb,0.5,0,115800,105.1
tools,memtoolagent,eog,email,6,4,2,task_20251127_150451_336_701c5774_c2e9609a,0.666667,0,170050,124.4
tools,memtoolagent,eog,email,6,4,2,task_20251203_113003_327_701c5774_2e2c97d2,0.666667,0,166517,74.2
tools,memtoolagent,eog,email,6,4,2,task_20251203_120537_904_701c5774_849b4b7c,0.666667,0,164901,59.1
tools,memtoolagent,eog,email,6,4,2,task_20251204_083406_171_e7cfb93b_89e0d558,0.5,0,448524,439.7
tools,memtoolagent,eog,email,6,4,2,task_20251204_145059_811_e5bf1251_3b195ec1,1.0,1,138618,53.6
tools,memtoolagent,eog,email,6,4,2,task_20251209_094942_478_701c5774_dc4a4b13,0.333333,0,246884,192.5
tools,memtoolagent,eog,email,6,4,2,task_20251212_162948_602_8ce75c22_8b25a027,0.833333,0,326601,210.3
tools,memtoolagent,eog,email,6,4,2,task_20260106_050111_551_701c5774_419d6733,0.333333,0,268398,227.9
tools,memtoolagent,eog,email,6,4,2,task_20260107_160335_693_911d75d7_d116d7cf,0.5,0,242542,165.1
tools,memtoolagent,eog,email,6,4,2,task_20260107_191539_515_911d75d7_3ea7750e,1.0,1,209175,113.3
tools,memtoolagent,eog,email,6,4,2,task_20260107_214637_627_911d75d7_eb9d8622,0.0,0,90025,61.2
tools,memtoolagent,eog,email,6,4,3,task_20251125_150631_436_e5bf1251_77dd7cbb,0.5,0,141195,77.1
tools,memtoolagent,eog,email,6,4,3,task_20251127_150451_336_701c5774_c2e9609a,0.666667,0,140755,87.2
tools,memtoolagent,eog,email,6,4,3,task_20251203_113003_327_701c5774_2e2c97d2,1.0,1,165819,61.1
tools,memtoolagent,eog,email,6,4,3,task_20251203_120537_904_701c5774_849b4b7c,0.666667,0,164184,48.0
tools,memtoolagent,eog,email,6,4,3,task_20251204_083406_171_e7cfb93b_89e0d558,0.7,0,629654,484.5
tools,memtoolagent,eog,email,6,4,3,task_20251204_145059_811_e5bf1251_3b195ec1,1.0,1,138400,48.8
tools,memtoolagent,eog,email,6,4,3,task_20251209_094942_478_701c5774_dc4a4b13,0.333333,0,275166,179.8
tools,memtoolagent,eog,email,6,4,3,task_20251212_162948_602_8ce75c22_8b25a027,0.833333,0,383084,181.6
tools,memtoolagent,eog,email,6,4,3,task_20260106_050111_551_701c5774_419d6733,0.333333,0,306675,357.4
tools,memtoolagent,eog,email,6,4,3,task_20260107_160335_693_911d75d7_d116d7cf,0.5,0,180745,107.8
tools,memtoolagent,eog,email,6,4,3,task_20260107_191539_515_911d75d7_3ea7750e,0.5,0,212394,138.4
tools,memtoolagent,eog,email,6,4,3,task_20260107_214637_627_911d75d7_eb9d8622,0.0,0,91472,77.6
tools,memtoolagent,eog,email,6,5,1,task_20251125_154624_258_701c5774_59c41eed,0.666667,0,308937,349.8
tools,memtoolagent,eog,email,6,5,1,task_20251125_202309_857_e7cfb93b_9c156259,1.0,1,270653,243.6
tools,memtoolagent,eog,email,6,5,1,task_20251128_154607_365_1628b966_a730b5cf,1.0,1,190776,68.2
tools,memtoolagent,eog,email,6,5,1,task_20251204_120643_371_8ce75c22_f09e1799,1.0,1,307188,235.6
tools,memtoolagent,eog,email,6,5,1,task_20251204_153830_645_1628b966_3df25b52,1.0,1,200091,113.9
tools,memtoolagent,eog,email,6,5,1,task_20251211_054846_540_e5bf1251_265c5883,1.0,1,280991,142.9
tools,memtoolagent,eog,email,6,5,1,task_20251211_100706_985_701c5774_8d658f71,0.5,0,383077,343.3
tools,memtoolagent,eog,email,6,5,1,task_20251212_072144_983_8ce75c22_1b848fdd,0.8,0,369058,168.2
tools,memtoolagent,eog,email,6,5,1,task_20260107_131200_705_1628b966_84e87e0f,0.5,0,217112,142.1
tools,memtoolagent,eog,email,6,5,1,task_20260107_141130_029_1628b966_8e264839,0.5,0,288483,167.9
tools,memtoolagent,eog,email,6,5,1,task_20260108_031733_760_e5bf1251_9e81ad1b,1.0,1,484519,291.5
tools,memtoolagent,eog,email,6,5,1,task_20260109_080715_585_911d75d7_ded91685,1.0,1,154766,146.9
tools,memtoolagent,eog,email,6,5,1,task_20260109_160851_122_911d75d7_3ece8e5e,0.0,0,93073,120.0
tools,memtoolagent,eog,email,6,5,2,task_20251125_154624_258_701c5774_59c41eed,1.0,1,305960,313.5
tools,memtoolagent,eog,email,6,5,2,task_20251125_202309_857_e7cfb93b_9c156259,1.0,1,327708,234.4
tools,memtoolagent,eog,email,6,5,2,task_20251128_154607_365_1628b966_a730b5cf,1.0,1,135357,42.5
tools,memtoolagent,eog,email,6,5,2,task_20251204_120643_371_8ce75c22_f09e1799,0.8,0,278310,229.9
tools,memtoolagent,eog,email,6,5,2,task_20251204_153830_645_1628b966_3df25b52,1.0,1,316119,124.3
tools,memtoolagent,eog,email,6,5,2,task_20251211_054846_540_e5bf1251_265c5883,1.0,1,399147,214.4
tools,memtoolagent,eog,email,6,5,2,task_20251211_100706_985_701c5774_8d658f71,0.5,0,410970,393.1
tools,memtoolagent,eog,email,6,5,2,task_20251212_072144_983_8ce75c22_1b848fdd,0.6,0,407665,284.8
tools,memtoolagent,eog,email,6,5,2,task_20260107_131200_705_1628b966_84e87e0f,0.5,0,215205,126.9
tools,memtoolagent,eog,email,6,5,2,task_20260107_141130_029_1628b966_8e264839,0.5,0,361299,274.5
tools,memtoolagent,eog,email,6,5,2,task_20260108_031733_760_e5bf1251_9e81ad1b,1.0,1,335924,285.3
tools,memtoolagent,eog,email,6,5,2,task_20260109_080715_585_911d75d7_ded91685,1.0,1,162591,153.7
tools,memtoolagent,eog,email,6,5,2,task_20260109_160851_122_911d75d7_3ece8e5e,0.0,0,151479,125.7
tools,memtoolagent,eog,email,6,5,3,task_20251125_154624_258_701c5774_59c41eed,0.0,0,154345,230.8
tools,memtoolagent,eog,email,6,5,3,task_20251125_202309_857_e7cfb93b_9c156259,1.0,1,271780,246.6
tools,memtoolagent,eog,email,6,5,3,task_20251128_154607_365_1628b966_a730b5cf,1.0,1,81415,20.5
tools,memtoolagent,eog,email,6,5,3,task_20251204_120643_371_8ce75c22_f09e1799,1.0,1,216232,214.0
tools,memtoolagent,eog,email,6,5,3,task_20251204_153830_645_1628b966_3df25b52,1.0,1,260557,166.2
tools,memtoolagent,eog,email,6,5,3,task_20251211_054846_540_e5bf1251_265c5883,1.0,1,338800,232.2
tools,memtoolagent,eog,email,6,5,3,task_20251211_100706_985_701c5774_8d658f71,0.5,0,444894,388.2
tools,memtoolagent,eog,email,6,5,3,task_20251212_072144_983_8ce75c22_1b848fdd,0.8,0,368521,221.2
tools,memtoolagent,eog,email,6,5,3,task_20260107_131200_705_1628b966_84e87e0f,0.5,0,158553,111.8
tools,memtoolagent,eog,email,6,5,3,task_20260107_141130_029_1628b966_8e264839,0.5,0,328406,230.9
tools,memtoolagent,eog,email,6,5,3,task_20260108_031733_760_e5bf1251_9e81ad1b,1.0,1,337114,276.3
tools,memtoolagent,eog,email,6,5,3,task_20260109_080715_585_911d75d7_ded91685,1.0,1,153761,126.8
tools,memtoolagent,eog,email,6,5,3,task_20260109_160851_122_911d75d7_3ece8e5e,0.0,0,151136,112.4
tools,memtoolagent,eog,email,6,6,1,task_20251203_104951_949_701c5774_5a606512,1.0,1,242647,312.1
tools,memtoolagent,eog,email,6,6,1,task_20251204_144745_585_e5bf1251_4e4c189d,1.0,1,141253,75.2
tools,memtoolagent,eog,email,6,6,1,task_20251211_194841_657_8ce75c22_43c6bc2f,1.0,1,355771,185.1
tools,memtoolagent,eog,email,6,6,1,task_20260106_052248_226_1628b966_d8c22aed,1.0,1,356486,200.5
tools,memtoolagent,eog,email,6,6,1,task_20260108_143038_654_e5bf1251_b9e616b8,0.5,0,119761,85.3
tools,memtoolagent,eog,email,6,6,1,task_20260109_170111_125_8ce75c22_1c7034c5,1.0,1,261741,137.7
tools,memtoolagent,eog,email,6,6,2,task_20251203_104951_949_701c5774_5a606512,1.0,1,240820,360.7
tools,memtoolagent,eog,email,6,6,2,task_20251204_144745_585_e5bf1251_4e4c189d,1.0,1,141637,82.9
tools,memtoolagent,eog,email,6,6,2,task_20251211_194841_657_8ce75c22_43c6bc2f,1.0,1,415549,223.5
tools,memtoolagent,eog,email,6,6,2,task_20260106_052248_226_1628b966_d8c22aed,1.0,1,385994,300.9
tools,memtoolagent,eog,email,6,6,2,task_20260108_143038_654_e5bf1251_b9e616b8,0.5,0,120109,91.1
tools,memtoolagent,eog,email,6,6,2,task_20260109_170111_125_8ce75c22_1c7034c5,1.0,1,293732,212.5
tools,memtoolagent,eog,email,6,6,3,task_20251203_104951_949_701c5774_5a606512,1.0,1,212908,335.5
tools,memtoolagent,eog,email,6,6,3,task_20251204_144745_585_e5bf1251_4e4c189d,1.0,1,85534,74.7
tools,memtoolagent,eog,email,6,6,3,task_20251211_194841_657_8ce75c22_43c6bc2f,1.0,1,422925,319.6
tools,memtoolagent,eog,email,6,6,3,task_20260106_052248_226_1628b966_d8c22aed,0.666667,0,265855,239.2
tools,memtoolagent,eog,email,6,6,3,task_20260108_143038_654_e5bf1251_b9e616b8,1.0,1,150687,80.9
tools,memtoolagent,eog,email,6,6,3,task_20260109_170111_125_8ce75c22_1c7034c5,1.0,1,292124,188.6
tools,memtoolagent,eog,hr,1,1,1,task_20251223_184833_888_a8eea1c0_87c53cb9,0.714286,0,136062,186.5
tools,memtoolagent,eog,hr,1,1,1,task_20251223_194142_190_46ca2862_d9cae434,0.5,0,95480,188.5
tools,memtoolagent,eog,hr,1,1,1,task_20251223_194912_450_46ca2862_0084047c,0.5,0,107534,215.9
tools,memtoolagent,eog,hr,1,1,1,task_20251224_094258_495_c4ad7a70_42fbe372,1.0,1,113193,222.7
tools,memtoolagent,eog,hr,1,1,1,task_20251224_133749_739_c4ad7a70_9df76270,0.5,0,94952,130.7
tools,memtoolagent,eog,hr,1,1,1,task_20251226_094920_495_99ba2325_627386b2,1.0,1,80513,170.0
tools,memtoolagent,eog,hr,1,1,1,task_20260112_141226_936_7aad91c1_61df8f2b,1.0,1,152682,305.7
tools,memtoolagent,eog,hr,1,1,1,task_20260116_104653_444_99ba2325_320d5ca4,1.0,1,97356,231.5
tools,memtoolagent,eog,hr,1,1,1,task_20260116_112336_208_c5cac200_da33db0a,1.0,1,103708,167.2
tools,memtoolagent,eog,hr,1,1,1,task_20260116_160908_725_46ca2862_923e672e,0.0,0,25330,82.4
tools,memtoolagent,eog,hr,1,1,2,task_20251223_184833_888_a8eea1c0_87c53cb9,1.0,1,112731,175.6
tools,memtoolagent,eog,hr,1,1,2,task_20251223_194142_190_46ca2862_d9cae434,0.5,0,96531,233.7
tools,memtoolagent,eog,hr,1,1,2,task_20251223_194912_450_46ca2862_0084047c,0.5,0,101783,186.4
tools,memtoolagent,eog,hr,1,1,2,task_20251224_094258_495_c4ad7a70_42fbe372,1.0,1,111191,170.0
tools,memtoolagent,eog,hr,1,1,2,task_20251224_133749_739_c4ad7a70_9df76270,0.5,0,110874,190.2
tools,memtoolagent,eog,hr,1,1,2,task_20251226_094920_495_99ba2325_627386b2,1.0,1,114453,226.6
tools,memtoolagent,eog,hr,1,1,2,task_20260112_141226_936_7aad91c1_61df8f2b,1.0,1,92900,161.5
tools,memtoolagent,eog,hr,1,1,2,task_20260116_104653_444_99ba2325_320d5ca4,1.0,1,67927,184.3
tools,memtoolagent,eog,hr,1,1,2,task_20260116_112336_208_c5cac200_da33db0a,1.0,1,140994,233.9
tools,memtoolagent,eog,hr,1,1,2,task_20260116_160908_725_46ca2862_923e672e,0.0,0,70563,242.5
tools,memtoolagent,eog,hr,1,1,3,task_20251223_184833_888_a8eea1c0_87c53cb9,0.714286,0,110305,117.7
tools,memtoolagent,eog,hr,1,1,3,task_20251223_194142_190_46ca2862_d9cae434,0.5,0,109561,238.4
tools,memtoolagent,eog,hr,1,1,3,task_20251223_194912_450_46ca2862_0084047c,0.5,0,121802,258.7
tools,memtoolagent,eog,hr,1,1,3,task_20251224_094258_495_c4ad7a70_42fbe372,0.5,0,81412,88.9
tools,memtoolagent,eog,hr,1,1,3,task_20251224_133749_739_c4ad7a70_9df76270,0.5,0,83412,139.3
tools,memtoolagent,eog,hr,1,1,3,task_20251226_094920_495_99ba2325_627386b2,1.0,1,120307,319.7
tools,memtoolagent,eog,hr,1,1,3,task_20260112_141226_936_7aad91c1_61df8f2b,1.0,1,89586,134.7
tools,memtoolagent,eog,hr,1,1,3,task_20260116_104653_444_99ba2325_320d5ca4,1.0,1,82451,191.4
tools,memtoolagent,eog,hr,1,1,3,task_20260116_112336_208_c5cac200_da33db0a,1.0,1,102916,214.9
tools,memtoolagent,eog,hr,1,1,3,task_20260116_160908_725_46ca2862_923e672e,0.0,0,40918,138.6
tools,memtoolagent,eog,hr,2,1,1,task_20251223_184833_888_a8eea1c0_87c53cb9,0.714286,0,183636,86.8
tools,memtoolagent,eog,hr,2,1,1,task_20251223_194142_190_46ca2862_d9cae434,0.5,0,123010,149.8
tools,memtoolagent,eog,hr,2,1,1,task_20251223_194912_450_46ca2862_0084047c,0.5,0,160081,167.4
tools,memtoolagent,eog,hr,2,1,1,task_20251224_094258_495_c4ad7a70_42fbe372,0.5,0,145302,160.8
tools,memtoolagent,eog,hr,2,1,1,task_20251224_133749_739_c4ad7a70_9df76270,1.0,1,162627,122.1
tools,memtoolagent,eog,hr,2,1,1,task_20251226_094920_495_99ba2325_627386b2,1.0,1,131760,158.4
tools,memtoolagent,eog,hr,2,1,1,task_20260112_141226_936_7aad91c1_61df8f2b,1.0,1,157903,229.1
tools,memtoolagent,eog,hr,2,1,1,task_20260116_104653_444_99ba2325_320d5ca4,1.0,1,157675,174.8
tools,memtoolagent,eog,hr,2,1,1,task_20260116_112336_208_c5cac200_da33db0a,0.833333,0,110066,153.7
tools,memtoolagent,eog,hr,2,1,1,task_20260116_160908_725_46ca2862_923e672e,0.0,0,112573,220.6
tools,memtoolagent,eog,hr,2,1,2,task_20251223_184833_888_a8eea1c0_87c53cb9,0.714286,0,174868,110.2
tools,memtoolagent,eog,hr,2,1,2,task_20251223_194142_190_46ca2862_d9cae434,1.0,1,184192,211.0
tools,memtoolagent,eog,hr,2,1,2,task_20251223_194912_450_46ca2862_0084047c,0.5,0,182560,196.4
tools,memtoolagent,eog,hr,2,1,2,task_20251224_094258_495_c4ad7a70_42fbe372,0.75,0,127564,153.8
tools,memtoolagent,eog,hr,2,1,2,task_20251224_133749_739_c4ad7a70_9df76270,1.0,1,163349,130.0
tools,memtoolagent,eog,hr,2,1,2,task_20251226_094920_495_99ba2325_627386b2,1.0,1,166963,156.4
tools,memtoolagent,eog,hr,2,1,2,task_20260112_141226_936_7aad91c1_61df8f2b,1.0,1,139193,185.9
tools,memtoolagent,eog,hr,2,1,2,task_20260116_104653_444_99ba2325_320d5ca4,1.0,1,170606,245.9
tools,memtoolagent,eog,hr,2,1,2,task_20260116_112336_208_c5cac200_da33db0a,1.0,1,187250,156.2
tools,memtoolagent,eog,hr,2,1,2,task_20260116_160908_725_46ca2862_923e672e,0.0,0,55026,103.8
tools,memtoolagent,eog,hr,2,1,3,task_20251223_184833_888_a8eea1c0_87c53cb9,0.428571,0,108327,118.5
tools,memtoolagent,eog,hr,2,1,3,task_20251223_194142_190_46ca2862_d9cae434,1.0,1,160606,209.5
tools,memtoolagent,eog,hr,2,1,3,task_20251223_194912_450_46ca2862_0084047c,1.0,1,146387,186.8
tools,memtoolagent,eog,hr,2,1,3,task_20251224_094258_495_c4ad7a70_42fbe372,0.5,0,127267,165.0
tools,memtoolagent,eog,hr,2,1,3,task_20251224_133749_739_c4ad7a70_9df76270,0.5,0,144479,136.2
tools,memtoolagent,eog,hr,2,1,3,task_20251226_094920_495_99ba2325_627386b2,0.75,0,115175,173.9
tools,memtoolagent,eog,hr,2,1,3,task_20260112_141226_936_7aad91c1_61df8f2b,1.0,1,151594,138.3
tools,memtoolagent,eog,hr,2,1,3,task_20260116_104653_444_99ba2325_320d5ca4,1.0,1,170326,213.2
tools,memtoolagent,eog,hr,2,1,3,task_20260116_112336_208_c5cac200_da33db0a,1.0,1,165719,154.4
tools,memtoolagent,eog,hr,2,1,3,task_20260116_160908_725_46ca2862_923e672e,0.0,0,55882,122.6
tools,memtoolagent,eog,hr,2,2,1,task_20251217_211723_514_87437950_3bbbb519,0.25,0,122177,143.8
tools,memtoolagent,eog,hr,2,2,1,task_20251219_205632_335_cd46e60f_4db23138,0.125,0,153863,241.8
tools,memtoolagent,eog,hr,2,2,1,task_20251224_030218_157_00364ece_79650819,0.5,0,104666,122.0
tools,memtoolagent,eog,hr,2,2,1,task_20251224_195437_497_e6427839_6357fed2,0.0,0,88441,80.6
tools,memtoolagent,eog,hr,2,2,1,task_20251226_090527_363_b25153b4_6caf1a47,0.6,0,132368,190.2
tools,memtoolagent,eog,hr,2,2,1,task_20251226_135729_497_c4ad7a70_788f5baf,0.333333,0,118958,85.1
tools,memtoolagent,eog,hr,2,2,1,task_20251226_153702_699_ad5a67e3_43cd2d47,1.0,1,71423,102.3
tools,memtoolagent,eog,hr,2,2,1,task_20260114_170216_532_accab84d_9dc7ddd5,1.0,1,140380,123.9
tools,memtoolagent,eog,hr,2,2,1,task_20260114_180423_838_00364ece_9f2ad35c,1.0,1,227724,304.7
tools,memtoolagent,eog,hr,2,2,1,task_20260115_124602_090_accab84d_91ac1840,0.666667,0,222872,218.3
tools,memtoolagent,eog,hr,2,2,1,task_20260115_151312_690_57529556_9fca8861,0.875,0,291967,279.2
tools,memtoolagent,eog,hr,2,2,1,task_20260116_055513_891_99ba2325_849991b8,0.166667,0,17826,23.8
tools,memtoolagent,eog,hr,2,2,1,task_20260116_170758_750_d4a463c3_3885de59,0.666667,0,250732,256.9
tools,memtoolagent,eog,hr,2,2,2,task_20251217_211723_514_87437950_3bbbb519,0.25,0,161597,190.2
tools,memtoolagent,eog,hr,2,2,2,task_20251219_205632_335_cd46e60f_4db23138,0.25,0,209779,269.4
tools,memtoolagent,eog,hr,2,2,2,task_20251224_030218_157_00364ece_79650819,0.5,0,89409,105.2
tools,memtoolagent,eog,hr,2,2,2,task_20251224_195437_497_e6427839_6357fed2,0.0,0,89123,64.6
tools,memtoolagent,eog,hr,2,2,2,task_20251226_090527_363_b25153b4_6caf1a47,0.6,0,115132,184.7
tools,memtoolagent,eog,hr,2,2,2,task_20251226_135729_497_c4ad7a70_788f5baf,0.666667,0,85509,71.5
tools,memtoolagent,eog,hr,2,2,2,task_20251226_153702_699_ad5a67e3_43cd2d47,1.0,1,72043,65.8
tools,memtoolagent,eog,hr,2,2,2,task_20260114_170216_532_accab84d_9dc7ddd5,1.0,1,140403,108.9
tools,memtoolagent,eog,hr,2,2,2,task_20260114_180423_838_00364ece_9f2ad35c,1.0,1,215548,396.6
tools,memtoolagent,eog,hr,2,2,2,task_20260115_124602_090_accab84d_91ac1840,0.666667,0,231614,216.2
tools,memtoolagent,eog,hr,2,2,2,task_20260115_151312_690_57529556_9fca8861,0.875,0,273992,320.1
tools,memtoolagent,eog,hr,2,2,2,task_20260116_055513_891_99ba2325_849991b8,0.166667,0,18186,29.9
tools,memtoolagent,eog,hr,2,2,2,task_20260116_170758_750_d4a463c3_3885de59,0.666667,0,278379,407.0
tools,memtoolagent,eog,hr,2,2,3,task_20251217_211723_514_87437950_3bbbb519,0.25,0,122657,110.5
tools,memtoolagent,eog,hr,2,2,3,task_20251219_205632_335_cd46e60f_4db23138,0.125,0,157517,178.8
tools,memtoolagent,eog,hr,2,2,3,task_20251224_030218_157_00364ece_79650819,0.5,0,121962,87.4
tools,memtoolagent,eog,hr,2,2,3,task_20251224_195437_497_e6427839_6357fed2,0.0,0,108687,82.0
tools,memtoolagent,eog,hr,2,2,3,task_20251226_090527_363_b25153b4_6caf1a47,0.6,0,150246,167.2
tools,memtoolagent,eog,hr,2,2,3,task_20251226_135729_497_c4ad7a70_788f5baf,0.666667,0,84691,66.2
tools,memtoolagent,eog,hr,2,2,3,task_20251226_153702_699_ad5a67e3_43cd2d47,1.0,1,108018,106.4
tools,memtoolagent,eog,hr,2,2,3,task_20260114_170216_532_accab84d_9dc7ddd5,1.0,1,120803,57.6
tools,memtoolagent,eog,hr,2,2,3,task_20260114_180423_838_00364ece_9f2ad35c,1.0,1,230134,371.1
tools,memtoolagent,eog,hr,2,2,3,task_20260115_124602_090_accab84d_91ac1840,0.666667,0,252487,188.9
tools,memtoolagent,eog,hr,2,2,3,task_20260115_151312_690_57529556_9fca8861,1.0,1,260087,324.1
tools,memtoolagent,eog,hr,2,2,3,task_20260116_055513_891_99ba2325_849991b8,0.166667,0,37460,70.3
tools,memtoolagent,eog,hr,2,2,3,task_20260116_170758_750_d4a463c3_3885de59,0.666667,0,241446,352.3
tools,memtoolagent,eog,hr,3,1,1,task_20251223_184833_888_a8eea1c0_87c53cb9,0.571429,0,241154,126.9
tools,memtoolagent,eog,hr,3,1,1,task_20251223_194142_190_46ca2862_d9cae434,1.0,1,209553,128.8
tools,memtoolagent,eog,hr,3,1,1,task_20251223_194912_450_46ca2862_0084047c,1.0,1,296567,244.4
tools,memtoolagent,eog,hr,3,1,1,task_20251224_094258_495_c4ad7a70_42fbe372,0.25,0,157229,116.0
tools,memtoolagent,eog,hr,3,1,1,task_20251224_133749_739_c4ad7a70_9df76270,0.25,0,184515,129.9
tools,memtoolagent,eog,hr,3,1,1,task_20251226_094920_495_99ba2325_627386b2,1.0,1,244980,189.9
tools,memtoolagent,eog,hr,3,1,1,task_20260112_141226_936_7aad91c1_61df8f2b,1.0,1,246285,119.3
tools,memtoolagent,eog,hr,3,1,1,task_20260116_104653_444_99ba2325_320d5ca4,1.0,1,254508,230.5
tools,memtoolagent,eog,hr,3,1,1,task_20260116_112336_208_c5cac200_da33db0a,0.833333,0,221828,213.4
tools,memtoolagent,eog,hr,3,1,1,task_20260116_160908_725_46ca2862_923e672e,0.0,0,134173,142.8
tools,memtoolagent,eog,hr,3,1,2,task_20251223_184833_888_a8eea1c0_87c53cb9,0.571429,0,216214,106.0
tools,memtoolagent,eog,hr,3,1,2,task_20251223_194142_190_46ca2862_d9cae434,1.0,1,238364,162.0
tools,memtoolagent,eog,hr,3,1,2,task_20251223_194912_450_46ca2862_0084047c,0.5,0,240895,210.6
tools,memtoolagent,eog,hr,3,1,2,task_20251224_094258_495_c4ad7a70_42fbe372,0.25,0,156651,67.9
tools,memtoolagent,eog,hr,3,1,2,task_20251224_133749_739_c4ad7a70_9df76270,0.75,0,216194,131.2
tools,memtoolagent,eog,hr,3,1,2,task_20251226_094920_495_99ba2325_627386b2,1.0,1,218707,193.6
tools,memtoolagent,eog,hr,3,1,2,task_20260112_141226_936_7aad91c1_61df8f2b,1.0,1,193975,120.1
tools,memtoolagent,eog,hr,3,1,2,task_20260116_104653_444_99ba2325_320d5ca4,1.0,1,247716,226.4
tools,memtoolagent,eog,hr,3,1,2,task_20260116_112336_208_c5cac200_da33db0a,1.0,1,192470,138.0
tools,memtoolagent,eog,hr,3,1,2,task_20260116_160908_725_46ca2862_923e672e,1.0,1,298197,209.8
tools,memtoolagent,eog,hr,3,1,3,task_20251223_184833_888_a8eea1c0_87c53cb9,0.571429,0,296191,184.9
tools,memtoolagent,eog,hr,3,1,3,task_20251223_194142_190_46ca2862_d9cae434,1.0,1,234797,149.9
tools,memtoolagent,eog,hr,3,1,3,task_20251223_194912_450_46ca2862_0084047c,1.0,1,269958,234.9
tools,memtoolagent,eog,hr,3,1,3,task_20251224_094258_495_c4ad7a70_42fbe372,0.75,0,217210,161.9
tools,memtoolagent,eog,hr,3,1,3,task_20251224_133749_739_c4ad7a70_9df76270,1.0,1,243860,158.7
tools,memtoolagent,eog,hr,3,1,3,task_20251226_094920_495_99ba2325_627386b2,1.0,1,245379,216.2
tools,memtoolagent,eog,hr,3,1,3,task_20260112_141226_936_7aad91c1_61df8f2b,1.0,1,194832,124.7
tools,memtoolagent,eog,hr,3,1,3,task_20260116_104653_444_99ba2325_320d5ca4,1.0,1,247374,227.1
tools,memtoolagent,eog,hr,3,1,3,task_20260116_112336_208_c5cac200_da33db0a,0.833333,0,136289,120.3
tools,memtoolagent,eog,hr,3,1,3,task_20260116_160908_725_46ca2862_923e672e,1.0,1,214531,227.4
tools,memtoolagent,eog,hr,3,2,1,task_20251217_211723_514_87437950_3bbbb519,0.25,0,248455,179.2
tools,memtoolagent,eog,hr,3,2,1,task_20251219_205632_335_cd46e60f_4db23138,0.25,0,369657,275.5
tools,memtoolagent,eog,hr,3,2,1,task_20251224_030218_157_00364ece_79650819,0.0,0,182434,93.2
tools,memtoolagent,eog,hr,3,2,1,task_20251224_195437_497_e6427839_6357fed2,0.0,0,162234,105.6
tools,memtoolagent,eog,hr,3,2,1,task_20251226_090527_363_b25153b4_6caf1a47,0.6,0,221239,167.0
tools,memtoolagent,eog,hr,3,2,1,task_20251226_135729_497_c4ad7a70_788f5baf,0.333333,0,185288,120.4
tools,memtoolagent,eog,hr,3,2,1,task_20251226_153702_699_ad5a67e3_43cd2d47,0.333333,0,108934,100.3
tools,memtoolagent,eog,hr,3,2,1,task_20260114_170216_532_accab84d_9dc7ddd5,1.0,1,159870,57.4
tools,memtoolagent,eog,hr,3,2,1,task_20260114_180423_838_00364ece_9f2ad35c,0.75,0,259794,258.3
tools,memtoolagent,eog,hr,3,2,1,task_20260115_124602_090_accab84d_91ac1840,0.833333,0,403890,258.1
tools,memtoolagent,eog,hr,3,2,1,task_20260115_151312_690_57529556_9fca8861,0.875,0,346041,270.0
tools,memtoolagent,eog,hr,3,2,1,task_20260116_055513_891_99ba2325_849991b8,0.166667,0,112568,142.2
tools,memtoolagent,eog,hr,3,2,1,task_20260116_170758_750_d4a463c3_3885de59,0.555556,0,416195,341.7
tools,memtoolagent,eog,hr,3,2,2,task_20251217_211723_514_87437950_3bbbb519,0.25,0,212102,132.6
tools,memtoolagent,eog,hr,3,2,2,task_20251219_205632_335_cd46e60f_4db23138,0.25,0,251084,179.3
tools,memtoolagent,eog,hr,3,2,2,task_20251224_030218_157_00364ece_79650819,0.5,0,133509,87.2
tools,memtoolagent,eog,hr,3,2,2,task_20251224_195437_497_e6427839_6357fed2,0.0,0,134599,71.4
tools,memtoolagent,eog,hr,3,2,2,task_20251226_090527_363_b25153b4_6caf1a47,0.6,0,304094,231.3
tools,memtoolagent,eog,hr,3,2,2,task_20251226_135729_497_c4ad7a70_788f5baf,0.333333,0,207691,78.5
tools,memtoolagent,eog,hr,3,2,2,task_20251226_153702_699_ad5a67e3_43cd2d47,0.0,0,54889,66.5
tools,memtoolagent,eog,hr,3,2,2,task_20260114_170216_532_accab84d_9dc7ddd5,1.0,1,186356,78.6
tools,memtoolagent,eog,hr,3,2,2,task_20260114_180423_838_00364ece_9f2ad35c,1.0,1,207412,239.2
tools,memtoolagent,eog,hr,3,2,2,task_20260115_124602_090_accab84d_91ac1840,0.833333,0,490166,269.9
tools,memtoolagent,eog,hr,3,2,2,task_20260115_151312_690_57529556_9fca8861,0.875,0,403683,353.7
tools,memtoolagent,eog,hr,3,2,2,task_20260116_055513_891_99ba2325_849991b8,0.333333,0,316862,323.7
tools,memtoolagent,eog,hr,3,2,2,task_20260116_170758_750_d4a463c3_3885de59,0.555556,0,531451,347.4
tools,memtoolagent,eog,hr,3,2,3,task_20251217_211723_514_87437950_3bbbb519,0.25,0,188576,186.3
tools,memtoolagent,eog,hr,3,2,3,task_20251219_205632_335_cd46e60f_4db23138,0.25,0,251909,216.2
tools,memtoolagent,eog,hr,3,2,3,task_20251224_030218_157_00364ece_79650819,1.0,1,181273,76.2
tools,memtoolagent,eog,hr,3,2,3,task_20251224_195437_497_e6427839_6357fed2,0.0,0,135394,87.4
tools,memtoolagent,eog,hr,3,2,3,task_20251226_090527_363_b25153b4_6caf1a47,0.6,0,328482,229.1
tools,memtoolagent,eog,hr,3,2,3,task_20251226_135729_497_c4ad7a70_788f5baf,0.333333,0,236540,109.6
tools,memtoolagent,eog,hr,3,2,3,task_20251226_153702_699_ad5a67e3_43cd2d47,1.0,1,136391,104.8
tools,memtoolagent,eog,hr,3,2,3,task_20260114_170216_532_accab84d_9dc7ddd5,1.0,1,185574,85.6
tools,memtoolagent,eog,hr,3,2,3,task_20260114_180423_838_00364ece_9f2ad35c,0.75,0,232944,253.8
tools,memtoolagent,eog,hr,3,2,3,task_20260115_124602_090_accab84d_91ac1840,0.833333,0,308543,228.7
tools,memtoolagent,eog,hr,3,2,3,task_20260115_151312_690_57529556_9fca8861,0.875,0,403065,361.9
tools,memtoolagent,eog,hr,3,2,3,task_20260116_055513_891_99ba2325_849991b8,0.5,0,253930,247.7
tools,memtoolagent,eog,hr,3,2,3,task_20260116_170758_750_d4a463c3_3885de59,0.777778,0,485557,370.2
tools,memtoolagent,eog,hr,3,3,1,task_20251217_073807_153_761f6b82_cba63024,0.571429,0,416087,141.6
tools,memtoolagent,eog,hr,3,3,1,task_20251218_234518_453_d9bcd1e5_72c94403,1.0,1,245777,131.6
tools,memtoolagent,eog,hr,3,3,1,task_20251219_114935_971_a8eea1c0_188fc892,0.5,0,132099,80.1
tools,memtoolagent,eog,hr,3,3,1,task_20251219_155215_361_00364ece_c1c6ffc8,0.0,0,235569,92.7
tools,memtoolagent,eog,hr,3,3,1,task_20251225_124750_039_7e2e0039_de8a9d94,0.166667,0,26527,28.7
tools,memtoolagent,eog,hr,3,3,1,task_20251226_041218_355_d9bcd1e5_bc84c9d5,0.777778,0,220206,118.4
tools,memtoolagent,eog,hr,3,3,1,task_20251226_101143_297_99ba2325_75b99d9a,0.75,0,220336,138.7
tools,memtoolagent,eog,hr,3,3,1,task_20251226_102334_184_b25153b4_08c0849c,0.8,0,215865,76.1
tools,memtoolagent,eog,hr,3,3,1,task_20251226_104747_127_30600918_559da326,0.5,0,253947,180.9
tools,memtoolagent,eog,hr,3,3,1,task_20251226_132052_338_e6427839_727d852c,0.0,0,55446,47.0
tools,memtoolagent,eog,hr,3,3,1,task_20251226_173040_372_95fd9f79_c7e85ec1,0.833333,0,247934,190.5
tools,memtoolagent,eog,hr,3,3,1,task_20260109_172559_279_e6427839_f711406f,0.833333,0,426291,286.3
tools,memtoolagent,eog,hr,3,3,1,task_20260109_202436_533_a8eea1c0_755eabdd,0.777778,0,436187,135.4
tools,memtoolagent,eog,hr,3,3,1,task_20260113_032200_394_ad5a67e3_5e3873b8,0.875,0,360352,181.7
tools,memtoolagent,eog,hr,3,3,1,task_20260114_091008_897_accab84d_786931e4,0.75,0,221844,107.9
tools,memtoolagent,eog,hr,3,3,1,task_20260115_130330_068_00364ece_cf2e9cf1,0.857143,0,462657,299.3
tools,memtoolagent,eog,hr,3,3,1,task_20260115_130852_498_a8eea1c0_e9192d7e,1.0,1,206725,124.1
tools,memtoolagent,eog,hr,3,3,1,task_20260115_190725_477_a8eea1c0_eba3a1c5,0.833333,0,249145,206.6
tools,memtoolagent,eog,hr,3,3,1,task_20260116_084548_120_fa1836dc_679067bc,0.833333,0,312000,329.9
tools,memtoolagent,eog,hr,3,3,1,task_20260116_085958_358_a8eea1c0_6d7f242a,1.0,1,325456,198.6
tools,memtoolagent,eog,hr,3,3,1,task_20260116_105748_962_99ba2325_dcc658fa,1.0,1,198459,171.0
tools,memtoolagent,eog,hr,3,3,1,task_20260116_122712_166_d4a463c3_196fe24f,1.0,1,268526,72.9
tools,memtoolagent,eog,hr,3,3,1,task_20260116_143750_504_a8eea1c0_7d91efa1,1.0,1,241867,118.6
tools,memtoolagent,eog,hr,3,3,1,task_20260116_150213_342_a8eea1c0_6d6fe792,0.666667,0,181969,61.2
tools,memtoolagent,eog,hr,3,3,1,task_20260119_022056_842_ad5a67e3_964df197,0.833333,0,224861,121.2
tools,memtoolagent,eog,hr,3,3,2,task_20251217_073807_153_761f6b82_cba63024,0.571429,0,507462,299.3
tools,memtoolagent,eog,hr,3,3,2,task_20251218_234518_453_d9bcd1e5_72c94403,1.0,1,217887,99.9
tools,memtoolagent,eog,hr,3,3,2,task_20251219_114935_971_a8eea1c0_188fc892,0.25,0,105674,54.3
tools,memtoolagent,eog,hr,3,3,2,task_20251219_155215_361_00364ece_c1c6ffc8,0.0,0,157700,60.1
tools,memtoolagent,eog,hr,3,3,2,task_20251225_124750_039_7e2e0039_de8a9d94,1.0,1,135165,94.5
tools,memtoolagent,eog,hr,3,3,2,task_20251226_041218_355_d9bcd1e5_bc84c9d5,0.777778,0,342823,234.1
tools,memtoolagent,eog,hr,3,3,2,task_20251226_101143_297_99ba2325_75b99d9a,0.75,0,274165,160.3
tools,memtoolagent,eog,hr,3,3,2,task_20251226_102334_184_b25153b4_08c0849c,0.8,0,215707,94.5
tools,memtoolagent,eog,hr,3,3,2,task_20251226_104747_127_30600918_559da326,0.5,0,222498,124.6
tools,memtoolagent,eog,hr,3,3,2,task_20251226_132052_338_e6427839_727d852c,0.0,0,55287,56.3
tools,memtoolagent,eog,hr,3,3,2,task_20251226_173040_372_95fd9f79_c7e85ec1,1.0,1,324393,199.9
tools,memtoolagent,eog,hr,3,3,2,task_20260109_172559_279_e6427839_f711406f,0.5,0,280642,220.4
tools,memtoolagent,eog,hr,3,3,2,task_20260109_202436_533_a8eea1c0_755eabdd,0.777778,0,433963,159.7
tools,memtoolagent,eog,hr,3,3,2,task_20260113_032200_394_ad5a67e3_5e3873b8,0.875,0,352470,147.7
tools,memtoolagent,eog,hr,3,3,2,task_20260114_091008_897_accab84d_786931e4,0.75,0,282934,206.2
tools,memtoolagent,eog,hr,3,3,2,task_20260115_130330_068_00364ece_cf2e9cf1,0.571429,0,424394,227.6
tools,memtoolagent,eog,hr,3,3,2,task_20260115_130852_498_a8eea1c0_e9192d7e,1.0,1,290690,254.6
tools,memtoolagent,eog,hr,3,3,2,task_20260115_190725_477_a8eea1c0_eba3a1c5,0.833333,0,223741,183.4
tools,memtoolagent,eog,hr,3,3,2,task_20260116_084548_120_fa1836dc_679067bc,0.5,0,411990,460.2
tools,memtoolagent,eog,hr,3,3,2,task_20260116_085958_358_a8eea1c0_6d7f242a,1.0,1,306230,221.7
tools,memtoolagent,eog,hr,3,3,2,task_20260116_105748_962_99ba2325_dcc658fa,1.0,1,253596,203.0
tools,memtoolagent,eog,hr,3,3,2,task_20260116_122712_166_d4a463c3_196fe24f,0.8,0,291126,138.4
tools,memtoolagent,eog,hr,3,3,2,task_20260116_143750_504_a8eea1c0_7d91efa1,1.0,1,219038,72.9
tools,memtoolagent,eog,hr,3,3,2,task_20260116_150213_342_a8eea1c0_6d6fe792,0.666667,0,208367,77.3
tools,memtoolagent,eog,hr,3,3,2,task_20260119_022056_842_ad5a67e3_964df197,1.0,1,381050,166.1
tools,memtoolagent,eog,hr,3,3,3,task_20251217_073807_153_761f6b82_cba63024,0.571429,0,477336,381.1
tools,memtoolagent,eog,hr,3,3,3,task_20251218_234518_453_d9bcd1e5_72c94403,1.0,1,218252,171.4
tools,memtoolagent,eog,hr,3,3,3,task_20251219_114935_971_a8eea1c0_188fc892,0.5,0,132144,85.1
tools,memtoolagent,eog,hr,3,3,3,task_20251219_155215_361_00364ece_c1c6ffc8,0.0,0,185292,72.9
tools,memtoolagent,eog,hr,3,3,3,task_20251225_124750_039_7e2e0039_de8a9d94,1.0,1,135147,83.6
tools,memtoolagent,eog,hr,3,3,3,task_20251226_041218_355_d9bcd1e5_bc84c9d5,0.777778,0,276007,137.9
tools,memtoolagent,eog,hr,3,3,3,task_20251226_101143_297_99ba2325_75b99d9a,0.75,0,194529,139.8
tools,memtoolagent,eog,hr,3,3,3,task_20251226_102334_184_b25153b4_08c0849c,0.8,0,241401,88.0
tools,memtoolagent,eog,hr,3,3,3,task_20251226_104747_127_30600918_559da326,0.5,0,225345,218.6
tools,memtoolagent,eog,hr,3,3,3,task_20251226_132052_338_e6427839_727d852c,0.5,0,231989,214.6
tools,memtoolagent,eog,hr,3,3,3,task_20251226_173040_372_95fd9f79_c7e85ec1,0.833333,0,238584,309.3
tools,memtoolagent,eog,hr,3,3,3,task_20260109_172559_279_e6427839_f711406f,0.666667,0,315901,309.3
tools,memtoolagent,eog,hr,3,3,3,task_20260109_202436_533_a8eea1c0_755eabdd,0.777778,0,392603,229.9
tools,memtoolagent,eog,hr,3,3,3,task_20260113_032200_394_ad5a67e3_5e3873b8,0.875,0,250940,154.1
tools,memtoolagent,eog,hr,3,3,3,task_20260114_091008_897_accab84d_786931e4,0.75,0,254640,170.5
tools,memtoolagent,eog,hr,3,3,3,task_20260115_130330_068_00364ece_cf2e9cf1,0.571429,0,566446,351.7
tools,memtoolagent,eog,hr,3,3,3,task_20260115_130852_498_a8eea1c0_e9192d7e,0.833333,0,321707,287.4
tools,memtoolagent,eog,hr,3,3,3,task_20260115_190725_477_a8eea1c0_eba3a1c5,0.833333,0,190474,158.2
tools,memtoolagent,eog,hr,3,3,3,task_20260116_084548_120_fa1836dc_679067bc,0.5,0,257214,383.0
tools,memtoolagent,eog,hr,3,3,3,task_20260116_085958_358_a8eea1c0_6d7f242a,1.0,1,280509,220.9
tools,memtoolagent,eog,hr,3,3,3,task_20260116_105748_962_99ba2325_dcc658fa,1.0,1,197506,207.9
tools,memtoolagent,eog,hr,3,3,3,task_20260116_122712_166_d4a463c3_196fe24f,0.8,0,304112,198.7
tools,memtoolagent,eog,hr,3,3,3,task_20260116_143750_504_a8eea1c0_7d91efa1,1.0,1,210507,94.1
tools,memtoolagent,eog,hr,3,3,3,task_20260116_150213_342_a8eea1c0_6d6fe792,0.666667,0,181791,114.3
tools,memtoolagent,eog,hr,3,3,3,task_20260119_022056_842_ad5a67e3_964df197,0.833333,0,289910,284.3
tools,memtoolagent,eog,hr,4,1,1,task_20251223_184833_888_a8eea1c0_87c53cb9,0.428571,0,275350,107.7
tools,memtoolagent,eog,hr,4,1,1,task_20251223_194142_190_46ca2862_d9cae434,1.0,1,308580,137.5
tools,memtoolagent,eog,hr,4,1,1,task_20251223_194912_450_46ca2862_0084047c,1.0,1,243814,164.6
tools,memtoolagent,eog,hr,4,1,1,task_20251224_094258_495_c4ad7a70_42fbe372,0.75,0,278073,119.4
tools,memtoolagent,eog,hr,4,1,1,task_20251224_133749_739_c4ad7a70_9df76270,0.5,0,277515,134.9
tools,memtoolagent,eog,hr,4,1,1,task_20251226_094920_495_99ba2325_627386b2,1.0,1,215159,149.4
tools,memtoolagent,eog,hr,4,1,1,task_20260112_141226_936_7aad91c1_61df8f2b,1.0,1,321188,136.1
tools,memtoolagent,eog,hr,4,1,1,task_20260116_104653_444_99ba2325_320d5ca4,1.0,1,388126,169.2
tools,memtoolagent,eog,hr,4,1,1,task_20260116_112336_208_c5cac200_da33db0a,1.0,1,316245,171.4
tools,memtoolagent,eog,hr,4,1,1,task_20260116_160908_725_46ca2862_923e672e,1.0,1,280182,213.6
tools,memtoolagent,eog,hr,4,1,2,task_20251223_184833_888_a8eea1c0_87c53cb9,0.571429,0,343711,110.8
tools,memtoolagent,eog,hr,4,1,2,task_20251223_194142_190_46ca2862_d9cae434,1.0,1,309282,145.6
tools,memtoolagent,eog,hr,4,1,2,task_20251223_194912_450_46ca2862_0084047c,0.5,0,348841,208.0
tools,memtoolagent,eog,hr,4,1,2,task_20251224_094258_495_c4ad7a70_42fbe372,0.5,0,278984,132.9
tools,memtoolagent,eog,hr,4,1,2,task_20251224_133749_739_c4ad7a70_9df76270,0.5,0,313962,153.0
tools,memtoolagent,eog,hr,4,1,2,task_20251226_094920_495_99ba2325_627386b2,1.0,1,248631,141.4
tools,memtoolagent,eog,hr,4,1,2,task_20260112_141226_936_7aad91c1_61df8f2b,1.0,1,250036,111.8
tools,memtoolagent,eog,hr,4,1,2,task_20260116_104653_444_99ba2325_320d5ca4,1.0,1,394356,180.8
tools,memtoolagent,eog,hr,4,1,2,task_20260116_112336_208_c5cac200_da33db0a,1.0,1,318645,137.9
tools,memtoolagent,eog,hr,4,1,2,task_20260116_160908_725_46ca2862_923e672e,0.5,0,242440,165.7
tools,memtoolagent,eog,hr,4,1,3,task_20251223_184833_888_a8eea1c0_87c53cb9,0.428571,0,240588,96.4
tools,memtoolagent,eog,hr,4,1,3,task_20251223_194142_190_46ca2862_d9cae434,1.0,1,307105,121.4
tools,memtoolagent,eog,hr,4,1,3,task_20251223_194912_450_46ca2862_0084047c,1.0,1,496817,442.7
tools,memtoolagent,eog,hr,4,1,3,task_20251224_094258_495_c4ad7a70_42fbe372,0.25,0,204333,61.0
tools,memtoolagent,eog,hr,4,1,3,task_20251224_133749_739_c4ad7a70_9df76270,0.75,0,417783,225.4
tools,memtoolagent,eog,hr,4,1,3,task_20251226_094920_495_99ba2325_627386b2,1.0,1,213669,125.9
tools,memtoolagent,eog,hr,4,1,3,task_20260112_141226_936_7aad91c1_61df8f2b,1.0,1,251205,125.2
tools,memtoolagent,eog,hr,4,1,3,task_20260116_104653_444_99ba2325_320d5ca4,1.0,1,291362,180.9
tools,memtoolagent,eog,hr,4,1,3,task_20260116_112336_208_c5cac200_da33db0a,1.0,1,246535,120.2
tools,memtoolagent,eog,hr,4,1,3,task_20260116_160908_725_46ca2862_923e672e,1.0,1,349639,208.1
tools,memtoolagent,eog,hr,4,2,1,task_20251217_211723_514_87437950_3bbbb519,0.25,0,309961,172.2
tools,memtoolagent,eog,hr,4,2,1,task_20251219_205632_335_cd46e60f_4db23138,0.25,0,322553,240.2
tools,memtoolagent,eog,hr,4,2,1,task_20251224_030218_157_00364ece_79650819,1.0,1,173327,102.4
tools,memtoolagent,eog,hr,4,2,1,task_20251224_195437_497_e6427839_6357fed2,0.0,0,248079,116.3
tools,memtoolagent,eog,hr,4,2,1,task_20251226_090527_363_b25153b4_6caf1a47,1.0,1,387519,184.5
tools,memtoolagent,eog,hr,4,2,1,task_20251226_135729_497_c4ad7a70_788f5baf,0.333333,0,372989,82.1
tools,memtoolagent,eog,hr,4,2,1,task_20251226_153702_699_ad5a67e3_43cd2d47,0.333333,0,139202,72.0
tools,memtoolagent,eog,hr,4,2,1,task_20260114_170216_532_accab84d_9dc7ddd5,1.0,1,239916,61.0
tools,memtoolagent,eog,hr,4,2,1,task_20260114_180423_838_00364ece_9f2ad35c,1.0,1,367167,323.7
tools,memtoolagent,eog,hr,4,2,1,task_20260115_124602_090_accab84d_91ac1840,0.833333,0,357786,137.9
tools,memtoolagent,eog,hr,4,2,1,task_20260115_151312_690_57529556_9fca8861,1.0,1,475468,339.0
tools,memtoolagent,eog,hr,4,2,1,task_20260116_055513_891_99ba2325_849991b8,0.166667,0,110157,164.5
tools,memtoolagent,eog,hr,4,2,1,task_20260116_170758_750_d4a463c3_3885de59,0.777778,0,543574,300.9
tools,memtoolagent,eog,hr,4,2,2,task_20251217_211723_514_87437950_3bbbb519,0.25,0,313500,139.1
tools,memtoolagent,eog,hr,4,2,2,task_20251219_205632_335_cd46e60f_4db23138,0.25,0,291001,182.7
tools,memtoolagent,eog,hr,4,2,2,task_20251224_030218_157_00364ece_79650819,1.0,1,204995,70.2
tools,memtoolagent,eog,hr,4,2,2,task_20251224_195437_497_e6427839_6357fed2,0.0,0,246945,86.2
tools,memtoolagent,eog,hr,4,2,2,task_20251226_090527_363_b25153b4_6caf1a47,0.8,0,402394,180.2
tools,memtoolagent,eog,hr,4,2,2,task_20251226_135729_497_c4ad7a70_788f5baf,0.0,0,278814,141.7
tools,memtoolagent,eog,hr,4,2,2,task_20251226_153702_699_ad5a67e3_43cd2d47,1.0,1,141153,80.0
tools,memtoolagent,eog,hr,4,2,2,task_20260114_170216_532_accab84d_9dc7ddd5,1.0,1,274469,73.6
tools,memtoolagent,eog,hr,4,2,2,task_20260114_180423_838_00364ece_9f2ad35c,0.75,0,329542,277.7
tools,memtoolagent,eog,hr,4,2,2,task_20260115_124602_090_accab84d_91ac1840,0.166667,0,321362,152.8
tools,memtoolagent,eog,hr,4,2,2,task_20260115_151312_690_57529556_9fca8861,0.75,0,513629,302.7
tools,memtoolagent,eog,hr,4,2,2,task_20260116_055513_891_99ba2325_849991b8,0.333333,0,397674,244.0
tools,memtoolagent,eog,hr,4,2,2,task_20260116_170758_750_d4a463c3_3885de59,0.444444,0,515343,275.1
tools,memtoolagent,eog,hr,4,2,3,task_20251217_211723_514_87437950_3bbbb519,0.25,0,374874,149.4
tools,memtoolagent,eog,hr,4,2,3,task_20251219_205632_335_cd46e60f_4db23138,0.25,0,322683,219.5
tools,memtoolagent,eog,hr,4,2,3,task_20251224_030218_157_00364ece_79650819,1.0,1,208364,120.4
tools,memtoolagent,eog,hr,4,2,3,task_20251224_195437_497_e6427839_6357fed2,0.0,0,348348,110.0
tools,memtoolagent,eog,hr,4,2,3,task_20251226_090527_363_b25153b4_6caf1a47,0.6,0,352033,201.4
tools,memtoolagent,eog,hr,4,2,3,task_20251226_135729_497_c4ad7a70_788f5baf,0.666667,0,205090,81.6
tools,memtoolagent,eog,hr,4,2,3,task_20251226_153702_699_ad5a67e3_43cd2d47,0.333333,0,141684,132.2
tools,memtoolagent,eog,hr,4,2,3,task_20260114_170216_532_accab84d_9dc7ddd5,1.0,1,207915,65.9
tools,memtoolagent,eog,hr,4,2,3,task_20260114_180423_838_00364ece_9f2ad35c,1.0,1,363816,286.0
tools,memtoolagent,eog,hr,4,2,3,task_20260115_124602_090_accab84d_91ac1840,0.666667,0,501847,333.9
tools,memtoolagent,eog,hr,4,2,3,task_20260115_151312_690_57529556_9fca8861,0.875,0,512582,336.2
tools,memtoolagent,eog,hr,4,2,3,task_20260116_055513_891_99ba2325_849991b8,0.166667,0,71782,84.8
tools,memtoolagent,eog,hr,4,2,3,task_20260116_170758_750_d4a463c3_3885de59,0.444444,0,510998,245.8
tools,memtoolagent,eog,hr,4,3,1,task_20251217_073807_153_761f6b82_cba63024,0.714286,0,465361,228.0
tools,memtoolagent,eog,hr,4,3,1,task_20251218_234518_453_d9bcd1e5_72c94403,1.0,1,350978,150.5
tools,memtoolagent,eog,hr,4,3,1,task_20251219_114935_971_a8eea1c0_188fc892,1.0,1,271007,90.1
tools,memtoolagent,eog,hr,4,3,1,task_20251219_155215_361_00364ece_c1c6ffc8,0.0,0,307597,93.4
tools,memtoolagent,eog,hr,4,3,1,task_20251225_124750_039_7e2e0039_de8a9d94,1.0,1,209234,62.7
tools,memtoolagent,eog,hr,4,3,1,task_20251226_041218_355_d9bcd1e5_bc84c9d5,0.777778,0,282467,105.0
tools,memtoolagent,eog,hr,4,3,1,task_20251226_101143_297_99ba2325_75b99d9a,0.75,0,354169,177.9
tools,memtoolagent,eog,hr,4,3,1,task_20251226_102334_184_b25153b4_08c0849c,1.0,1,319299,67.8
tools,memtoolagent,eog,hr,4,3,1,task_20251226_104747_127_30600918_559da326,0.5,0,360322,178.8
tools,memtoolagent,eog,hr,4,3,1,task_20251226_132052_338_e6427839_727d852c,0.5,0,218632,182.7
tools,memtoolagent,eog,hr,4,3,1,task_20251226_173040_372_95fd9f79_c7e85ec1,1.0,1,401975,230.3
tools,memtoolagent,eog,hr,4,3,1,task_20260109_172559_279_e6427839_f711406f,1.0,1,370469,179.3
tools,memtoolagent,eog,hr,4,3,1,task_20260109_202436_533_a8eea1c0_755eabdd,0.777778,0,554196,221.4
tools,memtoolagent,eog,hr,4,3,1,task_20260113_032200_394_ad5a67e3_5e3873b8,0.875,0,390207,118.3
tools,memtoolagent,eog,hr,4,3,1,task_20260114_091008_897_accab84d_786931e4,0.75,0,286903,144.2
tools,memtoolagent,eog,hr,4,3,1,task_20260115_130330_068_00364ece_cf2e9cf1,0.571429,0,580227,257.3
tools,memtoolagent,eog,hr,4,3,1,task_20260115_130852_498_a8eea1c0_e9192d7e,1.0,1,262732,194.9
tools,memtoolagent,eog,hr,4,3,1,task_20260115_190725_477_a8eea1c0_eba3a1c5,0.833333,0,353073,234.9
tools,memtoolagent,eog,hr,4,3,1,task_20260116_084548_120_fa1836dc_679067bc,0.333333,0,329614,415.3
tools,memtoolagent,eog,hr,4,3,1,task_20260116_085958_358_a8eea1c0_6d7f242a,1.0,1,389383,226.8
tools,memtoolagent,eog,hr,4,3,1,task_20260116_105748_962_99ba2325_dcc658fa,0.75,0,356578,233.5
tools,memtoolagent,eog,hr,4,3,1,task_20260116_122712_166_d4a463c3_196fe24f,0.8,0,423002,166.8
tools,memtoolagent,eog,hr,4,3,1,task_20260116_143750_504_a8eea1c0_7d91efa1,1.0,1,307755,49.9
tools,memtoolagent,eog,hr,4,3,1,task_20260116_150213_342_a8eea1c0_6d6fe792,0.666667,0,273036,88.1
tools,memtoolagent,eog,hr,4,3,1,task_20260119_022056_842_ad5a67e3_964df197,0.833333,0,454793,114.2
tools,memtoolagent,eog,hr,4,3,2,task_20251217_073807_153_761f6b82_cba63024,0.571429,0,671978,261.5
tools,memtoolagent,eog,hr,4,3,2,task_20251218_234518_453_d9bcd1e5_72c94403,1.0,1,490042,186.5
tools,memtoolagent,eog,hr,4,3,2,task_20251219_114935_971_a8eea1c0_188fc892,1.0,1,239379,97.7
tools,memtoolagent,eog,hr,4,3,2,task_20251219_155215_361_00364ece_c1c6ffc8,0.0,0,241306,90.7
tools,memtoolagent,eog,hr,4,3,2,task_20251225_124750_039_7e2e0039_de8a9d94,1.0,1,172975,63.5
tools,memtoolagent,eog,hr,4,3,2,task_20251226_041218_355_d9bcd1e5_bc84c9d5,0.777778,0,281934,98.9
tools,memtoolagent,eog,hr,4,3,2,task_20251226_101143_297_99ba2325_75b99d9a,0.75,0,357783,183.4
tools,memtoolagent,eog,hr,4,3,2,task_20251226_102334_184_b25153b4_08c0849c,1.0,1,319475,177.7
tools,memtoolagent,eog,hr,4,3,2,task_20251226_104747_127_30600918_559da326,0.5,0,425221,157.2
tools,memtoolagent,eog,hr,4,3,2,task_20251226_132052_338_e6427839_727d852c,0.0,0,107837,132.1
tools,memtoolagent,eog,hr,4,3,2,task_20251226_173040_372_95fd9f79_c7e85ec1,1.0,1,397644,207.6
tools,memtoolagent,eog,hr,4,3,2,task_20260109_172559_279_e6427839_f711406f,0.833333,0,365200,202.2
tools,memtoolagent,eog,hr,4,3,2,task_20260109_202436_533_a8eea1c0_755eabdd,0.777778,0,555141,152.9
tools,memtoolagent,eog,hr,4,3,2,task_20260113_032200_394_ad5a67e3_5e3873b8,0.875,0,537707,246.4
tools,memtoolagent,eog,hr,4,3,2,task_20260114_091008_897_accab84d_786931e4,0.75,0,320657,170.8
tools,memtoolagent,eog,hr,4,3,2,task_20260115_130330_068_00364ece_cf2e9cf1,0.571429,0,621458,268.8
tools,memtoolagent,eog,hr,4,3,2,task_20260115_130852_498_a8eea1c0_e9192d7e,1.0,1,327566,222.8
tools,memtoolagent,eog,hr,4,3,2,task_20260115_190725_477_a8eea1c0_eba3a1c5,0.833333,0,320368,266.7
tools,memtoolagent,eog,hr,4,3,2,task_20260116_084548_120_fa1836dc_679067bc,0.833333,0,532679,430.4
tools,memtoolagent,eog,hr,4,3,2,task_20260116_085958_358_a8eea1c0_6d7f242a,1.0,1,342252,183.5
tools,memtoolagent,eog,hr,4,3,2,task_20260116_105748_962_99ba2325_dcc658fa,1.0,1,360861,236.2
tools,memtoolagent,eog,hr,4,3,2,task_20260116_122712_166_d4a463c3_196fe24f,1.0,1,490103,132.4
tools,memtoolagent,eog,hr,4,3,2,task_20260116_143750_504_a8eea1c0_7d91efa1,1.0,1,405203,93.2
tools,memtoolagent,eog,hr,4,3,2,task_20260116_150213_342_a8eea1c0_6d6fe792,0.666667,0,270904,83.5
tools,memtoolagent,eog,hr,4,3,2,task_20260119_022056_842_ad5a67e3_964df197,1.0,1,357243,206.2
tools,memtoolagent,eog,hr,4,3,3,task_20251217_073807_153_761f6b82_cba63024,0.714286,0,642533,327.5
tools,memtoolagent,eog,hr,4,3,3,task_20251218_234518_453_d9bcd1e5_72c94403,0.666667,0,448334,102.6
tools,memtoolagent,eog,hr,4,3,3,task_20251219_114935_971_a8eea1c0_188fc892,0.5,0,171897,53.2
tools,memtoolagent,eog,hr,4,3,3,task_20251219_155215_361_00364ece_c1c6ffc8,0.0,0,241761,86.3
tools,memtoolagent,eog,hr,4,3,3,task_20251225_124750_039_7e2e0039_de8a9d94,1.0,1,208688,87.7
tools,memtoolagent,eog,hr,4,3,3,task_20251226_041218_355_d9bcd1e5_bc84c9d5,0.777778,0,393963,132.2
tools,memtoolagent,eog,hr,4,3,3,task_20251226_101143_297_99ba2325_75b99d9a,0.75,0,249126,113.6
tools,memtoolagent,eog,hr,4,3,3,task_20251226_102334_184_b25153b4_08c0849c,1.0,1,248168,97.0
tools,memtoolagent,eog,hr,4,3,3,task_20251226_104747_127_30600918_559da326,0.5,0,392895,177.3
tools,memtoolagent,eog,hr,4,3,3,task_20251226_132052_338_e6427839_727d852c,0.0,0,111263,127.8
tools,memtoolagent,eog,hr,4,3,3,task_20251226_173040_372_95fd9f79_c7e85ec1,1.0,1,402913,240.3
tools,memtoolagent,eog,hr,4,3,3,task_20260109_172559_279_e6427839_f711406f,1.0,1,444459,216.2
tools,memtoolagent,eog,hr,4,3,3,task_20260109_202436_533_a8eea1c0_755eabdd,0.777778,0,444183,209.9
tools,memtoolagent,eog,hr,4,3,3,task_20260113_032200_394_ad5a67e3_5e3873b8,0.875,0,569810,215.5
tools,memtoolagent,eog,hr,4,3,3,task_20260114_091008_897_accab84d_786931e4,0.75,0,251699,187.8
tools,memtoolagent,eog,hr,4,3,3,task_20260115_130330_068_00364ece_cf2e9cf1,0.571429,0,542527,250.9
tools,memtoolagent,eog,hr,4,3,3,task_20260115_130852_498_a8eea1c0_e9192d7e,0.5,0,472247,313.2
tools,memtoolagent,eog,hr,4,3,3,task_20260115_190725_477_a8eea1c0_eba3a1c5,0.833333,0,417999,203.1
tools,memtoolagent,eog,hr,4,3,3,task_20260116_084548_120_fa1836dc_679067bc,0.333333,0,496833,314.9
tools,memtoolagent,eog,hr,4,3,3,task_20260116_085958_358_a8eea1c0_6d7f242a,1.0,1,357733,216.3
tools,memtoolagent,eog,hr,4,3,3,task_20260116_105748_962_99ba2325_dcc658fa,1.0,1,361606,250.4
tools,memtoolagent,eog,hr,4,3,3,task_20260116_122712_166_d4a463c3_196fe24f,1.0,1,346442,93.3
tools,memtoolagent,eog,hr,4,3,3,task_20260116_143750_504_a8eea1c0_7d91efa1,1.0,1,271721,56.3
tools,memtoolagent,eog,hr,4,3,3,task_20260116_150213_342_a8eea1c0_6d6fe792,0.666667,0,237412,63.4
tools,memtoolagent,eog,hr,4,3,3,task_20260119_022056_842_ad5a67e3_964df197,1.0,1,360954,151.6
tools,memtoolagent,eog,hr,4,4,1,task_20251212_194942_087_761f6b82_451ef3b7,0.571429,0,461382,165.1
tools,memtoolagent,eog,hr,4,4,1,task_20251217_231709_248_b25153b4_4c5f9bde,0.857143,0,421466,90.8
tools,memtoolagent,eog,hr,4,4,1,task_20251219_155520_685_a8eea1c0_c6fb88a1,1.0,1,271397,57.6
tools,memtoolagent,eog,hr,4,4,1,task_20251223_061756_991_a8eea1c0_e497a345,0.2,0,172419,60.7
tools,memtoolagent,eog,hr,4,4,1,task_20251223_201118_525_46ca2862_e3f79e09,1.0,1,922400,351.6
tools,memtoolagent,eog,hr,4,4,1,task_20251224_064352_705_ec0cb5dd_46d83d4e,0.846154,0,260736,182.2
tools,memtoolagent,eog,hr,4,4,1,task_20251224_074251_092_46ca2862_b5b99f66,0.0,0,521340,166.9
tools,memtoolagent,eog,hr,4,4,1,task_20251225_062927_003_d9bcd1e5_d996901a,0.875,0,631494,291.6
tools,memtoolagent,eog,hr,4,4,1,task_20251225_180047_141_a8eea1c0_002e725f,1.0,1,317522,131.1
tools,memtoolagent,eog,hr,4,4,1,task_20251226_110144_731_b25153b4_773380f8,1.0,1,372416,61.2
tools,memtoolagent,eog,hr,4,4,1,task_20260109_185510_803_a8eea1c0_b51123d7,1.0,1,387958,79.9
tools,memtoolagent,eog,hr,4,4,1,task_20260111_151647_667_a8eea1c0_c7c264ba,0.714286,0,486313,103.0
tools,memtoolagent,eog,hr,4,4,1,task_20260111_190744_927_a8eea1c0_17bea726,0.25,0,317205,128.0
tools,memtoolagent,eog,hr,4,4,1,task_20260114_173911_329_a8eea1c0_b687c646,0.6,0,385973,76.8
tools,memtoolagent,eog,hr,4,4,1,task_20260114_220447_370_00364ece_0c9c7534,0.75,0,278379,85.0
tools,memtoolagent,eog,hr,4,4,1,task_20260115_043503_499_a8eea1c0_4b943c9b,0.75,0,317807,112.0
tools,memtoolagent,eog,hr,4,4,1,task_20260116_094554_219_c5cac200_82f2d2a8,1.0,1,471428,204.7
tools,memtoolagent,eog,hr,4,4,1,task_20260116_095609_650_c5cac200_741831a8,1.0,1,213174,121.8
tools,memtoolagent,eog,hr,4,4,1,task_20260116_112648_773_99ba2325_c572f123,1.0,1,527737,245.4
tools,memtoolagent,eog,hr,4,4,1,task_20260116_185136_779_46ca2862_2b77b852,1.0,1,246156,129.2
tools,memtoolagent,eog,hr,4,4,1,task_20260116_203855_584_57529556_7b20a1d8,0.666667,0,356988,138.0
tools,memtoolagent,eog,hr,4,4,1,task_20260119_045416_534_ad5a67e3_78445838,0.857143,0,485683,57.4
tools,memtoolagent,eog,hr,4,4,2,task_20251212_194942_087_761f6b82_451ef3b7,0.571429,0,385506,181.1
tools,memtoolagent,eog,hr,4,4,2,task_20251217_231709_248_b25153b4_4c5f9bde,0.857143,0,386441,107.0
tools,memtoolagent,eog,hr,4,4,2,task_20251219_155520_685_a8eea1c0_c6fb88a1,1.0,1,271381,62.8
tools,memtoolagent,eog,hr,4,4,2,task_20251223_061756_991_a8eea1c0_e497a345,0.6,0,251297,110.8
tools,memtoolagent,eog,hr,4,4,2,task_20251223_201118_525_46ca2862_e3f79e09,0.8,0,965519,393.7
tools,memtoolagent,eog,hr,4,4,2,task_20251224_064352_705_ec0cb5dd_46d83d4e,0.846154,0,442488,248.4
tools,memtoolagent,eog,hr,4,4,2,task_20251224_074251_092_46ca2862_b5b99f66,0.0,0,280929,141.1
tools,memtoolagent,eog,hr,4,4,2,task_20251225_062927_003_d9bcd1e5_d996901a,0.875,0,569428,280.5
tools,memtoolagent,eog,hr,4,4,2,task_20251225_180047_141_a8eea1c0_002e725f,1.0,1,318684,120.8
tools,memtoolagent,eog,hr,4,4,2,task_20251226_110144_731_b25153b4_773380f8,1.0,1,453531,108.4
tools,memtoolagent,eog,hr,4,4,2,task_20260109_185510_803_a8eea1c0_b51123d7,1.0,1,352279,83.2
tools,memtoolagent,eog,hr,4,4,2,task_20260111_151647_667_a8eea1c0_c7c264ba,0.571429,0,311620,113.2
tools,memtoolagent,eog,hr,4,4,2,task_20260111_190744_927_a8eea1c0_17bea726,0.0,0,320083,170.5
tools,memtoolagent,eog,hr,4,4,2,task_20260114_173911_329_a8eea1c0_b687c646,0.6,0,392913,115.3
tools,memtoolagent,eog,hr,4,4,2,task_20260114_220447_370_00364ece_0c9c7534,0.75,0,316318,130.1
tools,memtoolagent,eog,hr,4,4,2,task_20260115_043503_499_a8eea1c0_4b943c9b,0.75,0,455508,197.6
tools,memtoolagent,eog,hr,4,4,2,task_20260116_094554_219_c5cac200_82f2d2a8,1.0,1,394751,169.5
tools,memtoolagent,eog,hr,4,4,2,task_20260116_095609_650_c5cac200_741831a8,1.0,1,356238,182.3
tools,memtoolagent,eog,hr,4,4,2,task_20260116_112648_773_99ba2325_c572f123,1.0,1,487504,262.1
tools,memtoolagent,eog,hr,4,4,2,task_20260116_185136_779_46ca2862_2b77b852,0.666667,0,322612,208.1
tools,memtoolagent,eog,hr,4,4,2,task_20260116_203855_584_57529556_7b20a1d8,0.666667,0,401874,215.2
tools,memtoolagent,eog,hr,4,4,2,task_20260119_045416_534_ad5a67e3_78445838,0.857143,0,486147,70.6
tools,memtoolagent,eog,hr,4,4,3,task_20251212_194942_087_761f6b82_451ef3b7,0.571429,0,384823,162.2
tools,memtoolagent,eog,hr,4,4,3,task_20251217_231709_248_b25153b4_4c5f9bde,1.0,1,387474,117.4
tools,memtoolagent,eog,hr,4,4,3,task_20251219_155520_685_a8eea1c0_c6fb88a1,1.0,1,305578,71.0
tools,memtoolagent,eog,hr,4,4,3,task_20251223_061756_991_a8eea1c0_e497a345,0.2,0,203913,85.0
tools,memtoolagent,eog,hr,4,4,3,task_20251223_201118_525_46ca2862_e3f79e09,1.0,1,1079963,440.4
tools,memtoolagent,eog,hr,4,4,3,task_20251224_064352_705_ec0cb5dd_46d83d4e,0.846154,0,552116,253.6
tools,memtoolagent,eog,hr,4,4,3,task_20251224_074251_092_46ca2862_b5b99f66,1.0,1,348356,122.6
tools,memtoolagent,eog,hr,4,4,3,task_20251225_062927_003_d9bcd1e5_d996901a,0.875,0,509920,248.4
tools,memtoolagent,eog,hr,4,4,3,task_20251225_180047_141_a8eea1c0_002e725f,1.0,1,314082,145.0
tools,memtoolagent,eog,hr,4,4,3,task_20251226_110144_731_b25153b4_773380f8,1.0,1,453392,107.7
tools,memtoolagent,eog,hr,4,4,3,task_20260109_185510_803_a8eea1c0_b51123d7,1.0,1,421995,116.8
tools,memtoolagent,eog,hr,4,4,3,task_20260111_151647_667_a8eea1c0_c7c264ba,0.714286,0,349435,131.9
tools,memtoolagent,eog,hr,4,4,3,task_20260111_190744_927_a8eea1c0_17bea726,0.0,0,389315,171.2
tools,memtoolagent,eog,hr,4,4,3,task_20260114_173911_329_a8eea1c0_b687c646,0.6,0,456633,149.8
tools,memtoolagent,eog,hr,4,4,3,task_20260114_220447_370_00364ece_0c9c7534,0.75,0,315915,119.5
tools,memtoolagent,eog,hr,4,4,3,task_20260115_043503_499_a8eea1c0_4b943c9b,0.75,0,454338,169.0
tools,memtoolagent,eog,hr,4,4,3,task_20260116_094554_219_c5cac200_82f2d2a8,1.0,1,405280,216.8
tools,memtoolagent,eog,hr,4,4,3,task_20260116_095609_650_c5cac200_741831a8,1.0,1,176798,137.2
tools,memtoolagent,eog,hr,4,4,3,task_20260116_112648_773_99ba2325_c572f123,1.0,1,614574,316.6
tools,memtoolagent,eog,hr,4,4,3,task_20260116_185136_779_46ca2862_2b77b852,1.0,1,214063,143.3
tools,memtoolagent,eog,hr,4,4,3,task_20260116_203855_584_57529556_7b20a1d8,0.666667,0,359833,160.5
tools,memtoolagent,eog,hr,4,4,3,task_20260119_045416_534_ad5a67e3_78445838,0.857143,0,418052,81.7
tools,memtoolagent,eog,hr,5,1,1,task_20251223_184833_888_a8eea1c0_87c53cb9,0.428571,0,324404,83.5
tools,memtoolagent,eog,hr,5,1,1,task_20251223_194142_190_46ca2862_d9cae434,1.0,1,322941,106.4
tools,memtoolagent,eog,hr,5,1,1,task_20251223_194912_450_46ca2862_0084047c,1.0,1,329911,179.1
tools,memtoolagent,eog,hr,5,1,1,task_20251224_094258_495_c4ad7a70_42fbe372,0.75,0,254357,115.8
tools,memtoolagent,eog,hr,5,1,1,task_20251224_133749_739_c4ad7a70_9df76270,0.25,0,213929,55.4
tools,memtoolagent,eog,hr,5,1,1,task_20251226_094920_495_99ba2325_627386b2,1.0,1,260099,115.2
tools,memtoolagent,eog,hr,5,1,1,task_20260112_141226_936_7aad91c1_61df8f2b,1.0,1,260970,93.2
tools,memtoolagent,eog,hr,5,1,1,task_20260116_104653_444_99ba2325_320d5ca4,1.0,1,258354,106.4
tools,memtoolagent,eog,hr,5,1,1,task_20260116_112336_208_c5cac200_da33db0a,1.0,1,296532,102.6
tools,memtoolagent,eog,hr,5,1,1,task_20260116_160908_725_46ca2862_923e672e,1.0,1,290670,137.9
tools,memtoolagent,eog,hr,5,1,2,task_20251223_184833_888_a8eea1c0_87c53cb9,0.571429,0,358162,68.5
tools,memtoolagent,eog,hr,5,1,2,task_20251223_194142_190_46ca2862_d9cae434,0.5,0,215305,90.3
tools,memtoolagent,eog,hr,5,1,2,task_20251223_194912_450_46ca2862_0084047c,1.0,1,363700,156.5
tools,memtoolagent,eog,hr,5,1,2,task_20251224_094258_495_c4ad7a70_42fbe372,0.25,0,319062,72.9
tools,memtoolagent,eog,hr,5,1,2,task_20251224_133749_739_c4ad7a70_9df76270,0.5,0,293863,127.8
tools,memtoolagent,eog,hr,5,1,2,task_20251226_094920_495_99ba2325_627386b2,1.0,1,258726,113.0
tools,memtoolagent,eog,hr,5,1,2,task_20260112_141226_936_7aad91c1_61df8f2b,1.0,1,261880,102.9
tools,memtoolagent,eog,hr,5,1,2,task_20260116_104653_444_99ba2325_320d5ca4,1.0,1,333887,129.6
tools,memtoolagent,eog,hr,5,1,2,task_20260116_112336_208_c5cac200_da33db0a,1.0,1,295931,97.4
tools,memtoolagent,eog,hr,5,1,2,task_20260116_160908_725_46ca2862_923e672e,1.0,1,290718,143.9
tools,memtoolagent,eog,hr,5,1,3,task_20251223_184833_888_a8eea1c0_87c53cb9,0.571429,0,287681,69.8
tools,memtoolagent,eog,hr,5,1,3,task_20251223_194142_190_46ca2862_d9cae434,1.0,1,255658,137.4
tools,memtoolagent,eog,hr,5,1,3,task_20251223_194912_450_46ca2862_0084047c,1.0,1,257644,163.0
tools,memtoolagent,eog,hr,5,1,3,task_20251224_094258_495_c4ad7a70_42fbe372,0.5,0,290953,106.8
tools,memtoolagent,eog,hr,5,1,3,task_20251224_133749_739_c4ad7a70_9df76270,0.75,0,326461,137.1
tools,memtoolagent,eog,hr,5,1,3,task_20251226_094920_495_99ba2325_627386b2,1.0,1,329909,156.3
tools,memtoolagent,eog,hr,5,1,3,task_20260112_141226_936_7aad91c1_61df8f2b,1.0,1,340517,210.1
tools,memtoolagent,eog,hr,5,1,3,task_20260116_104653_444_99ba2325_320d5ca4,1.0,1,343847,153.8
tools,memtoolagent,eog,hr,5,1,3,task_20260116_112336_208_c5cac200_da33db0a,1.0,1,256074,93.3
tools,memtoolagent,eog,hr,5,1,3,task_20260116_160908_725_46ca2862_923e672e,1.0,1,291750,180.9
tools,memtoolagent,eog,hr,5,2,1,task_20251217_211723_514_87437950_3bbbb519,0.25,0,396264,171.0
tools,memtoolagent,eog,hr,5,2,1,task_20251219_205632_335_cd46e60f_4db23138,0.25,0,258915,176.0
tools,memtoolagent,eog,hr,5,2,1,task_20251224_030218_157_00364ece_79650819,1.0,1,179846,74.6
tools,memtoolagent,eog,hr,5,2,1,task_20251224_195437_497_e6427839_6357fed2,0.0,0,221028,103.7
tools,memtoolagent,eog,hr,5,2,1,task_20251226_090527_363_b25153b4_6caf1a47,0.6,0,259934,172.2
tools,memtoolagent,eog,hr,5,2,1,task_20251226_135729_497_c4ad7a70_788f5baf,0.0,0,354053,114.5
tools,memtoolagent,eog,hr,5,2,1,task_20251226_153702_699_ad5a67e3_43cd2d47,1.0,1,146594,114.7
tools,memtoolagent,eog,hr,5,2,1,task_20260114_170216_532_accab84d_9dc7ddd5,1.0,1,218429,73.9
tools,memtoolagent,eog,hr,5,2,1,task_20260114_180423_838_00364ece_9f2ad35c,1.0,1,418407,279.4
tools,memtoolagent,eog,hr,5,2,1,task_20260115_124602_090_accab84d_91ac1840,0.833333,0,497960,372.0
tools,memtoolagent,eog,hr,5,2,1,task_20260115_151312_690_57529556_9fca8861,0.875,0,500817,345.9
tools,memtoolagent,eog,hr,5,2,1,task_20260116_055513_891_99ba2325_849991b8,0.166667,0,112731,155.4
tools,memtoolagent,eog,hr,5,2,1,task_20260116_170758_750_d4a463c3_3885de59,0.444444,0,501637,272.8
tools,memtoolagent,eog,hr,5,2,2,task_20251217_211723_514_87437950_3bbbb519,0.25,0,360992,213.0
tools,memtoolagent,eog,hr,5,2,2,task_20251219_205632_335_cd46e60f_4db23138,0.25,0,376051,287.4
tools,memtoolagent,eog,hr,5,2,2,task_20251224_030218_157_00364ece_79650819,1.0,1,180844,142.4
tools,memtoolagent,eog,hr,5,2,2,task_20251224_195437_497_e6427839_6357fed2,0.0,0,219593,106.1
tools,memtoolagent,eog,hr,5,2,2,task_20251226_090527_363_b25153b4_6caf1a47,0.8,0,375754,249.9
tools,memtoolagent,eog,hr,5,2,2,task_20251226_135729_497_c4ad7a70_788f5baf,0.666667,0,180292,100.2
tools,memtoolagent,eog,hr,5,2,2,task_20251226_153702_699_ad5a67e3_43cd2d47,1.0,1,147621,137.3
tools,memtoolagent,eog,hr,5,2,2,task_20260114_170216_532_accab84d_9dc7ddd5,1.0,1,286938,79.8
tools,memtoolagent,eog,hr,5,2,2,task_20260114_180423_838_00364ece_9f2ad35c,1.0,1,500002,611.5
tools,memtoolagent,eog,hr,5,2,2,task_20260115_124602_090_accab84d_91ac1840,0.833333,0,565178,280.0
tools,memtoolagent,eog,hr,5,2,2,task_20260115_151312_690_57529556_9fca8861,0.875,0,493808,273.5
tools,memtoolagent,eog,hr,5,2,2,task_20260116_055513_891_99ba2325_849991b8,0.166667,0,37444,47.2
tools,memtoolagent,eog,hr,5,2,2,task_20260116_170758_750_d4a463c3_3885de59,0.777778,0,540057,290.9
tools,memtoolagent,eog,hr,5,2,3,task_20251217_211723_514_87437950_3bbbb519,0.25,0,432654,445.0
tools,memtoolagent,eog,hr,5,2,3,task_20251219_205632_335_cd46e60f_4db23138,0.25,0,376197,275.0
tools,memtoolagent,eog,hr,5,2,3,task_20251224_030218_157_00364ece_79650819,1.0,1,218067,121.6
tools,memtoolagent,eog,hr,5,2,3,task_20251224_195437_497_e6427839_6357fed2,0.0,0,260557,149.2
tools,memtoolagent,eog,hr,5,2,3,task_20251226_090527_363_b25153b4_6caf1a47,0.8,0,373688,269.1
tools,memtoolagent,eog,hr,5,2,3,task_20251226_135729_497_c4ad7a70_788f5baf,0.333333,0,319275,121.9
tools,memtoolagent,eog,hr,5,2,3,task_20251226_153702_699_ad5a67e3_43cd2d47,1.0,1,148263,140.1
tools,memtoolagent,eog,hr,5,2,3,task_20260114_170216_532_accab84d_9dc7ddd5,1.0,1,251704,91.6
tools,memtoolagent,eog,hr,5,2,3,task_20260114_180423_838_00364ece_9f2ad35c,0.5,0,341603,338.9
tools,memtoolagent,eog,hr,5,2,3,task_20260115_124602_090_accab84d_91ac1840,0.833333,0,453312,239.6
tools,memtoolagent,eog,hr,5,2,3,task_20260115_151312_690_57529556_9fca8861,0.875,0,566902,281.6
tools,memtoolagent,eog,hr,5,2,3,task_20260116_055513_891_99ba2325_849991b8,0.333333,0,382079,406.2
tools,memtoolagent,eog,hr,5,2,3,task_20260116_170758_750_d4a463c3_3885de59,0.444444,0,494258,313.0
tools,memtoolagent,eog,hr,5,3,1,task_20251217_073807_153_761f6b82_cba63024,0.571429,0,558059,201.9
tools,memtoolagent,eog,hr,5,3,1,task_20251218_234518_453_d9bcd1e5_72c94403,1.0,1,330358,188.5
tools,memtoolagent,eog,hr,5,3,1,task_20251219_114935_971_a8eea1c0_188fc892,0.5,0,250055,192.1
tools,memtoolagent,eog,hr,5,3,1,task_20251219_155215_361_00364ece_c1c6ffc8,0.0,0,285148,92.2
tools,memtoolagent,eog,hr,5,3,1,task_20251225_124750_039_7e2e0039_de8a9d94,1.0,1,181146,62.0
tools,memtoolagent,eog,hr,5,3,1,task_20251226_041218_355_d9bcd1e5_bc84c9d5,0.777778,0,258348,226.6
tools,memtoolagent,eog,hr,5,3,1,task_20251226_101143_297_99ba2325_75b99d9a,0.75,0,262694,222.2
tools,memtoolagent,eog,hr,5,3,1,task_20251226_102334_184_b25153b4_08c0849c,1.0,1,297765,106.3
tools,memtoolagent,eog,hr,5,3,1,task_20251226_104747_127_30600918_559da326,0.5,0,300147,186.2
tools,memtoolagent,eog,hr,5,3,1,task_20251226_132052_338_e6427839_727d852c,0.5,0,422149,468.4
tools,memtoolagent,eog,hr,5,3,1,task_20251226_173040_372_95fd9f79_c7e85ec1,1.0,1,378161,188.9
tools,memtoolagent,eog,hr,5,3,1,task_20260109_172559_279_e6427839_f711406f,0.833333,0,351371,295.6
tools,memtoolagent,eog,hr,5,3,1,task_20260109_202436_533_a8eea1c0_755eabdd,0.888889,0,584386,308.2
tools,memtoolagent,eog,hr,5,3,1,task_20260113_032200_394_ad5a67e3_5e3873b8,0.875,0,376003,236.9
tools,memtoolagent,eog,hr,5,3,1,task_20260114_091008_897_accab84d_786931e4,0.75,0,261162,145.3
tools,memtoolagent,eog,hr,5,3,1,task_20260115_130330_068_00364ece_cf2e9cf1,0.571429,0,834968,360.4
tools,memtoolagent,eog,hr,5,3,1,task_20260115_130852_498_a8eea1c0_e9192d7e,1.0,1,348112,449.5
tools,memtoolagent,eog,hr,5,3,1,task_20260115_190725_477_a8eea1c0_eba3a1c5,0.833333,0,258339,232.4
tools,memtoolagent,eog,hr,5,3,1,task_20260116_084548_120_fa1836dc_679067bc,0.666667,0,541713,690.8
tools,memtoolagent,eog,hr,5,3,1,task_20260116_085958_358_a8eea1c0_6d7f242a,1.0,1,484435,289.3
tools,memtoolagent,eog,hr,5,3,1,task_20260116_105748_962_99ba2325_dcc658fa,1.0,1,262198,245.8
tools,memtoolagent,eog,hr,5,3,1,task_20260116_122712_166_d4a463c3_196fe24f,1.0,1,363094,118.6
tools,memtoolagent,eog,hr,5,3,1,task_20260116_143750_504_a8eea1c0_7d91efa1,1.0,1,425029,153.5
tools,memtoolagent,eog,hr,5,3,1,task_20260116_150213_342_a8eea1c0_6d6fe792,0.666667,0,385776,110.6
tools,memtoolagent,eog,hr,5,3,1,task_20260119_022056_842_ad5a67e3_964df197,1.0,1,515439,316.7
tools,memtoolagent,eog,hr,5,3,2,task_20251217_073807_153_761f6b82_cba63024,0.714286,0,443385,188.2
tools,memtoolagent,eog,hr,5,3,2,task_20251218_234518_453_d9bcd1e5_72c94403,1.0,1,367445,145.1
tools,memtoolagent,eog,hr,5,3,2,task_20251219_114935_971_a8eea1c0_188fc892,1.0,1,180308,94.5
tools,memtoolagent,eog,hr,5,3,2,task_20251219_155215_361_00364ece_c1c6ffc8,0.0,0,290298,101.6
tools,memtoolagent,eog,hr,5,3,2,task_20251225_124750_039_7e2e0039_de8a9d94,1.0,1,292604,180.1
tools,memtoolagent,eog,hr,5,3,2,task_20251226_041218_355_d9bcd1e5_bc84c9d5,0.777778,0,259214,109.6
tools,memtoolagent,eog,hr,5,3,2,task_20251226_101143_297_99ba2325_75b99d9a,0.75,0,260016,168.8
tools,memtoolagent,eog,hr,5,3,2,task_20251226_102334_184_b25153b4_08c0849c,1.0,1,366301,108.8
tools,memtoolagent,eog,hr,5,3,2,task_20251226_104747_127_30600918_559da326,0.5,0,374500,287.0
tools,memtoolagent,eog,hr,5,3,2,task_20251226_132052_338_e6427839_727d852c,0.0,0,266245,196.3
tools,memtoolagent,eog,hr,5,3,2,task_20251226_173040_372_95fd9f79_c7e85ec1,1.0,1,374620,213.9
tools,memtoolagent,eog,hr,5,3,2,task_20260109_172559_279_e6427839_f711406f,0.833333,0,418760,249.6
tools,memtoolagent,eog,hr,5,3,2,task_20260109_202436_533_a8eea1c0_755eabdd,0.888889,0,543345,250.5
tools,memtoolagent,eog,hr,5,3,2,task_20260113_032200_394_ad5a67e3_5e3873b8,0.875,0,373720,155.9
tools,memtoolagent,eog,hr,5,3,2,task_20260114_091008_897_accab84d_786931e4,0.75,0,301466,207.9
tools,memtoolagent,eog,hr,5,3,2,task_20260115_130330_068_00364ece_cf2e9cf1,0.714286,0,536394,387.8
tools,memtoolagent,eog,hr,5,3,2,task_20260115_130852_498_a8eea1c0_e9192d7e,1.0,1,534241,373.5
tools,memtoolagent,eog,hr,5,3,2,task_20260115_190725_477_a8eea1c0_eba3a1c5,0.833333,0,437723,280.6
tools,memtoolagent,eog,hr,5,3,2,task_20260116_084548_120_fa1836dc_679067bc,0.5,0,344003,421.4
tools,memtoolagent,eog,hr,5,3,2,task_20260116_085958_358_a8eea1c0_6d7f242a,1.0,1,337703,238.8
tools,memtoolagent,eog,hr,5,3,2,task_20260116_105748_962_99ba2325_dcc658fa,0.75,0,414081,437.1
tools,memtoolagent,eog,hr,5,3,2,task_20260116_122712_166_d4a463c3_196fe24f,1.0,1,363064,126.3
tools,memtoolagent,eog,hr,5,3,2,task_20260116_143750_504_a8eea1c0_7d91efa1,1.0,1,389367,119.0
tools,memtoolagent,eog,hr,5,3,2,task_20260116_150213_342_a8eea1c0_6d6fe792,0.666667,0,350875,93.1
tools,memtoolagent,eog,hr,5,3,2,task_20260119_022056_842_ad5a67e3_964df197,1.0,1,337277,169.0
tools,memtoolagent,eog,hr,5,3,3,task_20251217_073807_153_761f6b82_cba63024,0.571429,0,523525,208.3
tools,memtoolagent,eog,hr,5,3,3,task_20251218_234518_453_d9bcd1e5_72c94403,0.666667,0,503095,77.7
tools,memtoolagent,eog,hr,5,3,3,task_20251219_114935_971_a8eea1c0_188fc892,1.0,1,217371,112.5
tools,memtoolagent,eog,hr,5,3,3,task_20251219_155215_361_00364ece_c1c6ffc8,0.0,0,359497,85.5
tools,memtoolagent,eog,hr,5,3,3,task_20251225_124750_039_7e2e0039_de8a9d94,1.0,1,254109,101.1
tools,memtoolagent,eog,hr,5,3,3,task_20251226_041218_355_d9bcd1e5_bc84c9d5,0.777778,0,368682,157.2
tools,memtoolagent,eog,hr,5,3,3,task_20251226_101143_297_99ba2325_75b99d9a,0.75,0,261731,141.2
tools,memtoolagent,eog,hr,5,3,3,task_20251226_102334_184_b25153b4_08c0849c,1.0,1,472307,77.7
tools,memtoolagent,eog,hr,5,3,3,task_20251226_104747_127_30600918_559da326,0.5,0,485286,195.5
tools,memtoolagent,eog,hr,5,3,3,task_20251226_132052_338_e6427839_727d852c,0.0,0,187336,117.7
tools,memtoolagent,eog,hr,5,3,3,task_20251226_173040_372_95fd9f79_c7e85ec1,1.0,1,383641,194.0
tools,memtoolagent,eog,hr,5,3,3,task_20260109_172559_279_e6427839_f711406f,0.833333,0,414323,202.1
tools,memtoolagent,eog,hr,5,3,3,task_20260109_202436_533_a8eea1c0_755eabdd,0.777778,0,540053,211.1
tools,memtoolagent,eog,hr,5,3,3,task_20260113_032200_394_ad5a67e3_5e3873b8,0.875,0,560527,167.8
tools,memtoolagent,eog,hr,5,3,3,task_20260114_091008_897_accab84d_786931e4,0.75,0,337179,189.2
tools,memtoolagent,eog,hr,5,3,3,task_20260115_130330_068_00364ece_cf2e9cf1,0.571429,0,607445,268.9
tools,memtoolagent,eog,hr,5,3,3,task_20260115_130852_498_a8eea1c0_e9192d7e,1.0,1,345695,255.7
tools,memtoolagent,eog,hr,5,3,3,task_20260115_190725_477_a8eea1c0_eba3a1c5,0.833333,0,367825,207.0
tools,memtoolagent,eog,hr,5,3,3,task_20260116_084548_120_fa1836dc_679067bc,0.5,0,448481,309.3
tools,memtoolagent,eog,hr,5,3,3,task_20260116_085958_358_a8eea1c0_6d7f242a,1.0,1,485233,307.5
tools,memtoolagent,eog,hr,5,3,3,task_20260116_105748_962_99ba2325_dcc658fa,1.0,1,412765,250.3
tools,memtoolagent,eog,hr,5,3,3,task_20260116_122712_166_d4a463c3_196fe24f,1.0,1,362628,85.6
tools,memtoolagent,eog,hr,5,3,3,task_20260116_143750_504_a8eea1c0_7d91efa1,1.0,1,286182,62.3
tools,memtoolagent,eog,hr,5,3,3,task_20260116_150213_342_a8eea1c0_6d6fe792,0.666667,0,248659,53.4
tools,memtoolagent,eog,hr,5,3,3,task_20260119_022056_842_ad5a67e3_964df197,1.0,1,516955,170.6
tools,memtoolagent,eog,hr,5,4,1,task_20251212_194942_087_761f6b82_451ef3b7,0.571429,0,406446,166.6
tools,memtoolagent,eog,hr,5,4,1,task_20251217_231709_248_b25153b4_4c5f9bde,0.857143,0,479144,139.2
tools,memtoolagent,eog,hr,5,4,1,task_20251219_155520_685_a8eea1c0_c6fb88a1,1.0,1,179517,40.0
tools,memtoolagent,eog,hr,5,4,1,task_20251223_061756_991_a8eea1c0_e497a345,0.4,0,251765,90.4
tools,memtoolagent,eog,hr,5,4,1,task_20251223_201118_525_46ca2862_e3f79e09,1.0,1,919690,361.3
tools,memtoolagent,eog,hr,5,4,1,task_20251224_064352_705_ec0cb5dd_46d83d4e,0.846154,0,357021,334.0
tools,memtoolagent,eog,hr,5,4,1,task_20251224_074251_092_46ca2862_b5b99f66,1.0,1,437455,145.3
tools,memtoolagent,eog,hr,5,4,1,task_20251225_062927_003_d9bcd1e5_d996901a,0.875,0,424939,244.2
tools,memtoolagent,eog,hr,5,4,1,task_20251225_180047_141_a8eea1c0_002e725f,1.0,1,366708,160.3
tools,memtoolagent,eog,hr,5,4,1,task_20251226_110144_731_b25153b4_773380f8,1.0,1,517371,127.3
tools,memtoolagent,eog,hr,5,4,1,task_20260109_185510_803_a8eea1c0_b51123d7,1.0,1,369320,92.5
tools,memtoolagent,eog,hr,5,4,1,task_20260111_151647_667_a8eea1c0_c7c264ba,0.714286,0,429980,86.7
tools,memtoolagent,eog,hr,5,4,1,task_20260111_190744_927_a8eea1c0_17bea726,0.25,0,445659,150.3
tools,memtoolagent,eog,hr,5,4,1,task_20260114_173911_329_a8eea1c0_b687c646,0.6,0,443934,125.4
tools,memtoolagent,eog,hr,5,4,1,task_20260114_220447_370_00364ece_0c9c7534,0.75,0,292803,114.4
tools,memtoolagent,eog,hr,5,4,1,task_20260115_043503_499_a8eea1c0_4b943c9b,1.0,1,519247,226.6
tools,memtoolagent,eog,hr,5,4,1,task_20260116_094554_219_c5cac200_82f2d2a8,1.0,1,413384,207.0
tools,memtoolagent,eog,hr,5,4,1,task_20260116_095609_650_c5cac200_741831a8,0.666667,0,329224,134.9
tools,memtoolagent,eog,hr,5,4,1,task_20260116_112648_773_99ba2325_c572f123,1.0,1,593198,245.6
tools,memtoolagent,eog,hr,5,4,1,task_20260116_185136_779_46ca2862_2b77b852,1.0,1,261705,163.2
tools,memtoolagent,eog,hr,5,4,1,task_20260116_203855_584_57529556_7b20a1d8,0.666667,0,411699,198.1
tools,memtoolagent,eog,hr,5,4,1,task_20260119_045416_534_ad5a67e3_78445838,0.857143,0,509294,76.9
tools,memtoolagent,eog,hr,5,4,2,task_20251212_194942_087_761f6b82_451ef3b7,0.571429,0,477846,112.9
tools,memtoolagent,eog,hr,5,4,2,task_20251217_231709_248_b25153b4_4c5f9bde,0.857143,0,474722,92.2
tools,memtoolagent,eog,hr,5,4,2,task_20251219_155520_685_a8eea1c0_c6fb88a1,1.0,1,180142,41.1
tools,memtoolagent,eog,hr,5,4,2,task_20251223_061756_991_a8eea1c0_e497a345,0.2,0,214198,65.7
tools,memtoolagent,eog,hr,5,4,2,task_20251223_201118_525_46ca2862_e3f79e09,1.0,1,1010988,398.9
tools,memtoolagent,eog,hr,5,4,2,task_20251224_064352_705_ec0cb5dd_46d83d4e,0.846154,0,620600,283.6
tools,memtoolagent,eog,hr,5,4,2,task_20251224_074251_092_46ca2862_b5b99f66,1.0,1,404277,197.6
tools,memtoolagent,eog,hr,5,4,2,task_20251225_062927_003_d9bcd1e5_d996901a,0.875,0,667617,330.1
tools,memtoolagent,eog,hr,5,4,2,task_20251225_180047_141_a8eea1c0_002e725f,1.0,1,329145,106.1
tools,memtoolagent,eog,hr,5,4,2,task_20251226_110144_731_b25153b4_773380f8,1.0,1,577485,147.6
tools,memtoolagent,eog,hr,5,4,2,task_20260109_185510_803_a8eea1c0_b51123d7,1.0,1,299129,90.6
tools,memtoolagent,eog,hr,5,4,2,task_20260111_151647_667_a8eea1c0_c7c264ba,0.571429,0,327692,104.9
tools,memtoolagent,eog,hr,5,4,2,task_20260111_190744_927_a8eea1c0_17bea726,0.0,0,548584,176.0
tools,memtoolagent,eog,hr,5,4,2,task_20260114_173911_329_a8eea1c0_b687c646,0.6,0,371587,102.8
tools,memtoolagent,eog,hr,5,4,2,task_20260114_220447_370_00364ece_0c9c7534,0.75,0,256486,80.9
tools,memtoolagent,eog,hr,5,4,2,task_20260115_043503_499_a8eea1c0_4b943c9b,0.75,0,441718,147.4
tools,memtoolagent,eog,hr,5,4,2,task_20260116_094554_219_c5cac200_82f2d2a8,1.0,1,522867,251.8
tools,memtoolagent,eog,hr,5,4,2,task_20260116_095609_650_c5cac200_741831a8,0.666667,0,257912,110.7
tools,memtoolagent,eog,hr,5,4,2,task_20260116_112648_773_99ba2325_c572f123,1.0,1,566849,199.9
tools,memtoolagent,eog,hr,5,4,2,task_20260116_185136_779_46ca2862_2b77b852,1.0,1,257708,151.2
tools,memtoolagent,eog,hr,5,4,2,task_20260116_203855_584_57529556_7b20a1d8,1.0,1,413695,231.8
tools,memtoolagent,eog,hr,5,4,2,task_20260119_045416_534_ad5a67e3_78445838,0.857143,0,438522,80.4
tools,memtoolagent,eog,hr,5,4,3,task_20251212_194942_087_761f6b82_451ef3b7,0.571429,0,370569,143.2
tools,memtoolagent,eog,hr,5,4,3,task_20251217_231709_248_b25153b4_4c5f9bde,1.0,1,298457,64.7
tools,memtoolagent,eog,hr,5,4,3,task_20251219_155520_685_a8eea1c0_c6fb88a1,1.0,1,282830,53.6
tools,memtoolagent,eog,hr,5,4,3,task_20251223_061756_991_a8eea1c0_e497a345,0.2,0,215622,97.1
tools,memtoolagent,eog,hr,5,4,3,task_20251223_201118_525_46ca2862_e3f79e09,1.0,1,1420078,417.0
tools,memtoolagent,eog,hr,5,4,3,task_20251224_064352_705_ec0cb5dd_46d83d4e,0.846154,0,427288,254.7
tools,memtoolagent,eog,hr,5,4,3,task_20251224_074251_092_46ca2862_b5b99f66,1.0,1,629297,205.4
tools,memtoolagent,eog,hr,5,4,3,task_20251225_062927_003_d9bcd1e5_d996901a,0.875,0,366713,248.6
tools,memtoolagent,eog,hr,5,4,3,task_20251225_180047_141_a8eea1c0_002e725f,1.0,1,479809,165.7
tools,memtoolagent,eog,hr,5,4,3,task_20251226_110144_731_b25153b4_773380f8,1.0,1,471987,106.3
tools,memtoolagent,eog,hr,5,4,3,task_20260109_185510_803_a8eea1c0_b51123d7,1.0,1,369737,93.6
tools,memtoolagent,eog,hr,5,4,3,task_20260111_151647_667_a8eea1c0_c7c264ba,0.714286,0,364955,127.8
tools,memtoolagent,eog,hr,5,4,3,task_20260111_190744_927_a8eea1c0_17bea726,0.0,0,410017,237.5
tools,memtoolagent,eog,hr,5,4,3,task_20260114_173911_329_a8eea1c0_b687c646,0.6,0,442507,189.9
tools,memtoolagent,eog,hr,5,4,3,task_20260114_220447_370_00364ece_0c9c7534,0.75,0,332113,135.1
tools,memtoolagent,eog,hr,5,4,3,task_20260115_043503_499_a8eea1c0_4b943c9b,1.0,1,443743,254.8
tools,memtoolagent,eog,hr,5,4,3,task_20260116_094554_219_c5cac200_82f2d2a8,1.0,1,263985,134.9
tools,memtoolagent,eog,hr,5,4,3,task_20260116_095609_650_c5cac200_741831a8,0.666667,0,294258,136.6
tools,memtoolagent,eog,hr,5,4,3,task_20260116_112648_773_99ba2325_c572f123,1.0,1,460394,226.5
tools,memtoolagent,eog,hr,5,4,3,task_20260116_185136_779_46ca2862_2b77b852,1.0,1,222090,140.6
tools,memtoolagent,eog,hr,5,4,3,task_20260116_203855_584_57529556_7b20a1d8,0.666667,0,297795,173.3
tools,memtoolagent,eog,hr,5,4,3,task_20260119_045416_534_ad5a67e3_78445838,0.857143,0,436701,55.8
tools,memtoolagent,eog,hr,5,5,1,task_20251217_161056_114_d9bcd1e5_c8f3ccb9,0.8,0,251186,72.3
tools,memtoolagent,eog,hr,5,5,1,task_20260112_124137_537_761f6b82_9e1a6b99,0.25,0,463372,270.9
tools,memtoolagent,eog,hr,5,5,2,task_20251217_161056_114_d9bcd1e5_c8f3ccb9,0.8,0,248952,41.2
tools,memtoolagent,eog,hr,5,5,2,task_20260112_124137_537_761f6b82_9e1a6b99,0.25,0,527412,223.1
tools,memtoolagent,eog,hr,5,5,3,task_20251217_161056_114_d9bcd1e5_c8f3ccb9,0.8,0,460750,86.3
tools,memtoolagent,eog,hr,5,5,3,task_20260112_124137_537_761f6b82_9e1a6b99,0.25,0,341962,249.8
tools,memtoolagent,eog,hybrid,1,1,1,task_20251216_223804_332_df2c536d_a1d9c559,0.333333,0,88331,113.8
tools,memtoolagent,eog,hybrid,1,1,1,task_20251217_140216_182_701c5774_9fcdf867,1.0,1,118429,72.1
tools,memtoolagent,eog,hybrid,1,1,1,task_20251217_160053_417_701c5774_db625115,0.666667,0,183192,257.4
tools,memtoolagent,eog,hybrid,1,1,1,task_20251218_102205_211_1628b966_06687c79,0.5,0,291662,178.7
tools,memtoolagent,eog,hybrid,1,1,1,task_20251218_103430_472_701c5774_42c99459,0.0,0,210087,224.0
tools,memtoolagent,eog,hybrid,1,1,1,task_20251218_173030_490_23fcbcdb_0e698d81,1.0,1,168645,164.2
tools,memtoolagent,eog,hybrid,1,1,1,task_20251219_174221_127_64a4ebb9_3a8bb36b,0.8,0,173427,70.8
tools,memtoolagent,eog,hybrid,1,1,1,task_20251221_222713_409_64a4ebb9_9915366d,1.0,1,221869,156.7
tools,memtoolagent,eog,hybrid,1,1,1,task_20251222_113047_572_64a4ebb9_cd2083a8,0.8,0,226699,140.9
tools,memtoolagent,eog,hybrid,1,1,1,task_20251224_104537_197_701c5774_5c104832,0.333333,0,253808,280.9
tools,memtoolagent,eog,hybrid,1,1,1,task_20251224_112727_844_701c5774_58c1bbfb,0.0,0,204366,251.4
tools,memtoolagent,eog,hybrid,1,1,1,task_20251225_130546_796_4d9df647_7e32b59a,0.0,0,105479,137.6
tools,memtoolagent,eog,hybrid,1,1,1,task_20251225_133905_252_060e2c81_7e4fd228,0.875,0,172470,91.7
tools,memtoolagent,eog,hybrid,1,1,1,task_20260113_141825_482_911d75d7_ecab6320,1.0,1,480424,189.9
tools,memtoolagent,eog,hybrid,1,1,1,task_20260113_152354_165_9a1e131b_fc5e2cac,0.0,0,85577,56.7
tools,memtoolagent,eog,hybrid,1,1,1,task_20260114_073013_180_911d75d7_cc244085,0.5,0,240913,272.6
tools,memtoolagent,eog,hybrid,1,1,1,task_20260114_172825_147_1628b966_cc356289,1.0,1,91435,102.1
tools,memtoolagent,eog,hybrid,1,1,1,task_20260115_111059_508_9a1e131b_a201f065,0.5,0,172289,126.1
tools,memtoolagent,eog,hybrid,1,1,1,task_20260115_121701_840_1628b966_ff394d2f,1.0,1,122245,58.6
tools,memtoolagent,eog,hybrid,1,1,1,task_20260115_170553_772_ae7b45e2_daae994c,0.333333,0,110667,104.1
tools,memtoolagent,eog,hybrid,1,1,1,task_20260116_080150_885_1628b966_5a58d8e3,0.0,0,97255,100.1
tools,memtoolagent,eog,hybrid,1,1,1,task_20260116_125421_530_806f1a83_3e703812,0.8,0,257777,192.7
tools,memtoolagent,eog,hybrid,1,1,1,task_20260116_131741_243_1628b966_c66e5972,0.5,0,176895,215.6
tools,memtoolagent,eog,hybrid,1,1,1,task_20260117_084409_361_4d9df647_9892db8c,0.0,0,95336,184.3
tools,memtoolagent,eog,hybrid,1,1,2,task_20251216_223804_332_df2c536d_a1d9c559,0.333333,0,91292,132.0
tools,memtoolagent,eog,hybrid,1,1,2,task_20251217_140216_182_701c5774_9fcdf867,1.0,1,119008,83.8
tools,memtoolagent,eog,hybrid,1,1,2,task_20251217_160053_417_701c5774_db625115,0.666667,0,282002,335.8
tools,memtoolagent,eog,hybrid,1,1,2,task_20251218_102205_211_1628b966_06687c79,0.5,0,292884,229.0
tools,memtoolagent,eog,hybrid,1,1,2,task_20251218_103430_472_701c5774_42c99459,0.0,0,205146,172.8
tools,memtoolagent,eog,hybrid,1,1,2,task_20251218_173030_490_23fcbcdb_0e698d81,1.0,1,167742,126.6
tools,memtoolagent,eog,hybrid,1,1,2,task_20251219_174221_127_64a4ebb9_3a8bb36b,0.8,0,176253,97.5
tools,memtoolagent,eog,hybrid,1,1,2,task_20251221_222713_409_64a4ebb9_9915366d,1.0,1,199900,161.6
tools,memtoolagent,eog,hybrid,1,1,2,task_20251222_113047_572_64a4ebb9_cd2083a8,0.8,0,222775,125.9
tools,memtoolagent,eog,hybrid,1,1,2,task_20251224_104537_197_701c5774_5c104832,0.333333,0,282084,341.6
tools,memtoolagent,eog,hybrid,1,1,2,task_20251224_112727_844_701c5774_58c1bbfb,0.0,0,233575,283.9
tools,memtoolagent,eog,hybrid,1,1,2,task_20251225_130546_796_4d9df647_7e32b59a,0.2,0,108251,132.6
tools,memtoolagent,eog,hybrid,1,1,2,task_20251225_133905_252_060e2c81_7e4fd228,0.875,0,175900,123.4
tools,memtoolagent,eog,hybrid,1,1,2,task_20260113_141825_482_911d75d7_ecab6320,1.0,1,460324,180.2
tools,memtoolagent,eog,hybrid,1,1,2,task_20260113_152354_165_9a1e131b_fc5e2cac,0.0,0,100090,72.7
tools,memtoolagent,eog,hybrid,1,1,2,task_20260114_073013_180_911d75d7_cc244085,0.25,0,249632,337.0
tools,memtoolagent,eog,hybrid,1,1,2,task_20260114_172825_147_1628b966_cc356289,1.0,1,88930,93.5
tools,memtoolagent,eog,hybrid,1,1,2,task_20260115_111059_508_9a1e131b_a201f065,0.5,0,182957,174.9
tools,memtoolagent,eog,hybrid,1,1,2,task_20260115_121701_840_1628b966_ff394d2f,1.0,1,123680,101.7
tools,memtoolagent,eog,hybrid,1,1,2,task_20260115_170553_772_ae7b45e2_daae994c,0.5,0,134638,106.5
tools,memtoolagent,eog,hybrid,1,1,2,task_20260116_080150_885_1628b966_5a58d8e3,0.0,0,179936,185.7
tools,memtoolagent,eog,hybrid,1,1,2,task_20260116_125421_530_806f1a83_3e703812,0.8,0,231770,131.8
tools,memtoolagent,eog,hybrid,1,1,2,task_20260116_131741_243_1628b966_c66e5972,1.0,1,175821,237.7
tools,memtoolagent,eog,hybrid,1,1,2,task_20260117_084409_361_4d9df647_9892db8c,0.0,0,215840,230.9
tools,memtoolagent,eog,hybrid,1,1,3,task_20251216_223804_332_df2c536d_a1d9c559,0.666667,0,108728,137.2
tools,memtoolagent,eog,hybrid,1,1,3,task_20251217_140216_182_701c5774_9fcdf867,1.0,1,117988,81.6
tools,memtoolagent,eog,hybrid,1,1,3,task_20251217_160053_417_701c5774_db625115,0.666667,0,222578,350.6
tools,memtoolagent,eog,hybrid,1,1,3,task_20251218_102205_211_1628b966_06687c79,0.5,0,290473,205.1
tools,memtoolagent,eog,hybrid,1,1,3,task_20251218_103430_472_701c5774_42c99459,0.0,0,146417,190.6
tools,memtoolagent,eog,hybrid,1,1,3,task_20251218_173030_490_23fcbcdb_0e698d81,1.0,1,168975,130.8
tools,memtoolagent,eog,hybrid,1,1,3,task_20251219_174221_127_64a4ebb9_3a8bb36b,0.8,0,149002,63.2
tools,memtoolagent,eog,hybrid,1,1,3,task_20251221_222713_409_64a4ebb9_9915366d,1.0,1,173213,94.7
tools,memtoolagent,eog,hybrid,1,1,3,task_20251222_113047_572_64a4ebb9_cd2083a8,0.8,0,158506,120.8
tools,memtoolagent,eog,hybrid,1,1,3,task_20251224_104537_197_701c5774_5c104832,0.333333,0,281299,364.3
tools,memtoolagent,eog,hybrid,1,1,3,task_20251224_112727_844_701c5774_58c1bbfb,0.0,0,205715,287.2
tools,memtoolagent,eog,hybrid,1,1,3,task_20251225_130546_796_4d9df647_7e32b59a,0.2,0,111839,676.5
tools,memtoolagent,eog,hybrid,1,1,3,task_20251225_133905_252_060e2c81_7e4fd228,0.875,0,260766,111.9
tools,memtoolagent,eog,hybrid,1,1,3,task_20260113_141825_482_911d75d7_ecab6320,1.0,1,464601,236.9
tools,memtoolagent,eog,hybrid,1,1,3,task_20260113_152354_165_9a1e131b_fc5e2cac,0.0,0,100879,75.9
tools,memtoolagent,eog,hybrid,1,1,3,task_20260114_073013_180_911d75d7_cc244085,0.5,0,241872,237.3
tools,memtoolagent,eog,hybrid,1,1,3,task_20260114_172825_147_1628b966_cc356289,1.0,1,67125,85.5
tools,memtoolagent,eog,hybrid,1,1,3,task_20260115_111059_508_9a1e131b_a201f065,0.5,0,247390,191.5
tools,memtoolagent,eog,hybrid,1,1,3,task_20260115_121701_840_1628b966_ff394d2f,1.0,1,124177,114.7
tools,memtoolagent,eog,hybrid,1,1,3,task_20260115_170553_772_ae7b45e2_daae994c,0.5,0,110397,100.7
tools,memtoolagent,eog,hybrid,1,1,3,task_20260116_080150_885_1628b966_5a58d8e3,0.0,0,151264,111.4
tools,memtoolagent,eog,hybrid,1,1,3,task_20260116_125421_530_806f1a83_3e703812,0.8,0,259939,207.1
tools,memtoolagent,eog,hybrid,1,1,3,task_20260116_131741_243_1628b966_c66e5972,1.0,1,152240,189.4
tools,memtoolagent,eog,hybrid,1,1,3,task_20260117_084409_361_4d9df647_9892db8c,0.0,0,213577,314.7
tools,memtoolagent,eog,hybrid,2,1,1,task_20251216_223804_332_df2c536d_a1d9c559,0.333333,0,145579,158.2
tools,memtoolagent,eog,hybrid,2,1,1,task_20251217_140216_182_701c5774_9fcdf867,1.0,1,187202,81.1
tools,memtoolagent,eog,hybrid,2,1,1,task_20251217_160053_417_701c5774_db625115,0.666667,0,312775,287.5
tools,memtoolagent,eog,hybrid,2,1,1,task_20251218_102205_211_1628b966_06687c79,1.0,1,336856,101.3
tools,memtoolagent,eog,hybrid,2,1,1,task_20251218_103430_472_701c5774_42c99459,0.0,0,250937,196.3
tools,memtoolagent,eog,hybrid,2,1,1,task_20251218_173030_490_23fcbcdb_0e698d81,1.0,1,198978,192.1
tools,memtoolagent,eog,hybrid,2,1,1,task_20251219_174221_127_64a4ebb9_3a8bb36b,0.8,0,167957,70.3
tools,memtoolagent,eog,hybrid,2,1,1,task_20251221_222713_409_64a4ebb9_9915366d,0.8,0,389462,284.5
tools,memtoolagent,eog,hybrid,2,1,1,task_20251222_113047_572_64a4ebb9_cd2083a8,0.8,0,256710,123.8
tools,memtoolagent,eog,hybrid,2,1,1,task_20251224_104537_197_701c5774_5c104832,0.333333,0,287351,340.6
tools,memtoolagent,eog,hybrid,2,1,1,task_20251224_112727_844_701c5774_58c1bbfb,0.0,0,343724,304.3
tools,memtoolagent,eog,hybrid,2,1,1,task_20251225_130546_796_4d9df647_7e32b59a,0.2,0,138971,178.5
tools,memtoolagent,eog,hybrid,2,1,1,task_20251225_133905_252_060e2c81_7e4fd228,0.875,0,262362,120.0
tools,memtoolagent,eog,hybrid,2,1,1,task_20260113_141825_482_911d75d7_ecab6320,1.0,1,598014,159.0
tools,memtoolagent,eog,hybrid,2,1,1,task_20260113_152354_165_9a1e131b_fc5e2cac,0.0,0,162780,110.5
tools,memtoolagent,eog,hybrid,2,1,1,task_20260114_073013_180_911d75d7_cc244085,0.75,0,366417,288.8
tools,memtoolagent,eog,hybrid,2,1,1,task_20260114_172825_147_1628b966_cc356289,1.0,1,85976,92.8
tools,memtoolagent,eog,hybrid,2,1,1,task_20260115_111059_508_9a1e131b_a201f065,0.333333,0,249326,155.8
tools,memtoolagent,eog,hybrid,2,1,1,task_20260115_121701_840_1628b966_ff394d2f,1.0,1,165413,88.5
tools,memtoolagent,eog,hybrid,2,1,1,task_20260115_170553_772_ae7b45e2_daae994c,0.5,0,143069,113.2
tools,memtoolagent,eog,hybrid,2,1,1,task_20260116_080150_885_1628b966_5a58d8e3,0.0,0,157138,115.8
tools,memtoolagent,eog,hybrid,2,1,1,task_20260116_125421_530_806f1a83_3e703812,0.8,0,337032,308.2
tools,memtoolagent,eog,hybrid,2,1,1,task_20260116_131741_243_1628b966_c66e5972,1.0,1,216417,219.5
tools,memtoolagent,eog,hybrid,2,1,1,task_20260117_084409_361_4d9df647_9892db8c,0.0,0,179758,257.0
tools,memtoolagent,eog,hybrid,2,1,2,task_20251216_223804_332_df2c536d_a1d9c559,0.333333,0,170518,242.0
tools,memtoolagent,eog,hybrid,2,1,2,task_20251217_140216_182_701c5774_9fcdf867,1.0,1,160871,164.0
tools,memtoolagent,eog,hybrid,2,1,2,task_20251217_160053_417_701c5774_db625115,1.0,1,295027,310.2
tools,memtoolagent,eog,hybrid,2,1,2,task_20251218_102205_211_1628b966_06687c79,0.5,0,346374,212.0
tools,memtoolagent,eog,hybrid,2,1,2,task_20251218_103430_472_701c5774_42c99459,0.0,0,310886,411.7
tools,memtoolagent,eog,hybrid,2,1,2,task_20251218_173030_490_23fcbcdb_0e698d81,1.0,1,278432,167.2
tools,memtoolagent,eog,hybrid,2,1,2,task_20251219_174221_127_64a4ebb9_3a8bb36b,0.8,0,198227,57.5
tools,memtoolagent,eog,hybrid,2,1,2,task_20251221_222713_409_64a4ebb9_9915366d,1.0,1,228181,95.6
tools,memtoolagent,eog,hybrid,2,1,2,task_20251222_113047_572_64a4ebb9_cd2083a8,0.8,0,285320,80.4
tools,memtoolagent,eog,hybrid,2,1,2,task_20251224_104537_197_701c5774_5c104832,0.333333,0,345758,294.8
tools,memtoolagent,eog,hybrid,2,1,2,task_20251224_112727_844_701c5774_58c1bbfb,0.0,0,311032,245.3
tools,memtoolagent,eog,hybrid,2,1,2,task_20251225_130546_796_4d9df647_7e32b59a,0.2,0,138744,158.2
tools,memtoolagent,eog,hybrid,2,1,2,task_20251225_133905_252_060e2c81_7e4fd228,0.875,0,320634,155.7
tools,memtoolagent,eog,hybrid,2,1,2,task_20260113_141825_482_911d75d7_ecab6320,1.0,1,565144,166.8
tools,memtoolagent,eog,hybrid,2,1,2,task_20260113_152354_165_9a1e131b_fc5e2cac,0.0,0,185576,241.1
tools,memtoolagent,eog,hybrid,2,1,2,task_20260114_073013_180_911d75d7_cc244085,0.75,0,403634,344.5
tools,memtoolagent,eog,hybrid,2,1,2,task_20260114_172825_147_1628b966_cc356289,1.0,1,113702,85.6
tools,memtoolagent,eog,hybrid,2,1,2,task_20260115_111059_508_9a1e131b_a201f065,0.5,0,222541,103.0
tools,memtoolagent,eog,hybrid,2,1,2,task_20260115_121701_840_1628b966_ff394d2f,1.0,1,163705,73.1
tools,memtoolagent,eog,hybrid,2,1,2,task_20260115_170553_772_ae7b45e2_daae994c,0.5,0,142783,109.8
tools,memtoolagent,eog,hybrid,2,1,2,task_20260116_080150_885_1628b966_5a58d8e3,0.0,0,157739,106.0
tools,memtoolagent,eog,hybrid,2,1,2,task_20260116_125421_530_806f1a83_3e703812,0.8,0,297456,156.0
tools,memtoolagent,eog,hybrid,2,1,2,task_20260116_131741_243_1628b966_c66e5972,1.0,1,219534,208.0
tools,memtoolagent,eog,hybrid,2,1,2,task_20260117_084409_361_4d9df647_9892db8c,0.0,0,249762,358.2
tools,memtoolagent,eog,hybrid,2,1,3,task_20251216_223804_332_df2c536d_a1d9c559,0.666667,0,121683,117.4
tools,memtoolagent,eog,hybrid,2,1,3,task_20251217_140216_182_701c5774_9fcdf867,1.0,1,160754,80.3
tools,memtoolagent,eog,hybrid,2,1,3,task_20251217_160053_417_701c5774_db625115,0.666667,0,472920,306.1
tools,memtoolagent,eog,hybrid,2,1,3,task_20251218_102205_211_1628b966_06687c79,0.5,0,342507,203.7
tools,memtoolagent,eog,hybrid,2,1,3,task_20251218_103430_472_701c5774_42c99459,0.0,0,304998,211.4
tools,memtoolagent,eog,hybrid,2,1,3,task_20251218_173030_490_23fcbcdb_0e698d81,1.0,1,226949,230.8
tools,memtoolagent,eog,hybrid,2,1,3,task_20251219_174221_127_64a4ebb9_3a8bb36b,0.8,0,194838,79.1
tools,memtoolagent,eog,hybrid,2,1,3,task_20251221_222713_409_64a4ebb9_9915366d,1.0,1,282197,187.3
tools,memtoolagent,eog,hybrid,2,1,3,task_20251222_113047_572_64a4ebb9_cd2083a8,0.8,0,288347,157.4
tools,memtoolagent,eog,hybrid,2,1,3,task_20251224_104537_197_701c5774_5c104832,0.333333,0,407888,377.5
tools,memtoolagent,eog,hybrid,2,1,3,task_20251224_112727_844_701c5774_58c1bbfb,0.0,0,190556,218.0
tools,memtoolagent,eog,hybrid,2,1,3,task_20251225_130546_796_4d9df647_7e32b59a,0.0,0,138656,131.8
tools,memtoolagent,eog,hybrid,2,1,3,task_20251225_133905_252_060e2c81_7e4fd228,0.875,0,321598,135.1
tools,memtoolagent,eog,hybrid,2,1,3,task_20260113_141825_482_911d75d7_ecab6320,1.0,1,686156,199.8
tools,memtoolagent,eog,hybrid,2,1,3,task_20260113_152354_165_9a1e131b_fc5e2cac,0.0,0,163049,103.6
tools,memtoolagent,eog,hybrid,2,1,3,task_20260114_073013_180_911d75d7_cc244085,0.75,0,432272,345.1
tools,memtoolagent,eog,hybrid,2,1,3,task_20260114_172825_147_1628b966_cc356289,1.0,1,204371,228.4
tools,memtoolagent,eog,hybrid,2,1,3,task_20260115_111059_508_9a1e131b_a201f065,0.166667,0,257019,189.5
tools,memtoolagent,eog,hybrid,2,1,3,task_20260115_121701_840_1628b966_ff394d2f,1.0,1,163319,48.1
tools,memtoolagent,eog,hybrid,2,1,3,task_20260115_170553_772_ae7b45e2_daae994c,0.5,0,141869,143.3
tools,memtoolagent,eog,hybrid,2,1,3,task_20260116_080150_885_1628b966_5a58d8e3,0.0,0,159303,116.7
tools,memtoolagent,eog,hybrid,2,1,3,task_20260116_125421_530_806f1a83_3e703812,0.8,0,299391,171.9
tools,memtoolagent,eog,hybrid,2,1,3,task_20260116_131741_243_1628b966_c66e5972,0.5,0,193653,244.3
tools,memtoolagent,eog,hybrid,2,1,3,task_20260117_084409_361_4d9df647_9892db8c,0.0,0,214008,227.8
tools,memtoolagent,eog,hybrid,2,2,1,task_20251222_151946_409_060e2c81_253357ab,1.0,1,325800,430.6
tools,memtoolagent,eog,hybrid,2,2,1,task_20251225_074839_957_701c5774_eef4d0c4,1.0,1,222180,187.3
tools,memtoolagent,eog,hybrid,2,2,1,task_20251226_133324_902_e5bf1251_942c943a,0.5,0,191939,159.9
tools,memtoolagent,eog,hybrid,2,2,1,task_20251226_150609_837_4d9df647_84917c0b,0.428571,0,535260,564.0
tools,memtoolagent,eog,hybrid,2,2,1,task_20251226_150647_118_13762b97_8da0c6a5,0.75,0,268780,153.3
tools,memtoolagent,eog,hybrid,2,2,1,task_20251226_225931_685_bca89e7d_597733d7,0.5,0,183853,149.9
tools,memtoolagent,eog,hybrid,2,2,1,task_20260113_114937_574_4d9df647_a8d4341b,0.4,0,254630,516.1
tools,memtoolagent,eog,hybrid,2,2,1,task_20260113_120745_735_4d9df647_017a9009,1.0,1,169204,100.9
tools,memtoolagent,eog,hybrid,2,2,1,task_20260113_141542_776_911d75d7_78be6b0f,0.666667,0,134795,92.8
tools,memtoolagent,eog,hybrid,2,2,1,task_20260115_122753_129_1628b966_0c22c9cc,0.666667,0,145472,251.2
tools,memtoolagent,eog,hybrid,2,2,1,task_20260119_162417_443_d8f93f2d_2b15bc38,1.0,1,177491,111.6
tools,memtoolagent,eog,hybrid,2,2,2,task_20251222_151946_409_060e2c81_253357ab,0.888889,0,345133,308.6
tools,memtoolagent,eog,hybrid,2,2,2,task_20251225_074839_957_701c5774_eef4d0c4,1.0,1,188599,133.7
tools,memtoolagent,eog,hybrid,2,2,2,task_20251226_133324_902_e5bf1251_942c943a,0.5,0,128273,98.0
tools,memtoolagent,eog,hybrid,2,2,2,task_20251226_150609_837_4d9df647_84917c0b,0.428571,0,573047,503.6
tools,memtoolagent,eog,hybrid,2,2,2,task_20251226_150647_118_13762b97_8da0c6a5,0.625,0,294065,174.7
tools,memtoolagent,eog,hybrid,2,2,2,task_20251226_225931_685_bca89e7d_597733d7,1.0,1,158443,144.7
tools,memtoolagent,eog,hybrid,2,2,2,task_20260113_114937_574_4d9df647_a8d4341b,0.4,0,330399,552.8
tools,memtoolagent,eog,hybrid,2,2,2,task_20260113_120745_735_4d9df647_017a9009,1.0,1,122470,78.2
tools,memtoolagent,eog,hybrid,2,2,2,task_20260113_141542_776_911d75d7_78be6b0f,0.666667,0,134498,68.6
tools,memtoolagent,eog,hybrid,2,2,2,task_20260115_122753_129_1628b966_0c22c9cc,0.666667,0,235803,152.8
tools,memtoolagent,eog,hybrid,2,2,2,task_20260119_162417_443_d8f93f2d_2b15bc38,1.0,1,177653,122.4
tools,memtoolagent,eog,hybrid,2,2,3,task_20251222_151946_409_060e2c81_253357ab,0.888889,0,453902,342.4
tools,memtoolagent,eog,hybrid,2,2,3,task_20251225_074839_957_701c5774_eef4d0c4,1.0,1,188851,102.7
tools,memtoolagent,eog,hybrid,2,2,3,task_20251226_133324_902_e5bf1251_942c943a,0.5,0,192112,129.6
tools,memtoolagent,eog,hybrid,2,2,3,task_20251226_150609_837_4d9df647_84917c0b,0.428571,0,494224,366.4
tools,memtoolagent,eog,hybrid,2,2,3,task_20251226_150647_118_13762b97_8da0c6a5,0.75,0,334586,184.5
tools,memtoolagent,eog,hybrid,2,2,3,task_20251226_225931_685_bca89e7d_597733d7,0.75,0,259949,148.6
tools,memtoolagent,eog,hybrid,2,2,3,task_20260113_114937_574_4d9df647_a8d4341b,0.4,0,274606,408.8
tools,memtoolagent,eog,hybrid,2,2,3,task_20260113_120745_735_4d9df647_017a9009,1.0,1,122015,83.7
tools,memtoolagent,eog,hybrid,2,2,3,task_20260113_141542_776_911d75d7_78be6b0f,1.0,1,133322,32.9
tools,memtoolagent,eog,hybrid,2,2,3,task_20260115_122753_129_1628b966_0c22c9cc,0.666667,0,204623,149.2
tools,memtoolagent,eog,hybrid,2,2,3,task_20260119_162417_443_d8f93f2d_2b15bc38,1.0,1,119431,82.7
tools,memtoolagent,eog,hybrid,3,1,1,task_20251216_223804_332_df2c536d_a1d9c559,0.333333,0,167687,171.9
tools,memtoolagent,eog,hybrid,3,1,1,task_20251217_140216_182_701c5774_9fcdf867,1.0,1,216497,90.8
tools,memtoolagent,eog,hybrid,3,1,1,task_20251217_160053_417_701c5774_db625115,0.666667,0,478634,254.5
tools,memtoolagent,eog,hybrid,3,1,1,task_20251218_102205_211_1628b966_06687c79,1.0,1,399359,179.4
tools,memtoolagent,eog,hybrid,3,1,1,task_20251218_103430_472_701c5774_42c99459,0.0,0,286446,193.8
tools,memtoolagent,eog,hybrid,3,1,1,task_20251218_173030_490_23fcbcdb_0e698d81,1.0,1,251723,163.6
tools,memtoolagent,eog,hybrid,3,1,1,task_20251219_174221_127_64a4ebb9_3a8bb36b,1.0,1,260157,57.1
tools,memtoolagent,eog,hybrid,3,1,1,task_20251221_222713_409_64a4ebb9_9915366d,1.0,1,331170,244.1
tools,memtoolagent,eog,hybrid,3,1,1,task_20251222_113047_572_64a4ebb9_cd2083a8,0.8,0,301836,180.2
tools,memtoolagent,eog,hybrid,3,1,1,task_20251224_104537_197_701c5774_5c104832,0.333333,0,429177,356.9
tools,memtoolagent,eog,hybrid,3,1,1,task_20251224_112727_844_701c5774_58c1bbfb,0.0,0,290915,306.3
tools,memtoolagent,eog,hybrid,3,1,1,task_20251225_130546_796_4d9df647_7e32b59a,0.2,0,211735,193.1
tools,memtoolagent,eog,hybrid,3,1,1,task_20251225_133905_252_060e2c81_7e4fd228,0.875,0,361091,149.4
tools,memtoolagent,eog,hybrid,3,1,1,task_20260113_141825_482_911d75d7_ecab6320,1.0,1,649849,233.1
tools,memtoolagent,eog,hybrid,3,1,1,task_20260113_152354_165_9a1e131b_fc5e2cac,0.0,0,213295,126.5
tools,memtoolagent,eog,hybrid,3,1,1,task_20260114_073013_180_911d75d7_cc244085,0.75,0,448106,260.1
tools,memtoolagent,eog,hybrid,3,1,1,task_20260114_172825_147_1628b966_cc356289,1.0,1,100345,138.4
tools,memtoolagent,eog,hybrid,3,1,1,task_20260115_111059_508_9a1e131b_a201f065,0.5,0,220975,172.6
tools,memtoolagent,eog,hybrid,3,1,1,task_20260115_121701_840_1628b966_ff394d2f,1.0,1,189372,88.4
tools,memtoolagent,eog,hybrid,3,1,1,task_20260115_170553_772_ae7b45e2_daae994c,0.5,0,202714,122.3
tools,memtoolagent,eog,hybrid,3,1,1,task_20260116_080150_885_1628b966_5a58d8e3,0.0,0,172112,104.9
tools,memtoolagent,eog,hybrid,3,1,1,task_20260116_125421_530_806f1a83_3e703812,0.8,0,349014,209.8
tools,memtoolagent,eog,hybrid,3,1,1,task_20260116_131741_243_1628b966_c66e5972,1.0,1,285418,293.5
tools,memtoolagent,eog,hybrid,3,1,1,task_20260117_084409_361_4d9df647_9892db8c,0.0,0,214325,225.0
tools,memtoolagent,eog,hybrid,3,1,2,task_20251216_223804_332_df2c536d_a1d9c559,0.666667,0,110992,106.7
tools,memtoolagent,eog,hybrid,3,1,2,task_20251217_140216_182_701c5774_9fcdf867,1.0,1,183553,49.9
tools,memtoolagent,eog,hybrid,3,1,2,task_20251217_160053_417_701c5774_db625115,0.666667,0,419482,237.3
tools,memtoolagent,eog,hybrid,3,1,2,task_20251218_102205_211_1628b966_06687c79,1.0,1,395930,120.9
tools,memtoolagent,eog,hybrid,3,1,2,task_20251218_103430_472_701c5774_42c99459,0.0,0,349431,159.8
tools,memtoolagent,eog,hybrid,3,1,2,task_20251218_173030_490_23fcbcdb_0e698d81,1.0,1,253137,143.4
tools,memtoolagent,eog,hybrid,3,1,2,task_20251219_174221_127_64a4ebb9_3a8bb36b,0.8,0,335019,89.6
tools,memtoolagent,eog,hybrid,3,1,2,task_20251221_222713_409_64a4ebb9_9915366d,1.0,1,297222,127.9
tools,memtoolagent,eog,hybrid,3,1,2,task_20251222_113047_572_64a4ebb9_cd2083a8,0.8,0,334254,151.0
tools,memtoolagent,eog,hybrid,3,1,2,task_20251224_104537_197_701c5774_5c104832,0.333333,0,431940,339.7
tools,memtoolagent,eog,hybrid,3,1,2,task_20251224_112727_844_701c5774_58c1bbfb,0.0,0,142836,152.8
tools,memtoolagent,eog,hybrid,3,1,2,task_20251225_130546_796_4d9df647_7e32b59a,0.0,0,164494,145.1
tools,memtoolagent,eog,hybrid,3,1,2,task_20251225_133905_252_060e2c81_7e4fd228,0.875,0,286120,71.6
tools,memtoolagent,eog,hybrid,3,1,2,task_20260113_141825_482_911d75d7_ecab6320,1.0,1,649158,165.7
tools,memtoolagent,eog,hybrid,3,1,2,task_20260113_152354_165_9a1e131b_fc5e2cac,0.0,0,188089,134.1
tools,memtoolagent,eog,hybrid,3,1,2,task_20260114_073013_180_911d75d7_cc244085,0.75,0,423209,327.4
tools,memtoolagent,eog,hybrid,3,1,2,task_20260114_172825_147_1628b966_cc356289,1.0,1,167321,115.7
tools,memtoolagent,eog,hybrid,3,1,2,task_20260115_111059_508_9a1e131b_a201f065,0.333333,0,218614,163.5
tools,memtoolagent,eog,hybrid,3,1,2,task_20260115_121701_840_1628b966_ff394d2f,1.0,1,190525,79.8
tools,memtoolagent,eog,hybrid,3,1,2,task_20260115_170553_772_ae7b45e2_daae994c,0.5,0,166754,80.7
tools,memtoolagent,eog,hybrid,3,1,2,task_20260116_080150_885_1628b966_5a58d8e3,0.0,0,213190,132.4
tools,memtoolagent,eog,hybrid,3,1,2,task_20260116_125421_530_806f1a83_3e703812,0.8,0,348128,183.5
tools,memtoolagent,eog,hybrid,3,1,2,task_20260116_131741_243_1628b966_c66e5972,0.5,0,247760,199.3
tools,memtoolagent,eog,hybrid,3,1,2,task_20260117_084409_361_4d9df647_9892db8c,0.0,0,418551,232.1
tools,memtoolagent,eog,hybrid,3,1,3,task_20251216_223804_332_df2c536d_a1d9c559,0.333333,0,110753,84.4
tools,memtoolagent,eog,hybrid,3,1,3,task_20251217_140216_182_701c5774_9fcdf867,1.0,1,250381,112.3
tools,memtoolagent,eog,hybrid,3,1,3,task_20251217_160053_417_701c5774_db625115,0.666667,0,360579,257.5
tools,memtoolagent,eog,hybrid,3,1,3,task_20251218_102205_211_1628b966_06687c79,0.5,0,399948,147.6
tools,memtoolagent,eog,hybrid,3,1,3,task_20251218_103430_472_701c5774_42c99459,0.0,0,351644,168.2
tools,memtoolagent,eog,hybrid,3,1,3,task_20251218_173030_490_23fcbcdb_0e698d81,1.0,1,288140,196.6
tools,memtoolagent,eog,hybrid,3,1,3,task_20251219_174221_127_64a4ebb9_3a8bb36b,0.8,0,233012,62.9
tools,memtoolagent,eog,hybrid,3,1,3,task_20251221_222713_409_64a4ebb9_9915366d,1.0,1,263209,104.5
tools,memtoolagent,eog,hybrid,3,1,3,task_20251222_113047_572_64a4ebb9_cd2083a8,0.8,0,300238,114.5
tools,memtoolagent,eog,hybrid,3,1,3,task_20251224_104537_197_701c5774_5c104832,0.333333,0,287030,230.5
tools,memtoolagent,eog,hybrid,3,1,3,task_20251224_112727_844_701c5774_58c1bbfb,0.0,0,399180,316.4
tools,memtoolagent,eog,hybrid,3,1,3,task_20251225_130546_796_4d9df647_7e32b59a,0.0,0,83008,89.4
tools,memtoolagent,eog,hybrid,3,1,3,task_20251225_133905_252_060e2c81_7e4fd228,0.875,0,363106,71.6
tools,memtoolagent,eog,hybrid,3,1,3,task_20260113_141825_482_911d75d7_ecab6320,1.0,1,677839,137.4
tools,memtoolagent,eog,hybrid,3,1,3,task_20260113_152354_165_9a1e131b_fc5e2cac,0.0,0,186690,110.4
tools,memtoolagent,eog,hybrid,3,1,3,task_20260114_073013_180_911d75d7_cc244085,0.75,0,393406,279.4
tools,memtoolagent,eog,hybrid,3,1,3,task_20260114_172825_147_1628b966_cc356289,1.0,1,136186,94.8
tools,memtoolagent,eog,hybrid,3,1,3,task_20260115_111059_508_9a1e131b_a201f065,0.333333,0,284592,135.2
tools,memtoolagent,eog,hybrid,3,1,3,task_20260115_121701_840_1628b966_ff394d2f,1.0,1,222240,81.4
tools,memtoolagent,eog,hybrid,3,1,3,task_20260115_170553_772_ae7b45e2_daae994c,0.333333,0,165051,76.5
tools,memtoolagent,eog,hybrid,3,1,3,task_20260116_080150_885_1628b966_5a58d8e3,0.0,0,180186,88.1
tools,memtoolagent,eog,hybrid,3,1,3,task_20260116_125421_530_806f1a83_3e703812,0.8,0,347881,196.3
tools,memtoolagent,eog,hybrid,3,1,3,task_20260116_131741_243_1628b966_c66e5972,0.5,0,319455,242.2
tools,memtoolagent,eog,hybrid,3,1,3,task_20260117_084409_361_4d9df647_9892db8c,0.0,0,353996,191.9
tools,memtoolagent,eog,hybrid,3,2,1,task_20251222_151946_409_060e2c81_253357ab,0.888889,0,434954,292.8
tools,memtoolagent,eog,hybrid,3,2,1,task_20251225_074839_957_701c5774_eef4d0c4,1.0,1,251089,123.8
tools,memtoolagent,eog,hybrid,3,2,1,task_20251226_133324_902_e5bf1251_942c943a,0.5,0,216136,106.3
tools,memtoolagent,eog,hybrid,3,2,1,task_20251226_150609_837_4d9df647_84917c0b,0.428571,0,778136,577.1
tools,memtoolagent,eog,hybrid,3,2,1,task_20251226_150647_118_13762b97_8da0c6a5,0.75,0,345717,140.3
tools,memtoolagent,eog,hybrid,3,2,1,task_20251226_225931_685_bca89e7d_597733d7,0.75,0,224712,96.9
tools,memtoolagent,eog,hybrid,3,2,1,task_20260113_114937_574_4d9df647_a8d4341b,0.8,0,301804,419.7
tools,memtoolagent,eog,hybrid,3,2,1,task_20260113_120745_735_4d9df647_017a9009,1.0,1,211609,94.7
tools,memtoolagent,eog,hybrid,3,2,1,task_20260113_141542_776_911d75d7_78be6b0f,1.0,1,154143,66.4
tools,memtoolagent,eog,hybrid,3,2,1,task_20260115_122753_129_1628b966_0c22c9cc,0.666667,0,233097,149.5
tools,memtoolagent,eog,hybrid,3,2,1,task_20260119_162417_443_d8f93f2d_2b15bc38,1.0,1,201693,88.3
tools,memtoolagent,eog,hybrid,3,2,2,task_20251222_151946_409_060e2c81_253357ab,1.0,1,400639,229.9
tools,memtoolagent,eog,hybrid,3,2,2,task_20251225_074839_957_701c5774_eef4d0c4,1.0,1,214300,113.9
tools,memtoolagent,eog,hybrid,3,2,2,task_20251226_133324_902_e5bf1251_942c943a,0.5,0,179082,92.0
tools,memtoolagent,eog,hybrid,3,2,2,task_20251226_150609_837_4d9df647_84917c0b,0.571429,0,596660,339.1
tools,memtoolagent,eog,hybrid,3,2,2,task_20251226_150647_118_13762b97_8da0c6a5,0.875,0,347569,126.0
tools,memtoolagent,eog,hybrid,3,2,2,task_20251226_225931_685_bca89e7d_597733d7,0.75,0,225838,104.9
tools,memtoolagent,eog,hybrid,3,2,2,task_20260113_114937_574_4d9df647_a8d4341b,1.0,1,406201,470.1
tools,memtoolagent,eog,hybrid,3,2,2,task_20260113_120745_735_4d9df647_017a9009,1.0,1,218149,120.8
tools,memtoolagent,eog,hybrid,3,2,2,task_20260113_141542_776_911d75d7_78be6b0f,0.666667,0,78687,36.6
tools,memtoolagent,eog,hybrid,3,2,2,task_20260115_122753_129_1628b966_0c22c9cc,0.666667,0,200541,155.4
tools,memtoolagent,eog,hybrid,3,2,2,task_20260119_162417_443_d8f93f2d_2b15bc38,1.0,1,202410,80.1
tools,memtoolagent,eog,hybrid,3,2,3,task_20251222_151946_409_060e2c81_253357ab,0.888889,0,425802,166.3
tools,memtoolagent,eog,hybrid,3,2,3,task_20251225_074839_957_701c5774_eef4d0c4,1.0,1,178097,78.9
tools,memtoolagent,eog,hybrid,3,2,3,task_20251226_133324_902_e5bf1251_942c943a,0.5,0,179269,106.4
tools,memtoolagent,eog,hybrid,3,2,3,task_20251226_150609_837_4d9df647_84917c0b,0.428571,0,731770,433.6
tools,memtoolagent,eog,hybrid,3,2,3,task_20251226_150647_118_13762b97_8da0c6a5,0.625,0,310617,136.7
tools,memtoolagent,eog,hybrid,3,2,3,task_20251226_225931_685_bca89e7d_597733d7,0.75,0,319838,127.1
tools,memtoolagent,eog,hybrid,3,2,3,task_20260113_114937_574_4d9df647_a8d4341b,0.6,0,271563,290.3
tools,memtoolagent,eog,hybrid,3,2,3,task_20260113_120745_735_4d9df647_017a9009,1.0,1,211699,64.4
tools,memtoolagent,eog,hybrid,3,2,3,task_20260113_141542_776_911d75d7_78be6b0f,1.0,1,106672,72.4
tools,memtoolagent,eog,hybrid,3,2,3,task_20260115_122753_129_1628b966_0c22c9cc,0.666667,0,199686,111.3
tools,memtoolagent,eog,hybrid,3,2,3,task_20260119_162417_443_d8f93f2d_2b15bc38,1.0,1,202767,89.0
tools,memtoolagent,eog,hybrid,3,3,1,task_20251217_130333_406_df2c536d_96566d89,0.333333,0,226671,190.1
tools,memtoolagent,eog,hybrid,3,3,1,task_20251225_071630_879_701c5774_99b636e9,0.5,0,496741,348.3
tools,memtoolagent,eog,hybrid,3,3,1,task_20251225_161315_197_13762b97_44595aaa,0.75,0,291153,166.2
tools,memtoolagent,eog,hybrid,3,3,1,task_20260112_125407_584_1628b966_f5dd38b6,0.5,0,131363,101.6
tools,memtoolagent,eog,hybrid,3,3,1,task_20260114_163605_721_1628b966_187c9544,1.0,1,214318,118.7
tools,memtoolagent,eog,hybrid,3,3,1,task_20260114_174605_380_1628b966_b09f4a35,0.875,0,258433,87.6
tools,memtoolagent,eog,hybrid,3,3,1,task_20260116_064331_915_d8f93f2d_854d09b8,1.0,1,513622,278.0
tools,memtoolagent,eog,hybrid,3,3,1,task_20260116_095226_245_4d9df647_08f9f5b1,0.25,0,330484,164.8
tools,memtoolagent,eog,hybrid,3,3,1,task_20260116_155214_819_baf0b358_0cf4418f,0.5,0,253099,167.4
tools,memtoolagent,eog,hybrid,3,3,2,task_20251217_130333_406_df2c536d_96566d89,0.333333,0,198380,153.2
tools,memtoolagent,eog,hybrid,3,3,2,task_20251225_071630_879_701c5774_99b636e9,0.5,0,427745,313.6
tools,memtoolagent,eog,hybrid,3,3,2,task_20251225_161315_197_13762b97_44595aaa,0.875,0,322444,136.2
tools,memtoolagent,eog,hybrid,3,3,2,task_20260112_125407_584_1628b966_f5dd38b6,0.5,0,131808,93.6
tools,memtoolagent,eog,hybrid,3,3,2,task_20260114_163605_721_1628b966_187c9544,1.0,1,284321,147.8
tools,memtoolagent,eog,hybrid,3,3,2,task_20260114_174605_380_1628b966_b09f4a35,1.0,1,257573,113.9
tools,memtoolagent,eog,hybrid,3,3,2,task_20260116_064331_915_d8f93f2d_854d09b8,1.0,1,399842,160.1
tools,memtoolagent,eog,hybrid,3,3,2,task_20260116_095226_245_4d9df647_08f9f5b1,0.25,0,249520,172.0
tools,memtoolagent,eog,hybrid,3,3,2,task_20260116_155214_819_baf0b358_0cf4418f,0.5,0,327715,141.5
tools,memtoolagent,eog,hybrid,3,3,3,task_20251217_130333_406_df2c536d_96566d89,0.333333,0,349545,345.6
tools,memtoolagent,eog,hybrid,3,3,3,task_20251225_071630_879_701c5774_99b636e9,0.5,0,423519,287.6
tools,memtoolagent,eog,hybrid,3,3,3,task_20251225_161315_197_13762b97_44595aaa,0.875,0,244041,123.8
tools,memtoolagent,eog,hybrid,3,3,3,task_20260112_125407_584_1628b966_f5dd38b6,0.5,0,133097,134.4
tools,memtoolagent,eog,hybrid,3,3,3,task_20260114_163605_721_1628b966_187c9544,1.0,1,249051,156.2
tools,memtoolagent,eog,hybrid,3,3,3,task_20260114_174605_380_1628b966_b09f4a35,0.875,0,255099,112.4
tools,memtoolagent,eog,hybrid,3,3,3,task_20260116_064331_915_d8f93f2d_854d09b8,1.0,1,474943,226.1
tools,memtoolagent,eog,hybrid,3,3,3,task_20260116_095226_245_4d9df647_08f9f5b1,0.25,0,412779,240.9
tools,memtoolagent,eog,hybrid,3,3,3,task_20260116_155214_819_baf0b358_0cf4418f,0.5,0,253333,173.9
tools,memtoolagent,eog,hybrid,4,1,1,task_20251216_223804_332_df2c536d_a1d9c559,0.333333,0,221965,171.1
tools,memtoolagent,eog,hybrid,4,1,1,task_20251217_140216_182_701c5774_9fcdf867,1.0,1,267619,109.3
tools,memtoolagent,eog,hybrid,4,1,1,task_20251217_160053_417_701c5774_db625115,0.666667,0,359944,231.5
tools,memtoolagent,eog,hybrid,4,1,1,task_20251218_102205_211_1628b966_06687c79,0.5,0,539106,211.5
tools,memtoolagent,eog,hybrid,4,1,1,task_20251218_103430_472_701c5774_42c99459,0.0,0,391440,250.8
tools,memtoolagent,eog,hybrid,4,1,1,task_20251218_173030_490_23fcbcdb_0e698d81,1.0,1,311338,155.5
tools,memtoolagent,eog,hybrid,4,1,1,task_20251219_174221_127_64a4ebb9_3a8bb36b,0.8,0,375100,83.5
tools,memtoolagent,eog,hybrid,4,1,1,task_20251221_222713_409_64a4ebb9_9915366d,1.0,1,333890,151.1
tools,memtoolagent,eog,hybrid,4,1,1,task_20251222_113047_572_64a4ebb9_cd2083a8,0.8,0,423751,129.8
tools,memtoolagent,eog,hybrid,4,1,1,task_20251224_104537_197_701c5774_5c104832,0.333333,0,353002,292.3
tools,memtoolagent,eog,hybrid,4,1,1,task_20251224_112727_844_701c5774_58c1bbfb,0.0,0,350491,267.0
tools,memtoolagent,eog,hybrid,4,1,1,task_20251225_130546_796_4d9df647_7e32b59a,0.8,0,552911,255.4
tools,memtoolagent,eog,hybrid,4,1,1,task_20251225_133905_252_060e2c81_7e4fd228,0.875,0,647293,139.9
tools,memtoolagent,eog,hybrid,4,1,1,task_20260113_141825_482_911d75d7_ecab6320,1.0,1,795413,179.7
tools,memtoolagent,eog,hybrid,4,1,1,task_20260113_152354_165_9a1e131b_fc5e2cac,0.0,0,177727,84.6
tools,memtoolagent,eog,hybrid,4,1,1,task_20260114_073013_180_911d75d7_cc244085,0.5,0,553933,274.1
tools,memtoolagent,eog,hybrid,4,1,1,task_20260114_172825_147_1628b966_cc356289,1.0,1,251817,84.0
tools,memtoolagent,eog,hybrid,4,1,1,task_20260115_111059_508_9a1e131b_a201f065,0.333333,0,360171,210.3
tools,memtoolagent,eog,hybrid,4,1,1,task_20260115_121701_840_1628b966_ff394d2f,1.0,1,271191,67.9
tools,memtoolagent,eog,hybrid,4,1,1,task_20260115_170553_772_ae7b45e2_daae994c,0.333333,0,209977,66.3
tools,memtoolagent,eog,hybrid,4,1,1,task_20260116_080150_885_1628b966_5a58d8e3,0.0,0,263477,117.9
tools,memtoolagent,eog,hybrid,4,1,1,task_20260116_125421_530_806f1a83_3e703812,1.0,1,432899,151.8
tools,memtoolagent,eog,hybrid,4,1,1,task_20260116_131741_243_1628b966_c66e5972,1.0,1,259266,168.1
tools,memtoolagent,eog,hybrid,4,1,1,task_20260117_084409_361_4d9df647_9892db8c,0.0,0,497856,222.3
tools,memtoolagent,eog,hybrid,4,1,2,task_20251216_223804_332_df2c536d_a1d9c559,0.333333,0,220367,134.2
tools,memtoolagent,eog,hybrid,4,1,2,task_20251217_140216_182_701c5774_9fcdf867,1.0,1,227901,83.7
tools,memtoolagent,eog,hybrid,4,1,2,task_20251217_160053_417_701c5774_db625115,0.666667,0,285527,267.9
tools,memtoolagent,eog,hybrid,4,1,2,task_20251218_102205_211_1628b966_06687c79,0.5,0,537142,187.9
tools,memtoolagent,eog,hybrid,4,1,2,task_20251218_103430_472_701c5774_42c99459,0.0,0,467447,244.2
tools,memtoolagent,eog,hybrid,4,1,2,task_20251218_173030_490_23fcbcdb_0e698d81,1.0,1,351058,178.6
tools,memtoolagent,eog,hybrid,4,1,2,task_20251219_174221_127_64a4ebb9_3a8bb36b,0.8,0,329796,114.9
tools,memtoolagent,eog,hybrid,4,1,2,task_20251221_222713_409_64a4ebb9_9915366d,1.0,1,415223,251.2
tools,memtoolagent,eog,hybrid,4,1,2,task_20251222_113047_572_64a4ebb9_cd2083a8,0.8,0,379052,149.6
tools,memtoolagent,eog,hybrid,4,1,2,task_20251224_104537_197_701c5774_5c104832,0.333333,0,436083,303.8
tools,memtoolagent,eog,hybrid,4,1,2,task_20251224_112727_844_701c5774_58c1bbfb,0.0,0,655201,492.3
tools,memtoolagent,eog,hybrid,4,1,2,task_20251225_130546_796_4d9df647_7e32b59a,0.2,0,207407,156.4
tools,memtoolagent,eog,hybrid,4,1,2,task_20251225_133905_252_060e2c81_7e4fd228,0.875,0,555785,144.5
tools,memtoolagent,eog,hybrid,4,1,2,task_20260113_141825_482_911d75d7_ecab6320,1.0,1,836521,191.6
tools,memtoolagent,eog,hybrid,4,1,2,task_20260113_152354_165_9a1e131b_fc5e2cac,0.0,0,248006,86.8
tools,memtoolagent,eog,hybrid,4,1,2,task_20260114_073013_180_911d75d7_cc244085,0.5,0,561998,356.2
tools,memtoolagent,eog,hybrid,4,1,2,task_20260114_172825_147_1628b966_cc356289,1.0,1,209569,108.6
tools,memtoolagent,eog,hybrid,4,1,2,task_20260115_111059_508_9a1e131b_a201f065,0.333333,0,316165,119.7
tools,memtoolagent,eog,hybrid,4,1,2,task_20260115_121701_840_1628b966_ff394d2f,1.0,1,272182,83.2
tools,memtoolagent,eog,hybrid,4,1,2,task_20260115_170553_772_ae7b45e2_daae994c,0.5,0,254330,99.9
tools,memtoolagent,eog,hybrid,4,1,2,task_20260116_080150_885_1628b966_5a58d8e3,0.0,0,220052,131.4
tools,memtoolagent,eog,hybrid,4,1,2,task_20260116_125421_530_806f1a83_3e703812,1.0,1,475011,250.9
tools,memtoolagent,eog,hybrid,4,1,2,task_20260116_131741_243_1628b966_c66e5972,0.5,0,262149,307.3
tools,memtoolagent,eog,hybrid,4,1,2,task_20260117_084409_361_4d9df647_9892db8c,0.0,0,309341,156.8
tools,memtoolagent,eog,hybrid,4,1,3,task_20251216_223804_332_df2c536d_a1d9c559,0.666667,0,257211,139.6
tools,memtoolagent,eog,hybrid,4,1,3,task_20251217_140216_182_701c5774_9fcdf867,1.0,1,266730,90.5
tools,memtoolagent,eog,hybrid,4,1,3,task_20251217_160053_417_701c5774_db625115,0.666667,0,302376,232.1
tools,memtoolagent,eog,hybrid,4,1,3,task_20251218_102205_211_1628b966_06687c79,0.5,0,542516,202.6
tools,memtoolagent,eog,hybrid,4,1,3,task_20251218_103430_472_701c5774_42c99459,0.0,0,348319,180.5
tools,memtoolagent,eog,hybrid,4,1,3,task_20251218_173030_490_23fcbcdb_0e698d81,1.0,1,310463,137.9
tools,memtoolagent,eog,hybrid,4,1,3,task_20251219_174221_127_64a4ebb9_3a8bb36b,0.8,0,375880,98.7
tools,memtoolagent,eog,hybrid,4,1,3,task_20251221_222713_409_64a4ebb9_9915366d,1.0,1,375414,128.3
tools,memtoolagent,eog,hybrid,4,1,3,task_20251222_113047_572_64a4ebb9_cd2083a8,0.8,0,419168,116.9
tools,memtoolagent,eog,hybrid,4,1,3,task_20251224_104537_197_701c5774_5c104832,0.333333,0,483759,327.2
tools,memtoolagent,eog,hybrid,4,1,3,task_20251224_112727_844_701c5774_58c1bbfb,0.0,0,359394,278.4
tools,memtoolagent,eog,hybrid,4,1,3,task_20251225_130546_796_4d9df647_7e32b59a,0.0,0,206357,162.9
tools,memtoolagent,eog,hybrid,4,1,3,task_20251225_133905_252_060e2c81_7e4fd228,0.75,0,655569,173.2
tools,memtoolagent,eog,hybrid,4,1,3,task_20260113_141825_482_911d75d7_ecab6320,1.0,1,839736,170.5
tools,memtoolagent,eog,hybrid,4,1,3,task_20260113_152354_165_9a1e131b_fc5e2cac,0.0,0,211619,80.4
tools,memtoolagent,eog,hybrid,4,1,3,task_20260114_073013_180_911d75d7_cc244085,0.75,0,556587,351.9
tools,memtoolagent,eog,hybrid,4,1,3,task_20260114_172825_147_1628b966_cc356289,1.0,1,342083,133.8
tools,memtoolagent,eog,hybrid,4,1,3,task_20260115_111059_508_9a1e131b_a201f065,0.5,0,279515,94.5
tools,memtoolagent,eog,hybrid,4,1,3,task_20260115_121701_840_1628b966_ff394d2f,1.0,1,232062,81.6
tools,memtoolagent,eog,hybrid,4,1,3,task_20260115_170553_772_ae7b45e2_daae994c,0.5,0,211322,81.3
tools,memtoolagent,eog,hybrid,4,1,3,task_20260116_080150_885_1628b966_5a58d8e3,0.0,0,262206,90.2
tools,memtoolagent,eog,hybrid,4,1,3,task_20260116_125421_530_806f1a83_3e703812,1.0,1,473810,157.2
tools,memtoolagent,eog,hybrid,4,1,3,task_20260116_131741_243_1628b966_c66e5972,1.0,1,439380,256.2
tools,memtoolagent,eog,hybrid,4,1,3,task_20260117_084409_361_4d9df647_9892db8c,0.0,0,400123,166.9
tools,memtoolagent,eog,hybrid,4,2,1,task_20251222_151946_409_060e2c81_253357ab,0.888889,0,502703,240.2
tools,memtoolagent,eog,hybrid,4,2,1,task_20251225_074839_957_701c5774_eef4d0c4,1.0,1,262729,119.4
tools,memtoolagent,eog,hybrid,4,2,1,task_20251226_133324_902_e5bf1251_942c943a,0.5,0,265148,118.7
tools,memtoolagent,eog,hybrid,4,2,1,task_20251226_150609_837_4d9df647_84917c0b,0.571429,0,900954,483.4
tools,memtoolagent,eog,hybrid,4,2,1,task_20251226_150647_118_13762b97_8da0c6a5,0.75,0,325500,107.2
tools,memtoolagent,eog,hybrid,4,2,1,task_20251226_225931_685_bca89e7d_597733d7,1.0,1,207660,103.2
tools,memtoolagent,eog,hybrid,4,2,1,task_20260113_114937_574_4d9df647_a8d4341b,1.0,1,544600,488.2
tools,memtoolagent,eog,hybrid,4,2,1,task_20260113_120745_735_4d9df647_017a9009,1.0,1,159211,117.9
tools,memtoolagent,eog,hybrid,4,2,1,task_20260113_141542_776_911d75d7_78be6b0f,1.0,1,209109,52.2
tools,memtoolagent,eog,hybrid,4,2,1,task_20260115_122753_129_1628b966_0c22c9cc,0.666667,0,283514,146.1
tools,memtoolagent,eog,hybrid,4,2,1,task_20260119_162417_443_d8f93f2d_2b15bc38,1.0,1,249685,79.1
tools,memtoolagent,eog,hybrid,4,2,2,task_20251222_151946_409_060e2c81_253357ab,0.888889,0,466329,231.8
tools,memtoolagent,eog,hybrid,4,2,2,task_20251225_074839_957_701c5774_eef4d0c4,1.0,1,266481,132.3
tools,memtoolagent,eog,hybrid,4,2,2,task_20251226_133324_902_e5bf1251_942c943a,0.5,0,263820,86.1
tools,memtoolagent,eog,hybrid,4,2,2,task_20251226_150609_837_4d9df647_84917c0b,0.428571,0,1068023,421.8
tools,memtoolagent,eog,hybrid,4,2,2,task_20251226_150647_118_13762b97_8da0c6a5,0.875,0,276318,77.4
tools,memtoolagent,eog,hybrid,4,2,2,task_20251226_225931_685_bca89e7d_597733d7,1.0,1,249704,89.3
tools,memtoolagent,eog,hybrid,4,2,2,task_20260113_114937_574_4d9df647_a8d4341b,0.8,0,399903,288.2
tools,memtoolagent,eog,hybrid,4,2,2,task_20260113_120745_735_4d9df647_017a9009,1.0,1,312925,123.8
tools,memtoolagent,eog,hybrid,4,2,2,task_20260113_141542_776_911d75d7_78be6b0f,1.0,1,108520,47.5
tools,memtoolagent,eog,hybrid,4,2,2,task_20260115_122753_129_1628b966_0c22c9cc,0.666667,0,241012,136.8
tools,memtoolagent,eog,hybrid,4,2,2,task_20260119_162417_443_d8f93f2d_2b15bc38,1.0,1,250095,93.0
tools,memtoolagent,eog,hybrid,4,2,3,task_20251222_151946_409_060e2c81_253357ab,0.888889,0,616870,210.6
tools,memtoolagent,eog,hybrid,4,2,3,task_20251225_074839_957_701c5774_eef4d0c4,1.0,1,262735,99.8
tools,memtoolagent,eog,hybrid,4,2,3,task_20251226_133324_902_e5bf1251_942c943a,0.5,0,264205,77.6
tools,memtoolagent,eog,hybrid,4,2,3,task_20251226_150609_837_4d9df647_84917c0b,0.428571,0,735290,307.3
tools,memtoolagent,eog,hybrid,4,2,3,task_20251226_150647_118_13762b97_8da0c6a5,0.75,0,281475,121.6
tools,memtoolagent,eog,hybrid,4,2,3,task_20251226_225931_685_bca89e7d_597733d7,0.75,0,209890,95.0
tools,memtoolagent,eog,hybrid,4,2,3,task_20260113_114937_574_4d9df647_a8d4341b,1.0,1,449392,316.8
tools,memtoolagent,eog,hybrid,4,2,3,task_20260113_120745_735_4d9df647_017a9009,1.0,1,235233,64.0
tools,memtoolagent,eog,hybrid,4,2,3,task_20260113_141542_776_911d75d7_78be6b0f,1.0,1,140481,35.1
tools,memtoolagent,eog,hybrid,4,2,3,task_20260115_122753_129_1628b966_0c22c9cc,0.666667,0,200396,88.6
tools,memtoolagent,eog,hybrid,4,2,3,task_20260119_162417_443_d8f93f2d_2b15bc38,1.0,1,250029,58.7
tools,memtoolagent,eog,hybrid,4,3,1,task_20251217_130333_406_df2c536d_96566d89,0.333333,0,259204,103.3
tools,memtoolagent,eog,hybrid,4,3,1,task_20251225_071630_879_701c5774_99b636e9,0.5,0,606290,231.5
tools,memtoolagent,eog,hybrid,4,3,1,task_20251225_161315_197_13762b97_44595aaa,0.75,0,343774,70.6
tools,memtoolagent,eog,hybrid,4,3,1,task_20260112_125407_584_1628b966_f5dd38b6,0.5,0,247250,106.7
tools,memtoolagent,eog,hybrid,4,3,1,task_20260114_163605_721_1628b966_187c9544,1.0,1,310259,126.2
tools,memtoolagent,eog,hybrid,4,3,1,task_20260114_174605_380_1628b966_b09f4a35,0.75,0,315339,99.3
tools,memtoolagent,eog,hybrid,4,3,1,task_20260116_064331_915_d8f93f2d_854d09b8,1.0,1,586812,165.4
tools,memtoolagent,eog,hybrid,4,3,1,task_20260116_095226_245_4d9df647_08f9f5b1,0.25,0,564959,197.6
tools,memtoolagent,eog,hybrid,4,3,1,task_20260116_155214_819_baf0b358_0cf4418f,0.5,0,467619,195.5
tools,memtoolagent,eog,hybrid,4,3,2,task_20251217_130333_406_df2c536d_96566d89,0.666667,0,333227,159.1
tools,memtoolagent,eog,hybrid,4,3,2,task_20251225_071630_879_701c5774_99b636e9,0.5,0,608221,265.9
tools,memtoolagent,eog,hybrid,4,3,2,task_20251225_161315_197_13762b97_44595aaa,0.875,0,346883,124.4
tools,memtoolagent,eog,hybrid,4,3,2,task_20260112_125407_584_1628b966_f5dd38b6,0.5,0,246582,94.0
tools,memtoolagent,eog,hybrid,4,3,2,task_20260114_163605_721_1628b966_187c9544,1.0,1,313117,146.2
tools,memtoolagent,eog,hybrid,4,3,2,task_20260114_174605_380_1628b966_b09f4a35,0.875,0,317506,73.7
tools,memtoolagent,eog,hybrid,4,3,2,task_20260116_064331_915_d8f93f2d_854d09b8,1.0,1,537895,149.2
tools,memtoolagent,eog,hybrid,4,3,2,task_20260116_095226_245_4d9df647_08f9f5b1,0.25,0,668230,195.2
tools,memtoolagent,eog,hybrid,4,3,2,task_20260116_155214_819_baf0b358_0cf4418f,0.5,0,326156,120.5
tools,memtoolagent,eog,hybrid,4,3,3,task_20251217_130333_406_df2c536d_96566d89,0.333333,0,402482,177.4
tools,memtoolagent,eog,hybrid,4,3,3,task_20251225_071630_879_701c5774_99b636e9,0.5,0,700391,299.2
tools,memtoolagent,eog,hybrid,4,3,3,task_20251225_161315_197_13762b97_44595aaa,0.75,0,396719,97.4
tools,memtoolagent,eog,hybrid,4,3,3,task_20260112_125407_584_1628b966_f5dd38b6,0.5,0,175808,68.4
tools,memtoolagent,eog,hybrid,4,3,3,task_20260114_163605_721_1628b966_187c9544,1.0,1,311081,144.1
tools,memtoolagent,eog,hybrid,4,3,3,task_20260114_174605_380_1628b966_b09f4a35,0.875,0,318890,95.7
tools,memtoolagent,eog,hybrid,4,3,3,task_20260116_064331_915_d8f93f2d_854d09b8,1.0,1,557410,187.6
tools,memtoolagent,eog,hybrid,4,3,3,task_20260116_095226_245_4d9df647_08f9f5b1,0.25,0,565016,189.2
tools,memtoolagent,eog,hybrid,4,3,3,task_20260116_155214_819_baf0b358_0cf4418f,0.5,0,328003,157.3
tools,memtoolagent,eog,hybrid,4,4,1,task_20251217_125948_467_6f5b66fc_10d57868,0.666667,0,215803,76.8
tools,memtoolagent,eog,hybrid,4,4,1,task_20251218_115158_065_1628b966_72217cb4,0.0,0,323122,188.8
tools,memtoolagent,eog,hybrid,4,4,1,task_20251219_115208_288_701c5774_66a236f8,0.5,0,491306,343.2
tools,memtoolagent,eog,hybrid,4,4,1,task_20251220_151043_591_0a0bf089_22634f28,0.8,0,347553,63.6
tools,memtoolagent,eog,hybrid,4,4,1,task_20251222_124541_619_64a4ebb9_abb23ceb,1.0,1,287590,56.2
tools,memtoolagent,eog,hybrid,4,4,1,task_20251223_005949_519_13762b97_e08c84a3,0.375,0,605345,289.7
tools,memtoolagent,eog,hybrid,4,4,1,task_20251224_153415_365_0a0bf089_01602883,0.666667,0,217076,90.0
tools,memtoolagent,eog,hybrid,4,4,1,task_20251224_215807_175_8ce75c22_1c31b786,0.25,0,572637,171.7
tools,memtoolagent,eog,hybrid,4,4,1,task_20251225_140851_135_64a4ebb9_c37d6b1b,1.0,1,305762,70.4
tools,memtoolagent,eog,hybrid,4,4,1,task_20251225_152926_506_4d9df647_e4e518ca,0.4,0,592202,459.6
tools,memtoolagent,eog,hybrid,4,4,1,task_20260114_133032_536_4d9df647_0635001b,1.0,1,445238,381.1
tools,memtoolagent,eog,hybrid,4,4,1,task_20260114_164939_471_4d9df647_2aaff95f,0.8,0,508610,169.3
tools,memtoolagent,eog,hybrid,4,4,1,task_20260115_145329_475_23fcbcdb_3a970315,0.75,0,678840,190.0
tools,memtoolagent,eog,hybrid,4,4,1,task_20260116_054437_417_59bb807c_d73ca3e4,0.2,0,562815,125.4
tools,memtoolagent,eog,hybrid,4,4,1,task_20260116_125857_450_1628b966_25b7eec5,0.0,0,295108,86.3
tools,memtoolagent,eog,hybrid,4,4,1,task_20260116_133210_131_806f1a83_4c204063,0.666667,0,356028,152.4
tools,memtoolagent,eog,hybrid,4,4,1,task_20260116_174925_124_d8f93f2d_9e20df73,1.0,1,306947,137.8
tools,memtoolagent,eog,hybrid,4,4,2,task_20251217_125948_467_6f5b66fc_10d57868,0.666667,0,250991,70.5
tools,memtoolagent,eog,hybrid,4,4,2,task_20251218_115158_065_1628b966_72217cb4,0.0,0,233999,146.3
tools,memtoolagent,eog,hybrid,4,4,2,task_20251219_115208_288_701c5774_66a236f8,0.75,0,550238,458.6
tools,memtoolagent,eog,hybrid,4,4,2,task_20251220_151043_591_0a0bf089_22634f28,0.8,0,347236,70.4
tools,memtoolagent,eog,hybrid,4,4,2,task_20251222_124541_619_64a4ebb9_abb23ceb,1.0,1,333785,70.9
tools,memtoolagent,eog,hybrid,4,4,2,task_20251223_005949_519_13762b97_e08c84a3,0.5,0,278534,264.1
tools,memtoolagent,eog,hybrid,4,4,2,task_20251224_153415_365_0a0bf089_01602883,0.666667,0,215675,128.3
tools,memtoolagent,eog,hybrid,4,4,2,task_20251224_215807_175_8ce75c22_1c31b786,0.25,0,129429,179.1
tools,memtoolagent,eog,hybrid,4,4,2,task_20251225_140851_135_64a4ebb9_c37d6b1b,1.0,1,306539,80.3
tools,memtoolagent,eog,hybrid,4,4,2,task_20251225_152926_506_4d9df647_e4e518ca,0.6,0,695181,468.4
tools,memtoolagent,eog,hybrid,4,4,2,task_20260114_133032_536_4d9df647_0635001b,1.0,1,400463,317.9
tools,memtoolagent,eog,hybrid,4,4,2,task_20260114_164939_471_4d9df647_2aaff95f,0.6,0,458556,187.0
tools,memtoolagent,eog,hybrid,4,4,2,task_20260115_145329_475_23fcbcdb_3a970315,0.75,0,494544,183.5
tools,memtoolagent,eog,hybrid,4,4,2,task_20260116_054437_417_59bb807c_d73ca3e4,0.6,0,431016,300.6
tools,memtoolagent,eog,hybrid,4,4,2,task_20260116_125857_450_1628b966_25b7eec5,0.0,0,253326,89.6
tools,memtoolagent,eog,hybrid,4,4,2,task_20260116_133210_131_806f1a83_4c204063,1.0,1,411255,236.1
tools,memtoolagent,eog,hybrid,4,4,2,task_20260116_174925_124_d8f93f2d_9e20df73,1.0,1,394534,216.6
tools,memtoolagent,eog,hybrid,4,4,3,task_20251217_125948_467_6f5b66fc_10d57868,0.666667,0,215159,126.6
tools,memtoolagent,eog,hybrid,4,4,3,task_20251218_115158_065_1628b966_72217cb4,0.0,0,473377,371.6
tools,memtoolagent,eog,hybrid,4,4,3,task_20251219_115208_288_701c5774_66a236f8,0.5,0,710273,709.0
tools,memtoolagent,eog,hybrid,4,4,3,task_20251220_151043_591_0a0bf089_22634f28,0.8,0,347507,151.3
tools,memtoolagent,eog,hybrid,4,4,3,task_20251222_124541_619_64a4ebb9_abb23ceb,1.0,1,333266,65.6
tools,memtoolagent,eog,hybrid,4,4,3,task_20251223_005949_519_13762b97_e08c84a3,0.625,0,437221,427.0
tools,memtoolagent,eog,hybrid,4,4,3,task_20251224_153415_365_0a0bf089_01602883,0.666667,0,179817,194.4
tools,memtoolagent,eog,hybrid,4,4,3,task_20251224_215807_175_8ce75c22_1c31b786,0.25,0,224129,246.2
tools,memtoolagent,eog,hybrid,4,4,3,task_20251225_140851_135_64a4ebb9_c37d6b1b,1.0,1,307909,160.5
tools,memtoolagent,eog,hybrid,4,4,3,task_20251225_152926_506_4d9df647_e4e518ca,0.4,0,372045,486.4
tools,memtoolagent,eog,hybrid,4,4,3,task_20260114_133032_536_4d9df647_0635001b,1.0,1,447016,577.7
tools,memtoolagent,eog,hybrid,4,4,3,task_20260114_164939_471_4d9df647_2aaff95f,0.8,0,560735,280.8
tools,memtoolagent,eog,hybrid,4,4,3,task_20260115_145329_475_23fcbcdb_3a970315,0.75,0,584612,231.4
tools,memtoolagent,eog,hybrid,4,4,3,task_20260116_054437_417_59bb807c_d73ca3e4,0.2,0,458461,343.0
tools,memtoolagent,eog,hybrid,4,4,3,task_20260116_125857_450_1628b966_25b7eec5,0.0,0,294215,127.2
tools,memtoolagent,eog,hybrid,4,4,3,task_20260116_133210_131_806f1a83_4c204063,0.666667,0,352587,237.6
tools,memtoolagent,eog,hybrid,4,4,3,task_20260116_174925_124_d8f93f2d_9e20df73,1.0,1,628374,524.1
tools,memtoolagent,eog,itsm,1,1,1,task_20251210_205620_593_391f1eff_ad65c160,0.0,0,221462,244.4
tools,memtoolagent,eog,itsm,1,1,1,task_20251212_172511_458_e6427839_47076c15,0.5,0,106152,69.7
tools,memtoolagent,eog,itsm,1,1,1,task_20251212_184405_886_e6427839_6413728a,0.333333,0,185874,103.4
tools,memtoolagent,eog,itsm,1,1,1,task_20251212_191411_655_391f1eff_2fef896f,1.0,1,272559,176.0
tools,memtoolagent,eog,itsm,1,1,1,task_20251216_131651_690_764e5ead_f8619b02,1.0,1,237929,115.1
tools,memtoolagent,eog,itsm,1,1,1,task_20251217_153037_688_97d7df7d_be0bd794,1.0,1,161977,105.4
tools,memtoolagent,eog,itsm,1,1,1,task_20251217_205244_161_764e5ead_20429ef8,0.75,0,188477,73.8
tools,memtoolagent,eog,itsm,1,1,1,task_20251218_061956_641_109c89c0_423ed8ee,0.142857,0,428525,299.6
tools,memtoolagent,eog,itsm,1,1,1,task_20251218_082708_201_99ba2325_51726f9c,0.5,0,245098,206.9
tools,memtoolagent,eog,itsm,1,1,1,task_20251218_093719_611_764e5ead_5817d09a,1.0,1,286877,246.3
tools,memtoolagent,eog,itsm,1,1,1,task_20251218_104259_233_66392a82_74b17170,1.0,1,130131,48.8
tools,memtoolagent,eog,itsm,1,1,1,task_20251218_121722_423_1d219d93_8218da6c,0.833333,0,353980,200.2
tools,memtoolagent,eog,itsm,1,1,1,task_20251218_124419_383_66392a82_52c8290e,1.0,1,160463,117.7
tools,memtoolagent,eog,itsm,1,1,1,task_20251218_155314_617_c5ca08eb_3ce3c52f,0.0,0,106966,82.5
tools,memtoolagent,eog,itsm,1,1,1,task_20251218_183102_136_391f1eff_ac9a6986,0.5,0,128876,49.6
tools,memtoolagent,eog,itsm,1,1,1,task_20251218_220134_063_391f1eff_30369342,1.0,1,189033,168.3
tools,memtoolagent,eog,itsm,1,1,1,task_20251218_234602_633_391f1eff_09a746e7,0.5,0,162396,142.0
tools,memtoolagent,eog,itsm,1,1,1,task_20251219_091707_306_ad5a67e3_a76dbe57,0.0,0,104788,72.9
tools,memtoolagent,eog,itsm,1,1,1,task_20251219_111447_756_66392a82_1c69521d,1.0,1,131883,65.8
tools,memtoolagent,eog,itsm,1,1,1,task_20251219_115925_475_1d219d93_53d34d23,0.6,0,296619,248.1
tools,memtoolagent,eog,itsm,1,1,1,task_20251219_144431_663_97d7df7d_a52988e5,0.0,0,189956,165.0
tools,memtoolagent,eog,itsm,1,1,1,task_20251221_233237_652_66392a82_c1a599bb,0.0,0,26879,29.2
tools,memtoolagent,eog,itsm,1,1,1,task_20251222_072805_599_99ba2325_ae6b0778,1.0,1,234222,181.7
tools,memtoolagent,eog,itsm,1,1,1,task_20251222_105710_498_391f1eff_8b25dbef,1.0,1,271372,149.5
tools,memtoolagent,eog,itsm,1,1,1,task_20251222_133355_087_30600918_e9215c57,0.25,0,294935,225.8
tools,memtoolagent,eog,itsm,1,1,1,task_20251222_140957_029_c5ca08eb_3c4271f0,0.666667,0,130675,104.2
tools,memtoolagent,eog,itsm,1,1,1,task_20251222_190928_391_391f1eff_8cb006f5,0.25,0,318812,354.7
tools,memtoolagent,eog,itsm,1,1,1,task_20251222_195853_743_0be70e35_0916fba8,0.5,0,192480,139.8
tools,memtoolagent,eog,itsm,1,1,1,task_20251223_064316_340_01395ded_9c6f3e01,0.5,0,376983,446.6
tools,memtoolagent,eog,itsm,1,1,1,task_20251223_101136_983_1d219d93_d1ba6c2d,0.5,0,271475,180.0
tools,memtoolagent,eog,itsm,1,1,1,task_20251223_132605_091_764e5ead_dd00cc8f,0.6,0,410011,333.8
tools,memtoolagent,eog,itsm,1,1,1,task_20251223_151555_341_764e5ead_9648644d,0.571429,0,447833,272.4
tools,memtoolagent,eog,itsm,1,1,1,task_20260112_183416_157_a8eea1c0_0d6acfd0,0.4,0,218792,160.9
tools,memtoolagent,eog,itsm,1,1,1,task_20260113_031046_703_99ba2325_54f35603,1.0,1,136316,68.2
tools,memtoolagent,eog,itsm,1,1,1,task_20260113_182216_716_a8eea1c0_7a0619e9,0.0,0,163267,115.4
tools,memtoolagent,eog,itsm,1,1,1,task_20260113_182602_664_46ca2862_b6ef60ca,1.0,1,248360,284.5
tools,memtoolagent,eog,itsm,1,1,1,task_20260113_212050_548_a8eea1c0_73a73ce7,0.5,0,201191,605.8
tools,memtoolagent,eog,itsm,1,1,1,task_20260114_094327_107_46ca2862_796e7685,1.0,1,277308,248.4
tools,memtoolagent,eog,itsm,1,1,1,task_20260114_174427_042_99ba2325_7915481a,0.333333,0,80735,61.5
tools,memtoolagent,eog,itsm,1,1,1,task_20260114_180601_485_99ba2325_2dc8b3ce,1.0,1,191971,74.0
tools,memtoolagent,eog,itsm,1,1,1,task_20260114_181932_082_99ba2325_92ddef90,0.6,0,225513,228.1
tools,memtoolagent,eog,itsm,1,1,1,task_20260115_143541_964_fa1836dc_dc6652fd,0.444444,0,172446,241.3
tools,memtoolagent,eog,itsm,1,1,1,task_20260115_152733_296_46ca2862_55f848d3,1.0,1,339388,283.5
tools,memtoolagent,eog,itsm,1,1,1,task_20260115_172636_260_fa1836dc_7a703e50,0.5,0,160019,103.0
tools,memtoolagent,eog,itsm,1,1,1,task_20260116_081645_096_66392a82_fd509f97,0.8,0,321107,463.9
tools,memtoolagent,eog,itsm,1,1,1,task_20260116_101840_488_e6427839_81df8ba3,0.75,0,187243,106.1
tools,memtoolagent,eog,itsm,1,1,1,task_20260116_124300_245_1d219d93_76cd5b4d,1.0,1,163328,125.2
tools,memtoolagent,eog,itsm,1,1,1,task_20260116_224538_330_66392a82_10d0806e,1.0,1,308712,200.0
tools,memtoolagent,eog,itsm,1,1,2,task_20251210_205620_593_391f1eff_ad65c160,0.0,0,252630,299.3
tools,memtoolagent,eog,itsm,1,1,2,task_20251212_172511_458_e6427839_47076c15,0.0,0,81141,62.2
tools,memtoolagent,eog,itsm,1,1,2,task_20251212_184405_886_e6427839_6413728a,0.333333,0,237547,100.4
tools,memtoolagent,eog,itsm,1,1,2,task_20251212_191411_655_391f1eff_2fef896f,1.0,1,306460,242.1
tools,memtoolagent,eog,itsm,1,1,2,task_20251216_131651_690_764e5ead_f8619b02,0.666667,0,216224,129.1
tools,memtoolagent,eog,itsm,1,1,2,task_20251217_153037_688_97d7df7d_be0bd794,1.0,1,245023,155.6
tools,memtoolagent,eog,itsm,1,1,2,task_20251217_205244_161_764e5ead_20429ef8,0.875,0,479326,143.4
tools,memtoolagent,eog,itsm,1,1,2,task_20251218_061956_641_109c89c0_423ed8ee,0.142857,0,292759,280.1
tools,memtoolagent,eog,itsm,1,1,2,task_20251218_082708_201_99ba2325_51726f9c,1.0,1,244394,201.9
tools,memtoolagent,eog,itsm,1,1,2,task_20251218_093719_611_764e5ead_5817d09a,0.857143,0,331730,210.0
tools,memtoolagent,eog,itsm,1,1,2,task_20251218_104259_233_66392a82_74b17170,1.0,1,156138,60.8
tools,memtoolagent,eog,itsm,1,1,2,task_20251218_121722_423_1d219d93_8218da6c,1.0,1,383474,260.0
tools,memtoolagent,eog,itsm,1,1,2,task_20251218_124419_383_66392a82_52c8290e,1.0,1,218511,204.4
tools,memtoolagent,eog,itsm,1,1,2,task_20251218_155314_617_c5ca08eb_3ce3c52f,0.0,0,135604,125.5
tools,memtoolagent,eog,itsm,1,1,2,task_20251218_183102_136_391f1eff_ac9a6986,0.5,0,128577,48.1
tools,memtoolagent,eog,itsm,1,1,2,task_20251218_220134_063_391f1eff_30369342,1.0,1,160922,102.3
tools,memtoolagent,eog,itsm,1,1,2,task_20251218_234602_633_391f1eff_09a746e7,0.5,0,190370,149.2
tools,memtoolagent,eog,itsm,1,1,2,task_20251219_091707_306_ad5a67e3_a76dbe57,0.0,0,77620,47.9
tools,memtoolagent,eog,itsm,1,1,2,task_20251219_111447_756_66392a82_1c69521d,1.0,1,239337,156.6
tools,memtoolagent,eog,itsm,1,1,2,task_20251219_115925_475_1d219d93_53d34d23,1.0,1,326380,248.0
tools,memtoolagent,eog,itsm,1,1,2,task_20251219_144431_663_97d7df7d_a52988e5,0.0,0,190352,151.9
tools,memtoolagent,eog,itsm,1,1,2,task_20251221_233237_652_66392a82_c1a599bb,0.666667,0,104318,71.9
tools,memtoolagent,eog,itsm,1,1,2,task_20251222_072805_599_99ba2325_ae6b0778,1.0,1,230515,191.4
tools,memtoolagent,eog,itsm,1,1,2,task_20251222_105710_498_391f1eff_8b25dbef,1.0,1,163904,227.6
tools,memtoolagent,eog,itsm,1,1,2,task_20251222_133355_087_30600918_e9215c57,0.25,0,298497,282.5
tools,memtoolagent,eog,itsm,1,1,2,task_20251222_140957_029_c5ca08eb_3c4271f0,0.666667,0,129994,95.8
tools,memtoolagent,eog,itsm,1,1,2,task_20251222_190928_391_391f1eff_8cb006f5,0.25,0,241987,290.0
tools,memtoolagent,eog,itsm,1,1,2,task_20251222_195853_743_0be70e35_0916fba8,0.5,0,189446,120.4
tools,memtoolagent,eog,itsm,1,1,2,task_20251223_064316_340_01395ded_9c6f3e01,0.75,0,350874,505.5
tools,memtoolagent,eog,itsm,1,1,2,task_20251223_101136_983_1d219d93_d1ba6c2d,0.833333,0,269809,172.2
tools,memtoolagent,eog,itsm,1,1,2,task_20251223_132605_091_764e5ead_dd00cc8f,0.6,0,341496,297.8
tools,memtoolagent,eog,itsm,1,1,2,task_20251223_151555_341_764e5ead_9648644d,0.571429,0,358534,234.5
tools,memtoolagent,eog,itsm,1,1,2,task_20260112_183416_157_a8eea1c0_0d6acfd0,0.4,0,165799,177.6
tools,memtoolagent,eog,itsm,1,1,2,task_20260113_031046_703_99ba2325_54f35603,1.0,1,163565,97.2
tools,memtoolagent,eog,itsm,1,1,2,task_20260113_182216_716_a8eea1c0_7a0619e9,0.666667,0,160205,100.1
tools,memtoolagent,eog,itsm,1,1,2,task_20260113_182602_664_46ca2862_b6ef60ca,1.0,1,220390,224.5
tools,memtoolagent,eog,itsm,1,1,2,task_20260113_212050_548_a8eea1c0_73a73ce7,0.5,0,170316,198.6
tools,memtoolagent,eog,itsm,1,1,2,task_20260114_094327_107_46ca2862_796e7685,0.666667,0,216694,174.1
tools,memtoolagent,eog,itsm,1,1,2,task_20260114_174427_042_99ba2325_7915481a,0.0,0,55512,56.5
tools,memtoolagent,eog,itsm,1,1,2,task_20260114_180601_485_99ba2325_2dc8b3ce,1.0,1,192870,102.3
tools,memtoolagent,eog,itsm,1,1,2,task_20260114_181932_082_99ba2325_92ddef90,0.6,0,196119,193.0
tools,memtoolagent,eog,itsm,1,1,2,task_20260115_143541_964_fa1836dc_dc6652fd,0.444444,0,199341,272.6
tools,memtoolagent,eog,itsm,1,1,2,task_20260115_152733_296_46ca2862_55f848d3,0.6,0,248586,225.5
tools,memtoolagent,eog,itsm,1,1,2,task_20260115_172636_260_fa1836dc_7a703e50,0.5,0,160342,121.2
tools,memtoolagent,eog,itsm,1,1,2,task_20260116_081645_096_66392a82_fd509f97,0.6,0,295265,318.6
tools,memtoolagent,eog,itsm,1,1,2,task_20260116_101840_488_e6427839_81df8ba3,0.75,0,185789,103.6
tools,memtoolagent,eog,itsm,1,1,2,task_20260116_124300_245_1d219d93_76cd5b4d,1.0,1,192841,123.3
tools,memtoolagent,eog,itsm,1,1,2,task_20260116_224538_330_66392a82_10d0806e,0.6,0,442029,251.2
tools,memtoolagent,eog,itsm,1,1,3,task_20251210_205620_593_391f1eff_ad65c160,0.5,0,249737,231.9
tools,memtoolagent,eog,itsm,1,1,3,task_20251212_172511_458_e6427839_47076c15,0.0,0,80448,66.4
tools,memtoolagent,eog,itsm,1,1,3,task_20251212_184405_886_e6427839_6413728a,0.333333,0,160719,104.9
tools,memtoolagent,eog,itsm,1,1,3,task_20251212_191411_655_391f1eff_2fef896f,1.0,1,327498,219.5
tools,memtoolagent,eog,itsm,1,1,3,task_20251216_131651_690_764e5ead_f8619b02,1.0,1,217991,154.3
tools,memtoolagent,eog,itsm,1,1,3,task_20251217_153037_688_97d7df7d_be0bd794,1.0,1,214917,106.2
tools,memtoolagent,eog,itsm,1,1,3,task_20251217_205244_161_764e5ead_20429ef8,0.875,0,245074,173.7
tools,memtoolagent,eog,itsm,1,1,3,task_20251218_061956_641_109c89c0_423ed8ee,0.142857,0,355529,259.1
tools,memtoolagent,eog,itsm,1,1,3,task_20251218_082708_201_99ba2325_51726f9c,1.0,1,247223,267.7
tools,memtoolagent,eog,itsm,1,1,3,task_20251218_093719_611_764e5ead_5817d09a,0.714286,0,419807,236.6
tools,memtoolagent,eog,itsm,1,1,3,task_20251218_104259_233_66392a82_74b17170,1.0,1,157439,89.4
tools,memtoolagent,eog,itsm,1,1,3,task_20251218_121722_423_1d219d93_8218da6c,1.0,1,301588,175.8
tools,memtoolagent,eog,itsm,1,1,3,task_20251218_124419_383_66392a82_52c8290e,1.0,1,188763,156.5
tools,memtoolagent,eog,itsm,1,1,3,task_20251218_155314_617_c5ca08eb_3ce3c52f,0.0,0,106123,112.1
tools,memtoolagent,eog,itsm,1,1,3,task_20251218_183102_136_391f1eff_ac9a6986,0.5,0,129467,51.0
tools,memtoolagent,eog,itsm,1,1,3,task_20251218_220134_063_391f1eff_30369342,1.0,1,191549,141.3
tools,memtoolagent,eog,itsm,1,1,3,task_20251218_234602_633_391f1eff_09a746e7,1.0,1,189724,135.0
tools,memtoolagent,eog,itsm,1,1,3,task_20251219_091707_306_ad5a67e3_a76dbe57,0.0,0,104662,75.4
tools,memtoolagent,eog,itsm,1,1,3,task_20251219_111447_756_66392a82_1c69521d,0.666667,0,105855,47.7
tools,memtoolagent,eog,itsm,1,1,3,task_20251219_115925_475_1d219d93_53d34d23,1.0,1,325417,267.1
tools,memtoolagent,eog,itsm,1,1,3,task_20251219_144431_663_97d7df7d_a52988e5,0.0,0,222355,195.0
tools,memtoolagent,eog,itsm,1,1,3,task_20251221_233237_652_66392a82_c1a599bb,0.666667,0,104399,40.5
tools,memtoolagent,eog,itsm,1,1,3,task_20251222_072805_599_99ba2325_ae6b0778,1.0,1,259695,151.0
tools,memtoolagent,eog,itsm,1,1,3,task_20251222_105710_498_391f1eff_8b25dbef,0.5,0,163491,179.8
tools,memtoolagent,eog,itsm,1,1,3,task_20251222_133355_087_30600918_e9215c57,0.25,0,233195,125.3
tools,memtoolagent,eog,itsm,1,1,3,task_20251222_140957_029_c5ca08eb_3c4271f0,0.666667,0,130110,73.1
tools,memtoolagent,eog,itsm,1,1,3,task_20251222_190928_391_391f1eff_8cb006f5,0.0,0,221874,207.5
tools,memtoolagent,eog,itsm,1,1,3,task_20251222_195853_743_0be70e35_0916fba8,0.5,0,191959,165.6
tools,memtoolagent,eog,itsm,1,1,3,task_20251223_064316_340_01395ded_9c6f3e01,0.0,0,173663,301.6
tools,memtoolagent,eog,itsm,1,1,3,task_20251223_101136_983_1d219d93_d1ba6c2d,0.5,0,242872,145.5
tools,memtoolagent,eog,itsm,1,1,3,task_20251223_132605_091_764e5ead_dd00cc8f,0.8,0,302553,334.4
tools,memtoolagent,eog,itsm,1,1,3,task_20251223_151555_341_764e5ead_9648644d,0.571429,0,346811,248.0
tools,memtoolagent,eog,itsm,1,1,3,task_20260112_183416_157_a8eea1c0_0d6acfd0,0.2,0,110682,149.2
tools,memtoolagent,eog,itsm,1,1,3,task_20260113_031046_703_99ba2325_54f35603,1.0,1,190677,106.0
tools,memtoolagent,eog,itsm,1,1,3,task_20260113_182216_716_a8eea1c0_7a0619e9,0.666667,0,185221,106.5
tools,memtoolagent,eog,itsm,1,1,3,task_20260113_182602_664_46ca2862_b6ef60ca,0.5,0,164098,175.2
tools,memtoolagent,eog,itsm,1,1,3,task_20260113_212050_548_a8eea1c0_73a73ce7,0.5,0,169320,128.9
tools,memtoolagent,eog,itsm,1,1,3,task_20260114_094327_107_46ca2862_796e7685,1.0,1,246447,238.0
tools,memtoolagent,eog,itsm,1,1,3,task_20260114_174427_042_99ba2325_7915481a,0.333333,0,83655,115.1
tools,memtoolagent,eog,itsm,1,1,3,task_20260114_180601_485_99ba2325_2dc8b3ce,1.0,1,166043,96.5
tools,memtoolagent,eog,itsm,1,1,3,task_20260114_181932_082_99ba2325_92ddef90,0.4,0,219976,195.3
tools,memtoolagent,eog,itsm,1,1,3,task_20260115_143541_964_fa1836dc_dc6652fd,1.0,1,229091,231.3
tools,memtoolagent,eog,itsm,1,1,3,task_20260115_152733_296_46ca2862_55f848d3,0.6,0,221194,224.2
tools,memtoolagent,eog,itsm,1,1,3,task_20260115_172636_260_fa1836dc_7a703e50,0.5,0,159734,94.6
tools,memtoolagent,eog,itsm,1,1,3,task_20260116_081645_096_66392a82_fd509f97,0.8,0,303384,336.2
tools,memtoolagent,eog,itsm,1,1,3,task_20260116_101840_488_e6427839_81df8ba3,0.75,0,216173,152.7
tools,memtoolagent,eog,itsm,1,1,3,task_20260116_124300_245_1d219d93_76cd5b4d,1.0,1,219828,176.0
tools,memtoolagent,eog,itsm,1,1,3,task_20260116_224538_330_66392a82_10d0806e,0.0,0,28386,42.5
tools,memtoolagent,eog,itsm,2,1,1,task_20251210_205620_593_391f1eff_ad65c160,0.5,0,305206,170.9
tools,memtoolagent,eog,itsm,2,1,1,task_20251212_172511_458_e6427839_47076c15,0.0,0,98008,53.4
tools,memtoolagent,eog,itsm,2,1,1,task_20251212_184405_886_e6427839_6413728a,0.333333,0,229318,90.0
tools,memtoolagent,eog,itsm,2,1,1,task_20251212_191411_655_391f1eff_2fef896f,0.666667,0,305944,158.8
tools,memtoolagent,eog,itsm,2,1,1,task_20251216_131651_690_764e5ead_f8619b02,1.0,1,330201,144.5
tools,memtoolagent,eog,itsm,2,1,1,task_20251217_153037_688_97d7df7d_be0bd794,1.0,1,235548,129.1
tools,memtoolagent,eog,itsm,2,1,1,task_20251217_205244_161_764e5ead_20429ef8,0.875,0,337810,137.6
tools,memtoolagent,eog,itsm,2,1,1,task_20251218_061956_641_109c89c0_423ed8ee,0.142857,0,386691,225.9
tools,memtoolagent,eog,itsm,2,1,1,task_20251218_082708_201_99ba2325_51726f9c,1.0,1,269842,148.7
tools,memtoolagent,eog,itsm,2,1,1,task_20251218_093719_611_764e5ead_5817d09a,1.0,1,552285,311.9
tools,memtoolagent,eog,itsm,2,1,1,task_20251218_104259_233_66392a82_74b17170,0.666667,0,130608,59.4
tools,memtoolagent,eog,itsm,2,1,1,task_20251218_121722_423_1d219d93_8218da6c,0.833333,0,339161,179.3
tools,memtoolagent,eog,itsm,2,1,1,task_20251218_124419_383_66392a82_52c8290e,1.0,1,233657,156.3
tools,memtoolagent,eog,itsm,2,1,1,task_20251218_155314_617_c5ca08eb_3ce3c52f,1.0,1,237494,154.5
tools,memtoolagent,eog,itsm,2,1,1,task_20251218_183102_136_391f1eff_ac9a6986,0.5,0,160542,53.4
tools,memtoolagent,eog,itsm,2,1,1,task_20251218_220134_063_391f1eff_30369342,1.0,1,199957,89.0
tools,memtoolagent,eog,itsm,2,1,1,task_20251218_234602_633_391f1eff_09a746e7,0.5,0,200599,119.7
tools,memtoolagent,eog,itsm,2,1,1,task_20251219_091707_306_ad5a67e3_a76dbe57,0.0,0,96547,53.7
tools,memtoolagent,eog,itsm,2,1,1,task_20251219_111447_756_66392a82_1c69521d,1.0,1,200028,81.9
tools,memtoolagent,eog,itsm,2,1,1,task_20251219_115925_475_1d219d93_53d34d23,1.0,1,369664,197.5
tools,memtoolagent,eog,itsm,2,1,1,task_20251219_144431_663_97d7df7d_a52988e5,0.0,0,200512,139.4
tools,memtoolagent,eog,itsm,2,1,1,task_20251221_233237_652_66392a82_c1a599bb,0.0,0,32693,25.1
tools,memtoolagent,eog,itsm,2,1,1,task_20251222_072805_599_99ba2325_ae6b0778,1.0,1,273483,114.9
tools,memtoolagent,eog,itsm,2,1,1,task_20251222_105710_498_391f1eff_8b25dbef,1.0,1,166850,86.9
tools,memtoolagent,eog,itsm,2,1,1,task_20251222_133355_087_30600918_e9215c57,0.5,0,358077,194.9
tools,memtoolagent,eog,itsm,2,1,1,task_20251222_140957_029_c5ca08eb_3c4271f0,0.666667,0,161784,87.8
tools,memtoolagent,eog,itsm,2,1,1,task_20251222_190928_391_391f1eff_8cb006f5,0.25,0,352373,277.0
tools,memtoolagent,eog,itsm,2,1,1,task_20251222_195853_743_0be70e35_0916fba8,0.5,0,196506,80.7
tools,memtoolagent,eog,itsm,2,1,1,task_20251223_064316_340_01395ded_9c6f3e01,0.0,0,180056,239.7
tools,memtoolagent,eog,itsm,2,1,1,task_20251223_101136_983_1d219d93_d1ba6c2d,0.833333,0,331484,196.5
tools,memtoolagent,eog,itsm,2,1,1,task_20251223_132605_091_764e5ead_dd00cc8f,0.6,0,536855,322.3
tools,memtoolagent,eog,itsm,2,1,1,task_20251223_151555_341_764e5ead_9648644d,0.571429,0,416386,208.6
tools,memtoolagent,eog,itsm,2,1,1,task_20260112_183416_157_a8eea1c0_0d6acfd0,0.4,0,236201,99.8
tools,memtoolagent,eog,itsm,2,1,1,task_20260113_031046_703_99ba2325_54f35603,1.0,1,200876,79.0
tools,memtoolagent,eog,itsm,2,1,1,task_20260113_182216_716_a8eea1c0_7a0619e9,0.333333,0,199123,102.1
tools,memtoolagent,eog,itsm,2,1,1,task_20260113_182602_664_46ca2862_b6ef60ca,1.0,1,232830,117.6
tools,memtoolagent,eog,itsm,2,1,1,task_20260113_212050_548_a8eea1c0_73a73ce7,0.5,0,241527,166.2
tools,memtoolagent,eog,itsm,2,1,1,task_20260114_094327_107_46ca2862_796e7685,1.0,1,339238,268.5
tools,memtoolagent,eog,itsm,2,1,1,task_20260114_174427_042_99ba2325_7915481a,0.333333,0,107670,133.9
tools,memtoolagent,eog,itsm,2,1,1,task_20260114_180601_485_99ba2325_2dc8b3ce,1.0,1,269726,82.9
tools,memtoolagent,eog,itsm,2,1,1,task_20260114_181932_082_99ba2325_92ddef90,0.4,0,237281,203.7
tools,memtoolagent,eog,itsm,2,1,1,task_20260115_143541_964_fa1836dc_dc6652fd,0.0,0,103223,127.7
tools,memtoolagent,eog,itsm,2,1,1,task_20260115_152733_296_46ca2862_55f848d3,1.0,1,339113,188.4
tools,memtoolagent,eog,itsm,2,1,1,task_20260115_172636_260_fa1836dc_7a703e50,0.5,0,197746,77.3
tools,memtoolagent,eog,itsm,2,1,1,task_20260116_081645_096_66392a82_fd509f97,0.6,0,345278,366.6
tools,memtoolagent,eog,itsm,2,1,1,task_20260116_101840_488_e6427839_81df8ba3,0.75,0,231132,83.7
tools,memtoolagent,eog,itsm,2,1,1,task_20260116_124300_245_1d219d93_76cd5b4d,1.0,1,234113,125.3
tools,memtoolagent,eog,itsm,2,1,1,task_20260116_224538_330_66392a82_10d0806e,0.0,0,137051,128.7
tools,memtoolagent,eog,itsm,2,1,2,task_20251210_205620_593_391f1eff_ad65c160,0.5,0,411127,238.5
tools,memtoolagent,eog,itsm,2,1,2,task_20251212_172511_458_e6427839_47076c15,0.5,0,98434,43.4
tools,memtoolagent,eog,itsm,2,1,2,task_20251212_184405_886_e6427839_6413728a,0.333333,0,262750,79.9
tools,memtoolagent,eog,itsm,2,1,2,task_20251212_191411_655_391f1eff_2fef896f,1.0,1,269679,176.7
tools,memtoolagent,eog,itsm,2,1,2,task_20251216_131651_690_764e5ead_f8619b02,1.0,1,268354,106.3
tools,memtoolagent,eog,itsm,2,1,2,task_20251217_153037_688_97d7df7d_be0bd794,1.0,1,301204,155.0
tools,memtoolagent,eog,itsm,2,1,2,task_20251217_205244_161_764e5ead_20429ef8,0.75,0,267027,87.3
tools,memtoolagent,eog,itsm,2,1,2,task_20251218_061956_641_109c89c0_423ed8ee,0.142857,0,354183,237.4
tools,memtoolagent,eog,itsm,2,1,2,task_20251218_082708_201_99ba2325_51726f9c,1.0,1,235556,135.0
tools,memtoolagent,eog,itsm,2,1,2,task_20251218_093719_611_764e5ead_5817d09a,1.0,1,343203,219.4
tools,memtoolagent,eog,itsm,2,1,2,task_20251218_104259_233_66392a82_74b17170,1.0,1,194110,58.9
tools,memtoolagent,eog,itsm,2,1,2,task_20251218_121722_423_1d219d93_8218da6c,0.833333,0,538741,278.4
tools,memtoolagent,eog,itsm,2,1,2,task_20251218_124419_383_66392a82_52c8290e,1.0,1,232661,142.5
tools,memtoolagent,eog,itsm,2,1,2,task_20251218_155314_617_c5ca08eb_3ce3c52f,1.0,1,198885,114.4
tools,memtoolagent,eog,itsm,2,1,2,task_20251218_183102_136_391f1eff_ac9a6986,0.5,0,161261,42.0
tools,memtoolagent,eog,itsm,2,1,2,task_20251218_220134_063_391f1eff_30369342,1.0,1,198783,77.1
tools,memtoolagent,eog,itsm,2,1,2,task_20251218_234602_633_391f1eff_09a746e7,0.5,0,266234,121.5
tools,memtoolagent,eog,itsm,2,1,2,task_20251219_091707_306_ad5a67e3_a76dbe57,0.0,0,96886,34.8
tools,memtoolagent,eog,itsm,2,1,2,task_20251219_111447_756_66392a82_1c69521d,0.666667,0,197692,54.3
tools,memtoolagent,eog,itsm,2,1,2,task_20251219_115925_475_1d219d93_53d34d23,0.6,0,367106,187.0
tools,memtoolagent,eog,itsm,2,1,2,task_20251219_144431_663_97d7df7d_a52988e5,0.0,0,270632,182.3
tools,memtoolagent,eog,itsm,2,1,2,task_20251221_233237_652_66392a82_c1a599bb,0.0,0,33752,41.9
tools,memtoolagent,eog,itsm,2,1,2,task_20251222_072805_599_99ba2325_ae6b0778,1.0,1,280844,130.6
tools,memtoolagent,eog,itsm,2,1,2,task_20251222_105710_498_391f1eff_8b25dbef,1.0,1,200792,118.5
tools,memtoolagent,eog,itsm,2,1,2,task_20251222_133355_087_30600918_e9215c57,0.25,0,280739,175.2
tools,memtoolagent,eog,itsm,2,1,2,task_20251222_140957_029_c5ca08eb_3c4271f0,0.666667,0,195121,91.8
tools,memtoolagent,eog,itsm,2,1,2,task_20251222_190928_391_391f1eff_8cb006f5,0.25,0,329165,310.6
tools,memtoolagent,eog,itsm,2,1,2,task_20251222_195853_743_0be70e35_0916fba8,0.5,0,236323,107.1
tools,memtoolagent,eog,itsm,2,1,2,task_20251223_064316_340_01395ded_9c6f3e01,0.25,0,386266,222.9
tools,memtoolagent,eog,itsm,2,1,2,task_20251223_101136_983_1d219d93_d1ba6c2d,0.833333,0,266498,130.7
tools,memtoolagent,eog,itsm,2,1,2,task_20251223_132605_091_764e5ead_dd00cc8f,0.6,0,439523,316.3
tools,memtoolagent,eog,itsm,2,1,2,task_20251223_151555_341_764e5ead_9648644d,0.571429,0,526052,347.6
tools,memtoolagent,eog,itsm,2,1,2,task_20260112_183416_157_a8eea1c0_0d6acfd0,0.4,0,274493,191.7
tools,memtoolagent,eog,itsm,2,1,2,task_20260113_031046_703_99ba2325_54f35603,1.0,1,200595,69.8
tools,memtoolagent,eog,itsm,2,1,2,task_20260113_182216_716_a8eea1c0_7a0619e9,0.666667,0,170875,95.9
tools,memtoolagent,eog,itsm,2,1,2,task_20260113_182602_664_46ca2862_b6ef60ca,0.5,0,236961,138.7
tools,memtoolagent,eog,itsm,2,1,2,task_20260113_212050_548_a8eea1c0_73a73ce7,1.0,1,238116,135.3
tools,memtoolagent,eog,itsm,2,1,2,task_20260114_094327_107_46ca2862_796e7685,0.666667,0,234817,139.6
tools,memtoolagent,eog,itsm,2,1,2,task_20260114_174427_042_99ba2325_7915481a,0.333333,0,99747,49.7
tools,memtoolagent,eog,itsm,2,1,2,task_20260114_180601_485_99ba2325_2dc8b3ce,1.0,1,201674,64.2
tools,memtoolagent,eog,itsm,2,1,2,task_20260114_181932_082_99ba2325_92ddef90,0.4,0,268842,162.2
tools,memtoolagent,eog,itsm,2,1,2,task_20260115_143541_964_fa1836dc_dc6652fd,0.0,0,142124,174.0
tools,memtoolagent,eog,itsm,2,1,2,task_20260115_152733_296_46ca2862_55f848d3,1.0,1,374442,189.3
tools,memtoolagent,eog,itsm,2,1,2,task_20260115_172636_260_fa1836dc_7a703e50,0.5,0,229160,85.6
tools,memtoolagent,eog,itsm,2,1,2,task_20260116_081645_096_66392a82_fd509f97,0.6,0,352375,389.4
tools,memtoolagent,eog,itsm,2,1,2,task_20260116_101840_488_e6427839_81df8ba3,0.75,0,230787,90.7
tools,memtoolagent,eog,itsm,2,1,2,task_20260116_124300_245_1d219d93_76cd5b4d,1.0,1,270491,141.6
tools,memtoolagent,eog,itsm,2,1,2,task_20260116_224538_330_66392a82_10d0806e,0.8,0,509744,183.1
tools,memtoolagent,eog,itsm,2,1,3,task_20251210_205620_593_391f1eff_ad65c160,0.0,0,240412,181.7
tools,memtoolagent,eog,itsm,2,1,3,task_20251212_172511_458_e6427839_47076c15,0.5,0,131955,56.1
tools,memtoolagent,eog,itsm,2,1,3,task_20251212_184405_886_e6427839_6413728a,0.333333,0,228647,102.2
tools,memtoolagent,eog,itsm,2,1,3,task_20251212_191411_655_391f1eff_2fef896f,0.666667,0,335703,166.8
tools,memtoolagent,eog,itsm,2,1,3,task_20251216_131651_690_764e5ead_f8619b02,0.666667,0,235398,102.8
tools,memtoolagent,eog,itsm,2,1,3,task_20251217_153037_688_97d7df7d_be0bd794,1.0,1,167736,103.4
tools,memtoolagent,eog,itsm,2,1,3,task_20251217_205244_161_764e5ead_20429ef8,0.875,0,340370,132.7
tools,memtoolagent,eog,itsm,2,1,3,task_20251218_061956_641_109c89c0_423ed8ee,0.142857,0,419023,220.5
tools,memtoolagent,eog,itsm,2,1,3,task_20251218_082708_201_99ba2325_51726f9c,1.0,1,302233,203.7
tools,memtoolagent,eog,itsm,2,1,3,task_20251218_093719_611_764e5ead_5817d09a,0.857143,0,442921,214.0
tools,memtoolagent,eog,itsm,2,1,3,task_20251218_104259_233_66392a82_74b17170,1.0,1,163285,62.7
tools,memtoolagent,eog,itsm,2,1,3,task_20251218_121722_423_1d219d93_8218da6c,0.833333,0,305286,193.9
tools,memtoolagent,eog,itsm,2,1,3,task_20251218_124419_383_66392a82_52c8290e,1.0,1,196956,93.2
tools,memtoolagent,eog,itsm,2,1,3,task_20251218_155314_617_c5ca08eb_3ce3c52f,1.0,1,235272,176.5
tools,memtoolagent,eog,itsm,2,1,3,task_20251218_183102_136_391f1eff_ac9a6986,0.5,0,161236,46.2
tools,memtoolagent,eog,itsm,2,1,3,task_20251218_220134_063_391f1eff_30369342,1.0,1,196240,61.4
tools,memtoolagent,eog,itsm,2,1,3,task_20251218_234602_633_391f1eff_09a746e7,0.5,0,233469,114.0
tools,memtoolagent,eog,itsm,2,1,3,task_20251219_091707_306_ad5a67e3_a76dbe57,0.0,0,97925,73.3
tools,memtoolagent,eog,itsm,2,1,3,task_20251219_111447_756_66392a82_1c69521d,0.0,0,33212,24.0
tools,memtoolagent,eog,itsm,2,1,3,task_20251219_115925_475_1d219d93_53d34d23,1.0,1,409059,227.5
tools,memtoolagent,eog,itsm,2,1,3,task_20251219_144431_663_97d7df7d_a52988e5,0.0,0,236106,178.4
tools,memtoolagent,eog,itsm,2,1,3,task_20251221_233237_652_66392a82_c1a599bb,0.666667,0,163821,62.5
tools,memtoolagent,eog,itsm,2,1,3,task_20251222_072805_599_99ba2325_ae6b0778,0.666667,0,240029,93.9
tools,memtoolagent,eog,itsm,2,1,3,task_20251222_105710_498_391f1eff_8b25dbef,1.0,1,165962,77.5
tools,memtoolagent,eog,itsm,2,1,3,task_20251222_133355_087_30600918_e9215c57,0.5,0,241688,105.8
tools,memtoolagent,eog,itsm,2,1,3,task_20251222_140957_029_c5ca08eb_3c4271f0,0.666667,0,160110,81.2
tools,memtoolagent,eog,itsm,2,1,3,task_20251222_190928_391_391f1eff_8cb006f5,0.25,0,325707,186.0
tools,memtoolagent,eog,itsm,2,1,3,task_20251222_195853_743_0be70e35_0916fba8,0.5,0,278244,172.8
tools,memtoolagent,eog,itsm,2,1,3,task_20251223_064316_340_01395ded_9c6f3e01,0.25,0,463976,487.1
tools,memtoolagent,eog,itsm,2,1,3,task_20251223_101136_983_1d219d93_d1ba6c2d,0.5,0,369094,209.2
tools,memtoolagent,eog,itsm,2,1,3,task_20251223_132605_091_764e5ead_dd00cc8f,0.6,0,313288,198.0
tools,memtoolagent,eog,itsm,2,1,3,task_20251223_151555_341_764e5ead_9648644d,0.428571,0,480649,228.2
tools,memtoolagent,eog,itsm,2,1,3,task_20260112_183416_157_a8eea1c0_0d6acfd0,0.4,0,270076,188.9
tools,memtoolagent,eog,itsm,2,1,3,task_20260113_031046_703_99ba2325_54f35603,1.0,1,199821,77.2
tools,memtoolagent,eog,itsm,2,1,3,task_20260113_182216_716_a8eea1c0_7a0619e9,0.666667,0,236278,135.4
tools,memtoolagent,eog,itsm,2,1,3,task_20260113_182602_664_46ca2862_b6ef60ca,1.0,1,271425,185.6
tools,memtoolagent,eog,itsm,2,1,3,task_20260113_212050_548_a8eea1c0_73a73ce7,1.0,1,244836,153.6
tools,memtoolagent,eog,itsm,2,1,3,task_20260114_094327_107_46ca2862_796e7685,1.0,1,339238,200.3
tools,memtoolagent,eog,itsm,2,1,3,task_20260114_174427_042_99ba2325_7915481a,0.333333,0,135703,91.8
tools,memtoolagent,eog,itsm,2,1,3,task_20260114_180601_485_99ba2325_2dc8b3ce,1.0,1,270455,89.0
tools,memtoolagent,eog,itsm,2,1,3,task_20260114_181932_082_99ba2325_92ddef90,0.6,0,309256,221.6
tools,memtoolagent,eog,itsm,2,1,3,task_20260115_143541_964_fa1836dc_dc6652fd,1.0,1,419501,341.0
tools,memtoolagent,eog,itsm,2,1,3,task_20260115_152733_296_46ca2862_55f848d3,0.6,0,274272,218.3
tools,memtoolagent,eog,itsm,2,1,3,task_20260115_172636_260_fa1836dc_7a703e50,0.5,0,197877,90.7
tools,memtoolagent,eog,itsm,2,1,3,task_20260116_081645_096_66392a82_fd509f97,0.6,0,313254,227.7
tools,memtoolagent,eog,itsm,2,1,3,task_20260116_101840_488_e6427839_81df8ba3,0.75,0,231479,86.6
tools,memtoolagent,eog,itsm,2,1,3,task_20260116_124300_245_1d219d93_76cd5b4d,1.0,1,269880,163.1
tools,memtoolagent,eog,itsm,2,1,3,task_20260116_224538_330_66392a82_10d0806e,0.0,0,103275,123.2
tools,memtoolagent,eog,itsm,2,2,1,task_20251218_164829_676_97d7df7d_893f6b2c,0.0,0,208256,224.8
tools,memtoolagent,eog,itsm,2,2,1,task_20251219_062202_346_66392a82_1d2065dd,1.0,1,199521,84.8
tools,memtoolagent,eog,itsm,2,2,1,task_20251219_130920_558_99ba2325_7f9481df,0.666667,0,161454,63.3
tools,memtoolagent,eog,itsm,2,2,1,task_20251221_045452_579_99ba2325_0e601eac,0.8,0,301619,137.9
tools,memtoolagent,eog,itsm,2,2,1,task_20251222_075116_761_30600918_a7f0a69a,0.25,0,174766,111.3
tools,memtoolagent,eog,itsm,2,2,1,task_20251223_063905_655_30600918_3e736be9,0.4,0,243715,115.5
tools,memtoolagent,eog,itsm,2,2,1,task_20251223_135402_072_c5ca08eb_67009578,0.0,0,195603,96.6
tools,memtoolagent,eog,itsm,2,2,1,task_20260112_194743_238_a8eea1c0_a4b1468a,0.166667,0,282578,172.1
tools,memtoolagent,eog,itsm,2,2,1,task_20260113_183935_893_e6427839_03a04c19,0.0,0,65481,51.0
tools,memtoolagent,eog,itsm,2,2,1,task_20260114_073658_459_78a5b71e_cab5cc9f,0.5,0,206323,176.4
tools,memtoolagent,eog,itsm,2,2,1,task_20260115_153041_899_d4a463c3_cab6d59b,0.5,0,411944,159.4
tools,memtoolagent,eog,itsm,2,2,1,task_20260117_000130_134_2aa6b0ad_a20f3a61,0.0,0,362891,302.9
tools,memtoolagent,eog,itsm,2,2,2,task_20251218_164829_676_97d7df7d_893f6b2c,0.666667,0,285888,297.7
tools,memtoolagent,eog,itsm,2,2,2,task_20251219_062202_346_66392a82_1d2065dd,1.0,1,198336,67.7
tools,memtoolagent,eog,itsm,2,2,2,task_20251219_130920_558_99ba2325_7f9481df,0.666667,0,160710,46.1
tools,memtoolagent,eog,itsm,2,2,2,task_20251221_045452_579_99ba2325_0e601eac,0.8,0,334046,146.4
tools,memtoolagent,eog,itsm,2,2,2,task_20251222_075116_761_30600918_a7f0a69a,0.5,0,172538,72.2
tools,memtoolagent,eog,itsm,2,2,2,task_20251223_063905_655_30600918_3e736be9,0.4,0,243875,101.8
tools,memtoolagent,eog,itsm,2,2,2,task_20251223_135402_072_c5ca08eb_67009578,0.0,0,130208,59.7
tools,memtoolagent,eog,itsm,2,2,2,task_20260112_194743_238_a8eea1c0_a4b1468a,0.166667,0,240019,140.3
tools,memtoolagent,eog,itsm,2,2,2,task_20260113_183935_893_e6427839_03a04c19,0.0,0,65298,38.3
tools,memtoolagent,eog,itsm,2,2,2,task_20260114_073658_459_78a5b71e_cab5cc9f,0.0,0,100751,84.6
tools,memtoolagent,eog,itsm,2,2,2,task_20260115_153041_899_d4a463c3_cab6d59b,0.0,0,381366,177.3
tools,memtoolagent,eog,itsm,2,2,2,task_20260117_000130_134_2aa6b0ad_a20f3a61,0.333333,0,293956,214.8
tools,memtoolagent,eog,itsm,2,2,3,task_20251218_164829_676_97d7df7d_893f6b2c,0.333333,0,319406,347.6
tools,memtoolagent,eog,itsm,2,2,3,task_20251219_062202_346_66392a82_1d2065dd,1.0,1,231904,86.6
tools,memtoolagent,eog,itsm,2,2,3,task_20251219_130920_558_99ba2325_7f9481df,0.666667,0,160076,44.9
tools,memtoolagent,eog,itsm,2,2,3,task_20251221_045452_579_99ba2325_0e601eac,1.0,1,371283,184.2
tools,memtoolagent,eog,itsm,2,2,3,task_20251222_075116_761_30600918_a7f0a69a,0.25,0,173656,93.1
tools,memtoolagent,eog,itsm,2,2,3,task_20251223_063905_655_30600918_3e736be9,0.4,0,244908,140.4
tools,memtoolagent,eog,itsm,2,2,3,task_20251223_135402_072_c5ca08eb_67009578,0.0,0,129966,70.2
tools,memtoolagent,eog,itsm,2,2,3,task_20260112_194743_238_a8eea1c0_a4b1468a,0.166667,0,275198,164.4
tools,memtoolagent,eog,itsm,2,2,3,task_20260113_183935_893_e6427839_03a04c19,0.5,0,196184,76.6
tools,memtoolagent,eog,itsm,2,2,3,task_20260114_073658_459_78a5b71e_cab5cc9f,0.5,0,235186,193.8
tools,memtoolagent,eog,itsm,2,2,3,task_20260115_153041_899_d4a463c3_cab6d59b,0.5,0,429338,231.8
tools,memtoolagent,eog,itsm,2,2,3,task_20260117_000130_134_2aa6b0ad_a20f3a61,0.0,0,180208,159.1
tools,memtoolagent,eog,itsm,3,1,1,task_20251210_205620_593_391f1eff_ad65c160,0.5,0,316735,180.7
tools,memtoolagent,eog,itsm,3,1,1,task_20251212_172511_458_e6427839_47076c15,0.5,0,154512,63.0
tools,memtoolagent,eog,itsm,3,1,1,task_20251212_184405_886_e6427839_6413728a,0.333333,0,347264,91.3
tools,memtoolagent,eog,itsm,3,1,1,task_20251212_191411_655_391f1eff_2fef896f,0.333333,0,396791,166.3
tools,memtoolagent,eog,itsm,3,1,1,task_20251216_131651_690_764e5ead_f8619b02,1.0,1,390198,137.7
tools,memtoolagent,eog,itsm,3,1,1,task_20251217_153037_688_97d7df7d_be0bd794,1.0,1,311974,97.9
tools,memtoolagent,eog,itsm,3,1,1,task_20251217_205244_161_764e5ead_20429ef8,0.75,0,356735,115.4
tools,memtoolagent,eog,itsm,3,1,1,task_20251218_061956_641_109c89c0_423ed8ee,0.142857,0,608469,271.8
tools,memtoolagent,eog,itsm,3,1,1,task_20251218_082708_201_99ba2325_51726f9c,1.0,1,275666,145.1
tools,memtoolagent,eog,itsm,3,1,1,task_20251218_093719_611_764e5ead_5817d09a,1.0,1,324980,193.6
tools,memtoolagent,eog,itsm,3,1,1,task_20251218_104259_233_66392a82_74b17170,1.0,1,305733,74.2
tools,memtoolagent,eog,itsm,3,1,1,task_20251218_121722_423_1d219d93_8218da6c,0.833333,0,509353,176.9
tools,memtoolagent,eog,itsm,3,1,1,task_20251218_124419_383_66392a82_52c8290e,1.0,1,272943,119.2
tools,memtoolagent,eog,itsm,3,1,1,task_20251218_155314_617_c5ca08eb_3ce3c52f,1.0,1,271864,122.7
tools,memtoolagent,eog,itsm,3,1,1,task_20251218_183102_136_391f1eff_ac9a6986,0.5,0,189408,43.0
tools,memtoolagent,eog,itsm,3,1,1,task_20251218_220134_063_391f1eff_30369342,1.0,1,312429,108.0
tools,memtoolagent,eog,itsm,3,1,1,task_20251218_234602_633_391f1eff_09a746e7,0.5,0,273040,111.1
tools,memtoolagent,eog,itsm,3,1,1,task_20251219_091707_306_ad5a67e3_a76dbe57,0.0,0,113388,33.5
tools,memtoolagent,eog,itsm,3,1,1,task_20251219_111447_756_66392a82_1c69521d,1.0,1,238108,81.5
tools,memtoolagent,eog,itsm,3,1,1,task_20251219_115925_475_1d219d93_53d34d23,1.0,1,470517,179.7
tools,memtoolagent,eog,itsm,3,1,1,task_20251219_144431_663_97d7df7d_a52988e5,0.0,0,275800,141.9
tools,memtoolagent,eog,itsm,3,1,1,task_20251221_233237_652_66392a82_c1a599bb,0.666667,0,231085,74.0
tools,memtoolagent,eog,itsm,3,1,1,task_20251222_072805_599_99ba2325_ae6b0778,1.0,1,331967,213.6
tools,memtoolagent,eog,itsm,3,1,1,task_20251222_105710_498_391f1eff_8b25dbef,1.0,1,235369,105.9
tools,memtoolagent,eog,itsm,3,1,1,task_20251222_133355_087_30600918_e9215c57,0.5,0,371442,162.3
tools,memtoolagent,eog,itsm,3,1,1,task_20251222_140957_029_c5ca08eb_3c4271f0,0.666667,0,189757,67.1
tools,memtoolagent,eog,itsm,3,1,1,task_20251222_190928_391_391f1eff_8cb006f5,0.25,0,327890,208.8
tools,memtoolagent,eog,itsm,3,1,1,task_20251222_195853_743_0be70e35_0916fba8,0.5,0,322212,118.9
tools,memtoolagent,eog,itsm,3,1,1,task_20251223_064316_340_01395ded_9c6f3e01,0.25,0,417143,382.4
tools,memtoolagent,eog,itsm,3,1,1,task_20251223_101136_983_1d219d93_d1ba6c2d,0.833333,0,352345,137.7
tools,memtoolagent,eog,itsm,3,1,1,task_20251223_132605_091_764e5ead_dd00cc8f,0.6,0,409101,200.0
tools,memtoolagent,eog,itsm,3,1,1,task_20251223_151555_341_764e5ead_9648644d,0.571429,0,484040,218.4
tools,memtoolagent,eog,itsm,3,1,1,task_20260112_183416_157_a8eea1c0_0d6acfd0,0.6,0,238446,143.2
tools,memtoolagent,eog,itsm,3,1,1,task_20260113_031046_703_99ba2325_54f35603,1.0,1,236414,85.7
tools,memtoolagent,eog,itsm,3,1,1,task_20260113_182216_716_a8eea1c0_7a0619e9,0.333333,0,274475,79.5
tools,memtoolagent,eog,itsm,3,1,1,task_20260113_182602_664_46ca2862_b6ef60ca,1.0,1,275515,134.8
tools,memtoolagent,eog,itsm,3,1,1,task_20260113_212050_548_a8eea1c0_73a73ce7,0.0,0,203794,97.2
tools,memtoolagent,eog,itsm,3,1,1,task_20260114_094327_107_46ca2862_796e7685,1.0,1,396640,216.5
tools,memtoolagent,eog,itsm,3,1,1,task_20260114_174427_042_99ba2325_7915481a,0.0,0,78742,57.5
tools,memtoolagent,eog,itsm,3,1,1,task_20260114_180601_485_99ba2325_2dc8b3ce,1.0,1,316328,95.5
tools,memtoolagent,eog,itsm,3,1,1,task_20260114_181932_082_99ba2325_92ddef90,0.6,0,284405,199.8
tools,memtoolagent,eog,itsm,3,1,1,task_20260115_143541_964_fa1836dc_dc6652fd,0.0,0,81348,68.3
tools,memtoolagent,eog,itsm,3,1,1,task_20260115_152733_296_46ca2862_55f848d3,1.0,1,359699,144.5
tools,memtoolagent,eog,itsm,3,1,1,task_20260115_172636_260_fa1836dc_7a703e50,0.5,0,234136,104.7
tools,memtoolagent,eog,itsm,3,1,1,task_20260116_081645_096_66392a82_fd509f97,0.8,0,373783,281.8
tools,memtoolagent,eog,itsm,3,1,1,task_20260116_101840_488_e6427839_81df8ba3,0.75,0,273035,111.2
tools,memtoolagent,eog,itsm,3,1,1,task_20260116_124300_245_1d219d93_76cd5b4d,1.0,1,312291,121.8
tools,memtoolagent,eog,itsm,3,1,1,task_20260116_224538_330_66392a82_10d0806e,0.8,0,560096,211.5
tools,memtoolagent,eog,itsm,3,1,2,task_20251210_205620_593_391f1eff_ad65c160,0.0,0,197852,142.9
tools,memtoolagent,eog,itsm,3,1,2,task_20251212_172511_458_e6427839_47076c15,0.5,0,155096,68.4
tools,memtoolagent,eog,itsm,3,1,2,task_20251212_184405_886_e6427839_6413728a,0.333333,0,307854,95.1
tools,memtoolagent,eog,itsm,3,1,2,task_20251212_191411_655_391f1eff_2fef896f,1.0,1,400650,134.6
tools,memtoolagent,eog,itsm,3,1,2,task_20251216_131651_690_764e5ead_f8619b02,0.666667,0,355667,157.4
tools,memtoolagent,eog,itsm,3,1,2,task_20251217_153037_688_97d7df7d_be0bd794,1.0,1,312377,94.4
tools,memtoolagent,eog,itsm,3,1,2,task_20251217_205244_161_764e5ead_20429ef8,0.875,0,397098,83.6
tools,memtoolagent,eog,itsm,3,1,2,task_20251218_061956_641_109c89c0_423ed8ee,0.142857,0,570421,337.5
tools,memtoolagent,eog,itsm,3,1,2,task_20251218_082708_201_99ba2325_51726f9c,1.0,1,274965,172.6
tools,memtoolagent,eog,itsm,3,1,2,task_20251218_093719_611_764e5ead_5817d09a,1.0,1,326326,244.5
tools,memtoolagent,eog,itsm,3,1,2,task_20251218_104259_233_66392a82_74b17170,1.0,1,267503,96.6
tools,memtoolagent,eog,itsm,3,1,2,task_20251218_121722_423_1d219d93_8218da6c,0.833333,0,517652,212.6
tools,memtoolagent,eog,itsm,3,1,2,task_20251218_124419_383_66392a82_52c8290e,1.0,1,273353,136.5
tools,memtoolagent,eog,itsm,3,1,2,task_20251218_155314_617_c5ca08eb_3ce3c52f,0.0,0,238791,189.6
tools,memtoolagent,eog,itsm,3,1,2,task_20251218_183102_136_391f1eff_ac9a6986,0.5,0,188230,41.1
tools,memtoolagent,eog,itsm,3,1,2,task_20251218_220134_063_391f1eff_30369342,1.0,1,271144,133.0
tools,memtoolagent,eog,itsm,3,1,2,task_20251218_234602_633_391f1eff_09a746e7,0.5,0,276167,158.7
tools,memtoolagent,eog,itsm,3,1,2,task_20251219_091707_306_ad5a67e3_a76dbe57,0.0,0,192242,106.1
tools,memtoolagent,eog,itsm,3,1,2,task_20251219_111447_756_66392a82_1c69521d,0.666667,0,317326,134.0
tools,memtoolagent,eog,itsm,3,1,2,task_20251219_115925_475_1d219d93_53d34d23,0.6,0,517843,230.2
tools,memtoolagent,eog,itsm,3,1,2,task_20251219_144431_663_97d7df7d_a52988e5,0.0,0,315190,153.3
tools,memtoolagent,eog,itsm,3,1,2,task_20251221_233237_652_66392a82_c1a599bb,1.0,1,155402,77.1
tools,memtoolagent,eog,itsm,3,1,2,task_20251222_072805_599_99ba2325_ae6b0778,1.0,1,324428,179.1
tools,memtoolagent,eog,itsm,3,1,2,task_20251222_105710_498_391f1eff_8b25dbef,1.0,1,233230,93.8
tools,memtoolagent,eog,itsm,3,1,2,task_20251222_133355_087_30600918_e9215c57,0.5,0,418184,217.2
tools,memtoolagent,eog,itsm,3,1,2,task_20251222_140957_029_c5ca08eb_3c4271f0,0.666667,0,229742,120.9
tools,memtoolagent,eog,itsm,3,1,2,task_20251222_190928_391_391f1eff_8cb006f5,0.5,0,335054,208.1
tools,memtoolagent,eog,itsm,3,1,2,task_20251222_195853_743_0be70e35_0916fba8,0.5,0,279675,129.3
tools,memtoolagent,eog,itsm,3,1,2,task_20251223_064316_340_01395ded_9c6f3e01,0.25,0,329890,325.3
tools,memtoolagent,eog,itsm,3,1,2,task_20251223_101136_983_1d219d93_d1ba6c2d,0.833333,0,431309,192.0
tools,memtoolagent,eog,itsm,3,1,2,task_20251223_132605_091_764e5ead_dd00cc8f,0.6,0,534058,318.6
tools,memtoolagent,eog,itsm,3,1,2,task_20251223_151555_341_764e5ead_9648644d,0.571429,0,525099,205.0
tools,memtoolagent,eog,itsm,3,1,2,task_20260112_183416_157_a8eea1c0_0d6acfd0,0.6,0,197357,80.8
tools,memtoolagent,eog,itsm,3,1,2,task_20260113_031046_703_99ba2325_54f35603,1.0,1,235419,83.8
tools,memtoolagent,eog,itsm,3,1,2,task_20260113_182216_716_a8eea1c0_7a0619e9,0.666667,0,199294,97.1
tools,memtoolagent,eog,itsm,3,1,2,task_20260113_182602_664_46ca2862_b6ef60ca,0.5,0,316402,185.9
tools,memtoolagent,eog,itsm,3,1,2,task_20260113_212050_548_a8eea1c0_73a73ce7,0.5,0,276865,167.7
tools,memtoolagent,eog,itsm,3,1,2,task_20260114_094327_107_46ca2862_796e7685,1.0,1,397905,267.9
tools,memtoolagent,eog,itsm,3,1,2,task_20260114_174427_042_99ba2325_7915481a,0.0,0,79649,67.9
tools,memtoolagent,eog,itsm,3,1,2,task_20260114_180601_485_99ba2325_2dc8b3ce,1.0,1,237559,79.4
tools,memtoolagent,eog,itsm,3,1,2,task_20260114_181932_082_99ba2325_92ddef90,0.6,0,282345,193.5
tools,memtoolagent,eog,itsm,3,1,2,task_20260115_143541_964_fa1836dc_dc6652fd,0.0,0,82137,112.1
tools,memtoolagent,eog,itsm,3,1,2,task_20260115_152733_296_46ca2862_55f848d3,0.6,0,273412,152.3
tools,memtoolagent,eog,itsm,3,1,2,task_20260115_172636_260_fa1836dc_7a703e50,0.5,0,233498,85.0
tools,memtoolagent,eog,itsm,3,1,2,task_20260116_081645_096_66392a82_fd509f97,0.8,0,617191,520.1
tools,memtoolagent,eog,itsm,3,1,2,task_20260116_101840_488_e6427839_81df8ba3,0.75,0,276614,130.1
tools,memtoolagent,eog,itsm,3,1,2,task_20260116_124300_245_1d219d93_76cd5b4d,1.0,1,357116,211.1
tools,memtoolagent,eog,itsm,3,1,2,task_20260116_224538_330_66392a82_10d0806e,1.0,1,622868,235.0
tools,memtoolagent,eog,itsm,3,1,3,task_20251210_205620_593_391f1eff_ad65c160,0.0,0,276490,216.0
tools,memtoolagent,eog,itsm,3,1,3,task_20251212_172511_458_e6427839_47076c15,0.0,0,115880,61.6
tools,memtoolagent,eog,itsm,3,1,3,task_20251212_184405_886_e6427839_6413728a,0.333333,0,309277,121.6
tools,memtoolagent,eog,itsm,3,1,3,task_20251212_191411_655_391f1eff_2fef896f,1.0,1,392024,161.2
tools,memtoolagent,eog,itsm,3,1,3,task_20251216_131651_690_764e5ead_f8619b02,1.0,1,387176,141.8
tools,memtoolagent,eog,itsm,3,1,3,task_20251217_153037_688_97d7df7d_be0bd794,1.0,1,234343,83.6
tools,memtoolagent,eog,itsm,3,1,3,task_20251217_205244_161_764e5ead_20429ef8,0.75,0,239765,115.3
tools,memtoolagent,eog,itsm,3,1,3,task_20251218_061956_641_109c89c0_423ed8ee,0.142857,0,413380,265.8
tools,memtoolagent,eog,itsm,3,1,3,task_20251218_082708_201_99ba2325_51726f9c,1.0,1,274363,179.9
tools,memtoolagent,eog,itsm,3,1,3,task_20251218_093719_611_764e5ead_5817d09a,0.857143,0,479644,259.2
tools,memtoolagent,eog,itsm,3,1,3,task_20251218_104259_233_66392a82_74b17170,1.0,1,231283,75.3
tools,memtoolagent,eog,itsm,3,1,3,task_20251218_121722_423_1d219d93_8218da6c,0.833333,0,472790,272.9
tools,memtoolagent,eog,itsm,3,1,3,task_20251218_124419_383_66392a82_52c8290e,1.0,1,273951,152.4
tools,memtoolagent,eog,itsm,3,1,3,task_20251218_155314_617_c5ca08eb_3ce3c52f,1.0,1,196070,116.7
tools,memtoolagent,eog,itsm,3,1,3,task_20251218_183102_136_391f1eff_ac9a6986,0.5,0,190057,58.4
tools,memtoolagent,eog,itsm,3,1,3,task_20251218_220134_063_391f1eff_30369342,1.0,1,313561,167.8
tools,memtoolagent,eog,itsm,3,1,3,task_20251218_234602_633_391f1eff_09a746e7,0.0,0,272703,135.8
tools,memtoolagent,eog,itsm,3,1,3,task_20251219_091707_306_ad5a67e3_a76dbe57,0.0,0,113691,43.6
tools,memtoolagent,eog,itsm,3,1,3,task_20251219_111447_756_66392a82_1c69521d,0.666667,0,277338,116.3
tools,memtoolagent,eog,itsm,3,1,3,task_20251219_115925_475_1d219d93_53d34d23,1.0,1,518124,321.7
tools,memtoolagent,eog,itsm,3,1,3,task_20251219_144431_663_97d7df7d_a52988e5,0.0,0,275814,167.5
tools,memtoolagent,eog,itsm,3,1,3,task_20251221_233237_652_66392a82_c1a599bb,0.0,0,39910,58.8
tools,memtoolagent,eog,itsm,3,1,3,task_20251222_072805_599_99ba2325_ae6b0778,1.0,1,370332,176.5
tools,memtoolagent,eog,itsm,3,1,3,task_20251222_105710_498_391f1eff_8b25dbef,0.5,0,196305,107.5
tools,memtoolagent,eog,itsm,3,1,3,task_20251222_133355_087_30600918_e9215c57,0.5,0,327863,172.6
tools,memtoolagent,eog,itsm,3,1,3,task_20251222_140957_029_c5ca08eb_3c4271f0,0.666667,0,228548,86.8
tools,memtoolagent,eog,itsm,3,1,3,task_20251222_190928_391_391f1eff_8cb006f5,0.25,0,387123,274.7
tools,memtoolagent,eog,itsm,3,1,3,task_20251222_195853_743_0be70e35_0916fba8,0.5,0,316123,188.5
tools,memtoolagent,eog,itsm,3,1,3,task_20251223_064316_340_01395ded_9c6f3e01,0.25,0,597136,666.2
tools,memtoolagent,eog,itsm,3,1,3,task_20251223_101136_983_1d219d93_d1ba6c2d,0.833333,0,433975,276.4
tools,memtoolagent,eog,itsm,3,1,3,task_20251223_132605_091_764e5ead_dd00cc8f,0.6,0,655625,339.2
tools,memtoolagent,eog,itsm,3,1,3,task_20251223_151555_341_764e5ead_9648644d,0.571429,0,571126,272.6
tools,memtoolagent,eog,itsm,3,1,3,task_20260112_183416_157_a8eea1c0_0d6acfd0,0.4,0,320000,181.4
tools,memtoolagent,eog,itsm,3,1,3,task_20260113_031046_703_99ba2325_54f35603,1.0,1,315723,131.2
tools,memtoolagent,eog,itsm,3,1,3,task_20260113_182216_716_a8eea1c0_7a0619e9,0.333333,0,237005,108.9
tools,memtoolagent,eog,itsm,3,1,3,task_20260113_182602_664_46ca2862_b6ef60ca,1.0,1,275079,153.4
tools,memtoolagent,eog,itsm,3,1,3,task_20260113_212050_548_a8eea1c0_73a73ce7,1.0,1,326645,188.1
tools,memtoolagent,eog,itsm,3,1,3,task_20260114_094327_107_46ca2862_796e7685,1.0,1,352287,180.8
tools,memtoolagent,eog,itsm,3,1,3,task_20260114_174427_042_99ba2325_7915481a,0.0,0,79347,65.2
tools,memtoolagent,eog,itsm,3,1,3,task_20260114_180601_485_99ba2325_2dc8b3ce,1.0,1,316309,85.0
tools,memtoolagent,eog,itsm,3,1,3,task_20260114_181932_082_99ba2325_92ddef90,0.4,0,448604,279.6
tools,memtoolagent,eog,itsm,3,1,3,task_20260115_143541_964_fa1836dc_dc6652fd,0.0,0,80911,108.3
tools,memtoolagent,eog,itsm,3,1,3,task_20260115_152733_296_46ca2862_55f848d3,0.6,0,275674,157.6
tools,memtoolagent,eog,itsm,3,1,3,task_20260115_172636_260_fa1836dc_7a703e50,0.5,0,233922,179.2
tools,memtoolagent,eog,itsm,3,1,3,task_20260116_081645_096_66392a82_fd509f97,0.8,0,530396,438.2
tools,memtoolagent,eog,itsm,3,1,3,task_20260116_101840_488_e6427839_81df8ba3,0.75,0,272075,108.2
tools,memtoolagent,eog,itsm,3,1,3,task_20260116_124300_245_1d219d93_76cd5b4d,1.0,1,236168,125.9
tools,memtoolagent,eog,itsm,3,1,3,task_20260116_224538_330_66392a82_10d0806e,1.0,1,516944,211.3
tools,memtoolagent,eog,itsm,3,2,1,task_20251218_164829_676_97d7df7d_893f6b2c,0.666667,0,362462,292.4
tools,memtoolagent,eog,itsm,3,2,1,task_20251219_062202_346_66392a82_1d2065dd,1.0,1,271553,105.6
tools,memtoolagent,eog,itsm,3,2,1,task_20251219_130920_558_99ba2325_7f9481df,0.666667,0,189458,52.1
tools,memtoolagent,eog,itsm,3,2,1,task_20251221_045452_579_99ba2325_0e601eac,0.8,0,354371,192.1
tools,memtoolagent,eog,itsm,3,2,1,task_20251222_075116_761_30600918_a7f0a69a,0.25,0,202047,129.5
tools,memtoolagent,eog,itsm,3,2,1,task_20251223_063905_655_30600918_3e736be9,0.4,0,285912,208.8
tools,memtoolagent,eog,itsm,3,2,1,task_20251223_135402_072_c5ca08eb_67009578,0.0,0,231354,131.6
tools,memtoolagent,eog,itsm,3,2,1,task_20260112_194743_238_a8eea1c0_a4b1468a,0.166667,0,403997,235.6
tools,memtoolagent,eog,itsm,3,2,1,task_20260113_183935_893_e6427839_03a04c19,0.5,0,191793,69.7
tools,memtoolagent,eog,itsm,3,2,1,task_20260114_073658_459_78a5b71e_cab5cc9f,0.5,0,357646,201.2
tools,memtoolagent,eog,itsm,3,2,1,task_20260115_153041_899_d4a463c3_cab6d59b,0.0,0,316675,194.6
tools,memtoolagent,eog,itsm,3,2,1,task_20260117_000130_134_2aa6b0ad_a20f3a61,0.0,0,243974,164.8
tools,memtoolagent,eog,itsm,3,2,2,task_20251218_164829_676_97d7df7d_893f6b2c,0.666667,0,326076,257.0
tools,memtoolagent,eog,itsm,3,2,2,task_20251219_062202_346_66392a82_1d2065dd,1.0,1,232116,72.9
tools,memtoolagent,eog,itsm,3,2,2,task_20251219_130920_558_99ba2325_7f9481df,0.666667,0,188358,40.5
tools,memtoolagent,eog,itsm,3,2,2,task_20251221_045452_579_99ba2325_0e601eac,0.8,0,352814,158.5
tools,memtoolagent,eog,itsm,3,2,2,task_20251222_075116_761_30600918_a7f0a69a,0.25,0,202333,129.6
tools,memtoolagent,eog,itsm,3,2,2,task_20251223_063905_655_30600918_3e736be9,0.4,0,243349,125.1
tools,memtoolagent,eog,itsm,3,2,2,task_20251223_135402_072_c5ca08eb_67009578,0.5,0,232657,130.7
tools,memtoolagent,eog,itsm,3,2,2,task_20260112_194743_238_a8eea1c0_a4b1468a,0.666667,0,493155,253.0
tools,memtoolagent,eog,itsm,3,2,2,task_20260113_183935_893_e6427839_03a04c19,0.5,0,232768,97.4
tools,memtoolagent,eog,itsm,3,2,2,task_20260114_073658_459_78a5b71e_cab5cc9f,0.5,0,275801,158.8
tools,memtoolagent,eog,itsm,3,2,2,task_20260115_153041_899_d4a463c3_cab6d59b,0.5,0,565201,180.7
tools,memtoolagent,eog,itsm,3,2,2,task_20260117_000130_134_2aa6b0ad_a20f3a61,0.0,0,326005,255.3
tools,memtoolagent,eog,itsm,3,2,3,task_20251218_164829_676_97d7df7d_893f6b2c,0.333333,0,458089,372.5
tools,memtoolagent,eog,itsm,3,2,3,task_20251219_062202_346_66392a82_1d2065dd,1.0,1,232844,86.0
tools,memtoolagent,eog,itsm,3,2,3,task_20251219_130920_558_99ba2325_7f9481df,0.666667,0,188912,53.0
tools,memtoolagent,eog,itsm,3,2,3,task_20251221_045452_579_99ba2325_0e601eac,0.8,0,313292,122.5
tools,memtoolagent,eog,itsm,3,2,3,task_20251222_075116_761_30600918_a7f0a69a,0.25,0,203211,157.4
tools,memtoolagent,eog,itsm,3,2,3,task_20251223_063905_655_30600918_3e736be9,0.6,0,369036,205.2
tools,memtoolagent,eog,itsm,3,2,3,task_20251223_135402_072_c5ca08eb_67009578,0.0,0,231756,135.8
tools,memtoolagent,eog,itsm,3,2,3,task_20260112_194743_238_a8eea1c0_a4b1468a,0.166667,0,321049,171.5
tools,memtoolagent,eog,itsm,3,2,3,task_20260113_183935_893_e6427839_03a04c19,0.0,0,77003,53.6
tools,memtoolagent,eog,itsm,3,2,3,task_20260114_073658_459_78a5b71e_cab5cc9f,0.5,0,235375,127.4
tools,memtoolagent,eog,itsm,3,2,3,task_20260115_153041_899_d4a463c3_cab6d59b,0.75,0,469648,201.1
tools,memtoolagent,eog,itsm,3,2,3,task_20260117_000130_134_2aa6b0ad_a20f3a61,0.0,0,369658,275.5
tools,memtoolagent,eog,itsm,3,3,1,task_20251212_191815_314_391f1eff_c23d76df,0.333333,0,282228,142.4
tools,memtoolagent,eog,itsm,3,3,1,task_20251218_183819_272_99ba2325_dd71c332,0.5,0,194854,186.0
tools,memtoolagent,eog,itsm,3,3,1,task_20251218_184224_139_764e5ead_e6e42358,0.6,0,723578,517.0
tools,memtoolagent,eog,itsm,3,3,1,task_20251219_134543_563_fa1836dc_00dab62f,1.0,1,314252,163.7
tools,memtoolagent,eog,itsm,3,3,1,task_20251219_174851_846_764e5ead_250f05e1,0.285714,0,571297,332.6
tools,memtoolagent,eog,itsm,3,3,1,task_20251222_181355_411_764e5ead_48850a98,0.5,0,476663,455.3
tools,memtoolagent,eog,itsm,3,3,1,task_20251223_081019_100_d4a463c3_f8774fe4,0.5,0,191475,130.1
tools,memtoolagent,eog,itsm,3,3,1,task_20260113_125933_225_accab84d_d7ec710e,0.0,0,284209,309.3
tools,memtoolagent,eog,itsm,3,3,1,task_20260113_143610_437_46ca2862_56a4f834,0.4,0,279755,128.6
tools,memtoolagent,eog,itsm,3,3,1,task_20260114_081229_036_78a5b71e_a4fb07a9,0.5,0,156763,144.5
tools,memtoolagent,eog,itsm,3,3,1,task_20260114_134336_659_e6427839_91142068,0.6,0,394987,203.4
tools,memtoolagent,eog,itsm,3,3,1,task_20260114_173716_566_46ca2862_301e0b47,0.5,0,341761,188.2
tools,memtoolagent,eog,itsm,3,3,1,task_20260116_235649_372_66392a82_ccb66a9a,0.5,0,356346,207.1
tools,memtoolagent,eog,itsm,3,3,2,task_20251212_191815_314_391f1eff_c23d76df,0.333333,0,323058,186.0
tools,memtoolagent,eog,itsm,3,3,2,task_20251218_183819_272_99ba2325_dd71c332,0.0,0,38600,26.1
tools,memtoolagent,eog,itsm,3,3,2,task_20251218_184224_139_764e5ead_e6e42358,0.6,0,669052,408.9
tools,memtoolagent,eog,itsm,3,3,2,task_20251219_134543_563_fa1836dc_00dab62f,1.0,1,274693,136.5
tools,memtoolagent,eog,itsm,3,3,2,task_20251219_174851_846_764e5ead_250f05e1,0.428571,0,649906,307.9
tools,memtoolagent,eog,itsm,3,3,2,task_20251222_181355_411_764e5ead_48850a98,0.0,0,414198,247.9
tools,memtoolagent,eog,itsm,3,3,2,task_20251223_081019_100_d4a463c3_f8774fe4,0.5,0,267960,89.7
tools,memtoolagent,eog,itsm,3,3,2,task_20260113_125933_225_accab84d_d7ec710e,0.333333,0,502436,438.2
tools,memtoolagent,eog,itsm,3,3,2,task_20260113_143610_437_46ca2862_56a4f834,0.4,0,238123,125.6
tools,memtoolagent,eog,itsm,3,3,2,task_20260114_081229_036_78a5b71e_a4fb07a9,0.5,0,156539,97.3
tools,memtoolagent,eog,itsm,3,3,2,task_20260114_134336_659_e6427839_91142068,0.6,0,441020,235.1
tools,memtoolagent,eog,itsm,3,3,2,task_20260114_173716_566_46ca2862_301e0b47,0.5,0,508512,185.2
tools,memtoolagent,eog,itsm,3,3,2,task_20260116_235649_372_66392a82_ccb66a9a,0.5,0,239827,149.3
tools,memtoolagent,eog,itsm,3,3,3,task_20251212_191815_314_391f1eff_c23d76df,0.333333,0,413114,186.1
tools,memtoolagent,eog,itsm,3,3,3,task_20251218_183819_272_99ba2325_dd71c332,0.0,0,38762,33.0
tools,memtoolagent,eog,itsm,3,3,3,task_20251218_184224_139_764e5ead_e6e42358,0.0,0,115712,77.1
tools,memtoolagent,eog,itsm,3,3,3,task_20251219_134543_563_fa1836dc_00dab62f,1.0,1,430994,208.8
tools,memtoolagent,eog,itsm,3,3,3,task_20251219_174851_846_764e5ead_250f05e1,0.428571,0,525942,251.0
tools,memtoolagent,eog,itsm,3,3,3,task_20251222_181355_411_764e5ead_48850a98,0.0,0,509978,310.6
tools,memtoolagent,eog,itsm,3,3,3,task_20251223_081019_100_d4a463c3_f8774fe4,0.5,0,189825,65.1
tools,memtoolagent,eog,itsm,3,3,3,task_20260113_125933_225_accab84d_d7ec710e,0.333333,0,624525,563.7
tools,memtoolagent,eog,itsm,3,3,3,task_20260113_143610_437_46ca2862_56a4f834,0.4,0,335685,185.3
tools,memtoolagent,eog,itsm,3,3,3,task_20260114_081229_036_78a5b71e_a4fb07a9,0.5,0,195611,162.4
tools,memtoolagent,eog,itsm,3,3,3,task_20260114_134336_659_e6427839_91142068,0.6,0,396164,165.0
tools,memtoolagent,eog,itsm,3,3,3,task_20260114_173716_566_46ca2862_301e0b47,0.5,0,302429,132.9
tools,memtoolagent,eog,itsm,3,3,3,task_20260116_235649_372_66392a82_ccb66a9a,0.5,0,198197,111.4
tools,memtoolagent,eog,teams,1,1,1,task_20251121_134729_533_464ee3e0_2dcf2712,1.0,1,142524,89.2
tools,memtoolagent,eog,teams,1,1,1,task_20251123_232016_480_7ebc1127_7a8d85a7,1.0,1,253908,154.2
tools,memtoolagent,eog,teams,1,1,1,task_20251125_110309_032_464ee3e0_33f12828,1.0,1,171575,142.9
tools,memtoolagent,eog,teams,1,1,1,task_20251125_113335_636_7ebc1127_a4ebffe8,0.5,0,269711,232.6
tools,memtoolagent,eog,teams,1,1,1,task_20251126_054150_897_7ebc1127_60097647,1.0,1,135325,76.1
tools,memtoolagent,eog,teams,1,1,1,task_20251129_042410_343_df0ecdeb_573538d3,0.8,0,158238,105.3
tools,memtoolagent,eog,teams,1,1,1,task_20251203_080912_583_df0ecdeb_a3470951,0.9,0,288517,108.4
tools,memtoolagent,eog,teams,1,1,1,task_20251203_115913_239_b5bd4eb9_2e02dcf0,0.0,0,57340,100.3
tools,memtoolagent,eog,teams,1,1,1,task_20260106_003109_589_b5bd4eb9_d0454fa5,1.0,1,237629,208.5
tools,memtoolagent,eog,teams,1,1,1,task_20260106_104903_639_0154326e_81f6a68a,0.5,0,178813,241.3
tools,memtoolagent,eog,teams,1,1,1,task_20260106_112645_853_8e9e30d7_1d4b934c,1.0,1,145579,113.0
tools,memtoolagent,eog,teams,1,1,1,task_20260106_123222_425_8e9e30d7_7dea421b,0.8,0,183188,240.4
tools,memtoolagent,eog,teams,1,1,1,task_20260106_155851_715_df0ecdeb_7b4347ef,0.75,0,146445,223.4
tools,memtoolagent,eog,teams,1,1,1,task_20260107_032952_337_7ebc1127_75b96b98,0.666667,0,238856,210.4
tools,memtoolagent,eog,teams,1,1,1,task_20260108_075149_000_df0ecdeb_ead1b33a,1.0,1,164755,60.9
tools,memtoolagent,eog,teams,1,1,1,task_20260108_082113_548_df0ecdeb_2725d17f,0.75,0,109440,106.1
tools,memtoolagent,eog,teams,1,1,1,task_20260108_172650_003_8e9e30d7_a1ff8588,0.272727,0,350548,391.6
tools,memtoolagent,eog,teams,1,1,1,task_20260108_194921_186_8e9e30d7_a087d6f8,0.666667,0,221510,309.8
tools,memtoolagent,eog,teams,1,1,1,task_20260109_063128_468_8e9e30d7_e983fafa,0.0,0,316131,349.7
tools,memtoolagent,eog,teams,1,1,1,task_20260109_122356_038_0154326e_d224a99d,0.428571,0,145419,172.4
tools,memtoolagent,eog,teams,1,1,2,task_20251121_134729_533_464ee3e0_2dcf2712,1.0,1,140817,69.4
tools,memtoolagent,eog,teams,1,1,2,task_20251123_232016_480_7ebc1127_7a8d85a7,1.0,1,259314,175.5
tools,memtoolagent,eog,teams,1,1,2,task_20251125_110309_032_464ee3e0_33f12828,1.0,1,168592,90.6
tools,memtoolagent,eog,teams,1,1,2,task_20251125_113335_636_7ebc1127_a4ebffe8,0.5,0,275180,243.2
tools,memtoolagent,eog,teams,1,1,2,task_20251126_054150_897_7ebc1127_60097647,1.0,1,135024,41.5
tools,memtoolagent,eog,teams,1,1,2,task_20251129_042410_343_df0ecdeb_573538d3,0.8,0,190386,144.8
tools,memtoolagent,eog,teams,1,1,2,task_20251203_080912_583_df0ecdeb_a3470951,0.9,0,257216,134.4
tools,memtoolagent,eog,teams,1,1,2,task_20251203_115913_239_b5bd4eb9_2e02dcf0,0.0,0,57743,131.2
tools,memtoolagent,eog,teams,1,1,2,task_20260106_003109_589_b5bd4eb9_d0454fa5,1.0,1,236392,195.2
tools,memtoolagent,eog,teams,1,1,2,task_20260106_104903_639_0154326e_81f6a68a,0.666667,0,265619,293.8
tools,memtoolagent,eog,teams,1,1,2,task_20260106_112645_853_8e9e30d7_1d4b934c,1.0,1,142849,128.4
tools,memtoolagent,eog,teams,1,1,2,task_20260106_123222_425_8e9e30d7_7dea421b,0.8,0,173547,176.4
tools,memtoolagent,eog,teams,1,1,2,task_20260106_155851_715_df0ecdeb_7b4347ef,0.75,0,116804,201.0
tools,memtoolagent,eog,teams,1,1,2,task_20260107_032952_337_7ebc1127_75b96b98,1.0,1,212856,189.2
tools,memtoolagent,eog,teams,1,1,2,task_20260108_075149_000_df0ecdeb_ead1b33a,1.0,1,167506,93.3
tools,memtoolagent,eog,teams,1,1,2,task_20260108_082113_548_df0ecdeb_2725d17f,0.75,0,112157,156.5
tools,memtoolagent,eog,teams,1,1,2,task_20260108_172650_003_8e9e30d7_a1ff8588,0.272727,0,569696,556.2
tools,memtoolagent,eog,teams,1,1,2,task_20260108_194921_186_8e9e30d7_a087d6f8,0.555556,0,504426,453.5
tools,memtoolagent,eog,teams,1,1,2,task_20260109_063128_468_8e9e30d7_e983fafa,0.166667,0,179669,236.0
tools,memtoolagent,eog,teams,1,1,2,task_20260109_122356_038_0154326e_d224a99d,0.428571,0,117394,144.9
tools,memtoolagent,eog,teams,1,1,3,task_20251121_134729_533_464ee3e0_2dcf2712,1.0,1,112742,73.6
tools,memtoolagent,eog,teams,1,1,3,task_20251123_232016_480_7ebc1127_7a8d85a7,1.0,1,253099,142.0
tools,memtoolagent,eog,teams,1,1,3,task_20251125_110309_032_464ee3e0_33f12828,0.75,0,197411,98.7
tools,memtoolagent,eog,teams,1,1,3,task_20251125_113335_636_7ebc1127_a4ebffe8,0.5,0,304935,236.0
tools,memtoolagent,eog,teams,1,1,3,task_20251126_054150_897_7ebc1127_60097647,1.0,1,135428,74.6
tools,memtoolagent,eog,teams,1,1,3,task_20251129_042410_343_df0ecdeb_573538d3,0.8,0,223236,167.8
tools,memtoolagent,eog,teams,1,1,3,task_20251203_080912_583_df0ecdeb_a3470951,0.9,0,327819,222.6
tools,memtoolagent,eog,teams,1,1,3,task_20251203_115913_239_b5bd4eb9_2e02dcf0,0.0,0,57076,126.1
tools,memtoolagent,eog,teams,1,1,3,task_20260106_003109_589_b5bd4eb9_d0454fa5,1.0,1,235162,243.0
tools,memtoolagent,eog,teams,1,1,3,task_20260106_104903_639_0154326e_81f6a68a,0.5,0,234850,232.5
tools,memtoolagent,eog,teams,1,1,3,task_20260106_112645_853_8e9e30d7_1d4b934c,1.0,1,201011,156.0
tools,memtoolagent,eog,teams,1,1,3,task_20260106_123222_425_8e9e30d7_7dea421b,1.0,1,178871,255.6
tools,memtoolagent,eog,teams,1,1,3,task_20260106_155851_715_df0ecdeb_7b4347ef,0.75,0,144878,148.1
tools,memtoolagent,eog,teams,1,1,3,task_20260107_032952_337_7ebc1127_75b96b98,0.833333,0,240887,426.8
tools,memtoolagent,eog,teams,1,1,3,task_20260108_075149_000_df0ecdeb_ead1b33a,1.0,1,168317,97.2
tools,memtoolagent,eog,teams,1,1,3,task_20260108_082113_548_df0ecdeb_2725d17f,0.75,0,140014,174.2
tools,memtoolagent,eog,teams,1,1,3,task_20260108_172650_003_8e9e30d7_a1ff8588,0.272727,0,433769,398.7
tools,memtoolagent,eog,teams,1,1,3,task_20260108_194921_186_8e9e30d7_a087d6f8,0.555556,0,343527,414.8
tools,memtoolagent,eog,teams,1,1,3,task_20260109_063128_468_8e9e30d7_e983fafa,0.0,0,250743,360.5
tools,memtoolagent,eog,teams,1,1,3,task_20260109_122356_038_0154326e_d224a99d,0.428571,0,116456,157.1
tools,memtoolagent,eog,teams,2,1,1,task_20251121_134729_533_464ee3e0_2dcf2712,0.5,0,136450,99.5
tools,memtoolagent,eog,teams,2,1,1,task_20251123_232016_480_7ebc1127_7a8d85a7,1.0,1,270082,184.0
tools,memtoolagent,eog,teams,2,1,1,task_20251125_110309_032_464ee3e0_33f12828,0.75,0,202500,133.1
tools,memtoolagent,eog,teams,2,1,1,task_20251125_113335_636_7ebc1127_a4ebffe8,0.5,0,628568,405.2
tools,memtoolagent,eog,teams,2,1,1,task_20251126_054150_897_7ebc1127_60097647,1.0,1,163272,120.0
tools,memtoolagent,eog,teams,2,1,1,task_20251129_042410_343_df0ecdeb_573538d3,1.0,1,418522,314.5
tools,memtoolagent,eog,teams,2,1,1,task_20251203_080912_583_df0ecdeb_a3470951,1.0,1,417449,155.5
tools,memtoolagent,eog,teams,2,1,1,task_20251203_115913_239_b5bd4eb9_2e02dcf0,0.0,0,69313,129.1
tools,memtoolagent,eog,teams,2,1,1,task_20260106_003109_589_b5bd4eb9_d0454fa5,1.0,1,312506,171.5
tools,memtoolagent,eog,teams,2,1,1,task_20260106_104903_639_0154326e_81f6a68a,0.5,0,308818,209.1
tools,memtoolagent,eog,teams,2,1,1,task_20260106_112645_853_8e9e30d7_1d4b934c,1.0,1,273509,189.1
tools,memtoolagent,eog,teams,2,1,1,task_20260106_123222_425_8e9e30d7_7dea421b,0.8,0,209673,228.4
tools,memtoolagent,eog,teams,2,1,1,task_20260106_155851_715_df0ecdeb_7b4347ef,0.75,0,209143,230.9
tools,memtoolagent,eog,teams,2,1,1,task_20260107_032952_337_7ebc1127_75b96b98,0.666667,0,291493,236.7
tools,memtoolagent,eog,teams,2,1,1,task_20260108_075149_000_df0ecdeb_ead1b33a,1.0,1,200324,97.0
tools,memtoolagent,eog,teams,2,1,1,task_20260108_082113_548_df0ecdeb_2725d17f,1.0,1,201182,163.2
tools,memtoolagent,eog,teams,2,1,1,task_20260108_172650_003_8e9e30d7_a1ff8588,0.272727,0,511091,426.2
tools,memtoolagent,eog,teams,2,1,1,task_20260108_194921_186_8e9e30d7_a087d6f8,0.444444,0,228019,308.8
tools,memtoolagent,eog,teams,2,1,1,task_20260109_063128_468_8e9e30d7_e983fafa,0.5,0,354413,234.9
tools,memtoolagent,eog,teams,2,1,1,task_20260109_122356_038_0154326e_d224a99d,0.285714,0,138291,136.0
tools,memtoolagent,eog,teams,2,1,2,task_20251121_134729_533_464ee3e0_2dcf2712,1.0,1,207258,132.0
tools,memtoolagent,eog,teams,2,1,2,task_20251123_232016_480_7ebc1127_7a8d85a7,1.0,1,271274,169.8
tools,memtoolagent,eog,teams,2,1,2,task_20251125_110309_032_464ee3e0_33f12828,1.0,1,204603,138.7
tools,memtoolagent,eog,teams,2,1,2,task_20251125_113335_636_7ebc1127_a4ebffe8,0.333333,0,361515,355.2
tools,memtoolagent,eog,teams,2,1,2,task_20251126_054150_897_7ebc1127_60097647,1.0,1,162259,53.3
tools,memtoolagent,eog,teams,2,1,2,task_20251129_042410_343_df0ecdeb_573538d3,1.0,1,337571,275.1
tools,memtoolagent,eog,teams,2,1,2,task_20251203_080912_583_df0ecdeb_a3470951,0.9,0,340851,219.5
tools,memtoolagent,eog,teams,2,1,2,task_20251203_115913_239_b5bd4eb9_2e02dcf0,0.0,0,68460,76.7
tools,memtoolagent,eog,teams,2,1,2,task_20260106_003109_589_b5bd4eb9_d0454fa5,1.0,1,351498,268.9
tools,memtoolagent,eog,teams,2,1,2,task_20260106_104903_639_0154326e_81f6a68a,0.666667,0,313409,340.2
tools,memtoolagent,eog,teams,2,1,2,task_20260106_112645_853_8e9e30d7_1d4b934c,1.0,1,309462,180.4
tools,memtoolagent,eog,teams,2,1,2,task_20260106_123222_425_8e9e30d7_7dea421b,1.0,1,212305,216.0
tools,memtoolagent,eog,teams,2,1,2,task_20260106_155851_715_df0ecdeb_7b4347ef,0.75,0,206309,240.7
tools,memtoolagent,eog,teams,2,1,2,task_20260107_032952_337_7ebc1127_75b96b98,0.5,0,248806,206.5
tools,memtoolagent,eog,teams,2,1,2,task_20260108_075149_000_df0ecdeb_ead1b33a,1.0,1,198888,78.9
tools,memtoolagent,eog,teams,2,1,2,task_20260108_082113_548_df0ecdeb_2725d17f,1.0,1,164944,116.7
tools,memtoolagent,eog,teams,2,1,2,task_20260108_172650_003_8e9e30d7_a1ff8588,0.363636,0,511863,432.6
tools,memtoolagent,eog,teams,2,1,2,task_20260108_194921_186_8e9e30d7_a087d6f8,0.666667,0,378186,515.4
tools,memtoolagent,eog,teams,2,1,2,task_20260109_063128_468_8e9e30d7_e983fafa,0.5,0,181898,204.7
tools,memtoolagent,eog,teams,2,1,2,task_20260109_122356_038_0154326e_d224a99d,0.428571,0,139777,201.7
tools,memtoolagent,eog,teams,2,1,3,task_20251121_134729_533_464ee3e0_2dcf2712,0.5,0,205609,120.0
tools,memtoolagent,eog,teams,2,1,3,task_20251123_232016_480_7ebc1127_7a8d85a7,1.0,1,268394,159.9
tools,memtoolagent,eog,teams,2,1,3,task_20251125_110309_032_464ee3e0_33f12828,1.0,1,203167,105.6
tools,memtoolagent,eog,teams,2,1,3,task_20251125_113335_636_7ebc1127_a4ebffe8,0.5,0,505151,322.6
tools,memtoolagent,eog,teams,2,1,3,task_20251126_054150_897_7ebc1127_60097647,1.0,1,162078,42.9
tools,memtoolagent,eog,teams,2,1,3,task_20251129_042410_343_df0ecdeb_573538d3,1.0,1,379143,157.1
tools,memtoolagent,eog,teams,2,1,3,task_20251203_080912_583_df0ecdeb_a3470951,0.9,0,620235,327.3
tools,memtoolagent,eog,teams,2,1,3,task_20251203_115913_239_b5bd4eb9_2e02dcf0,0.0,0,67143,99.1
tools,memtoolagent,eog,teams,2,1,3,task_20260106_003109_589_b5bd4eb9_d0454fa5,1.0,1,278040,154.1
tools,memtoolagent,eog,teams,2,1,3,task_20260106_104903_639_0154326e_81f6a68a,0.5,0,385704,329.3
tools,memtoolagent,eog,teams,2,1,3,task_20260106_112645_853_8e9e30d7_1d4b934c,1.0,1,209822,147.4
tools,memtoolagent,eog,teams,2,1,3,task_20260106_123222_425_8e9e30d7_7dea421b,0.8,0,175487,187.5
tools,memtoolagent,eog,teams,2,1,3,task_20260106_155851_715_df0ecdeb_7b4347ef,0.0,0,33796,73.0
tools,memtoolagent,eog,teams,2,1,3,task_20260107_032952_337_7ebc1127_75b96b98,1.0,1,213331,172.5
tools,memtoolagent,eog,teams,2,1,3,task_20260108_075149_000_df0ecdeb_ead1b33a,1.0,1,200013,71.3
tools,memtoolagent,eog,teams,2,1,3,task_20260108_082113_548_df0ecdeb_2725d17f,0.75,0,135389,164.6
tools,memtoolagent,eog,teams,2,1,3,task_20260108_172650_003_8e9e30d7_a1ff8588,0.363636,0,544020,298.3
tools,memtoolagent,eog,teams,2,1,3,task_20260108_194921_186_8e9e30d7_a087d6f8,0.777778,0,707287,473.3
tools,memtoolagent,eog,teams,2,1,3,task_20260109_063128_468_8e9e30d7_e983fafa,0.166667,0,176778,204.9
tools,memtoolagent,eog,teams,2,1,3,task_20260109_122356_038_0154326e_d224a99d,0.428571,0,137259,112.4
tools,memtoolagent,eog,teams,2,2,1,task_20251125_115122_370_8e9e30d7_e2700b24,0.0,0,69613,138.4
tools,memtoolagent,eog,teams,2,2,1,task_20251129_042304_817_df0ecdeb_3df990f2,1.0,1,299072,201.2
tools,memtoolagent,eog,teams,2,2,1,task_20251204_100825_050_df0ecdeb_c1b28adf,1.0,1,379363,269.7
tools,memtoolagent,eog,teams,2,2,1,task_20260105_163515_719_8e9e30d7_d86e69de,0.0,0,69379,135.4
tools,memtoolagent,eog,teams,2,2,1,task_20260105_225106_969_0154326e_fc0d4a7b,1.0,1,271014,146.1
tools,memtoolagent,eog,teams,2,2,1,task_20260107_044347_094_7ebc1127_4e1fc798,0.8,0,318441,268.5
tools,memtoolagent,eog,teams,2,2,1,task_20260108_162420_138_df0ecdeb_96950310,1.0,1,237393,198.7
tools,memtoolagent,eog,teams,2,2,1,task_20260108_174958_137_df0ecdeb_a05f1e14,0.888889,0,269032,147.5
tools,memtoolagent,eog,teams,2,2,1,task_20260109_060901_602_8e9e30d7_06581f9f,1.0,1,137191,169.1
tools,memtoolagent,eog,teams,2,2,1,task_20260109_063639_321_8e9e30d7_c31290aa,1.0,1,411259,472.0
tools,memtoolagent,eog,teams,2,2,1,task_20260109_155926_434_df0ecdeb_405562a2,0.0,0,617128,431.9
tools,memtoolagent,eog,teams,2,2,2,task_20251125_115122_370_8e9e30d7_e2700b24,0.0,0,71103,140.9
tools,memtoolagent,eog,teams,2,2,2,task_20251129_042304_817_df0ecdeb_3df990f2,0.75,0,257948,125.9
tools,memtoolagent,eog,teams,2,2,2,task_20251204_100825_050_df0ecdeb_c1b28adf,0.875,0,339192,177.8
tools,memtoolagent,eog,teams,2,2,2,task_20260105_163515_719_8e9e30d7_d86e69de,0.0,0,72533,189.3
tools,memtoolagent,eog,teams,2,2,2,task_20260105_225106_969_0154326e_fc0d4a7b,1.0,1,206240,119.2
tools,memtoolagent,eog,teams,2,2,2,task_20260107_044347_094_7ebc1127_4e1fc798,1.0,1,389262,280.6
tools,memtoolagent,eog,teams,2,2,2,task_20260108_162420_138_df0ecdeb_96950310,1.0,1,203359,196.1
tools,memtoolagent,eog,teams,2,2,2,task_20260108_174958_137_df0ecdeb_a05f1e14,1.0,1,305423,130.3
tools,memtoolagent,eog,teams,2,2,2,task_20260109_060901_602_8e9e30d7_06581f9f,1.0,1,136769,96.0
tools,memtoolagent,eog,teams,2,2,2,task_20260109_063639_321_8e9e30d7_c31290aa,1.0,1,371576,531.4
tools,memtoolagent,eog,teams,2,2,2,task_20260109_155926_434_df0ecdeb_405562a2,0.0,0,674471,489.3
tools,memtoolagent,eog,teams,2,2,3,task_20251125_115122_370_8e9e30d7_e2700b24,0.0,0,70000,116.2
tools,memtoolagent,eog,teams,2,2,3,task_20251129_042304_817_df0ecdeb_3df990f2,1.0,1,291727,86.0
tools,memtoolagent,eog,teams,2,2,3,task_20251204_100825_050_df0ecdeb_c1b28adf,1.0,1,313263,214.1
tools,memtoolagent,eog,teams,2,2,3,task_20260105_163515_719_8e9e30d7_d86e69de,0.0,0,70301,101.3
tools,memtoolagent,eog,teams,2,2,3,task_20260105_225106_969_0154326e_fc0d4a7b,1.0,1,242332,137.1
tools,memtoolagent,eog,teams,2,2,3,task_20260107_044347_094_7ebc1127_4e1fc798,1.0,1,314896,204.0
tools,memtoolagent,eog,teams,2,2,3,task_20260108_162420_138_df0ecdeb_96950310,1.0,1,172813,192.3
tools,memtoolagent,eog,teams,2,2,3,task_20260108_174958_137_df0ecdeb_a05f1e14,1.0,1,306432,130.8
tools,memtoolagent,eog,teams,2,2,3,task_20260109_060901_602_8e9e30d7_06581f9f,1.0,1,173495,183.6
tools,memtoolagent,eog,teams,2,2,3,task_20260109_063639_321_8e9e30d7_c31290aa,1.0,1,622545,481.4
tools,memtoolagent,eog,teams,2,2,3,task_20260109_155926_434_df0ecdeb_405562a2,0.0,0,516435,400.2
tools,memtoolagent,eog,teams,3,1,1,task_20251121_134729_533_464ee3e0_2dcf2712,1.0,1,164192,67.7
tools,memtoolagent,eog,teams,3,1,1,task_20251123_232016_480_7ebc1127_7a8d85a7,1.0,1,368242,142.6
tools,memtoolagent,eog,teams,3,1,1,task_20251125_110309_032_464ee3e0_33f12828,1.0,1,284043,86.3
tools,memtoolagent,eog,teams,3,1,1,task_20251125_113335_636_7ebc1127_a4ebffe8,0.5,0,553897,296.4
tools,memtoolagent,eog,teams,3,1,1,task_20251126_054150_897_7ebc1127_60097647,1.0,1,199460,72.9
tools,memtoolagent,eog,teams,3,1,1,task_20251129_042410_343_df0ecdeb_573538d3,1.0,1,393094,125.7
tools,memtoolagent,eog,teams,3,1,1,task_20251203_080912_583_df0ecdeb_a3470951,1.0,1,489239,120.4
tools,memtoolagent,eog,teams,3,1,1,task_20251203_115913_239_b5bd4eb9_2e02dcf0,0.0,0,83068,124.9
tools,memtoolagent,eog,teams,3,1,1,task_20260106_003109_589_b5bd4eb9_d0454fa5,1.0,1,298494,198.7
tools,memtoolagent,eog,teams,3,1,1,task_20260106_104903_639_0154326e_81f6a68a,0.666667,0,339149,226.3
tools,memtoolagent,eog,teams,3,1,1,task_20260106_112645_853_8e9e30d7_1d4b934c,1.0,1,291340,165.7
tools,memtoolagent,eog,teams,3,1,1,task_20260106_123222_425_8e9e30d7_7dea421b,1.0,1,251499,160.9
tools,memtoolagent,eog,teams,3,1,1,task_20260106_155851_715_df0ecdeb_7b4347ef,1.0,1,293004,198.6
tools,memtoolagent,eog,teams,3,1,1,task_20260107_032952_337_7ebc1127_75b96b98,1.0,1,438885,319.4
tools,memtoolagent,eog,teams,3,1,1,task_20260108_075149_000_df0ecdeb_ead1b33a,1.0,1,245913,102.2
tools,memtoolagent,eog,teams,3,1,1,task_20260108_082113_548_df0ecdeb_2725d17f,1.0,1,202077,121.7
tools,memtoolagent,eog,teams,3,1,1,task_20260108_172650_003_8e9e30d7_a1ff8588,0.363636,0,676911,374.3
tools,memtoolagent,eog,teams,3,1,1,task_20260108_194921_186_8e9e30d7_a087d6f8,0.555556,0,614098,334.9
tools,memtoolagent,eog,teams,3,1,1,task_20260109_063128_468_8e9e30d7_e983fafa,0.0,0,127306,136.6
tools,memtoolagent,eog,teams,3,1,1,task_20260109_122356_038_0154326e_d224a99d,1.0,1,337182,186.7
tools,memtoolagent,eog,teams,3,1,2,task_20251121_134729_533_464ee3e0_2dcf2712,0.5,0,247576,85.5
tools,memtoolagent,eog,teams,3,1,2,task_20251123_232016_480_7ebc1127_7a8d85a7,1.0,1,325567,96.6
tools,memtoolagent,eog,teams,3,1,2,task_20251125_110309_032_464ee3e0_33f12828,0.75,0,285523,101.4
tools,memtoolagent,eog,teams,3,1,2,task_20251125_113335_636_7ebc1127_a4ebffe8,0.5,0,476807,218.2
tools,memtoolagent,eog,teams,3,1,2,task_20251126_054150_897_7ebc1127_60097647,1.0,1,199198,49.4
tools,memtoolagent,eog,teams,3,1,2,task_20251129_042410_343_df0ecdeb_573538d3,1.0,1,352924,98.9
tools,memtoolagent,eog,teams,3,1,2,task_20251203_080912_583_df0ecdeb_a3470951,1.0,1,498882,160.7
tools,memtoolagent,eog,teams,3,1,2,task_20251203_115913_239_b5bd4eb9_2e02dcf0,0.0,0,81256,85.3
tools,memtoolagent,eog,teams,3,1,2,task_20260106_003109_589_b5bd4eb9_d0454fa5,1.0,1,337717,148.5
tools,memtoolagent,eog,teams,3,1,2,task_20260106_104903_639_0154326e_81f6a68a,0.5,0,376199,156.7
tools,memtoolagent,eog,teams,3,1,2,task_20260106_112645_853_8e9e30d7_1d4b934c,1.0,1,377188,154.8
tools,memtoolagent,eog,teams,3,1,2,task_20260106_123222_425_8e9e30d7_7dea421b,1.0,1,294097,168.2
tools,memtoolagent,eog,teams,3,1,2,task_20260106_155851_715_df0ecdeb_7b4347ef,0.75,0,249855,173.1
tools,memtoolagent,eog,teams,3,1,2,task_20260107_032952_337_7ebc1127_75b96b98,1.0,1,422329,208.1
tools,memtoolagent,eog,teams,3,1,2,task_20260108_075149_000_df0ecdeb_ead1b33a,1.0,1,242082,52.1
tools,memtoolagent,eog,teams,3,1,2,task_20260108_082113_548_df0ecdeb_2725d17f,1.0,1,163079,94.8
tools,memtoolagent,eog,teams,3,1,2,task_20260108_172650_003_8e9e30d7_a1ff8588,0.363636,0,560687,250.5
tools,memtoolagent,eog,teams,3,1,2,task_20260108_194921_186_8e9e30d7_a087d6f8,0.555556,0,699892,307.2
tools,memtoolagent,eog,teams,3,1,2,task_20260109_063128_468_8e9e30d7_e983fafa,0.166667,0,212246,149.6
tools,memtoolagent,eog,teams,3,1,2,task_20260109_122356_038_0154326e_d224a99d,0.428571,0,168851,190.7
tools,memtoolagent,eog,teams,3,1,3,task_20251121_134729_533_464ee3e0_2dcf2712,1.0,1,203712,71.8
tools,memtoolagent,eog,teams,3,1,3,task_20251123_232016_480_7ebc1127_7a8d85a7,1.0,1,411774,158.6
tools,memtoolagent,eog,teams,3,1,3,task_20251125_110309_032_464ee3e0_33f12828,1.0,1,284523,96.1
tools,memtoolagent,eog,teams,3,1,3,task_20251125_113335_636_7ebc1127_a4ebffe8,0.333333,0,558616,265.6
tools,memtoolagent,eog,teams,3,1,3,task_20251126_054150_897_7ebc1127_60097647,1.0,1,200306,74.6
tools,memtoolagent,eog,teams,3,1,3,task_20251129_042410_343_df0ecdeb_573538d3,1.0,1,350061,95.0
tools,memtoolagent,eog,teams,3,1,3,task_20251203_080912_583_df0ecdeb_a3470951,1.0,1,444119,115.4
tools,memtoolagent,eog,teams,3,1,3,task_20251203_115913_239_b5bd4eb9_2e02dcf0,0.0,0,82922,130.3
tools,memtoolagent,eog,teams,3,1,3,task_20260106_003109_589_b5bd4eb9_d0454fa5,1.0,1,337663,156.9
tools,memtoolagent,eog,teams,3,1,3,task_20260106_104903_639_0154326e_81f6a68a,0.666667,0,516792,265.1
tools,memtoolagent,eog,teams,3,1,3,task_20260106_112645_853_8e9e30d7_1d4b934c,1.0,1,290932,122.4
tools,memtoolagent,eog,teams,3,1,3,task_20260106_123222_425_8e9e30d7_7dea421b,1.0,1,247467,148.4
tools,memtoolagent,eog,teams,3,1,3,task_20260106_155851_715_df0ecdeb_7b4347ef,1.0,1,294170,264.1
tools,memtoolagent,eog,teams,3,1,3,task_20260107_032952_337_7ebc1127_75b96b98,0.666667,0,294969,126.5
tools,memtoolagent,eog,teams,3,1,3,task_20260108_075149_000_df0ecdeb_ead1b33a,1.0,1,241088,58.9
tools,memtoolagent,eog,teams,3,1,3,task_20260108_082113_548_df0ecdeb_2725d17f,1.0,1,161138,91.6
tools,memtoolagent,eog,teams,3,1,3,task_20260108_172650_003_8e9e30d7_a1ff8588,0.363636,0,661832,353.5
tools,memtoolagent,eog,teams,3,1,3,task_20260108_194921_186_8e9e30d7_a087d6f8,0.444444,0,701991,355.8
tools,memtoolagent,eog,teams,3,1,3,task_20260109_063128_468_8e9e30d7_e983fafa,0.5,0,427659,168.5
tools,memtoolagent,eog,teams,3,1,3,task_20260109_122356_038_0154326e_d224a99d,0.428571,0,165484,150.5
tools,memtoolagent,eog,teams,3,2,1,task_20251125_115122_370_8e9e30d7_e2700b24,0.0,0,83588,75.8
tools,memtoolagent,eog,teams,3,2,1,task_20251129_042304_817_df0ecdeb_3df990f2,1.0,1,310344,103.6
tools,memtoolagent,eog,teams,3,2,1,task_20251204_100825_050_df0ecdeb_c1b28adf,1.0,1,448109,183.9
tools,memtoolagent,eog,teams,3,2,1,task_20260105_163515_719_8e9e30d7_d86e69de,0.0,0,86024,117.0
tools,memtoolagent,eog,teams,3,2,1,task_20260105_225106_969_0154326e_fc0d4a7b,1.0,1,330207,120.4
tools,memtoolagent,eog,teams,3,2,1,task_20260107_044347_094_7ebc1127_4e1fc798,1.0,1,295241,146.6
tools,memtoolagent,eog,teams,3,2,1,task_20260108_162420_138_df0ecdeb_96950310,1.0,1,204112,104.9
tools,memtoolagent,eog,teams,3,2,1,task_20260108_174958_137_df0ecdeb_a05f1e14,1.0,1,325707,73.5
tools,memtoolagent,eog,teams,3,2,1,task_20260109_060901_602_8e9e30d7_06581f9f,1.0,1,250562,108.1
tools,memtoolagent,eog,teams,3,2,1,task_20260109_063639_321_8e9e30d7_c31290aa,1.0,1,488742,347.7
tools,memtoolagent,eog,teams,3,2,1,task_20260109_155926_434_df0ecdeb_405562a2,0.0,0,776081,323.3
tools,memtoolagent,eog,teams,3,2,2,task_20251125_115122_370_8e9e30d7_e2700b24,0.0,0,83573,84.3
tools,memtoolagent,eog,teams,3,2,2,task_20251129_042304_817_df0ecdeb_3df990f2,1.0,1,220847,80.4
tools,memtoolagent,eog,teams,3,2,2,task_20251204_100825_050_df0ecdeb_c1b28adf,1.0,1,401751,144.2
tools,memtoolagent,eog,teams,3,2,2,task_20260105_163515_719_8e9e30d7_d86e69de,0.0,0,91517,198.4
tools,memtoolagent,eog,teams,3,2,2,task_20260105_225106_969_0154326e_fc0d4a7b,1.0,1,249871,128.9
tools,memtoolagent,eog,teams,3,2,2,task_20260107_044347_094_7ebc1127_4e1fc798,1.0,1,337955,129.9
tools,memtoolagent,eog,teams,3,2,2,task_20260108_162420_138_df0ecdeb_96950310,1.0,1,247184,145.9
tools,memtoolagent,eog,teams,3,2,2,task_20260108_174958_137_df0ecdeb_a05f1e14,1.0,1,325448,89.7
tools,memtoolagent,eog,teams,3,2,2,task_20260109_060901_602_8e9e30d7_06581f9f,1.0,1,209697,117.7
tools,memtoolagent,eog,teams,3,2,2,task_20260109_063639_321_8e9e30d7_c31290aa,0.916667,0,582734,391.7
tools,memtoolagent,eog,teams,3,2,2,task_20260109_155926_434_df0ecdeb_405562a2,0.0,0,451947,399.8
tools,memtoolagent,eog,teams,3,2,3,task_20251125_115122_370_8e9e30d7_e2700b24,0.0,0,84717,83.6
tools,memtoolagent,eog,teams,3,2,3,task_20251129_042304_817_df0ecdeb_3df990f2,1.0,1,305601,68.0
tools,memtoolagent,eog,teams,3,2,3,task_20251204_100825_050_df0ecdeb_c1b28adf,1.0,1,403252,145.9
tools,memtoolagent,eog,teams,3,2,3,task_20260105_163515_719_8e9e30d7_d86e69de,0.0,0,87664,100.3
tools,memtoolagent,eog,teams,3,2,3,task_20260105_225106_969_0154326e_fc0d4a7b,1.0,1,290254,117.3
tools,memtoolagent,eog,teams,3,2,3,task_20260107_044347_094_7ebc1127_4e1fc798,1.0,1,339997,198.1
tools,memtoolagent,eog,teams,3,2,3,task_20260108_162420_138_df0ecdeb_96950310,1.0,1,203310,98.7
tools,memtoolagent,eog,teams,3,2,3,task_20260108_174958_137_df0ecdeb_a05f1e14,1.0,1,325861,114.5
tools,memtoolagent,eog,teams,3,2,3,task_20260109_060901_602_8e9e30d7_06581f9f,1.0,1,165627,78.8
tools,memtoolagent,eog,teams,3,2,3,task_20260109_063639_321_8e9e30d7_c31290aa,0.916667,0,864844,539.0
tools,memtoolagent,eog,teams,3,2,3,task_20260109_155926_434_df0ecdeb_405562a2,0.0,0,365555,370.3
tools,memtoolagent,eog,teams,3,3,1,task_20251126_070103_077_501bbb2c_7c7c4ea6,1.0,1,241773,57.5
tools,memtoolagent,eog,teams,3,3,1,task_20251202_174228_665_df0ecdeb_e84a9e55,1.0,1,312207,145.8
tools,memtoolagent,eog,teams,3,3,1,task_20251205_134123_742_b5bd4eb9_003270a9,1.0,1,386866,229.8
tools,memtoolagent,eog,teams,3,3,1,task_20251205_192805_864_464ee3e0_91f2c02f,0.444444,0,386630,210.3
tools,memtoolagent,eog,teams,3,3,1,task_20251205_210412_800_0154326e_3caf7df7,1.0,1,500791,246.8
tools,memtoolagent,eog,teams,3,3,1,task_20260106_143232_971_0154326e_0af4275b,1.0,1,422104,171.3
tools,memtoolagent,eog,teams,3,3,2,task_20251126_070103_077_501bbb2c_7c7c4ea6,1.0,1,241234,80.0
tools,memtoolagent,eog,teams,3,3,2,task_20251202_174228_665_df0ecdeb_e84a9e55,1.0,1,442622,166.7
tools,memtoolagent,eog,teams,3,3,2,task_20251205_134123_742_b5bd4eb9_003270a9,1.0,1,423423,172.6
tools,memtoolagent,eog,teams,3,3,2,task_20251205_192805_864_464ee3e0_91f2c02f,0.777778,0,656078,253.1
tools,memtoolagent,eog,teams,3,3,2,task_20251205_210412_800_0154326e_3caf7df7,1.0,1,522996,371.3
tools,memtoolagent,eog,teams,3,3,2,task_20260106_143232_971_0154326e_0af4275b,1.0,1,383448,199.6
tools,memtoolagent,eog,teams,3,3,3,task_20251126_070103_077_501bbb2c_7c7c4ea6,1.0,1,241624,58.8
tools,memtoolagent,eog,teams,3,3,3,task_20251202_174228_665_df0ecdeb_e84a9e55,1.0,1,445715,226.0
tools,memtoolagent,eog,teams,3,3,3,task_20251205_134123_742_b5bd4eb9_003270a9,0.8,0,433790,324.5
tools,memtoolagent,eog,teams,3,3,3,task_20251205_192805_864_464ee3e0_91f2c02f,0.777778,0,609522,227.1
tools,memtoolagent,eog,teams,3,3,3,task_20251205_210412_800_0154326e_3caf7df7,1.0,1,603493,343.7
tools,memtoolagent,eog,teams,3,3,3,task_20260106_143232_971_0154326e_0af4275b,1.0,1,464666,226.1
tools,memtoolagent,eog,teams,4,1,1,task_20251121_134729_533_464ee3e0_2dcf2712,1.0,1,227911,75.8
tools,memtoolagent,eog,teams,4,1,1,task_20251123_232016_480_7ebc1127_7a8d85a7,1.0,1,367634,189.6
tools,memtoolagent,eog,teams,4,1,1,task_20251125_110309_032_464ee3e0_33f12828,1.0,1,275410,115.6
tools,memtoolagent,eog,teams,4,1,1,task_20251125_113335_636_7ebc1127_a4ebffe8,0.5,0,381026,171.8
tools,memtoolagent,eog,teams,4,1,1,task_20251126_054150_897_7ebc1127_60097647,1.0,1,223272,54.4
tools,memtoolagent,eog,teams,4,1,1,task_20251129_042410_343_df0ecdeb_573538d3,1.0,1,441542,176.2
tools,memtoolagent,eog,teams,4,1,1,task_20251203_080912_583_df0ecdeb_a3470951,1.0,1,492425,122.8
tools,memtoolagent,eog,teams,4,1,1,task_20251203_115913_239_b5bd4eb9_2e02dcf0,0.0,0,92065,109.5
tools,memtoolagent,eog,teams,4,1,1,task_20260106_003109_589_b5bd4eb9_d0454fa5,1.0,1,423079,181.8
tools,memtoolagent,eog,teams,4,1,1,task_20260106_104903_639_0154326e_81f6a68a,0.666667,0,469368,321.5
tools,memtoolagent,eog,teams,4,1,1,task_20260106_112645_853_8e9e30d7_1d4b934c,1.0,1,329308,169.3
tools,memtoolagent,eog,teams,4,1,1,task_20260106_123222_425_8e9e30d7_7dea421b,1.0,1,330320,230.4
tools,memtoolagent,eog,teams,4,1,1,task_20260106_155851_715_df0ecdeb_7b4347ef,1.0,1,324749,227.5
tools,memtoolagent,eog,teams,4,1,1,task_20260107_032952_337_7ebc1127_75b96b98,0.666667,0,374782,130.8
tools,memtoolagent,eog,teams,4,1,1,task_20260108_075149_000_df0ecdeb_ead1b33a,1.0,1,271837,81.4
tools,memtoolagent,eog,teams,4,1,1,task_20260108_082113_548_df0ecdeb_2725d17f,1.0,1,225556,110.4
tools,memtoolagent,eog,teams,4,1,1,task_20260108_172650_003_8e9e30d7_a1ff8588,0.363636,0,731670,423.8
tools,memtoolagent,eog,teams,4,1,1,task_20260108_194921_186_8e9e30d7_a087d6f8,0.666667,0,490276,400.7
tools,memtoolagent,eog,teams,4,1,1,task_20260109_063128_468_8e9e30d7_e983fafa,0.0,0,283488,257.0
tools,memtoolagent,eog,teams,4,1,1,task_20260109_122356_038_0154326e_d224a99d,0.428571,0,230600,172.9
tools,memtoolagent,eog,teams,4,1,2,task_20251121_134729_533_464ee3e0_2dcf2712,1.0,1,227804,67.6
tools,memtoolagent,eog,teams,4,1,2,task_20251123_232016_480_7ebc1127_7a8d85a7,1.0,1,366003,116.2
tools,memtoolagent,eog,teams,4,1,2,task_20251125_110309_032_464ee3e0_33f12828,0.75,0,320584,99.8
tools,memtoolagent,eog,teams,4,1,2,task_20251125_113335_636_7ebc1127_a4ebffe8,0.333333,0,524415,242.2
tools,memtoolagent,eog,teams,4,1,2,task_20251126_054150_897_7ebc1127_60097647,1.0,1,223913,109.9
tools,memtoolagent,eog,teams,4,1,2,task_20251129_042410_343_df0ecdeb_573538d3,1.0,1,339166,100.4
tools,memtoolagent,eog,teams,4,1,2,task_20251203_080912_583_df0ecdeb_a3470951,1.0,1,491274,84.7
tools,memtoolagent,eog,teams,4,1,2,task_20251203_115913_239_b5bd4eb9_2e02dcf0,0.0,0,92032,105.4
tools,memtoolagent,eog,teams,4,1,2,task_20260106_003109_589_b5bd4eb9_d0454fa5,1.0,1,377538,183.2
tools,memtoolagent,eog,teams,4,1,2,task_20260106_104903_639_0154326e_81f6a68a,0.5,0,369661,196.1
tools,memtoolagent,eog,teams,4,1,2,task_20260106_112645_853_8e9e30d7_1d4b934c,1.0,1,277794,91.4
tools,memtoolagent,eog,teams,4,1,2,task_20260106_123222_425_8e9e30d7_7dea421b,1.0,1,328943,180.4
tools,memtoolagent,eog,teams,4,1,2,task_20260106_155851_715_df0ecdeb_7b4347ef,1.0,1,372980,238.6
tools,memtoolagent,eog,teams,4,1,2,task_20260107_032952_337_7ebc1127_75b96b98,0.666667,0,420851,264.0
tools,memtoolagent,eog,teams,4,1,2,task_20260108_075149_000_df0ecdeb_ead1b33a,1.0,1,270704,55.4
tools,memtoolagent,eog,teams,4,1,2,task_20260108_082113_548_df0ecdeb_2725d17f,1.0,1,180524,95.4
tools,memtoolagent,eog,teams,4,1,2,task_20260108_172650_003_8e9e30d7_a1ff8588,0.272727,0,548483,362.2
tools,memtoolagent,eog,teams,4,1,2,task_20260108_194921_186_8e9e30d7_a087d6f8,0.444444,0,873317,493.0
tools,memtoolagent,eog,teams,4,1,2,task_20260109_063128_468_8e9e30d7_e983fafa,0.166667,0,240550,289.3
tools,memtoolagent,eog,teams,4,1,2,task_20260109_122356_038_0154326e_d224a99d,0.714286,0,429888,307.6
tools,memtoolagent,eog,teams,4,1,3,task_20251121_134729_533_464ee3e0_2dcf2712,1.0,1,229359,81.9
tools,memtoolagent,eog,teams,4,1,3,task_20251123_232016_480_7ebc1127_7a8d85a7,1.0,1,411951,173.4
tools,memtoolagent,eog,teams,4,1,3,task_20251125_110309_032_464ee3e0_33f12828,0.75,0,276229,100.6
tools,memtoolagent,eog,teams,4,1,3,task_20251125_113335_636_7ebc1127_a4ebffe8,0.333333,0,476156,233.2
tools,memtoolagent,eog,teams,4,1,3,task_20251126_054150_897_7ebc1127_60097647,1.0,1,223318,73.5
tools,memtoolagent,eog,teams,4,1,3,task_20251129_042410_343_df0ecdeb_573538d3,1.0,1,389600,104.1
tools,memtoolagent,eog,teams,4,1,3,task_20251203_080912_583_df0ecdeb_a3470951,1.0,1,492657,90.4
tools,memtoolagent,eog,teams,4,1,3,task_20251203_115913_239_b5bd4eb9_2e02dcf0,0.0,0,91940,96.8
tools,memtoolagent,eog,teams,4,1,3,task_20260106_003109_589_b5bd4eb9_d0454fa5,0.0,0,425907,241.0
tools,memtoolagent,eog,teams,4,1,3,task_20260106_104903_639_0154326e_81f6a68a,0.666667,0,381386,268.0
tools,memtoolagent,eog,teams,4,1,3,task_20260106_112645_853_8e9e30d7_1d4b934c,1.0,1,279583,139.7
tools,memtoolagent,eog,teams,4,1,3,task_20260106_123222_425_8e9e30d7_7dea421b,1.0,1,330311,285.4
tools,memtoolagent,eog,teams,4,1,3,task_20260106_155851_715_df0ecdeb_7b4347ef,1.0,1,277095,171.8
tools,memtoolagent,eog,teams,4,1,3,task_20260107_032952_337_7ebc1127_75b96b98,0.666667,0,376504,130.0
tools,memtoolagent,eog,teams,4,1,3,task_20260108_075149_000_df0ecdeb_ead1b33a,1.0,1,271726,83.5
tools,memtoolagent,eog,teams,4,1,3,task_20260108_082113_548_df0ecdeb_2725d17f,1.0,1,181142,89.0
tools,memtoolagent,eog,teams,4,1,3,task_20260108_172650_003_8e9e30d7_a1ff8588,0.363636,0,630505,290.3
tools,memtoolagent,eog,teams,4,1,3,task_20260108_194921_186_8e9e30d7_a087d6f8,0.666667,0,633560,401.1
tools,memtoolagent,eog,teams,4,1,3,task_20260109_063128_468_8e9e30d7_e983fafa,0.5,0,477434,279.7
tools,memtoolagent,eog,teams,4,1,3,task_20260109_122356_038_0154326e_d224a99d,1.0,1,430920,243.9
tools,memtoolagent,eog,teams,4,2,1,task_20251125_115122_370_8e9e30d7_e2700b24,0.875,0,577024,228.0
tools,memtoolagent,eog,teams,4,2,1,task_20251129_042304_817_df0ecdeb_3df990f2,1.0,1,340714,60.4
tools,memtoolagent,eog,teams,4,2,1,task_20251204_100825_050_df0ecdeb_c1b28adf,1.0,1,447641,139.2
tools,memtoolagent,eog,teams,4,2,1,task_20260105_163515_719_8e9e30d7_d86e69de,0.0,0,94840,106.3
tools,memtoolagent,eog,teams,4,2,1,task_20260105_225106_969_0154326e_fc0d4a7b,1.0,1,367653,92.9
tools,memtoolagent,eog,teams,4,2,1,task_20260107_044347_094_7ebc1127_4e1fc798,1.0,1,425639,125.5
tools,memtoolagent,eog,teams,4,2,1,task_20260108_162420_138_df0ecdeb_96950310,1.0,1,188149,119.8
tools,memtoolagent,eog,teams,4,2,1,task_20260108_174958_137_df0ecdeb_a05f1e14,1.0,1,366285,87.0
tools,memtoolagent,eog,teams,4,2,1,task_20260109_060901_602_8e9e30d7_06581f9f,1.0,1,231396,93.6
tools,memtoolagent,eog,teams,4,2,1,task_20260109_063639_321_8e9e30d7_c31290aa,1.0,1,797622,368.8
tools,memtoolagent,eog,teams,4,2,1,task_20260109_155926_434_df0ecdeb_405562a2,0.0,0,927337,355.1
tools,memtoolagent,eog,teams,4,2,2,task_20251125_115122_370_8e9e30d7_e2700b24,0.0,0,93420,83.0
tools,memtoolagent,eog,teams,4,2,2,task_20251129_042304_817_df0ecdeb_3df990f2,1.0,1,339551,78.1
tools,memtoolagent,eog,teams,4,2,2,task_20251204_100825_050_df0ecdeb_c1b28adf,1.0,1,445922,115.2
tools,memtoolagent,eog,teams,4,2,2,task_20260105_163515_719_8e9e30d7_d86e69de,0.0,0,95686,93.5
tools,memtoolagent,eog,teams,4,2,2,task_20260105_225106_969_0154326e_fc0d4a7b,1.0,1,373121,116.7
tools,memtoolagent,eog,teams,4,2,2,task_20260107_044347_094_7ebc1127_4e1fc798,1.0,1,424230,135.2
tools,memtoolagent,eog,teams,4,2,2,task_20260108_162420_138_df0ecdeb_96950310,1.0,1,185108,65.3
tools,memtoolagent,eog,teams,4,2,2,task_20260108_174958_137_df0ecdeb_a05f1e14,1.0,1,366063,87.0
tools,memtoolagent,eog,teams,4,2,2,task_20260109_060901_602_8e9e30d7_06581f9f,1.0,1,278330,128.3
tools,memtoolagent,eog,teams,4,2,2,task_20260109_063639_321_8e9e30d7_c31290aa,1.0,1,497406,262.8
tools,memtoolagent,eog,teams,4,2,2,task_20260109_155926_434_df0ecdeb_405562a2,0.0,0,542260,291.3
tools,memtoolagent,eog,teams,4,2,3,task_20251125_115122_370_8e9e30d7_e2700b24,0.875,0,664178,283.0
tools,memtoolagent,eog,teams,4,2,3,task_20251129_042304_817_df0ecdeb_3df990f2,1.0,1,339315,91.8
tools,memtoolagent,eog,teams,4,2,3,task_20251204_100825_050_df0ecdeb_c1b28adf,1.0,1,445725,130.6
tools,memtoolagent,eog,teams,4,2,3,task_20260105_163515_719_8e9e30d7_d86e69de,0.833333,0,393486,341.3
tools,memtoolagent,eog,teams,4,2,3,task_20260105_225106_969_0154326e_fc0d4a7b,1.0,1,279335,121.1
tools,memtoolagent,eog,teams,4,2,3,task_20260107_044347_094_7ebc1127_4e1fc798,1.0,1,424272,162.0
tools,memtoolagent,eog,teams,4,2,3,task_20260108_162420_138_df0ecdeb_96950310,1.0,1,276858,126.1
tools,memtoolagent,eog,teams,4,2,3,task_20260108_174958_137_df0ecdeb_a05f1e14,1.0,1,366659,99.0
tools,memtoolagent,eog,teams,4,2,3,task_20260109_060901_602_8e9e30d7_06581f9f,1.0,1,234549,119.1
tools,memtoolagent,eog,teams,4,2,3,task_20260109_063639_321_8e9e30d7_c31290aa,1.0,1,653291,412.7
tools,memtoolagent,eog,teams,4,2,3,task_20260109_155926_434_df0ecdeb_405562a2,0.0,0,829902,399.8
tools,memtoolagent,eog,teams,4,3,1,task_20251126_070103_077_501bbb2c_7c7c4ea6,1.0,1,271479,75.9
tools,memtoolagent,eog,teams,4,3,1,task_20251202_174228_665_df0ecdeb_e84a9e55,1.0,1,393508,126.6
tools,memtoolagent,eog,teams,4,3,1,task_20251205_134123_742_b5bd4eb9_003270a9,1.0,1,727083,313.8
tools,memtoolagent,eog,teams,4,3,1,task_20251205_192805_864_464ee3e0_91f2c02f,0.777778,0,782420,249.2
tools,memtoolagent,eog,teams,4,3,1,task_20251205_210412_800_0154326e_3caf7df7,1.0,1,424705,194.8
tools,memtoolagent,eog,teams,4,3,1,task_20260106_143232_971_0154326e_0af4275b,1.0,1,466493,105.0
tools,memtoolagent,eog,teams,4,3,2,task_20251126_070103_077_501bbb2c_7c7c4ea6,1.0,1,271134,55.2
tools,memtoolagent,eog,teams,4,3,2,task_20251202_174228_665_df0ecdeb_e84a9e55,1.0,1,443325,186.3
tools,memtoolagent,eog,teams,4,3,2,task_20251205_134123_742_b5bd4eb9_003270a9,1.0,1,378455,158.2
tools,memtoolagent,eog,teams,4,3,2,task_20251205_192805_864_464ee3e0_91f2c02f,0.777778,0,588777,155.6
tools,memtoolagent,eog,teams,4,3,2,task_20251205_210412_800_0154326e_3caf7df7,1.0,1,422350,142.6
tools,memtoolagent,eog,teams,4,3,2,task_20260106_143232_971_0154326e_0af4275b,1.0,1,519801,145.1
tools,memtoolagent,eog,teams,4,3,3,task_20251126_070103_077_501bbb2c_7c7c4ea6,1.0,1,227763,76.8
tools,memtoolagent,eog,teams,4,3,3,task_20251202_174228_665_df0ecdeb_e84a9e55,1.0,1,447101,148.3
tools,memtoolagent,eog,teams,4,3,3,task_20251205_134123_742_b5bd4eb9_003270a9,1.0,1,378625,145.3
tools,memtoolagent,eog,teams,4,3,3,task_20251205_192805_864_464ee3e0_91f2c02f,0.777778,0,727558,162.0
tools,memtoolagent,eog,teams,4,3,3,task_20251205_210412_800_0154326e_3caf7df7,0.75,0,235949,101.6
tools,memtoolagent,eog,teams,4,3,3,task_20260106_143232_971_0154326e_0af4275b,1.0,1,516407,135.1
tools,memtoolagent,eog,teams,4,4,1,task_20251126_055301_905_8e9e30d7_6aab00b8,0.0,0,92114,87.7
tools,memtoolagent,eog,teams,4,4,1,task_20251128_120055_076_8e9e30d7_e5dcfa22,0.875,0,525017,228.8
tools,memtoolagent,eog,teams,4,4,1,task_20251128_200856_738_0154326e_752f99ad,0.875,0,615923,232.8
tools,memtoolagent,eog,teams,4,4,1,task_20260106_040225_149_7ebc1127_e9ac645c,1.0,1,230141,130.4
tools,memtoolagent,eog,teams,4,4,1,task_20260107_111155_131_0154326e_96e0246b,0.888889,0,525347,253.3
tools,memtoolagent,eog,teams,4,4,1,task_20260109_004703_994_7ebc1127_6f97f3e9,0.714286,0,892170,642.1
tools,memtoolagent,eog,teams,4,4,2,task_20251126_055301_905_8e9e30d7_6aab00b8,1.0,1,416433,219.1
tools,memtoolagent,eog,teams,4,4,2,task_20251128_120055_076_8e9e30d7_e5dcfa22,0.875,0,662504,339.5
tools,memtoolagent,eog,teams,4,4,2,task_20251128_200856_738_0154326e_752f99ad,0.875,0,564395,218.1
tools,memtoolagent,eog,teams,4,4,2,task_20260106_040225_149_7ebc1127_e9ac645c,0.75,0,327646,216.0
tools,memtoolagent,eog,teams,4,4,2,task_20260107_111155_131_0154326e_96e0246b,0.888889,0,473629,212.8
tools,memtoolagent,eog,teams,4,4,2,task_20260109_004703_994_7ebc1127_6f97f3e9,0.714286,0,871257,533.1
tools,memtoolagent,eog,teams,4,4,3,task_20251126_055301_905_8e9e30d7_6aab00b8,1.0,1,412221,150.9
tools,memtoolagent,eog,teams,4,4,3,task_20251128_120055_076_8e9e30d7_e5dcfa22,0.875,0,520101,309.2
tools,memtoolagent,eog,teams,4,4,3,task_20251128_200856_738_0154326e_752f99ad,0.875,0,561860,194.1
tools,memtoolagent,eog,teams,4,4,3,task_20260106_040225_149_7ebc1127_e9ac645c,1.0,1,230133,159.0
tools,memtoolagent,eog,teams,4,4,3,task_20260107_111155_131_0154326e_96e0246b,0.888889,0,518998,197.8
tools,memtoolagent,eog,teams,4,4,3,task_20260109_004703_994_7ebc1127_6f97f3e9,0.714286,0,702639,626.9
