track,arm,benchmark,stream,adapt_stage,eval_cohort,run,task_id,score,success,recorded_tokens,recorded_seconds
tools,reasoning-bank,ale,ale,1,1,1,business_finance/american_option_pricing_ls,0.5,0,1312036,617.8
tools,reasoning-bank,ale,ale,1,1,1,business_finance/basel_operational_risk_bia_cn,0.0,0,2231901,518.4
tools,reasoning-bank,ale,ale,1,1,1,business_finance/bpmn_supply_disruption_l3,0.8724,0,937745,536.4
tools,reasoning-bank,ale,ale,1,1,1,business_finance/digital_marketing_audience_segmentation_1,0.9042,0,328483,197.1
tools,reasoning-bank,ale,ale,1,1,1,business_finance/pe_screening_memo_1,0.6875,0,1396271,260.8
tools,reasoning-bank,ale,ale,1,1,1,business_finance/sse_northbound_programmatic_trading_01,0.333333,0,1899371,245.1
tools,reasoning-bank,ale,ale,1,1,1,computing_math/branch_bound_atsp,0.95,0,2878087,900.4
tools,reasoning-bank,ale,ale,1,1,1,computing_math/cfr_game_theory_equilibrium,0.33,0,2068115,547.0
tools,reasoning-bank,ale,ale,1,1,1,computing_math/cost_optimization_1,0.649003,0,1737947,406.5
tools,reasoning-bank,ale,ale,1,1,1,computing_math/ising_post_measurement_1,0.0,0,1075833,538.3
tools,reasoning-bank,ale,ale,1,1,1,computing_math/k8s_payment_api_root_cause_analysis,0.647727,0,250959,134.3
tools,reasoning-bank,ale,ale,1,1,1,computing_math/recsys_cold_start_instance_1,0.833333,0,1990301,751.0
tools,reasoning-bank,ale,ale,1,1,1,computing_math/synthetic_causal_structure_inference,0.289794,0,1127278,563.4
tools,reasoning-bank,ale,ale,1,1,1,education_info/homework_grading_numerical_pdes_instance_02,0.669818,0,934062,325.0
tools,reasoning-bank,ale,ale,1,1,1,education_info/marc_remediation_folio_overlay,0.1,0,1180585,385.4
tools,reasoning-bank,ale,ale,1,1,1,education_info/moodle_gradebook_closeout_reconciliation,0.0,0,1744296,386.4
tools,reasoning-bank,ale,ale,1,1,1,engineering/aerospace_low_thrust_trajectory,0.0,0,1444030,965.4
tools,reasoning-bank,ale,ale,1,1,1,health_medicine/crf_sdtm_mapping_4,0.4067,0,1379928,331.3
tools,reasoning-bank,ale,ale,1,1,1,health_medicine/epidemiology_forecast,0.0,0,211930,203.9
tools,reasoning-bank,ale,ale,1,1,1,health_medicine/flusight_offline_hosp_forecast_2024_12_14,0.424946,0,256784,114.4
tools,reasoning-bank,ale,ale,1,1,1,health_medicine/healthcare_bias_audit_27a_public_replication_v1,0.0,0,3048958,1157.4
tools,reasoning-bank,ale,ale,1,1,1,health_medicine/nhanes_confounder_sensitivity_analysis,0.975,0,497721,220.8
tools,reasoning-bank,ale,ale,1,1,1,health_medicine/scene3_skullstrip_qc,1.0,1,42699,76.7
tools,reasoning-bank,ale,ale,1,1,1,legal/agora_governance_classify_instance_1,0.358425,0,1638827,269.9
tools,reasoning-bank,ale,ale,1,1,1,life_sciences/cell_tracking_instance_1,0.444037,0,809238,373.8
tools,reasoning-bank,ale,ale,1,1,1,life_sciences/cell_translocation_analysis,0.0,0,876818,496.0
tools,reasoning-bank,ale,ale,1,1,1,life_sciences/tcga_brca_deg_analysis,0.0,0,512006,225.3
tools,reasoning-bank,ale,ale,1,1,1,physical_sciences/adapt_vqe_molecular_energy,0.0,0,893481,414.8
tools,reasoning-bank,ale,ale,1,1,1,physical_sciences/gillespie_gene_regulatory_network,0.0,0,1053579,478.4
tools,reasoning-bank,ale,ale,1,1,1,physical_sciences/glm_lake_calibration,0.0,0,684847,220.2
tools,reasoning-bank,ale,ale,1,1,1,physical_sciences/molecular_structure_plausibility,0.166667,0,798022,203.6
tools,reasoning-bank,ale,ale,1,1,1,physical_sciences/mose2_bse_absorption_soc,0.0,0,1204617,430.7
tools,reasoning-bank,ale,ale,1,1,1,psychology_neuro/scene2_resample,0.0,0,991706,358.9
tools,reasoning-bank,ale,ale,1,1,1,transport_safety/abm_hangzhou_metro,0.0,0,850696,342.6
tools,reasoning-bank,ale,ale,1,1,2,business_finance/american_option_pricing_ls,0.0,0,987238,602.4
tools,reasoning-bank,ale,ale,1,1,2,business_finance/basel_operational_risk_bia_cn,0.0,0,1879486,635.3
tools,reasoning-bank,ale,ale,1,1,2,business_finance/bpmn_supply_disruption_l3,0.0,0,2855920,619.3
tools,reasoning-bank,ale,ale,1,1,2,business_finance/digital_marketing_audience_segmentation_1,0.8667,0,195512,136.4
tools,reasoning-bank,ale,ale,1,1,2,business_finance/pe_screening_memo_1,0.69375,0,822479,209.9
tools,reasoning-bank,ale,ale,1,1,2,business_finance/sse_northbound_programmatic_trading_01,0.666667,0,739867,974.9
tools,reasoning-bank,ale,ale,1,1,2,computing_math/branch_bound_atsp,0.8,0,1923221,1795.8
tools,reasoning-bank,ale,ale,1,1,2,computing_math/cfr_game_theory_equilibrium,0.33,0,591566,601.6
tools,reasoning-bank,ale,ale,1,1,2,computing_math/cost_optimization_1,0.0,0,1767717,487.7
tools,reasoning-bank,ale,ale,1,1,2,computing_math/ising_post_measurement_1,0.0,0,463039,279.3
tools,reasoning-bank,ale,ale,1,1,2,computing_math/k8s_payment_api_root_cause_analysis,0.697727,0,225755,179.7
tools,reasoning-bank,ale,ale,1,1,2,computing_math/recsys_cold_start_instance_1,0.5,0,1996782,603.3
tools,reasoning-bank,ale,ale,1,1,2,computing_math/synthetic_causal_structure_inference,0.238265,0,774180,238.4
tools,reasoning-bank,ale,ale,1,1,2,education_info/homework_grading_numerical_pdes_instance_02,0.734667,0,1186175,601.5
tools,reasoning-bank,ale,ale,1,1,2,education_info/marc_remediation_folio_overlay,0.1,0,4670564,601.8
tools,reasoning-bank,ale,ale,1,1,2,education_info/moodle_gradebook_closeout_reconciliation,0.0,0,1452938,492.5
tools,reasoning-bank,ale,ale,1,1,2,engineering/aerospace_low_thrust_trajectory,0.0,0,635373,316.8
tools,reasoning-bank,ale,ale,1,1,2,health_medicine/crf_sdtm_mapping_4,0.4928,0,872770,309.6
tools,reasoning-bank,ale,ale,1,1,2,health_medicine/epidemiology_forecast,0.0,0,666368,385.6
tools,reasoning-bank,ale,ale,1,1,2,health_medicine/flusight_offline_hosp_forecast_2024_12_14,0.55061,0,319811,154.8
tools,reasoning-bank,ale,ale,1,1,2,health_medicine/healthcare_bias_audit_27a_public_replication_v1,0.0,0,3613419,605.2
tools,reasoning-bank,ale,ale,1,1,2,health_medicine/nhanes_confounder_sensitivity_analysis,0.872917,0,605955,221.9
tools,reasoning-bank,ale,ale,1,1,2,health_medicine/scene3_skullstrip_qc,1.0,1,124468,143.4
tools,reasoning-bank,ale,ale,1,1,2,legal/agora_governance_classify_instance_1,0.358425,0,1652203,252.4
tools,reasoning-bank,ale,ale,1,1,2,life_sciences/cell_tracking_instance_1,0.480763,0,1328362,493.1
tools,reasoning-bank,ale,ale,1,1,2,life_sciences/cell_translocation_analysis,0.0,0,496787,466.8
tools,reasoning-bank,ale,ale,1,1,2,life_sciences/tcga_brca_deg_analysis,1.0,1,883164,667.6
tools,reasoning-bank,ale,ale,1,1,2,physical_sciences/adapt_vqe_molecular_energy,0.0,0,1068702,789.1
tools,reasoning-bank,ale,ale,1,1,2,physical_sciences/gillespie_gene_regulatory_network,0.45,0,1433722,747.4
tools,reasoning-bank,ale,ale,1,1,2,physical_sciences/glm_lake_calibration,0.0,0,4086929,642.5
tools,reasoning-bank,ale,ale,1,1,2,physical_sciences/molecular_structure_plausibility,0.333333,0,282464,162.6
tools,reasoning-bank,ale,ale,1,1,2,physical_sciences/mose2_bse_absorption_soc,0.0,0,1082432,305.4
tools,reasoning-bank,ale,ale,1,1,2,psychology_neuro/scene2_resample,0.0,0,919482,456.5
tools,reasoning-bank,ale,ale,1,1,2,transport_safety/abm_hangzhou_metro,0.0,0,1105094,370.1
tools,reasoning-bank,ale,ale,1,1,3,business_finance/american_option_pricing_ls,0.5,0,934670,392.3
tools,reasoning-bank,ale,ale,1,1,3,business_finance/basel_operational_risk_bia_cn,0.0,0,1017338,363.0
tools,reasoning-bank,ale,ale,1,1,3,business_finance/bpmn_supply_disruption_l3,0.8271,0,988402,461.6
tools,reasoning-bank,ale,ale,1,1,3,business_finance/digital_marketing_audience_segmentation_1,0.8667,0,363435,424.5
tools,reasoning-bank,ale,ale,1,1,3,business_finance/pe_screening_memo_1,0.8125,0,1245681,221.0
tools,reasoning-bank,ale,ale,1,1,3,business_finance/sse_northbound_programmatic_trading_01,0.666667,0,430937,143.2
tools,reasoning-bank,ale,ale,1,1,3,computing_math/branch_bound_atsp,0.95,0,2302550,1982.7
tools,reasoning-bank,ale,ale,1,1,3,computing_math/cfr_game_theory_equilibrium,0.33,0,1819895,1118.4
tools,reasoning-bank,ale,ale,1,1,3,computing_math/cost_optimization_1,0.660928,0,1147914,335.4
tools,reasoning-bank,ale,ale,1,1,3,computing_math/ising_post_measurement_1,0.0,0,858542,699.0
tools,reasoning-bank,ale,ale,1,1,3,computing_math/k8s_payment_api_root_cause_analysis,0.697727,0,326334,202.4
tools,reasoning-bank,ale,ale,1,1,3,computing_math/recsys_cold_start_instance_1,0.5,0,2624590,620.5
tools,reasoning-bank,ale,ale,1,1,3,computing_math/synthetic_causal_structure_inference,0.276108,0,485193,676.7
tools,reasoning-bank,ale,ale,1,1,3,education_info/homework_grading_numerical_pdes_instance_02,0.694121,0,362126,153.2
tools,reasoning-bank,ale,ale,1,1,3,education_info/marc_remediation_folio_overlay,0.0,0,1349243,414.1
tools,reasoning-bank,ale,ale,1,1,3,education_info/moodle_gradebook_closeout_reconciliation,0.0,0,1675676,408.4
tools,reasoning-bank,ale,ale,1,1,3,engineering/aerospace_low_thrust_trajectory,0.0,0,819019,266.0
tools,reasoning-bank,ale,ale,1,1,3,health_medicine/crf_sdtm_mapping_4,0.4976,0,924496,385.4
tools,reasoning-bank,ale,ale,1,1,3,health_medicine/epidemiology_forecast,0.0,0,531896,311.2
tools,reasoning-bank,ale,ale,1,1,3,health_medicine/flusight_offline_hosp_forecast_2024_12_14,0.387296,0,925656,338.0
tools,reasoning-bank,ale,ale,1,1,3,health_medicine/healthcare_bias_audit_27a_public_replication_v1,0.0,0,4402072,2002.1
tools,reasoning-bank,ale,ale,1,1,3,health_medicine/nhanes_confounder_sensitivity_analysis,0.570636,0,996853,313.3
tools,reasoning-bank,ale,ale,1,1,3,health_medicine/scene3_skullstrip_qc,1.0,1,347193,130.9
tools,reasoning-bank,ale,ale,1,1,3,legal/agora_governance_classify_instance_1,0.327208,0,2945711,344.9
tools,reasoning-bank,ale,ale,1,1,3,life_sciences/cell_tracking_instance_1,0.366979,0,725706,349.3
tools,reasoning-bank,ale,ale,1,1,3,life_sciences/cell_translocation_analysis,0.0,0,2341340,721.8
tools,reasoning-bank,ale,ale,1,1,3,life_sciences/tcga_brca_deg_analysis,0.0,0,1642821,517.5
tools,reasoning-bank,ale,ale,1,1,3,physical_sciences/adapt_vqe_molecular_energy,0.333333,0,1108047,436.2
tools,reasoning-bank,ale,ale,1,1,3,physical_sciences/gillespie_gene_regulatory_network,0.43,0,589491,236.4
tools,reasoning-bank,ale,ale,1,1,3,physical_sciences/glm_lake_calibration,0.0,0,3317740,631.5
tools,reasoning-bank,ale,ale,1,1,3,physical_sciences/molecular_structure_plausibility,0.333333,0,384643,206.8
tools,reasoning-bank,ale,ale,1,1,3,physical_sciences/mose2_bse_absorption_soc,0.0,0,2584708,980.6
tools,reasoning-bank,ale,ale,1,1,3,psychology_neuro/scene2_resample,0.0,0,550298,237.8
tools,reasoning-bank,ale,ale,1,1,3,transport_safety/abm_hangzhou_metro,0.0,0,993821,469.9
tools,reasoning-bank,ale,ale,2,1,1,business_finance/american_option_pricing_ls,1.0,1,759450,459.5
tools,reasoning-bank,ale,ale,2,1,1,business_finance/basel_operational_risk_bia_cn,0.0,0,1497005,655.8
tools,reasoning-bank,ale,ale,2,1,1,business_finance/bpmn_supply_disruption_l3,0.8162,0,2035621,583.8
tools,reasoning-bank,ale,ale,2,1,1,business_finance/digital_marketing_audience_segmentation_1,0.8417,0,568804,292.5
tools,reasoning-bank,ale,ale,2,1,1,business_finance/pe_screening_memo_1,0.715625,0,714322,235.2
tools,reasoning-bank,ale,ale,2,1,1,business_finance/sse_northbound_programmatic_trading_01,0.666667,0,573246,301.9
tools,reasoning-bank,ale,ale,2,1,1,computing_math/branch_bound_atsp,0.5875,0,1647048,1451.6
tools,reasoning-bank,ale,ale,2,1,1,computing_math/cfr_game_theory_equilibrium,0.0,0,1073912,647.8
tools,reasoning-bank,ale,ale,2,1,1,computing_math/cost_optimization_1,0.82563,0,875823,381.4
tools,reasoning-bank,ale,ale,2,1,1,computing_math/ising_post_measurement_1,1.0,1,878343,530.7
tools,reasoning-bank,ale,ale,2,1,1,computing_math/k8s_payment_api_root_cause_analysis,0.73,0,1438166,498.8
tools,reasoning-bank,ale,ale,2,1,1,computing_math/recsys_cold_start_instance_1,0.0,0,5088856,727.5
tools,reasoning-bank,ale,ale,2,1,1,computing_math/synthetic_causal_structure_inference,0.335104,0,588134,252.8
tools,reasoning-bank,ale,ale,2,1,1,education_info/homework_grading_numerical_pdes_instance_02,0.0,0,1438656,606.5
tools,reasoning-bank,ale,ale,2,1,1,education_info/marc_remediation_folio_overlay,0.0,0,1269213,466.0
tools,reasoning-bank,ale,ale,2,1,1,education_info/moodle_gradebook_closeout_reconciliation,0.0,0,1609962,425.7
tools,reasoning-bank,ale,ale,2,1,1,engineering/aerospace_low_thrust_trajectory,0.0,0,501229,327.7
tools,reasoning-bank,ale,ale,2,1,1,health_medicine/crf_sdtm_mapping_4,0.3182,0,6730836,536.5
tools,reasoning-bank,ale,ale,2,1,1,health_medicine/epidemiology_forecast,0.0,0,803817,330.6
tools,reasoning-bank,ale,ale,2,1,1,health_medicine/flusight_offline_hosp_forecast_2024_12_14,0.034007,0,291930,107.6
tools,reasoning-bank,ale,ale,2,1,1,health_medicine/healthcare_bias_audit_27a_public_replication_v1,0.0,0,5323177,1918.7
tools,reasoning-bank,ale,ale,2,1,1,health_medicine/nhanes_confounder_sensitivity_analysis,0.554282,0,995459,455.3
tools,reasoning-bank,ale,ale,2,1,1,health_medicine/scene3_skullstrip_qc,1.0,1,185995,88.4
tools,reasoning-bank,ale,ale,2,1,1,legal/agora_governance_classify_instance_1,0.343875,0,2865589,466.3
tools,reasoning-bank,ale,ale,2,1,1,life_sciences/cell_tracking_instance_1,0.486836,0,545838,260.7
tools,reasoning-bank,ale,ale,2,1,1,life_sciences/cell_translocation_analysis,0.0,0,813898,588.1
tools,reasoning-bank,ale,ale,2,1,1,life_sciences/tcga_brca_deg_analysis,1.0,1,3943391,876.8
tools,reasoning-bank,ale,ale,2,1,1,physical_sciences/adapt_vqe_molecular_energy,1.0,1,2112565,609.0
tools,reasoning-bank,ale,ale,2,1,1,physical_sciences/gillespie_gene_regulatory_network,0.5,0,2462890,726.9
tools,reasoning-bank,ale,ale,2,1,1,physical_sciences/glm_lake_calibration,0.0,0,929935,280.9
tools,reasoning-bank,ale,ale,2,1,1,physical_sciences/molecular_structure_plausibility,0.333333,0,533512,190.4
tools,reasoning-bank,ale,ale,2,1,1,physical_sciences/mose2_bse_absorption_soc,0.0,0,1674329,354.1
tools,reasoning-bank,ale,ale,2,1,1,psychology_neuro/scene2_resample,0.0,0,604838,293.1
tools,reasoning-bank,ale,ale,2,1,1,transport_safety/abm_hangzhou_metro,0.0,0,719740,443.3
tools,reasoning-bank,ale,ale,2,1,2,business_finance/american_option_pricing_ls,1.0,1,401680,317.0
tools,reasoning-bank,ale,ale,2,1,2,business_finance/basel_operational_risk_bia_cn,0.0,0,1978173,1993.8
tools,reasoning-bank,ale,ale,2,1,2,business_finance/bpmn_supply_disruption_l3,0.8095,0,1300857,382.6
tools,reasoning-bank,ale,ale,2,1,2,business_finance/digital_marketing_audience_segmentation_1,0.9042,0,306497,152.9
tools,reasoning-bank,ale,ale,2,1,2,business_finance/pe_screening_memo_1,0.75625,0,1282215,299.2
tools,reasoning-bank,ale,ale,2,1,2,business_finance/sse_northbound_programmatic_trading_01,0.666667,0,817924,252.2
tools,reasoning-bank,ale,ale,2,1,2,computing_math/branch_bound_atsp,1.0,1,3582382,2124.2
tools,reasoning-bank,ale,ale,2,1,2,computing_math/cfr_game_theory_equilibrium,0.33,0,2791693,888.8
tools,reasoning-bank,ale,ale,2,1,2,computing_math/cost_optimization_1,0.792178,0,945084,507.0
tools,reasoning-bank,ale,ale,2,1,2,computing_math/ising_post_measurement_1,1.0,1,1440158,706.2
tools,reasoning-bank,ale,ale,2,1,2,computing_math/k8s_payment_api_root_cause_analysis,0.68,0,236286,139.5
tools,reasoning-bank,ale,ale,2,1,2,computing_math/recsys_cold_start_instance_1,0.5,0,2081934,437.9
tools,reasoning-bank,ale,ale,2,1,2,computing_math/synthetic_causal_structure_inference,0.250255,0,494008,163.2
tools,reasoning-bank,ale,ale,2,1,2,education_info/homework_grading_numerical_pdes_instance_02,0.659152,0,1737937,491.4
tools,reasoning-bank,ale,ale,2,1,2,education_info/marc_remediation_folio_overlay,0.2,0,1603422,636.8
tools,reasoning-bank,ale,ale,2,1,2,education_info/moodle_gradebook_closeout_reconciliation,0.0,0,2762775,429.1
tools,reasoning-bank,ale,ale,2,1,2,engineering/aerospace_low_thrust_trajectory,0.0,0,449401,255.5
tools,reasoning-bank,ale,ale,2,1,2,health_medicine/crf_sdtm_mapping_4,0.5885,0,1102327,304.0
tools,reasoning-bank,ale,ale,2,1,2,health_medicine/epidemiology_forecast,0.0,0,305409,224.4
tools,reasoning-bank,ale,ale,2,1,2,health_medicine/flusight_offline_hosp_forecast_2024_12_14,0.0,0,281653,184.3
tools,reasoning-bank,ale,ale,2,1,2,health_medicine/healthcare_bias_audit_27a_public_replication_v1,0.0,0,3188708,782.4
tools,reasoning-bank,ale,ale,2,1,2,health_medicine/nhanes_confounder_sensitivity_analysis,0.53782,0,701816,293.4
tools,reasoning-bank,ale,ale,2,1,2,health_medicine/scene3_skullstrip_qc,1.0,1,228476,74.6
tools,reasoning-bank,ale,ale,2,1,2,legal/agora_governance_classify_instance_1,0.345462,0,2411693,456.8
tools,reasoning-bank,ale,ale,2,1,2,life_sciences/cell_tracking_instance_1,0.487997,0,612387,292.7
tools,reasoning-bank,ale,ale,2,1,2,life_sciences/cell_translocation_analysis,0.0,0,2236728,685.5
tools,reasoning-bank,ale,ale,2,1,2,life_sciences/tcga_brca_deg_analysis,1.0,1,1191370,975.1
tools,reasoning-bank,ale,ale,2,1,2,physical_sciences/adapt_vqe_molecular_energy,0.333333,0,1685204,840.0
tools,reasoning-bank,ale,ale,2,1,2,physical_sciences/gillespie_gene_regulatory_network,0.38,0,304526,365.3
tools,reasoning-bank,ale,ale,2,1,2,physical_sciences/glm_lake_calibration,0.0,0,2493330,563.6
tools,reasoning-bank,ale,ale,2,1,2,physical_sciences/molecular_structure_plausibility,0.105263,0,131404,132.2
tools,reasoning-bank,ale,ale,2,1,2,physical_sciences/mose2_bse_absorption_soc,0.0,0,4169747,657.4
tools,reasoning-bank,ale,ale,2,1,2,psychology_neuro/scene2_resample,0.0,0,2159790,536.8
tools,reasoning-bank,ale,ale,2,1,2,transport_safety/abm_hangzhou_metro,0.0,0,537838,440.3
tools,reasoning-bank,ale,ale,2,1,3,business_finance/american_option_pricing_ls,0.5,0,348855,332.0
tools,reasoning-bank,ale,ale,2,1,3,business_finance/basel_operational_risk_bia_cn,0.0,0,486654,185.1
tools,reasoning-bank,ale,ale,2,1,3,business_finance/bpmn_supply_disruption_l3,0.0,0,2064261,757.9
tools,reasoning-bank,ale,ale,2,1,3,business_finance/digital_marketing_audience_segmentation_1,0.9042,0,373681,153.2
tools,reasoning-bank,ale,ale,2,1,3,business_finance/pe_screening_memo_1,0.834375,0,1071963,215.7
tools,reasoning-bank,ale,ale,2,1,3,business_finance/sse_northbound_programmatic_trading_01,0.666667,0,559868,122.5
tools,reasoning-bank,ale,ale,2,1,3,computing_math/branch_bound_atsp,0.775,0,2023123,696.8
tools,reasoning-bank,ale,ale,2,1,3,computing_math/cfr_game_theory_equilibrium,0.0,0,1184226,617.3
tools,reasoning-bank,ale,ale,2,1,3,computing_math/cost_optimization_1,0.623902,0,1019958,664.6
tools,reasoning-bank,ale,ale,2,1,3,computing_math/ising_post_measurement_1,0.0,0,788096,266.4
tools,reasoning-bank,ale,ale,2,1,3,computing_math/k8s_payment_api_root_cause_analysis,0.788889,0,277696,127.1
tools,reasoning-bank,ale,ale,2,1,3,computing_math/recsys_cold_start_instance_1,0.5,0,2706299,1290.0
tools,reasoning-bank,ale,ale,2,1,3,computing_math/synthetic_causal_structure_inference,0.296767,0,784296,354.0
tools,reasoning-bank,ale,ale,2,1,3,education_info/homework_grading_numerical_pdes_instance_02,0.729818,0,1164421,345.7
tools,reasoning-bank,ale,ale,2,1,3,education_info/marc_remediation_folio_overlay,0.0,0,1902270,667.5
tools,reasoning-bank,ale,ale,2,1,3,education_info/moodle_gradebook_closeout_reconciliation,0.0,0,2017358,460.8
tools,reasoning-bank,ale,ale,2,1,3,engineering/aerospace_low_thrust_trajectory,0.0,0,1294077,392.6
tools,reasoning-bank,ale,ale,2,1,3,health_medicine/crf_sdtm_mapping_4,0.2751,0,1025541,345.4
tools,reasoning-bank,ale,ale,2,1,3,health_medicine/epidemiology_forecast,0.0,0,382065,228.0
tools,reasoning-bank,ale,ale,2,1,3,health_medicine/flusight_offline_hosp_forecast_2024_12_14,0.0,0,283121,133.3
tools,reasoning-bank,ale,ale,2,1,3,health_medicine/healthcare_bias_audit_27a_public_replication_v1,0.0,0,3671740,784.9
tools,reasoning-bank,ale,ale,2,1,3,health_medicine/nhanes_confounder_sensitivity_analysis,0.546215,0,1269995,316.9
tools,reasoning-bank,ale,ale,2,1,3,health_medicine/scene3_skullstrip_qc,1.0,1,68351,67.5
tools,reasoning-bank,ale,ale,2,1,3,legal/agora_governance_classify_instance_1,0.375092,0,2522404,416.3
tools,reasoning-bank,ale,ale,2,1,3,life_sciences/cell_tracking_instance_1,0.434644,0,761370,732.9
tools,reasoning-bank,ale,ale,2,1,3,life_sciences/cell_translocation_analysis,0.0,0,1670285,771.4
tools,reasoning-bank,ale,ale,2,1,3,life_sciences/tcga_brca_deg_analysis,1.0,1,1239984,453.6
tools,reasoning-bank,ale,ale,2,1,3,physical_sciences/adapt_vqe_molecular_energy,0.0,0,1243709,735.4
tools,reasoning-bank,ale,ale,2,1,3,physical_sciences/gillespie_gene_regulatory_network,0.0,0,4741685,1455.5
tools,reasoning-bank,ale,ale,2,1,3,physical_sciences/glm_lake_calibration,0.0,0,1848699,592.9
tools,reasoning-bank,ale,ale,2,1,3,physical_sciences/molecular_structure_plausibility,0.166667,0,981078,377.8
tools,reasoning-bank,ale,ale,2,1,3,physical_sciences/mose2_bse_absorption_soc,0.0,0,5470503,1365.7
tools,reasoning-bank,ale,ale,2,1,3,psychology_neuro/scene2_resample,0.0,0,791445,333.7
tools,reasoning-bank,ale,ale,2,1,3,transport_safety/abm_hangzhou_metro,0.0,0,1471030,395.1
tools,reasoning-bank,ale,ale,2,2,1,computing_math/cp_test_gen_1,0.2,0,350009,174.3
tools,reasoning-bank,ale,ale,2,2,1,computing_math/k3_abelian_extensions,0.0,0,489615,422.0
tools,reasoning-bank,ale,ale,2,2,1,engineering/mpc_control_building_v1,0.0,0,1722716,402.4
tools,reasoning-bank,ale,ale,2,2,1,health_medicine/healthcare_variant_annotation_pipeline,0.8,0,414154,142.5
tools,reasoning-bank,ale,ale,2,2,2,computing_math/cp_test_gen_1,0.2,0,1045244,344.5
tools,reasoning-bank,ale,ale,2,2,2,computing_math/k3_abelian_extensions,0.0,0,343639,391.8
tools,reasoning-bank,ale,ale,2,2,2,engineering/mpc_control_building_v1,0.0,0,3802363,589.8
tools,reasoning-bank,ale,ale,2,2,2,health_medicine/healthcare_variant_annotation_pipeline,1.0,1,465885,185.0
tools,reasoning-bank,ale,ale,2,2,3,computing_math/cp_test_gen_1,0.5,0,380994,224.0
tools,reasoning-bank,ale,ale,2,2,3,computing_math/k3_abelian_extensions,1.0,1,2846834,896.8
tools,reasoning-bank,ale,ale,2,2,3,engineering/mpc_control_building_v1,0.0,0,2437078,500.6
tools,reasoning-bank,ale,ale,2,2,3,health_medicine/healthcare_variant_annotation_pipeline,0.0,0,991221,619.5
tools,reasoning-bank,ale,ale,3,1,1,business_finance/american_option_pricing_ls,0.0,0,767950,444.3
tools,reasoning-bank,ale,ale,3,1,1,business_finance/basel_operational_risk_bia_cn,0.0,0,793377,352.2
tools,reasoning-bank,ale,ale,3,1,1,business_finance/bpmn_supply_disruption_l3,0.7919,0,882870,371.9
tools,reasoning-bank,ale,ale,3,1,1,business_finance/digital_marketing_audience_segmentation_1,0.8708,0,298397,190.6
tools,reasoning-bank,ale,ale,3,1,1,business_finance/pe_screening_memo_1,0.75,0,789278,223.2
tools,reasoning-bank,ale,ale,3,1,1,business_finance/sse_northbound_programmatic_trading_01,0.333333,0,320840,159.3
tools,reasoning-bank,ale,ale,3,1,1,computing_math/branch_bound_atsp,0.9,0,2276385,791.3
tools,reasoning-bank,ale,ale,3,1,1,computing_math/cfr_game_theory_equilibrium,0.33,0,2460260,1104.9
tools,reasoning-bank,ale,ale,3,1,1,computing_math/cost_optimization_1,0.662024,0,6850387,852.1
tools,reasoning-bank,ale,ale,3,1,1,computing_math/ising_post_measurement_1,1.0,1,835682,443.4
tools,reasoning-bank,ale,ale,3,1,1,computing_math/k8s_payment_api_root_cause_analysis,0.705,0,186481,159.4
tools,reasoning-bank,ale,ale,3,1,1,computing_math/recsys_cold_start_instance_1,0.333333,0,1544837,802.2
tools,reasoning-bank,ale,ale,3,1,1,computing_math/synthetic_causal_structure_inference,0.140041,0,289492,168.3
tools,reasoning-bank,ale,ale,3,1,1,education_info/homework_grading_numerical_pdes_instance_02,0.669818,0,910236,379.8
tools,reasoning-bank,ale,ale,3,1,1,education_info/marc_remediation_folio_overlay,0.2,0,1994793,740.3
tools,reasoning-bank,ale,ale,3,1,1,education_info/moodle_gradebook_closeout_reconciliation,0.0,0,1674675,492.8
tools,reasoning-bank,ale,ale,3,1,1,engineering/aerospace_low_thrust_trajectory,0.0,0,453786,195.0
tools,reasoning-bank,ale,ale,3,1,1,health_medicine/crf_sdtm_mapping_4,0.2536,0,2656577,508.5
tools,reasoning-bank,ale,ale,3,1,1,health_medicine/epidemiology_forecast,0.0,0,468263,279.5
tools,reasoning-bank,ale,ale,3,1,1,health_medicine/flusight_offline_hosp_forecast_2024_12_14,0.011297,0,384068,185.4
tools,reasoning-bank,ale,ale,3,1,1,health_medicine/healthcare_bias_audit_27a_public_replication_v1,0.0,0,3552444,715.1
tools,reasoning-bank,ale,ale,3,1,1,health_medicine/nhanes_confounder_sensitivity_analysis,0.57118,0,596521,268.5
tools,reasoning-bank,ale,ale,3,1,1,health_medicine/scene3_skullstrip_qc,1.0,1,165418,118.4
tools,reasoning-bank,ale,ale,3,1,1,legal/agora_governance_classify_instance_1,0.418519,0,1852801,437.9
tools,reasoning-bank,ale,ale,3,1,1,life_sciences/cell_tracking_instance_1,0.483159,0,871443,428.9
tools,reasoning-bank,ale,ale,3,1,1,life_sciences/cell_translocation_analysis,0.0,0,1510096,799.1
tools,reasoning-bank,ale,ale,3,1,1,life_sciences/tcga_brca_deg_analysis,1.0,1,4138392,1147.5
tools,reasoning-bank,ale,ale,3,1,1,physical_sciences/adapt_vqe_molecular_energy,0.0,0,1156751,1295.0
tools,reasoning-bank,ale,ale,3,1,1,physical_sciences/gillespie_gene_regulatory_network,0.49,0,1011462,404.0
tools,reasoning-bank,ale,ale,3,1,1,physical_sciences/glm_lake_calibration,0.0,0,5024011,800.6
tools,reasoning-bank,ale,ale,3,1,1,physical_sciences/molecular_structure_plausibility,0.142857,0,300282,127.5
tools,reasoning-bank,ale,ale,3,1,1,physical_sciences/mose2_bse_absorption_soc,0.0,0,858961,561.0
tools,reasoning-bank,ale,ale,3,1,1,psychology_neuro/scene2_resample,0.0,0,1429412,559.7
tools,reasoning-bank,ale,ale,3,1,1,transport_safety/abm_hangzhou_metro,0.0,0,1497311,680.8
tools,reasoning-bank,ale,ale,3,1,2,business_finance/american_option_pricing_ls,0.5,0,1016498,521.5
tools,reasoning-bank,ale,ale,3,1,2,business_finance/basel_operational_risk_bia_cn,0.0,0,751545,354.6
tools,reasoning-bank,ale,ale,3,1,2,business_finance/bpmn_supply_disruption_l3,0.8814,0,2482487,827.9
tools,reasoning-bank,ale,ale,3,1,2,business_finance/digital_marketing_audience_segmentation_1,0.8333,0,288297,704.2
tools,reasoning-bank,ale,ale,3,1,2,business_finance/pe_screening_memo_1,0.79375,0,585938,261.1
tools,reasoning-bank,ale,ale,3,1,2,business_finance/sse_northbound_programmatic_trading_01,0.333333,0,790181,194.3
tools,reasoning-bank,ale,ale,3,1,2,computing_math/branch_bound_atsp,0.8625,0,2506550,1382.8
tools,reasoning-bank,ale,ale,3,1,2,computing_math/cfr_game_theory_equilibrium,0.33,0,1799928,1132.2
tools,reasoning-bank,ale,ale,3,1,2,computing_math/cost_optimization_1,0.656611,0,888507,1281.0
tools,reasoning-bank,ale,ale,3,1,2,computing_math/ising_post_measurement_1,1.0,1,663451,496.0
tools,reasoning-bank,ale,ale,3,1,2,computing_math/k8s_payment_api_root_cause_analysis,0.73,0,166785,194.2
tools,reasoning-bank,ale,ale,3,1,2,computing_math/recsys_cold_start_instance_1,0.333333,0,1479437,798.9
tools,reasoning-bank,ale,ale,3,1,2,computing_math/synthetic_causal_structure_inference,0.260382,0,881379,266.4
tools,reasoning-bank,ale,ale,3,1,2,education_info/homework_grading_numerical_pdes_instance_02,0.0,0,684740,326.4
tools,reasoning-bank,ale,ale,3,1,2,education_info/marc_remediation_folio_overlay,0.2,0,3619224,599.2
tools,reasoning-bank,ale,ale,3,1,2,education_info/moodle_gradebook_closeout_reconciliation,0.0,0,2926928,704.2
tools,reasoning-bank,ale,ale,3,1,2,engineering/aerospace_low_thrust_trajectory,0.0,0,1556619,431.3
tools,reasoning-bank,ale,ale,3,1,2,health_medicine/crf_sdtm_mapping_4,0.0,0,1630480,419.2
tools,reasoning-bank,ale,ale,3,1,2,health_medicine/epidemiology_forecast,0.0,0,748737,547.9
tools,reasoning-bank,ale,ale,3,1,2,health_medicine/flusight_offline_hosp_forecast_2024_12_14,0.380873,0,395520,174.0
tools,reasoning-bank,ale,ale,3,1,2,health_medicine/healthcare_bias_audit_27a_public_replication_v1,0.0,0,2411419,668.8
tools,reasoning-bank,ale,ale,3,1,2,health_medicine/nhanes_confounder_sensitivity_analysis,0.620146,0,1245558,606.3
tools,reasoning-bank,ale,ale,3,1,2,health_medicine/scene3_skullstrip_qc,1.0,1,213223,83.8
tools,reasoning-bank,ale,ale,3,1,2,legal/agora_governance_classify_instance_1,0.434921,0,2934752,343.1
tools,reasoning-bank,ale,ale,3,1,2,life_sciences/cell_tracking_instance_1,0.578598,0,417423,281.3
tools,reasoning-bank,ale,ale,3,1,2,life_sciences/cell_translocation_analysis,0.0,0,507256,472.4
tools,reasoning-bank,ale,ale,3,1,2,life_sciences/tcga_brca_deg_analysis,0.0,0,3757534,831.6
tools,reasoning-bank,ale,ale,3,1,2,physical_sciences/adapt_vqe_molecular_energy,0.333333,0,1074005,517.5
tools,reasoning-bank,ale,ale,3,1,2,physical_sciences/gillespie_gene_regulatory_network,0.68,0,1510787,860.7
tools,reasoning-bank,ale,ale,3,1,2,physical_sciences/glm_lake_calibration,0.0,0,1680900,622.0
tools,reasoning-bank,ale,ale,3,1,2,physical_sciences/molecular_structure_plausibility,0.272727,0,374337,154.8
tools,reasoning-bank,ale,ale,3,1,2,physical_sciences/mose2_bse_absorption_soc,0.0,0,2842001,850.9
tools,reasoning-bank,ale,ale,3,1,2,psychology_neuro/scene2_resample,0.7,0,561050,269.2
tools,reasoning-bank,ale,ale,3,1,2,transport_safety/abm_hangzhou_metro,0.0,0,506601,344.3
tools,reasoning-bank,ale,ale,3,1,3,business_finance/american_option_pricing_ls,0.0,0,1295063,752.7
tools,reasoning-bank,ale,ale,3,1,3,business_finance/basel_operational_risk_bia_cn,0.0,0,1228399,373.0
tools,reasoning-bank,ale,ale,3,1,3,business_finance/bpmn_supply_disruption_l3,0.0,0,362516,281.6
tools,reasoning-bank,ale,ale,3,1,3,business_finance/digital_marketing_audience_segmentation_1,0.8667,0,987849,413.4
tools,reasoning-bank,ale,ale,3,1,3,business_finance/pe_screening_memo_1,0.8625,0,864506,347.6
tools,reasoning-bank,ale,ale,3,1,3,business_finance/sse_northbound_programmatic_trading_01,0.666667,0,403040,162.3
tools,reasoning-bank,ale,ale,3,1,3,computing_math/branch_bound_atsp,0.9,0,7177639,1389.0
tools,reasoning-bank,ale,ale,3,1,3,computing_math/cfr_game_theory_equilibrium,0.0,0,1137420,921.8
tools,reasoning-bank,ale,ale,3,1,3,computing_math/cost_optimization_1,0.848428,0,2187329,332.3
tools,reasoning-bank,ale,ale,3,1,3,computing_math/ising_post_measurement_1,0.0,0,352495,396.9
tools,reasoning-bank,ale,ale,3,1,3,computing_math/k8s_payment_api_root_cause_analysis,0.64,0,397132,243.2
tools,reasoning-bank,ale,ale,3,1,3,computing_math/recsys_cold_start_instance_1,0.5,0,2654262,764.9
tools,reasoning-bank,ale,ale,3,1,3,computing_math/synthetic_causal_structure_inference,0.232357,0,572392,322.0
tools,reasoning-bank,ale,ale,3,1,3,education_info/homework_grading_numerical_pdes_instance_02,0.0,0,959988,352.6
tools,reasoning-bank,ale,ale,3,1,3,education_info/marc_remediation_folio_overlay,0.0,0,2760944,744.7
tools,reasoning-bank,ale,ale,3,1,3,education_info/moodle_gradebook_closeout_reconciliation,0.0,0,2748473,511.2
tools,reasoning-bank,ale,ale,3,1,3,engineering/aerospace_low_thrust_trajectory,0.0,0,593510,235.1
tools,reasoning-bank,ale,ale,3,1,3,health_medicine/crf_sdtm_mapping_4,0.4928,0,1611207,254.0
tools,reasoning-bank,ale,ale,3,1,3,health_medicine/epidemiology_forecast,0.0,0,1867241,565.6
tools,reasoning-bank,ale,ale,3,1,3,health_medicine/flusight_offline_hosp_forecast_2024_12_14,0.0,0,439784,155.6
tools,reasoning-bank,ale,ale,3,1,3,health_medicine/healthcare_bias_audit_27a_public_replication_v1,0.0,0,3352335,906.8
tools,reasoning-bank,ale,ale,3,1,3,health_medicine/nhanes_confounder_sensitivity_analysis,0.85625,0,281535,248.2
tools,reasoning-bank,ale,ale,3,1,3,health_medicine/scene3_skullstrip_qc,1.0,1,468461,120.8
tools,reasoning-bank,ale,ale,3,1,3,legal/agora_governance_classify_instance_1,0.345397,0,619526,224.2
tools,reasoning-bank,ale,ale,3,1,3,life_sciences/cell_tracking_instance_1,0.461983,0,584043,268.1
tools,reasoning-bank,ale,ale,3,1,3,life_sciences/cell_translocation_analysis,0.0,0,1217174,597.8
tools,reasoning-bank,ale,ale,3,1,3,life_sciences/tcga_brca_deg_analysis,0.0,0,1200395,846.3
tools,reasoning-bank,ale,ale,3,1,3,physical_sciences/adapt_vqe_molecular_energy,1.0,1,602871,738.2
tools,reasoning-bank,ale,ale,3,1,3,physical_sciences/gillespie_gene_regulatory_network,0.72,0,2424140,505.9
tools,reasoning-bank,ale,ale,3,1,3,physical_sciences/glm_lake_calibration,0.0,0,1407715,383.8
tools,reasoning-bank,ale,ale,3,1,3,physical_sciences/molecular_structure_plausibility,0.222222,0,424839,166.7
tools,reasoning-bank,ale,ale,3,1,3,physical_sciences/mose2_bse_absorption_soc,0.0,0,890866,387.9
tools,reasoning-bank,ale,ale,3,1,3,psychology_neuro/scene2_resample,0.0,0,881613,331.8
tools,reasoning-bank,ale,ale,3,1,3,transport_safety/abm_hangzhou_metro,0.0,0,1360555,566.2
tools,reasoning-bank,ale,ale,3,2,1,computing_math/cp_test_gen_1,0.6,0,134215,144.2
tools,reasoning-bank,ale,ale,3,2,1,computing_math/k3_abelian_extensions,1.0,1,2151518,596.5
tools,reasoning-bank,ale,ale,3,2,1,engineering/mpc_control_building_v1,0.0,0,4785106,653.9
tools,reasoning-bank,ale,ale,3,2,1,health_medicine/healthcare_variant_annotation_pipeline,0.187,0,2537212,475.4
tools,reasoning-bank,ale,ale,3,2,2,computing_math/cp_test_gen_1,0.4,0,369547,250.9
tools,reasoning-bank,ale,ale,3,2,2,computing_math/k3_abelian_extensions,0.0,0,697429,662.2
tools,reasoning-bank,ale,ale,3,2,2,engineering/mpc_control_building_v1,0.0,0,3448482,539.4
tools,reasoning-bank,ale,ale,3,2,2,health_medicine/healthcare_variant_annotation_pipeline,1.0,1,558369,245.9
tools,reasoning-bank,ale,ale,3,2,3,computing_math/cp_test_gen_1,0.6,0,1781416,439.6
tools,reasoning-bank,ale,ale,3,2,3,computing_math/k3_abelian_extensions,0.0,0,623997,300.3
tools,reasoning-bank,ale,ale,3,2,3,engineering/mpc_control_building_v1,0.0,0,2838073,910.4
tools,reasoning-bank,ale,ale,3,2,3,health_medicine/healthcare_variant_annotation_pipeline,1.0,1,306807,174.6
tools,reasoning-bank,ale,ale,3,3,1,business_finance/digital_marketing_ab_test_analysis_1,0.0,0,910188,338.7
tools,reasoning-bank,ale,ale,3,3,1,life_sciences/tms_marrow_cell_type_annotation_instance_1,0.0,0,484206,300.9
tools,reasoning-bank,ale,ale,3,3,2,business_finance/digital_marketing_ab_test_analysis_1,1.0,1,662691,284.5
tools,reasoning-bank,ale,ale,3,3,2,life_sciences/tms_marrow_cell_type_annotation_instance_1,0.0,0,748245,234.5
tools,reasoning-bank,ale,ale,3,3,3,business_finance/digital_marketing_ab_test_analysis_1,1.0,1,710675,256.1
tools,reasoning-bank,ale,ale,3,3,3,life_sciences/tms_marrow_cell_type_annotation_instance_1,0.0,0,2251036,786.9
tools,reasoning-bank,ale,ale,4,1,1,business_finance/american_option_pricing_ls,0.5,0,1086698,371.5
tools,reasoning-bank,ale,ale,4,1,1,business_finance/basel_operational_risk_bia_cn,0.0,0,721223,313.2
tools,reasoning-bank,ale,ale,4,1,1,business_finance/bpmn_supply_disruption_l3,0.5976,0,2758459,604.6
tools,reasoning-bank,ale,ale,4,1,1,business_finance/digital_marketing_audience_segmentation_1,0.9042,0,765972,339.7
tools,reasoning-bank,ale,ale,4,1,1,business_finance/pe_screening_memo_1,0.775,0,3306660,982.1
tools,reasoning-bank,ale,ale,4,1,1,business_finance/sse_northbound_programmatic_trading_01,0.666667,0,561365,130.9
tools,reasoning-bank,ale,ale,4,1,1,computing_math/branch_bound_atsp,0.9,0,2792369,1208.3
tools,reasoning-bank,ale,ale,4,1,1,computing_math/cfr_game_theory_equilibrium,0.67,0,1970890,729.7
tools,reasoning-bank,ale,ale,4,1,1,computing_math/cost_optimization_1,0.678575,0,1558842,393.4
tools,reasoning-bank,ale,ale,4,1,1,computing_math/ising_post_measurement_1,1.0,1,213134,223.8
tools,reasoning-bank,ale,ale,4,1,1,computing_math/k8s_payment_api_root_cause_analysis,0.647727,0,239118,141.6
tools,reasoning-bank,ale,ale,4,1,1,computing_math/recsys_cold_start_instance_1,0.0,0,4888860,1206.8
tools,reasoning-bank,ale,ale,4,1,1,computing_math/synthetic_causal_structure_inference,0.270159,0,725871,484.5
tools,reasoning-bank,ale,ale,4,1,1,education_info/homework_grading_numerical_pdes_instance_02,0.406667,0,1336343,386.3
tools,reasoning-bank,ale,ale,4,1,1,education_info/marc_remediation_folio_overlay,0.1,0,1935677,1333.3
tools,reasoning-bank,ale,ale,4,1,1,education_info/moodle_gradebook_closeout_reconciliation,0.0,0,1778219,404.5
tools,reasoning-bank,ale,ale,4,1,1,engineering/aerospace_low_thrust_trajectory,0.0,0,867242,747.3
tools,reasoning-bank,ale,ale,4,1,1,health_medicine/crf_sdtm_mapping_4,0.0,0,1246407,378.4
tools,reasoning-bank,ale,ale,4,1,1,health_medicine/epidemiology_forecast,0.0,0,2436264,598.2
tools,reasoning-bank,ale,ale,4,1,1,health_medicine/flusight_offline_hosp_forecast_2024_12_14,0.0,0,315525,106.0
tools,reasoning-bank,ale,ale,4,1,1,health_medicine/healthcare_bias_audit_27a_public_replication_v1,0.0,0,2351052,626.6
tools,reasoning-bank,ale,ale,4,1,1,health_medicine/nhanes_confounder_sensitivity_analysis,0.941667,0,1005411,360.2
tools,reasoning-bank,ale,ale,4,1,1,health_medicine/scene3_skullstrip_qc,1.0,1,98396,91.7
tools,reasoning-bank,ale,ale,4,1,1,legal/agora_governance_classify_instance_1,0.367684,0,1333609,218.7
tools,reasoning-bank,ale,ale,4,1,1,life_sciences/cell_tracking_instance_1,0.480045,0,662545,518.3
tools,reasoning-bank,ale,ale,4,1,1,life_sciences/cell_translocation_analysis,0.0,0,3605791,1255.8
tools,reasoning-bank,ale,ale,4,1,1,life_sciences/tcga_brca_deg_analysis,1.0,1,1174022,479.5
tools,reasoning-bank,ale,ale,4,1,1,physical_sciences/adapt_vqe_molecular_energy,0.333333,0,3826611,710.1
tools,reasoning-bank,ale,ale,4,1,1,physical_sciences/gillespie_gene_regulatory_network,0.62,0,814185,344.3
tools,reasoning-bank,ale,ale,4,1,1,physical_sciences/glm_lake_calibration,0.0,0,602062,198.5
tools,reasoning-bank,ale,ale,4,1,1,physical_sciences/molecular_structure_plausibility,0.333333,0,269381,137.3
tools,reasoning-bank,ale,ale,4,1,1,physical_sciences/mose2_bse_absorption_soc,0.0,0,799373,297.8
tools,reasoning-bank,ale,ale,4,1,1,psychology_neuro/scene2_resample,0.0,0,796659,408.8
tools,reasoning-bank,ale,ale,4,1,1,transport_safety/abm_hangzhou_metro,0.0,0,730805,431.6
tools,reasoning-bank,ale,ale,4,1,2,business_finance/american_option_pricing_ls,0.5,0,1056826,556.9
tools,reasoning-bank,ale,ale,4,1,2,business_finance/basel_operational_risk_bia_cn,0.0,0,639968,254.3
tools,reasoning-bank,ale,ale,4,1,2,business_finance/bpmn_supply_disruption_l3,0.7995,0,1290727,342.8
tools,reasoning-bank,ale,ale,4,1,2,business_finance/digital_marketing_audience_segmentation_1,0.8708,0,633926,289.6
tools,reasoning-bank,ale,ale,4,1,2,business_finance/pe_screening_memo_1,0.7125,0,779507,205.3
tools,reasoning-bank,ale,ale,4,1,2,business_finance/sse_northbound_programmatic_trading_01,0.0,0,457691,171.8
tools,reasoning-bank,ale,ale,4,1,2,computing_math/branch_bound_atsp,0.95,0,1259477,321.7
tools,reasoning-bank,ale,ale,4,1,2,computing_math/cfr_game_theory_equilibrium,0.0,0,3036607,594.3
tools,reasoning-bank,ale,ale,4,1,2,computing_math/cost_optimization_1,0.848428,0,1345380,394.1
tools,reasoning-bank,ale,ale,4,1,2,computing_math/ising_post_measurement_1,0.0,0,893744,323.1
tools,reasoning-bank,ale,ale,4,1,2,computing_math/k8s_payment_api_root_cause_analysis,0.697727,0,289239,122.1
tools,reasoning-bank,ale,ale,4,1,2,computing_math/recsys_cold_start_instance_1,0.333333,0,1399508,770.1
tools,reasoning-bank,ale,ale,4,1,2,computing_math/synthetic_causal_structure_inference,0.293292,0,508520,394.4
tools,reasoning-bank,ale,ale,4,1,2,education_info/homework_grading_numerical_pdes_instance_02,0.740485,0,567526,202.4
tools,reasoning-bank,ale,ale,4,1,2,education_info/marc_remediation_folio_overlay,0.0,0,1911223,413.9
tools,reasoning-bank,ale,ale,4,1,2,education_info/moodle_gradebook_closeout_reconciliation,0.0,0,1694786,394.2
tools,reasoning-bank,ale,ale,4,1,2,engineering/aerospace_low_thrust_trajectory,0.0,0,1047193,314.4
tools,reasoning-bank,ale,ale,4,1,2,health_medicine/crf_sdtm_mapping_4,0.4163,0,1403357,233.5
tools,reasoning-bank,ale,ale,4,1,2,health_medicine/epidemiology_forecast,0.0,0,2636380,598.9
tools,reasoning-bank,ale,ale,4,1,2,health_medicine/flusight_offline_hosp_forecast_2024_12_14,0.244358,0,262634,114.3
tools,reasoning-bank,ale,ale,4,1,2,health_medicine/healthcare_bias_audit_27a_public_replication_v1,0.0,0,4103281,586.7
tools,reasoning-bank,ale,ale,4,1,2,health_medicine/nhanes_confounder_sensitivity_analysis,0.56282,0,525748,248.1
tools,reasoning-bank,ale,ale,4,1,2,health_medicine/scene3_skullstrip_qc,1.0,1,225104,136.7
tools,reasoning-bank,ale,ale,4,1,2,legal/agora_governance_classify_instance_1,0.417619,0,2998981,381.4
tools,reasoning-bank,ale,ale,4,1,2,life_sciences/cell_tracking_instance_1,0.497311,0,350929,585.3
tools,reasoning-bank,ale,ale,4,1,2,life_sciences/cell_translocation_analysis,0.0,0,364920,403.5
tools,reasoning-bank,ale,ale,4,1,2,life_sciences/tcga_brca_deg_analysis,1.0,1,690928,227.4
tools,reasoning-bank,ale,ale,4,1,2,physical_sciences/adapt_vqe_molecular_energy,0.0,0,1489377,510.3
tools,reasoning-bank,ale,ale,4,1,2,physical_sciences/gillespie_gene_regulatory_network,0.0,0,1302987,402.1
tools,reasoning-bank,ale,ale,4,1,2,physical_sciences/glm_lake_calibration,0.0,0,1940639,491.9
tools,reasoning-bank,ale,ale,4,1,2,physical_sciences/molecular_structure_plausibility,0.333333,0,279111,166.5
tools,reasoning-bank,ale,ale,4,1,2,physical_sciences/mose2_bse_absorption_soc,0.0,0,2056287,526.0
tools,reasoning-bank,ale,ale,4,1,2,psychology_neuro/scene2_resample,0.0,0,451655,384.7
tools,reasoning-bank,ale,ale,4,1,2,transport_safety/abm_hangzhou_metro,0.0,0,767439,375.9
tools,reasoning-bank,ale,ale,4,1,3,business_finance/american_option_pricing_ls,0.0,0,834013,437.4
tools,reasoning-bank,ale,ale,4,1,3,business_finance/basel_operational_risk_bia_cn,0.0,0,317038,160.0
tools,reasoning-bank,ale,ale,4,1,3,business_finance/bpmn_supply_disruption_l3,0.7804,0,1414520,568.7
tools,reasoning-bank,ale,ale,4,1,3,business_finance/digital_marketing_audience_segmentation_1,0.9417,0,1130895,416.8
tools,reasoning-bank,ale,ale,4,1,3,business_finance/pe_screening_memo_1,0.83125,0,1083922,261.3
tools,reasoning-bank,ale,ale,4,1,3,business_finance/sse_northbound_programmatic_trading_01,0.333333,0,518254,141.7
tools,reasoning-bank,ale,ale,4,1,3,computing_math/branch_bound_atsp,0.625,0,2306501,1015.7
tools,reasoning-bank,ale,ale,4,1,3,computing_math/cfr_game_theory_equilibrium,0.33,0,1193405,575.2
tools,reasoning-bank,ale,ale,4,1,3,computing_math/cost_optimization_1,0.848428,0,604558,423.8
tools,reasoning-bank,ale,ale,4,1,3,computing_math/ising_post_measurement_1,1.0,1,428042,324.9
tools,reasoning-bank,ale,ale,4,1,3,computing_math/k8s_payment_api_root_cause_analysis,0.638889,0,205172,126.6
tools,reasoning-bank,ale,ale,4,1,3,computing_math/recsys_cold_start_instance_1,0.333333,0,1402947,539.2
tools,reasoning-bank,ale,ale,4,1,3,computing_math/synthetic_causal_structure_inference,0.261986,0,965165,502.3
tools,reasoning-bank,ale,ale,4,1,3,education_info/homework_grading_numerical_pdes_instance_02,0.600485,0,1485186,363.7
tools,reasoning-bank,ale,ale,4,1,3,education_info/marc_remediation_folio_overlay,0.1,0,696846,173.7
tools,reasoning-bank,ale,ale,4,1,3,education_info/moodle_gradebook_closeout_reconciliation,0.0,0,1969008,394.6
tools,reasoning-bank,ale,ale,4,1,3,engineering/aerospace_low_thrust_trajectory,0.0,0,807739,214.9
tools,reasoning-bank,ale,ale,4,1,3,health_medicine/crf_sdtm_mapping_4,0.4641,0,1643921,355.6
tools,reasoning-bank,ale,ale,4,1,3,health_medicine/epidemiology_forecast,0.0,0,1385572,340.8
tools,reasoning-bank,ale,ale,4,1,3,health_medicine/flusight_offline_hosp_forecast_2024_12_14,0.0,0,430789,164.6
tools,reasoning-bank,ale,ale,4,1,3,health_medicine/healthcare_bias_audit_27a_public_replication_v1,0.0,0,2268700,1068.6
tools,reasoning-bank,ale,ale,4,1,3,health_medicine/nhanes_confounder_sensitivity_analysis,0.537882,0,308053,164.0
tools,reasoning-bank,ale,ale,4,1,3,health_medicine/scene3_skullstrip_qc,1.0,1,183972,108.1
tools,reasoning-bank,ale,ale,4,1,3,legal/agora_governance_classify_instance_1,0.066667,0,1888019,466.2
tools,reasoning-bank,ale,ale,4,1,3,life_sciences/cell_tracking_instance_1,0.492777,0,2722405,1155.7
tools,reasoning-bank,ale,ale,4,1,3,life_sciences/cell_translocation_analysis,0.0,0,738991,458.8
tools,reasoning-bank,ale,ale,4,1,3,life_sciences/tcga_brca_deg_analysis,1.0,1,1253812,443.7
tools,reasoning-bank,ale,ale,4,1,3,physical_sciences/adapt_vqe_molecular_energy,0.333333,0,1096092,578.3
tools,reasoning-bank,ale,ale,4,1,3,physical_sciences/gillespie_gene_regulatory_network,0.38,0,787778,290.8
tools,reasoning-bank,ale,ale,4,1,3,physical_sciences/glm_lake_calibration,0.0,0,4359250,820.1
tools,reasoning-bank,ale,ale,4,1,3,physical_sciences/molecular_structure_plausibility,0.333333,0,267008,122.7
tools,reasoning-bank,ale,ale,4,1,3,physical_sciences/mose2_bse_absorption_soc,0.0,0,1833818,342.9
tools,reasoning-bank,ale,ale,4,1,3,psychology_neuro/scene2_resample,0.0,0,885341,314.7
tools,reasoning-bank,ale,ale,4,1,3,transport_safety/abm_hangzhou_metro,0.0,0,1342083,573.2
tools,reasoning-bank,ale,ale,4,2,1,computing_math/cp_test_gen_1,0.4,0,451810,234.8
tools,reasoning-bank,ale,ale,4,2,1,computing_math/k3_abelian_extensions,0.0,0,961474,645.5
tools,reasoning-bank,ale,ale,4,2,1,engineering/mpc_control_building_v1,0.0,0,4708040,863.6
tools,reasoning-bank,ale,ale,4,2,1,health_medicine/healthcare_variant_annotation_pipeline,0.98,0,861746,375.6
tools,reasoning-bank,ale,ale,4,2,2,computing_math/cp_test_gen_1,0.4,0,758701,464.2
tools,reasoning-bank,ale,ale,4,2,2,computing_math/k3_abelian_extensions,0.0,0,337928,352.9
tools,reasoning-bank,ale,ale,4,2,2,engineering/mpc_control_building_v1,0.0,0,4083721,696.8
tools,reasoning-bank,ale,ale,4,2,2,health_medicine/healthcare_variant_annotation_pipeline,1.0,1,357774,203.9
tools,reasoning-bank,ale,ale,4,2,3,computing_math/cp_test_gen_1,0.7,0,455827,277.0
tools,reasoning-bank,ale,ale,4,2,3,computing_math/k3_abelian_extensions,0.0,0,995875,443.6
tools,reasoning-bank,ale,ale,4,2,3,engineering/mpc_control_building_v1,0.0,0,4614132,604.8
tools,reasoning-bank,ale,ale,4,2,3,health_medicine/healthcare_variant_annotation_pipeline,1.0,1,1739387,385.5
tools,reasoning-bank,ale,ale,4,3,1,business_finance/digital_marketing_ab_test_analysis_1,1.0,1,388575,227.1
tools,reasoning-bank,ale,ale,4,3,1,life_sciences/tms_marrow_cell_type_annotation_instance_1,0.0,0,2053568,422.6
tools,reasoning-bank,ale,ale,4,3,2,business_finance/digital_marketing_ab_test_analysis_1,0.0,0,137894,152.7
tools,reasoning-bank,ale,ale,4,3,2,life_sciences/tms_marrow_cell_type_annotation_instance_1,0.0,0,607739,265.2
tools,reasoning-bank,ale,ale,4,3,3,business_finance/digital_marketing_ab_test_analysis_1,0.0,0,366010,225.5
tools,reasoning-bank,ale,ale,4,3,3,life_sciences/tms_marrow_cell_type_annotation_instance_1,0.0,0,1663306,674.4
tools,reasoning-bank,ale,ale,4,4,1,business_finance/financial_stmt_reconstruction_aapl_fy2024,1.0,1,1832226,460.3
tools,reasoning-bank,ale,ale,4,4,1,business_finance/sec_10k_financial_parsing,0.0,0,535071,371.2
tools,reasoning-bank,ale,ale,4,4,1,engineering/openroad_sky130_ibex_pnr_signoff,0.0,0,669040,199.9
tools,reasoning-bank,ale,ale,4,4,1,health_medicine/prostate_imrt_matrad_reproduction,0.0,0,5156796,625.3
tools,reasoning-bank,ale,ale,4,4,1,health_medicine/wsi_tumor_localization_1,0.0,0,722270,284.4
tools,reasoning-bank,ale,ale,4,4,1,life_sciences/gene_expression_differential_analysis_functional_enrichment_analysis_1,0.0,0,0,1083.9
tools,reasoning-bank,ale,ale,4,4,2,business_finance/financial_stmt_reconstruction_aapl_fy2024,0.933333,0,1496343,380.5
tools,reasoning-bank,ale,ale,4,4,2,business_finance/sec_10k_financial_parsing,0.5405,0,2477306,3289.7
tools,reasoning-bank,ale,ale,4,4,2,engineering/openroad_sky130_ibex_pnr_signoff,0.0,0,590826,157.9
tools,reasoning-bank,ale,ale,4,4,2,health_medicine/prostate_imrt_matrad_reproduction,0.0,0,6650016,856.0
tools,reasoning-bank,ale,ale,4,4,2,health_medicine/wsi_tumor_localization_1,0.0,0,183835,218.0
tools,reasoning-bank,ale,ale,4,4,2,life_sciences/gene_expression_differential_analysis_functional_enrichment_analysis_1,0.0,0,0,512.4
tools,reasoning-bank,ale,ale,4,4,3,business_finance/financial_stmt_reconstruction_aapl_fy2024,1.0,1,664319,165.5
tools,reasoning-bank,ale,ale,4,4,3,business_finance/sec_10k_financial_parsing,0.0,0,1409539,470.5
tools,reasoning-bank,ale,ale,4,4,3,engineering/openroad_sky130_ibex_pnr_signoff,0.0,0,719432,198.8
tools,reasoning-bank,ale,ale,4,4,3,health_medicine/prostate_imrt_matrad_reproduction,0.0,0,6842196,530.5
tools,reasoning-bank,ale,ale,4,4,3,health_medicine/wsi_tumor_localization_1,0.0,0,606339,245.3
tools,reasoning-bank,ale,ale,4,4,3,life_sciences/gene_expression_differential_analysis_functional_enrichment_analysis_1,0.0,0,0,601.8
tools,reasoning-bank,ale,ale,5,1,1,business_finance/american_option_pricing_ls,0.0,0,554107,367.0
tools,reasoning-bank,ale,ale,5,1,1,business_finance/basel_operational_risk_bia_cn,0.0,0,1085201,533.6
tools,reasoning-bank,ale,ale,5,1,1,business_finance/bpmn_supply_disruption_l3,0.6493,0,4834814,731.8
tools,reasoning-bank,ale,ale,5,1,1,business_finance/digital_marketing_audience_segmentation_1,0.8708,0,527042,310.1
tools,reasoning-bank,ale,ale,5,1,1,business_finance/pe_screening_memo_1,0.75625,0,699469,245.6
tools,reasoning-bank,ale,ale,5,1,1,business_finance/sse_northbound_programmatic_trading_01,0.333333,0,1313566,325.2
tools,reasoning-bank,ale,ale,5,1,1,computing_math/branch_bound_atsp,0.0,0,1405934,647.6
tools,reasoning-bank,ale,ale,5,1,1,computing_math/cfr_game_theory_equilibrium,0.33,0,1953343,920.2
tools,reasoning-bank,ale,ale,5,1,1,computing_math/cost_optimization_1,0.848428,0,1287390,468.3
tools,reasoning-bank,ale,ale,5,1,1,computing_math/ising_post_measurement_1,1.0,1,204732,174.3
tools,reasoning-bank,ale,ale,5,1,1,computing_math/k8s_payment_api_root_cause_analysis,0.897727,0,682667,354.6
tools,reasoning-bank,ale,ale,5,1,1,computing_math/recsys_cold_start_instance_1,1.0,1,1076127,403.4
tools,reasoning-bank,ale,ale,5,1,1,computing_math/synthetic_causal_structure_inference,0.336323,0,637673,417.7
tools,reasoning-bank,ale,ale,5,1,1,education_info/homework_grading_numerical_pdes_instance_02,0.0,0,1537388,450.4
tools,reasoning-bank,ale,ale,5,1,1,education_info/marc_remediation_folio_overlay,0.0,0,3284032,582.0
tools,reasoning-bank,ale,ale,5,1,1,education_info/moodle_gradebook_closeout_reconciliation,0.0,0,1630255,402.7
tools,reasoning-bank,ale,ale,5,1,1,engineering/aerospace_low_thrust_trajectory,0.0,0,0,3895.4
tools,reasoning-bank,ale,ale,5,1,1,health_medicine/crf_sdtm_mapping_4,0.0,0,2090361,395.6
tools,reasoning-bank,ale,ale,5,1,1,health_medicine/epidemiology_forecast,0.0,0,1269405,444.6
tools,reasoning-bank,ale,ale,5,1,1,health_medicine/flusight_offline_hosp_forecast_2024_12_14,0.650492,0,270664,122.0
tools,reasoning-bank,ale,ale,5,1,1,health_medicine/healthcare_bias_audit_27a_public_replication_v1,0.0,0,5511840,799.8
tools,reasoning-bank,ale,ale,5,1,1,health_medicine/nhanes_confounder_sensitivity_analysis,0.571875,0,597404,182.1
tools,reasoning-bank,ale,ale,5,1,1,health_medicine/scene3_skullstrip_qc,1.0,1,354618,115.6
tools,reasoning-bank,ale,ale,5,1,1,legal/agora_governance_classify_instance_1,0.0,0,3170855,486.8
tools,reasoning-bank,ale,ale,5,1,1,life_sciences/cell_tracking_instance_1,0.402881,0,547753,199.2
tools,reasoning-bank,ale,ale,5,1,1,life_sciences/cell_translocation_analysis,0.0,0,2205552,499.5
tools,reasoning-bank,ale,ale,5,1,1,life_sciences/tcga_brca_deg_analysis,1.0,1,456848,362.9
tools,reasoning-bank,ale,ale,5,1,1,physical_sciences/adapt_vqe_molecular_energy,0.0,0,1105781,594.3
tools,reasoning-bank,ale,ale,5,1,1,physical_sciences/gillespie_gene_regulatory_network,0.62,0,1306352,444.5
tools,reasoning-bank,ale,ale,5,1,1,physical_sciences/glm_lake_calibration,0.0,0,2181126,525.4
tools,reasoning-bank,ale,ale,5,1,1,physical_sciences/molecular_structure_plausibility,0.375,0,995036,315.9
tools,reasoning-bank,ale,ale,5,1,1,physical_sciences/mose2_bse_absorption_soc,0.0,0,559920,384.5
tools,reasoning-bank,ale,ale,5,1,1,psychology_neuro/scene2_resample,0.0,0,1386967,348.2
tools,reasoning-bank,ale,ale,5,1,1,transport_safety/abm_hangzhou_metro,0.0,0,2160647,526.2
tools,reasoning-bank,ale,ale,5,1,2,business_finance/american_option_pricing_ls,0.5,0,1633043,529.0
tools,reasoning-bank,ale,ale,5,1,2,business_finance/basel_operational_risk_bia_cn,0.0,0,1146706,310.0
tools,reasoning-bank,ale,ale,5,1,2,business_finance/bpmn_supply_disruption_l3,0.5976,0,2265252,617.4
tools,reasoning-bank,ale,ale,5,1,2,business_finance/digital_marketing_audience_segmentation_1,0.8333,0,599779,848.2
tools,reasoning-bank,ale,ale,5,1,2,business_finance/pe_screening_memo_1,0.58125,0,724399,239.2
tools,reasoning-bank,ale,ale,5,1,2,business_finance/sse_northbound_programmatic_trading_01,0.333333,0,690524,164.0
tools,reasoning-bank,ale,ale,5,1,2,computing_math/branch_bound_atsp,0.95,0,1836338,661.3
tools,reasoning-bank,ale,ale,5,1,2,computing_math/cfr_game_theory_equilibrium,0.33,0,1970351,851.0
tools,reasoning-bank,ale,ale,5,1,2,computing_math/cost_optimization_1,0.602606,0,2349669,502.1
tools,reasoning-bank,ale,ale,5,1,2,computing_math/ising_post_measurement_1,1.0,1,471848,667.9
tools,reasoning-bank,ale,ale,5,1,2,computing_math/k8s_payment_api_root_cause_analysis,0.68,0,383621,205.2
tools,reasoning-bank,ale,ale,5,1,2,computing_math/recsys_cold_start_instance_1,0.0,0,3157886,647.4
tools,reasoning-bank,ale,ale,5,1,2,computing_math/synthetic_causal_structure_inference,0.140041,0,512411,143.0
tools,reasoning-bank,ale,ale,5,1,2,education_info/homework_grading_numerical_pdes_instance_02,0.641818,0,1720365,374.5
tools,reasoning-bank,ale,ale,5,1,2,education_info/marc_remediation_folio_overlay,0.2,0,816287,235.9
tools,reasoning-bank,ale,ale,5,1,2,education_info/moodle_gradebook_closeout_reconciliation,0.0,0,1742135,373.1
tools,reasoning-bank,ale,ale,5,1,2,engineering/aerospace_low_thrust_trajectory,0.0,0,986331,899.1
tools,reasoning-bank,ale,ale,5,1,2,health_medicine/crf_sdtm_mapping_4,0.0,0,1545859,263.5
tools,reasoning-bank,ale,ale,5,1,2,health_medicine/epidemiology_forecast,0.0,0,920734,334.2
tools,reasoning-bank,ale,ale,5,1,2,health_medicine/flusight_offline_hosp_forecast_2024_12_14,0.187322,0,972181,213.7
tools,reasoning-bank,ale,ale,5,1,2,health_medicine/healthcare_bias_audit_27a_public_replication_v1,0.0,0,0,1289.1
tools,reasoning-bank,ale,ale,5,1,2,health_medicine/nhanes_confounder_sensitivity_analysis,0.538542,0,261306,185.0
tools,reasoning-bank,ale,ale,5,1,2,health_medicine/scene3_skullstrip_qc,1.0,1,108379,71.6
tools,reasoning-bank,ale,ale,5,1,2,legal/agora_governance_classify_instance_1,0.0,0,3522256,494.7
tools,reasoning-bank,ale,ale,5,1,2,life_sciences/cell_tracking_instance_1,0.367735,0,1503799,1321.0
tools,reasoning-bank,ale,ale,5,1,2,life_sciences/cell_translocation_analysis,0.0,0,816727,563.1
tools,reasoning-bank,ale,ale,5,1,2,life_sciences/tcga_brca_deg_analysis,1.0,1,878862,495.1
tools,reasoning-bank,ale,ale,5,1,2,physical_sciences/adapt_vqe_molecular_energy,0.0,0,691054,329.1
tools,reasoning-bank,ale,ale,5,1,2,physical_sciences/gillespie_gene_regulatory_network,0.0,0,1366650,317.1
tools,reasoning-bank,ale,ale,5,1,2,physical_sciences/glm_lake_calibration,0.0,0,1299235,852.6
tools,reasoning-bank,ale,ale,5,1,2,physical_sciences/molecular_structure_plausibility,0.222222,0,166091,103.7
tools,reasoning-bank,ale,ale,5,1,2,physical_sciences/mose2_bse_absorption_soc,0.0,0,970131,295.1
tools,reasoning-bank,ale,ale,5,1,2,psychology_neuro/scene2_resample,0.0,0,816300,440.7
tools,reasoning-bank,ale,ale,5,1,2,transport_safety/abm_hangzhou_metro,0.0,0,904598,509.4
tools,reasoning-bank,ale,ale,5,1,3,business_finance/american_option_pricing_ls,0.0,0,1650395,662.4
tools,reasoning-bank,ale,ale,5,1,3,business_finance/basel_operational_risk_bia_cn,0.0,0,2135773,372.4
tools,reasoning-bank,ale,ale,5,1,3,business_finance/bpmn_supply_disruption_l3,0.241,0,2444679,433.7
tools,reasoning-bank,ale,ale,5,1,3,business_finance/digital_marketing_audience_segmentation_1,0.8458,0,262208,131.3
tools,reasoning-bank,ale,ale,5,1,3,business_finance/pe_screening_memo_1,0.675,0,912197,240.5
tools,reasoning-bank,ale,ale,5,1,3,business_finance/sse_northbound_programmatic_trading_01,0.666667,0,388247,120.9
tools,reasoning-bank,ale,ale,5,1,3,computing_math/branch_bound_atsp,0.9,0,4021176,1460.5
tools,reasoning-bank,ale,ale,5,1,3,computing_math/cfr_game_theory_equilibrium,0.33,0,656362,393.1
tools,reasoning-bank,ale,ale,5,1,3,computing_math/cost_optimization_1,0.660928,0,2427612,433.0
tools,reasoning-bank,ale,ale,5,1,3,computing_math/ising_post_measurement_1,1.0,1,874404,302.5
tools,reasoning-bank,ale,ale,5,1,3,computing_math/k8s_payment_api_root_cause_analysis,0.772727,0,416598,131.1
tools,reasoning-bank,ale,ale,5,1,3,computing_math/recsys_cold_start_instance_1,0.5,0,1478332,781.0
tools,reasoning-bank,ale,ale,5,1,3,computing_math/synthetic_causal_structure_inference,0.342838,0,867166,505.2
tools,reasoning-bank,ale,ale,5,1,3,education_info/homework_grading_numerical_pdes_instance_02,0.0,0,2388471,424.3
tools,reasoning-bank,ale,ale,5,1,3,education_info/marc_remediation_folio_overlay,0.2,0,619032,213.8
tools,reasoning-bank,ale,ale,5,1,3,education_info/moodle_gradebook_closeout_reconciliation,0.0,0,3072008,444.6
tools,reasoning-bank,ale,ale,5,1,3,engineering/aerospace_low_thrust_trajectory,0.0,0,529232,192.2
tools,reasoning-bank,ale,ale,5,1,3,health_medicine/crf_sdtm_mapping_4,0.1746,0,1344813,432.6
tools,reasoning-bank,ale,ale,5,1,3,health_medicine/epidemiology_forecast,0.0,0,1182981,531.0
tools,reasoning-bank,ale,ale,5,1,3,health_medicine/flusight_offline_hosp_forecast_2024_12_14,0.0,0,581501,162.8
tools,reasoning-bank,ale,ale,5,1,3,health_medicine/healthcare_bias_audit_27a_public_replication_v1,0.0,0,5588963,1225.2
tools,reasoning-bank,ale,ale,5,1,3,health_medicine/nhanes_confounder_sensitivity_analysis,0.537616,0,1103773,384.6
tools,reasoning-bank,ale,ale,5,1,3,health_medicine/scene3_skullstrip_qc,1.0,1,217633,80.2
tools,reasoning-bank,ale,ale,5,1,3,legal/agora_governance_classify_instance_1,0.525926,0,4335365,647.8
tools,reasoning-bank,ale,ale,5,1,3,life_sciences/cell_tracking_instance_1,0.393338,0,1023583,547.0
tools,reasoning-bank,ale,ale,5,1,3,life_sciences/cell_translocation_analysis,0.0,0,1368206,476.9
tools,reasoning-bank,ale,ale,5,1,3,life_sciences/tcga_brca_deg_analysis,1.0,1,4022889,761.2
tools,reasoning-bank,ale,ale,5,1,3,physical_sciences/adapt_vqe_molecular_energy,0.0,0,842609,326.0
tools,reasoning-bank,ale,ale,5,1,3,physical_sciences/gillespie_gene_regulatory_network,0.62,0,1979252,406.5
tools,reasoning-bank,ale,ale,5,1,3,physical_sciences/glm_lake_calibration,0.0,0,4735429,769.0
tools,reasoning-bank,ale,ale,5,1,3,physical_sciences/molecular_structure_plausibility,0.571429,0,606790,256.9
tools,reasoning-bank,ale,ale,5,1,3,physical_sciences/mose2_bse_absorption_soc,0.0,0,1296053,289.9
tools,reasoning-bank,ale,ale,5,1,3,psychology_neuro/scene2_resample,1.0,1,1386698,1338.2
tools,reasoning-bank,ale,ale,5,1,3,transport_safety/abm_hangzhou_metro,0.0,0,1964998,630.4
tools,reasoning-bank,ale,ale,5,2,1,computing_math/cp_test_gen_1,0.0,0,1930275,567.9
tools,reasoning-bank,ale,ale,5,2,1,computing_math/k3_abelian_extensions,0.0,0,611043,442.9
tools,reasoning-bank,ale,ale,5,2,1,engineering/mpc_control_building_v1,0.0,0,1797304,295.0
tools,reasoning-bank,ale,ale,5,2,1,health_medicine/healthcare_variant_annotation_pipeline,1.0,1,339076,163.1
tools,reasoning-bank,ale,ale,5,2,2,computing_math/cp_test_gen_1,0.4,0,1884367,451.0
tools,reasoning-bank,ale,ale,5,2,2,computing_math/k3_abelian_extensions,0.0,0,1376825,515.5
tools,reasoning-bank,ale,ale,5,2,2,engineering/mpc_control_building_v1,0.0,0,8778191,1187.7
tools,reasoning-bank,ale,ale,5,2,2,health_medicine/healthcare_variant_annotation_pipeline,1.0,1,976242,257.8
tools,reasoning-bank,ale,ale,5,2,3,computing_math/cp_test_gen_1,0.3,0,423297,207.9
tools,reasoning-bank,ale,ale,5,2,3,computing_math/k3_abelian_extensions,0.0,0,486926,229.5
tools,reasoning-bank,ale,ale,5,2,3,engineering/mpc_control_building_v1,0.0,0,2109004,426.5
tools,reasoning-bank,ale,ale,5,2,3,health_medicine/healthcare_variant_annotation_pipeline,0.8,0,1093862,355.4
tools,reasoning-bank,ale,ale,5,3,1,business_finance/digital_marketing_ab_test_analysis_1,0.0,0,1007363,470.2
tools,reasoning-bank,ale,ale,5,3,1,life_sciences/tms_marrow_cell_type_annotation_instance_1,0.0,0,466020,284.8
tools,reasoning-bank,ale,ale,5,3,2,business_finance/digital_marketing_ab_test_analysis_1,0.0,0,1021779,356.1
tools,reasoning-bank,ale,ale,5,3,2,life_sciences/tms_marrow_cell_type_annotation_instance_1,0.0,0,505933,316.0
tools,reasoning-bank,ale,ale,5,3,3,business_finance/digital_marketing_ab_test_analysis_1,0.0,0,534889,274.1
tools,reasoning-bank,ale,ale,5,3,3,life_sciences/tms_marrow_cell_type_annotation_instance_1,0.0,0,1173905,355.2
tools,reasoning-bank,ale,ale,5,4,1,business_finance/financial_stmt_reconstruction_aapl_fy2024,1.0,1,513669,167.7
tools,reasoning-bank,ale,ale,5,4,1,business_finance/sec_10k_financial_parsing,0.0,0,583729,319.6
tools,reasoning-bank,ale,ale,5,4,1,engineering/openroad_sky130_ibex_pnr_signoff,0.0,0,788315,219.4
tools,reasoning-bank,ale,ale,5,4,1,health_medicine/prostate_imrt_matrad_reproduction,0.0,0,3995695,593.3
tools,reasoning-bank,ale,ale,5,4,1,health_medicine/wsi_tumor_localization_1,0.0,0,423845,230.4
tools,reasoning-bank,ale,ale,5,4,1,life_sciences/gene_expression_differential_analysis_functional_enrichment_analysis_1,0.0,0,1395000,1156.1
tools,reasoning-bank,ale,ale,5,4,2,business_finance/financial_stmt_reconstruction_aapl_fy2024,1.0,1,517649,232.6
tools,reasoning-bank,ale,ale,5,4,2,business_finance/sec_10k_financial_parsing,0.001,0,1080645,476.3
tools,reasoning-bank,ale,ale,5,4,2,engineering/openroad_sky130_ibex_pnr_signoff,0.0,0,505943,132.8
tools,reasoning-bank,ale,ale,5,4,2,health_medicine/prostate_imrt_matrad_reproduction,0.0,0,5596754,631.7
tools,reasoning-bank,ale,ale,5,4,2,health_medicine/wsi_tumor_localization_1,0.0,0,638549,284.5
tools,reasoning-bank,ale,ale,5,4,2,life_sciences/gene_expression_differential_analysis_functional_enrichment_analysis_1,0.0,0,2167517,768.6
tools,reasoning-bank,ale,ale,5,4,3,business_finance/financial_stmt_reconstruction_aapl_fy2024,0.933333,0,1038660,208.1
tools,reasoning-bank,ale,ale,5,4,3,business_finance/sec_10k_financial_parsing,0.4053,0,2638134,535.0
tools,reasoning-bank,ale,ale,5,4,3,engineering/openroad_sky130_ibex_pnr_signoff,0.0,0,718176,169.5
tools,reasoning-bank,ale,ale,5,4,3,health_medicine/prostate_imrt_matrad_reproduction,0.0,0,2411909,573.3
tools,reasoning-bank,ale,ale,5,4,3,health_medicine/wsi_tumor_localization_1,0.0,0,639548,206.2
tools,reasoning-bank,ale,ale,5,4,3,life_sciences/gene_expression_differential_analysis_functional_enrichment_analysis_1,0.0,0,0,927.8
tools,reasoning-bank,ale,ale,5,5,1,business_finance/legal_ma_consistency_audit_01,0.0,0,1633107,293.2
tools,reasoning-bank,ale,ale,5,5,1,computing_math/clustered_cyclic_code_circuit_level_simulation,0.0,0,3246370,543.8
tools,reasoning-bank,ale,ale,5,5,1,computing_math/data_pipeline_etl_instance_1,0.0,0,1765782,510.0
tools,reasoning-bank,ale,ale,5,5,1,computing_math/k8s_migration_1,0.679167,0,1412343,389.2
tools,reasoning-bank,ale,ale,5,5,1,engineering/humanoid_wbc_policy_evaluation,0.3875,0,4854735,1124.7
tools,reasoning-bank,ale,ale,5,5,1,health_medicine/healthcare_sap_group_sequential_nsclc,0.0,0,904208,596.1
tools,reasoning-bank,ale,ale,5,5,1,health_medicine/healthcare_tcga_luad_survival_kras,0.0,0,6720490,2669.3
tools,reasoning-bank,ale,ale,5,5,1,health_medicine/ltmle_targeted_bootstrap_simulation_study,0.0,0,2638365,375.1
tools,reasoning-bank,ale,ale,5,5,1,health_medicine/public_health_mask_mandate_ratio,0.333333,0,1857555,2845.9
tools,reasoning-bank,ale,ale,5,5,1,health_medicine/replicate_paper_1,0.0,0,3230039,1290.8
tools,reasoning-bank,ale,ale,5,5,1,life_sciences/hg002_chr22_germline_variant_pipeline,0.0,0,1341162,308.6
tools,reasoning-bank,ale,ale,5,5,1,life_sciences/idp_ensemble_scoring,0.0,0,7154440,1167.4
tools,reasoning-bank,ale,ale,5,5,1,life_sciences/rgi_mcr1_colistin_v2,1.0,1,628193,510.4
tools,reasoning-bank,ale,ale,5,5,1,physical_sciences/climate_prediction,0.4477,0,890491,943.4
tools,reasoning-bank,ale,ale,5,5,1,social_sciences/atwood_2022_measles_vaccine_reproduction,0.0,0,2067786,334.4
tools,reasoning-bank,ale,ale,5,5,1,transport_safety/capacitated_vehicle_routing_problems,1.0,1,1120769,459.6
tools,reasoning-bank,ale,ale,5,5,1,transport_safety/fds_single_compartment_detector_reconstruction,0.0,0,697588,488.4
tools,reasoning-bank,ale,ale,5,5,2,business_finance/legal_ma_consistency_audit_01,0.0,0,800427,176.3
tools,reasoning-bank,ale,ale,5,5,2,computing_math/clustered_cyclic_code_circuit_level_simulation,0.0,0,1852281,1246.9
tools,reasoning-bank,ale,ale,5,5,2,computing_math/data_pipeline_etl_instance_1,0.333333,0,1217151,595.4
tools,reasoning-bank,ale,ale,5,5,2,computing_math/k8s_migration_1,0.629167,0,2767241,444.1
tools,reasoning-bank,ale,ale,5,5,2,engineering/humanoid_wbc_policy_evaluation,0.0,0,4317880,2221.0
tools,reasoning-bank,ale,ale,5,5,2,health_medicine/healthcare_sap_group_sequential_nsclc,0.256667,0,1422228,505.4
tools,reasoning-bank,ale,ale,5,5,2,health_medicine/healthcare_tcga_luad_survival_kras,0.0,0,3844309,1050.5
tools,reasoning-bank,ale,ale,5,5,2,health_medicine/ltmle_targeted_bootstrap_simulation_study,0.0,0,3992330,473.4
tools,reasoning-bank,ale,ale,5,5,2,health_medicine/public_health_mask_mandate_ratio,0.333333,0,1161463,550.2
tools,reasoning-bank,ale,ale,5,5,2,health_medicine/replicate_paper_1,0.0,0,2465477,567.9
tools,reasoning-bank,ale,ale,5,5,2,life_sciences/hg002_chr22_germline_variant_pipeline,0.0,0,2034813,446.7
tools,reasoning-bank,ale,ale,5,5,2,life_sciences/idp_ensemble_scoring,0.0,0,3565454,1719.4
tools,reasoning-bank,ale,ale,5,5,2,life_sciences/rgi_mcr1_colistin_v2,1.0,1,847254,263.6
tools,reasoning-bank,ale,ale,5,5,2,physical_sciences/climate_prediction,0.25,0,1922896,1047.8
tools,reasoning-bank,ale,ale,5,5,2,social_sciences/atwood_2022_measles_vaccine_reproduction,1.0,1,1095140,240.3
tools,reasoning-bank,ale,ale,5,5,2,transport_safety/capacitated_vehicle_routing_problems,0.0,0,4163104,725.8
tools,reasoning-bank,ale,ale,5,5,2,transport_safety/fds_single_compartment_detector_reconstruction,0.0,0,239956,188.0
tools,reasoning-bank,ale,ale,5,5,3,business_finance/legal_ma_consistency_audit_01,0.0,0,1442695,224.6
tools,reasoning-bank,ale,ale,5,5,3,computing_math/clustered_cyclic_code_circuit_level_simulation,0.0,0,5198306,816.8
tools,reasoning-bank,ale,ale,5,5,3,computing_math/data_pipeline_etl_instance_1,0.333333,0,1203104,655.7
tools,reasoning-bank,ale,ale,5,5,3,computing_math/k8s_migration_1,0.479167,0,1000498,286.4
tools,reasoning-bank,ale,ale,5,5,3,engineering/humanoid_wbc_policy_evaluation,0.0,0,1674200,1958.9
tools,reasoning-bank,ale,ale,5,5,3,health_medicine/healthcare_sap_group_sequential_nsclc,0.0,0,1319354,574.9
tools,reasoning-bank,ale,ale,5,5,3,health_medicine/healthcare_tcga_luad_survival_kras,0.0,0,1394179,435.6
tools,reasoning-bank,ale,ale,5,5,3,health_medicine/ltmle_targeted_bootstrap_simulation_study,0.0,0,3465757,816.4
tools,reasoning-bank,ale,ale,5,5,3,health_medicine/public_health_mask_mandate_ratio,0.333333,0,8118834,3976.0
tools,reasoning-bank,ale,ale,5,5,3,health_medicine/replicate_paper_1,0.0,0,3000105,705.6
tools,reasoning-bank,ale,ale,5,5,3,life_sciences/hg002_chr22_germline_variant_pipeline,0.0,0,1706842,380.7
tools,reasoning-bank,ale,ale,5,5,3,life_sciences/idp_ensemble_scoring,0.0,0,4536112,1412.8
tools,reasoning-bank,ale,ale,5,5,3,life_sciences/rgi_mcr1_colistin_v2,0.0,0,204765,137.7
tools,reasoning-bank,ale,ale,5,5,3,physical_sciences/climate_prediction,0.6599,0,2163102,1162.1
tools,reasoning-bank,ale,ale,5,5,3,social_sciences/atwood_2022_measles_vaccine_reproduction,1.0,1,1246762,269.4
tools,reasoning-bank,ale,ale,5,5,3,transport_safety/capacitated_vehicle_routing_problems,1.0,1,1047033,433.2
tools,reasoning-bank,ale,ale,5,5,3,transport_safety/fds_single_compartment_detector_reconstruction,0.0,0,2205795,636.8
tools,reasoning-bank,eog,calendar,1,1,1,task_20251124_112741_995_0a0bf089_3906a767,0.8,0,178020,151.5
tools,reasoning-bank,eog,calendar,1,1,1,task_20251128_220140_863_df2c536d_4aa7dcfd,0.666667,0,201834,379.0
tools,reasoning-bank,eog,calendar,1,1,1,task_20251130_105156_866_0a0bf089_eef6d2ed,0.25,0,227777,167.9
tools,reasoning-bank,eog,calendar,1,1,1,task_20251203_080219_432_6f5b66fc_03eb353c,0.8,0,134611,350.9
tools,reasoning-bank,eog,calendar,1,1,1,task_20251203_091910_549_bca89e7d_de59e44a,0.666667,0,222282,520.1
tools,reasoning-bank,eog,calendar,1,1,1,task_20251203_142634_160_bca89e7d_193f597f,0.4,0,139207,451.4
tools,reasoning-bank,eog,calendar,1,1,1,task_20251203_142725_377_6f5b66fc_c990483e,1.0,1,192824,426.1
tools,reasoning-bank,eog,calendar,1,1,1,task_20251205_032409_945_0a0bf089_61f5be29,0.0,0,34615,73.2
tools,reasoning-bank,eog,calendar,1,1,1,task_20260102_175948_337_6f5b66fc_f9bfbf1d,1.0,1,165381,252.1
tools,reasoning-bank,eog,calendar,1,1,1,task_20260104_192853_372_6f5b66fc_12ceda34,0.333333,0,58538,130.8
tools,reasoning-bank,eog,calendar,1,1,1,task_20260104_205924_379_e0ac0c6d_cec96398,0.5,0,103821,245.7
tools,reasoning-bank,eog,calendar,1,1,1,task_20260105_074654_229_bca89e7d_39d9c8ac,1.0,1,307873,669.1
tools,reasoning-bank,eog,calendar,1,1,1,task_20260105_124102_961_e0ac0c6d_0b196906,1.0,1,56316,94.1
tools,reasoning-bank,eog,calendar,1,1,1,task_20260105_140440_086_e0ac0c6d_27ecac16,1.0,1,80466,119.1
tools,reasoning-bank,eog,calendar,1,1,1,task_20260105_163511_384_79b3b025_1ff6d0c6,1.0,1,130416,165.5
tools,reasoning-bank,eog,calendar,1,1,1,task_20260105_212045_832_e0ac0c6d_84c7f524,0.833333,0,55586,63.9
tools,reasoning-bank,eog,calendar,1,1,1,task_20260105_221239_098_e0ac0c6d_f5f338f3,1.0,1,74932,111.1
tools,reasoning-bank,eog,calendar,1,1,1,task_20260105_222434_398_79b3b025_ccd9b889,0.75,0,203103,254.9
tools,reasoning-bank,eog,calendar,1,1,1,task_20260106_103319_873_baf0b358_69ce7445,1.0,1,128329,196.4
tools,reasoning-bank,eog,calendar,1,1,1,task_20260106_114228_782_79b3b025_b556c84d,1.0,1,198594,305.9
tools,reasoning-bank,eog,calendar,1,1,1,task_20260106_152415_149_6f5b66fc_aad3df17,1.0,1,110160,201.0
tools,reasoning-bank,eog,calendar,1,1,1,task_20260106_170952_179_e0ac0c6d_791fba5e,1.0,1,79619,110.0
tools,reasoning-bank,eog,calendar,1,1,1,task_20260107_144751_333_79b3b025_92bfb77e,0.857143,0,243469,385.6
tools,reasoning-bank,eog,calendar,1,1,1,task_20260107_193032_599_e0ac0c6d_403469c5,1.0,1,56360,74.1
tools,reasoning-bank,eog,calendar,1,1,1,task_20260108_182727_772_4608325d_60b7f5d9,0.666667,0,129375,252.2
tools,reasoning-bank,eog,calendar,1,1,1,task_20260121_144251_116_38405923_9438dabd,0.0,0,78958,116.1
tools,reasoning-bank,eog,calendar,1,1,1,task_20260121_161936_323_cbcf38f8_50ccd164,0.0,0,102129,142.4
tools,reasoning-bank,eog,calendar,1,1,1,task_20260121_171247_475_cbcf38f8_c0a86487,0.5,0,150099,166.6
tools,reasoning-bank,eog,calendar,1,1,1,task_20260122_024556_370_38405923_1a174d84,0.833333,0,131464,269.3
tools,reasoning-bank,eog,calendar,1,1,2,task_20251124_112741_995_0a0bf089_3906a767,0.8,0,196609,139.9
tools,reasoning-bank,eog,calendar,1,1,2,task_20251128_220140_863_df2c536d_4aa7dcfd,0.666667,0,162874,224.1
tools,reasoning-bank,eog,calendar,1,1,2,task_20251130_105156_866_0a0bf089_eef6d2ed,0.25,0,253765,176.9
tools,reasoning-bank,eog,calendar,1,1,2,task_20251203_080219_432_6f5b66fc_03eb353c,0.8,0,185667,293.7
tools,reasoning-bank,eog,calendar,1,1,2,task_20251203_091910_549_bca89e7d_de59e44a,0.666667,0,159088,193.9
tools,reasoning-bank,eog,calendar,1,1,2,task_20251203_142634_160_bca89e7d_193f597f,1.0,1,190293,426.1
tools,reasoning-bank,eog,calendar,1,1,2,task_20251203_142725_377_6f5b66fc_c990483e,0.333333,0,133000,221.8
tools,reasoning-bank,eog,calendar,1,1,2,task_20251205_032409_945_0a0bf089_61f5be29,0.0,0,33648,49.6
tools,reasoning-bank,eog,calendar,1,1,2,task_20260102_175948_337_6f5b66fc_f9bfbf1d,1.0,1,82004,148.8
tools,reasoning-bank,eog,calendar,1,1,2,task_20260104_192853_372_6f5b66fc_12ceda34,0.333333,0,59792,90.4
tools,reasoning-bank,eog,calendar,1,1,2,task_20260104_205924_379_e0ac0c6d_cec96398,0.5,0,126724,137.0
tools,reasoning-bank,eog,calendar,1,1,2,task_20260105_074654_229_bca89e7d_39d9c8ac,1.0,1,217292,335.8
tools,reasoning-bank,eog,calendar,1,1,2,task_20260105_124102_961_e0ac0c6d_0b196906,1.0,1,56432,59.6
tools,reasoning-bank,eog,calendar,1,1,2,task_20260105_140440_086_e0ac0c6d_27ecac16,1.0,1,56829,80.6
tools,reasoning-bank,eog,calendar,1,1,2,task_20260105_163511_384_79b3b025_1ff6d0c6,1.0,1,128534,165.3
tools,reasoning-bank,eog,calendar,1,1,2,task_20260105_212045_832_e0ac0c6d_84c7f524,0.833333,0,78909,82.7
tools,reasoning-bank,eog,calendar,1,1,2,task_20260105_221239_098_e0ac0c6d_f5f338f3,1.0,1,57517,91.1
tools,reasoning-bank,eog,calendar,1,1,2,task_20260105_222434_398_79b3b025_ccd9b889,0.75,0,130001,152.1
tools,reasoning-bank,eog,calendar,1,1,2,task_20260106_103319_873_baf0b358_69ce7445,1.0,1,251785,241.9
tools,reasoning-bank,eog,calendar,1,1,2,task_20260106_114228_782_79b3b025_b556c84d,1.0,1,204517,244.3
tools,reasoning-bank,eog,calendar,1,1,2,task_20260106_152415_149_6f5b66fc_aad3df17,1.0,1,155128,252.4
tools,reasoning-bank,eog,calendar,1,1,2,task_20260106_170952_179_e0ac0c6d_791fba5e,1.0,1,56801,87.6
tools,reasoning-bank,eog,calendar,1,1,2,task_20260107_144751_333_79b3b025_92bfb77e,0.857143,0,166678,251.8
tools,reasoning-bank,eog,calendar,1,1,2,task_20260107_193032_599_e0ac0c6d_403469c5,1.0,1,57402,90.2
tools,reasoning-bank,eog,calendar,1,1,2,task_20260108_182727_772_4608325d_60b7f5d9,0.666667,0,196355,257.6
tools,reasoning-bank,eog,calendar,1,1,2,task_20260121_144251_116_38405923_9438dabd,0.0,0,127512,148.1
tools,reasoning-bank,eog,calendar,1,1,2,task_20260121_161936_323_cbcf38f8_50ccd164,0.0,0,80138,117.3
tools,reasoning-bank,eog,calendar,1,1,2,task_20260121_171247_475_cbcf38f8_c0a86487,0.5,0,148043,127.9
tools,reasoning-bank,eog,calendar,1,1,2,task_20260122_024556_370_38405923_1a174d84,0.833333,0,113466,169.0
tools,reasoning-bank,eog,calendar,1,1,3,task_20251124_112741_995_0a0bf089_3906a767,0.8,0,161014,173.4
tools,reasoning-bank,eog,calendar,1,1,3,task_20251128_220140_863_df2c536d_4aa7dcfd,0.333333,0,100581,202.6
tools,reasoning-bank,eog,calendar,1,1,3,task_20251130_105156_866_0a0bf089_eef6d2ed,0.25,0,177948,152.1
tools,reasoning-bank,eog,calendar,1,1,3,task_20251203_080219_432_6f5b66fc_03eb353c,0.8,0,168495,317.1
tools,reasoning-bank,eog,calendar,1,1,3,task_20251203_091910_549_bca89e7d_de59e44a,0.666667,0,218426,433.6
tools,reasoning-bank,eog,calendar,1,1,3,task_20251203_142634_160_bca89e7d_193f597f,0.6,0,128200,322.9
tools,reasoning-bank,eog,calendar,1,1,3,task_20251203_142725_377_6f5b66fc_c990483e,0.666667,0,106646,256.1
tools,reasoning-bank,eog,calendar,1,1,3,task_20251205_032409_945_0a0bf089_61f5be29,0.0,0,34463,85.4
tools,reasoning-bank,eog,calendar,1,1,3,task_20260102_175948_337_6f5b66fc_f9bfbf1d,1.0,1,101523,175.1
tools,reasoning-bank,eog,calendar,1,1,3,task_20260104_192853_372_6f5b66fc_12ceda34,0.666667,0,132407,235.3
tools,reasoning-bank,eog,calendar,1,1,3,task_20260104_205924_379_e0ac0c6d_cec96398,0.5,0,102793,153.1
tools,reasoning-bank,eog,calendar,1,1,3,task_20260105_074654_229_bca89e7d_39d9c8ac,1.0,1,196736,413.9
tools,reasoning-bank,eog,calendar,1,1,3,task_20260105_124102_961_e0ac0c6d_0b196906,1.0,1,55737,88.2
tools,reasoning-bank,eog,calendar,1,1,3,task_20260105_140440_086_e0ac0c6d_27ecac16,1.0,1,56718,95.3
tools,reasoning-bank,eog,calendar,1,1,3,task_20260105_163511_384_79b3b025_1ff6d0c6,1.0,1,177974,305.3
tools,reasoning-bank,eog,calendar,1,1,3,task_20260105_212045_832_e0ac0c6d_84c7f524,0.833333,0,79161,109.1
tools,reasoning-bank,eog,calendar,1,1,3,task_20260105_221239_098_e0ac0c6d_f5f338f3,1.0,1,79270,118.6
tools,reasoning-bank,eog,calendar,1,1,3,task_20260105_222434_398_79b3b025_ccd9b889,0.75,0,133498,242.9
tools,reasoning-bank,eog,calendar,1,1,3,task_20260106_103319_873_baf0b358_69ce7445,1.0,1,199865,262.6
tools,reasoning-bank,eog,calendar,1,1,3,task_20260106_114228_782_79b3b025_b556c84d,1.0,1,207355,346.7
tools,reasoning-bank,eog,calendar,1,1,3,task_20260106_152415_149_6f5b66fc_aad3df17,1.0,1,107865,253.3
tools,reasoning-bank,eog,calendar,1,1,3,task_20260106_170952_179_e0ac0c6d_791fba5e,1.0,1,56021,79.8
tools,reasoning-bank,eog,calendar,1,1,3,task_20260107_144751_333_79b3b025_92bfb77e,0.857143,0,189201,397.5
tools,reasoning-bank,eog,calendar,1,1,3,task_20260107_193032_599_e0ac0c6d_403469c5,1.0,1,55088,61.4
tools,reasoning-bank,eog,calendar,1,1,3,task_20260108_182727_772_4608325d_60b7f5d9,0.666667,0,196300,374.4
tools,reasoning-bank,eog,calendar,1,1,3,task_20260121_144251_116_38405923_9438dabd,0.0,0,150959,165.2
tools,reasoning-bank,eog,calendar,1,1,3,task_20260121_161936_323_cbcf38f8_50ccd164,0.0,0,100951,133.9
tools,reasoning-bank,eog,calendar,1,1,3,task_20260121_171247_475_cbcf38f8_c0a86487,0.5,0,129020,187.2
tools,reasoning-bank,eog,calendar,1,1,3,task_20260122_024556_370_38405923_1a174d84,0.833333,0,152160,204.0
tools,reasoning-bank,eog,calendar,2,1,1,task_20251124_112741_995_0a0bf089_3906a767,0.8,0,233918,182.5
tools,reasoning-bank,eog,calendar,2,1,1,task_20251128_220140_863_df2c536d_4aa7dcfd,0.666667,0,247067,197.8
tools,reasoning-bank,eog,calendar,2,1,1,task_20251130_105156_866_0a0bf089_eef6d2ed,0.25,0,313662,208.4
tools,reasoning-bank,eog,calendar,2,1,1,task_20251203_080219_432_6f5b66fc_03eb353c,0.8,0,205031,370.1
tools,reasoning-bank,eog,calendar,2,1,1,task_20251203_091910_549_bca89e7d_de59e44a,0.666667,0,212613,437.3
tools,reasoning-bank,eog,calendar,2,1,1,task_20251203_142634_160_bca89e7d_193f597f,0.6,0,234645,387.4
tools,reasoning-bank,eog,calendar,2,1,1,task_20251203_142725_377_6f5b66fc_c990483e,0.333333,0,259874,428.2
tools,reasoning-bank,eog,calendar,2,1,1,task_20251205_032409_945_0a0bf089_61f5be29,0.0,0,40165,61.4
tools,reasoning-bank,eog,calendar,2,1,1,task_20260102_175948_337_6f5b66fc_f9bfbf1d,1.0,1,93861,112.3
tools,reasoning-bank,eog,calendar,2,1,1,task_20260104_192853_372_6f5b66fc_12ceda34,0.333333,0,66682,71.6
tools,reasoning-bank,eog,calendar,2,1,1,task_20260104_205924_379_e0ac0c6d_cec96398,0.5,0,144475,200.6
tools,reasoning-bank,eog,calendar,2,1,1,task_20260105_074654_229_bca89e7d_39d9c8ac,0.833333,0,348468,412.1
tools,reasoning-bank,eog,calendar,2,1,1,task_20260105_124102_961_e0ac0c6d_0b196906,1.0,1,66298,99.4
tools,reasoning-bank,eog,calendar,2,1,1,task_20260105_140440_086_e0ac0c6d_27ecac16,1.0,1,64674,71.1
tools,reasoning-bank,eog,calendar,2,1,1,task_20260105_163511_384_79b3b025_1ff6d0c6,1.0,1,97208,145.4
tools,reasoning-bank,eog,calendar,2,1,1,task_20260105_212045_832_e0ac0c6d_84c7f524,0.833333,0,65967,87.1
tools,reasoning-bank,eog,calendar,2,1,1,task_20260105_221239_098_e0ac0c6d_f5f338f3,1.0,1,65067,74.8
tools,reasoning-bank,eog,calendar,2,1,1,task_20260105_222434_398_79b3b025_ccd9b889,0.75,0,151203,157.2
tools,reasoning-bank,eog,calendar,2,1,1,task_20260106_103319_873_baf0b358_69ce7445,1.0,1,450801,346.2
tools,reasoning-bank,eog,calendar,2,1,1,task_20260106_114228_782_79b3b025_b556c84d,1.0,1,269519,323.3
tools,reasoning-bank,eog,calendar,2,1,1,task_20260106_152415_149_6f5b66fc_aad3df17,1.0,1,234771,230.0
tools,reasoning-bank,eog,calendar,2,1,1,task_20260106_170952_179_e0ac0c6d_791fba5e,1.0,1,90947,105.3
tools,reasoning-bank,eog,calendar,2,1,1,task_20260107_144751_333_79b3b025_92bfb77e,0.857143,0,392621,389.5
tools,reasoning-bank,eog,calendar,2,1,1,task_20260107_193032_599_e0ac0c6d_403469c5,1.0,1,64548,74.5
tools,reasoning-bank,eog,calendar,2,1,1,task_20260108_182727_772_4608325d_60b7f5d9,0.666667,0,244683,164.8
tools,reasoning-bank,eog,calendar,2,1,1,task_20260121_144251_116_38405923_9438dabd,0.0,0,171272,143.7
tools,reasoning-bank,eog,calendar,2,1,1,task_20260121_161936_323_cbcf38f8_50ccd164,0.0,0,121662,145.9
tools,reasoning-bank,eog,calendar,2,1,1,task_20260121_171247_475_cbcf38f8_c0a86487,0.5,0,144008,148.4
tools,reasoning-bank,eog,calendar,2,1,1,task_20260122_024556_370_38405923_1a174d84,0.833333,0,266212,189.8
tools,reasoning-bank,eog,calendar,2,1,2,task_20251124_112741_995_0a0bf089_3906a767,0.6,0,205443,154.9
tools,reasoning-bank,eog,calendar,2,1,2,task_20251128_220140_863_df2c536d_4aa7dcfd,1.0,1,227056,215.1
tools,reasoning-bank,eog,calendar,2,1,2,task_20251130_105156_866_0a0bf089_eef6d2ed,0.25,0,232426,161.6
tools,reasoning-bank,eog,calendar,2,1,2,task_20251203_080219_432_6f5b66fc_03eb353c,0.6,0,293096,355.7
tools,reasoning-bank,eog,calendar,2,1,2,task_20251203_091910_549_bca89e7d_de59e44a,0.666667,0,112610,252.4
tools,reasoning-bank,eog,calendar,2,1,2,task_20251203_142634_160_bca89e7d_193f597f,1.0,1,187610,404.5
tools,reasoning-bank,eog,calendar,2,1,2,task_20251203_142725_377_6f5b66fc_c990483e,0.666667,0,202974,301.9
tools,reasoning-bank,eog,calendar,2,1,2,task_20251205_032409_945_0a0bf089_61f5be29,0.0,0,61084,93.0
tools,reasoning-bank,eog,calendar,2,1,2,task_20260102_175948_337_6f5b66fc_f9bfbf1d,1.0,1,140471,187.7
tools,reasoning-bank,eog,calendar,2,1,2,task_20260104_192853_372_6f5b66fc_12ceda34,0.333333,0,67797,108.4
tools,reasoning-bank,eog,calendar,2,1,2,task_20260104_205924_379_e0ac0c6d_cec96398,0.5,0,115539,220.3
tools,reasoning-bank,eog,calendar,2,1,2,task_20260105_074654_229_bca89e7d_39d9c8ac,0.833333,0,389906,458.9
tools,reasoning-bank,eog,calendar,2,1,2,task_20260105_124102_961_e0ac0c6d_0b196906,1.0,1,119091,168.9
tools,reasoning-bank,eog,calendar,2,1,2,task_20260105_140440_086_e0ac0c6d_27ecac16,1.0,1,65365,81.3
tools,reasoning-bank,eog,calendar,2,1,2,task_20260105_163511_384_79b3b025_1ff6d0c6,1.0,1,120469,172.1
tools,reasoning-bank,eog,calendar,2,1,2,task_20260105_212045_832_e0ac0c6d_84c7f524,0.833333,0,65875,83.7
tools,reasoning-bank,eog,calendar,2,1,2,task_20260105_221239_098_e0ac0c6d_f5f338f3,1.0,1,66206,98.4
tools,reasoning-bank,eog,calendar,2,1,2,task_20260105_222434_398_79b3b025_ccd9b889,0.75,0,151613,179.8
tools,reasoning-bank,eog,calendar,2,1,2,task_20260106_103319_873_baf0b358_69ce7445,1.0,1,446261,335.7
tools,reasoning-bank,eog,calendar,2,1,2,task_20260106_114228_782_79b3b025_b556c84d,1.0,1,206285,246.6
tools,reasoning-bank,eog,calendar,2,1,2,task_20260106_152415_149_6f5b66fc_aad3df17,1.0,1,194095,279.8
tools,reasoning-bank,eog,calendar,2,1,2,task_20260106_170952_179_e0ac0c6d_791fba5e,1.0,1,64367,76.2
tools,reasoning-bank,eog,calendar,2,1,2,task_20260107_144751_333_79b3b025_92bfb77e,0.714286,0,332735,304.7
tools,reasoning-bank,eog,calendar,2,1,2,task_20260107_193032_599_e0ac0c6d_403469c5,1.0,1,64562,67.1
tools,reasoning-bank,eog,calendar,2,1,2,task_20260108_182727_772_4608325d_60b7f5d9,0.666667,0,198867,165.2
tools,reasoning-bank,eog,calendar,2,1,2,task_20260121_144251_116_38405923_9438dabd,0.0,0,248632,148.2
tools,reasoning-bank,eog,calendar,2,1,2,task_20260121_161936_323_cbcf38f8_50ccd164,0.0,0,90218,111.0
tools,reasoning-bank,eog,calendar,2,1,2,task_20260121_171247_475_cbcf38f8_c0a86487,0.5,0,174696,135.9
tools,reasoning-bank,eog,calendar,2,1,2,task_20260122_024556_370_38405923_1a174d84,0.833333,0,239052,174.7
tools,reasoning-bank,eog,calendar,2,1,3,task_20251124_112741_995_0a0bf089_3906a767,0.8,0,295514,271.7
tools,reasoning-bank,eog,calendar,2,1,3,task_20251128_220140_863_df2c536d_4aa7dcfd,0.666667,0,227540,221.6
tools,reasoning-bank,eog,calendar,2,1,3,task_20251130_105156_866_0a0bf089_eef6d2ed,0.25,0,450025,252.3
tools,reasoning-bank,eog,calendar,2,1,3,task_20251203_080219_432_6f5b66fc_03eb353c,0.8,0,179958,288.8
tools,reasoning-bank,eog,calendar,2,1,3,task_20251203_091910_549_bca89e7d_de59e44a,0.666667,0,178558,402.8
tools,reasoning-bank,eog,calendar,2,1,3,task_20251203_142634_160_bca89e7d_193f597f,1.0,1,211821,454.7
tools,reasoning-bank,eog,calendar,2,1,3,task_20251203_142725_377_6f5b66fc_c990483e,0.333333,0,147992,263.2
tools,reasoning-bank,eog,calendar,2,1,3,task_20251205_032409_945_0a0bf089_61f5be29,0.0,0,39436,45.6
tools,reasoning-bank,eog,calendar,2,1,3,task_20260102_175948_337_6f5b66fc_f9bfbf1d,1.0,1,140402,179.7
tools,reasoning-bank,eog,calendar,2,1,3,task_20260104_192853_372_6f5b66fc_12ceda34,0.333333,0,66713,95.7
tools,reasoning-bank,eog,calendar,2,1,3,task_20260104_205924_379_e0ac0c6d_cec96398,0.666667,0,173580,249.9
tools,reasoning-bank,eog,calendar,2,1,3,task_20260105_074654_229_bca89e7d_39d9c8ac,1.0,1,355443,452.0
tools,reasoning-bank,eog,calendar,2,1,3,task_20260105_124102_961_e0ac0c6d_0b196906,1.0,1,65197,119.7
tools,reasoning-bank,eog,calendar,2,1,3,task_20260105_140440_086_e0ac0c6d_27ecac16,1.0,1,66217,101.0
tools,reasoning-bank,eog,calendar,2,1,3,task_20260105_163511_384_79b3b025_1ff6d0c6,1.0,1,97533,143.3
tools,reasoning-bank,eog,calendar,2,1,3,task_20260105_212045_832_e0ac0c6d_84c7f524,0.833333,0,92229,147.1
tools,reasoning-bank,eog,calendar,2,1,3,task_20260105_221239_098_e0ac0c6d_f5f338f3,1.0,1,113591,177.8
tools,reasoning-bank,eog,calendar,2,1,3,task_20260105_222434_398_79b3b025_ccd9b889,0.75,0,234831,247.0
tools,reasoning-bank,eog,calendar,2,1,3,task_20260106_103319_873_baf0b358_69ce7445,1.0,1,390964,333.2
tools,reasoning-bank,eog,calendar,2,1,3,task_20260106_114228_782_79b3b025_b556c84d,1.0,1,172127,241.1
tools,reasoning-bank,eog,calendar,2,1,3,task_20260106_152415_149_6f5b66fc_aad3df17,0.666667,0,238193,384.7
tools,reasoning-bank,eog,calendar,2,1,3,task_20260106_170952_179_e0ac0c6d_791fba5e,1.0,1,85491,98.7
tools,reasoning-bank,eog,calendar,2,1,3,task_20260107_144751_333_79b3b025_92bfb77e,0.857143,0,222151,274.0
tools,reasoning-bank,eog,calendar,2,1,3,task_20260107_193032_599_e0ac0c6d_403469c5,1.0,1,88503,95.6
tools,reasoning-bank,eog,calendar,2,1,3,task_20260108_182727_772_4608325d_60b7f5d9,0.666667,0,248922,265.0
tools,reasoning-bank,eog,calendar,2,1,3,task_20260121_144251_116_38405923_9438dabd,0.0,0,167567,96.2
tools,reasoning-bank,eog,calendar,2,1,3,task_20260121_161936_323_cbcf38f8_50ccd164,0.0,0,64544,72.2
tools,reasoning-bank,eog,calendar,2,1,3,task_20260121_171247_475_cbcf38f8_c0a86487,0.5,0,170167,121.7
tools,reasoning-bank,eog,calendar,2,1,3,task_20260122_024556_370_38405923_1a174d84,0.833333,0,179126,205.2
tools,reasoning-bank,eog,calendar,2,2,1,task_20251117_165528_648_bca89e7d_3e81ece9,1.0,1,258712,381.7
tools,reasoning-bank,eog,calendar,2,2,1,task_20251201_113908_295_e81f6083_e770442c,1.0,1,382696,538.6
tools,reasoning-bank,eog,calendar,2,2,1,task_20251203_184109_641_6f5b66fc_e62d330e,0.333333,0,117632,326.7
tools,reasoning-bank,eog,calendar,2,2,1,task_20251203_190727_704_e81f6083_f2fd8fe6,0.2,0,342837,713.2
tools,reasoning-bank,eog,calendar,2,2,1,task_20251203_194320_796_df2c536d_c885488e,0.75,0,224772,422.3
tools,reasoning-bank,eog,calendar,2,2,1,task_20260104_143530_440_6f5b66fc_b6b24e96,1.0,1,196334,360.4
tools,reasoning-bank,eog,calendar,2,2,1,task_20260106_112632_846_bca89e7d_5d19e8f3,1.0,1,178979,231.0
tools,reasoning-bank,eog,calendar,2,2,1,task_20260107_093643_038_df2c536d_f90fd06e,0.75,0,158052,253.2
tools,reasoning-bank,eog,calendar,2,2,1,task_20260108_142310_191_df2c536d_c6edcf9f,0.666667,0,139336,343.1
tools,reasoning-bank,eog,calendar,2,2,1,task_20260121_214553_691_cbcf38f8_abce7315,0.666667,0,163436,251.3
tools,reasoning-bank,eog,calendar,2,2,2,task_20251117_165528_648_bca89e7d_3e81ece9,1.0,1,249438,362.8
tools,reasoning-bank,eog,calendar,2,2,2,task_20251201_113908_295_e81f6083_e770442c,1.0,1,376582,566.5
tools,reasoning-bank,eog,calendar,2,2,2,task_20251203_184109_641_6f5b66fc_e62d330e,0.333333,0,136779,369.7
tools,reasoning-bank,eog,calendar,2,2,2,task_20251203_190727_704_e81f6083_f2fd8fe6,0.1,0,371644,791.8
tools,reasoning-bank,eog,calendar,2,2,2,task_20251203_194320_796_df2c536d_c885488e,0.75,0,362048,629.5
tools,reasoning-bank,eog,calendar,2,2,2,task_20260104_143530_440_6f5b66fc_b6b24e96,0.666667,0,262529,520.4
tools,reasoning-bank,eog,calendar,2,2,2,task_20260106_112632_846_bca89e7d_5d19e8f3,1.0,1,202411,432.6
tools,reasoning-bank,eog,calendar,2,2,2,task_20260107_093643_038_df2c536d_f90fd06e,0.75,0,173832,299.3
tools,reasoning-bank,eog,calendar,2,2,2,task_20260108_142310_191_df2c536d_c6edcf9f,0.666667,0,220919,499.2
tools,reasoning-bank,eog,calendar,2,2,2,task_20260121_214553_691_cbcf38f8_abce7315,0.333333,0,215244,497.0
tools,reasoning-bank,eog,calendar,2,2,3,task_20251117_165528_648_bca89e7d_3e81ece9,1.0,1,163607,192.7
tools,reasoning-bank,eog,calendar,2,2,3,task_20251201_113908_295_e81f6083_e770442c,1.0,1,358429,368.1
tools,reasoning-bank,eog,calendar,2,2,3,task_20251203_184109_641_6f5b66fc_e62d330e,0.333333,0,116302,181.8
tools,reasoning-bank,eog,calendar,2,2,3,task_20251203_190727_704_e81f6083_f2fd8fe6,0.4,0,186253,357.9
tools,reasoning-bank,eog,calendar,2,2,3,task_20251203_194320_796_df2c536d_c885488e,0.75,0,150052,227.4
tools,reasoning-bank,eog,calendar,2,2,3,task_20260104_143530_440_6f5b66fc_b6b24e96,0.666667,0,219508,359.1
tools,reasoning-bank,eog,calendar,2,2,3,task_20260106_112632_846_bca89e7d_5d19e8f3,1.0,1,204089,213.7
tools,reasoning-bank,eog,calendar,2,2,3,task_20260107_093643_038_df2c536d_f90fd06e,1.0,1,247175,248.9
tools,reasoning-bank,eog,calendar,2,2,3,task_20260108_142310_191_df2c536d_c6edcf9f,0.666667,0,269700,404.9
tools,reasoning-bank,eog,calendar,2,2,3,task_20260121_214553_691_cbcf38f8_abce7315,0.333333,0,218123,297.2
tools,reasoning-bank,eog,calendar,3,1,1,task_20251124_112741_995_0a0bf089_3906a767,0.8,0,250079,223.2
tools,reasoning-bank,eog,calendar,3,1,1,task_20251128_220140_863_df2c536d_4aa7dcfd,0.666667,0,272392,342.8
tools,reasoning-bank,eog,calendar,3,1,1,task_20251130_105156_866_0a0bf089_eef6d2ed,0.25,0,309176,224.8
tools,reasoning-bank,eog,calendar,3,1,1,task_20251203_080219_432_6f5b66fc_03eb353c,0.6,0,216786,379.2
tools,reasoning-bank,eog,calendar,3,1,1,task_20251203_091910_549_bca89e7d_de59e44a,0.666667,0,354629,741.5
tools,reasoning-bank,eog,calendar,3,1,1,task_20251203_142634_160_bca89e7d_193f597f,0.8,0,198645,398.8
tools,reasoning-bank,eog,calendar,3,1,1,task_20251203_142725_377_6f5b66fc_c990483e,0.333333,0,303972,633.8
tools,reasoning-bank,eog,calendar,3,1,1,task_20251205_032409_945_0a0bf089_61f5be29,0.0,0,44428,100.3
tools,reasoning-bank,eog,calendar,3,1,1,task_20260102_175948_337_6f5b66fc_f9bfbf1d,1.0,1,126189,179.6
tools,reasoning-bank,eog,calendar,3,1,1,task_20260104_192853_372_6f5b66fc_12ceda34,0.333333,0,72377,115.5
tools,reasoning-bank,eog,calendar,3,1,1,task_20260104_205924_379_e0ac0c6d_cec96398,0.5,0,187908,333.6
tools,reasoning-bank,eog,calendar,3,1,1,task_20260105_074654_229_bca89e7d_39d9c8ac,1.0,1,344778,546.4
tools,reasoning-bank,eog,calendar,3,1,1,task_20260105_124102_961_e0ac0c6d_0b196906,1.0,1,70087,111.8
tools,reasoning-bank,eog,calendar,3,1,1,task_20260105_140440_086_e0ac0c6d_27ecac16,1.0,1,95705,182.3
tools,reasoning-bank,eog,calendar,3,1,1,task_20260105_163511_384_79b3b025_1ff6d0c6,1.0,1,162013,313.1
tools,reasoning-bank,eog,calendar,3,1,1,task_20260105_212045_832_e0ac0c6d_84c7f524,0.833333,0,70428,103.7
tools,reasoning-bank,eog,calendar,3,1,1,task_20260105_221239_098_e0ac0c6d_f5f338f3,1.0,1,70419,107.6
tools,reasoning-bank,eog,calendar,3,1,1,task_20260105_222434_398_79b3b025_ccd9b889,0.75,0,158721,305.1
tools,reasoning-bank,eog,calendar,3,1,1,task_20260106_103319_873_baf0b358_69ce7445,1.0,1,393282,392.9
tools,reasoning-bank,eog,calendar,3,1,1,task_20260106_114228_782_79b3b025_b556c84d,1.0,1,318156,458.2
tools,reasoning-bank,eog,calendar,3,1,1,task_20260106_152415_149_6f5b66fc_aad3df17,1.0,1,223696,305.9
tools,reasoning-bank,eog,calendar,3,1,1,task_20260106_170952_179_e0ac0c6d_791fba5e,1.0,1,70335,113.3
tools,reasoning-bank,eog,calendar,3,1,1,task_20260107_144751_333_79b3b025_92bfb77e,0.857143,0,259087,494.2
tools,reasoning-bank,eog,calendar,3,1,1,task_20260107_193032_599_e0ac0c6d_403469c5,1.0,1,71061,114.9
tools,reasoning-bank,eog,calendar,3,1,1,task_20260108_182727_772_4608325d_60b7f5d9,0.666667,0,209018,207.6
tools,reasoning-bank,eog,calendar,3,1,1,task_20260121_144251_116_38405923_9438dabd,0.0,0,323070,276.7
tools,reasoning-bank,eog,calendar,3,1,1,task_20260121_161936_323_cbcf38f8_50ccd164,0.0,0,152077,281.2
tools,reasoning-bank,eog,calendar,3,1,1,task_20260121_171247_475_cbcf38f8_c0a86487,0.5,0,209551,207.2
tools,reasoning-bank,eog,calendar,3,1,1,task_20260122_024556_370_38405923_1a174d84,0.833333,0,262585,283.1
tools,reasoning-bank,eog,calendar,3,1,2,task_20251124_112741_995_0a0bf089_3906a767,0.8,0,331699,245.1
tools,reasoning-bank,eog,calendar,3,1,2,task_20251128_220140_863_df2c536d_4aa7dcfd,1.0,1,222097,213.2
tools,reasoning-bank,eog,calendar,3,1,2,task_20251130_105156_866_0a0bf089_eef6d2ed,0.25,0,231847,162.1
tools,reasoning-bank,eog,calendar,3,1,2,task_20251203_080219_432_6f5b66fc_03eb353c,0.8,0,231193,308.7
tools,reasoning-bank,eog,calendar,3,1,2,task_20251203_091910_549_bca89e7d_de59e44a,0.833333,0,232695,484.3
tools,reasoning-bank,eog,calendar,3,1,2,task_20251203_142634_160_bca89e7d_193f597f,1.0,1,254868,446.4
tools,reasoning-bank,eog,calendar,3,1,2,task_20251203_142725_377_6f5b66fc_c990483e,0.666667,0,189267,300.2
tools,reasoning-bank,eog,calendar,3,1,2,task_20251205_032409_945_0a0bf089_61f5be29,0.0,0,44670,74.5
tools,reasoning-bank,eog,calendar,3,1,2,task_20260102_175948_337_6f5b66fc_f9bfbf1d,1.0,1,176207,216.9
tools,reasoning-bank,eog,calendar,3,1,2,task_20260104_192853_372_6f5b66fc_12ceda34,0.333333,0,99549,191.3
tools,reasoning-bank,eog,calendar,3,1,2,task_20260104_205924_379_e0ac0c6d_cec96398,0.5,0,184900,257.2
tools,reasoning-bank,eog,calendar,3,1,2,task_20260105_074654_229_bca89e7d_39d9c8ac,1.0,1,184256,277.6
tools,reasoning-bank,eog,calendar,3,1,2,task_20260105_124102_961_e0ac0c6d_0b196906,1.0,1,71655,108.9
tools,reasoning-bank,eog,calendar,3,1,2,task_20260105_140440_086_e0ac0c6d_27ecac16,1.0,1,70913,93.7
tools,reasoning-bank,eog,calendar,3,1,2,task_20260105_163511_384_79b3b025_1ff6d0c6,1.0,1,134334,177.0
tools,reasoning-bank,eog,calendar,3,1,2,task_20260105_212045_832_e0ac0c6d_84c7f524,0.833333,0,70282,105.6
tools,reasoning-bank,eog,calendar,3,1,2,task_20260105_221239_098_e0ac0c6d_f5f338f3,1.0,1,70219,86.3
tools,reasoning-bank,eog,calendar,3,1,2,task_20260105_222434_398_79b3b025_ccd9b889,0.75,0,161231,166.0
tools,reasoning-bank,eog,calendar,3,1,2,task_20260106_103319_873_baf0b358_69ce7445,1.0,1,487127,420.8
tools,reasoning-bank,eog,calendar,3,1,2,task_20260106_114228_782_79b3b025_b556c84d,1.0,1,284012,273.4
tools,reasoning-bank,eog,calendar,3,1,2,task_20260106_152415_149_6f5b66fc_aad3df17,1.0,1,185257,246.1
tools,reasoning-bank,eog,calendar,3,1,2,task_20260106_170952_179_e0ac0c6d_791fba5e,1.0,1,70743,87.2
tools,reasoning-bank,eog,calendar,3,1,2,task_20260107_144751_333_79b3b025_92bfb77e,0.857143,0,232825,324.7
tools,reasoning-bank,eog,calendar,3,1,2,task_20260107_193032_599_e0ac0c6d_403469c5,1.0,1,71048,94.1
tools,reasoning-bank,eog,calendar,3,1,2,task_20260108_182727_772_4608325d_60b7f5d9,0.666667,0,278260,266.0
tools,reasoning-bank,eog,calendar,3,1,2,task_20260121_144251_116_38405923_9438dabd,0.0,0,316233,216.0
tools,reasoning-bank,eog,calendar,3,1,2,task_20260121_161936_323_cbcf38f8_50ccd164,0.0,0,98362,135.8
tools,reasoning-bank,eog,calendar,3,1,2,task_20260121_171247_475_cbcf38f8_c0a86487,0.5,0,188058,169.0
tools,reasoning-bank,eog,calendar,3,1,2,task_20260122_024556_370_38405923_1a174d84,0.833333,0,289726,222.4
tools,reasoning-bank,eog,calendar,3,1,3,task_20251124_112741_995_0a0bf089_3906a767,0.8,0,199963,146.1
tools,reasoning-bank,eog,calendar,3,1,3,task_20251128_220140_863_df2c536d_4aa7dcfd,0.666667,0,243764,214.4
tools,reasoning-bank,eog,calendar,3,1,3,task_20251130_105156_866_0a0bf089_eef6d2ed,0.25,0,229321,164.8
tools,reasoning-bank,eog,calendar,3,1,3,task_20251203_080219_432_6f5b66fc_03eb353c,0.6,0,223231,337.3
tools,reasoning-bank,eog,calendar,3,1,3,task_20251203_091910_549_bca89e7d_de59e44a,1.0,1,331271,582.9
tools,reasoning-bank,eog,calendar,3,1,3,task_20251203_142634_160_bca89e7d_193f597f,1.0,1,201552,340.3
tools,reasoning-bank,eog,calendar,3,1,3,task_20251203_142725_377_6f5b66fc_c990483e,0.333333,0,158897,329.6
tools,reasoning-bank,eog,calendar,3,1,3,task_20251205_032409_945_0a0bf089_61f5be29,0.0,0,43357,54.4
tools,reasoning-bank,eog,calendar,3,1,3,task_20260102_175948_337_6f5b66fc_f9bfbf1d,1.0,1,150969,173.6
tools,reasoning-bank,eog,calendar,3,1,3,task_20260104_192853_372_6f5b66fc_12ceda34,0.333333,0,98947,142.8
tools,reasoning-bank,eog,calendar,3,1,3,task_20260104_205924_379_e0ac0c6d_cec96398,0.5,0,123145,143.3
tools,reasoning-bank,eog,calendar,3,1,3,task_20260105_074654_229_bca89e7d_39d9c8ac,1.0,1,440234,537.5
tools,reasoning-bank,eog,calendar,3,1,3,task_20260105_124102_961_e0ac0c6d_0b196906,1.0,1,72462,97.0
tools,reasoning-bank,eog,calendar,3,1,3,task_20260105_140440_086_e0ac0c6d_27ecac16,1.0,1,70848,77.0
tools,reasoning-bank,eog,calendar,3,1,3,task_20260105_163511_384_79b3b025_1ff6d0c6,1.0,1,160902,207.1
tools,reasoning-bank,eog,calendar,3,1,3,task_20260105_212045_832_e0ac0c6d_84c7f524,0.833333,0,102563,111.0
tools,reasoning-bank,eog,calendar,3,1,3,task_20260105_221239_098_e0ac0c6d_f5f338f3,1.0,1,71148,77.2
tools,reasoning-bank,eog,calendar,3,1,3,task_20260105_222434_398_79b3b025_ccd9b889,0.75,0,195795,214.9
tools,reasoning-bank,eog,calendar,3,1,3,task_20260106_103319_873_baf0b358_69ce7445,1.0,1,369291,292.3
tools,reasoning-bank,eog,calendar,3,1,3,task_20260106_114228_782_79b3b025_b556c84d,1.0,1,285038,347.9
tools,reasoning-bank,eog,calendar,3,1,3,task_20260106_152415_149_6f5b66fc_aad3df17,1.0,1,191319,214.4
tools,reasoning-bank,eog,calendar,3,1,3,task_20260106_170952_179_e0ac0c6d_791fba5e,1.0,1,69673,56.1
tools,reasoning-bank,eog,calendar,3,1,3,task_20260107_144751_333_79b3b025_92bfb77e,0.857143,0,383061,501.6
tools,reasoning-bank,eog,calendar,3,1,3,task_20260107_193032_599_e0ac0c6d_403469c5,1.0,1,98909,99.1
tools,reasoning-bank,eog,calendar,3,1,3,task_20260108_182727_772_4608325d_60b7f5d9,0.666667,0,213472,252.5
tools,reasoning-bank,eog,calendar,3,1,3,task_20260121_144251_116_38405923_9438dabd,0.0,0,204002,118.9
tools,reasoning-bank,eog,calendar,3,1,3,task_20260121_161936_323_cbcf38f8_50ccd164,0.0,0,159170,221.8
tools,reasoning-bank,eog,calendar,3,1,3,task_20260121_171247_475_cbcf38f8_c0a86487,0.5,0,188108,156.0
tools,reasoning-bank,eog,calendar,3,1,3,task_20260122_024556_370_38405923_1a174d84,0.833333,0,260585,204.1
tools,reasoning-bank,eog,calendar,3,2,1,task_20251117_165528_648_bca89e7d_3e81ece9,1.0,1,249930,331.4
tools,reasoning-bank,eog,calendar,3,2,1,task_20251201_113908_295_e81f6083_e770442c,1.0,1,411265,418.3
tools,reasoning-bank,eog,calendar,3,2,1,task_20251203_184109_641_6f5b66fc_e62d330e,0.333333,0,228413,333.5
tools,reasoning-bank,eog,calendar,3,2,1,task_20251203_190727_704_e81f6083_f2fd8fe6,0.0,0,244102,449.0
tools,reasoning-bank,eog,calendar,3,2,1,task_20251203_194320_796_df2c536d_c885488e,0.75,0,246683,309.3
tools,reasoning-bank,eog,calendar,3,2,1,task_20260104_143530_440_6f5b66fc_b6b24e96,0.666667,0,317755,478.9
tools,reasoning-bank,eog,calendar,3,2,1,task_20260106_112632_846_bca89e7d_5d19e8f3,1.0,1,199390,263.0
tools,reasoning-bank,eog,calendar,3,2,1,task_20260107_093643_038_df2c536d_f90fd06e,1.0,1,202141,210.7
tools,reasoning-bank,eog,calendar,3,2,1,task_20260108_142310_191_df2c536d_c6edcf9f,0.666667,0,126989,241.9
tools,reasoning-bank,eog,calendar,3,2,1,task_20260121_214553_691_cbcf38f8_abce7315,0.666667,0,147389,202.5
tools,reasoning-bank,eog,calendar,3,2,2,task_20251117_165528_648_bca89e7d_3e81ece9,1.0,1,318164,350.5
tools,reasoning-bank,eog,calendar,3,2,2,task_20251201_113908_295_e81f6083_e770442c,1.0,1,351597,400.1
tools,reasoning-bank,eog,calendar,3,2,2,task_20251203_184109_641_6f5b66fc_e62d330e,0.333333,0,147996,239.6
tools,reasoning-bank,eog,calendar,3,2,2,task_20251203_190727_704_e81f6083_f2fd8fe6,0.4,0,233223,365.1
tools,reasoning-bank,eog,calendar,3,2,2,task_20251203_194320_796_df2c536d_c885488e,0.75,0,250245,367.8
tools,reasoning-bank,eog,calendar,3,2,2,task_20260104_143530_440_6f5b66fc_b6b24e96,0.666667,0,268005,367.5
tools,reasoning-bank,eog,calendar,3,2,2,task_20260106_112632_846_bca89e7d_5d19e8f3,1.0,1,169367,194.3
tools,reasoning-bank,eog,calendar,3,2,2,task_20260107_093643_038_df2c536d_f90fd06e,0.75,0,355388,244.2
tools,reasoning-bank,eog,calendar,3,2,2,task_20260108_142310_191_df2c536d_c6edcf9f,0.666667,0,180561,295.5
tools,reasoning-bank,eog,calendar,3,2,2,task_20260121_214553_691_cbcf38f8_abce7315,0.666667,0,182495,330.7
tools,reasoning-bank,eog,calendar,3,2,3,task_20251117_165528_648_bca89e7d_3e81ece9,1.0,1,245646,239.2
tools,reasoning-bank,eog,calendar,3,2,3,task_20251201_113908_295_e81f6083_e770442c,1.0,1,360836,446.0
tools,reasoning-bank,eog,calendar,3,2,3,task_20251203_184109_641_6f5b66fc_e62d330e,0.333333,0,198946,195.7
tools,reasoning-bank,eog,calendar,3,2,3,task_20251203_190727_704_e81f6083_f2fd8fe6,0.5,0,369393,476.2
tools,reasoning-bank,eog,calendar,3,2,3,task_20251203_194320_796_df2c536d_c885488e,0.75,0,247289,359.1
tools,reasoning-bank,eog,calendar,3,2,3,task_20260104_143530_440_6f5b66fc_b6b24e96,0.666667,0,212018,320.1
tools,reasoning-bank,eog,calendar,3,2,3,task_20260106_112632_846_bca89e7d_5d19e8f3,1.0,1,217837,212.0
tools,reasoning-bank,eog,calendar,3,2,3,task_20260107_093643_038_df2c536d_f90fd06e,0.75,0,221635,218.9
tools,reasoning-bank,eog,calendar,3,2,3,task_20260108_142310_191_df2c536d_c6edcf9f,0.666667,0,202352,295.9
tools,reasoning-bank,eog,calendar,3,2,3,task_20260121_214553_691_cbcf38f8_abce7315,0.666667,0,255107,337.8
tools,reasoning-bank,eog,calendar,3,3,1,task_20251202_121726_036_e81f6083_cc1636ad,0.916667,0,337156,463.8
tools,reasoning-bank,eog,calendar,3,3,1,task_20251203_133512_548_e81f6083_738dfe0c,1.0,1,204840,362.0
tools,reasoning-bank,eog,calendar,3,3,1,task_20260106_143218_938_79b3b025_ce953a94,0.285714,0,228014,390.9
tools,reasoning-bank,eog,calendar,3,3,1,task_20260106_153404_124_79b3b025_914e7207,0.857143,0,211800,361.4
tools,reasoning-bank,eog,calendar,3,3,2,task_20251202_121726_036_e81f6083_cc1636ad,0.916667,0,281055,405.8
tools,reasoning-bank,eog,calendar,3,3,2,task_20251203_133512_548_e81f6083_738dfe0c,1.0,1,211504,308.1
tools,reasoning-bank,eog,calendar,3,3,2,task_20260106_143218_938_79b3b025_ce953a94,0.285714,0,225308,319.2
tools,reasoning-bank,eog,calendar,3,3,2,task_20260106_153404_124_79b3b025_914e7207,1.0,1,267329,408.7
tools,reasoning-bank,eog,calendar,3,3,3,task_20251202_121726_036_e81f6083_cc1636ad,0.916667,0,275759,297.9
tools,reasoning-bank,eog,calendar,3,3,3,task_20251203_133512_548_e81f6083_738dfe0c,1.0,1,207701,288.6
tools,reasoning-bank,eog,calendar,3,3,3,task_20260106_143218_938_79b3b025_ce953a94,0.285714,0,232867,322.4
tools,reasoning-bank,eog,calendar,3,3,3,task_20260106_153404_124_79b3b025_914e7207,0.857143,0,175177,279.4
tools,reasoning-bank,eog,csm,1,1,1,task_20251127_070938_325_b393a327_a40b1f4e,0.0,0,111255,190.4
tools,reasoning-bank,eog,csm,1,1,1,task_20251204_231522_245_e6427839_5d09c3c2,1.0,1,81989,103.4
tools,reasoning-bank,eog,csm,1,1,1,task_20251205_194841_224_391f1eff_136bedae,0.0,0,30057,62.0
tools,reasoning-bank,eog,csm,1,1,1,task_20251208_035402_755_ad5a67e3_8ca9a646,0.0,0,119134,157.1
tools,reasoning-bank,eog,csm,1,1,1,task_20251210_145940_356_accab84d_c16e9916,0.2,0,165808,270.6
tools,reasoning-bank,eog,csm,1,1,1,task_20251210_161511_924_2aa6b0ad_1446c2b4,0.666667,0,80460,102.6
tools,reasoning-bank,eog,csm,1,1,1,task_20251211_192109_853_99ba2325_b21298a0,0.6,0,94599,122.9
tools,reasoning-bank,eog,csm,1,1,1,task_20260102_155148_014_accab84d_910b176a,0.5,0,65295,95.4
tools,reasoning-bank,eog,csm,1,1,1,task_20260102_162857_012_391f1eff_39478d55,1.0,1,82414,126.9
tools,reasoning-bank,eog,csm,1,1,1,task_20260106_134616_649_e6427839_7dba5a00,0.5,0,87201,141.0
tools,reasoning-bank,eog,csm,1,1,1,task_20260106_155841_121_e6427839_fa425cbe,0.5,0,104451,153.0
tools,reasoning-bank,eog,csm,1,1,1,task_20260106_185201_238_00364ece_8ab4fd80,0.333333,0,133929,195.3
tools,reasoning-bank,eog,csm,1,1,1,task_20260107_162554_472_accab84d_41d2e871,0.0,0,11307,33.9
tools,reasoning-bank,eog,csm,1,1,2,task_20251127_070938_325_b393a327_a40b1f4e,0.0,0,76865,117.2
tools,reasoning-bank,eog,csm,1,1,2,task_20251204_231522_245_e6427839_5d09c3c2,1.0,1,64433,78.3
tools,reasoning-bank,eog,csm,1,1,2,task_20251205_194841_224_391f1eff_136bedae,0.0,0,9965,17.5
tools,reasoning-bank,eog,csm,1,1,2,task_20251208_035402_755_ad5a67e3_8ca9a646,0.0,0,96562,137.6
tools,reasoning-bank,eog,csm,1,1,2,task_20251210_145940_356_accab84d_c16e9916,0.6,0,197967,200.3
tools,reasoning-bank,eog,csm,1,1,2,task_20251210_161511_924_2aa6b0ad_1446c2b4,0.666667,0,79554,69.2
tools,reasoning-bank,eog,csm,1,1,2,task_20251211_192109_853_99ba2325_b21298a0,0.6,0,74710,87.8
tools,reasoning-bank,eog,csm,1,1,2,task_20260102_155148_014_accab84d_910b176a,0.5,0,42308,58.3
tools,reasoning-bank,eog,csm,1,1,2,task_20260102_162857_012_391f1eff_39478d55,1.0,1,63783,92.5
tools,reasoning-bank,eog,csm,1,1,2,task_20260106_134616_649_e6427839_7dba5a00,0.5,0,91385,115.4
tools,reasoning-bank,eog,csm,1,1,2,task_20260106_155841_121_e6427839_fa425cbe,1.0,1,99176,110.9
tools,reasoning-bank,eog,csm,1,1,2,task_20260106_185201_238_00364ece_8ab4fd80,0.333333,0,178121,170.3
tools,reasoning-bank,eog,csm,1,1,2,task_20260107_162554_472_accab84d_41d2e871,0.0,0,207594,175.3
tools,reasoning-bank,eog,csm,1,1,3,task_20251127_070938_325_b393a327_a40b1f4e,0.0,0,75980,139.0
tools,reasoning-bank,eog,csm,1,1,3,task_20251204_231522_245_e6427839_5d09c3c2,1.0,1,75896,102.4
tools,reasoning-bank,eog,csm,1,1,3,task_20251205_194841_224_391f1eff_136bedae,0.0,0,10155,21.6
tools,reasoning-bank,eog,csm,1,1,3,task_20251208_035402_755_ad5a67e3_8ca9a646,0.0,0,94639,128.0
tools,reasoning-bank,eog,csm,1,1,3,task_20251210_145940_356_accab84d_c16e9916,0.6,0,204159,240.4
tools,reasoning-bank,eog,csm,1,1,3,task_20251210_161511_924_2aa6b0ad_1446c2b4,0.666667,0,80100,78.7
tools,reasoning-bank,eog,csm,1,1,3,task_20251211_192109_853_99ba2325_b21298a0,0.6,0,97584,165.2
tools,reasoning-bank,eog,csm,1,1,3,task_20260102_155148_014_accab84d_910b176a,0.5,0,64023,87.2
tools,reasoning-bank,eog,csm,1,1,3,task_20260102_162857_012_391f1eff_39478d55,0.0,0,104509,114.2
tools,reasoning-bank,eog,csm,1,1,3,task_20260106_134616_649_e6427839_7dba5a00,0.5,0,92408,148.2
tools,reasoning-bank,eog,csm,1,1,3,task_20260106_155841_121_e6427839_fa425cbe,1.0,1,114840,125.9
tools,reasoning-bank,eog,csm,1,1,3,task_20260106_185201_238_00364ece_8ab4fd80,0.333333,0,141383,167.3
tools,reasoning-bank,eog,csm,1,1,3,task_20260107_162554_472_accab84d_41d2e871,0.0,0,145474,169.4
tools,reasoning-bank,eog,csm,2,1,1,task_20251127_070938_325_b393a327_a40b1f4e,0.0,0,215720,135.6
tools,reasoning-bank,eog,csm,2,1,1,task_20251204_231522_245_e6427839_5d09c3c2,1.0,1,121503,113.9
tools,reasoning-bank,eog,csm,2,1,1,task_20251205_194841_224_391f1eff_136bedae,0.0,0,14452,22.3
tools,reasoning-bank,eog,csm,2,1,1,task_20251208_035402_755_ad5a67e3_8ca9a646,0.0,0,96060,73.6
tools,reasoning-bank,eog,csm,2,1,1,task_20251210_145940_356_accab84d_c16e9916,0.2,0,243008,327.3
tools,reasoning-bank,eog,csm,2,1,1,task_20251210_161511_924_2aa6b0ad_1446c2b4,0.666667,0,157685,90.9
tools,reasoning-bank,eog,csm,2,1,1,task_20251211_192109_853_99ba2325_b21298a0,0.4,0,136976,127.6
tools,reasoning-bank,eog,csm,2,1,1,task_20260102_155148_014_accab84d_910b176a,0.5,0,91162,87.6
tools,reasoning-bank,eog,csm,2,1,1,task_20260102_162857_012_391f1eff_39478d55,0.0,0,108014,104.8
tools,reasoning-bank,eog,csm,2,1,1,task_20260106_134616_649_e6427839_7dba5a00,0.5,0,141373,130.9
tools,reasoning-bank,eog,csm,2,1,1,task_20260106_155841_121_e6427839_fa425cbe,0.5,0,189616,142.7
tools,reasoning-bank,eog,csm,2,1,1,task_20260106_185201_238_00364ece_8ab4fd80,0.666667,0,232897,182.2
tools,reasoning-bank,eog,csm,2,1,1,task_20260107_162554_472_accab84d_41d2e871,0.0,0,248753,134.1
tools,reasoning-bank,eog,csm,2,1,2,task_20251127_070938_325_b393a327_a40b1f4e,0.0,0,92182,122.4
tools,reasoning-bank,eog,csm,2,1,2,task_20251204_231522_245_e6427839_5d09c3c2,1.0,1,119589,100.5
tools,reasoning-bank,eog,csm,2,1,2,task_20251205_194841_224_391f1eff_136bedae,0.0,0,14443,20.1
tools,reasoning-bank,eog,csm,2,1,2,task_20251208_035402_755_ad5a67e3_8ca9a646,0.0,0,131689,130.4
tools,reasoning-bank,eog,csm,2,1,2,task_20251210_145940_356_accab84d_c16e9916,0.6,0,340760,273.3
tools,reasoning-bank,eog,csm,2,1,2,task_20251210_161511_924_2aa6b0ad_1446c2b4,0.666667,0,156046,50.1
tools,reasoning-bank,eog,csm,2,1,2,task_20251211_192109_853_99ba2325_b21298a0,0.4,0,151805,130.9
tools,reasoning-bank,eog,csm,2,1,2,task_20260102_155148_014_accab84d_910b176a,0.5,0,91910,106.2
tools,reasoning-bank,eog,csm,2,1,2,task_20260102_162857_012_391f1eff_39478d55,1.0,1,137219,141.6
tools,reasoning-bank,eog,csm,2,1,2,task_20260106_134616_649_e6427839_7dba5a00,0.5,0,104965,77.5
tools,reasoning-bank,eog,csm,2,1,2,task_20260106_155841_121_e6427839_fa425cbe,0.5,0,193756,165.7
tools,reasoning-bank,eog,csm,2,1,2,task_20260106_185201_238_00364ece_8ab4fd80,0.333333,0,195140,146.9
tools,reasoning-bank,eog,csm,2,1,2,task_20260107_162554_472_accab84d_41d2e871,0.0,0,406436,172.9
tools,reasoning-bank,eog,csm,2,1,3,task_20251127_070938_325_b393a327_a40b1f4e,0.0,0,108460,111.7
tools,reasoning-bank,eog,csm,2,1,3,task_20251204_231522_245_e6427839_5d09c3c2,1.0,1,118497,91.5
tools,reasoning-bank,eog,csm,2,1,3,task_20251205_194841_224_391f1eff_136bedae,0.0,0,30182,36.8
tools,reasoning-bank,eog,csm,2,1,3,task_20251208_035402_755_ad5a67e3_8ca9a646,0.0,0,162219,154.4
tools,reasoning-bank,eog,csm,2,1,3,task_20251210_145940_356_accab84d_c16e9916,0.2,0,357047,287.9
tools,reasoning-bank,eog,csm,2,1,3,task_20251210_161511_924_2aa6b0ad_1446c2b4,0.666667,0,129731,57.9
tools,reasoning-bank,eog,csm,2,1,3,task_20251211_192109_853_99ba2325_b21298a0,0.4,0,105493,88.4
tools,reasoning-bank,eog,csm,2,1,3,task_20260102_155148_014_accab84d_910b176a,0.5,0,91748,70.3
tools,reasoning-bank,eog,csm,2,1,3,task_20260102_162857_012_391f1eff_39478d55,0.5,0,124872,125.2
tools,reasoning-bank,eog,csm,2,1,3,task_20260106_134616_649_e6427839_7dba5a00,0.5,0,123008,115.5
tools,reasoning-bank,eog,csm,2,1,3,task_20260106_155841_121_e6427839_fa425cbe,0.5,0,164333,125.1
tools,reasoning-bank,eog,csm,2,1,3,task_20260106_185201_238_00364ece_8ab4fd80,0.333333,0,235530,157.6
tools,reasoning-bank,eog,csm,2,1,3,task_20260107_162554_472_accab84d_41d2e871,0.0,0,329252,221.0
tools,reasoning-bank,eog,csm,2,2,1,task_20251128_072831_616_6cd2e092_426f7c81,0.75,0,470909,302.7
tools,reasoning-bank,eog,csm,2,2,1,task_20251203_194626_202_391f1eff_1336fae8,0.0,0,135358,131.4
tools,reasoning-bank,eog,csm,2,2,1,task_20251206_091748_833_a8eea1c0_7775ff15,1.0,1,198293,156.7
tools,reasoning-bank,eog,csm,2,2,1,task_20251206_113950_467_6cd2e092_1a268d87,0.5,0,130717,122.5
tools,reasoning-bank,eog,csm,2,2,1,task_20251206_114027_879_5c0cd3a2_904991cc,0.5,0,56284,31.0
tools,reasoning-bank,eog,csm,2,2,1,task_20251206_130444_802_6cd2e092_8979087f,0.75,0,571925,340.2
tools,reasoning-bank,eog,csm,2,2,1,task_20251212_222304_435_66392a82_815cd745,0.8,0,282339,200.5
tools,reasoning-bank,eog,csm,2,2,1,task_20251231_152332_133_ad5a67e3_2a4e226c,1.0,1,102327,82.7
tools,reasoning-bank,eog,csm,2,2,1,task_20251231_164213_376_00364ece_724e98d5,1.0,1,248838,202.9
tools,reasoning-bank,eog,csm,2,2,1,task_20260101_111750_695_30600918_80637585,0.0,0,97757,155.4
tools,reasoning-bank,eog,csm,2,2,1,task_20260105_191634_257_2aa6b0ad_ea0bbd82,1.0,1,229523,139.5
tools,reasoning-bank,eog,csm,2,2,1,task_20260105_221816_258_00364ece_50f56980,1.0,1,225705,203.7
tools,reasoning-bank,eog,csm,2,2,1,task_20260106_090444_873_99ba2325_980a3405,0.5,0,161543,216.2
tools,reasoning-bank,eog,csm,2,2,1,task_20260106_161859_265_00364ece_0e836ce8,0.25,0,252656,221.5
tools,reasoning-bank,eog,csm,2,2,2,task_20251128_072831_616_6cd2e092_426f7c81,0.75,0,272222,215.8
tools,reasoning-bank,eog,csm,2,2,2,task_20251203_194626_202_391f1eff_1336fae8,0.0,0,104200,95.9
tools,reasoning-bank,eog,csm,2,2,2,task_20251206_091748_833_a8eea1c0_7775ff15,1.0,1,196250,143.8
tools,reasoning-bank,eog,csm,2,2,2,task_20251206_113950_467_6cd2e092_1a268d87,0.5,0,304719,270.2
tools,reasoning-bank,eog,csm,2,2,2,task_20251206_114027_879_5c0cd3a2_904991cc,0.5,0,56990,34.9
tools,reasoning-bank,eog,csm,2,2,2,task_20251206_130444_802_6cd2e092_8979087f,0.75,0,308627,320.2
tools,reasoning-bank,eog,csm,2,2,2,task_20251212_222304_435_66392a82_815cd745,0.6,0,301125,234.3
tools,reasoning-bank,eog,csm,2,2,2,task_20251231_152332_133_ad5a67e3_2a4e226c,1.0,1,100733,65.1
tools,reasoning-bank,eog,csm,2,2,2,task_20251231_164213_376_00364ece_724e98d5,1.0,1,154634,150.9
tools,reasoning-bank,eog,csm,2,2,2,task_20260101_111750_695_30600918_80637585,0.25,0,144640,162.5
tools,reasoning-bank,eog,csm,2,2,2,task_20260105_191634_257_2aa6b0ad_ea0bbd82,1.0,1,160571,146.9
tools,reasoning-bank,eog,csm,2,2,2,task_20260105_221816_258_00364ece_50f56980,1.0,1,179541,181.5
tools,reasoning-bank,eog,csm,2,2,2,task_20260106_090444_873_99ba2325_980a3405,0.5,0,192434,343.8
tools,reasoning-bank,eog,csm,2,2,2,task_20260106_161859_265_00364ece_0e836ce8,0.25,0,165506,157.7
tools,reasoning-bank,eog,csm,2,2,3,task_20251128_072831_616_6cd2e092_426f7c81,0.75,0,477492,334.1
tools,reasoning-bank,eog,csm,2,2,3,task_20251203_194626_202_391f1eff_1336fae8,0.333333,0,75582,72.2
tools,reasoning-bank,eog,csm,2,2,3,task_20251206_091748_833_a8eea1c0_7775ff15,1.0,1,139400,116.5
tools,reasoning-bank,eog,csm,2,2,3,task_20251206_113950_467_6cd2e092_1a268d87,0.5,0,188054,159.1
tools,reasoning-bank,eog,csm,2,2,3,task_20251206_114027_879_5c0cd3a2_904991cc,0.5,0,70877,46.2
tools,reasoning-bank,eog,csm,2,2,3,task_20251206_130444_802_6cd2e092_8979087f,1.0,1,423357,439.6
tools,reasoning-bank,eog,csm,2,2,3,task_20251212_222304_435_66392a82_815cd745,1.0,1,232672,177.7
tools,reasoning-bank,eog,csm,2,2,3,task_20251231_152332_133_ad5a67e3_2a4e226c,0.5,0,131886,112.8
tools,reasoning-bank,eog,csm,2,2,3,task_20251231_164213_376_00364ece_724e98d5,0.8,0,221180,220.0
tools,reasoning-bank,eog,csm,2,2,3,task_20260101_111750_695_30600918_80637585,0.0,0,151654,268.8
tools,reasoning-bank,eog,csm,2,2,3,task_20260105_191634_257_2aa6b0ad_ea0bbd82,1.0,1,219446,175.3
tools,reasoning-bank,eog,csm,2,2,3,task_20260105_221816_258_00364ece_50f56980,0.75,0,582849,449.5
tools,reasoning-bank,eog,csm,2,2,3,task_20260106_090444_873_99ba2325_980a3405,1.0,1,148132,196.3
tools,reasoning-bank,eog,csm,2,2,3,task_20260106_161859_265_00364ece_0e836ce8,0.25,0,283316,288.0
tools,reasoning-bank,eog,csm,3,1,1,task_20251127_070938_325_b393a327_a40b1f4e,0.0,0,142746,102.3
tools,reasoning-bank,eog,csm,3,1,1,task_20251204_231522_245_e6427839_5d09c3c2,1.0,1,159099,85.1
tools,reasoning-bank,eog,csm,3,1,1,task_20251205_194841_224_391f1eff_136bedae,0.0,0,80194,77.5
tools,reasoning-bank,eog,csm,3,1,1,task_20251208_035402_755_ad5a67e3_8ca9a646,0.0,0,207222,158.0
tools,reasoning-bank,eog,csm,3,1,1,task_20251210_145940_356_accab84d_c16e9916,0.4,0,458266,314.1
tools,reasoning-bank,eog,csm,3,1,1,task_20251210_161511_924_2aa6b0ad_1446c2b4,0.666667,0,157700,73.6
tools,reasoning-bank,eog,csm,3,1,1,task_20251211_192109_853_99ba2325_b21298a0,0.6,0,206616,172.0
tools,reasoning-bank,eog,csm,3,1,1,task_20260102_155148_014_accab84d_910b176a,0.5,0,123086,97.9
tools,reasoning-bank,eog,csm,3,1,1,task_20260102_162857_012_391f1eff_39478d55,1.0,1,143385,97.8
tools,reasoning-bank,eog,csm,3,1,1,task_20260106_134616_649_e6427839_7dba5a00,0.5,0,126311,106.3
tools,reasoning-bank,eog,csm,3,1,1,task_20260106_155841_121_e6427839_fa425cbe,0.5,0,235797,166.2
tools,reasoning-bank,eog,csm,3,1,1,task_20260106_185201_238_00364ece_8ab4fd80,0.333333,0,254895,186.3
tools,reasoning-bank,eog,csm,3,1,1,task_20260107_162554_472_accab84d_41d2e871,0.0,0,542214,208.1
tools,reasoning-bank,eog,csm,3,1,2,task_20251127_070938_325_b393a327_a40b1f4e,0.0,0,123718,83.3
tools,reasoning-bank,eog,csm,3,1,2,task_20251204_231522_245_e6427839_5d09c3c2,0.5,0,154450,80.8
tools,reasoning-bank,eog,csm,3,1,2,task_20251205_194841_224_391f1eff_136bedae,0.0,0,20234,25.6
tools,reasoning-bank,eog,csm,3,1,2,task_20251208_035402_755_ad5a67e3_8ca9a646,0.0,0,144642,111.7
tools,reasoning-bank,eog,csm,3,1,2,task_20251210_145940_356_accab84d_c16e9916,0.2,0,250737,218.8
tools,reasoning-bank,eog,csm,3,1,2,task_20251210_161511_924_2aa6b0ad_1446c2b4,1.0,1,177550,82.4
tools,reasoning-bank,eog,csm,3,1,2,task_20251211_192109_853_99ba2325_b21298a0,0.6,0,204012,118.8
tools,reasoning-bank,eog,csm,3,1,2,task_20260102_155148_014_accab84d_910b176a,0.5,0,122451,80.5
tools,reasoning-bank,eog,csm,3,1,2,task_20260102_162857_012_391f1eff_39478d55,0.0,0,166726,141.1
tools,reasoning-bank,eog,csm,3,1,2,task_20260106_134616_649_e6427839_7dba5a00,0.5,0,143275,94.8
tools,reasoning-bank,eog,csm,3,1,2,task_20260106_155841_121_e6427839_fa425cbe,0.0,0,295054,243.7
tools,reasoning-bank,eog,csm,3,1,2,task_20260106_185201_238_00364ece_8ab4fd80,0.666667,0,330460,169.9
tools,reasoning-bank,eog,csm,3,1,2,task_20260107_162554_472_accab84d_41d2e871,0.0,0,536489,163.1
tools,reasoning-bank,eog,csm,3,1,3,task_20251127_070938_325_b393a327_a40b1f4e,0.0,0,121445,82.9
tools,reasoning-bank,eog,csm,3,1,3,task_20251204_231522_245_e6427839_5d09c3c2,1.0,1,181165,120.3
tools,reasoning-bank,eog,csm,3,1,3,task_20251205_194841_224_391f1eff_136bedae,0.0,0,38996,27.8
tools,reasoning-bank,eog,csm,3,1,3,task_20251208_035402_755_ad5a67e3_8ca9a646,0.0,0,209522,151.7
tools,reasoning-bank,eog,csm,3,1,3,task_20251210_145940_356_accab84d_c16e9916,0.6,0,428139,291.5
tools,reasoning-bank,eog,csm,3,1,3,task_20251210_161511_924_2aa6b0ad_1446c2b4,0.666667,0,215323,83.9
tools,reasoning-bank,eog,csm,3,1,3,task_20251211_192109_853_99ba2325_b21298a0,0.6,0,182474,138.5
tools,reasoning-bank,eog,csm,3,1,3,task_20260102_155148_014_accab84d_910b176a,0.5,0,123256,83.7
tools,reasoning-bank,eog,csm,3,1,3,task_20260102_162857_012_391f1eff_39478d55,0.5,0,163069,142.8
tools,reasoning-bank,eog,csm,3,1,3,task_20260106_134616_649_e6427839_7dba5a00,0.5,0,290641,186.1
tools,reasoning-bank,eog,csm,3,1,3,task_20260106_155841_121_e6427839_fa425cbe,0.5,0,183086,141.5
tools,reasoning-bank,eog,csm,3,1,3,task_20260106_185201_238_00364ece_8ab4fd80,0.333333,0,250002,127.0
tools,reasoning-bank,eog,csm,3,1,3,task_20260107_162554_472_accab84d_41d2e871,0.0,0,265112,175.4
tools,reasoning-bank,eog,csm,3,2,1,task_20251128_072831_616_6cd2e092_426f7c81,0.75,0,420978,405.6
tools,reasoning-bank,eog,csm,3,2,1,task_20251203_194626_202_391f1eff_1336fae8,0.666667,0,145675,124.9
tools,reasoning-bank,eog,csm,3,2,1,task_20251206_091748_833_a8eea1c0_7775ff15,1.0,1,229967,162.7
tools,reasoning-bank,eog,csm,3,2,1,task_20251206_113950_467_6cd2e092_1a268d87,0.5,0,124714,97.0
tools,reasoning-bank,eog,csm,3,2,1,task_20251206_114027_879_5c0cd3a2_904991cc,0.5,0,77836,31.9
tools,reasoning-bank,eog,csm,3,2,1,task_20251206_130444_802_6cd2e092_8979087f,0.75,0,484022,429.4
tools,reasoning-bank,eog,csm,3,2,1,task_20251212_222304_435_66392a82_815cd745,1.0,1,409881,140.2
tools,reasoning-bank,eog,csm,3,2,1,task_20251231_152332_133_ad5a67e3_2a4e226c,0.5,0,138962,79.7
tools,reasoning-bank,eog,csm,3,2,1,task_20251231_164213_376_00364ece_724e98d5,0.8,0,357993,206.3
tools,reasoning-bank,eog,csm,3,2,1,task_20260101_111750_695_30600918_80637585,0.25,0,213451,195.0
tools,reasoning-bank,eog,csm,3,2,1,task_20260105_191634_257_2aa6b0ad_ea0bbd82,1.0,1,246759,133.4
tools,reasoning-bank,eog,csm,3,2,1,task_20260105_221816_258_00364ece_50f56980,1.0,1,257533,175.8
tools,reasoning-bank,eog,csm,3,2,1,task_20260106_090444_873_99ba2325_980a3405,1.0,1,276943,240.1
tools,reasoning-bank,eog,csm,3,2,1,task_20260106_161859_265_00364ece_0e836ce8,0.25,0,281760,186.8
tools,reasoning-bank,eog,csm,3,2,2,task_20251128_072831_616_6cd2e092_426f7c81,0.75,0,481666,352.9
tools,reasoning-bank,eog,csm,3,2,2,task_20251203_194626_202_391f1eff_1336fae8,0.666667,0,167944,116.5
tools,reasoning-bank,eog,csm,3,2,2,task_20251206_091748_833_a8eea1c0_7775ff15,1.0,1,229620,161.7
tools,reasoning-bank,eog,csm,3,2,2,task_20251206_113950_467_6cd2e092_1a268d87,0.5,0,123509,72.7
tools,reasoning-bank,eog,csm,3,2,2,task_20251206_114027_879_5c0cd3a2_904991cc,0.5,0,76597,21.0
tools,reasoning-bank,eog,csm,3,2,2,task_20251206_130444_802_6cd2e092_8979087f,0.75,0,449895,254.6
tools,reasoning-bank,eog,csm,3,2,2,task_20251212_222304_435_66392a82_815cd745,1.0,1,435049,155.6
tools,reasoning-bank,eog,csm,3,2,2,task_20251231_152332_133_ad5a67e3_2a4e226c,0.5,0,138492,69.3
tools,reasoning-bank,eog,csm,3,2,2,task_20251231_164213_376_00364ece_724e98d5,1.0,1,245529,134.3
tools,reasoning-bank,eog,csm,3,2,2,task_20260101_111750_695_30600918_80637585,0.25,0,257775,219.0
tools,reasoning-bank,eog,csm,3,2,2,task_20260105_191634_257_2aa6b0ad_ea0bbd82,0.666667,0,207193,94.6
tools,reasoning-bank,eog,csm,3,2,2,task_20260105_221816_258_00364ece_50f56980,1.0,1,277420,170.8
tools,reasoning-bank,eog,csm,3,2,2,task_20260106_090444_873_99ba2325_980a3405,0.5,0,170929,122.7
tools,reasoning-bank,eog,csm,3,2,2,task_20260106_161859_265_00364ece_0e836ce8,0.25,0,199780,197.5
tools,reasoning-bank,eog,csm,3,2,3,task_20251128_072831_616_6cd2e092_426f7c81,0.75,0,516020,333.2
tools,reasoning-bank,eog,csm,3,2,3,task_20251203_194626_202_391f1eff_1336fae8,0.333333,0,143895,104.2
tools,reasoning-bank,eog,csm,3,2,3,task_20251206_091748_833_a8eea1c0_7775ff15,1.0,1,143096,87.5
tools,reasoning-bank,eog,csm,3,2,3,task_20251206_113950_467_6cd2e092_1a268d87,0.5,0,228558,153.8
tools,reasoning-bank,eog,csm,3,2,3,task_20251206_114027_879_5c0cd3a2_904991cc,0.5,0,97349,45.7
tools,reasoning-bank,eog,csm,3,2,3,task_20251206_130444_802_6cd2e092_8979087f,0.75,0,562237,347.0
tools,reasoning-bank,eog,csm,3,2,3,task_20251212_222304_435_66392a82_815cd745,0.8,0,401858,232.9
tools,reasoning-bank,eog,csm,3,2,3,task_20251231_152332_133_ad5a67e3_2a4e226c,0.5,0,139674,72.0
tools,reasoning-bank,eog,csm,3,2,3,task_20251231_164213_376_00364ece_724e98d5,1.0,1,189484,165.7
tools,reasoning-bank,eog,csm,3,2,3,task_20260101_111750_695_30600918_80637585,0.0,0,150459,173.4
tools,reasoning-bank,eog,csm,3,2,3,task_20260105_191634_257_2aa6b0ad_ea0bbd82,1.0,1,269333,149.0
tools,reasoning-bank,eog,csm,3,2,3,task_20260105_221816_258_00364ece_50f56980,0.0,0,179026,130.5
tools,reasoning-bank,eog,csm,3,2,3,task_20260106_090444_873_99ba2325_980a3405,0.5,0,152729,144.8
tools,reasoning-bank,eog,csm,3,2,3,task_20260106_161859_265_00364ece_0e836ce8,0.25,0,331930,328.5
tools,reasoning-bank,eog,csm,3,3,1,task_20251203_051113_560_99ba2325_1ff9b6e5,1.0,1,190720,162.6
tools,reasoning-bank,eog,csm,3,3,1,task_20251205_060649_946_66392a82_354af85a,1.0,1,207750,152.3
tools,reasoning-bank,eog,csm,3,3,1,task_20251205_072016_336_46ca2862_e9006fbb,1.0,1,242937,110.2
tools,reasoning-bank,eog,csm,3,3,1,task_20251205_075543_102_46ca2862_7ba653d0,0.8,0,354861,208.1
tools,reasoning-bank,eog,csm,3,3,1,task_20251210_183114_382_99ba2325_071a72ab,0.5,0,211278,198.9
tools,reasoning-bank,eog,csm,3,3,1,task_20251211_021838_048_accab84d_a511ee6e,0.666667,0,161021,100.0
tools,reasoning-bank,eog,csm,3,3,1,task_20260101_191529_659_a8eea1c0_27d3bf1b,0.833333,0,284441,188.8
tools,reasoning-bank,eog,csm,3,3,1,task_20260101_233731_695_00364ece_187f2808,1.0,1,313658,177.6
tools,reasoning-bank,eog,csm,3,3,1,task_20260102_031908_712_accab84d_886a7365,0.777778,0,381829,295.5
tools,reasoning-bank,eog,csm,3,3,1,task_20260102_100510_709_66392a82_3d301c18,1.0,1,179762,67.4
tools,reasoning-bank,eog,csm,3,3,1,task_20260102_165223_158_99ba2325_67a4a1e9,0.5,0,168106,140.6
tools,reasoning-bank,eog,csm,3,3,1,task_20260102_172945_725_ad5a67e3_5480e26f,0.6,0,342608,214.1
tools,reasoning-bank,eog,csm,3,3,1,task_20260102_210829_972_2aa6b0ad_e3d70e04,1.0,1,437742,220.5
tools,reasoning-bank,eog,csm,3,3,1,task_20260106_145907_700_a8eea1c0_f5bae698,0.857143,0,443314,311.3
tools,reasoning-bank,eog,csm,3,3,1,task_20260106_151754_319_d4a463c3_41f0af13,1.0,1,478840,180.2
tools,reasoning-bank,eog,csm,3,3,1,task_20260106_161324_272_c4ad7a70_4b3980fc,0.75,0,267018,200.5
tools,reasoning-bank,eog,csm,3,3,1,task_20260108_160928_699_391f1eff_905701cb,0.0,0,141711,94.4
tools,reasoning-bank,eog,csm,3,3,1,task_20260121_162252_344_1afb323a_f878fac7,1.0,1,214675,191.1
tools,reasoning-bank,eog,csm,3,3,1,task_20260121_163208_054_1afb323a_7f40ee66,0.0,0,146162,134.9
tools,reasoning-bank,eog,csm,3,3,1,task_20260121_183027_058_1afb323a_c53cb400,0.8,0,248714,114.3
tools,reasoning-bank,eog,csm,3,3,2,task_20251203_051113_560_99ba2325_1ff9b6e5,1.0,1,191671,165.4
tools,reasoning-bank,eog,csm,3,3,2,task_20251205_060649_946_66392a82_354af85a,0.5,0,186587,117.6
tools,reasoning-bank,eog,csm,3,3,2,task_20251205_072016_336_46ca2862_e9006fbb,1.0,1,310848,108.2
tools,reasoning-bank,eog,csm,3,3,2,task_20251205_075543_102_46ca2862_7ba653d0,0.8,0,310880,172.3
tools,reasoning-bank,eog,csm,3,3,2,task_20251210_183114_382_99ba2325_071a72ab,0.5,0,175034,165.2
tools,reasoning-bank,eog,csm,3,3,2,task_20251211_021838_048_accab84d_a511ee6e,0.666667,0,203611,105.9
tools,reasoning-bank,eog,csm,3,3,2,task_20260101_191529_659_a8eea1c0_27d3bf1b,0.833333,0,318295,215.3
tools,reasoning-bank,eog,csm,3,3,2,task_20260101_233731_695_00364ece_187f2808,1.0,1,444861,199.3
tools,reasoning-bank,eog,csm,3,3,2,task_20260102_031908_712_accab84d_886a7365,0.777778,0,475197,297.2
tools,reasoning-bank,eog,csm,3,3,2,task_20260102_100510_709_66392a82_3d301c18,1.0,1,160901,60.6
tools,reasoning-bank,eog,csm,3,3,2,task_20260102_165223_158_99ba2325_67a4a1e9,0.0,0,22228,34.9
tools,reasoning-bank,eog,csm,3,3,2,task_20260102_172945_725_ad5a67e3_5480e26f,0.6,0,289771,212.8
tools,reasoning-bank,eog,csm,3,3,2,task_20260102_210829_972_2aa6b0ad_e3d70e04,1.0,1,521986,208.4
tools,reasoning-bank,eog,csm,3,3,2,task_20260106_145907_700_a8eea1c0_f5bae698,0.857143,0,498178,396.9
tools,reasoning-bank,eog,csm,3,3,2,task_20260106_151754_319_d4a463c3_41f0af13,1.0,1,472591,187.5
tools,reasoning-bank,eog,csm,3,3,2,task_20260106_161324_272_c4ad7a70_4b3980fc,0.75,0,195704,135.9
tools,reasoning-bank,eog,csm,3,3,2,task_20260108_160928_699_391f1eff_905701cb,0.0,0,162605,98.7
tools,reasoning-bank,eog,csm,3,3,2,task_20260121_162252_344_1afb323a_f878fac7,1.0,1,271128,201.9
tools,reasoning-bank,eog,csm,3,3,2,task_20260121_163208_054_1afb323a_7f40ee66,0.0,0,167381,140.0
tools,reasoning-bank,eog,csm,3,3,2,task_20260121_183027_058_1afb323a_c53cb400,0.8,0,292337,135.7
tools,reasoning-bank,eog,csm,3,3,3,task_20251203_051113_560_99ba2325_1ff9b6e5,1.0,1,211310,198.7
tools,reasoning-bank,eog,csm,3,3,3,task_20251205_060649_946_66392a82_354af85a,0.666667,0,238335,131.1
tools,reasoning-bank,eog,csm,3,3,3,task_20251205_072016_336_46ca2862_e9006fbb,1.0,1,262200,122.6
tools,reasoning-bank,eog,csm,3,3,3,task_20251205_075543_102_46ca2862_7ba653d0,0.6,0,245344,173.3
tools,reasoning-bank,eog,csm,3,3,3,task_20251210_183114_382_99ba2325_071a72ab,0.5,0,148004,172.4
tools,reasoning-bank,eog,csm,3,3,3,task_20251211_021838_048_accab84d_a511ee6e,0.666667,0,284485,197.6
tools,reasoning-bank,eog,csm,3,3,3,task_20260101_191529_659_a8eea1c0_27d3bf1b,0.833333,0,307019,193.3
tools,reasoning-bank,eog,csm,3,3,3,task_20260101_233731_695_00364ece_187f2808,1.0,1,374990,221.9
tools,reasoning-bank,eog,csm,3,3,3,task_20260102_031908_712_accab84d_886a7365,0.777778,0,391401,351.7
tools,reasoning-bank,eog,csm,3,3,3,task_20260102_100510_709_66392a82_3d301c18,1.0,1,161491,72.5
tools,reasoning-bank,eog,csm,3,3,3,task_20260102_165223_158_99ba2325_67a4a1e9,0.0,0,44280,99.9
tools,reasoning-bank,eog,csm,3,3,3,task_20260102_172945_725_ad5a67e3_5480e26f,0.8,0,493512,248.0
tools,reasoning-bank,eog,csm,3,3,3,task_20260102_210829_972_2aa6b0ad_e3d70e04,1.0,1,492633,283.7
tools,reasoning-bank,eog,csm,3,3,3,task_20260106_145907_700_a8eea1c0_f5bae698,0.857143,0,572305,344.4
tools,reasoning-bank,eog,csm,3,3,3,task_20260106_151754_319_d4a463c3_41f0af13,0.0,0,162414,111.5
tools,reasoning-bank,eog,csm,3,3,3,task_20260106_161324_272_c4ad7a70_4b3980fc,0.75,0,325090,291.7
tools,reasoning-bank,eog,csm,3,3,3,task_20260108_160928_699_391f1eff_905701cb,0.0,0,160557,99.2
tools,reasoning-bank,eog,csm,3,3,3,task_20260121_162252_344_1afb323a_f878fac7,1.0,1,190802,198.6
tools,reasoning-bank,eog,csm,3,3,3,task_20260121_163208_054_1afb323a_7f40ee66,0.0,0,205015,167.9
tools,reasoning-bank,eog,csm,3,3,3,task_20260121_183027_058_1afb323a_c53cb400,0.8,0,248631,132.6
tools,reasoning-bank,eog,csm,4,1,1,task_20251127_070938_325_b393a327_a40b1f4e,0.0,0,224899,180.8
tools,reasoning-bank,eog,csm,4,1,1,task_20251204_231522_245_e6427839_5d09c3c2,1.0,1,245436,142.3
tools,reasoning-bank,eog,csm,4,1,1,task_20251205_194841_224_391f1eff_136bedae,0.0,0,26658,32.5
tools,reasoning-bank,eog,csm,4,1,1,task_20251208_035402_755_ad5a67e3_8ca9a646,0.0,0,227018,147.3
tools,reasoning-bank,eog,csm,4,1,1,task_20251210_145940_356_accab84d_c16e9916,0.6,0,420177,217.9
tools,reasoning-bank,eog,csm,4,1,1,task_20251210_161511_924_2aa6b0ad_1446c2b4,0.666667,0,293529,77.1
tools,reasoning-bank,eog,csm,4,1,1,task_20251211_192109_853_99ba2325_b21298a0,0.6,0,278740,146.6
tools,reasoning-bank,eog,csm,4,1,1,task_20260102_155148_014_accab84d_910b176a,0.5,0,193708,90.8
tools,reasoning-bank,eog,csm,4,1,1,task_20260102_162857_012_391f1eff_39478d55,0.5,0,247478,141.9
tools,reasoning-bank,eog,csm,4,1,1,task_20260106_134616_649_e6427839_7dba5a00,0.5,0,252057,143.2
tools,reasoning-bank,eog,csm,4,1,1,task_20260106_155841_121_e6427839_fa425cbe,0.5,0,483284,260.9
tools,reasoning-bank,eog,csm,4,1,1,task_20260106_185201_238_00364ece_8ab4fd80,0.333333,0,532654,253.6
tools,reasoning-bank,eog,csm,4,1,1,task_20260107_162554_472_accab84d_41d2e871,0.0,0,405377,157.3
tools,reasoning-bank,eog,csm,4,1,2,task_20251127_070938_325_b393a327_a40b1f4e,0.0,0,251595,165.1
tools,reasoning-bank,eog,csm,4,1,2,task_20251204_231522_245_e6427839_5d09c3c2,1.0,1,272456,143.9
tools,reasoning-bank,eog,csm,4,1,2,task_20251205_194841_224_391f1eff_136bedae,0.0,0,80736,49.3
tools,reasoning-bank,eog,csm,4,1,2,task_20251208_035402_755_ad5a67e3_8ca9a646,0.0,0,202048,106.3
tools,reasoning-bank,eog,csm,4,1,2,task_20251210_145940_356_accab84d_c16e9916,0.8,0,520823,271.4
tools,reasoning-bank,eog,csm,4,1,2,task_20251210_161511_924_2aa6b0ad_1446c2b4,0.666667,0,294066,73.5
tools,reasoning-bank,eog,csm,4,1,2,task_20251211_192109_853_99ba2325_b21298a0,1.0,1,281041,124.4
tools,reasoning-bank,eog,csm,4,1,2,task_20260102_155148_014_accab84d_910b176a,0.5,0,194287,100.0
tools,reasoning-bank,eog,csm,4,1,2,task_20260102_162857_012_391f1eff_39478d55,1.0,1,222050,130.2
tools,reasoning-bank,eog,csm,4,1,2,task_20260106_134616_649_e6427839_7dba5a00,0.0,0,277203,150.8
tools,reasoning-bank,eog,csm,4,1,2,task_20260106_155841_121_e6427839_fa425cbe,0.5,0,424583,212.8
tools,reasoning-bank,eog,csm,4,1,2,task_20260106_185201_238_00364ece_8ab4fd80,0.333333,0,502771,216.3
tools,reasoning-bank,eog,csm,4,1,2,task_20260107_162554_472_accab84d_41d2e871,0.0,0,278204,151.0
tools,reasoning-bank,eog,csm,4,1,3,task_20251127_070938_325_b393a327_a40b1f4e,0.0,0,332271,109.8
tools,reasoning-bank,eog,csm,4,1,3,task_20251204_231522_245_e6427839_5d09c3c2,1.0,1,299659,127.0
tools,reasoning-bank,eog,csm,4,1,3,task_20251205_194841_224_391f1eff_136bedae,0.0,0,80372,54.3
tools,reasoning-bank,eog,csm,4,1,3,task_20251208_035402_755_ad5a67e3_8ca9a646,0.0,0,314258,198.4
tools,reasoning-bank,eog,csm,4,1,3,task_20251210_145940_356_accab84d_c16e9916,0.6,0,538304,248.6
tools,reasoning-bank,eog,csm,4,1,3,task_20251210_161511_924_2aa6b0ad_1446c2b4,0.666667,0,293717,69.6
tools,reasoning-bank,eog,csm,4,1,3,task_20251211_192109_853_99ba2325_b21298a0,0.6,0,280675,145.5
tools,reasoning-bank,eog,csm,4,1,3,task_20260102_155148_014_accab84d_910b176a,0.5,0,167221,102.7
tools,reasoning-bank,eog,csm,4,1,3,task_20260102_162857_012_391f1eff_39478d55,0.5,0,251061,144.7
tools,reasoning-bank,eog,csm,4,1,3,task_20260106_134616_649_e6427839_7dba5a00,0.0,0,222441,112.7
tools,reasoning-bank,eog,csm,4,1,3,task_20260106_155841_121_e6427839_fa425cbe,0.5,0,486434,250.1
tools,reasoning-bank,eog,csm,4,1,3,task_20260106_185201_238_00364ece_8ab4fd80,0.333333,0,369913,205.8
tools,reasoning-bank,eog,csm,4,1,3,task_20260107_162554_472_accab84d_41d2e871,0.0,0,304778,129.3
tools,reasoning-bank,eog,csm,4,2,1,task_20251128_072831_616_6cd2e092_426f7c81,0.75,0,528063,372.8
tools,reasoning-bank,eog,csm,4,2,1,task_20251203_194626_202_391f1eff_1336fae8,0.666667,0,221480,105.5
tools,reasoning-bank,eog,csm,4,2,1,task_20251206_091748_833_a8eea1c0_7775ff15,1.0,1,354974,111.2
tools,reasoning-bank,eog,csm,4,2,1,task_20251206_113950_467_6cd2e092_1a268d87,0.5,0,249510,102.9
tools,reasoning-bank,eog,csm,4,2,1,task_20251206_114027_879_5c0cd3a2_904991cc,0.5,0,83183,22.4
tools,reasoning-bank,eog,csm,4,2,1,task_20251206_130444_802_6cd2e092_8979087f,0.75,0,435322,252.2
tools,reasoning-bank,eog,csm,4,2,1,task_20251212_222304_435_66392a82_815cd745,1.0,1,582456,170.1
tools,reasoning-bank,eog,csm,4,2,1,task_20251231_152332_133_ad5a67e3_2a4e226c,0.5,0,214502,68.8
tools,reasoning-bank,eog,csm,4,2,1,task_20251231_164213_376_00364ece_724e98d5,1.0,1,503393,207.8
tools,reasoning-bank,eog,csm,4,2,1,task_20260101_111750_695_30600918_80637585,0.25,0,576869,289.1
tools,reasoning-bank,eog,csm,4,2,1,task_20260105_191634_257_2aa6b0ad_ea0bbd82,0.666667,0,389471,144.6
tools,reasoning-bank,eog,csm,4,2,1,task_20260105_221816_258_00364ece_50f56980,1.0,1,351808,185.7
tools,reasoning-bank,eog,csm,4,2,1,task_20260106_090444_873_99ba2325_980a3405,1.0,1,285222,204.5
tools,reasoning-bank,eog,csm,4,2,1,task_20260106_161859_265_00364ece_0e836ce8,0.25,0,620925,243.0
tools,reasoning-bank,eog,csm,4,2,2,task_20251128_072831_616_6cd2e092_426f7c81,0.75,0,569941,334.2
tools,reasoning-bank,eog,csm,4,2,2,task_20251203_194626_202_391f1eff_1336fae8,0.333333,0,191206,97.6
tools,reasoning-bank,eog,csm,4,2,2,task_20251206_091748_833_a8eea1c0_7775ff15,1.0,1,221565,90.7
tools,reasoning-bank,eog,csm,4,2,2,task_20251206_113950_467_6cd2e092_1a268d87,0.5,0,220843,110.9
tools,reasoning-bank,eog,csm,4,2,2,task_20251206_114027_879_5c0cd3a2_904991cc,0.5,0,133271,45.1
tools,reasoning-bank,eog,csm,4,2,2,task_20251206_130444_802_6cd2e092_8979087f,0.75,0,558343,287.9
tools,reasoning-bank,eog,csm,4,2,2,task_20251212_222304_435_66392a82_815cd745,1.0,1,556820,186.8
tools,reasoning-bank,eog,csm,4,2,2,task_20251231_152332_133_ad5a67e3_2a4e226c,1.0,1,213254,60.1
tools,reasoning-bank,eog,csm,4,2,2,task_20251231_164213_376_00364ece_724e98d5,1.0,1,396433,241.7
tools,reasoning-bank,eog,csm,4,2,2,task_20260101_111750_695_30600918_80637585,0.25,0,396620,256.8
tools,reasoning-bank,eog,csm,4,2,2,task_20260105_191634_257_2aa6b0ad_ea0bbd82,0.666667,0,169573,82.5
tools,reasoning-bank,eog,csm,4,2,2,task_20260105_221816_258_00364ece_50f56980,1.0,1,331060,159.9
tools,reasoning-bank,eog,csm,4,2,2,task_20260106_090444_873_99ba2325_980a3405,0.5,0,340897,236.4
tools,reasoning-bank,eog,csm,4,2,2,task_20260106_161859_265_00364ece_0e836ce8,0.25,0,508791,225.3
tools,reasoning-bank,eog,csm,4,2,3,task_20251128_072831_616_6cd2e092_426f7c81,0.75,0,590642,287.5
tools,reasoning-bank,eog,csm,4,2,3,task_20251203_194626_202_391f1eff_1336fae8,0.333333,0,138164,100.4
tools,reasoning-bank,eog,csm,4,2,3,task_20251206_091748_833_a8eea1c0_7775ff15,1.0,1,244457,108.8
tools,reasoning-bank,eog,csm,4,2,3,task_20251206_113950_467_6cd2e092_1a268d87,0.5,0,309746,192.0
tools,reasoning-bank,eog,csm,4,2,3,task_20251206_114027_879_5c0cd3a2_904991cc,0.5,0,105840,34.5
tools,reasoning-bank,eog,csm,4,2,3,task_20251206_130444_802_6cd2e092_8979087f,0.75,0,391843,217.0
tools,reasoning-bank,eog,csm,4,2,3,task_20251212_222304_435_66392a82_815cd745,0.8,0,476398,209.4
tools,reasoning-bank,eog,csm,4,2,3,task_20251231_152332_133_ad5a67e3_2a4e226c,0.5,0,188392,97.0
tools,reasoning-bank,eog,csm,4,2,3,task_20251231_164213_376_00364ece_724e98d5,1.0,1,390610,251.7
tools,reasoning-bank,eog,csm,4,2,3,task_20260101_111750_695_30600918_80637585,0.25,0,408116,314.1
tools,reasoning-bank,eog,csm,4,2,3,task_20260105_191634_257_2aa6b0ad_ea0bbd82,1.0,1,392770,177.3
tools,reasoning-bank,eog,csm,4,2,3,task_20260105_221816_258_00364ece_50f56980,0.0,0,204685,123.2
tools,reasoning-bank,eog,csm,4,2,3,task_20260106_090444_873_99ba2325_980a3405,0.5,0,338418,231.3
tools,reasoning-bank,eog,csm,4,2,3,task_20260106_161859_265_00364ece_0e836ce8,0.25,0,538417,255.3
tools,reasoning-bank,eog,csm,4,3,1,task_20251203_051113_560_99ba2325_1ff9b6e5,1.0,1,450304,255.2
tools,reasoning-bank,eog,csm,4,3,1,task_20251205_060649_946_66392a82_354af85a,0.0,0,236534,66.9
tools,reasoning-bank,eog,csm,4,3,1,task_20251205_072016_336_46ca2862_e9006fbb,1.0,1,354678,110.4
tools,reasoning-bank,eog,csm,4,3,1,task_20251205_075543_102_46ca2862_7ba653d0,0.6,0,290508,225.6
tools,reasoning-bank,eog,csm,4,3,1,task_20251210_183114_382_99ba2325_071a72ab,1.0,1,165695,102.8
tools,reasoning-bank,eog,csm,4,3,1,task_20251211_021838_048_accab84d_a511ee6e,0.666667,0,300743,160.7
tools,reasoning-bank,eog,csm,4,3,1,task_20260101_191529_659_a8eea1c0_27d3bf1b,0.833333,0,482408,328.7
tools,reasoning-bank,eog,csm,4,3,1,task_20260101_233731_695_00364ece_187f2808,0.8,0,498175,243.5
tools,reasoning-bank,eog,csm,4,3,1,task_20260102_031908_712_accab84d_886a7365,0.777778,0,497857,275.7
tools,reasoning-bank,eog,csm,4,3,1,task_20260102_100510_709_66392a82_3d301c18,0.8,0,898302,213.1
tools,reasoning-bank,eog,csm,4,3,1,task_20260102_165223_158_99ba2325_67a4a1e9,0.0,0,28927,33.0
tools,reasoning-bank,eog,csm,4,3,1,task_20260102_172945_725_ad5a67e3_5480e26f,0.6,0,724383,280.2
tools,reasoning-bank,eog,csm,4,3,1,task_20260102_210829_972_2aa6b0ad_e3d70e04,1.0,1,361381,190.6
tools,reasoning-bank,eog,csm,4,3,1,task_20260106_145907_700_a8eea1c0_f5bae698,0.857143,0,670774,352.0
tools,reasoning-bank,eog,csm,4,3,1,task_20260106_151754_319_d4a463c3_41f0af13,1.0,1,697853,191.7
tools,reasoning-bank,eog,csm,4,3,1,task_20260106_161324_272_c4ad7a70_4b3980fc,0.75,0,389040,239.6
tools,reasoning-bank,eog,csm,4,3,1,task_20260108_160928_699_391f1eff_905701cb,0.0,0,191330,86.1
tools,reasoning-bank,eog,csm,4,3,1,task_20260121_162252_344_1afb323a_f878fac7,1.0,1,255571,172.1
tools,reasoning-bank,eog,csm,4,3,1,task_20260121_163208_054_1afb323a_7f40ee66,0.0,0,248857,132.7
tools,reasoning-bank,eog,csm,4,3,1,task_20260121_183027_058_1afb323a_c53cb400,0.8,0,334475,107.4
tools,reasoning-bank,eog,csm,4,3,2,task_20251203_051113_560_99ba2325_1ff9b6e5,1.0,1,394877,263.4
tools,reasoning-bank,eog,csm,4,3,2,task_20251205_060649_946_66392a82_354af85a,0.666667,0,240626,105.0
tools,reasoning-bank,eog,csm,4,3,2,task_20251205_072016_336_46ca2862_e9006fbb,1.0,1,415456,119.7
tools,reasoning-bank,eog,csm,4,3,2,task_20251205_075543_102_46ca2862_7ba653d0,0.8,0,405924,159.9
tools,reasoning-bank,eog,csm,4,3,2,task_20251210_183114_382_99ba2325_071a72ab,0.5,0,195603,165.4
tools,reasoning-bank,eog,csm,4,3,2,task_20251211_021838_048_accab84d_a511ee6e,0.666667,0,300664,160.1
tools,reasoning-bank,eog,csm,4,3,2,task_20260101_191529_659_a8eea1c0_27d3bf1b,0.833333,0,337245,193.8
tools,reasoning-bank,eog,csm,4,3,2,task_20260101_233731_695_00364ece_187f2808,1.0,1,555577,225.1
tools,reasoning-bank,eog,csm,4,3,2,task_20260102_031908_712_accab84d_886a7365,0.777778,0,489287,289.7
tools,reasoning-bank,eog,csm,4,3,2,task_20260102_100510_709_66392a82_3d301c18,1.0,1,433698,84.3
tools,reasoning-bank,eog,csm,4,3,2,task_20260102_165223_158_99ba2325_67a4a1e9,0.5,0,223117,151.3
tools,reasoning-bank,eog,csm,4,3,2,task_20260102_172945_725_ad5a67e3_5480e26f,0.6,0,652753,274.2
tools,reasoning-bank,eog,csm,4,3,2,task_20260102_210829_972_2aa6b0ad_e3d70e04,1.0,1,613794,298.9
tools,reasoning-bank,eog,csm,4,3,2,task_20260106_145907_700_a8eea1c0_f5bae698,0.857143,0,815797,361.3
tools,reasoning-bank,eog,csm,4,3,2,task_20260106_151754_319_d4a463c3_41f0af13,0.0,0,337064,168.2
tools,reasoning-bank,eog,csm,4,3,2,task_20260106_161324_272_c4ad7a70_4b3980fc,0.75,0,379637,179.0
tools,reasoning-bank,eog,csm,4,3,2,task_20260108_160928_699_391f1eff_905701cb,0.0,0,187850,71.9
tools,reasoning-bank,eog,csm,4,3,2,task_20260121_162252_344_1afb323a_f878fac7,1.0,1,312764,196.5
tools,reasoning-bank,eog,csm,4,3,2,task_20260121_163208_054_1afb323a_7f40ee66,0.0,0,334285,182.9
tools,reasoning-bank,eog,csm,4,3,2,task_20260121_183027_058_1afb323a_c53cb400,0.8,0,335324,138.4
tools,reasoning-bank,eog,csm,4,3,3,task_20251203_051113_560_99ba2325_1ff9b6e5,0.666667,0,287099,197.8
tools,reasoning-bank,eog,csm,4,3,3,task_20251205_060649_946_66392a82_354af85a,0.833333,0,241509,103.6
tools,reasoning-bank,eog,csm,4,3,3,task_20251205_072016_336_46ca2862_e9006fbb,1.0,1,411704,123.1
tools,reasoning-bank,eog,csm,4,3,3,task_20251205_075543_102_46ca2862_7ba653d0,0.8,0,460058,224.3
tools,reasoning-bank,eog,csm,4,3,3,task_20251210_183114_382_99ba2325_071a72ab,0.5,0,224313,147.1
tools,reasoning-bank,eog,csm,4,3,3,task_20251211_021838_048_accab84d_a511ee6e,0.666667,0,302838,122.9
tools,reasoning-bank,eog,csm,4,3,3,task_20260101_191529_659_a8eea1c0_27d3bf1b,0.833333,0,341346,213.3
tools,reasoning-bank,eog,csm,4,3,3,task_20260101_233731_695_00364ece_187f2808,1.0,1,390879,196.3
tools,reasoning-bank,eog,csm,4,3,3,task_20260102_031908_712_accab84d_886a7365,0.777778,0,493143,252.4
tools,reasoning-bank,eog,csm,4,3,3,task_20260102_100510_709_66392a82_3d301c18,1.0,1,217926,66.0
tools,reasoning-bank,eog,csm,4,3,3,task_20260102_165223_158_99ba2325_67a4a1e9,0.5,0,250779,148.0
tools,reasoning-bank,eog,csm,4,3,3,task_20260102_172945_725_ad5a67e3_5480e26f,0.8,0,583270,274.8
tools,reasoning-bank,eog,csm,4,3,3,task_20260102_210829_972_2aa6b0ad_e3d70e04,1.0,1,396327,180.6
tools,reasoning-bank,eog,csm,4,3,3,task_20260106_145907_700_a8eea1c0_f5bae698,0.857143,0,536156,320.3
tools,reasoning-bank,eog,csm,4,3,3,task_20260106_151754_319_d4a463c3_41f0af13,1.0,1,701197,214.2
tools,reasoning-bank,eog,csm,4,3,3,task_20260106_161324_272_c4ad7a70_4b3980fc,0.75,0,399316,246.8
tools,reasoning-bank,eog,csm,4,3,3,task_20260108_160928_699_391f1eff_905701cb,0.0,0,418583,164.5
tools,reasoning-bank,eog,csm,4,3,3,task_20260121_162252_344_1afb323a_f878fac7,1.0,1,315598,173.4
tools,reasoning-bank,eog,csm,4,3,3,task_20260121_163208_054_1afb323a_7f40ee66,0.0,0,389779,211.7
tools,reasoning-bank,eog,csm,4,3,3,task_20260121_183027_058_1afb323a_c53cb400,0.8,0,304862,107.2
tools,reasoning-bank,eog,csm,4,4,1,task_20251127_152838_396_99ba2325_8391501f,0.5,0,421818,197.0
tools,reasoning-bank,eog,csm,4,4,1,task_20251128_204735_353_66392a82_3f8ef4a1,0.2,0,305988,187.0
tools,reasoning-bank,eog,csm,4,4,1,task_20251201_164641_724_109c89c0_1b29acb9,0.5,0,770264,301.9
tools,reasoning-bank,eog,csm,4,4,1,task_20251202_052822_939_66392a82_0479926e,1.0,1,308931,96.1
tools,reasoning-bank,eog,csm,4,4,1,task_20251202_100743_745_109c89c0_958a07c1,0.333333,0,272217,239.2
tools,reasoning-bank,eog,csm,4,4,1,task_20251203_064555_149_66392a82_d124b805,1.0,1,332769,85.0
tools,reasoning-bank,eog,csm,4,4,1,task_20251204_132620_055_5c0cd3a2_048c6e95,1.0,1,323407,197.7
tools,reasoning-bank,eog,csm,4,4,1,task_20251205_095558_939_5c0cd3a2_4af4214c,1.0,1,513823,284.3
tools,reasoning-bank,eog,csm,4,4,1,task_20251205_101915_742_d4a463c3_8eac8077,0.5,0,539515,491.4
tools,reasoning-bank,eog,csm,4,4,1,task_20251205_153330_906_a8eea1c0_8c7a6205,0.666667,0,250570,133.8
tools,reasoning-bank,eog,csm,4,4,1,task_20251207_174704_642_5c0cd3a2_c124578d,1.0,1,297693,162.1
tools,reasoning-bank,eog,csm,4,4,1,task_20251209_122452_734_d4a463c3_e5f1961c,0.5,0,248909,124.8
tools,reasoning-bank,eog,csm,4,4,1,task_20251212_011224_384_accab84d_4ad9b557,0.8,0,384587,167.9
tools,reasoning-bank,eog,csm,4,4,1,task_20251231_123548_425_8cd8e61e_9303271e,0.666667,0,227146,163.9
tools,reasoning-bank,eog,csm,4,4,1,task_20251231_162628_797_a8eea1c0_0a53db6c,0.857143,0,324197,238.8
tools,reasoning-bank,eog,csm,4,4,1,task_20260101_043715_660_a8eea1c0_7304e48e,0.7,0,388950,322.9
tools,reasoning-bank,eog,csm,4,4,1,task_20260101_122222_300_ad5a67e3_3757206c,0.6,0,489441,239.8
tools,reasoning-bank,eog,csm,4,4,1,task_20260101_162109_100_a8eea1c0_e88250ef,1.0,1,242500,234.9
tools,reasoning-bank,eog,csm,4,4,1,task_20260101_202840_239_a8eea1c0_0f425b23,0.7,0,789553,568.9
tools,reasoning-bank,eog,csm,4,4,1,task_20260102_063731_186_d4a463c3_f1c4df9b,1.0,1,331196,152.9
tools,reasoning-bank,eog,csm,4,4,1,task_20260102_080409_151_d4a463c3_56c32265,1.0,1,339254,201.8
tools,reasoning-bank,eog,csm,4,4,1,task_20260106_161816_678_a8eea1c0_1ef46cba,0.714286,0,507853,252.0
tools,reasoning-bank,eog,csm,4,4,1,task_20260107_111503_670_2aa6b0ad_e9611a77,0.75,0,310739,164.9
tools,reasoning-bank,eog,csm,4,4,1,task_20260121_145409_648_1afb323a_4e203caa,0.0,0,83385,52.8
tools,reasoning-bank,eog,csm,4,4,2,task_20251127_152838_396_99ba2325_8391501f,0.5,0,309321,201.8
tools,reasoning-bank,eog,csm,4,4,2,task_20251128_204735_353_66392a82_3f8ef4a1,0.6,0,358649,124.7
tools,reasoning-bank,eog,csm,4,4,2,task_20251201_164641_724_109c89c0_1b29acb9,0.5,0,639513,213.1
tools,reasoning-bank,eog,csm,4,4,2,task_20251202_052822_939_66392a82_0479926e,1.0,1,304968,76.6
tools,reasoning-bank,eog,csm,4,4,2,task_20251202_100743_745_109c89c0_958a07c1,0.0,0,30011,54.3
tools,reasoning-bank,eog,csm,4,4,2,task_20251203_064555_149_66392a82_d124b805,1.0,1,273397,101.3
tools,reasoning-bank,eog,csm,4,4,2,task_20251204_132620_055_5c0cd3a2_048c6e95,1.0,1,374144,213.4
tools,reasoning-bank,eog,csm,4,4,2,task_20251205_095558_939_5c0cd3a2_4af4214c,1.0,1,559950,237.3
tools,reasoning-bank,eog,csm,4,4,2,task_20251205_101915_742_d4a463c3_8eac8077,0.5,0,606622,580.5
tools,reasoning-bank,eog,csm,4,4,2,task_20251205_153330_906_a8eea1c0_8c7a6205,0.666667,0,258443,150.8
tools,reasoning-bank,eog,csm,4,4,2,task_20251207_174704_642_5c0cd3a2_c124578d,1.0,1,253461,146.5
tools,reasoning-bank,eog,csm,4,4,2,task_20251209_122452_734_d4a463c3_e5f1961c,0.5,0,280221,167.1
tools,reasoning-bank,eog,csm,4,4,2,task_20251212_011224_384_accab84d_4ad9b557,0.8,0,384341,175.8
tools,reasoning-bank,eog,csm,4,4,2,task_20251231_123548_425_8cd8e61e_9303271e,0.0,0,144459,127.4
tools,reasoning-bank,eog,csm,4,4,2,task_20251231_162628_797_a8eea1c0_0a53db6c,0.857143,0,383509,213.7
tools,reasoning-bank,eog,csm,4,4,2,task_20260101_043715_660_a8eea1c0_7304e48e,0.9,0,844155,457.0
tools,reasoning-bank,eog,csm,4,4,2,task_20260101_122222_300_ad5a67e3_3757206c,0.6,0,491720,280.1
tools,reasoning-bank,eog,csm,4,4,2,task_20260101_162109_100_a8eea1c0_e88250ef,1.0,1,765083,598.7
tools,reasoning-bank,eog,csm,4,4,2,task_20260101_202840_239_a8eea1c0_0f425b23,0.7,0,689648,550.1
tools,reasoning-bank,eog,csm,4,4,2,task_20260102_063731_186_d4a463c3_f1c4df9b,1.0,1,340005,211.7
tools,reasoning-bank,eog,csm,4,4,2,task_20260102_080409_151_d4a463c3_56c32265,1.0,1,363736,202.7
tools,reasoning-bank,eog,csm,4,4,2,task_20260106_161816_678_a8eea1c0_1ef46cba,0.714286,0,622967,286.4
tools,reasoning-bank,eog,csm,4,4,2,task_20260107_111503_670_2aa6b0ad_e9611a77,0.75,0,361310,206.1
tools,reasoning-bank,eog,csm,4,4,2,task_20260121_145409_648_1afb323a_4e203caa,0.0,0,55796,39.3
tools,reasoning-bank,eog,csm,4,4,3,task_20251127_152838_396_99ba2325_8391501f,0.5,0,360631,160.0
tools,reasoning-bank,eog,csm,4,4,3,task_20251128_204735_353_66392a82_3f8ef4a1,0.2,0,302294,149.9
tools,reasoning-bank,eog,csm,4,4,3,task_20251201_164641_724_109c89c0_1b29acb9,0.5,0,701276,222.3
tools,reasoning-bank,eog,csm,4,4,3,task_20251202_052822_939_66392a82_0479926e,1.0,1,306934,87.2
tools,reasoning-bank,eog,csm,4,4,3,task_20251202_100743_745_109c89c0_958a07c1,0.666667,0,303821,220.3
tools,reasoning-bank,eog,csm,4,4,3,task_20251203_064555_149_66392a82_d124b805,0.5,0,269861,80.5
tools,reasoning-bank,eog,csm,4,4,3,task_20251204_132620_055_5c0cd3a2_048c6e95,0.333333,0,387301,246.7
tools,reasoning-bank,eog,csm,4,4,3,task_20251205_095558_939_5c0cd3a2_4af4214c,1.0,1,353571,200.6
tools,reasoning-bank,eog,csm,4,4,3,task_20251205_101915_742_d4a463c3_8eac8077,0.5,0,752969,688.0
tools,reasoning-bank,eog,csm,4,4,3,task_20251205_153330_906_a8eea1c0_8c7a6205,0.666667,0,281924,193.0
tools,reasoning-bank,eog,csm,4,4,3,task_20251207_174704_642_5c0cd3a2_c124578d,0.0,0,27015,21.5
tools,reasoning-bank,eog,csm,4,4,3,task_20251209_122452_734_d4a463c3_e5f1961c,1.0,1,334359,159.5
tools,reasoning-bank,eog,csm,4,4,3,task_20251212_011224_384_accab84d_4ad9b557,0.8,0,332835,179.9
tools,reasoning-bank,eog,csm,4,4,3,task_20251231_123548_425_8cd8e61e_9303271e,0.0,0,143770,114.7
tools,reasoning-bank,eog,csm,4,4,3,task_20251231_162628_797_a8eea1c0_0a53db6c,1.0,1,351271,230.5
tools,reasoning-bank,eog,csm,4,4,3,task_20260101_043715_660_a8eea1c0_7304e48e,0.6,0,755616,314.0
tools,reasoning-bank,eog,csm,4,4,3,task_20260101_122222_300_ad5a67e3_3757206c,0.6,0,486489,243.3
tools,reasoning-bank,eog,csm,4,4,3,task_20260101_162109_100_a8eea1c0_e88250ef,1.0,1,213962,183.3
tools,reasoning-bank,eog,csm,4,4,3,task_20260101_202840_239_a8eea1c0_0f425b23,0.7,0,794676,564.5
tools,reasoning-bank,eog,csm,4,4,3,task_20260102_063731_186_d4a463c3_f1c4df9b,1.0,1,334763,188.1
tools,reasoning-bank,eog,csm,4,4,3,task_20260102_080409_151_d4a463c3_56c32265,1.0,1,455553,292.0
tools,reasoning-bank,eog,csm,4,4,3,task_20260106_161816_678_a8eea1c0_1ef46cba,0.714286,0,534442,252.9
tools,reasoning-bank,eog,csm,4,4,3,task_20260107_111503_670_2aa6b0ad_e9611a77,1.0,1,428861,287.7
tools,reasoning-bank,eog,csm,4,4,3,task_20260121_145409_648_1afb323a_4e203caa,0.0,0,28458,26.9
tools,reasoning-bank,eog,drive,1,1,1,task_20251126_122314_557_be6c9105_daf0aae1,0.5,0,222938,101.9
tools,reasoning-bank,eog,drive,1,1,1,task_20251126_122651_325_be6c9105_1864c322,0.75,0,82869,88.6
tools,reasoning-bank,eog,drive,1,1,1,task_20251126_145836_025_be6c9105_3b572b98,0.25,0,125601,148.3
tools,reasoning-bank,eog,drive,1,1,1,task_20251128_123025_545_13762b97_ad80b87c,0.666667,0,289879,264.8
tools,reasoning-bank,eog,drive,1,1,1,task_20251128_123035_919_64a4ebb9_8b93bf99,1.0,1,189652,84.8
tools,reasoning-bank,eog,drive,1,1,1,task_20251128_123301_181_64a4ebb9_4c1d5329,1.0,1,165156,89.9
tools,reasoning-bank,eog,drive,1,1,1,task_20251128_123526_889_64a4ebb9_20d5e6ae,0.666667,0,117652,61.0
tools,reasoning-bank,eog,drive,1,1,1,task_20251204_085603_739_ae7b45e2_b7a96253,0.5,0,103574,99.1
tools,reasoning-bank,eog,drive,1,1,1,task_20251204_092258_460_be6c9105_33990b9e,1.0,1,121136,102.6
tools,reasoning-bank,eog,drive,1,1,1,task_20251204_092557_093_ae7b45e2_24132aa0,0.75,0,99019,84.0
tools,reasoning-bank,eog,drive,1,1,1,task_20251204_115902_743_13762b97_19892db1,0.333333,0,168106,176.1
tools,reasoning-bank,eog,drive,1,1,1,task_20251204_122816_238_13762b97_cd4a8a4f,1.0,1,286795,308.6
tools,reasoning-bank,eog,drive,1,1,1,task_20251205_162218_909_4d9df647_8538c2ae,1.0,1,178133,242.4
tools,reasoning-bank,eog,drive,1,1,1,task_20251211_105500_082_ae7b45e2_ee28e324,0.333333,0,143953,136.9
tools,reasoning-bank,eog,drive,1,1,1,task_20251211_113022_685_23fcbcdb_906c78e7,0.2,0,111275,111.5
tools,reasoning-bank,eog,drive,1,1,1,task_20251211_141114_742_4d9df647_e15bd80a,0.0,0,226985,259.4
tools,reasoning-bank,eog,drive,1,1,1,task_20260105_170909_782_a9f62433_ecdfc657,1.0,1,81629,67.0
tools,reasoning-bank,eog,drive,1,1,1,task_20260106_144651_681_4d9df647_72f9f11e,0.25,0,231397,199.8
tools,reasoning-bank,eog,drive,1,1,1,task_20260107_162724_374_13762b97_6a97d001,1.0,1,212960,157.2
tools,reasoning-bank,eog,drive,1,1,1,task_20260107_163801_607_64a4ebb9_6f9c4d1b,1.0,1,198866,87.5
tools,reasoning-bank,eog,drive,1,1,1,task_20260107_173403_203_64a4ebb9_e8ddb8d7,1.0,1,250167,129.6
tools,reasoning-bank,eog,drive,1,1,1,task_20260107_174626_202_64a4ebb9_e3e54b1d,1.0,1,219413,74.0
tools,reasoning-bank,eog,drive,1,1,1,task_20260107_180857_873_ae7b45e2_47771a8c,0.333333,0,85856,71.6
tools,reasoning-bank,eog,drive,1,1,1,task_20260108_101953_397_be6c9105_0ebb2503,1.0,1,212068,75.6
tools,reasoning-bank,eog,drive,1,1,1,task_20260108_105408_681_be6c9105_852c4b49,1.0,1,400146,208.5
tools,reasoning-bank,eog,drive,1,1,1,task_20260108_133740_739_13762b97_41fc6ac0,0.857143,0,257631,246.9
tools,reasoning-bank,eog,drive,1,1,1,task_20260108_203842_162_d8f93f2d_1aa3f29b,1.0,1,250150,242.6
tools,reasoning-bank,eog,drive,1,1,1,task_20260109_134319_026_64a4ebb9_98c48f81,0.75,0,230577,124.9
tools,reasoning-bank,eog,drive,1,1,1,task_20260109_154737_612_4d9df647_ca8cc4b2,0.25,0,276086,372.8
tools,reasoning-bank,eog,drive,1,1,2,task_20251126_122314_557_be6c9105_daf0aae1,0.5,0,92003,134.2
tools,reasoning-bank,eog,drive,1,1,2,task_20251126_122651_325_be6c9105_1864c322,0.75,0,104435,58.5
tools,reasoning-bank,eog,drive,1,1,2,task_20251126_145836_025_be6c9105_3b572b98,0.25,0,126797,127.5
tools,reasoning-bank,eog,drive,1,1,2,task_20251128_123025_545_13762b97_ad80b87c,0.777778,0,324414,282.3
tools,reasoning-bank,eog,drive,1,1,2,task_20251128_123035_919_64a4ebb9_8b93bf99,1.0,1,143218,74.4
tools,reasoning-bank,eog,drive,1,1,2,task_20251128_123301_181_64a4ebb9_4c1d5329,1.0,1,141702,59.3
tools,reasoning-bank,eog,drive,1,1,2,task_20251128_123526_889_64a4ebb9_20d5e6ae,0.666667,0,118262,57.9
tools,reasoning-bank,eog,drive,1,1,2,task_20251204_085603_739_ae7b45e2_b7a96253,0.5,0,144797,79.3
tools,reasoning-bank,eog,drive,1,1,2,task_20251204_092258_460_be6c9105_33990b9e,1.0,1,159708,122.1
tools,reasoning-bank,eog,drive,1,1,2,task_20251204_092557_093_ae7b45e2_24132aa0,0.75,0,57089,61.2
tools,reasoning-bank,eog,drive,1,1,2,task_20251204_115902_743_13762b97_19892db1,0.333333,0,190728,158.4
tools,reasoning-bank,eog,drive,1,1,2,task_20251204_122816_238_13762b97_cd4a8a4f,1.0,1,380675,297.5
tools,reasoning-bank,eog,drive,1,1,2,task_20251205_162218_909_4d9df647_8538c2ae,0.333333,0,186596,275.3
tools,reasoning-bank,eog,drive,1,1,2,task_20251211_105500_082_ae7b45e2_ee28e324,1.0,1,86446,55.8
tools,reasoning-bank,eog,drive,1,1,2,task_20251211_113022_685_23fcbcdb_906c78e7,0.2,0,92276,101.6
tools,reasoning-bank,eog,drive,1,1,2,task_20251211_141114_742_4d9df647_e15bd80a,0.25,0,220733,192.2
tools,reasoning-bank,eog,drive,1,1,2,task_20260105_170909_782_a9f62433_ecdfc657,1.0,1,79857,59.7
tools,reasoning-bank,eog,drive,1,1,2,task_20260106_144651_681_4d9df647_72f9f11e,0.5,0,320902,213.3
tools,reasoning-bank,eog,drive,1,1,2,task_20260107_162724_374_13762b97_6a97d001,1.0,1,166710,98.0
tools,reasoning-bank,eog,drive,1,1,2,task_20260107_163801_607_64a4ebb9_6f9c4d1b,1.0,1,198273,68.8
tools,reasoning-bank,eog,drive,1,1,2,task_20260107_173403_203_64a4ebb9_e8ddb8d7,1.0,1,219031,61.3
tools,reasoning-bank,eog,drive,1,1,2,task_20260107_174626_202_64a4ebb9_e3e54b1d,1.0,1,245427,74.5
tools,reasoning-bank,eog,drive,1,1,2,task_20260107_180857_873_ae7b45e2_47771a8c,0.333333,0,86389,60.9
tools,reasoning-bank,eog,drive,1,1,2,task_20260108_101953_397_be6c9105_0ebb2503,1.0,1,243995,156.7
tools,reasoning-bank,eog,drive,1,1,2,task_20260108_105408_681_be6c9105_852c4b49,1.0,1,441802,259.9
tools,reasoning-bank,eog,drive,1,1,2,task_20260108_133740_739_13762b97_41fc6ac0,0.857143,0,316055,379.6
tools,reasoning-bank,eog,drive,1,1,2,task_20260108_203842_162_d8f93f2d_1aa3f29b,1.0,1,188554,249.6
tools,reasoning-bank,eog,drive,1,1,2,task_20260109_134319_026_64a4ebb9_98c48f81,0.75,0,293043,98.7
tools,reasoning-bank,eog,drive,1,1,2,task_20260109_154737_612_4d9df647_ca8cc4b2,0.25,0,593089,497.4
tools,reasoning-bank,eog,drive,1,1,3,task_20251126_122314_557_be6c9105_daf0aae1,0.5,0,89611,56.9
tools,reasoning-bank,eog,drive,1,1,3,task_20251126_122651_325_be6c9105_1864c322,0.75,0,143706,96.9
tools,reasoning-bank,eog,drive,1,1,3,task_20251126_145836_025_be6c9105_3b572b98,0.25,0,128267,144.4
tools,reasoning-bank,eog,drive,1,1,3,task_20251128_123025_545_13762b97_ad80b87c,0.666667,0,203058,262.6
tools,reasoning-bank,eog,drive,1,1,3,task_20251128_123035_919_64a4ebb9_8b93bf99,1.0,1,167724,66.7
tools,reasoning-bank,eog,drive,1,1,3,task_20251128_123301_181_64a4ebb9_4c1d5329,1.0,1,180282,79.9
tools,reasoning-bank,eog,drive,1,1,3,task_20251128_123526_889_64a4ebb9_20d5e6ae,0.666667,0,117303,48.4
tools,reasoning-bank,eog,drive,1,1,3,task_20251204_085603_739_ae7b45e2_b7a96253,0.5,0,103461,79.0
tools,reasoning-bank,eog,drive,1,1,3,task_20251204_092258_460_be6c9105_33990b9e,1.0,1,142289,119.8
tools,reasoning-bank,eog,drive,1,1,3,task_20251204_092557_093_ae7b45e2_24132aa0,0.75,0,97378,50.9
tools,reasoning-bank,eog,drive,1,1,3,task_20251204_115902_743_13762b97_19892db1,0.333333,0,186127,145.8
tools,reasoning-bank,eog,drive,1,1,3,task_20251204_122816_238_13762b97_cd4a8a4f,1.0,1,291427,272.1
tools,reasoning-bank,eog,drive,1,1,3,task_20251205_162218_909_4d9df647_8538c2ae,0.666667,0,164205,212.8
tools,reasoning-bank,eog,drive,1,1,3,task_20251211_105500_082_ae7b45e2_ee28e324,0.333333,0,80789,68.1
tools,reasoning-bank,eog,drive,1,1,3,task_20251211_113022_685_23fcbcdb_906c78e7,0.2,0,89162,118.6
tools,reasoning-bank,eog,drive,1,1,3,task_20251211_141114_742_4d9df647_e15bd80a,0.0,0,234421,241.3
tools,reasoning-bank,eog,drive,1,1,3,task_20260105_170909_782_a9f62433_ecdfc657,1.0,1,83043,86.6
tools,reasoning-bank,eog,drive,1,1,3,task_20260106_144651_681_4d9df647_72f9f11e,0.5,0,315160,266.1
tools,reasoning-bank,eog,drive,1,1,3,task_20260107_162724_374_13762b97_6a97d001,1.0,1,211777,142.7
tools,reasoning-bank,eog,drive,1,1,3,task_20260107_163801_607_64a4ebb9_6f9c4d1b,1.0,1,198283,80.8
tools,reasoning-bank,eog,drive,1,1,3,task_20260107_173403_203_64a4ebb9_e8ddb8d7,1.0,1,246064,87.6
tools,reasoning-bank,eog,drive,1,1,3,task_20260107_174626_202_64a4ebb9_e3e54b1d,1.0,1,221352,73.6
tools,reasoning-bank,eog,drive,1,1,3,task_20260107_180857_873_ae7b45e2_47771a8c,0.333333,0,86526,73.3
tools,reasoning-bank,eog,drive,1,1,3,task_20260108_101953_397_be6c9105_0ebb2503,1.0,1,216734,112.4
tools,reasoning-bank,eog,drive,1,1,3,task_20260108_105408_681_be6c9105_852c4b49,1.0,1,1177027,286.7
tools,reasoning-bank,eog,drive,1,1,3,task_20260108_133740_739_13762b97_41fc6ac0,0.714286,0,244086,236.1
tools,reasoning-bank,eog,drive,1,1,3,task_20260108_203842_162_d8f93f2d_1aa3f29b,1.0,1,284131,252.0
tools,reasoning-bank,eog,drive,1,1,3,task_20260109_134319_026_64a4ebb9_98c48f81,0.75,0,135926,97.9
tools,reasoning-bank,eog,drive,1,1,3,task_20260109_154737_612_4d9df647_ca8cc4b2,0.25,0,366929,386.2
tools,reasoning-bank,eog,drive,2,1,1,task_20251126_122314_557_be6c9105_daf0aae1,0.5,0,188547,69.1
tools,reasoning-bank,eog,drive,2,1,1,task_20251126_122651_325_be6c9105_1864c322,0.75,0,101354,68.1
tools,reasoning-bank,eog,drive,2,1,1,task_20251126_145836_025_be6c9105_3b572b98,0.25,0,125549,116.4
tools,reasoning-bank,eog,drive,2,1,1,task_20251128_123025_545_13762b97_ad80b87c,0.666667,0,216856,224.0
tools,reasoning-bank,eog,drive,2,1,1,task_20251128_123035_919_64a4ebb9_8b93bf99,1.0,1,152830,53.2
tools,reasoning-bank,eog,drive,2,1,1,task_20251128_123301_181_64a4ebb9_4c1d5329,1.0,1,173630,63.3
tools,reasoning-bank,eog,drive,2,1,1,task_20251128_123526_889_64a4ebb9_20d5e6ae,0.666667,0,146685,49.6
tools,reasoning-bank,eog,drive,2,1,1,task_20251204_085603_739_ae7b45e2_b7a96253,0.5,0,178106,84.3
tools,reasoning-bank,eog,drive,2,1,1,task_20251204_092258_460_be6c9105_33990b9e,1.0,1,114975,81.5
tools,reasoning-bank,eog,drive,2,1,1,task_20251204_092557_093_ae7b45e2_24132aa0,0.75,0,147659,66.6
tools,reasoning-bank,eog,drive,2,1,1,task_20251204_115902_743_13762b97_19892db1,0.333333,0,284015,131.2
tools,reasoning-bank,eog,drive,2,1,1,task_20251204_122816_238_13762b97_cd4a8a4f,1.0,1,346673,340.8
tools,reasoning-bank,eog,drive,2,1,1,task_20251205_162218_909_4d9df647_8538c2ae,0.833333,0,174465,138.8
tools,reasoning-bank,eog,drive,2,1,1,task_20251211_105500_082_ae7b45e2_ee28e324,0.333333,0,74791,62.3
tools,reasoning-bank,eog,drive,2,1,1,task_20251211_113022_685_23fcbcdb_906c78e7,0.2,0,109950,89.0
tools,reasoning-bank,eog,drive,2,1,1,task_20251211_141114_742_4d9df647_e15bd80a,0.0,0,371054,276.5
tools,reasoning-bank,eog,drive,2,1,1,task_20260105_170909_782_a9f62433_ecdfc657,1.0,1,72602,40.9
tools,reasoning-bank,eog,drive,2,1,1,task_20260106_144651_681_4d9df647_72f9f11e,0.5,0,344617,183.6
tools,reasoning-bank,eog,drive,2,1,1,task_20260107_162724_374_13762b97_6a97d001,1.0,1,232699,114.7
tools,reasoning-bank,eog,drive,2,1,1,task_20260107_163801_607_64a4ebb9_6f9c4d1b,1.0,1,241233,73.0
tools,reasoning-bank,eog,drive,2,1,1,task_20260107_173403_203_64a4ebb9_e8ddb8d7,1.0,1,266494,76.2
tools,reasoning-bank,eog,drive,2,1,1,task_20260107_174626_202_64a4ebb9_e3e54b1d,1.0,1,267722,77.4
tools,reasoning-bank,eog,drive,2,1,1,task_20260107_180857_873_ae7b45e2_47771a8c,0.333333,0,104149,54.0
tools,reasoning-bank,eog,drive,2,1,1,task_20260108_101953_397_be6c9105_0ebb2503,1.0,1,260982,102.8
tools,reasoning-bank,eog,drive,2,1,1,task_20260108_105408_681_be6c9105_852c4b49,1.0,1,553182,204.6
tools,reasoning-bank,eog,drive,2,1,1,task_20260108_133740_739_13762b97_41fc6ac0,0.714286,0,297113,244.4
tools,reasoning-bank,eog,drive,2,1,1,task_20260108_203842_162_d8f93f2d_1aa3f29b,1.0,1,317625,258.4
tools,reasoning-bank,eog,drive,2,1,1,task_20260109_134319_026_64a4ebb9_98c48f81,0.75,0,198229,80.6
tools,reasoning-bank,eog,drive,2,1,1,task_20260109_154737_612_4d9df647_ca8cc4b2,0.5,0,590409,650.1
tools,reasoning-bank,eog,drive,2,1,2,task_20251126_122314_557_be6c9105_daf0aae1,0.5,0,222306,113.8
tools,reasoning-bank,eog,drive,2,1,2,task_20251126_122651_325_be6c9105_1864c322,0.75,0,100823,63.5
tools,reasoning-bank,eog,drive,2,1,2,task_20251126_145836_025_be6c9105_3b572b98,0.25,0,183989,216.7
tools,reasoning-bank,eog,drive,2,1,2,task_20251128_123025_545_13762b97_ad80b87c,0.666667,0,183060,229.7
tools,reasoning-bank,eog,drive,2,1,2,task_20251128_123035_919_64a4ebb9_8b93bf99,1.0,1,206263,93.3
tools,reasoning-bank,eog,drive,2,1,2,task_20251128_123301_181_64a4ebb9_4c1d5329,1.0,1,151561,62.6
tools,reasoning-bank,eog,drive,2,1,2,task_20251128_123526_889_64a4ebb9_20d5e6ae,0.666667,0,146583,70.5
tools,reasoning-bank,eog,drive,2,1,2,task_20251204_085603_739_ae7b45e2_b7a96253,0.375,0,178077,195.5
tools,reasoning-bank,eog,drive,2,1,2,task_20251204_092258_460_be6c9105_33990b9e,0.0,0,248447,212.6
tools,reasoning-bank,eog,drive,2,1,2,task_20251204_092557_093_ae7b45e2_24132aa0,0.75,0,123058,73.2
tools,reasoning-bank,eog,drive,2,1,2,task_20251204_115902_743_13762b97_19892db1,0.333333,0,221114,154.2
tools,reasoning-bank,eog,drive,2,1,2,task_20251204_122816_238_13762b97_cd4a8a4f,1.0,1,406116,389.9
tools,reasoning-bank,eog,drive,2,1,2,task_20251205_162218_909_4d9df647_8538c2ae,0.333333,0,161005,203.5
tools,reasoning-bank,eog,drive,2,1,2,task_20251211_105500_082_ae7b45e2_ee28e324,0.333333,0,126363,110.2
tools,reasoning-bank,eog,drive,2,1,2,task_20251211_113022_685_23fcbcdb_906c78e7,0.2,0,105408,116.5
tools,reasoning-bank,eog,drive,2,1,2,task_20251211_141114_742_4d9df647_e15bd80a,0.0,0,107161,147.5
tools,reasoning-bank,eog,drive,2,1,2,task_20260105_170909_782_a9f62433_ecdfc657,1.0,1,142308,63.2
tools,reasoning-bank,eog,drive,2,1,2,task_20260106_144651_681_4d9df647_72f9f11e,0.5,0,347178,197.2
tools,reasoning-bank,eog,drive,2,1,2,task_20260107_162724_374_13762b97_6a97d001,1.0,1,177198,114.9
tools,reasoning-bank,eog,drive,2,1,2,task_20260107_163801_607_64a4ebb9_6f9c4d1b,1.0,1,240145,76.8
tools,reasoning-bank,eog,drive,2,1,2,task_20260107_173403_203_64a4ebb9_e8ddb8d7,1.0,1,267465,90.6
tools,reasoning-bank,eog,drive,2,1,2,task_20260107_174626_202_64a4ebb9_e3e54b1d,1.0,1,296743,74.7
tools,reasoning-bank,eog,drive,2,1,2,task_20260107_180857_873_ae7b45e2_47771a8c,0.333333,0,104366,66.1
tools,reasoning-bank,eog,drive,2,1,2,task_20260108_101953_397_be6c9105_0ebb2503,1.0,1,261467,96.6
tools,reasoning-bank,eog,drive,2,1,2,task_20260108_105408_681_be6c9105_852c4b49,1.0,1,415299,240.5
tools,reasoning-bank,eog,drive,2,1,2,task_20260108_133740_739_13762b97_41fc6ac0,0.857143,0,231564,223.6
tools,reasoning-bank,eog,drive,2,1,2,task_20260108_203842_162_d8f93f2d_1aa3f29b,0.857143,0,288248,298.7
tools,reasoning-bank,eog,drive,2,1,2,task_20260109_134319_026_64a4ebb9_98c48f81,0.75,0,276457,111.0
tools,reasoning-bank,eog,drive,2,1,2,task_20260109_154737_612_4d9df647_ca8cc4b2,0.0,0,226300,279.2
tools,reasoning-bank,eog,drive,2,1,3,task_20251126_122314_557_be6c9105_daf0aae1,0.5,0,135714,90.3
tools,reasoning-bank,eog,drive,2,1,3,task_20251126_122651_325_be6c9105_1864c322,0.75,0,175008,65.3
tools,reasoning-bank,eog,drive,2,1,3,task_20251126_145836_025_be6c9105_3b572b98,0.25,0,311522,195.4
tools,reasoning-bank,eog,drive,2,1,3,task_20251128_123025_545_13762b97_ad80b87c,0.666667,0,268838,218.1
tools,reasoning-bank,eog,drive,2,1,3,task_20251128_123035_919_64a4ebb9_8b93bf99,1.0,1,174639,51.4
tools,reasoning-bank,eog,drive,2,1,3,task_20251128_123301_181_64a4ebb9_4c1d5329,1.0,1,149565,53.1
tools,reasoning-bank,eog,drive,2,1,3,task_20251128_123526_889_64a4ebb9_20d5e6ae,0.666667,0,145222,28.7
tools,reasoning-bank,eog,drive,2,1,3,task_20251204_085603_739_ae7b45e2_b7a96253,0.5,0,155501,122.3
tools,reasoning-bank,eog,drive,2,1,3,task_20251204_092258_460_be6c9105_33990b9e,1.0,1,439243,259.6
tools,reasoning-bank,eog,drive,2,1,3,task_20251204_092557_093_ae7b45e2_24132aa0,0.75,0,123749,60.2
tools,reasoning-bank,eog,drive,2,1,3,task_20251204_115902_743_13762b97_19892db1,0.333333,0,256114,164.3
tools,reasoning-bank,eog,drive,2,1,3,task_20251204_122816_238_13762b97_cd4a8a4f,1.0,1,375786,345.0
tools,reasoning-bank,eog,drive,2,1,3,task_20251205_162218_909_4d9df647_8538c2ae,0.333333,0,160734,233.4
tools,reasoning-bank,eog,drive,2,1,3,task_20251211_105500_082_ae7b45e2_ee28e324,0.333333,0,99471,78.8
tools,reasoning-bank,eog,drive,2,1,3,task_20251211_113022_685_23fcbcdb_906c78e7,0.2,0,168362,121.4
tools,reasoning-bank,eog,drive,2,1,3,task_20251211_141114_742_4d9df647_e15bd80a,0.0,0,134992,155.6
tools,reasoning-bank,eog,drive,2,1,3,task_20260105_170909_782_a9f62433_ecdfc657,1.0,1,172513,59.4
tools,reasoning-bank,eog,drive,2,1,3,task_20260106_144651_681_4d9df647_72f9f11e,0.5,0,381441,256.6
tools,reasoning-bank,eog,drive,2,1,3,task_20260107_162724_374_13762b97_6a97d001,1.0,1,205358,106.6
tools,reasoning-bank,eog,drive,2,1,3,task_20260107_163801_607_64a4ebb9_6f9c4d1b,1.0,1,239931,62.8
tools,reasoning-bank,eog,drive,2,1,3,task_20260107_173403_203_64a4ebb9_e8ddb8d7,1.0,1,298409,96.4
tools,reasoning-bank,eog,drive,2,1,3,task_20260107_174626_202_64a4ebb9_e3e54b1d,1.0,1,297960,89.7
tools,reasoning-bank,eog,drive,2,1,3,task_20260107_180857_873_ae7b45e2_47771a8c,0.333333,0,104497,51.8
tools,reasoning-bank,eog,drive,2,1,3,task_20260108_101953_397_be6c9105_0ebb2503,1.0,1,259814,95.1
tools,reasoning-bank,eog,drive,2,1,3,task_20260108_105408_681_be6c9105_852c4b49,1.0,1,499481,309.6
tools,reasoning-bank,eog,drive,2,1,3,task_20260108_133740_739_13762b97_41fc6ac0,0.714286,0,324271,294.9
tools,reasoning-bank,eog,drive,2,1,3,task_20260108_203842_162_d8f93f2d_1aa3f29b,1.0,1,257314,251.5
tools,reasoning-bank,eog,drive,2,1,3,task_20260109_134319_026_64a4ebb9_98c48f81,0.75,0,161716,89.8
tools,reasoning-bank,eog,drive,2,1,3,task_20260109_154737_612_4d9df647_ca8cc4b2,0.0,0,105983,157.2
tools,reasoning-bank,eog,drive,2,2,1,task_20251127_173847_074_4d9df647_632c493d,0.666667,0,218582,192.3
tools,reasoning-bank,eog,drive,2,2,1,task_20251204_045548_265_4d9df647_18dae74a,0.4,0,155278,86.0
tools,reasoning-bank,eog,drive,2,2,1,task_20260105_095412_678_a9f62433_bb5f5bb7,1.0,1,270922,234.9
tools,reasoning-bank,eog,drive,2,2,1,task_20260105_105429_833_a9f62433_b38b55f2,1.0,1,183852,91.1
tools,reasoning-bank,eog,drive,2,2,1,task_20260105_113049_430_a9f62433_6dd18613,1.0,1,231216,160.1
tools,reasoning-bank,eog,drive,2,2,1,task_20260106_155537_908_a9f62433_6d26efe3,0.0,0,25329,43.8
tools,reasoning-bank,eog,drive,2,2,1,task_20260106_172901_590_a9f62433_f7baa0fa,1.0,1,268032,103.8
tools,reasoning-bank,eog,drive,2,2,1,task_20260108_162316_574_13762b97_098a086c,0.857143,0,371726,222.1
tools,reasoning-bank,eog,drive,2,2,1,task_20260109_100633_248_4c1a4a14_20a0385b,0.8,0,197899,249.4
tools,reasoning-bank,eog,drive,2,2,1,task_20260112_111113_212_060e2c81_99e6099d,1.0,1,358109,195.8
tools,reasoning-bank,eog,drive,2,2,2,task_20251127_173847_074_4d9df647_632c493d,0.666667,0,231325,240.6
tools,reasoning-bank,eog,drive,2,2,2,task_20251204_045548_265_4d9df647_18dae74a,1.0,1,242510,130.2
tools,reasoning-bank,eog,drive,2,2,2,task_20260105_095412_678_a9f62433_bb5f5bb7,1.0,1,188164,178.2
tools,reasoning-bank,eog,drive,2,2,2,task_20260105_105429_833_a9f62433_b38b55f2,1.0,1,264290,176.5
tools,reasoning-bank,eog,drive,2,2,2,task_20260105_113049_430_a9f62433_6dd18613,1.0,1,257425,176.9
tools,reasoning-bank,eog,drive,2,2,2,task_20260106_155537_908_a9f62433_6d26efe3,1.0,1,235503,137.1
tools,reasoning-bank,eog,drive,2,2,2,task_20260106_172901_590_a9f62433_f7baa0fa,1.0,1,268663,141.5
tools,reasoning-bank,eog,drive,2,2,2,task_20260108_162316_574_13762b97_098a086c,0.857143,0,336723,157.7
tools,reasoning-bank,eog,drive,2,2,2,task_20260109_100633_248_4c1a4a14_20a0385b,0.8,0,203491,251.4
tools,reasoning-bank,eog,drive,2,2,2,task_20260112_111113_212_060e2c81_99e6099d,0.909091,0,365330,198.1
tools,reasoning-bank,eog,drive,2,2,3,task_20251127_173847_074_4d9df647_632c493d,0.666667,0,392391,323.4
tools,reasoning-bank,eog,drive,2,2,3,task_20251204_045548_265_4d9df647_18dae74a,1.0,1,155194,97.0
tools,reasoning-bank,eog,drive,2,2,3,task_20260105_095412_678_a9f62433_bb5f5bb7,1.0,1,185698,187.6
tools,reasoning-bank,eog,drive,2,2,3,task_20260105_105429_833_a9f62433_b38b55f2,0.8,0,270229,141.7
tools,reasoning-bank,eog,drive,2,2,3,task_20260105_113049_430_a9f62433_6dd18613,1.0,1,128009,108.2
tools,reasoning-bank,eog,drive,2,2,3,task_20260106_155537_908_a9f62433_6d26efe3,1.0,1,234134,105.8
tools,reasoning-bank,eog,drive,2,2,3,task_20260106_172901_590_a9f62433_f7baa0fa,0.0,0,51744,40.1
tools,reasoning-bank,eog,drive,2,2,3,task_20260108_162316_574_13762b97_098a086c,0.857143,0,414814,253.1
tools,reasoning-bank,eog,drive,2,2,3,task_20260109_100633_248_4c1a4a14_20a0385b,0.8,0,264923,335.3
tools,reasoning-bank,eog,drive,2,2,3,task_20260112_111113_212_060e2c81_99e6099d,0.818182,0,299004,230.4
tools,reasoning-bank,eog,drive,3,1,1,task_20251126_122314_557_be6c9105_daf0aae1,0.5,0,273260,146.4
tools,reasoning-bank,eog,drive,3,1,1,task_20251126_122651_325_be6c9105_1864c322,0.75,0,233899,79.2
tools,reasoning-bank,eog,drive,3,1,1,task_20251126_145836_025_be6c9105_3b572b98,0.25,0,146885,121.0
tools,reasoning-bank,eog,drive,3,1,1,task_20251128_123025_545_13762b97_ad80b87c,0.666667,0,210115,158.5
tools,reasoning-bank,eog,drive,3,1,1,task_20251128_123035_919_64a4ebb9_8b93bf99,1.0,1,241041,94.6
tools,reasoning-bank,eog,drive,3,1,1,task_20251128_123301_181_64a4ebb9_4c1d5329,1.0,1,172884,63.3
tools,reasoning-bank,eog,drive,3,1,1,task_20251128_123526_889_64a4ebb9_20d5e6ae,0.666667,0,169914,53.8
tools,reasoning-bank,eog,drive,3,1,1,task_20251204_085603_739_ae7b45e2_b7a96253,0.5,0,176519,70.9
tools,reasoning-bank,eog,drive,3,1,1,task_20251204_092258_460_be6c9105_33990b9e,1.0,1,166296,112.4
tools,reasoning-bank,eog,drive,3,1,1,task_20251204_092557_093_ae7b45e2_24132aa0,0.75,0,143465,61.6
tools,reasoning-bank,eog,drive,3,1,1,task_20251204_115902_743_13762b97_19892db1,0.333333,0,253637,133.7
tools,reasoning-bank,eog,drive,3,1,1,task_20251204_122816_238_13762b97_cd4a8a4f,1.0,1,363509,287.6
tools,reasoning-bank,eog,drive,3,1,1,task_20251205_162218_909_4d9df647_8538c2ae,0.833333,0,196560,168.5
tools,reasoning-bank,eog,drive,3,1,1,task_20251211_105500_082_ae7b45e2_ee28e324,1.0,1,149987,58.7
tools,reasoning-bank,eog,drive,3,1,1,task_20251211_113022_685_23fcbcdb_906c78e7,0.2,0,90729,46.7
tools,reasoning-bank,eog,drive,3,1,1,task_20251211_141114_742_4d9df647_e15bd80a,0.0,0,243349,184.9
tools,reasoning-bank,eog,drive,3,1,1,task_20260105_170909_782_a9f62433_ecdfc657,1.0,1,116107,64.0
tools,reasoning-bank,eog,drive,3,1,1,task_20260106_144651_681_4d9df647_72f9f11e,0.5,0,395651,238.7
tools,reasoning-bank,eog,drive,3,1,1,task_20260107_162724_374_13762b97_6a97d001,1.0,1,272618,179.7
tools,reasoning-bank,eog,drive,3,1,1,task_20260107_163801_607_64a4ebb9_6f9c4d1b,1.0,1,277611,74.4
tools,reasoning-bank,eog,drive,3,1,1,task_20260107_173403_203_64a4ebb9_e8ddb8d7,1.0,1,341772,78.2
tools,reasoning-bank,eog,drive,3,1,1,task_20260107_174626_202_64a4ebb9_e3e54b1d,1.0,1,305674,82.6
tools,reasoning-bank,eog,drive,3,1,1,task_20260107_180857_873_ae7b45e2_47771a8c,0.333333,0,121428,82.7
tools,reasoning-bank,eog,drive,3,1,1,task_20260108_101953_397_be6c9105_0ebb2503,1.0,1,298882,96.7
tools,reasoning-bank,eog,drive,3,1,1,task_20260108_105408_681_be6c9105_852c4b49,1.0,1,573814,232.2
tools,reasoning-bank,eog,drive,3,1,1,task_20260108_133740_739_13762b97_41fc6ac0,0.857143,0,297915,304.9
tools,reasoning-bank,eog,drive,3,1,1,task_20260108_203842_162_d8f93f2d_1aa3f29b,1.0,1,350686,242.7
tools,reasoning-bank,eog,drive,3,1,1,task_20260109_134319_026_64a4ebb9_98c48f81,0.75,0,341519,105.2
tools,reasoning-bank,eog,drive,3,1,1,task_20260109_154737_612_4d9df647_ca8cc4b2,0.25,0,650112,561.0
tools,reasoning-bank,eog,drive,3,1,2,task_20251126_122314_557_be6c9105_daf0aae1,0.5,0,216773,71.7
tools,reasoning-bank,eog,drive,3,1,2,task_20251126_122651_325_be6c9105_1864c322,0.75,0,204143,86.0
tools,reasoning-bank,eog,drive,3,1,2,task_20251126_145836_025_be6c9105_3b572b98,0.25,0,207494,178.6
tools,reasoning-bank,eog,drive,3,1,2,task_20251128_123025_545_13762b97_ad80b87c,0.666667,0,280682,271.7
tools,reasoning-bank,eog,drive,3,1,2,task_20251128_123035_919_64a4ebb9_8b93bf99,1.0,1,204802,97.9
tools,reasoning-bank,eog,drive,3,1,2,task_20251128_123301_181_64a4ebb9_4c1d5329,1.0,1,203170,63.7
tools,reasoning-bank,eog,drive,3,1,2,task_20251128_123526_889_64a4ebb9_20d5e6ae,0.666667,0,171910,83.7
tools,reasoning-bank,eog,drive,3,1,2,task_20251204_085603_739_ae7b45e2_b7a96253,0.375,0,145994,72.4
tools,reasoning-bank,eog,drive,3,1,2,task_20251204_092258_460_be6c9105_33990b9e,1.0,1,138190,98.8
tools,reasoning-bank,eog,drive,3,1,2,task_20251204_092557_093_ae7b45e2_24132aa0,0.75,0,170939,81.2
tools,reasoning-bank,eog,drive,3,1,2,task_20251204_115902_743_13762b97_19892db1,0.333333,0,280320,120.2
tools,reasoning-bank,eog,drive,3,1,2,task_20251204_122816_238_13762b97_cd4a8a4f,1.0,1,355053,249.3
tools,reasoning-bank,eog,drive,3,1,2,task_20251205_162218_909_4d9df647_8538c2ae,0.666667,0,189883,208.7
tools,reasoning-bank,eog,drive,3,1,2,task_20251211_105500_082_ae7b45e2_ee28e324,0.333333,0,115509,80.3
tools,reasoning-bank,eog,drive,3,1,2,task_20251211_113022_685_23fcbcdb_906c78e7,0.2,0,92856,87.6
tools,reasoning-bank,eog,drive,3,1,2,task_20251211_141114_742_4d9df647_e15bd80a,0.0,0,89984,75.6
tools,reasoning-bank,eog,drive,3,1,2,task_20260105_170909_782_a9f62433_ecdfc657,1.0,1,117492,87.7
tools,reasoning-bank,eog,drive,3,1,2,task_20260106_144651_681_4d9df647_72f9f11e,0.75,0,577857,413.2
tools,reasoning-bank,eog,drive,3,1,2,task_20260107_162724_374_13762b97_6a97d001,1.0,1,174305,83.1
tools,reasoning-bank,eog,drive,3,1,2,task_20260107_163801_607_64a4ebb9_6f9c4d1b,1.0,1,275386,73.4
tools,reasoning-bank,eog,drive,3,1,2,task_20260107_173403_203_64a4ebb9_e8ddb8d7,1.0,1,307036,85.5
tools,reasoning-bank,eog,drive,3,1,2,task_20260107_174626_202_64a4ebb9_e3e54b1d,0.5,0,305169,65.4
tools,reasoning-bank,eog,drive,3,1,2,task_20260107_180857_873_ae7b45e2_47771a8c,0.333333,0,120047,69.7
tools,reasoning-bank,eog,drive,3,1,2,task_20260108_101953_397_be6c9105_0ebb2503,1.0,1,301489,111.0
tools,reasoning-bank,eog,drive,3,1,2,task_20260108_105408_681_be6c9105_852c4b49,1.0,1,507324,200.0
tools,reasoning-bank,eog,drive,3,1,2,task_20260108_133740_739_13762b97_41fc6ac0,0.714286,0,300857,283.2
tools,reasoning-bank,eog,drive,3,1,2,task_20260108_203842_162_d8f93f2d_1aa3f29b,1.0,1,309437,195.6
tools,reasoning-bank,eog,drive,3,1,2,task_20260109_134319_026_64a4ebb9_98c48f81,0.75,0,258112,99.9
tools,reasoning-bank,eog,drive,3,1,2,task_20260109_154737_612_4d9df647_ca8cc4b2,0.25,0,583855,574.6
tools,reasoning-bank,eog,drive,3,1,3,task_20251126_122314_557_be6c9105_daf0aae1,0.5,0,152655,56.4
tools,reasoning-bank,eog,drive,3,1,3,task_20251126_122651_325_be6c9105_1864c322,0.75,0,235076,91.1
tools,reasoning-bank,eog,drive,3,1,3,task_20251126_145836_025_be6c9105_3b572b98,0.25,0,150056,129.8
tools,reasoning-bank,eog,drive,3,1,3,task_20251128_123025_545_13762b97_ad80b87c,0.666667,0,350623,313.0
tools,reasoning-bank,eog,drive,3,1,3,task_20251128_123035_919_64a4ebb9_8b93bf99,1.0,1,178374,74.3
tools,reasoning-bank,eog,drive,3,1,3,task_20251128_123301_181_64a4ebb9_4c1d5329,1.0,1,202293,68.1
tools,reasoning-bank,eog,drive,3,1,3,task_20251128_123526_889_64a4ebb9_20d5e6ae,0.666667,0,136497,42.5
tools,reasoning-bank,eog,drive,3,1,3,task_20251204_085603_739_ae7b45e2_b7a96253,0.5,0,177514,78.7
tools,reasoning-bank,eog,drive,3,1,3,task_20251204_092258_460_be6c9105_33990b9e,1.0,1,130997,87.2
tools,reasoning-bank,eog,drive,3,1,3,task_20251204_092557_093_ae7b45e2_24132aa0,0.75,0,82569,50.8
tools,reasoning-bank,eog,drive,3,1,3,task_20251204_115902_743_13762b97_19892db1,0.333333,0,283637,141.7
tools,reasoning-bank,eog,drive,3,1,3,task_20251204_122816_238_13762b97_cd4a8a4f,1.0,1,387904,251.4
tools,reasoning-bank,eog,drive,3,1,3,task_20251205_162218_909_4d9df647_8538c2ae,0.333333,0,246476,268.3
tools,reasoning-bank,eog,drive,3,1,3,task_20251211_105500_082_ae7b45e2_ee28e324,0.333333,0,86269,53.4
tools,reasoning-bank,eog,drive,3,1,3,task_20251211_113022_685_23fcbcdb_906c78e7,0.2,0,92900,70.5
tools,reasoning-bank,eog,drive,3,1,3,task_20251211_141114_742_4d9df647_e15bd80a,0.0,0,264029,238.1
tools,reasoning-bank,eog,drive,3,1,3,task_20260105_170909_782_a9f62433_ecdfc657,1.0,1,115199,59.9
tools,reasoning-bank,eog,drive,3,1,3,task_20260106_144651_681_4d9df647_72f9f11e,0.5,0,428761,206.1
tools,reasoning-bank,eog,drive,3,1,3,task_20260107_162724_374_13762b97_6a97d001,1.0,1,204265,108.0
tools,reasoning-bank,eog,drive,3,1,3,task_20260107_163801_607_64a4ebb9_6f9c4d1b,1.0,1,276238,66.5
tools,reasoning-bank,eog,drive,3,1,3,task_20260107_173403_203_64a4ebb9_e8ddb8d7,1.0,1,306356,66.8
tools,reasoning-bank,eog,drive,3,1,3,task_20260107_174626_202_64a4ebb9_e3e54b1d,1.0,1,307236,66.7
tools,reasoning-bank,eog,drive,3,1,3,task_20260107_180857_873_ae7b45e2_47771a8c,0.333333,0,119907,57.1
tools,reasoning-bank,eog,drive,3,1,3,task_20260108_101953_397_be6c9105_0ebb2503,1.0,1,301803,90.0
tools,reasoning-bank,eog,drive,3,1,3,task_20260108_105408_681_be6c9105_852c4b49,1.0,1,545303,241.9
tools,reasoning-bank,eog,drive,3,1,3,task_20260108_133740_739_13762b97_41fc6ac0,0.714286,0,641007,460.0
tools,reasoning-bank,eog,drive,3,1,3,task_20260108_203842_162_d8f93f2d_1aa3f29b,1.0,1,373173,207.9
tools,reasoning-bank,eog,drive,3,1,3,task_20260109_134319_026_64a4ebb9_98c48f81,0.75,0,284513,95.8
tools,reasoning-bank,eog,drive,3,1,3,task_20260109_154737_612_4d9df647_ca8cc4b2,0.5,0,577778,458.3
tools,reasoning-bank,eog,drive,3,2,1,task_20251127_173847_074_4d9df647_632c493d,0.666667,0,559065,355.9
tools,reasoning-bank,eog,drive,3,2,1,task_20251204_045548_265_4d9df647_18dae74a,1.0,1,180204,107.7
tools,reasoning-bank,eog,drive,3,2,1,task_20260105_095412_678_a9f62433_bb5f5bb7,1.0,1,350621,227.8
tools,reasoning-bank,eog,drive,3,2,1,task_20260105_105429_833_a9f62433_b38b55f2,1.0,1,457462,213.0
tools,reasoning-bank,eog,drive,3,2,1,task_20260105_113049_430_a9f62433_6dd18613,1.0,1,269164,148.8
tools,reasoning-bank,eog,drive,3,2,1,task_20260106_155537_908_a9f62433_6d26efe3,1.0,1,332411,100.2
tools,reasoning-bank,eog,drive,3,2,1,task_20260106_172901_590_a9f62433_f7baa0fa,1.0,1,235342,117.6
tools,reasoning-bank,eog,drive,3,2,1,task_20260108_162316_574_13762b97_098a086c,0.857143,0,436236,207.6
tools,reasoning-bank,eog,drive,3,2,1,task_20260109_100633_248_4c1a4a14_20a0385b,0.8,0,257233,214.4
tools,reasoning-bank,eog,drive,3,2,1,task_20260112_111113_212_060e2c81_99e6099d,0.909091,0,407301,188.0
tools,reasoning-bank,eog,drive,3,2,2,task_20251127_173847_074_4d9df647_632c493d,0.666667,0,496194,305.2
tools,reasoning-bank,eog,drive,3,2,2,task_20251204_045548_265_4d9df647_18dae74a,1.0,1,177485,72.3
tools,reasoning-bank,eog,drive,3,2,2,task_20260105_095412_678_a9f62433_bb5f5bb7,1.0,1,242094,204.1
tools,reasoning-bank,eog,drive,3,2,2,task_20260105_105429_833_a9f62433_b38b55f2,1.0,1,242418,87.0
tools,reasoning-bank,eog,drive,3,2,2,task_20260105_113049_430_a9f62433_6dd18613,1.0,1,211400,174.5
tools,reasoning-bank,eog,drive,3,2,2,task_20260106_155537_908_a9f62433_6d26efe3,0.0,0,123031,57.9
tools,reasoning-bank,eog,drive,3,2,2,task_20260106_172901_590_a9f62433_f7baa0fa,0.833333,0,306668,163.4
tools,reasoning-bank,eog,drive,3,2,2,task_20260108_162316_574_13762b97_098a086c,0.857143,0,385271,162.6
tools,reasoning-bank,eog,drive,3,2,2,task_20260109_100633_248_4c1a4a14_20a0385b,0.8,0,160689,217.3
tools,reasoning-bank,eog,drive,3,2,2,task_20260112_111113_212_060e2c81_99e6099d,0.909091,0,372215,202.9
tools,reasoning-bank,eog,drive,3,2,3,task_20251127_173847_074_4d9df647_632c493d,0.666667,0,273209,244.2
tools,reasoning-bank,eog,drive,3,2,3,task_20251204_045548_265_4d9df647_18dae74a,1.0,1,215757,162.6
tools,reasoning-bank,eog,drive,3,2,3,task_20260105_095412_678_a9f62433_bb5f5bb7,1.0,1,207718,193.0
tools,reasoning-bank,eog,drive,3,2,3,task_20260105_105429_833_a9f62433_b38b55f2,1.0,1,317888,183.1
tools,reasoning-bank,eog,drive,3,2,3,task_20260105_113049_430_a9f62433_6dd18613,1.0,1,238629,143.7
tools,reasoning-bank,eog,drive,3,2,3,task_20260106_155537_908_a9f62433_6d26efe3,1.0,1,269643,177.8
tools,reasoning-bank,eog,drive,3,2,3,task_20260106_172901_590_a9f62433_f7baa0fa,1.0,1,264988,113.5
tools,reasoning-bank,eog,drive,3,2,3,task_20260108_162316_574_13762b97_098a086c,0.857143,0,384985,217.9
tools,reasoning-bank,eog,drive,3,2,3,task_20260109_100633_248_4c1a4a14_20a0385b,0.8,0,236604,276.2
tools,reasoning-bank,eog,drive,3,2,3,task_20260112_111113_212_060e2c81_99e6099d,0.909091,0,369853,198.3
tools,reasoning-bank,eog,drive,3,3,1,task_20251204_151109_029_ae7b45e2_1fa53dbc,1.0,1,246176,122.6
tools,reasoning-bank,eog,drive,3,3,1,task_20251205_143732_430_4d9df647_6aceefba,1.0,1,380765,306.6
tools,reasoning-bank,eog,drive,3,3,1,task_20251210_200511_673_4a23b9c9_dcd88f59,0.5,0,147765,120.8
tools,reasoning-bank,eog,drive,3,3,1,task_20260108_113744_344_a9f62433_9cdd0a8f,1.0,1,205519,80.4
tools,reasoning-bank,eog,drive,3,3,1,task_20260109_074002_906_060e2c81_e0a9e99d,0.666667,0,251565,140.3
tools,reasoning-bank,eog,drive,3,3,1,task_20260109_145235_208_64a4ebb9_9befb3ae,0.666667,0,233522,115.1
tools,reasoning-bank,eog,drive,3,3,2,task_20251204_151109_029_ae7b45e2_1fa53dbc,1.0,1,325306,142.3
tools,reasoning-bank,eog,drive,3,3,2,task_20251205_143732_430_4d9df647_6aceefba,1.0,1,417351,332.5
tools,reasoning-bank,eog,drive,3,3,2,task_20251210_200511_673_4a23b9c9_dcd88f59,0.5,0,116220,69.9
tools,reasoning-bank,eog,drive,3,3,2,task_20260108_113744_344_a9f62433_9cdd0a8f,1.0,1,267370,104.7
tools,reasoning-bank,eog,drive,3,3,2,task_20260109_074002_906_060e2c81_e0a9e99d,1.0,1,286931,180.8
tools,reasoning-bank,eog,drive,3,3,2,task_20260109_145235_208_64a4ebb9_9befb3ae,0.666667,0,180965,90.1
tools,reasoning-bank,eog,drive,3,3,3,task_20251204_151109_029_ae7b45e2_1fa53dbc,1.0,1,420511,190.1
tools,reasoning-bank,eog,drive,3,3,3,task_20251205_143732_430_4d9df647_6aceefba,1.0,1,378746,304.6
tools,reasoning-bank,eog,drive,3,3,3,task_20251210_200511_673_4a23b9c9_dcd88f59,1.0,1,306180,218.1
tools,reasoning-bank,eog,drive,3,3,3,task_20260108_113744_344_a9f62433_9cdd0a8f,1.0,1,239271,160.3
tools,reasoning-bank,eog,drive,3,3,3,task_20260109_074002_906_060e2c81_e0a9e99d,0.666667,0,284347,131.0
tools,reasoning-bank,eog,drive,3,3,3,task_20260109_145235_208_64a4ebb9_9befb3ae,1.0,1,296674,175.1
tools,reasoning-bank,eog,email,1,1,1,task_20260106_060646_574_1628b966_0fc7207a,1.0,1,40375,67.2
tools,reasoning-bank,eog,email,1,1,1,task_20260106_140034_876_e7cfb93b_fc943e0e,0.6,0,37820,137.7
tools,reasoning-bank,eog,email,1,1,2,task_20260106_060646_574_1628b966_0fc7207a,1.0,1,31539,72.0
tools,reasoning-bank,eog,email,1,1,2,task_20260106_140034_876_e7cfb93b_fc943e0e,0.2,0,75685,250.8
tools,reasoning-bank,eog,email,1,1,3,task_20260106_060646_574_1628b966_0fc7207a,1.0,1,46474,80.9
tools,reasoning-bank,eog,email,1,1,3,task_20260106_140034_876_e7cfb93b_fc943e0e,0.2,0,101848,384.1
tools,reasoning-bank,eog,email,2,1,1,task_20260106_060646_574_1628b966_0fc7207a,1.0,1,52007,92.7
tools,reasoning-bank,eog,email,2,1,1,task_20260106_140034_876_e7cfb93b_fc943e0e,0.6,0,63359,114.0
tools,reasoning-bank,eog,email,2,1,2,task_20260106_060646_574_1628b966_0fc7207a,1.0,1,61785,77.2
tools,reasoning-bank,eog,email,2,1,2,task_20260106_140034_876_e7cfb93b_fc943e0e,0.2,0,83359,91.5
tools,reasoning-bank,eog,email,2,1,3,task_20260106_060646_574_1628b966_0fc7207a,1.0,1,58677,56.6
tools,reasoning-bank,eog,email,2,1,3,task_20260106_140034_876_e7cfb93b_fc943e0e,1.0,1,110569,127.2
tools,reasoning-bank,eog,email,2,2,1,task_20251203_093009_456_701c5774_24b57fbd,0.5,0,69899,108.7
tools,reasoning-bank,eog,email,2,2,1,task_20251203_180743_144_e7cfb93b_56dbcb89,1.0,1,87813,125.5
tools,reasoning-bank,eog,email,2,2,1,task_20260105_182555_369_e7cfb93b_c2cc205b,0.666667,0,78298,135.6
tools,reasoning-bank,eog,email,2,2,1,task_20260105_214127_504_e7cfb93b_e6640be3,1.0,1,98870,205.3
tools,reasoning-bank,eog,email,2,2,1,task_20260106_213903_609_e7cfb93b_5e95c001,1.0,1,80057,119.5
tools,reasoning-bank,eog,email,2,2,1,task_20260108_050214_962_e5bf1251_0cabbd3d,0.666667,0,55446,84.5
tools,reasoning-bank,eog,email,2,2,2,task_20251203_093009_456_701c5774_24b57fbd,0.5,0,59223,94.5
tools,reasoning-bank,eog,email,2,2,2,task_20251203_180743_144_e7cfb93b_56dbcb89,1.0,1,56059,83.5
tools,reasoning-bank,eog,email,2,2,2,task_20260105_182555_369_e7cfb93b_c2cc205b,0.666667,0,114401,182.3
tools,reasoning-bank,eog,email,2,2,2,task_20260105_214127_504_e7cfb93b_e6640be3,1.0,1,153219,138.2
tools,reasoning-bank,eog,email,2,2,2,task_20260106_213903_609_e7cfb93b_5e95c001,1.0,1,72569,120.3
tools,reasoning-bank,eog,email,2,2,2,task_20260108_050214_962_e5bf1251_0cabbd3d,0.666667,0,109471,147.3
tools,reasoning-bank,eog,email,2,2,3,task_20251203_093009_456_701c5774_24b57fbd,0.5,0,58379,94.2
tools,reasoning-bank,eog,email,2,2,3,task_20251203_180743_144_e7cfb93b_56dbcb89,1.0,1,55994,82.7
tools,reasoning-bank,eog,email,2,2,3,task_20260105_182555_369_e7cfb93b_c2cc205b,0.666667,0,68698,144.3
tools,reasoning-bank,eog,email,2,2,3,task_20260105_214127_504_e7cfb93b_e6640be3,0.875,0,91866,212.2
tools,reasoning-bank,eog,email,2,2,3,task_20260106_213903_609_e7cfb93b_5e95c001,1.0,1,77561,116.4
tools,reasoning-bank,eog,email,2,2,3,task_20260108_050214_962_e5bf1251_0cabbd3d,0.666667,0,74507,105.7
tools,reasoning-bank,eog,email,3,1,1,task_20260106_060646_574_1628b966_0fc7207a,1.0,1,87251,57.0
tools,reasoning-bank,eog,email,3,1,1,task_20260106_140034_876_e7cfb93b_fc943e0e,0.6,0,98992,195.3
tools,reasoning-bank,eog,email,3,1,2,task_20260106_060646_574_1628b966_0fc7207a,1.0,1,75885,57.4
tools,reasoning-bank,eog,email,3,1,2,task_20260106_140034_876_e7cfb93b_fc943e0e,0.6,0,161686,196.1
tools,reasoning-bank,eog,email,3,1,3,task_20260106_060646_574_1628b966_0fc7207a,1.0,1,65490,98.6
tools,reasoning-bank,eog,email,3,1,3,task_20260106_140034_876_e7cfb93b_fc943e0e,1.0,1,111930,115.5
tools,reasoning-bank,eog,email,3,2,1,task_20251203_093009_456_701c5774_24b57fbd,0.5,0,75094,84.7
tools,reasoning-bank,eog,email,3,2,1,task_20251203_180743_144_e7cfb93b_56dbcb89,0.857143,0,96967,96.5
tools,reasoning-bank,eog,email,3,2,1,task_20260105_182555_369_e7cfb93b_c2cc205b,1.0,1,126124,171.2
tools,reasoning-bank,eog,email,3,2,1,task_20260105_214127_504_e7cfb93b_e6640be3,1.0,1,181980,249.8
tools,reasoning-bank,eog,email,3,2,1,task_20260106_213903_609_e7cfb93b_5e95c001,1.0,1,143787,142.3
tools,reasoning-bank,eog,email,3,2,1,task_20260108_050214_962_e5bf1251_0cabbd3d,0.666667,0,104412,136.6
tools,reasoning-bank,eog,email,3,2,2,task_20251203_093009_456_701c5774_24b57fbd,0.5,0,77599,119.4
tools,reasoning-bank,eog,email,3,2,2,task_20251203_180743_144_e7cfb93b_56dbcb89,1.0,1,119526,124.8
tools,reasoning-bank,eog,email,3,2,2,task_20260105_182555_369_e7cfb93b_c2cc205b,0.833333,0,135711,170.7
tools,reasoning-bank,eog,email,3,2,2,task_20260105_214127_504_e7cfb93b_e6640be3,1.0,1,175220,134.2
tools,reasoning-bank,eog,email,3,2,2,task_20260106_213903_609_e7cfb93b_5e95c001,1.0,1,84554,127.7
tools,reasoning-bank,eog,email,3,2,2,task_20260108_050214_962_e5bf1251_0cabbd3d,0.666667,0,124817,148.9
tools,reasoning-bank,eog,email,3,2,3,task_20251203_093009_456_701c5774_24b57fbd,0.5,0,77128,129.2
tools,reasoning-bank,eog,email,3,2,3,task_20251203_180743_144_e7cfb93b_56dbcb89,1.0,1,65479,91.5
tools,reasoning-bank,eog,email,3,2,3,task_20260105_182555_369_e7cfb93b_c2cc205b,0.833333,0,96016,122.8
tools,reasoning-bank,eog,email,3,2,3,task_20260105_214127_504_e7cfb93b_e6640be3,1.0,1,100628,169.3
tools,reasoning-bank,eog,email,3,2,3,task_20260106_213903_609_e7cfb93b_5e95c001,1.0,1,172550,122.1
tools,reasoning-bank,eog,email,3,2,3,task_20260108_050214_962_e5bf1251_0cabbd3d,0.666667,0,81656,85.9
tools,reasoning-bank,eog,email,3,3,1,task_20251204_101148_724_701c5774_7cb6254a,1.0,1,88962,100.1
tools,reasoning-bank,eog,email,3,3,1,task_20251204_142444_575_e5bf1251_65039f7d,1.0,1,58187,62.9
tools,reasoning-bank,eog,email,3,3,1,task_20260105_233603_790_e7cfb93b_cc802e4b,1.0,1,87696,114.2
tools,reasoning-bank,eog,email,3,3,1,task_20260106_071510_179_911d75d7_0ae789ae,0.0,0,98501,101.3
tools,reasoning-bank,eog,email,3,3,1,task_20260107_125943_886_1628b966_f951b083,0.5,0,93147,96.2
tools,reasoning-bank,eog,email,3,3,1,task_20260107_142454_824_1628b966_4a482da4,1.0,1,94290,88.5
tools,reasoning-bank,eog,email,3,3,1,task_20260108_101001_581_701c5774_3ac4e4fb,0.5,0,147146,199.1
tools,reasoning-bank,eog,email,3,3,2,task_20251204_101148_724_701c5774_7cb6254a,1.0,1,88906,105.7
tools,reasoning-bank,eog,email,3,3,2,task_20251204_142444_575_e5bf1251_65039f7d,1.0,1,46010,42.3
tools,reasoning-bank,eog,email,3,3,2,task_20260105_233603_790_e7cfb93b_cc802e4b,1.0,1,174053,195.5
tools,reasoning-bank,eog,email,3,3,2,task_20260106_071510_179_911d75d7_0ae789ae,0.0,0,68133,51.8
tools,reasoning-bank,eog,email,3,3,2,task_20260107_125943_886_1628b966_f951b083,1.0,1,110697,141.4
tools,reasoning-bank,eog,email,3,3,2,task_20260107_142454_824_1628b966_4a482da4,1.0,1,93161,77.2
tools,reasoning-bank,eog,email,3,3,2,task_20260108_101001_581_701c5774_3ac4e4fb,0.5,0,193129,194.7
tools,reasoning-bank,eog,email,3,3,3,task_20251204_101148_724_701c5774_7cb6254a,1.0,1,145793,160.2
tools,reasoning-bank,eog,email,3,3,3,task_20251204_142444_575_e5bf1251_65039f7d,1.0,1,59525,60.0
tools,reasoning-bank,eog,email,3,3,3,task_20260105_233603_790_e7cfb93b_cc802e4b,1.0,1,88930,156.8
tools,reasoning-bank,eog,email,3,3,3,task_20260106_071510_179_911d75d7_0ae789ae,0.0,0,68402,53.3
tools,reasoning-bank,eog,email,3,3,3,task_20260107_125943_886_1628b966_f951b083,0.5,0,92922,96.7
tools,reasoning-bank,eog,email,3,3,3,task_20260107_142454_824_1628b966_4a482da4,1.0,1,94038,98.8
tools,reasoning-bank,eog,email,3,3,3,task_20260108_101001_581_701c5774_3ac4e4fb,0.5,0,125615,214.7
tools,reasoning-bank,eog,email,4,1,1,task_20260106_060646_574_1628b966_0fc7207a,1.0,1,81575,63.5
tools,reasoning-bank,eog,email,4,1,1,task_20260106_140034_876_e7cfb93b_fc943e0e,0.6,0,112316,148.1
tools,reasoning-bank,eog,email,4,1,2,task_20260106_060646_574_1628b966_0fc7207a,1.0,1,99200,47.9
tools,reasoning-bank,eog,email,4,1,2,task_20260106_140034_876_e7cfb93b_fc943e0e,0.2,0,118201,96.6
tools,reasoning-bank,eog,email,4,1,3,task_20260106_060646_574_1628b966_0fc7207a,1.0,1,95343,35.8
tools,reasoning-bank,eog,email,4,1,3,task_20260106_140034_876_e7cfb93b_fc943e0e,0.6,0,167528,202.8
tools,reasoning-bank,eog,email,4,2,1,task_20251203_093009_456_701c5774_24b57fbd,0.5,0,98223,91.6
tools,reasoning-bank,eog,email,4,2,1,task_20251203_180743_144_e7cfb93b_56dbcb89,0.857143,0,140126,114.1
tools,reasoning-bank,eog,email,4,2,1,task_20260105_182555_369_e7cfb93b_c2cc205b,1.0,1,169147,174.6
tools,reasoning-bank,eog,email,4,2,1,task_20260105_214127_504_e7cfb93b_e6640be3,1.0,1,177319,178.9
tools,reasoning-bank,eog,email,4,2,1,task_20260106_213903_609_e7cfb93b_5e95c001,1.0,1,106462,102.0
tools,reasoning-bank,eog,email,4,2,1,task_20260108_050214_962_e5bf1251_0cabbd3d,0.666667,0,177547,207.7
tools,reasoning-bank,eog,email,4,2,2,task_20251203_093009_456_701c5774_24b57fbd,0.5,0,81621,94.2
tools,reasoning-bank,eog,email,4,2,2,task_20251203_180743_144_e7cfb93b_56dbcb89,1.0,1,202342,175.7
tools,reasoning-bank,eog,email,4,2,2,task_20260105_182555_369_e7cfb93b_c2cc205b,0.833333,0,155667,124.7
tools,reasoning-bank,eog,email,4,2,2,task_20260105_214127_504_e7cfb93b_e6640be3,1.0,1,224651,179.6
tools,reasoning-bank,eog,email,4,2,2,task_20260106_213903_609_e7cfb93b_5e95c001,1.0,1,187933,150.4
tools,reasoning-bank,eog,email,4,2,2,task_20260108_050214_962_e5bf1251_0cabbd3d,0.666667,0,107906,132.5
tools,reasoning-bank,eog,email,4,2,3,task_20251203_093009_456_701c5774_24b57fbd,0.5,0,97517,89.9
tools,reasoning-bank,eog,email,4,2,3,task_20251203_180743_144_e7cfb93b_56dbcb89,0.857143,0,160148,129.5
tools,reasoning-bank,eog,email,4,2,3,task_20260105_182555_369_e7cfb93b_c2cc205b,1.0,1,188425,166.3
tools,reasoning-bank,eog,email,4,2,3,task_20260105_214127_504_e7cfb93b_e6640be3,1.0,1,149162,186.0
tools,reasoning-bank,eog,email,4,2,3,task_20260106_213903_609_e7cfb93b_5e95c001,1.0,1,103866,127.6
tools,reasoning-bank,eog,email,4,2,3,task_20260108_050214_962_e5bf1251_0cabbd3d,0.666667,0,87972,80.7
tools,reasoning-bank,eog,email,4,3,1,task_20251204_101148_724_701c5774_7cb6254a,1.0,1,116909,110.7
tools,reasoning-bank,eog,email,4,3,1,task_20251204_142444_575_e5bf1251_65039f7d,1.0,1,62483,49.3
tools,reasoning-bank,eog,email,4,3,1,task_20260105_233603_790_e7cfb93b_cc802e4b,1.0,1,153744,175.2
tools,reasoning-bank,eog,email,4,3,1,task_20260106_071510_179_911d75d7_0ae789ae,0.0,0,86132,54.5
tools,reasoning-bank,eog,email,4,3,1,task_20260107_125943_886_1628b966_f951b083,0.5,0,117596,106.4
tools,reasoning-bank,eog,email,4,3,1,task_20260107_142454_824_1628b966_4a482da4,1.0,1,78066,65.8
tools,reasoning-bank,eog,email,4,3,1,task_20260108_101001_581_701c5774_3ac4e4fb,0.5,0,224291,244.5
tools,reasoning-bank,eog,email,4,3,2,task_20251204_101148_724_701c5774_7cb6254a,1.0,1,131844,96.2
tools,reasoning-bank,eog,email,4,3,2,task_20251204_142444_575_e5bf1251_65039f7d,1.0,1,75831,33.4
tools,reasoning-bank,eog,email,4,3,2,task_20260105_233603_790_e7cfb93b_cc802e4b,1.0,1,94384,86.9
tools,reasoning-bank,eog,email,4,3,2,task_20260106_071510_179_911d75d7_0ae789ae,0.0,0,85874,38.7
tools,reasoning-bank,eog,email,4,3,2,task_20260107_125943_886_1628b966_f951b083,0.5,0,96886,94.2
tools,reasoning-bank,eog,email,4,3,2,task_20260107_142454_824_1628b966_4a482da4,1.0,1,114330,70.4
tools,reasoning-bank,eog,email,4,3,2,task_20260108_101001_581_701c5774_3ac4e4fb,0.5,0,182098,190.9
tools,reasoning-bank,eog,email,4,3,3,task_20251204_101148_724_701c5774_7cb6254a,1.0,1,85538,105.9
tools,reasoning-bank,eog,email,4,3,3,task_20251204_142444_575_e5bf1251_65039f7d,1.0,1,76339,37.9
tools,reasoning-bank,eog,email,4,3,3,task_20260105_233603_790_e7cfb93b_cc802e4b,1.0,1,124283,102.1
tools,reasoning-bank,eog,email,4,3,3,task_20260106_071510_179_911d75d7_0ae789ae,0.0,0,104886,66.4
tools,reasoning-bank,eog,email,4,3,3,task_20260107_125943_886_1628b966_f951b083,0.5,0,114341,80.6
tools,reasoning-bank,eog,email,4,3,3,task_20260107_142454_824_1628b966_4a482da4,1.0,1,115069,73.9
tools,reasoning-bank,eog,email,4,3,3,task_20260108_101001_581_701c5774_3ac4e4fb,0.5,0,231526,295.5
tools,reasoning-bank,eog,email,4,4,1,task_20251125_150631_436_e5bf1251_77dd7cbb,0.5,0,65449,66.2
tools,reasoning-bank,eog,email,4,4,1,task_20251127_150451_336_701c5774_c2e9609a,0.666667,0,78104,49.9
tools,reasoning-bank,eog,email,4,4,1,task_20251203_113003_327_701c5774_2e2c97d2,1.0,1,75100,29.2
tools,reasoning-bank,eog,email,4,4,1,task_20251203_120537_904_701c5774_849b4b7c,0.666667,0,74882,23.1
tools,reasoning-bank,eog,email,4,4,1,task_20251204_083406_171_e7cfb93b_89e0d558,0.9,0,174439,221.0
tools,reasoning-bank,eog,email,4,4,1,task_20251204_145059_811_e5bf1251_3b195ec1,1.0,1,46990,39.7
tools,reasoning-bank,eog,email,4,4,1,task_20251209_094942_478_701c5774_dc4a4b13,0.333333,0,168002,172.1
tools,reasoning-bank,eog,email,4,4,1,task_20251212_162948_602_8ce75c22_8b25a027,0.833333,0,248012,208.3
tools,reasoning-bank,eog,email,4,4,1,task_20260106_050111_551_701c5774_419d6733,0.333333,0,148188,213.8
tools,reasoning-bank,eog,email,4,4,1,task_20260107_160335_693_911d75d7_d116d7cf,0.5,0,104343,67.4
tools,reasoning-bank,eog,email,4,4,1,task_20260107_191539_515_911d75d7_3ea7750e,1.0,1,140678,87.5
tools,reasoning-bank,eog,email,4,4,1,task_20260107_214637_627_911d75d7_eb9d8622,0.0,0,53433,50.6
tools,reasoning-bank,eog,email,4,4,2,task_20251125_150631_436_e5bf1251_77dd7cbb,1.0,1,81470,59.6
tools,reasoning-bank,eog,email,4,4,2,task_20251127_150451_336_701c5774_c2e9609a,0.666667,0,77701,39.1
tools,reasoning-bank,eog,email,4,4,2,task_20251203_113003_327_701c5774_2e2c97d2,1.0,1,75682,32.0
tools,reasoning-bank,eog,email,4,4,2,task_20251203_120537_904_701c5774_849b4b7c,0.666667,0,75392,29.8
tools,reasoning-bank,eog,email,4,4,2,task_20251204_083406_171_e7cfb93b_89e0d558,0.7,0,295701,232.0
tools,reasoning-bank,eog,email,4,4,2,task_20251204_145059_811_e5bf1251_3b195ec1,1.0,1,61590,31.7
tools,reasoning-bank,eog,email,4,4,2,task_20251209_094942_478_701c5774_dc4a4b13,0.333333,0,148154,145.2
tools,reasoning-bank,eog,email,4,4,2,task_20251212_162948_602_8ce75c22_8b25a027,1.0,1,231548,134.3
tools,reasoning-bank,eog,email,4,4,2,task_20260106_050111_551_701c5774_419d6733,0.333333,0,109980,177.0
tools,reasoning-bank,eog,email,4,4,2,task_20260107_160335_693_911d75d7_d116d7cf,0.5,0,104613,66.7
tools,reasoning-bank,eog,email,4,4,2,task_20260107_191539_515_911d75d7_3ea7750e,0.5,0,105721,83.9
tools,reasoning-bank,eog,email,4,4,2,task_20260107_214637_627_911d75d7_eb9d8622,0.0,0,53152,46.1
tools,reasoning-bank,eog,email,4,4,3,task_20251125_150631_436_e5bf1251_77dd7cbb,1.0,1,81552,54.8
tools,reasoning-bank,eog,email,4,4,3,task_20251127_150451_336_701c5774_c2e9609a,0.666667,0,79011,62.2
tools,reasoning-bank,eog,email,4,4,3,task_20251203_113003_327_701c5774_2e2c97d2,1.0,1,75049,29.0
tools,reasoning-bank,eog,email,4,4,3,task_20251203_120537_904_701c5774_849b4b7c,0.666667,0,61201,30.1
tools,reasoning-bank,eog,email,4,4,3,task_20251204_083406_171_e7cfb93b_89e0d558,1.0,1,314241,343.8
tools,reasoning-bank,eog,email,4,4,3,task_20251204_145059_811_e5bf1251_3b195ec1,1.0,1,46795,34.6
tools,reasoning-bank,eog,email,4,4,3,task_20251209_094942_478_701c5774_dc4a4b13,0.333333,0,148461,128.0
tools,reasoning-bank,eog,email,4,4,3,task_20251212_162948_602_8ce75c22_8b25a027,0.833333,0,159028,91.1
tools,reasoning-bank,eog,email,4,4,3,task_20260106_050111_551_701c5774_419d6733,0.333333,0,161239,169.4
tools,reasoning-bank,eog,email,4,4,3,task_20260107_160335_693_911d75d7_d116d7cf,0.5,0,105201,81.2
tools,reasoning-bank,eog,email,4,4,3,task_20260107_191539_515_911d75d7_3ea7750e,1.0,1,121434,59.4
tools,reasoning-bank,eog,email,4,4,3,task_20260107_214637_627_911d75d7_eb9d8622,0.0,0,53428,59.7
tools,reasoning-bank,eog,email,5,1,1,task_20260106_060646_574_1628b966_0fc7207a,1.0,1,135134,89.7
tools,reasoning-bank,eog,email,5,1,1,task_20260106_140034_876_e7cfb93b_fc943e0e,1.0,1,262680,287.7
tools,reasoning-bank,eog,email,5,1,2,task_20260106_060646_574_1628b966_0fc7207a,1.0,1,128940,26.8
tools,reasoning-bank,eog,email,5,1,2,task_20260106_140034_876_e7cfb93b_fc943e0e,0.6,0,246232,169.3
tools,reasoning-bank,eog,email,5,1,3,task_20260106_060646_574_1628b966_0fc7207a,1.0,1,108039,47.8
tools,reasoning-bank,eog,email,5,1,3,task_20260106_140034_876_e7cfb93b_fc943e0e,0.6,0,255963,121.1
tools,reasoning-bank,eog,email,5,2,1,task_20251203_093009_456_701c5774_24b57fbd,0.5,0,110637,81.5
tools,reasoning-bank,eog,email,5,2,1,task_20251203_180743_144_e7cfb93b_56dbcb89,1.0,1,253224,162.6
tools,reasoning-bank,eog,email,5,2,1,task_20260105_182555_369_e7cfb93b_c2cc205b,1.0,1,239349,153.8
tools,reasoning-bank,eog,email,5,2,1,task_20260105_214127_504_e7cfb93b_e6640be3,1.0,1,260251,209.3
tools,reasoning-bank,eog,email,5,2,1,task_20260106_213903_609_e7cfb93b_5e95c001,1.0,1,354748,188.7
tools,reasoning-bank,eog,email,5,2,1,task_20260108_050214_962_e5bf1251_0cabbd3d,0.666667,0,192288,141.7
tools,reasoning-bank,eog,email,5,2,2,task_20251203_093009_456_701c5774_24b57fbd,0.5,0,132141,103.7
tools,reasoning-bank,eog,email,5,2,2,task_20251203_180743_144_e7cfb93b_56dbcb89,0.857143,0,128117,106.1
tools,reasoning-bank,eog,email,5,2,2,task_20260105_182555_369_e7cfb93b_c2cc205b,0.833333,0,188249,163.4
tools,reasoning-bank,eog,email,5,2,2,task_20260105_214127_504_e7cfb93b_e6640be3,1.0,1,254557,168.0
tools,reasoning-bank,eog,email,5,2,2,task_20260106_213903_609_e7cfb93b_5e95c001,1.0,1,175722,189.1
tools,reasoning-bank,eog,email,5,2,2,task_20260108_050214_962_e5bf1251_0cabbd3d,0.666667,0,119064,108.4
tools,reasoning-bank,eog,email,5,2,3,task_20251203_093009_456_701c5774_24b57fbd,0.5,0,131238,87.9
tools,reasoning-bank,eog,email,5,2,3,task_20251203_180743_144_e7cfb93b_56dbcb89,0.857143,0,257580,172.2
tools,reasoning-bank,eog,email,5,2,3,task_20260105_182555_369_e7cfb93b_c2cc205b,1.0,1,245177,197.7
tools,reasoning-bank,eog,email,5,2,3,task_20260105_214127_504_e7cfb93b_e6640be3,1.0,1,302186,192.3
tools,reasoning-bank,eog,email,5,2,3,task_20260106_213903_609_e7cfb93b_5e95c001,1.0,1,311764,163.9
tools,reasoning-bank,eog,email,5,2,3,task_20260108_050214_962_e5bf1251_0cabbd3d,0.666667,0,142646,117.9
tools,reasoning-bank,eog,email,5,3,1,task_20251204_101148_724_701c5774_7cb6254a,1.0,1,207583,155.8
tools,reasoning-bank,eog,email,5,3,1,task_20251204_142444_575_e5bf1251_65039f7d,1.0,1,106752,53.6
tools,reasoning-bank,eog,email,5,3,1,task_20260105_233603_790_e7cfb93b_cc802e4b,1.0,1,163126,119.8
tools,reasoning-bank,eog,email,5,3,1,task_20260106_071510_179_911d75d7_0ae789ae,0.0,0,139888,76.8
tools,reasoning-bank,eog,email,5,3,1,task_20260107_125943_886_1628b966_f951b083,0.5,0,148415,70.2
tools,reasoning-bank,eog,email,5,3,1,task_20260107_142454_824_1628b966_4a482da4,1.0,1,151226,88.0
tools,reasoning-bank,eog,email,5,3,1,task_20260108_101001_581_701c5774_3ac4e4fb,0.5,0,265947,269.4
tools,reasoning-bank,eog,email,5,3,2,task_20251204_101148_724_701c5774_7cb6254a,1.0,1,305941,203.6
tools,reasoning-bank,eog,email,5,3,2,task_20251204_142444_575_e5bf1251_65039f7d,1.0,1,104691,35.1
tools,reasoning-bank,eog,email,5,3,2,task_20260105_233603_790_e7cfb93b_cc802e4b,1.0,1,186891,128.4
tools,reasoning-bank,eog,email,5,3,2,task_20260106_071510_179_911d75d7_0ae789ae,0.0,0,95388,92.4
tools,reasoning-bank,eog,email,5,3,2,task_20260107_125943_886_1628b966_f951b083,0.5,0,124542,84.8
tools,reasoning-bank,eog,email,5,3,2,task_20260107_142454_824_1628b966_4a482da4,1.0,1,176579,85.0
tools,reasoning-bank,eog,email,5,3,2,task_20260108_101001_581_701c5774_3ac4e4fb,0.5,0,210241,178.0
tools,reasoning-bank,eog,email,5,3,3,task_20251204_101148_724_701c5774_7cb6254a,0.333333,0,114337,95.8
tools,reasoning-bank,eog,email,5,3,3,task_20251204_142444_575_e5bf1251_65039f7d,1.0,1,105844,44.2
tools,reasoning-bank,eog,email,5,3,3,task_20260105_233603_790_e7cfb93b_cc802e4b,1.0,1,145193,103.4
tools,reasoning-bank,eog,email,5,3,3,task_20260106_071510_179_911d75d7_0ae789ae,0.0,0,164875,92.9
tools,reasoning-bank,eog,email,5,3,3,task_20260107_125943_886_1628b966_f951b083,0.5,0,123469,69.3
tools,reasoning-bank,eog,email,5,3,3,task_20260107_142454_824_1628b966_4a482da4,1.0,1,178747,70.9
tools,reasoning-bank,eog,email,5,3,3,task_20260108_101001_581_701c5774_3ac4e4fb,0.5,0,209981,200.9
tools,reasoning-bank,eog,email,5,4,1,task_20251125_150631_436_e5bf1251_77dd7cbb,1.0,1,107751,35.3
tools,reasoning-bank,eog,email,5,4,1,task_20251127_150451_336_701c5774_c2e9609a,0.666667,0,106167,46.0
tools,reasoning-bank,eog,email,5,4,1,task_20251203_113003_327_701c5774_2e2c97d2,1.0,1,104856,33.4
tools,reasoning-bank,eog,email,5,4,1,task_20251203_120537_904_701c5774_849b4b7c,0.666667,0,105844,41.1
tools,reasoning-bank,eog,email,5,4,1,task_20251204_083406_171_e7cfb93b_89e0d558,0.7,0,192192,198.4
tools,reasoning-bank,eog,email,5,4,1,task_20251204_145059_811_e5bf1251_3b195ec1,1.0,1,83580,21.9
tools,reasoning-bank,eog,email,5,4,1,task_20251209_094942_478_701c5774_dc4a4b13,0.333333,0,219135,145.7
tools,reasoning-bank,eog,email,5,4,1,task_20251212_162948_602_8ce75c22_8b25a027,0.833333,0,258738,126.1
tools,reasoning-bank,eog,email,5,4,1,task_20260106_050111_551_701c5774_419d6733,0.333333,0,142673,165.7
tools,reasoning-bank,eog,email,5,4,1,task_20260107_160335_693_911d75d7_d116d7cf,0.5,0,115740,61.1
tools,reasoning-bank,eog,email,5,4,1,task_20260107_191539_515_911d75d7_3ea7750e,1.0,1,164315,101.0
tools,reasoning-bank,eog,email,5,4,1,task_20260107_214637_627_911d75d7_eb9d8622,0.0,0,69941,50.5
tools,reasoning-bank,eog,email,5,4,2,task_20251125_150631_436_e5bf1251_77dd7cbb,0.5,0,88549,48.9
tools,reasoning-bank,eog,email,5,4,2,task_20251127_150451_336_701c5774_c2e9609a,0.666667,0,105962,45.0
tools,reasoning-bank,eog,email,5,4,2,task_20251203_113003_327_701c5774_2e2c97d2,1.0,1,106164,42.3
tools,reasoning-bank,eog,email,5,4,2,task_20251203_120537_904_701c5774_849b4b7c,0.666667,0,103838,25.4
tools,reasoning-bank,eog,email,5,4,2,task_20251204_083406_171_e7cfb93b_89e0d558,0.6,0,208164,219.6
tools,reasoning-bank,eog,email,5,4,2,task_20251204_145059_811_e5bf1251_3b195ec1,1.0,1,84685,37.8
tools,reasoning-bank,eog,email,5,4,2,task_20251209_094942_478_701c5774_dc4a4b13,0.333333,0,219797,148.1
tools,reasoning-bank,eog,email,5,4,2,task_20251212_162948_602_8ce75c22_8b25a027,1.0,1,260557,129.3
tools,reasoning-bank,eog,email,5,4,2,task_20260106_050111_551_701c5774_419d6733,0.333333,0,117115,130.1
tools,reasoning-bank,eog,email,5,4,2,task_20260107_160335_693_911d75d7_d116d7cf,0.5,0,139896,71.2
tools,reasoning-bank,eog,email,5,4,2,task_20260107_191539_515_911d75d7_3ea7750e,1.0,1,163186,69.6
tools,reasoning-bank,eog,email,5,4,2,task_20260107_214637_627_911d75d7_eb9d8622,0.0,0,70310,43.8
tools,reasoning-bank,eog,email,5,4,3,task_20251125_150631_436_e5bf1251_77dd7cbb,0.5,0,87904,45.0
tools,reasoning-bank,eog,email,5,4,3,task_20251127_150451_336_701c5774_c2e9609a,0.666667,0,151089,74.8
tools,reasoning-bank,eog,email,5,4,3,task_20251203_113003_327_701c5774_2e2c97d2,1.0,1,110011,95.7
tools,reasoning-bank,eog,email,5,4,3,task_20251203_120537_904_701c5774_849b4b7c,0.666667,0,104400,37.1
tools,reasoning-bank,eog,email,5,4,3,task_20251204_083406_171_e7cfb93b_89e0d558,0.6,0,362675,170.9
tools,reasoning-bank,eog,email,5,4,3,task_20251204_145059_811_e5bf1251_3b195ec1,1.0,1,84524,29.2
tools,reasoning-bank,eog,email,5,4,3,task_20251209_094942_478_701c5774_dc4a4b13,0.333333,0,220537,218.2
tools,reasoning-bank,eog,email,5,4,3,task_20251212_162948_602_8ce75c22_8b25a027,1.0,1,287217,160.1
tools,reasoning-bank,eog,email,5,4,3,task_20260106_050111_551_701c5774_419d6733,0.333333,0,118735,147.6
tools,reasoning-bank,eog,email,5,4,3,task_20260107_160335_693_911d75d7_d116d7cf,0.5,0,139573,75.0
tools,reasoning-bank,eog,email,5,4,3,task_20260107_191539_515_911d75d7_3ea7750e,1.0,1,186620,83.4
tools,reasoning-bank,eog,email,5,4,3,task_20260107_214637_627_911d75d7_eb9d8622,0.0,0,69647,41.9
tools,reasoning-bank,eog,email,5,5,1,task_20251125_154624_258_701c5774_59c41eed,0.0,0,139631,139.7
tools,reasoning-bank,eog,email,5,5,1,task_20251125_202309_857_e7cfb93b_9c156259,1.0,1,142944,106.9
tools,reasoning-bank,eog,email,5,5,1,task_20251128_154607_365_1628b966_a730b5cf,1.0,1,83630,33.2
tools,reasoning-bank,eog,email,5,5,1,task_20251204_120643_371_8ce75c22_f09e1799,1.0,1,189226,119.8
tools,reasoning-bank,eog,email,5,5,1,task_20251204_153830_645_1628b966_3df25b52,1.0,1,153214,65.4
tools,reasoning-bank,eog,email,5,5,1,task_20251211_054846_540_e5bf1251_265c5883,1.0,1,225534,171.7
tools,reasoning-bank,eog,email,5,5,1,task_20251211_100706_985_701c5774_8d658f71,0.5,0,275057,251.6
tools,reasoning-bank,eog,email,5,5,1,task_20251212_072144_983_8ce75c22_1b848fdd,0.8,0,334906,163.5
tools,reasoning-bank,eog,email,5,5,1,task_20260107_131200_705_1628b966_84e87e0f,0.5,0,147627,106.6
tools,reasoning-bank,eog,email,5,5,1,task_20260107_141130_029_1628b966_8e264839,0.5,0,284890,179.6
tools,reasoning-bank,eog,email,5,5,1,task_20260108_031733_760_e5bf1251_9e81ad1b,1.0,1,250274,175.2
tools,reasoning-bank,eog,email,5,5,1,task_20260109_080715_585_911d75d7_ded91685,1.0,1,183932,145.7
tools,reasoning-bank,eog,email,5,5,1,task_20260109_160851_122_911d75d7_3ece8e5e,0.0,0,94263,75.4
tools,reasoning-bank,eog,email,5,5,2,task_20251125_154624_258_701c5774_59c41eed,0.0,0,112720,79.4
tools,reasoning-bank,eog,email,5,5,2,task_20251125_202309_857_e7cfb93b_9c156259,1.0,1,166113,103.0
tools,reasoning-bank,eog,email,5,5,2,task_20251128_154607_365_1628b966_a730b5cf,1.0,1,105252,46.7
tools,reasoning-bank,eog,email,5,5,2,task_20251204_120643_371_8ce75c22_f09e1799,0.8,0,120596,142.1
tools,reasoning-bank,eog,email,5,5,2,task_20251204_153830_645_1628b966_3df25b52,1.0,1,154748,106.3
tools,reasoning-bank,eog,email,5,5,2,task_20251211_054846_540_e5bf1251_265c5883,1.0,1,231797,195.4
tools,reasoning-bank,eog,email,5,5,2,task_20251211_100706_985_701c5774_8d658f71,0.5,0,541128,474.1
tools,reasoning-bank,eog,email,5,5,2,task_20251212_072144_983_8ce75c22_1b848fdd,0.8,0,241319,221.2
tools,reasoning-bank,eog,email,5,5,2,task_20260107_131200_705_1628b966_84e87e0f,0.5,0,144071,100.5
tools,reasoning-bank,eog,email,5,5,2,task_20260107_141130_029_1628b966_8e264839,0.5,0,238963,239.2
tools,reasoning-bank,eog,email,5,5,2,task_20260108_031733_760_e5bf1251_9e81ad1b,1.0,1,314312,166.9
tools,reasoning-bank,eog,email,5,5,2,task_20260109_080715_585_911d75d7_ded91685,1.0,1,98204,87.5
tools,reasoning-bank,eog,email,5,5,2,task_20260109_160851_122_911d75d7_3ece8e5e,0.0,0,94929,71.2
tools,reasoning-bank,eog,email,5,5,3,task_20251125_154624_258_701c5774_59c41eed,0.0,0,112281,125.3
tools,reasoning-bank,eog,email,5,5,3,task_20251125_202309_857_e7cfb93b_9c156259,1.0,1,164800,114.3
tools,reasoning-bank,eog,email,5,5,3,task_20251128_154607_365_1628b966_a730b5cf,1.0,1,61532,17.2
tools,reasoning-bank,eog,email,5,5,3,task_20251204_120643_371_8ce75c22_f09e1799,0.8,0,142185,123.0
tools,reasoning-bank,eog,email,5,5,3,task_20251204_153830_645_1628b966_3df25b52,1.0,1,155356,99.6
tools,reasoning-bank,eog,email,5,5,3,task_20251211_054846_540_e5bf1251_265c5883,1.0,1,251008,200.8
tools,reasoning-bank,eog,email,5,5,3,task_20251211_100706_985_701c5774_8d658f71,0.75,0,413700,301.7
tools,reasoning-bank,eog,email,5,5,3,task_20251212_072144_983_8ce75c22_1b848fdd,0.8,0,262592,216.3
tools,reasoning-bank,eog,email,5,5,3,task_20260107_131200_705_1628b966_84e87e0f,0.5,0,170896,120.2
tools,reasoning-bank,eog,email,5,5,3,task_20260107_141130_029_1628b966_8e264839,0.5,0,238938,221.7
tools,reasoning-bank,eog,email,5,5,3,task_20260108_031733_760_e5bf1251_9e81ad1b,1.0,1,207085,195.8
tools,reasoning-bank,eog,email,5,5,3,task_20260109_080715_585_911d75d7_ded91685,1.0,1,174464,180.7
tools,reasoning-bank,eog,email,5,5,3,task_20260109_160851_122_911d75d7_3ece8e5e,0.0,0,119405,110.2
tools,reasoning-bank,eog,email,6,1,1,task_20260106_060646_574_1628b966_0fc7207a,1.0,1,164794,84.2
tools,reasoning-bank,eog,email,6,1,1,task_20260106_140034_876_e7cfb93b_fc943e0e,1.0,1,370546,242.5
tools,reasoning-bank,eog,email,6,1,2,task_20260106_060646_574_1628b966_0fc7207a,1.0,1,107649,69.9
tools,reasoning-bank,eog,email,6,1,2,task_20260106_140034_876_e7cfb93b_fc943e0e,0.6,0,288342,211.4
tools,reasoning-bank,eog,email,6,1,3,task_20260106_060646_574_1628b966_0fc7207a,1.0,1,217602,66.2
tools,reasoning-bank,eog,email,6,1,3,task_20260106_140034_876_e7cfb93b_fc943e0e,1.0,1,272044,143.1
tools,reasoning-bank,eog,email,6,2,1,task_20251203_093009_456_701c5774_24b57fbd,0.5,0,164141,114.6
tools,reasoning-bank,eog,email,6,2,1,task_20251203_180743_144_e7cfb93b_56dbcb89,1.0,1,182737,94.0
tools,reasoning-bank,eog,email,6,2,1,task_20260105_182555_369_e7cfb93b_c2cc205b,1.0,1,287304,211.3
tools,reasoning-bank,eog,email,6,2,1,task_20260105_214127_504_e7cfb93b_e6640be3,1.0,1,340527,217.2
tools,reasoning-bank,eog,email,6,2,1,task_20260106_213903_609_e7cfb93b_5e95c001,1.0,1,156006,119.5
tools,reasoning-bank,eog,email,6,2,1,task_20260108_050214_962_e5bf1251_0cabbd3d,0.666667,0,114959,82.7
tools,reasoning-bank,eog,email,6,2,2,task_20251203_093009_456_701c5774_24b57fbd,0.5,0,162511,87.6
tools,reasoning-bank,eog,email,6,2,2,task_20251203_180743_144_e7cfb93b_56dbcb89,0.857143,0,306667,160.4
tools,reasoning-bank,eog,email,6,2,2,task_20260105_182555_369_e7cfb93b_c2cc205b,0.666667,0,197520,117.4
tools,reasoning-bank,eog,email,6,2,2,task_20260105_214127_504_e7cfb93b_e6640be3,1.0,1,366721,167.9
tools,reasoning-bank,eog,email,6,2,2,task_20260106_213903_609_e7cfb93b_5e95c001,1.0,1,324434,145.2
tools,reasoning-bank,eog,email,6,2,2,task_20260108_050214_962_e5bf1251_0cabbd3d,0.666667,0,170493,96.3
tools,reasoning-bank,eog,email,6,2,3,task_20251203_093009_456_701c5774_24b57fbd,0.5,0,162107,74.0
tools,reasoning-bank,eog,email,6,2,3,task_20251203_180743_144_e7cfb93b_56dbcb89,0.857143,0,196867,101.1
tools,reasoning-bank,eog,email,6,2,3,task_20260105_182555_369_e7cfb93b_c2cc205b,0.833333,0,230496,176.9
tools,reasoning-bank,eog,email,6,2,3,task_20260105_214127_504_e7cfb93b_e6640be3,1.0,1,367928,160.4
tools,reasoning-bank,eog,email,6,2,3,task_20260106_213903_609_e7cfb93b_5e95c001,1.0,1,163006,92.6
tools,reasoning-bank,eog,email,6,2,3,task_20260108_050214_962_e5bf1251_0cabbd3d,0.666667,0,170614,89.0
tools,reasoning-bank,eog,email,6,3,1,task_20251204_101148_724_701c5774_7cb6254a,1.0,1,330461,126.2
tools,reasoning-bank,eog,email,6,3,1,task_20251204_142444_575_e5bf1251_65039f7d,1.0,1,130995,54.8
tools,reasoning-bank,eog,email,6,3,1,task_20260105_233603_790_e7cfb93b_cc802e4b,1.0,1,199763,114.8
tools,reasoning-bank,eog,email,6,3,1,task_20260106_071510_179_911d75d7_0ae789ae,0.0,0,140087,41.3
tools,reasoning-bank,eog,email,6,3,1,task_20260107_125943_886_1628b966_f951b083,0.5,0,240605,88.4
tools,reasoning-bank,eog,email,6,3,1,task_20260107_142454_824_1628b966_4a482da4,1.0,1,210625,76.2
tools,reasoning-bank,eog,email,6,3,1,task_20260108_101001_581_701c5774_3ac4e4fb,0.5,0,346966,310.4
tools,reasoning-bank,eog,email,6,3,2,task_20251204_101148_724_701c5774_7cb6254a,0.333333,0,570738,294.6
tools,reasoning-bank,eog,email,6,3,2,task_20251204_142444_575_e5bf1251_65039f7d,1.0,1,129599,39.9
tools,reasoning-bank,eog,email,6,3,2,task_20260105_233603_790_e7cfb93b_cc802e4b,1.0,1,173710,83.0
tools,reasoning-bank,eog,email,6,3,2,task_20260106_071510_179_911d75d7_0ae789ae,0.0,0,139519,46.0
tools,reasoning-bank,eog,email,6,3,2,task_20260107_125943_886_1628b966_f951b083,0.5,0,150927,90.9
tools,reasoning-bank,eog,email,6,3,2,task_20260107_142454_824_1628b966_4a482da4,1.0,1,122449,71.4
tools,reasoning-bank,eog,email,6,3,2,task_20260108_101001_581_701c5774_3ac4e4fb,0.5,0,346590,312.4
tools,reasoning-bank,eog,email,6,3,3,task_20251204_101148_724_701c5774_7cb6254a,0.333333,0,489170,333.5
tools,reasoning-bank,eog,email,6,3,3,task_20251204_142444_575_e5bf1251_65039f7d,1.0,1,131405,72.6
tools,reasoning-bank,eog,email,6,3,3,task_20260105_233603_790_e7cfb93b_cc802e4b,1.0,1,235709,170.8
tools,reasoning-bank,eog,email,6,3,3,task_20260106_071510_179_911d75d7_0ae789ae,0.0,0,198173,79.1
tools,reasoning-bank,eog,email,6,3,3,task_20260107_125943_886_1628b966_f951b083,0.5,0,239896,105.3
tools,reasoning-bank,eog,email,6,3,3,task_20260107_142454_824_1628b966_4a482da4,1.0,1,241426,99.5
tools,reasoning-bank,eog,email,6,3,3,task_20260108_101001_581_701c5774_3ac4e4fb,0.5,0,314718,324.3
tools,reasoning-bank,eog,email,6,4,1,task_20251125_150631_436_e5bf1251_77dd7cbb,0.5,0,109431,63.8
tools,reasoning-bank,eog,email,6,4,1,task_20251127_150451_336_701c5774_c2e9609a,0.666667,0,134474,100.4
tools,reasoning-bank,eog,email,6,4,1,task_20251203_113003_327_701c5774_2e2c97d2,1.0,1,155886,45.6
tools,reasoning-bank,eog,email,6,4,1,task_20251203_120537_904_701c5774_849b4b7c,0.666667,0,131418,49.3
tools,reasoning-bank,eog,email,6,4,1,task_20251204_083406_171_e7cfb93b_89e0d558,1.0,1,387514,270.0
tools,reasoning-bank,eog,email,6,4,1,task_20251204_145059_811_e5bf1251_3b195ec1,1.0,1,103859,24.5
tools,reasoning-bank,eog,email,6,4,1,task_20251209_094942_478_701c5774_dc4a4b13,0.333333,0,237751,201.1
tools,reasoning-bank,eog,email,6,4,1,task_20251212_162948_602_8ce75c22_8b25a027,1.0,1,343661,191.2
tools,reasoning-bank,eog,email,6,4,1,task_20260106_050111_551_701c5774_419d6733,0.333333,0,253775,146.8
tools,reasoning-bank,eog,email,6,4,1,task_20260107_160335_693_911d75d7_d116d7cf,0.5,0,198635,89.9
tools,reasoning-bank,eog,email,6,4,1,task_20260107_191539_515_911d75d7_3ea7750e,1.0,1,198726,87.2
tools,reasoning-bank,eog,email,6,4,1,task_20260107_214637_627_911d75d7_eb9d8622,0.0,0,85909,58.4
tools,reasoning-bank,eog,email,6,4,2,task_20251125_150631_436_e5bf1251_77dd7cbb,0.5,0,108049,50.9
tools,reasoning-bank,eog,email,6,4,2,task_20251127_150451_336_701c5774_c2e9609a,0.666667,0,131803,50.5
tools,reasoning-bank,eog,email,6,4,2,task_20251203_113003_327_701c5774_2e2c97d2,1.0,1,130969,44.9
tools,reasoning-bank,eog,email,6,4,2,task_20251203_120537_904_701c5774_849b4b7c,0.666667,0,157360,50.0
tools,reasoning-bank,eog,email,6,4,2,task_20251204_083406_171_e7cfb93b_89e0d558,0.6,0,163754,175.0
tools,reasoning-bank,eog,email,6,4,2,task_20251204_145059_811_e5bf1251_3b195ec1,1.0,1,104935,42.4
tools,reasoning-bank,eog,email,6,4,2,task_20251209_094942_478_701c5774_dc4a4b13,0.333333,0,356592,239.0
tools,reasoning-bank,eog,email,6,4,2,task_20251212_162948_602_8ce75c22_8b25a027,1.0,1,395828,275.3
tools,reasoning-bank,eog,email,6,4,2,task_20260106_050111_551_701c5774_419d6733,0.333333,0,282009,182.3
tools,reasoning-bank,eog,email,6,4,2,task_20260107_160335_693_911d75d7_d116d7cf,0.5,0,199262,95.3
tools,reasoning-bank,eog,email,6,4,2,task_20260107_191539_515_911d75d7_3ea7750e,1.0,1,197156,72.2
tools,reasoning-bank,eog,email,6,4,2,task_20260107_214637_627_911d75d7_eb9d8622,0.0,0,85522,50.1
tools,reasoning-bank,eog,email,6,4,3,task_20251125_150631_436_e5bf1251_77dd7cbb,1.0,1,160899,77.8
tools,reasoning-bank,eog,email,6,4,3,task_20251127_150451_336_701c5774_c2e9609a,0.666667,0,131666,55.6
tools,reasoning-bank,eog,email,6,4,3,task_20251203_113003_327_701c5774_2e2c97d2,1.0,1,129268,30.8
tools,reasoning-bank,eog,email,6,4,3,task_20251203_120537_904_701c5774_849b4b7c,0.0,0,30791,80.2
tools,reasoning-bank,eog,email,6,4,3,task_20251204_083406_171_e7cfb93b_89e0d558,0.7,0,227482,193.4
tools,reasoning-bank,eog,email,6,4,3,task_20251204_145059_811_e5bf1251_3b195ec1,1.0,1,104049,35.2
tools,reasoning-bank,eog,email,6,4,3,task_20251209_094942_478_701c5774_dc4a4b13,0.333333,0,264794,204.4
tools,reasoning-bank,eog,email,6,4,3,task_20251212_162948_602_8ce75c22_8b25a027,0.833333,0,278046,158.2
tools,reasoning-bank,eog,email,6,4,3,task_20260106_050111_551_701c5774_419d6733,0.333333,0,224630,143.8
tools,reasoning-bank,eog,email,6,4,3,task_20260107_160335_693_911d75d7_d116d7cf,0.5,0,200343,94.0
tools,reasoning-bank,eog,email,6,4,3,task_20260107_191539_515_911d75d7_3ea7750e,1.0,1,171153,126.8
tools,reasoning-bank,eog,email,6,4,3,task_20260107_214637_627_911d75d7_eb9d8622,0.0,0,85612,57.0
tools,reasoning-bank,eog,email,6,5,1,task_20251125_154624_258_701c5774_59c41eed,1.0,1,327736,419.7
tools,reasoning-bank,eog,email,6,5,1,task_20251125_202309_857_e7cfb93b_9c156259,1.0,1,198866,117.1
tools,reasoning-bank,eog,email,6,5,1,task_20251128_154607_365_1628b966_a730b5cf,1.0,1,155457,69.6
tools,reasoning-bank,eog,email,6,5,1,task_20251204_120643_371_8ce75c22_f09e1799,0.6,0,201127,145.7
tools,reasoning-bank,eog,email,6,5,1,task_20251204_153830_645_1628b966_3df25b52,1.0,1,159652,53.2
tools,reasoning-bank,eog,email,6,5,1,task_20251211_054846_540_e5bf1251_265c5883,1.0,1,307462,206.5
tools,reasoning-bank,eog,email,6,5,1,task_20251211_100706_985_701c5774_8d658f71,0.5,0,359477,304.7
tools,reasoning-bank,eog,email,6,5,1,task_20251212_072144_983_8ce75c22_1b848fdd,0.8,0,321230,277.4
tools,reasoning-bank,eog,email,6,5,1,task_20260107_131200_705_1628b966_84e87e0f,0.5,0,153222,98.0
tools,reasoning-bank,eog,email,6,5,1,task_20260107_141130_029_1628b966_8e264839,0.5,0,373791,246.6
tools,reasoning-bank,eog,email,6,5,1,task_20260108_031733_760_e5bf1251_9e81ad1b,1.0,1,447522,347.7
tools,reasoning-bank,eog,email,6,5,1,task_20260109_080715_585_911d75d7_ded91685,1.0,1,155344,179.6
tools,reasoning-bank,eog,email,6,5,1,task_20260109_160851_122_911d75d7_3ece8e5e,0.0,0,86309,63.4
tools,reasoning-bank,eog,email,6,5,2,task_20251125_154624_258_701c5774_59c41eed,0.0,0,180161,323.1
tools,reasoning-bank,eog,email,6,5,2,task_20251125_202309_857_e7cfb93b_9c156259,1.0,1,202847,124.0
tools,reasoning-bank,eog,email,6,5,2,task_20251128_154607_365_1628b966_a730b5cf,1.0,1,130424,59.3
tools,reasoning-bank,eog,email,6,5,2,task_20251204_120643_371_8ce75c22_f09e1799,0.8,0,148554,146.4
tools,reasoning-bank,eog,email,6,5,2,task_20251204_153830_645_1628b966_3df25b52,1.0,1,162957,82.2
tools,reasoning-bank,eog,email,6,5,2,task_20251211_054846_540_e5bf1251_265c5883,0.666667,0,203321,131.4
tools,reasoning-bank,eog,email,6,5,2,task_20251211_100706_985_701c5774_8d658f71,0.5,0,516629,460.8
tools,reasoning-bank,eog,email,6,5,2,task_20251212_072144_983_8ce75c22_1b848fdd,0.6,0,385177,241.7
tools,reasoning-bank,eog,email,6,5,2,task_20260107_131200_705_1628b966_84e87e0f,0.5,0,91276,70.5
tools,reasoning-bank,eog,email,6,5,2,task_20260107_141130_029_1628b966_8e264839,0.5,0,338340,182.9
tools,reasoning-bank,eog,email,6,5,2,task_20260108_031733_760_e5bf1251_9e81ad1b,1.0,1,280477,189.5
tools,reasoning-bank,eog,email,6,5,2,task_20260109_080715_585_911d75d7_ded91685,1.0,1,206747,142.0
tools,reasoning-bank,eog,email,6,5,2,task_20260109_160851_122_911d75d7_3ece8e5e,0.0,0,172743,138.3
tools,reasoning-bank,eog,email,6,5,3,task_20251125_154624_258_701c5774_59c41eed,0.0,0,168206,158.2
tools,reasoning-bank,eog,email,6,5,3,task_20251125_202309_857_e7cfb93b_9c156259,1.0,1,226642,120.1
tools,reasoning-bank,eog,email,6,5,3,task_20251128_154607_365_1628b966_a730b5cf,1.0,1,76833,21.4
tools,reasoning-bank,eog,email,6,5,3,task_20251204_120643_371_8ce75c22_f09e1799,0.6,0,148726,171.4
tools,reasoning-bank,eog,email,6,5,3,task_20251204_153830_645_1628b966_3df25b52,1.0,1,163184,87.8
tools,reasoning-bank,eog,email,6,5,3,task_20251211_054846_540_e5bf1251_265c5883,1.0,1,302289,169.5
tools,reasoning-bank,eog,email,6,5,3,task_20251211_100706_985_701c5774_8d658f71,0.5,0,653050,499.6
tools,reasoning-bank,eog,email,6,5,3,task_20251212_072144_983_8ce75c22_1b848fdd,0.8,0,320830,203.0
tools,reasoning-bank,eog,email,6,5,3,task_20260107_131200_705_1628b966_84e87e0f,0.5,0,154043,95.9
tools,reasoning-bank,eog,email,6,5,3,task_20260107_141130_029_1628b966_8e264839,0.5,0,341866,209.9
tools,reasoning-bank,eog,email,6,5,3,task_20260108_031733_760_e5bf1251_9e81ad1b,1.0,1,354661,217.0
tools,reasoning-bank,eog,email,6,5,3,task_20260109_080715_585_911d75d7_ded91685,1.0,1,181150,176.7
tools,reasoning-bank,eog,email,6,5,3,task_20260109_160851_122_911d75d7_3ece8e5e,0.0,0,115542,120.4
tools,reasoning-bank,eog,email,6,6,1,task_20251203_104951_949_701c5774_5a606512,1.0,1,168790,162.5
tools,reasoning-bank,eog,email,6,6,1,task_20251204_144745_585_e5bf1251_4e4c189d,1.0,1,82309,42.2
tools,reasoning-bank,eog,email,6,6,1,task_20251211_194841_657_8ce75c22_43c6bc2f,1.0,1,434203,161.0
tools,reasoning-bank,eog,email,6,6,1,task_20260106_052248_226_1628b966_d8c22aed,1.0,1,307385,101.4
tools,reasoning-bank,eog,email,6,6,1,task_20260108_143038_654_e5bf1251_b9e616b8,1.0,1,146229,77.2
tools,reasoning-bank,eog,email,6,6,1,task_20260109_170111_125_8ce75c22_1c7034c5,0.75,0,164886,93.1
tools,reasoning-bank,eog,email,6,6,2,task_20251203_104951_949_701c5774_5a606512,1.0,1,199541,240.0
tools,reasoning-bank,eog,email,6,6,2,task_20251204_144745_585_e5bf1251_4e4c189d,1.0,1,81180,57.3
tools,reasoning-bank,eog,email,6,6,2,task_20251211_194841_657_8ce75c22_43c6bc2f,1.0,1,372195,147.7
tools,reasoning-bank,eog,email,6,6,2,task_20260106_052248_226_1628b966_d8c22aed,1.0,1,324924,118.4
tools,reasoning-bank,eog,email,6,6,2,task_20260108_143038_654_e5bf1251_b9e616b8,1.0,1,194046,114.7
tools,reasoning-bank,eog,email,6,6,2,task_20260109_170111_125_8ce75c22_1c7034c5,1.0,1,248762,103.5
tools,reasoning-bank,eog,email,6,6,3,task_20251203_104951_949_701c5774_5a606512,1.0,1,140282,90.1
tools,reasoning-bank,eog,email,6,6,3,task_20251204_144745_585_e5bf1251_4e4c189d,1.0,1,132813,38.7
tools,reasoning-bank,eog,email,6,6,3,task_20251211_194841_657_8ce75c22_43c6bc2f,1.0,1,384810,162.0
tools,reasoning-bank,eog,email,6,6,3,task_20260106_052248_226_1628b966_d8c22aed,1.0,1,244518,112.6
tools,reasoning-bank,eog,email,6,6,3,task_20260108_143038_654_e5bf1251_b9e616b8,1.0,1,143021,37.5
tools,reasoning-bank,eog,email,6,6,3,task_20260109_170111_125_8ce75c22_1c7034c5,1.0,1,254689,60.5
tools,reasoning-bank,eog,hr,1,1,1,task_20251223_184833_888_a8eea1c0_87c53cb9,0.571429,0,71407,149.3
tools,reasoning-bank,eog,hr,1,1,1,task_20251223_194142_190_46ca2862_d9cae434,0.5,0,93945,178.7
tools,reasoning-bank,eog,hr,1,1,1,task_20251223_194912_450_46ca2862_0084047c,0.5,0,102536,158.8
tools,reasoning-bank,eog,hr,1,1,1,task_20251224_094258_495_c4ad7a70_42fbe372,0.75,0,108150,130.7
tools,reasoning-bank,eog,hr,1,1,1,task_20251224_133749_739_c4ad7a70_9df76270,1.0,1,97660,119.0
tools,reasoning-bank,eog,hr,1,1,1,task_20251226_094920_495_99ba2325_627386b2,1.0,1,118856,283.6
tools,reasoning-bank,eog,hr,1,1,1,task_20260112_141226_936_7aad91c1_61df8f2b,1.0,1,99755,100.2
tools,reasoning-bank,eog,hr,1,1,1,task_20260116_104653_444_99ba2325_320d5ca4,1.0,1,93144,203.5
tools,reasoning-bank,eog,hr,1,1,1,task_20260116_112336_208_c5cac200_da33db0a,1.0,1,159500,218.2
tools,reasoning-bank,eog,hr,1,1,1,task_20260116_160908_725_46ca2862_923e672e,0.0,0,52146,156.5
tools,reasoning-bank,eog,hr,1,1,2,task_20251223_184833_888_a8eea1c0_87c53cb9,0.571429,0,100748,104.0
tools,reasoning-bank,eog,hr,1,1,2,task_20251223_194142_190_46ca2862_d9cae434,0.5,0,107531,217.2
tools,reasoning-bank,eog,hr,1,1,2,task_20251223_194912_450_46ca2862_0084047c,0.5,0,92814,156.1
tools,reasoning-bank,eog,hr,1,1,2,task_20251224_094258_495_c4ad7a70_42fbe372,1.0,1,117243,190.1
tools,reasoning-bank,eog,hr,1,1,2,task_20251224_133749_739_c4ad7a70_9df76270,0.75,0,142849,189.9
tools,reasoning-bank,eog,hr,1,1,2,task_20251226_094920_495_99ba2325_627386b2,1.0,1,92817,181.2
tools,reasoning-bank,eog,hr,1,1,2,task_20260112_141226_936_7aad91c1_61df8f2b,1.0,1,103011,127.6
tools,reasoning-bank,eog,hr,1,1,2,task_20260116_104653_444_99ba2325_320d5ca4,1.0,1,121373,214.6
tools,reasoning-bank,eog,hr,1,1,2,task_20260116_112336_208_c5cac200_da33db0a,1.0,1,129080,187.7
tools,reasoning-bank,eog,hr,1,1,2,task_20260116_160908_725_46ca2862_923e672e,0.0,0,104314,269.0
tools,reasoning-bank,eog,hr,1,1,3,task_20251223_184833_888_a8eea1c0_87c53cb9,0.571429,0,91375,121.0
tools,reasoning-bank,eog,hr,1,1,3,task_20251223_194142_190_46ca2862_d9cae434,0.5,0,92373,145.4
tools,reasoning-bank,eog,hr,1,1,3,task_20251223_194912_450_46ca2862_0084047c,0.5,0,120838,191.9
tools,reasoning-bank,eog,hr,1,1,3,task_20251224_094258_495_c4ad7a70_42fbe372,1.0,1,122620,167.2
tools,reasoning-bank,eog,hr,1,1,3,task_20251224_133749_739_c4ad7a70_9df76270,0.75,0,94822,127.0
tools,reasoning-bank,eog,hr,1,1,3,task_20251226_094920_495_99ba2325_627386b2,1.0,1,113113,194.0
tools,reasoning-bank,eog,hr,1,1,3,task_20260112_141226_936_7aad91c1_61df8f2b,1.0,1,101683,129.9
tools,reasoning-bank,eog,hr,1,1,3,task_20260116_104653_444_99ba2325_320d5ca4,1.0,1,91793,191.1
tools,reasoning-bank,eog,hr,1,1,3,task_20260116_112336_208_c5cac200_da33db0a,0.833333,0,74812,96.2
tools,reasoning-bank,eog,hr,1,1,3,task_20260116_160908_725_46ca2862_923e672e,0.0,0,76898,194.5
tools,reasoning-bank,eog,hr,2,1,1,task_20251223_184833_888_a8eea1c0_87c53cb9,1.0,1,188487,85.3
tools,reasoning-bank,eog,hr,2,1,1,task_20251223_194142_190_46ca2862_d9cae434,1.0,1,156467,141.1
tools,reasoning-bank,eog,hr,2,1,1,task_20251223_194912_450_46ca2862_0084047c,0.5,0,214614,216.7
tools,reasoning-bank,eog,hr,2,1,1,task_20251224_094258_495_c4ad7a70_42fbe372,1.0,1,160466,143.3
tools,reasoning-bank,eog,hr,2,1,1,task_20251224_133749_739_c4ad7a70_9df76270,1.0,1,157217,126.4
tools,reasoning-bank,eog,hr,2,1,1,task_20251226_094920_495_99ba2325_627386b2,1.0,1,162740,152.3
tools,reasoning-bank,eog,hr,2,1,1,task_20260112_141226_936_7aad91c1_61df8f2b,1.0,1,169207,108.1
tools,reasoning-bank,eog,hr,2,1,1,task_20260116_104653_444_99ba2325_320d5ca4,1.0,1,163558,137.9
tools,reasoning-bank,eog,hr,2,1,1,task_20260116_112336_208_c5cac200_da33db0a,0.833333,0,145722,128.5
tools,reasoning-bank,eog,hr,2,1,1,task_20260116_160908_725_46ca2862_923e672e,0.0,0,69425,98.6
tools,reasoning-bank,eog,hr,2,1,2,task_20251223_184833_888_a8eea1c0_87c53cb9,0.571429,0,136676,103.1
tools,reasoning-bank,eog,hr,2,1,2,task_20251223_194142_190_46ca2862_d9cae434,1.0,1,138408,133.6
tools,reasoning-bank,eog,hr,2,1,2,task_20251223_194912_450_46ca2862_0084047c,0.5,0,157297,172.3
tools,reasoning-bank,eog,hr,2,1,2,task_20251224_094258_495_c4ad7a70_42fbe372,0.75,0,140601,112.0
tools,reasoning-bank,eog,hr,2,1,2,task_20251224_133749_739_c4ad7a70_9df76270,1.0,1,139740,99.2
tools,reasoning-bank,eog,hr,2,1,2,task_20251226_094920_495_99ba2325_627386b2,0.75,0,143504,149.0
tools,reasoning-bank,eog,hr,2,1,2,task_20260112_141226_936_7aad91c1_61df8f2b,1.0,1,169088,117.5
tools,reasoning-bank,eog,hr,2,1,2,task_20260116_104653_444_99ba2325_320d5ca4,1.0,1,148385,165.6
tools,reasoning-bank,eog,hr,2,1,2,task_20260116_112336_208_c5cac200_da33db0a,0.833333,0,144107,92.9
tools,reasoning-bank,eog,hr,2,1,2,task_20260116_160908_725_46ca2862_923e672e,0.0,0,53476,87.7
tools,reasoning-bank,eog,hr,2,1,3,task_20251223_184833_888_a8eea1c0_87c53cb9,0.571429,0,151492,88.6
tools,reasoning-bank,eog,hr,2,1,3,task_20251223_194142_190_46ca2862_d9cae434,0.5,0,157211,161.9
tools,reasoning-bank,eog,hr,2,1,3,task_20251223_194912_450_46ca2862_0084047c,0.5,0,189324,183.5
tools,reasoning-bank,eog,hr,2,1,3,task_20251224_094258_495_c4ad7a70_42fbe372,1.0,1,142435,141.0
tools,reasoning-bank,eog,hr,2,1,3,task_20251224_133749_739_c4ad7a70_9df76270,1.0,1,176874,146.0
tools,reasoning-bank,eog,hr,2,1,3,task_20251226_094920_495_99ba2325_627386b2,0.75,0,142322,145.5
tools,reasoning-bank,eog,hr,2,1,3,task_20260112_141226_936_7aad91c1_61df8f2b,1.0,1,150162,127.1
tools,reasoning-bank,eog,hr,2,1,3,task_20260116_104653_444_99ba2325_320d5ca4,0.75,0,145775,171.0
tools,reasoning-bank,eog,hr,2,1,3,task_20260116_112336_208_c5cac200_da33db0a,1.0,1,245091,191.1
tools,reasoning-bank,eog,hr,2,1,3,task_20260116_160908_725_46ca2862_923e672e,0.0,0,72065,106.3
tools,reasoning-bank,eog,hr,2,2,1,task_20251217_211723_514_87437950_3bbbb519,0.25,0,155633,123.3
tools,reasoning-bank,eog,hr,2,2,1,task_20251219_205632_335_cd46e60f_4db23138,0.25,0,222021,133.5
tools,reasoning-bank,eog,hr,2,2,1,task_20251224_030218_157_00364ece_79650819,0.5,0,118584,78.7
tools,reasoning-bank,eog,hr,2,2,1,task_20251224_195437_497_e6427839_6357fed2,0.0,0,126714,97.9
tools,reasoning-bank,eog,hr,2,2,1,task_20251226_090527_363_b25153b4_6caf1a47,0.6,0,162340,117.9
tools,reasoning-bank,eog,hr,2,2,1,task_20251226_135729_497_c4ad7a70_788f5baf,0.666667,0,120259,100.8
tools,reasoning-bank,eog,hr,2,2,1,task_20251226_153702_699_ad5a67e3_43cd2d47,0.0,0,36402,54.5
tools,reasoning-bank,eog,hr,2,2,1,task_20260114_170216_532_accab84d_9dc7ddd5,1.0,1,119643,63.0
tools,reasoning-bank,eog,hr,2,2,1,task_20260114_180423_838_00364ece_9f2ad35c,0.75,0,267701,228.0
tools,reasoning-bank,eog,hr,2,2,1,task_20260115_124602_090_accab84d_91ac1840,0.666667,0,223216,130.4
tools,reasoning-bank,eog,hr,2,2,1,task_20260115_151312_690_57529556_9fca8861,1.0,1,395009,288.7
tools,reasoning-bank,eog,hr,2,2,1,task_20260116_055513_891_99ba2325_849991b8,0.166667,0,59365,120.3
tools,reasoning-bank,eog,hr,2,2,1,task_20260116_170758_750_d4a463c3_3885de59,0.0,0,18996,37.6
tools,reasoning-bank,eog,hr,2,2,2,task_20251217_211723_514_87437950_3bbbb519,0.25,0,151170,126.0
tools,reasoning-bank,eog,hr,2,2,2,task_20251219_205632_335_cd46e60f_4db23138,0.25,0,240560,191.7
tools,reasoning-bank,eog,hr,2,2,2,task_20251224_030218_157_00364ece_79650819,0.0,0,85824,86.6
tools,reasoning-bank,eog,hr,2,2,2,task_20251224_195437_497_e6427839_6357fed2,0.0,0,104978,61.1
tools,reasoning-bank,eog,hr,2,2,2,task_20251226_090527_363_b25153b4_6caf1a47,0.6,0,160185,129.2
tools,reasoning-bank,eog,hr,2,2,2,task_20251226_135729_497_c4ad7a70_788f5baf,0.666667,0,115390,66.2
tools,reasoning-bank,eog,hr,2,2,2,task_20251226_153702_699_ad5a67e3_43cd2d47,1.0,1,124681,117.6
tools,reasoning-bank,eog,hr,2,2,2,task_20260114_170216_532_accab84d_9dc7ddd5,1.0,1,136036,69.0
tools,reasoning-bank,eog,hr,2,2,2,task_20260114_180423_838_00364ece_9f2ad35c,0.5,0,242722,303.5
tools,reasoning-bank,eog,hr,2,2,2,task_20260115_124602_090_accab84d_91ac1840,0.666667,0,273330,148.0
tools,reasoning-bank,eog,hr,2,2,2,task_20260115_151312_690_57529556_9fca8861,1.0,1,234329,246.8
tools,reasoning-bank,eog,hr,2,2,2,task_20260116_055513_891_99ba2325_849991b8,0.333333,0,215427,267.6
tools,reasoning-bank,eog,hr,2,2,2,task_20260116_170758_750_d4a463c3_3885de59,0.666667,0,250726,289.0
tools,reasoning-bank,eog,hr,2,2,3,task_20251217_211723_514_87437950_3bbbb519,0.25,0,115102,93.6
tools,reasoning-bank,eog,hr,2,2,3,task_20251219_205632_335_cd46e60f_4db23138,0.25,0,239871,135.2
tools,reasoning-bank,eog,hr,2,2,3,task_20251224_030218_157_00364ece_79650819,0.5,0,100757,78.7
tools,reasoning-bank,eog,hr,2,2,3,task_20251224_195437_497_e6427839_6357fed2,0.0,0,105456,71.3
tools,reasoning-bank,eog,hr,2,2,3,task_20251226_090527_363_b25153b4_6caf1a47,0.6,0,159559,108.6
tools,reasoning-bank,eog,hr,2,2,3,task_20251226_135729_497_c4ad7a70_788f5baf,0.666667,0,150964,69.0
tools,reasoning-bank,eog,hr,2,2,3,task_20251226_153702_699_ad5a67e3_43cd2d47,1.0,1,71340,68.3
tools,reasoning-bank,eog,hr,2,2,3,task_20260114_170216_532_accab84d_9dc7ddd5,1.0,1,136350,70.1
tools,reasoning-bank,eog,hr,2,2,3,task_20260114_180423_838_00364ece_9f2ad35c,0.5,0,254860,271.3
tools,reasoning-bank,eog,hr,2,2,3,task_20260115_124602_090_accab84d_91ac1840,0.5,0,220743,171.6
tools,reasoning-bank,eog,hr,2,2,3,task_20260115_151312_690_57529556_9fca8861,0.75,0,271119,288.3
tools,reasoning-bank,eog,hr,2,2,3,task_20260116_055513_891_99ba2325_849991b8,0.333333,0,148781,154.1
tools,reasoning-bank,eog,hr,2,2,3,task_20260116_170758_750_d4a463c3_3885de59,0.444444,0,271455,254.9
tools,reasoning-bank,eog,hr,3,1,1,task_20251223_184833_888_a8eea1c0_87c53cb9,0.571429,0,372889,127.4
tools,reasoning-bank,eog,hr,3,1,1,task_20251223_194142_190_46ca2862_d9cae434,1.0,1,234140,156.5
tools,reasoning-bank,eog,hr,3,1,1,task_20251223_194912_450_46ca2862_0084047c,0.5,0,317842,243.8
tools,reasoning-bank,eog,hr,3,1,1,task_20251224_094258_495_c4ad7a70_42fbe372,1.0,1,266462,132.2
tools,reasoning-bank,eog,hr,3,1,1,task_20251224_133749_739_c4ad7a70_9df76270,0.75,0,233009,124.5
tools,reasoning-bank,eog,hr,3,1,1,task_20251226_094920_495_99ba2325_627386b2,1.0,1,241783,168.5
tools,reasoning-bank,eog,hr,3,1,1,task_20260112_141226_936_7aad91c1_61df8f2b,0.75,0,325712,199.0
tools,reasoning-bank,eog,hr,3,1,1,task_20260116_104653_444_99ba2325_320d5ca4,1.0,1,266942,175.7
tools,reasoning-bank,eog,hr,3,1,1,task_20260116_112336_208_c5cac200_da33db0a,0.833333,0,213274,95.8
tools,reasoning-bank,eog,hr,3,1,1,task_20260116_160908_725_46ca2862_923e672e,0.0,0,102760,93.4
tools,reasoning-bank,eog,hr,3,1,2,task_20251223_184833_888_a8eea1c0_87c53cb9,0.571429,0,285004,110.5
tools,reasoning-bank,eog,hr,3,1,2,task_20251223_194142_190_46ca2862_d9cae434,0.5,0,235848,193.7
tools,reasoning-bank,eog,hr,3,1,2,task_20251223_194912_450_46ca2862_0084047c,0.5,0,368155,299.1
tools,reasoning-bank,eog,hr,3,1,2,task_20251224_094258_495_c4ad7a70_42fbe372,0.75,0,210103,122.2
tools,reasoning-bank,eog,hr,3,1,2,task_20251224_133749_739_c4ad7a70_9df76270,1.0,1,238418,139.5
tools,reasoning-bank,eog,hr,3,1,2,task_20251226_094920_495_99ba2325_627386b2,1.0,1,212937,161.5
tools,reasoning-bank,eog,hr,3,1,2,task_20260112_141226_936_7aad91c1_61df8f2b,1.0,1,244155,103.5
tools,reasoning-bank,eog,hr,3,1,2,task_20260116_104653_444_99ba2325_320d5ca4,1.0,1,292143,172.9
tools,reasoning-bank,eog,hr,3,1,2,task_20260116_112336_208_c5cac200_da33db0a,1.0,1,241878,125.1
tools,reasoning-bank,eog,hr,3,1,2,task_20260116_160908_725_46ca2862_923e672e,0.0,0,105257,123.5
tools,reasoning-bank,eog,hr,3,1,3,task_20251223_184833_888_a8eea1c0_87c53cb9,0.571429,0,341171,102.7
tools,reasoning-bank,eog,hr,3,1,3,task_20251223_194142_190_46ca2862_d9cae434,0.5,0,205961,121.9
tools,reasoning-bank,eog,hr,3,1,3,task_20251223_194912_450_46ca2862_0084047c,0.5,0,408429,233.9
tools,reasoning-bank,eog,hr,3,1,3,task_20251224_094258_495_c4ad7a70_42fbe372,0.75,0,208837,106.4
tools,reasoning-bank,eog,hr,3,1,3,task_20251224_133749_739_c4ad7a70_9df76270,0.25,0,152401,88.0
tools,reasoning-bank,eog,hr,3,1,3,task_20251226_094920_495_99ba2325_627386b2,1.0,1,238669,151.3
tools,reasoning-bank,eog,hr,3,1,3,task_20260112_141226_936_7aad91c1_61df8f2b,1.0,1,272501,137.1
tools,reasoning-bank,eog,hr,3,1,3,task_20260116_104653_444_99ba2325_320d5ca4,1.0,1,264801,173.8
tools,reasoning-bank,eog,hr,3,1,3,task_20260116_112336_208_c5cac200_da33db0a,0.833333,0,293777,136.3
tools,reasoning-bank,eog,hr,3,1,3,task_20260116_160908_725_46ca2862_923e672e,0.0,0,129456,105.6
tools,reasoning-bank,eog,hr,3,2,1,task_20251217_211723_514_87437950_3bbbb519,0.25,0,265263,170.8
tools,reasoning-bank,eog,hr,3,2,1,task_20251219_205632_335_cd46e60f_4db23138,0.25,0,357909,200.4
tools,reasoning-bank,eog,hr,3,2,1,task_20251224_030218_157_00364ece_79650819,0.0,0,151720,72.5
tools,reasoning-bank,eog,hr,3,2,1,task_20251224_195437_497_e6427839_6357fed2,0.0,0,157866,73.9
tools,reasoning-bank,eog,hr,3,2,1,task_20251226_090527_363_b25153b4_6caf1a47,0.6,0,292547,184.4
tools,reasoning-bank,eog,hr,3,2,1,task_20251226_135729_497_c4ad7a70_788f5baf,0.666667,0,227400,86.1
tools,reasoning-bank,eog,hr,3,2,1,task_20251226_153702_699_ad5a67e3_43cd2d47,0.0,0,80881,99.2
tools,reasoning-bank,eog,hr,3,2,1,task_20260114_170216_532_accab84d_9dc7ddd5,1.0,1,201705,41.3
tools,reasoning-bank,eog,hr,3,2,1,task_20260114_180423_838_00364ece_9f2ad35c,0.5,0,271248,198.4
tools,reasoning-bank,eog,hr,3,2,1,task_20260115_124602_090_accab84d_91ac1840,0.833333,0,658029,305.4
tools,reasoning-bank,eog,hr,3,2,1,task_20260115_151312_690_57529556_9fca8861,0.875,0,562804,284.1
tools,reasoning-bank,eog,hr,3,2,1,task_20260116_055513_891_99ba2325_849991b8,0.333333,0,214874,193.5
tools,reasoning-bank,eog,hr,3,2,1,task_20260116_170758_750_d4a463c3_3885de59,0.444444,0,544840,216.8
tools,reasoning-bank,eog,hr,3,2,2,task_20251217_211723_514_87437950_3bbbb519,0.25,0,184370,126.6
tools,reasoning-bank,eog,hr,3,2,2,task_20251219_205632_335_cd46e60f_4db23138,0.25,0,324105,150.9
tools,reasoning-bank,eog,hr,3,2,2,task_20251224_030218_157_00364ece_79650819,0.5,0,179637,125.8
tools,reasoning-bank,eog,hr,3,2,2,task_20251224_195437_497_e6427839_6357fed2,0.0,0,259340,72.4
tools,reasoning-bank,eog,hr,3,2,2,task_20251226_090527_363_b25153b4_6caf1a47,0.6,0,265371,178.2
tools,reasoning-bank,eog,hr,3,2,2,task_20251226_135729_497_c4ad7a70_788f5baf,1.0,1,203265,98.7
tools,reasoning-bank,eog,hr,3,2,2,task_20251226_153702_699_ad5a67e3_43cd2d47,1.0,1,161945,113.9
tools,reasoning-bank,eog,hr,3,2,2,task_20260114_170216_532_accab84d_9dc7ddd5,1.0,1,179394,50.6
tools,reasoning-bank,eog,hr,3,2,2,task_20260114_180423_838_00364ece_9f2ad35c,0.5,0,273457,219.7
tools,reasoning-bank,eog,hr,3,2,2,task_20260115_124602_090_accab84d_91ac1840,0.833333,0,475948,344.0
tools,reasoning-bank,eog,hr,3,2,2,task_20260115_151312_690_57529556_9fca8861,0.75,0,387336,232.3
tools,reasoning-bank,eog,hr,3,2,2,task_20260116_055513_891_99ba2325_849991b8,0.166667,0,26099,29.1
tools,reasoning-bank,eog,hr,3,2,2,task_20260116_170758_750_d4a463c3_3885de59,0.444444,0,369099,226.3
tools,reasoning-bank,eog,hr,3,2,3,task_20251217_211723_514_87437950_3bbbb519,0.25,0,201516,112.8
tools,reasoning-bank,eog,hr,3,2,3,task_20251219_205632_335_cd46e60f_4db23138,0.25,0,356308,216.6
tools,reasoning-bank,eog,hr,3,2,3,task_20251224_030218_157_00364ece_79650819,0.0,0,154011,76.9
tools,reasoning-bank,eog,hr,3,2,3,task_20251224_195437_497_e6427839_6357fed2,0.0,0,128903,59.2
tools,reasoning-bank,eog,hr,3,2,3,task_20251226_090527_363_b25153b4_6caf1a47,0.8,0,260482,120.6
tools,reasoning-bank,eog,hr,3,2,3,task_20251226_135729_497_c4ad7a70_788f5baf,0.333333,0,151808,97.5
tools,reasoning-bank,eog,hr,3,2,3,task_20251226_153702_699_ad5a67e3_43cd2d47,0.0,0,53164,66.5
tools,reasoning-bank,eog,hr,3,2,3,task_20260114_170216_532_accab84d_9dc7ddd5,1.0,1,177953,46.9
tools,reasoning-bank,eog,hr,3,2,3,task_20260114_180423_838_00364ece_9f2ad35c,0.5,0,349881,264.9
tools,reasoning-bank,eog,hr,3,2,3,task_20260115_124602_090_accab84d_91ac1840,0.833333,0,336038,127.9
tools,reasoning-bank,eog,hr,3,2,3,task_20260115_151312_690_57529556_9fca8861,1.0,1,505323,277.8
tools,reasoning-bank,eog,hr,3,2,3,task_20260116_055513_891_99ba2325_849991b8,0.333333,0,217695,249.2
tools,reasoning-bank,eog,hr,3,2,3,task_20260116_170758_750_d4a463c3_3885de59,0.666667,0,472935,495.2
tools,reasoning-bank,eog,hr,3,3,1,task_20251217_073807_153_761f6b82_cba63024,0.571429,0,517985,248.0
tools,reasoning-bank,eog,hr,3,3,1,task_20251218_234518_453_d9bcd1e5_72c94403,1.0,1,291197,125.3
tools,reasoning-bank,eog,hr,3,3,1,task_20251219_114935_971_a8eea1c0_188fc892,1.0,1,126836,51.9
tools,reasoning-bank,eog,hr,3,3,1,task_20251219_155215_361_00364ece_c1c6ffc8,0.0,0,205516,95.9
tools,reasoning-bank,eog,hr,3,3,1,task_20251225_124750_039_7e2e0039_de8a9d94,1.0,1,128693,42.1
tools,reasoning-bank,eog,hr,3,3,1,task_20251226_041218_355_d9bcd1e5_bc84c9d5,0.888889,0,287209,102.5
tools,reasoning-bank,eog,hr,3,3,1,task_20251226_101143_297_99ba2325_75b99d9a,0.75,0,240532,165.7
tools,reasoning-bank,eog,hr,3,3,1,task_20251226_102334_184_b25153b4_08c0849c,0.8,0,186918,88.9
tools,reasoning-bank,eog,hr,3,3,1,task_20251226_104747_127_30600918_559da326,0.5,0,301215,159.6
tools,reasoning-bank,eog,hr,3,3,1,task_20251226_132052_338_e6427839_727d852c,0.0,0,271414,192.2
tools,reasoning-bank,eog,hr,3,3,1,task_20251226_173040_372_95fd9f79_c7e85ec1,1.0,1,221499,137.4
tools,reasoning-bank,eog,hr,3,3,1,task_20260109_172559_279_e6427839_f711406f,0.666667,0,305441,247.1
tools,reasoning-bank,eog,hr,3,3,1,task_20260109_202436_533_a8eea1c0_755eabdd,0.777778,0,360819,135.5
tools,reasoning-bank,eog,hr,3,3,1,task_20260113_032200_394_ad5a67e3_5e3873b8,0.875,0,356830,237.8
tools,reasoning-bank,eog,hr,3,3,1,task_20260114_091008_897_accab84d_786931e4,0.75,0,220448,176.8
tools,reasoning-bank,eog,hr,3,3,1,task_20260115_130330_068_00364ece_cf2e9cf1,0.714286,0,654317,213.5
tools,reasoning-bank,eog,hr,3,3,1,task_20260115_130852_498_a8eea1c0_e9192d7e,0.333333,0,255760,284.5
tools,reasoning-bank,eog,hr,3,3,1,task_20260115_190725_477_a8eea1c0_eba3a1c5,0.833333,0,236597,154.9
tools,reasoning-bank,eog,hr,3,3,1,task_20260116_084548_120_fa1836dc_679067bc,0.5,0,403345,336.0
tools,reasoning-bank,eog,hr,3,3,1,task_20260116_085958_358_a8eea1c0_6d7f242a,0.666667,0,345495,183.0
tools,reasoning-bank,eog,hr,3,3,1,task_20260116_105748_962_99ba2325_dcc658fa,1.0,1,269805,190.1
tools,reasoning-bank,eog,hr,3,3,1,task_20260116_122712_166_d4a463c3_196fe24f,1.0,1,364163,94.4
tools,reasoning-bank,eog,hr,3,3,1,task_20260116_143750_504_a8eea1c0_7d91efa1,1.0,1,279418,124.9
tools,reasoning-bank,eog,hr,3,3,1,task_20260116_150213_342_a8eea1c0_6d6fe792,0.666667,0,199975,52.7
tools,reasoning-bank,eog,hr,3,3,1,task_20260119_022056_842_ad5a67e3_964df197,0.833333,0,348757,161.0
tools,reasoning-bank,eog,hr,3,3,2,task_20251217_073807_153_761f6b82_cba63024,0.571429,0,557886,210.9
tools,reasoning-bank,eog,hr,3,3,2,task_20251218_234518_453_d9bcd1e5_72c94403,1.0,1,317429,111.7
tools,reasoning-bank,eog,hr,3,3,2,task_20251219_114935_971_a8eea1c0_188fc892,1.0,1,126997,54.1
tools,reasoning-bank,eog,hr,3,3,2,task_20251219_155215_361_00364ece_c1c6ffc8,0.0,0,179724,59.2
tools,reasoning-bank,eog,hr,3,3,2,task_20251225_124750_039_7e2e0039_de8a9d94,1.0,1,155260,89.9
tools,reasoning-bank,eog,hr,3,3,2,task_20251226_041218_355_d9bcd1e5_bc84c9d5,0.777778,0,241890,120.4
tools,reasoning-bank,eog,hr,3,3,2,task_20251226_101143_297_99ba2325_75b99d9a,0.75,0,241672,152.8
tools,reasoning-bank,eog,hr,3,3,2,task_20251226_102334_184_b25153b4_08c0849c,0.8,0,186473,85.5
tools,reasoning-bank,eog,hr,3,3,2,task_20251226_104747_127_30600918_559da326,0.5,0,246193,141.4
tools,reasoning-bank,eog,hr,3,3,2,task_20251226_132052_338_e6427839_727d852c,0.0,0,54235,71.5
tools,reasoning-bank,eog,hr,3,3,2,task_20251226_173040_372_95fd9f79_c7e85ec1,0.833333,0,294074,198.9
tools,reasoning-bank,eog,hr,3,3,2,task_20260109_172559_279_e6427839_f711406f,0.666667,0,526413,308.4
tools,reasoning-bank,eog,hr,3,3,2,task_20260109_202436_533_a8eea1c0_755eabdd,0.888889,0,634501,220.1
tools,reasoning-bank,eog,hr,3,3,2,task_20260113_032200_394_ad5a67e3_5e3873b8,0.875,0,376630,160.2
tools,reasoning-bank,eog,hr,3,3,2,task_20260114_091008_897_accab84d_786931e4,0.75,0,329476,246.0
tools,reasoning-bank,eog,hr,3,3,2,task_20260115_130330_068_00364ece_cf2e9cf1,0.571429,0,447349,194.0
tools,reasoning-bank,eog,hr,3,3,2,task_20260115_130852_498_a8eea1c0_e9192d7e,0.333333,0,273361,191.9
tools,reasoning-bank,eog,hr,3,3,2,task_20260115_190725_477_a8eea1c0_eba3a1c5,0.833333,0,259497,171.1
tools,reasoning-bank,eog,hr,3,3,2,task_20260116_084548_120_fa1836dc_679067bc,0.5,0,650450,592.8
tools,reasoning-bank,eog,hr,3,3,2,task_20260116_085958_358_a8eea1c0_6d7f242a,1.0,1,531083,232.5
tools,reasoning-bank,eog,hr,3,3,2,task_20260116_105748_962_99ba2325_dcc658fa,0.5,0,357548,226.8
tools,reasoning-bank,eog,hr,3,3,2,task_20260116_122712_166_d4a463c3_196fe24f,0.8,0,263036,99.4
tools,reasoning-bank,eog,hr,3,3,2,task_20260116_143750_504_a8eea1c0_7d91efa1,1.0,1,330221,139.7
tools,reasoning-bank,eog,hr,3,3,2,task_20260116_150213_342_a8eea1c0_6d6fe792,0.5,0,245332,67.5
tools,reasoning-bank,eog,hr,3,3,2,task_20260119_022056_842_ad5a67e3_964df197,1.0,1,319927,137.5
tools,reasoning-bank,eog,hr,3,3,3,task_20251217_073807_153_761f6b82_cba63024,0.571429,0,542036,293.9
tools,reasoning-bank,eog,hr,3,3,3,task_20251218_234518_453_d9bcd1e5_72c94403,1.0,1,209609,97.0
tools,reasoning-bank,eog,hr,3,3,3,task_20251219_114935_971_a8eea1c0_188fc892,1.0,1,151504,63.6
tools,reasoning-bank,eog,hr,3,3,3,task_20251219_155215_361_00364ece_c1c6ffc8,0.0,0,180538,78.0
tools,reasoning-bank,eog,hr,3,3,3,task_20251225_124750_039_7e2e0039_de8a9d94,1.0,1,210917,133.6
tools,reasoning-bank,eog,hr,3,3,3,task_20251226_041218_355_d9bcd1e5_bc84c9d5,0.888889,0,286327,101.7
tools,reasoning-bank,eog,hr,3,3,3,task_20251226_101143_297_99ba2325_75b99d9a,0.75,0,240287,152.3
tools,reasoning-bank,eog,hr,3,3,3,task_20251226_102334_184_b25153b4_08c0849c,0.8,0,297131,165.7
tools,reasoning-bank,eog,hr,3,3,3,task_20251226_104747_127_30600918_559da326,0.5,0,217780,105.7
tools,reasoning-bank,eog,hr,3,3,3,task_20251226_132052_338_e6427839_727d852c,0.0,0,110601,134.6
tools,reasoning-bank,eog,hr,3,3,3,task_20251226_173040_372_95fd9f79_c7e85ec1,1.0,1,414408,234.2
tools,reasoning-bank,eog,hr,3,3,3,task_20260109_172559_279_e6427839_f711406f,0.833333,0,383431,230.7
tools,reasoning-bank,eog,hr,3,3,3,task_20260109_202436_533_a8eea1c0_755eabdd,0.888889,0,655718,176.5
tools,reasoning-bank,eog,hr,3,3,3,task_20260113_032200_394_ad5a67e3_5e3873b8,0.875,0,399185,157.2
tools,reasoning-bank,eog,hr,3,3,3,task_20260114_091008_897_accab84d_786931e4,0.75,0,248708,193.5
tools,reasoning-bank,eog,hr,3,3,3,task_20260115_130330_068_00364ece_cf2e9cf1,0.714286,0,627667,206.9
tools,reasoning-bank,eog,hr,3,3,3,task_20260115_130852_498_a8eea1c0_e9192d7e,0.333333,0,195192,153.3
tools,reasoning-bank,eog,hr,3,3,3,task_20260115_190725_477_a8eea1c0_eba3a1c5,0.833333,0,233101,130.2
tools,reasoning-bank,eog,hr,3,3,3,task_20260116_084548_120_fa1836dc_679067bc,0.5,0,549712,317.7
tools,reasoning-bank,eog,hr,3,3,3,task_20260116_085958_358_a8eea1c0_6d7f242a,0.666667,0,323000,182.6
tools,reasoning-bank,eog,hr,3,3,3,task_20260116_105748_962_99ba2325_dcc658fa,1.0,1,188621,146.3
tools,reasoning-bank,eog,hr,3,3,3,task_20260116_122712_166_d4a463c3_196fe24f,0.8,0,280292,91.8
tools,reasoning-bank,eog,hr,3,3,3,task_20260116_143750_504_a8eea1c0_7d91efa1,1.0,1,181582,81.8
tools,reasoning-bank,eog,hr,3,3,3,task_20260116_150213_342_a8eea1c0_6d6fe792,0.5,0,221804,69.3
tools,reasoning-bank,eog,hr,3,3,3,task_20260119_022056_842_ad5a67e3_964df197,0.833333,0,341087,121.5
tools,reasoning-bank,eog,hr,4,1,1,task_20251223_184833_888_a8eea1c0_87c53cb9,0.571429,0,404609,105.7
tools,reasoning-bank,eog,hr,4,1,1,task_20251223_194142_190_46ca2862_d9cae434,1.0,1,303189,136.8
tools,reasoning-bank,eog,hr,4,1,1,task_20251223_194912_450_46ca2862_0084047c,1.0,1,480068,259.8
tools,reasoning-bank,eog,hr,4,1,1,task_20251224_094258_495_c4ad7a70_42fbe372,1.0,1,344965,113.6
tools,reasoning-bank,eog,hr,4,1,1,task_20251224_133749_739_c4ad7a70_9df76270,1.0,1,448649,235.4
tools,reasoning-bank,eog,hr,4,1,1,task_20251226_094920_495_99ba2325_627386b2,1.0,1,311025,140.4
tools,reasoning-bank,eog,hr,4,1,1,task_20260112_141226_936_7aad91c1_61df8f2b,1.0,1,316246,99.3
tools,reasoning-bank,eog,hr,4,1,1,task_20260116_104653_444_99ba2325_320d5ca4,1.0,1,381143,161.9
tools,reasoning-bank,eog,hr,4,1,1,task_20260116_112336_208_c5cac200_da33db0a,0.666667,0,345551,173.7
tools,reasoning-bank,eog,hr,4,1,1,task_20260116_160908_725_46ca2862_923e672e,0.0,0,310660,213.2
tools,reasoning-bank,eog,hr,4,1,2,task_20251223_184833_888_a8eea1c0_87c53cb9,0.571429,0,481155,126.6
tools,reasoning-bank,eog,hr,4,1,2,task_20251223_194142_190_46ca2862_d9cae434,1.0,1,304149,132.5
tools,reasoning-bank,eog,hr,4,1,2,task_20251223_194912_450_46ca2862_0084047c,1.0,1,378055,192.2
tools,reasoning-bank,eog,hr,4,1,2,task_20251224_094258_495_c4ad7a70_42fbe372,0.75,0,307124,117.0
tools,reasoning-bank,eog,hr,4,1,2,task_20251224_133749_739_c4ad7a70_9df76270,1.0,1,349327,155.6
tools,reasoning-bank,eog,hr,4,1,2,task_20251226_094920_495_99ba2325_627386b2,1.0,1,345743,170.2
tools,reasoning-bank,eog,hr,4,1,2,task_20260112_141226_936_7aad91c1_61df8f2b,1.0,1,281949,105.9
tools,reasoning-bank,eog,hr,4,1,2,task_20260116_104653_444_99ba2325_320d5ca4,1.0,1,311692,145.3
tools,reasoning-bank,eog,hr,4,1,2,task_20260116_112336_208_c5cac200_da33db0a,0.833333,0,417792,141.1
tools,reasoning-bank,eog,hr,4,1,2,task_20260116_160908_725_46ca2862_923e672e,0.0,0,136208,95.8
tools,reasoning-bank,eog,hr,4,1,3,task_20251223_184833_888_a8eea1c0_87c53cb9,0.571429,0,308144,100.8
tools,reasoning-bank,eog,hr,4,1,3,task_20251223_194142_190_46ca2862_d9cae434,1.0,1,304920,123.3
tools,reasoning-bank,eog,hr,4,1,3,task_20251223_194912_450_46ca2862_0084047c,0.5,0,341612,180.7
tools,reasoning-bank,eog,hr,4,1,3,task_20251224_094258_495_c4ad7a70_42fbe372,0.75,0,305911,108.0
tools,reasoning-bank,eog,hr,4,1,3,task_20251224_133749_739_c4ad7a70_9df76270,0.5,0,340698,164.6
tools,reasoning-bank,eog,hr,4,1,3,task_20251226_094920_495_99ba2325_627386b2,1.0,1,245135,123.3
tools,reasoning-bank,eog,hr,4,1,3,task_20260112_141226_936_7aad91c1_61df8f2b,1.0,1,280838,67.7
tools,reasoning-bank,eog,hr,4,1,3,task_20260116_104653_444_99ba2325_320d5ca4,0.5,0,237365,95.2
tools,reasoning-bank,eog,hr,4,1,3,task_20260116_112336_208_c5cac200_da33db0a,0.833333,0,380264,126.1
tools,reasoning-bank,eog,hr,4,1,3,task_20260116_160908_725_46ca2862_923e672e,0.0,0,275584,160.0
tools,reasoning-bank,eog,hr,4,2,1,task_20251217_211723_514_87437950_3bbbb519,0.25,0,236667,119.0
tools,reasoning-bank,eog,hr,4,2,1,task_20251219_205632_335_cd46e60f_4db23138,0.25,0,350186,168.1
tools,reasoning-bank,eog,hr,4,2,1,task_20251224_030218_157_00364ece_79650819,0.5,0,202314,71.9
tools,reasoning-bank,eog,hr,4,2,1,task_20251224_195437_497_e6427839_6357fed2,0.0,0,339821,84.1
tools,reasoning-bank,eog,hr,4,2,1,task_20251226_090527_363_b25153b4_6caf1a47,0.6,0,273738,82.1
tools,reasoning-bank,eog,hr,4,2,1,task_20251226_135729_497_c4ad7a70_788f5baf,0.333333,0,202011,80.5
tools,reasoning-bank,eog,hr,4,2,1,task_20251226_153702_699_ad5a67e3_43cd2d47,1.0,1,204617,114.3
tools,reasoning-bank,eog,hr,4,2,1,task_20260114_170216_532_accab84d_9dc7ddd5,1.0,1,268530,79.1
tools,reasoning-bank,eog,hr,4,2,1,task_20260114_180423_838_00364ece_9f2ad35c,0.75,0,423521,266.5
tools,reasoning-bank,eog,hr,4,2,1,task_20260115_124602_090_accab84d_91ac1840,0.833333,0,564186,195.3
tools,reasoning-bank,eog,hr,4,2,1,task_20260115_151312_690_57529556_9fca8861,0.875,0,501604,264.5
tools,reasoning-bank,eog,hr,4,2,1,task_20260116_055513_891_99ba2325_849991b8,0.166667,0,34438,35.4
tools,reasoning-bank,eog,hr,4,2,1,task_20260116_170758_750_d4a463c3_3885de59,0.444444,0,640583,285.1
tools,reasoning-bank,eog,hr,4,2,2,task_20251217_211723_514_87437950_3bbbb519,0.25,0,333053,96.8
tools,reasoning-bank,eog,hr,4,2,2,task_20251219_205632_335_cd46e60f_4db23138,0.25,0,384598,168.1
tools,reasoning-bank,eog,hr,4,2,2,task_20251224_030218_157_00364ece_79650819,1.0,1,168199,67.9
tools,reasoning-bank,eog,hr,4,2,2,task_20251224_195437_497_e6427839_6357fed2,0.0,0,237994,56.1
tools,reasoning-bank,eog,hr,4,2,2,task_20251226_090527_363_b25153b4_6caf1a47,0.6,0,344984,138.0
tools,reasoning-bank,eog,hr,4,2,2,task_20251226_135729_497_c4ad7a70_788f5baf,0.666667,0,233150,86.3
tools,reasoning-bank,eog,hr,4,2,2,task_20251226_153702_699_ad5a67e3_43cd2d47,1.0,1,241958,151.4
tools,reasoning-bank,eog,hr,4,2,2,task_20260114_170216_532_accab84d_9dc7ddd5,1.0,1,202037,35.9
tools,reasoning-bank,eog,hr,4,2,2,task_20260114_180423_838_00364ece_9f2ad35c,0.5,0,321014,204.4
tools,reasoning-bank,eog,hr,4,2,2,task_20260115_124602_090_accab84d_91ac1840,0.833333,0,473155,162.2
tools,reasoning-bank,eog,hr,4,2,2,task_20260115_151312_690_57529556_9fca8861,1.0,1,539306,275.6
tools,reasoning-bank,eog,hr,4,2,2,task_20260116_055513_891_99ba2325_849991b8,0.166667,0,34455,33.6
tools,reasoning-bank,eog,hr,4,2,2,task_20260116_170758_750_d4a463c3_3885de59,0.444444,0,602550,203.3
tools,reasoning-bank,eog,hr,4,2,3,task_20251217_211723_514_87437950_3bbbb519,0.25,0,268362,103.8
tools,reasoning-bank,eog,hr,4,2,3,task_20251219_205632_335_cd46e60f_4db23138,0.25,0,456436,178.5
tools,reasoning-bank,eog,hr,4,2,3,task_20251224_030218_157_00364ece_79650819,1.0,1,235902,92.1
tools,reasoning-bank,eog,hr,4,2,3,task_20251224_195437_497_e6427839_6357fed2,0.0,0,341617,99.2
tools,reasoning-bank,eog,hr,4,2,3,task_20251226_090527_363_b25153b4_6caf1a47,0.6,0,339364,90.2
tools,reasoning-bank,eog,hr,4,2,3,task_20251226_135729_497_c4ad7a70_788f5baf,1.0,1,308303,112.8
tools,reasoning-bank,eog,hr,4,2,3,task_20251226_153702_699_ad5a67e3_43cd2d47,1.0,1,172030,76.6
tools,reasoning-bank,eog,hr,4,2,3,task_20260114_170216_532_accab84d_9dc7ddd5,1.0,1,267915,50.6
tools,reasoning-bank,eog,hr,4,2,3,task_20260114_180423_838_00364ece_9f2ad35c,0.75,0,456392,240.4
tools,reasoning-bank,eog,hr,4,2,3,task_20260115_124602_090_accab84d_91ac1840,0.833333,0,384942,142.5
tools,reasoning-bank,eog,hr,4,2,3,task_20260115_151312_690_57529556_9fca8861,1.0,1,578209,256.2
tools,reasoning-bank,eog,hr,4,2,3,task_20260116_055513_891_99ba2325_849991b8,0.166667,0,105224,86.0
tools,reasoning-bank,eog,hr,4,2,3,task_20260116_170758_750_d4a463c3_3885de59,0.777778,0,493897,174.7
tools,reasoning-bank,eog,hr,4,3,1,task_20251217_073807_153_761f6b82_cba63024,0.571429,0,560700,208.7
tools,reasoning-bank,eog,hr,4,3,1,task_20251218_234518_453_d9bcd1e5_72c94403,0.666667,0,439495,109.1
tools,reasoning-bank,eog,hr,4,3,1,task_20251219_114935_971_a8eea1c0_188fc892,0.5,0,167870,69.9
tools,reasoning-bank,eog,hr,4,3,1,task_20251219_155215_361_00364ece_c1c6ffc8,0.0,0,302572,80.6
tools,reasoning-bank,eog,hr,4,3,1,task_20251225_124750_039_7e2e0039_de8a9d94,1.0,1,239014,88.7
tools,reasoning-bank,eog,hr,4,3,1,task_20251226_041218_355_d9bcd1e5_bc84c9d5,0.777778,0,414674,134.2
tools,reasoning-bank,eog,hr,4,3,1,task_20251226_101143_297_99ba2325_75b99d9a,0.75,0,381841,155.8
tools,reasoning-bank,eog,hr,4,3,1,task_20251226_102334_184_b25153b4_08c0849c,1.0,1,409166,74.9
tools,reasoning-bank,eog,hr,4,3,1,task_20251226_104747_127_30600918_559da326,0.5,0,428495,166.5
tools,reasoning-bank,eog,hr,4,3,1,task_20251226_132052_338_e6427839_727d852c,0.0,0,457696,191.2
tools,reasoning-bank,eog,hr,4,3,1,task_20251226_173040_372_95fd9f79_c7e85ec1,1.0,1,352254,135.2
tools,reasoning-bank,eog,hr,4,3,1,task_20260109_172559_279_e6427839_f711406f,1.0,1,501567,214.9
tools,reasoning-bank,eog,hr,4,3,1,task_20260109_202436_533_a8eea1c0_755eabdd,0.777778,0,541207,208.0
tools,reasoning-bank,eog,hr,4,3,1,task_20260113_032200_394_ad5a67e3_5e3873b8,0.875,0,490157,129.1
tools,reasoning-bank,eog,hr,4,3,1,task_20260114_091008_897_accab84d_786931e4,0.75,0,417103,174.2
tools,reasoning-bank,eog,hr,4,3,1,task_20260115_130330_068_00364ece_cf2e9cf1,0.714286,0,716276,225.1
tools,reasoning-bank,eog,hr,4,3,1,task_20260115_130852_498_a8eea1c0_e9192d7e,0.833333,0,366032,169.1
tools,reasoning-bank,eog,hr,4,3,1,task_20260115_190725_477_a8eea1c0_eba3a1c5,0.833333,0,310167,161.9
tools,reasoning-bank,eog,hr,4,3,1,task_20260116_084548_120_fa1836dc_679067bc,0.5,0,676325,357.2
tools,reasoning-bank,eog,hr,4,3,1,task_20260116_085958_358_a8eea1c0_6d7f242a,1.0,1,541010,212.1
tools,reasoning-bank,eog,hr,4,3,1,task_20260116_105748_962_99ba2325_dcc658fa,0.75,0,345606,126.6
tools,reasoning-bank,eog,hr,4,3,1,task_20260116_122712_166_d4a463c3_196fe24f,1.0,1,516133,116.0
tools,reasoning-bank,eog,hr,4,3,1,task_20260116_143750_504_a8eea1c0_7d91efa1,1.0,1,363285,81.5
tools,reasoning-bank,eog,hr,4,3,1,task_20260116_150213_342_a8eea1c0_6d6fe792,0.5,0,326677,67.4
tools,reasoning-bank,eog,hr,4,3,1,task_20260119_022056_842_ad5a67e3_964df197,1.0,1,494340,177.3
tools,reasoning-bank,eog,hr,4,3,2,task_20251217_073807_153_761f6b82_cba63024,0.571429,0,522457,151.1
tools,reasoning-bank,eog,hr,4,3,2,task_20251218_234518_453_d9bcd1e5_72c94403,0.666667,0,507634,90.6
tools,reasoning-bank,eog,hr,4,3,2,task_20251219_114935_971_a8eea1c0_188fc892,1.0,1,234200,93.8
tools,reasoning-bank,eog,hr,4,3,2,task_20251219_155215_361_00364ece_c1c6ffc8,0.0,0,236428,62.8
tools,reasoning-bank,eog,hr,4,3,2,task_20251225_124750_039_7e2e0039_de8a9d94,1.0,1,202986,68.6
tools,reasoning-bank,eog,hr,4,3,2,task_20251226_041218_355_d9bcd1e5_bc84c9d5,0.777778,0,379502,128.3
tools,reasoning-bank,eog,hr,4,3,2,task_20251226_101143_297_99ba2325_75b99d9a,0.75,0,345831,147.4
tools,reasoning-bank,eog,hr,4,3,2,task_20251226_102334_184_b25153b4_08c0849c,1.0,1,446292,127.0
tools,reasoning-bank,eog,hr,4,3,2,task_20251226_104747_127_30600918_559da326,0.5,0,422878,165.2
tools,reasoning-bank,eog,hr,4,3,2,task_20251226_132052_338_e6427839_727d852c,0.0,0,206501,118.7
tools,reasoning-bank,eog,hr,4,3,2,task_20251226_173040_372_95fd9f79_c7e85ec1,1.0,1,375337,238.9
tools,reasoning-bank,eog,hr,4,3,2,task_20260109_172559_279_e6427839_f711406f,0.833333,0,412151,89.5
tools,reasoning-bank,eog,hr,4,3,2,task_20260109_202436_533_a8eea1c0_755eabdd,0.777778,0,725558,211.1
tools,reasoning-bank,eog,hr,4,3,2,task_20260113_032200_394_ad5a67e3_5e3873b8,1.0,1,516889,106.8
tools,reasoning-bank,eog,hr,4,3,2,task_20260114_091008_897_accab84d_786931e4,0.75,0,351736,123.3
tools,reasoning-bank,eog,hr,4,3,2,task_20260115_130330_068_00364ece_cf2e9cf1,0.571429,0,491924,143.6
tools,reasoning-bank,eog,hr,4,3,2,task_20260115_130852_498_a8eea1c0_e9192d7e,0.5,0,246922,143.9
tools,reasoning-bank,eog,hr,4,3,2,task_20260115_190725_477_a8eea1c0_eba3a1c5,0.833333,0,340692,118.9
tools,reasoning-bank,eog,hr,4,3,2,task_20260116_084548_120_fa1836dc_679067bc,0.5,0,680312,301.2
tools,reasoning-bank,eog,hr,4,3,2,task_20260116_085958_358_a8eea1c0_6d7f242a,1.0,1,424699,180.8
tools,reasoning-bank,eog,hr,4,3,2,task_20260116_105748_962_99ba2325_dcc658fa,0.75,0,348135,145.3
tools,reasoning-bank,eog,hr,4,3,2,task_20260116_122712_166_d4a463c3_196fe24f,1.0,1,480000,125.7
tools,reasoning-bank,eog,hr,4,3,2,task_20260116_143750_504_a8eea1c0_7d91efa1,1.0,1,362041,73.1
tools,reasoning-bank,eog,hr,4,3,2,task_20260116_150213_342_a8eea1c0_6d6fe792,0.666667,0,359971,59.7
tools,reasoning-bank,eog,hr,4,3,2,task_20260119_022056_842_ad5a67e3_964df197,1.0,1,553268,126.7
tools,reasoning-bank,eog,hr,4,3,3,task_20251217_073807_153_761f6b82_cba63024,0.571429,0,625799,245.6
tools,reasoning-bank,eog,hr,4,3,3,task_20251218_234518_453_d9bcd1e5_72c94403,0.666667,0,336859,76.2
tools,reasoning-bank,eog,hr,4,3,3,task_20251219_114935_971_a8eea1c0_188fc892,1.0,1,266794,72.0
tools,reasoning-bank,eog,hr,4,3,3,task_20251219_155215_361_00364ece_c1c6ffc8,0.0,0,268664,83.8
tools,reasoning-bank,eog,hr,4,3,3,task_20251225_124750_039_7e2e0039_de8a9d94,1.0,1,169448,40.8
tools,reasoning-bank,eog,hr,4,3,3,task_20251226_041218_355_d9bcd1e5_bc84c9d5,0.888889,0,309783,66.6
tools,reasoning-bank,eog,hr,4,3,3,task_20251226_101143_297_99ba2325_75b99d9a,0.75,0,346358,145.7
tools,reasoning-bank,eog,hr,4,3,3,task_20251226_102334_184_b25153b4_08c0849c,1.0,1,375680,78.3
tools,reasoning-bank,eog,hr,4,3,3,task_20251226_104747_127_30600918_559da326,0.75,0,535018,180.6
tools,reasoning-bank,eog,hr,4,3,3,task_20251226_132052_338_e6427839_727d852c,0.0,0,69968,51.2
tools,reasoning-bank,eog,hr,4,3,3,task_20251226_173040_372_95fd9f79_c7e85ec1,1.0,1,614250,278.8
tools,reasoning-bank,eog,hr,4,3,3,task_20260109_172559_279_e6427839_f711406f,1.0,1,562926,181.3
tools,reasoning-bank,eog,hr,4,3,3,task_20260109_202436_533_a8eea1c0_755eabdd,0.777778,0,739837,173.9
tools,reasoning-bank,eog,hr,4,3,3,task_20260113_032200_394_ad5a67e3_5e3873b8,0.875,0,452572,106.6
tools,reasoning-bank,eog,hr,4,3,3,task_20260114_091008_897_accab84d_786931e4,0.0,0,211349,148.0
tools,reasoning-bank,eog,hr,4,3,3,task_20260115_130330_068_00364ece_cf2e9cf1,0.714286,0,576517,209.0
tools,reasoning-bank,eog,hr,4,3,3,task_20260115_130852_498_a8eea1c0_e9192d7e,0.833333,0,323087,170.4
tools,reasoning-bank,eog,hr,4,3,3,task_20260115_190725_477_a8eea1c0_eba3a1c5,0.833333,0,438132,123.4
tools,reasoning-bank,eog,hr,4,3,3,task_20260116_084548_120_fa1836dc_679067bc,0.5,0,676967,440.3
tools,reasoning-bank,eog,hr,4,3,3,task_20260116_085958_358_a8eea1c0_6d7f242a,1.0,1,389751,157.7
tools,reasoning-bank,eog,hr,4,3,3,task_20260116_105748_962_99ba2325_dcc658fa,0.75,0,279502,129.4
tools,reasoning-bank,eog,hr,4,3,3,task_20260116_122712_166_d4a463c3_196fe24f,1.0,1,445848,111.4
tools,reasoning-bank,eog,hr,4,3,3,task_20260116_143750_504_a8eea1c0_7d91efa1,1.0,1,362645,58.8
tools,reasoning-bank,eog,hr,4,3,3,task_20260116_150213_342_a8eea1c0_6d6fe792,0.5,0,199571,51.7
tools,reasoning-bank,eog,hr,4,3,3,task_20260119_022056_842_ad5a67e3_964df197,1.0,1,350921,93.9
tools,reasoning-bank,eog,hr,4,4,1,task_20251212_194942_087_761f6b82_451ef3b7,0.571429,0,375951,97.8
tools,reasoning-bank,eog,hr,4,4,1,task_20251217_231709_248_b25153b4_4c5f9bde,1.0,1,338063,54.5
tools,reasoning-bank,eog,hr,4,4,1,task_20251219_155520_685_a8eea1c0_c6fb88a1,1.0,1,264484,50.8
tools,reasoning-bank,eog,hr,4,4,1,task_20251223_061756_991_a8eea1c0_e497a345,0.6,0,304428,85.2
tools,reasoning-bank,eog,hr,4,4,1,task_20251223_201118_525_46ca2862_e3f79e09,0.0,0,103000,77.9
tools,reasoning-bank,eog,hr,4,4,1,task_20251224_064352_705_ec0cb5dd_46d83d4e,0.846154,0,665839,163.0
tools,reasoning-bank,eog,hr,4,4,1,task_20251224_074251_092_46ca2862_b5b99f66,1.0,1,306660,127.7
tools,reasoning-bank,eog,hr,4,4,1,task_20251225_062927_003_d9bcd1e5_d996901a,0.875,0,753305,299.2
tools,reasoning-bank,eog,hr,4,4,1,task_20251225_180047_141_a8eea1c0_002e725f,1.0,1,379197,128.8
tools,reasoning-bank,eog,hr,4,4,1,task_20251226_110144_731_b25153b4_773380f8,1.0,1,595298,164.6
tools,reasoning-bank,eog,hr,4,4,1,task_20260109_185510_803_a8eea1c0_b51123d7,1.0,1,531588,124.4
tools,reasoning-bank,eog,hr,4,4,1,task_20260111_151647_667_a8eea1c0_c7c264ba,0.714286,0,475767,116.3
tools,reasoning-bank,eog,hr,4,4,1,task_20260111_190744_927_a8eea1c0_17bea726,0.0,0,408950,137.7
tools,reasoning-bank,eog,hr,4,4,1,task_20260114_173911_329_a8eea1c0_b687c646,0.6,0,376932,94.2
tools,reasoning-bank,eog,hr,4,4,1,task_20260114_220447_370_00364ece_0c9c7534,0.75,0,340832,87.9
tools,reasoning-bank,eog,hr,4,4,1,task_20260115_043503_499_a8eea1c0_4b943c9b,1.0,1,454440,164.3
tools,reasoning-bank,eog,hr,4,4,1,task_20260116_094554_219_c5cac200_82f2d2a8,1.0,1,427622,201.5
tools,reasoning-bank,eog,hr,4,4,1,task_20260116_095609_650_c5cac200_741831a8,1.0,1,284688,122.2
tools,reasoning-bank,eog,hr,4,4,1,task_20260116_112648_773_99ba2325_c572f123,0.857143,0,527052,242.3
tools,reasoning-bank,eog,hr,4,4,1,task_20260116_185136_779_46ca2862_2b77b852,1.0,1,176298,164.2
tools,reasoning-bank,eog,hr,4,4,1,task_20260116_203855_584_57529556_7b20a1d8,0.666667,0,422680,234.8
tools,reasoning-bank,eog,hr,4,4,1,task_20260119_045416_534_ad5a67e3_78445838,0.857143,0,478903,103.3
tools,reasoning-bank,eog,hr,4,4,2,task_20251212_194942_087_761f6b82_451ef3b7,0.571429,0,340744,115.5
tools,reasoning-bank,eog,hr,4,4,2,task_20251217_231709_248_b25153b4_4c5f9bde,1.0,1,414297,79.3
tools,reasoning-bank,eog,hr,4,4,2,task_20251219_155520_685_a8eea1c0_c6fb88a1,1.0,1,298934,55.1
tools,reasoning-bank,eog,hr,4,4,2,task_20251223_061756_991_a8eea1c0_e497a345,0.6,0,341010,83.2
tools,reasoning-bank,eog,hr,4,4,2,task_20251223_201118_525_46ca2862_e3f79e09,1.0,1,718224,352.2
tools,reasoning-bank,eog,hr,4,4,2,task_20251224_064352_705_ec0cb5dd_46d83d4e,0.846154,0,673227,231.0
tools,reasoning-bank,eog,hr,4,4,2,task_20251224_074251_092_46ca2862_b5b99f66,1.0,1,304577,126.3
tools,reasoning-bank,eog,hr,4,4,2,task_20251225_062927_003_d9bcd1e5_d996901a,0.875,0,671750,298.7
tools,reasoning-bank,eog,hr,4,4,2,task_20251225_180047_141_a8eea1c0_002e725f,1.0,1,276801,100.7
tools,reasoning-bank,eog,hr,4,4,2,task_20251226_110144_731_b25153b4_773380f8,1.0,1,600195,153.8
tools,reasoning-bank,eog,hr,4,4,2,task_20260109_185510_803_a8eea1c0_b51123d7,1.0,1,424902,106.1
tools,reasoning-bank,eog,hr,4,4,2,task_20260111_151647_667_a8eea1c0_c7c264ba,0.714286,0,516159,173.2
tools,reasoning-bank,eog,hr,4,4,2,task_20260111_190744_927_a8eea1c0_17bea726,0.0,0,372894,143.1
tools,reasoning-bank,eog,hr,4,4,2,task_20260114_173911_329_a8eea1c0_b687c646,0.6,0,376654,87.1
tools,reasoning-bank,eog,hr,4,4,2,task_20260114_220447_370_00364ece_0c9c7534,0.75,0,342009,115.1
tools,reasoning-bank,eog,hr,4,4,2,task_20260115_043503_499_a8eea1c0_4b943c9b,0.75,0,447235,169.4
tools,reasoning-bank,eog,hr,4,4,2,task_20260116_094554_219_c5cac200_82f2d2a8,1.0,1,578145,286.4
tools,reasoning-bank,eog,hr,4,4,2,task_20260116_095609_650_c5cac200_741831a8,1.0,1,348429,180.1
tools,reasoning-bank,eog,hr,4,4,2,task_20260116_112648_773_99ba2325_c572f123,0.428571,0,241591,157.0
tools,reasoning-bank,eog,hr,4,4,2,task_20260116_185136_779_46ca2862_2b77b852,1.0,1,246094,207.2
tools,reasoning-bank,eog,hr,4,4,2,task_20260116_203855_584_57529556_7b20a1d8,0.666667,0,384009,171.9
tools,reasoning-bank,eog,hr,4,4,2,task_20260119_045416_534_ad5a67e3_78445838,0.857143,0,405718,52.9
tools,reasoning-bank,eog,hr,4,4,3,task_20251212_194942_087_761f6b82_451ef3b7,0.571429,0,376785,122.4
tools,reasoning-bank,eog,hr,4,4,3,task_20251217_231709_248_b25153b4_4c5f9bde,1.0,1,373538,88.5
tools,reasoning-bank,eog,hr,4,4,3,task_20251219_155520_685_a8eea1c0_c6fb88a1,1.0,1,265384,62.1
tools,reasoning-bank,eog,hr,4,4,3,task_20251223_061756_991_a8eea1c0_e497a345,0.2,0,199694,71.8
tools,reasoning-bank,eog,hr,4,4,3,task_20251223_201118_525_46ca2862_e3f79e09,1.0,1,731245,386.5
tools,reasoning-bank,eog,hr,4,4,3,task_20251224_064352_705_ec0cb5dd_46d83d4e,0.846154,0,538013,219.8
tools,reasoning-bank,eog,hr,4,4,3,task_20251224_074251_092_46ca2862_b5b99f66,1.0,1,371932,128.0
tools,reasoning-bank,eog,hr,4,4,3,task_20251225_062927_003_d9bcd1e5_d996901a,0.375,0,68200,59.6
tools,reasoning-bank,eog,hr,4,4,3,task_20251225_180047_141_a8eea1c0_002e725f,1.0,1,378240,165.3
tools,reasoning-bank,eog,hr,4,4,3,task_20251226_110144_731_b25153b4_773380f8,1.0,1,513274,174.9
tools,reasoning-bank,eog,hr,4,4,3,task_20260109_185510_803_a8eea1c0_b51123d7,1.0,1,413323,96.8
tools,reasoning-bank,eog,hr,4,4,3,task_20260111_151647_667_a8eea1c0_c7c264ba,0.714286,0,419497,272.2
tools,reasoning-bank,eog,hr,4,4,3,task_20260111_190744_927_a8eea1c0_17bea726,0.0,0,420317,139.5
tools,reasoning-bank,eog,hr,4,4,3,task_20260114_173911_329_a8eea1c0_b687c646,0.6,0,370167,89.3
tools,reasoning-bank,eog,hr,4,4,3,task_20260114_220447_370_00364ece_0c9c7534,0.75,0,307264,130.4
tools,reasoning-bank,eog,hr,4,4,3,task_20260115_043503_499_a8eea1c0_4b943c9b,0.75,0,346203,134.2
tools,reasoning-bank,eog,hr,4,4,3,task_20260116_094554_219_c5cac200_82f2d2a8,1.0,1,646095,249.7
tools,reasoning-bank,eog,hr,4,4,3,task_20260116_095609_650_c5cac200_741831a8,1.0,1,241887,113.7
tools,reasoning-bank,eog,hr,4,4,3,task_20260116_112648_773_99ba2325_c572f123,1.0,1,523506,188.9
tools,reasoning-bank,eog,hr,4,4,3,task_20260116_185136_779_46ca2862_2b77b852,1.0,1,209634,137.6
tools,reasoning-bank,eog,hr,4,4,3,task_20260116_203855_584_57529556_7b20a1d8,0.666667,0,386409,181.0
tools,reasoning-bank,eog,hr,4,4,3,task_20260119_045416_534_ad5a67e3_78445838,0.857143,0,406463,64.1
tools,reasoning-bank,eog,hr,5,1,1,task_20251223_184833_888_a8eea1c0_87c53cb9,0.571429,0,285529,74.1
tools,reasoning-bank,eog,hr,5,1,1,task_20251223_194142_190_46ca2862_d9cae434,1.0,1,283005,122.0
tools,reasoning-bank,eog,hr,5,1,1,task_20251223_194912_450_46ca2862_0084047c,1.0,1,354699,156.1
tools,reasoning-bank,eog,hr,5,1,1,task_20251224_094258_495_c4ad7a70_42fbe372,0.25,0,246931,63.1
tools,reasoning-bank,eog,hr,5,1,1,task_20251224_133749_739_c4ad7a70_9df76270,0.75,0,391518,154.6
tools,reasoning-bank,eog,hr,5,1,1,task_20251226_094920_495_99ba2325_627386b2,1.0,1,321118,105.5
tools,reasoning-bank,eog,hr,5,1,1,task_20260112_141226_936_7aad91c1_61df8f2b,1.0,1,334394,136.5
tools,reasoning-bank,eog,hr,5,1,1,task_20260116_104653_444_99ba2325_320d5ca4,1.0,1,398289,167.5
tools,reasoning-bank,eog,hr,5,1,1,task_20260116_112336_208_c5cac200_da33db0a,1.0,1,252814,82.0
tools,reasoning-bank,eog,hr,5,1,1,task_20260116_160908_725_46ca2862_923e672e,0.0,0,142347,85.2
tools,reasoning-bank,eog,hr,5,1,2,task_20251223_184833_888_a8eea1c0_87c53cb9,0.571429,0,351980,87.5
tools,reasoning-bank,eog,hr,5,1,2,task_20251223_194142_190_46ca2862_d9cae434,1.0,1,318340,136.0
tools,reasoning-bank,eog,hr,5,1,2,task_20251223_194912_450_46ca2862_0084047c,1.0,1,393475,197.4
tools,reasoning-bank,eog,hr,5,1,2,task_20251224_094258_495_c4ad7a70_42fbe372,0.75,0,318205,110.0
tools,reasoning-bank,eog,hr,5,1,2,task_20251224_133749_739_c4ad7a70_9df76270,1.0,1,283593,102.4
tools,reasoning-bank,eog,hr,5,1,2,task_20251226_094920_495_99ba2325_627386b2,1.0,1,322235,116.7
tools,reasoning-bank,eog,hr,5,1,2,task_20260112_141226_936_7aad91c1_61df8f2b,1.0,1,330463,117.7
tools,reasoning-bank,eog,hr,5,1,2,task_20260116_104653_444_99ba2325_320d5ca4,1.0,1,264649,116.4
tools,reasoning-bank,eog,hr,5,1,2,task_20260116_112336_208_c5cac200_da33db0a,0.833333,0,394689,98.6
tools,reasoning-bank,eog,hr,5,1,2,task_20260116_160908_725_46ca2862_923e672e,0.5,0,360399,219.0
tools,reasoning-bank,eog,hr,5,1,3,task_20251223_184833_888_a8eea1c0_87c53cb9,0.571429,0,351729,98.4
tools,reasoning-bank,eog,hr,5,1,3,task_20251223_194142_190_46ca2862_d9cae434,0.5,0,282277,128.5
tools,reasoning-bank,eog,hr,5,1,3,task_20251223_194912_450_46ca2862_0084047c,1.0,1,391661,200.9
tools,reasoning-bank,eog,hr,5,1,3,task_20251224_094258_495_c4ad7a70_42fbe372,0.75,0,284946,116.0
tools,reasoning-bank,eog,hr,5,1,3,task_20251224_133749_739_c4ad7a70_9df76270,1.0,1,360765,127.9
tools,reasoning-bank,eog,hr,5,1,3,task_20251226_094920_495_99ba2325_627386b2,1.0,1,255334,141.1
tools,reasoning-bank,eog,hr,5,1,3,task_20260112_141226_936_7aad91c1_61df8f2b,1.0,1,255114,80.5
tools,reasoning-bank,eog,hr,5,1,3,task_20260116_104653_444_99ba2325_320d5ca4,1.0,1,289355,156.3
tools,reasoning-bank,eog,hr,5,1,3,task_20260116_112336_208_c5cac200_da33db0a,0.833333,0,323438,69.7
tools,reasoning-bank,eog,hr,5,1,3,task_20260116_160908_725_46ca2862_923e672e,0.0,0,326180,225.4
tools,reasoning-bank,eog,hr,5,2,1,task_20251217_211723_514_87437950_3bbbb519,0.25,0,350032,132.6
tools,reasoning-bank,eog,hr,5,2,1,task_20251219_205632_335_cd46e60f_4db23138,0.25,0,476348,165.6
tools,reasoning-bank,eog,hr,5,2,1,task_20251224_030218_157_00364ece_79650819,1.0,1,248046,86.1
tools,reasoning-bank,eog,hr,5,2,1,task_20251224_195437_497_e6427839_6357fed2,0.0,0,177310,48.5
tools,reasoning-bank,eog,hr,5,2,1,task_20251226_090527_363_b25153b4_6caf1a47,0.6,0,289770,125.6
tools,reasoning-bank,eog,hr,5,2,1,task_20251226_135729_497_c4ad7a70_788f5baf,1.0,1,421344,139.0
tools,reasoning-bank,eog,hr,5,2,1,task_20251226_153702_699_ad5a67e3_43cd2d47,1.0,1,213010,73.7
tools,reasoning-bank,eog,hr,5,2,1,task_20260114_170216_532_accab84d_9dc7ddd5,1.0,1,278189,33.6
tools,reasoning-bank,eog,hr,5,2,1,task_20260114_180423_838_00364ece_9f2ad35c,1.0,1,403680,193.3
tools,reasoning-bank,eog,hr,5,2,1,task_20260115_124602_090_accab84d_91ac1840,0.833333,0,440466,143.6
tools,reasoning-bank,eog,hr,5,2,1,task_20260115_151312_690_57529556_9fca8861,0.875,0,794104,250.4
tools,reasoning-bank,eog,hr,5,2,1,task_20260116_055513_891_99ba2325_849991b8,0.333333,0,258874,188.4
tools,reasoning-bank,eog,hr,5,2,1,task_20260116_170758_750_d4a463c3_3885de59,0.444444,0,478384,161.4
tools,reasoning-bank,eog,hr,5,2,2,task_20251217_211723_514_87437950_3bbbb519,0.25,0,422645,144.4
tools,reasoning-bank,eog,hr,5,2,2,task_20251219_205632_335_cd46e60f_4db23138,0.0,0,35977,27.9
tools,reasoning-bank,eog,hr,5,2,2,task_20251224_030218_157_00364ece_79650819,0.5,0,209280,61.8
tools,reasoning-bank,eog,hr,5,2,2,task_20251224_195437_497_e6427839_6357fed2,0.0,0,177093,53.8
tools,reasoning-bank,eog,hr,5,2,2,task_20251226_090527_363_b25153b4_6caf1a47,0.6,0,328559,173.5
tools,reasoning-bank,eog,hr,5,2,2,task_20251226_135729_497_c4ad7a70_788f5baf,0.666667,0,278735,77.6
tools,reasoning-bank,eog,hr,5,2,2,task_20251226_153702_699_ad5a67e3_43cd2d47,0.333333,0,287906,140.8
tools,reasoning-bank,eog,hr,5,2,2,task_20260114_170216_532_accab84d_9dc7ddd5,1.0,1,280459,57.5
tools,reasoning-bank,eog,hr,5,2,2,task_20260114_180423_838_00364ece_9f2ad35c,0.75,0,372627,221.8
tools,reasoning-bank,eog,hr,5,2,2,task_20260115_124602_090_accab84d_91ac1840,0.833333,0,604099,203.6
tools,reasoning-bank,eog,hr,5,2,2,task_20260115_151312_690_57529556_9fca8861,0.875,0,601833,286.4
tools,reasoning-bank,eog,hr,5,2,2,task_20260116_055513_891_99ba2325_849991b8,0.333333,0,336857,294.5
tools,reasoning-bank,eog,hr,5,2,2,task_20260116_170758_750_d4a463c3_3885de59,0.444444,0,671240,278.4
tools,reasoning-bank,eog,hr,5,2,3,task_20251217_211723_514_87437950_3bbbb519,0.25,0,317370,111.9
tools,reasoning-bank,eog,hr,5,2,3,task_20251219_205632_335_cd46e60f_4db23138,0.25,0,327999,131.6
tools,reasoning-bank,eog,hr,5,2,3,task_20251224_030218_157_00364ece_79650819,1.0,1,210568,73.1
tools,reasoning-bank,eog,hr,5,2,3,task_20251224_195437_497_e6427839_6357fed2,0.0,0,288406,92.7
tools,reasoning-bank,eog,hr,5,2,3,task_20251226_090527_363_b25153b4_6caf1a47,0.6,0,287914,110.2
tools,reasoning-bank,eog,hr,5,2,3,task_20251226_135729_497_c4ad7a70_788f5baf,1.0,1,279580,75.6
tools,reasoning-bank,eog,hr,5,2,3,task_20251226_153702_699_ad5a67e3_43cd2d47,1.0,1,252952,88.7
tools,reasoning-bank,eog,hr,5,2,3,task_20260114_170216_532_accab84d_9dc7ddd5,1.0,1,279789,49.7
tools,reasoning-bank,eog,hr,5,2,3,task_20260114_180423_838_00364ece_9f2ad35c,0.75,0,547820,317.7
tools,reasoning-bank,eog,hr,5,2,3,task_20260115_124602_090_accab84d_91ac1840,0.833333,0,693318,211.2
tools,reasoning-bank,eog,hr,5,2,3,task_20260115_151312_690_57529556_9fca8861,0.875,0,557251,171.4
tools,reasoning-bank,eog,hr,5,2,3,task_20260116_055513_891_99ba2325_849991b8,0.166667,0,36529,29.4
tools,reasoning-bank,eog,hr,5,2,3,task_20260116_170758_750_d4a463c3_3885de59,0.777778,0,626706,209.9
tools,reasoning-bank,eog,hr,5,3,1,task_20251217_073807_153_761f6b82_cba63024,0.0,0,40082,114.3
tools,reasoning-bank,eog,hr,5,3,1,task_20251218_234518_453_d9bcd1e5_72c94403,1.0,1,252131,105.2
tools,reasoning-bank,eog,hr,5,3,1,task_20251219_114935_971_a8eea1c0_188fc892,1.0,1,277053,61.8
tools,reasoning-bank,eog,hr,5,3,1,task_20251219_155215_361_00364ece_c1c6ffc8,0.0,0,209875,110.9
tools,reasoning-bank,eog,hr,5,3,1,task_20251225_124750_039_7e2e0039_de8a9d94,1.0,1,177197,81.5
tools,reasoning-bank,eog,hr,5,3,1,task_20251226_041218_355_d9bcd1e5_bc84c9d5,0.888889,0,500862,201.4
tools,reasoning-bank,eog,hr,5,3,1,task_20251226_101143_297_99ba2325_75b99d9a,0.75,0,289687,146.6
tools,reasoning-bank,eog,hr,5,3,1,task_20251226_102334_184_b25153b4_08c0849c,1.0,1,359055,105.9
tools,reasoning-bank,eog,hr,5,3,1,task_20251226_104747_127_30600918_559da326,0.5,0,325413,110.5
tools,reasoning-bank,eog,hr,5,3,1,task_20251226_132052_338_e6427839_727d852c,0.0,0,72689,54.7
tools,reasoning-bank,eog,hr,5,3,1,task_20251226_173040_372_95fd9f79_c7e85ec1,0.833333,0,345152,170.4
tools,reasoning-bank,eog,hr,5,3,1,task_20260109_172559_279_e6427839_f711406f,1.0,1,624528,194.7
tools,reasoning-bank,eog,hr,5,3,1,task_20260109_202436_533_a8eea1c0_755eabdd,0.888889,0,715768,161.5
tools,reasoning-bank,eog,hr,5,3,1,task_20260113_032200_394_ad5a67e3_5e3873b8,0.875,0,429086,165.0
tools,reasoning-bank,eog,hr,5,3,1,task_20260114_091008_897_accab84d_786931e4,0.75,0,442551,255.1
tools,reasoning-bank,eog,hr,5,3,1,task_20260115_130330_068_00364ece_cf2e9cf1,0.571429,0,855661,306.1
tools,reasoning-bank,eog,hr,5,3,1,task_20260115_130852_498_a8eea1c0_e9192d7e,1.0,1,451281,199.2
tools,reasoning-bank,eog,hr,5,3,1,task_20260115_190725_477_a8eea1c0_eba3a1c5,0.833333,0,496382,220.1
tools,reasoning-bank,eog,hr,5,3,1,task_20260116_084548_120_fa1836dc_679067bc,0.5,0,478353,349.6
tools,reasoning-bank,eog,hr,5,3,1,task_20260116_085958_358_a8eea1c0_6d7f242a,1.0,1,530028,318.9
tools,reasoning-bank,eog,hr,5,3,1,task_20260116_105748_962_99ba2325_dcc658fa,0.75,0,400504,223.5
tools,reasoning-bank,eog,hr,5,3,1,task_20260116_122712_166_d4a463c3_196fe24f,1.0,1,499979,122.0
tools,reasoning-bank,eog,hr,5,3,1,task_20260116_143750_504_a8eea1c0_7d91efa1,1.0,1,379114,105.3
tools,reasoning-bank,eog,hr,5,3,1,task_20260116_150213_342_a8eea1c0_6d6fe792,0.5,0,307624,108.0
tools,reasoning-bank,eog,hr,5,3,1,task_20260119_022056_842_ad5a67e3_964df197,1.0,1,429277,125.3
tools,reasoning-bank,eog,hr,5,3,2,task_20251217_073807_153_761f6b82_cba63024,0.571429,0,692695,330.9
tools,reasoning-bank,eog,hr,5,3,2,task_20251218_234518_453_d9bcd1e5_72c94403,0.666667,0,465807,174.8
tools,reasoning-bank,eog,hr,5,3,2,task_20251219_114935_971_a8eea1c0_188fc892,1.0,1,210884,79.1
tools,reasoning-bank,eog,hr,5,3,2,task_20251219_155215_361_00364ece_c1c6ffc8,0.0,0,209768,63.4
tools,reasoning-bank,eog,hr,5,3,2,task_20251225_124750_039_7e2e0039_de8a9d94,1.0,1,177536,63.5
tools,reasoning-bank,eog,hr,5,3,2,task_20251226_041218_355_d9bcd1e5_bc84c9d5,0.777778,0,290022,112.1
tools,reasoning-bank,eog,hr,5,3,2,task_20251226_101143_297_99ba2325_75b99d9a,0.75,0,400885,198.8
tools,reasoning-bank,eog,hr,5,3,2,task_20251226_102334_184_b25153b4_08c0849c,1.0,1,358333,95.1
tools,reasoning-bank,eog,hr,5,3,2,task_20251226_104747_127_30600918_559da326,0.5,0,441282,194.5
tools,reasoning-bank,eog,hr,5,3,2,task_20251226_132052_338_e6427839_727d852c,0.0,0,182159,149.9
tools,reasoning-bank,eog,hr,5,3,2,task_20251226_173040_372_95fd9f79_c7e85ec1,1.0,1,260900,134.0
tools,reasoning-bank,eog,hr,5,3,2,task_20260109_172559_279_e6427839_f711406f,0.833333,0,456643,239.0
tools,reasoning-bank,eog,hr,5,3,2,task_20260109_202436_533_a8eea1c0_755eabdd,0.777778,0,760082,250.0
tools,reasoning-bank,eog,hr,5,3,2,task_20260113_032200_394_ad5a67e3_5e3873b8,0.875,0,502337,114.4
tools,reasoning-bank,eog,hr,5,3,2,task_20260114_091008_897_accab84d_786931e4,0.75,0,367196,192.2
tools,reasoning-bank,eog,hr,5,3,2,task_20260115_130330_068_00364ece_cf2e9cf1,0.714286,0,559795,202.4
tools,reasoning-bank,eog,hr,5,3,2,task_20260115_130852_498_a8eea1c0_e9192d7e,0.5,0,410082,259.1
tools,reasoning-bank,eog,hr,5,3,2,task_20260115_190725_477_a8eea1c0_eba3a1c5,0.833333,0,393411,215.6
tools,reasoning-bank,eog,hr,5,3,2,task_20260116_084548_120_fa1836dc_679067bc,0.5,0,572906,416.1
tools,reasoning-bank,eog,hr,5,3,2,task_20260116_085958_358_a8eea1c0_6d7f242a,1.0,1,362674,181.5
tools,reasoning-bank,eog,hr,5,3,2,task_20260116_105748_962_99ba2325_dcc658fa,0.75,0,399373,190.7
tools,reasoning-bank,eog,hr,5,3,2,task_20260116_122712_166_d4a463c3_196fe24f,1.0,1,430395,136.4
tools,reasoning-bank,eog,hr,5,3,2,task_20260116_143750_504_a8eea1c0_7d91efa1,1.0,1,414574,95.5
tools,reasoning-bank,eog,hr,5,3,2,task_20260116_150213_342_a8eea1c0_6d6fe792,0.5,0,342239,70.1
tools,reasoning-bank,eog,hr,5,3,2,task_20260119_022056_842_ad5a67e3_964df197,1.0,1,467505,117.9
tools,reasoning-bank,eog,hr,5,3,3,task_20251217_073807_153_761f6b82_cba63024,0.571429,0,688958,254.8
tools,reasoning-bank,eog,hr,5,3,3,task_20251218_234518_453_d9bcd1e5_72c94403,0.666667,0,532447,126.4
tools,reasoning-bank,eog,hr,5,3,3,task_20251219_114935_971_a8eea1c0_188fc892,0.5,0,213224,88.0
tools,reasoning-bank,eog,hr,5,3,3,task_20251219_155215_361_00364ece_c1c6ffc8,0.0,0,212066,60.5
tools,reasoning-bank,eog,hr,5,3,3,task_20251225_124750_039_7e2e0039_de8a9d94,1.0,1,215078,103.4
tools,reasoning-bank,eog,hr,5,3,3,task_20251226_041218_355_d9bcd1e5_bc84c9d5,0.777778,0,357125,121.4
tools,reasoning-bank,eog,hr,5,3,3,task_20251226_101143_297_99ba2325_75b99d9a,0.75,0,291629,156.9
tools,reasoning-bank,eog,hr,5,3,3,task_20251226_102334_184_b25153b4_08c0849c,1.0,1,286504,75.9
tools,reasoning-bank,eog,hr,5,3,3,task_20251226_104747_127_30600918_559da326,0.5,0,369539,152.2
tools,reasoning-bank,eog,hr,5,3,3,task_20251226_132052_338_e6427839_727d852c,0.0,0,71864,55.3
tools,reasoning-bank,eog,hr,5,3,3,task_20251226_173040_372_95fd9f79_c7e85ec1,1.0,1,595752,293.8
tools,reasoning-bank,eog,hr,5,3,3,task_20260109_172559_279_e6427839_f711406f,0.833333,0,661191,256.7
tools,reasoning-bank,eog,hr,5,3,3,task_20260109_202436_533_a8eea1c0_755eabdd,0.888889,0,711938,254.1
tools,reasoning-bank,eog,hr,5,3,3,task_20260113_032200_394_ad5a67e3_5e3873b8,0.875,0,398096,107.0
tools,reasoning-bank,eog,hr,5,3,3,task_20260114_091008_897_accab84d_786931e4,0.75,0,293050,146.6
tools,reasoning-bank,eog,hr,5,3,3,task_20260115_130330_068_00364ece_cf2e9cf1,0.571429,0,660010,244.4
tools,reasoning-bank,eog,hr,5,3,3,task_20260115_130852_498_a8eea1c0_e9192d7e,0.333333,0,336158,275.7
tools,reasoning-bank,eog,hr,5,3,3,task_20260115_190725_477_a8eea1c0_eba3a1c5,0.833333,0,394192,186.5
tools,reasoning-bank,eog,hr,5,3,3,task_20260116_084548_120_fa1836dc_679067bc,0.5,0,553948,392.1
tools,reasoning-bank,eog,hr,5,3,3,task_20260116_085958_358_a8eea1c0_6d7f242a,1.0,1,371998,163.2
tools,reasoning-bank,eog,hr,5,3,3,task_20260116_105748_962_99ba2325_dcc658fa,1.0,1,403017,232.5
tools,reasoning-bank,eog,hr,5,3,3,task_20260116_122712_166_d4a463c3_196fe24f,1.0,1,319942,91.9
tools,reasoning-bank,eog,hr,5,3,3,task_20260116_143750_504_a8eea1c0_7d91efa1,1.0,1,379900,73.4
tools,reasoning-bank,eog,hr,5,3,3,task_20260116_150213_342_a8eea1c0_6d6fe792,0.5,0,341651,67.4
tools,reasoning-bank,eog,hr,5,3,3,task_20260119_022056_842_ad5a67e3_964df197,1.0,1,431674,127.7
tools,reasoning-bank,eog,hr,5,4,1,task_20251212_194942_087_761f6b82_451ef3b7,0.571429,0,396216,155.0
tools,reasoning-bank,eog,hr,5,4,1,task_20251217_231709_248_b25153b4_4c5f9bde,1.0,1,500235,101.5
tools,reasoning-bank,eog,hr,5,4,1,task_20251219_155520_685_a8eea1c0_c6fb88a1,1.0,1,348725,63.4
tools,reasoning-bank,eog,hr,5,4,1,task_20251223_061756_991_a8eea1c0_e497a345,0.2,0,244581,85.0
tools,reasoning-bank,eog,hr,5,4,1,task_20251223_201118_525_46ca2862_e3f79e09,1.0,1,777000,422.0
tools,reasoning-bank,eog,hr,5,4,1,task_20251224_064352_705_ec0cb5dd_46d83d4e,0.461538,0,34609,27.2
tools,reasoning-bank,eog,hr,5,4,1,task_20251224_074251_092_46ca2862_b5b99f66,1.0,1,316858,123.2
tools,reasoning-bank,eog,hr,5,4,1,task_20251225_062927_003_d9bcd1e5_d996901a,0.375,0,70654,72.2
tools,reasoning-bank,eog,hr,5,4,1,task_20251225_180047_141_a8eea1c0_002e725f,1.0,1,365821,115.3
tools,reasoning-bank,eog,hr,5,4,1,task_20251226_110144_731_b25153b4_773380f8,1.0,1,608773,230.4
tools,reasoning-bank,eog,hr,5,4,1,task_20260109_185510_803_a8eea1c0_b51123d7,1.0,1,329331,110.4
tools,reasoning-bank,eog,hr,5,4,1,task_20260111_151647_667_a8eea1c0_c7c264ba,0.714286,0,357542,130.1
tools,reasoning-bank,eog,hr,5,4,1,task_20260111_190744_927_a8eea1c0_17bea726,0.0,0,545723,272.8
tools,reasoning-bank,eog,hr,5,4,1,task_20260114_173911_329_a8eea1c0_b687c646,0.4,0,393939,124.0
tools,reasoning-bank,eog,hr,5,4,1,task_20260114_220447_370_00364ece_0c9c7534,0.75,0,320375,101.3
tools,reasoning-bank,eog,hr,5,4,1,task_20260115_043503_499_a8eea1c0_4b943c9b,1.0,1,429866,151.2
tools,reasoning-bank,eog,hr,5,4,1,task_20260116_094554_219_c5cac200_82f2d2a8,1.0,1,592457,211.5
tools,reasoning-bank,eog,hr,5,4,1,task_20260116_095609_650_c5cac200_741831a8,0.666667,0,321102,127.9
tools,reasoning-bank,eog,hr,5,4,1,task_20260116_112648_773_99ba2325_c572f123,0.857143,0,514466,280.5
tools,reasoning-bank,eog,hr,5,4,1,task_20260116_185136_779_46ca2862_2b77b852,1.0,1,183099,152.2
tools,reasoning-bank,eog,hr,5,4,1,task_20260116_203855_584_57529556_7b20a1d8,0.666667,0,335053,204.1
tools,reasoning-bank,eog,hr,5,4,1,task_20260119_045416_534_ad5a67e3_78445838,0.857143,0,424979,57.2
tools,reasoning-bank,eog,hr,5,4,2,task_20251212_194942_087_761f6b82_451ef3b7,0.571429,0,430925,157.1
tools,reasoning-bank,eog,hr,5,4,2,task_20251217_231709_248_b25153b4_4c5f9bde,1.0,1,392349,87.3
tools,reasoning-bank,eog,hr,5,4,2,task_20251219_155520_685_a8eea1c0_c6fb88a1,1.0,1,207959,54.1
tools,reasoning-bank,eog,hr,5,4,2,task_20251223_061756_991_a8eea1c0_e497a345,0.2,0,207180,65.4
tools,reasoning-bank,eog,hr,5,4,2,task_20251223_201118_525_46ca2862_e3f79e09,1.0,1,516213,335.8
tools,reasoning-bank,eog,hr,5,4,2,task_20251224_064352_705_ec0cb5dd_46d83d4e,0.846154,0,456681,249.4
tools,reasoning-bank,eog,hr,5,4,2,task_20251224_074251_092_46ca2862_b5b99f66,1.0,1,426886,177.6
tools,reasoning-bank,eog,hr,5,4,2,task_20251225_062927_003_d9bcd1e5_d996901a,0.875,0,620171,301.2
tools,reasoning-bank,eog,hr,5,4,2,task_20251225_180047_141_a8eea1c0_002e725f,1.0,1,393719,187.6
tools,reasoning-bank,eog,hr,5,4,2,task_20251226_110144_731_b25153b4_773380f8,1.0,1,721971,329.4
tools,reasoning-bank,eog,hr,5,4,2,task_20260109_185510_803_a8eea1c0_b51123d7,1.0,1,514104,136.0
tools,reasoning-bank,eog,hr,5,4,2,task_20260111_151647_667_a8eea1c0_c7c264ba,0.714286,0,577739,228.2
tools,reasoning-bank,eog,hr,5,4,2,task_20260111_190744_927_a8eea1c0_17bea726,0.0,0,462981,180.8
tools,reasoning-bank,eog,hr,5,4,2,task_20260114_173911_329_a8eea1c0_b687c646,0.6,0,323468,69.0
tools,reasoning-bank,eog,hr,5,4,2,task_20260114_220447_370_00364ece_0c9c7534,0.75,0,356647,145.3
tools,reasoning-bank,eog,hr,5,4,2,task_20260115_043503_499_a8eea1c0_4b943c9b,1.0,1,435735,228.4
tools,reasoning-bank,eog,hr,5,4,2,task_20260116_094554_219_c5cac200_82f2d2a8,1.0,1,556728,284.8
tools,reasoning-bank,eog,hr,5,4,2,task_20260116_095609_650_c5cac200_741831a8,0.666667,0,319311,135.9
tools,reasoning-bank,eog,hr,5,4,2,task_20260116_112648_773_99ba2325_c572f123,1.0,1,479409,222.8
tools,reasoning-bank,eog,hr,5,4,2,task_20260116_185136_779_46ca2862_2b77b852,1.0,1,257028,285.9
tools,reasoning-bank,eog,hr,5,4,2,task_20260116_203855_584_57529556_7b20a1d8,0.666667,0,559936,339.9
tools,reasoning-bank,eog,hr,5,4,2,task_20260119_045416_534_ad5a67e3_78445838,0.857143,0,429668,100.6
tools,reasoning-bank,eog,hr,5,4,3,task_20251212_194942_087_761f6b82_451ef3b7,0.571429,0,394353,168.7
tools,reasoning-bank,eog,hr,5,4,3,task_20251217_231709_248_b25153b4_4c5f9bde,1.0,1,357210,135.4
tools,reasoning-bank,eog,hr,5,4,3,task_20251219_155520_685_a8eea1c0_c6fb88a1,1.0,1,314090,111.8
tools,reasoning-bank,eog,hr,5,4,3,task_20251223_061756_991_a8eea1c0_e497a345,0.2,0,245706,125.6
tools,reasoning-bank,eog,hr,5,4,3,task_20251223_201118_525_46ca2862_e3f79e09,1.0,1,681060,412.2
tools,reasoning-bank,eog,hr,5,4,3,task_20251224_064352_705_ec0cb5dd_46d83d4e,0.461538,0,71915,92.7
tools,reasoning-bank,eog,hr,5,4,3,task_20251224_074251_092_46ca2862_b5b99f66,1.0,1,318423,150.8
tools,reasoning-bank,eog,hr,5,4,3,task_20251225_062927_003_d9bcd1e5_d996901a,0.875,0,636913,343.9
tools,reasoning-bank,eog,hr,5,4,3,task_20251225_180047_141_a8eea1c0_002e725f,1.0,1,396787,221.6
tools,reasoning-bank,eog,hr,5,4,3,task_20251226_110144_731_b25153b4_773380f8,1.0,1,538770,182.7
tools,reasoning-bank,eog,hr,5,4,3,task_20260109_185510_803_a8eea1c0_b51123d7,1.0,1,469670,115.6
tools,reasoning-bank,eog,hr,5,4,3,task_20260111_151647_667_a8eea1c0_c7c264ba,0.714286,0,466290,269.6
tools,reasoning-bank,eog,hr,5,4,3,task_20260111_190744_927_a8eea1c0_17bea726,0.0,0,468164,148.2
tools,reasoning-bank,eog,hr,5,4,3,task_20260114_173911_329_a8eea1c0_b687c646,0.6,0,424996,157.5
tools,reasoning-bank,eog,hr,5,4,3,task_20260114_220447_370_00364ece_0c9c7534,0.75,0,287024,155.8
tools,reasoning-bank,eog,hr,5,4,3,task_20260115_043503_499_a8eea1c0_4b943c9b,0.25,0,36215,67.3
tools,reasoning-bank,eog,hr,5,4,3,task_20260116_094554_219_c5cac200_82f2d2a8,1.0,1,441875,202.4
tools,reasoning-bank,eog,hr,5,4,3,task_20260116_095609_650_c5cac200_741831a8,0.666667,0,323510,150.6
tools,reasoning-bank,eog,hr,5,4,3,task_20260116_112648_773_99ba2325_c572f123,1.0,1,777826,349.5
tools,reasoning-bank,eog,hr,5,4,3,task_20260116_185136_779_46ca2862_2b77b852,0.666667,0,221924,265.0
tools,reasoning-bank,eog,hr,5,4,3,task_20260116_203855_584_57529556_7b20a1d8,0.666667,0,405810,301.4
tools,reasoning-bank,eog,hr,5,4,3,task_20260119_045416_534_ad5a67e3_78445838,0.857143,0,427082,111.2
tools,reasoning-bank,eog,hr,5,5,1,task_20251217_161056_114_d9bcd1e5_c8f3ccb9,0.8,0,415579,96.8
tools,reasoning-bank,eog,hr,5,5,1,task_20260112_124137_537_761f6b82_9e1a6b99,0.25,0,439867,226.6
tools,reasoning-bank,eog,hr,5,5,2,task_20251217_161056_114_d9bcd1e5_c8f3ccb9,0.8,0,415817,107.9
tools,reasoning-bank,eog,hr,5,5,2,task_20260112_124137_537_761f6b82_9e1a6b99,0.25,0,446418,272.4
tools,reasoning-bank,eog,hr,5,5,3,task_20251217_161056_114_d9bcd1e5_c8f3ccb9,0.8,0,417537,94.9
tools,reasoning-bank,eog,hr,5,5,3,task_20260112_124137_537_761f6b82_9e1a6b99,0.25,0,522723,271.4
tools,reasoning-bank,eog,hybrid,1,1,1,task_20251216_223804_332_df2c536d_a1d9c559,0.333333,0,89243,72.6
tools,reasoning-bank,eog,hybrid,1,1,1,task_20251217_140216_182_701c5774_9fcdf867,1.0,1,137196,70.2
tools,reasoning-bank,eog,hybrid,1,1,1,task_20251217_160053_417_701c5774_db625115,0.666667,0,256965,315.2
tools,reasoning-bank,eog,hybrid,1,1,1,task_20251218_102205_211_1628b966_06687c79,0.5,0,318045,173.5
tools,reasoning-bank,eog,hybrid,1,1,1,task_20251218_103430_472_701c5774_42c99459,0.0,0,224384,342.2
tools,reasoning-bank,eog,hybrid,1,1,1,task_20251218_173030_490_23fcbcdb_0e698d81,1.0,1,167674,119.7
tools,reasoning-bank,eog,hybrid,1,1,1,task_20251219_174221_127_64a4ebb9_3a8bb36b,0.8,0,148466,66.1
tools,reasoning-bank,eog,hybrid,1,1,1,task_20251221_222713_409_64a4ebb9_9915366d,1.0,1,153538,95.8
tools,reasoning-bank,eog,hybrid,1,1,1,task_20251222_113047_572_64a4ebb9_cd2083a8,0.8,0,132495,95.3
tools,reasoning-bank,eog,hybrid,1,1,1,task_20251224_104537_197_701c5774_5c104832,0.333333,0,305554,301.7
tools,reasoning-bank,eog,hybrid,1,1,1,task_20251224_112727_844_701c5774_58c1bbfb,0.0,0,258288,280.5
tools,reasoning-bank,eog,hybrid,1,1,1,task_20251225_130546_796_4d9df647_7e32b59a,0.0,0,53720,73.8
tools,reasoning-bank,eog,hybrid,1,1,1,task_20251225_133905_252_060e2c81_7e4fd228,0.875,0,171478,86.9
tools,reasoning-bank,eog,hybrid,1,1,1,task_20260113_141825_482_911d75d7_ecab6320,1.0,1,456733,128.5
tools,reasoning-bank,eog,hybrid,1,1,1,task_20260113_152354_165_9a1e131b_fc5e2cac,0.0,0,84809,58.6
tools,reasoning-bank,eog,hybrid,1,1,1,task_20260114_073013_180_911d75d7_cc244085,0.25,0,267988,340.2
tools,reasoning-bank,eog,hybrid,1,1,1,task_20260114_172825_147_1628b966_cc356289,1.0,1,90984,74.6
tools,reasoning-bank,eog,hybrid,1,1,1,task_20260115_111059_508_9a1e131b_a201f065,0.333333,0,275624,153.4
tools,reasoning-bank,eog,hybrid,1,1,1,task_20260115_121701_840_1628b966_ff394d2f,1.0,1,145338,77.3
tools,reasoning-bank,eog,hybrid,1,1,1,task_20260115_170553_772_ae7b45e2_daae994c,0.5,0,113457,102.7
tools,reasoning-bank,eog,hybrid,1,1,1,task_20260116_080150_885_1628b966_5a58d8e3,0.0,0,183776,224.6
tools,reasoning-bank,eog,hybrid,1,1,1,task_20260116_125421_530_806f1a83_3e703812,0.8,0,212999,143.2
tools,reasoning-bank,eog,hybrid,1,1,1,task_20260116_131741_243_1628b966_c66e5972,0.5,0,148372,141.4
tools,reasoning-bank,eog,hybrid,1,1,1,task_20260117_084409_361_4d9df647_9892db8c,0.0,0,90741,124.7
tools,reasoning-bank,eog,hybrid,1,1,2,task_20251216_223804_332_df2c536d_a1d9c559,0.333333,0,108984,102.5
tools,reasoning-bank,eog,hybrid,1,1,2,task_20251217_140216_182_701c5774_9fcdf867,1.0,1,117762,53.4
tools,reasoning-bank,eog,hybrid,1,1,2,task_20251217_160053_417_701c5774_db625115,0.666667,0,251622,251.5
tools,reasoning-bank,eog,hybrid,1,1,2,task_20251218_102205_211_1628b966_06687c79,0.5,0,344626,164.2
tools,reasoning-bank,eog,hybrid,1,1,2,task_20251218_103430_472_701c5774_42c99459,0.0,0,290483,352.8
tools,reasoning-bank,eog,hybrid,1,1,2,task_20251218_173030_490_23fcbcdb_0e698d81,1.0,1,166893,119.8
tools,reasoning-bank,eog,hybrid,1,1,2,task_20251219_174221_127_64a4ebb9_3a8bb36b,0.8,0,149328,74.0
tools,reasoning-bank,eog,hybrid,1,1,2,task_20251221_222713_409_64a4ebb9_9915366d,1.0,1,175723,102.9
tools,reasoning-bank,eog,hybrid,1,1,2,task_20251222_113047_572_64a4ebb9_cd2083a8,0.8,0,178523,97.6
tools,reasoning-bank,eog,hybrid,1,1,2,task_20251224_104537_197_701c5774_5c104832,0.333333,0,331911,306.8
tools,reasoning-bank,eog,hybrid,1,1,2,task_20251224_112727_844_701c5774_58c1bbfb,0.0,0,374913,295.3
tools,reasoning-bank,eog,hybrid,1,1,2,task_20251225_130546_796_4d9df647_7e32b59a,0.0,0,53407,71.1
tools,reasoning-bank,eog,hybrid,1,1,2,task_20251225_133905_252_060e2c81_7e4fd228,0.875,0,172381,111.3
tools,reasoning-bank,eog,hybrid,1,1,2,task_20260113_141825_482_911d75d7_ecab6320,1.0,1,460772,156.1
tools,reasoning-bank,eog,hybrid,1,1,2,task_20260113_152354_165_9a1e131b_fc5e2cac,0.0,0,84902,61.4
tools,reasoning-bank,eog,hybrid,1,1,2,task_20260114_073013_180_911d75d7_cc244085,0.25,0,240473,251.4
tools,reasoning-bank,eog,hybrid,1,1,2,task_20260114_172825_147_1628b966_cc356289,1.0,1,90600,61.2
tools,reasoning-bank,eog,hybrid,1,1,2,task_20260115_111059_508_9a1e131b_a201f065,0.333333,0,175952,84.9
tools,reasoning-bank,eog,hybrid,1,1,2,task_20260115_121701_840_1628b966_ff394d2f,1.0,1,146445,77.3
tools,reasoning-bank,eog,hybrid,1,1,2,task_20260115_170553_772_ae7b45e2_daae994c,0.5,0,109950,93.1
tools,reasoning-bank,eog,hybrid,1,1,2,task_20260116_080150_885_1628b966_5a58d8e3,0.0,0,177097,206.2
tools,reasoning-bank,eog,hybrid,1,1,2,task_20260116_125421_530_806f1a83_3e703812,0.8,0,283297,140.4
tools,reasoning-bank,eog,hybrid,1,1,2,task_20260116_131741_243_1628b966_c66e5972,0.5,0,205854,214.1
tools,reasoning-bank,eog,hybrid,1,1,2,task_20260117_084409_361_4d9df647_9892db8c,0.0,0,266954,181.0
tools,reasoning-bank,eog,hybrid,1,1,3,task_20251216_223804_332_df2c536d_a1d9c559,0.333333,0,73571,87.9
tools,reasoning-bank,eog,hybrid,1,1,3,task_20251217_140216_182_701c5774_9fcdf867,1.0,1,118288,54.6
tools,reasoning-bank,eog,hybrid,1,1,3,task_20251217_160053_417_701c5774_db625115,0.666667,0,186777,209.2
tools,reasoning-bank,eog,hybrid,1,1,3,task_20251218_102205_211_1628b966_06687c79,0.5,0,318227,141.9
tools,reasoning-bank,eog,hybrid,1,1,3,task_20251218_103430_472_701c5774_42c99459,0.0,0,272095,338.5
tools,reasoning-bank,eog,hybrid,1,1,3,task_20251218_173030_490_23fcbcdb_0e698d81,1.0,1,166246,86.5
tools,reasoning-bank,eog,hybrid,1,1,3,task_20251219_174221_127_64a4ebb9_3a8bb36b,0.8,0,149580,64.8
tools,reasoning-bank,eog,hybrid,1,1,3,task_20251221_222713_409_64a4ebb9_9915366d,1.0,1,216635,103.1
tools,reasoning-bank,eog,hybrid,1,1,3,task_20251222_113047_572_64a4ebb9_cd2083a8,0.8,0,132194,69.2
tools,reasoning-bank,eog,hybrid,1,1,3,task_20251224_104537_197_701c5774_5c104832,0.333333,0,281999,240.4
tools,reasoning-bank,eog,hybrid,1,1,3,task_20251224_112727_844_701c5774_58c1bbfb,0.0,0,312079,293.3
tools,reasoning-bank,eog,hybrid,1,1,3,task_20251225_130546_796_4d9df647_7e32b59a,0.0,0,52218,45.7
tools,reasoning-bank,eog,hybrid,1,1,3,task_20251225_133905_252_060e2c81_7e4fd228,0.875,0,178066,86.4
tools,reasoning-bank,eog,hybrid,1,1,3,task_20260113_141825_482_911d75d7_ecab6320,1.0,1,481825,135.5
tools,reasoning-bank,eog,hybrid,1,1,3,task_20260113_152354_165_9a1e131b_fc5e2cac,0.0,0,86797,62.4
tools,reasoning-bank,eog,hybrid,1,1,3,task_20260114_073013_180_911d75d7_cc244085,0.25,0,261321,218.8
tools,reasoning-bank,eog,hybrid,1,1,3,task_20260114_172825_147_1628b966_cc356289,1.0,1,117503,79.0
tools,reasoning-bank,eog,hybrid,1,1,3,task_20260115_111059_508_9a1e131b_a201f065,0.333333,0,254906,142.3
tools,reasoning-bank,eog,hybrid,1,1,3,task_20260115_121701_840_1628b966_ff394d2f,1.0,1,122712,49.0
tools,reasoning-bank,eog,hybrid,1,1,3,task_20260115_170553_772_ae7b45e2_daae994c,0.333333,0,111529,62.7
tools,reasoning-bank,eog,hybrid,1,1,3,task_20260116_080150_885_1628b966_5a58d8e3,0.0,0,153365,114.1
tools,reasoning-bank,eog,hybrid,1,1,3,task_20260116_125421_530_806f1a83_3e703812,0.8,0,213397,136.9
tools,reasoning-bank,eog,hybrid,1,1,3,task_20260116_131741_243_1628b966_c66e5972,1.0,1,175219,141.3
tools,reasoning-bank,eog,hybrid,1,1,3,task_20260117_084409_361_4d9df647_9892db8c,0.0,0,141455,131.7
tools,reasoning-bank,eog,hybrid,2,1,1,task_20251216_223804_332_df2c536d_a1d9c559,0.333333,0,166827,115.7
tools,reasoning-bank,eog,hybrid,2,1,1,task_20251217_140216_182_701c5774_9fcdf867,1.0,1,157664,62.7
tools,reasoning-bank,eog,hybrid,2,1,1,task_20251217_160053_417_701c5774_db625115,0.666667,0,545487,283.8
tools,reasoning-bank,eog,hybrid,2,1,1,task_20251218_102205_211_1628b966_06687c79,0.5,0,403569,187.3
tools,reasoning-bank,eog,hybrid,2,1,1,task_20251218_103430_472_701c5774_42c99459,0.0,0,275223,152.2
tools,reasoning-bank,eog,hybrid,2,1,1,task_20251218_173030_490_23fcbcdb_0e698d81,0.75,0,224293,152.5
tools,reasoning-bank,eog,hybrid,2,1,1,task_20251219_174221_127_64a4ebb9_3a8bb36b,0.8,0,189471,62.4
tools,reasoning-bank,eog,hybrid,2,1,1,task_20251221_222713_409_64a4ebb9_9915366d,1.0,1,166437,87.8
tools,reasoning-bank,eog,hybrid,2,1,1,task_20251222_113047_572_64a4ebb9_cd2083a8,0.8,0,249850,105.0
tools,reasoning-bank,eog,hybrid,2,1,1,task_20251224_104537_197_701c5774_5c104832,0.333333,0,377308,237.1
tools,reasoning-bank,eog,hybrid,2,1,1,task_20251224_112727_844_701c5774_58c1bbfb,0.0,0,255397,211.8
tools,reasoning-bank,eog,hybrid,2,1,1,task_20251225_130546_796_4d9df647_7e32b59a,0.2,0,137540,114.7
tools,reasoning-bank,eog,hybrid,2,1,1,task_20251225_133905_252_060e2c81_7e4fd228,0.875,0,378335,106.2
tools,reasoning-bank,eog,hybrid,2,1,1,task_20260113_141825_482_911d75d7_ecab6320,1.0,1,588699,148.2
tools,reasoning-bank,eog,hybrid,2,1,1,task_20260113_152354_165_9a1e131b_fc5e2cac,0.0,0,115911,71.6
tools,reasoning-bank,eog,hybrid,2,1,1,task_20260114_073013_180_911d75d7_cc244085,0.25,0,337871,246.9
tools,reasoning-bank,eog,hybrid,2,1,1,task_20260114_172825_147_1628b966_cc356289,1.0,1,142252,70.7
tools,reasoning-bank,eog,hybrid,2,1,1,task_20260115_111059_508_9a1e131b_a201f065,0.5,0,219261,97.3
tools,reasoning-bank,eog,hybrid,2,1,1,task_20260115_121701_840_1628b966_ff394d2f,1.0,1,160533,42.7
tools,reasoning-bank,eog,hybrid,2,1,1,task_20260115_170553_772_ae7b45e2_daae994c,0.5,0,165287,77.5
tools,reasoning-bank,eog,hybrid,2,1,1,task_20260116_080150_885_1628b966_5a58d8e3,0.0,0,186322,85.2
tools,reasoning-bank,eog,hybrid,2,1,1,task_20260116_125421_530_806f1a83_3e703812,0.8,0,367107,156.8
tools,reasoning-bank,eog,hybrid,2,1,1,task_20260116_131741_243_1628b966_c66e5972,0.5,0,215912,170.2
tools,reasoning-bank,eog,hybrid,2,1,1,task_20260117_084409_361_4d9df647_9892db8c,0.0,0,206977,194.4
tools,reasoning-bank,eog,hybrid,2,1,2,task_20251216_223804_332_df2c536d_a1d9c559,0.0,0,119987,107.2
tools,reasoning-bank,eog,hybrid,2,1,2,task_20251217_140216_182_701c5774_9fcdf867,1.0,1,182212,62.8
tools,reasoning-bank,eog,hybrid,2,1,2,task_20251217_160053_417_701c5774_db625115,0.666667,0,230219,163.1
tools,reasoning-bank,eog,hybrid,2,1,2,task_20251218_102205_211_1628b966_06687c79,1.0,1,431723,139.2
tools,reasoning-bank,eog,hybrid,2,1,2,task_20251218_103430_472_701c5774_42c99459,0.0,0,335434,257.3
tools,reasoning-bank,eog,hybrid,2,1,2,task_20251218_173030_490_23fcbcdb_0e698d81,1.0,1,217994,135.6
tools,reasoning-bank,eog,hybrid,2,1,2,task_20251219_174221_127_64a4ebb9_3a8bb36b,0.8,0,190457,71.3
tools,reasoning-bank,eog,hybrid,2,1,2,task_20251221_222713_409_64a4ebb9_9915366d,1.0,1,192984,76.8
tools,reasoning-bank,eog,hybrid,2,1,2,task_20251222_113047_572_64a4ebb9_cd2083a8,0.8,0,139098,67.8
tools,reasoning-bank,eog,hybrid,2,1,2,task_20251224_104537_197_701c5774_5c104832,0.333333,0,412618,364.0
tools,reasoning-bank,eog,hybrid,2,1,2,task_20251224_112727_844_701c5774_58c1bbfb,0.0,0,384958,334.3
tools,reasoning-bank,eog,hybrid,2,1,2,task_20251225_130546_796_4d9df647_7e32b59a,0.2,0,169518,144.7
tools,reasoning-bank,eog,hybrid,2,1,2,task_20251225_133905_252_060e2c81_7e4fd228,0.875,0,437974,110.5
tools,reasoning-bank,eog,hybrid,2,1,2,task_20260113_141825_482_911d75d7_ecab6320,0.888889,0,589455,173.4
tools,reasoning-bank,eog,hybrid,2,1,2,task_20260113_152354_165_9a1e131b_fc5e2cac,0.0,0,116504,78.3
tools,reasoning-bank,eog,hybrid,2,1,2,task_20260114_073013_180_911d75d7_cc244085,0.25,0,288658,230.6
tools,reasoning-bank,eog,hybrid,2,1,2,task_20260114_172825_147_1628b966_cc356289,1.0,1,141420,67.8
tools,reasoning-bank,eog,hybrid,2,1,2,task_20260115_111059_508_9a1e131b_a201f065,0.5,0,221113,96.0
tools,reasoning-bank,eog,hybrid,2,1,2,task_20260115_121701_840_1628b966_ff394d2f,1.0,1,161628,63.2
tools,reasoning-bank,eog,hybrid,2,1,2,task_20260115_170553_772_ae7b45e2_daae994c,0.333333,0,141334,80.3
tools,reasoning-bank,eog,hybrid,2,1,2,task_20260116_080150_885_1628b966_5a58d8e3,0.0,0,160182,126.7
tools,reasoning-bank,eog,hybrid,2,1,2,task_20260116_125421_530_806f1a83_3e703812,0.8,0,286571,130.8
tools,reasoning-bank,eog,hybrid,2,1,2,task_20260116_131741_243_1628b966_c66e5972,0.5,0,215764,133.6
tools,reasoning-bank,eog,hybrid,2,1,2,task_20260117_084409_361_4d9df647_9892db8c,0.0,0,243373,171.0
tools,reasoning-bank,eog,hybrid,2,1,3,task_20251216_223804_332_df2c536d_a1d9c559,0.333333,0,166385,158.0
tools,reasoning-bank,eog,hybrid,2,1,3,task_20251217_140216_182_701c5774_9fcdf867,1.0,1,156166,74.8
tools,reasoning-bank,eog,hybrid,2,1,3,task_20251217_160053_417_701c5774_db625115,0.666667,0,354365,217.6
tools,reasoning-bank,eog,hybrid,2,1,3,task_20251218_102205_211_1628b966_06687c79,0.5,0,345807,184.7
tools,reasoning-bank,eog,hybrid,2,1,3,task_20251218_103430_472_701c5774_42c99459,0.0,0,368125,331.5
tools,reasoning-bank,eog,hybrid,2,1,3,task_20251218_173030_490_23fcbcdb_0e698d81,1.0,1,216520,91.6
tools,reasoning-bank,eog,hybrid,2,1,3,task_20251219_174221_127_64a4ebb9_3a8bb36b,1.0,1,250320,75.5
tools,reasoning-bank,eog,hybrid,2,1,3,task_20251221_222713_409_64a4ebb9_9915366d,1.0,1,248064,126.0
tools,reasoning-bank,eog,hybrid,2,1,3,task_20251222_113047_572_64a4ebb9_cd2083a8,0.8,0,251679,87.5
tools,reasoning-bank,eog,hybrid,2,1,3,task_20251224_104537_197_701c5774_5c104832,0.333333,0,318130,369.8
tools,reasoning-bank,eog,hybrid,2,1,3,task_20251224_112727_844_701c5774_58c1bbfb,0.0,0,346512,249.2
tools,reasoning-bank,eog,hybrid,2,1,3,task_20251225_130546_796_4d9df647_7e32b59a,0.0,0,100831,96.6
tools,reasoning-bank,eog,hybrid,2,1,3,task_20251225_133905_252_060e2c81_7e4fd228,0.875,0,317120,95.6
tools,reasoning-bank,eog,hybrid,2,1,3,task_20260113_141825_482_911d75d7_ecab6320,1.0,1,620997,171.5
tools,reasoning-bank,eog,hybrid,2,1,3,task_20260113_152354_165_9a1e131b_fc5e2cac,0.0,0,112800,78.0
tools,reasoning-bank,eog,hybrid,2,1,3,task_20260114_073013_180_911d75d7_cc244085,0.25,0,343907,347.8
tools,reasoning-bank,eog,hybrid,2,1,3,task_20260114_172825_147_1628b966_cc356289,1.0,1,143590,87.6
tools,reasoning-bank,eog,hybrid,2,1,3,task_20260115_111059_508_9a1e131b_a201f065,0.166667,0,220791,82.3
tools,reasoning-bank,eog,hybrid,2,1,3,task_20260115_121701_840_1628b966_ff394d2f,1.0,1,161567,98.9
tools,reasoning-bank,eog,hybrid,2,1,3,task_20260115_170553_772_ae7b45e2_daae994c,0.333333,0,139595,49.3
tools,reasoning-bank,eog,hybrid,2,1,3,task_20260116_080150_885_1628b966_5a58d8e3,0.0,0,150509,122.5
tools,reasoning-bank,eog,hybrid,2,1,3,task_20260116_125421_530_806f1a83_3e703812,0.8,0,265386,118.9
tools,reasoning-bank,eog,hybrid,2,1,3,task_20260116_131741_243_1628b966_c66e5972,0.5,0,215908,178.7
tools,reasoning-bank,eog,hybrid,2,1,3,task_20260117_084409_361_4d9df647_9892db8c,0.0,0,212668,208.2
tools,reasoning-bank,eog,hybrid,2,2,1,task_20251222_151946_409_060e2c81_253357ab,1.0,1,365264,226.5
tools,reasoning-bank,eog,hybrid,2,2,1,task_20251225_074839_957_701c5774_eef4d0c4,1.0,1,218295,112.4
tools,reasoning-bank,eog,hybrid,2,2,1,task_20251226_133324_902_e5bf1251_942c943a,0.5,0,220237,81.9
tools,reasoning-bank,eog,hybrid,2,2,1,task_20251226_150609_837_4d9df647_84917c0b,0.285714,0,383543,345.3
tools,reasoning-bank,eog,hybrid,2,2,1,task_20251226_150647_118_13762b97_8da0c6a5,0.75,0,265462,156.2
tools,reasoning-bank,eog,hybrid,2,2,1,task_20251226_225931_685_bca89e7d_597733d7,0.75,0,128690,74.0
tools,reasoning-bank,eog,hybrid,2,2,1,task_20260113_114937_574_4d9df647_a8d4341b,0.8,0,304643,383.7
tools,reasoning-bank,eog,hybrid,2,2,1,task_20260113_120745_735_4d9df647_017a9009,1.0,1,72336,43.7
tools,reasoning-bank,eog,hybrid,2,2,1,task_20260113_141542_776_911d75d7_78be6b0f,0.666667,0,162030,71.9
tools,reasoning-bank,eog,hybrid,2,2,1,task_20260115_122753_129_1628b966_0c22c9cc,0.666667,0,172363,134.8
tools,reasoning-bank,eog,hybrid,2,2,1,task_20260119_162417_443_d8f93f2d_2b15bc38,1.0,1,175344,76.8
tools,reasoning-bank,eog,hybrid,2,2,2,task_20251222_151946_409_060e2c81_253357ab,1.0,1,296362,165.7
tools,reasoning-bank,eog,hybrid,2,2,2,task_20251225_074839_957_701c5774_eef4d0c4,1.0,1,218656,112.0
tools,reasoning-bank,eog,hybrid,2,2,2,task_20251226_133324_902_e5bf1251_942c943a,0.5,0,156832,97.8
tools,reasoning-bank,eog,hybrid,2,2,2,task_20251226_150609_837_4d9df647_84917c0b,0.428571,0,568065,387.6
tools,reasoning-bank,eog,hybrid,2,2,2,task_20251226_150647_118_13762b97_8da0c6a5,0.625,0,320987,127.2
tools,reasoning-bank,eog,hybrid,2,2,2,task_20251226_225931_685_bca89e7d_597733d7,1.0,1,237972,91.0
tools,reasoning-bank,eog,hybrid,2,2,2,task_20260113_114937_574_4d9df647_a8d4341b,0.6,0,390635,393.8
tools,reasoning-bank,eog,hybrid,2,2,2,task_20260113_120745_735_4d9df647_017a9009,1.0,1,72680,54.6
tools,reasoning-bank,eog,hybrid,2,2,2,task_20260113_141542_776_911d75d7_78be6b0f,1.0,1,116620,80.8
tools,reasoning-bank,eog,hybrid,2,2,2,task_20260115_122753_129_1628b966_0c22c9cc,0.666667,0,171701,128.8
tools,reasoning-bank,eog,hybrid,2,2,2,task_20260119_162417_443_d8f93f2d_2b15bc38,1.0,1,176594,97.7
tools,reasoning-bank,eog,hybrid,2,2,3,task_20251222_151946_409_060e2c81_253357ab,0.888889,0,311553,177.7
tools,reasoning-bank,eog,hybrid,2,2,3,task_20251225_074839_957_701c5774_eef4d0c4,0.5,0,223188,140.0
tools,reasoning-bank,eog,hybrid,2,2,3,task_20251226_133324_902_e5bf1251_942c943a,0.5,0,159267,88.8
tools,reasoning-bank,eog,hybrid,2,2,3,task_20251226_150609_837_4d9df647_84917c0b,0.428571,0,614130,421.5
tools,reasoning-bank,eog,hybrid,2,2,3,task_20251226_150647_118_13762b97_8da0c6a5,0.75,0,212651,103.6
tools,reasoning-bank,eog,hybrid,2,2,3,task_20251226_225931_685_bca89e7d_597733d7,0.75,0,127884,61.3
tools,reasoning-bank,eog,hybrid,2,2,3,task_20260113_114937_574_4d9df647_a8d4341b,0.6,0,239285,328.9
tools,reasoning-bank,eog,hybrid,2,2,3,task_20260113_120745_735_4d9df647_017a9009,1.0,1,96127,50.7
tools,reasoning-bank,eog,hybrid,2,2,3,task_20260113_141542_776_911d75d7_78be6b0f,1.0,1,115751,65.9
tools,reasoning-bank,eog,hybrid,2,2,3,task_20260115_122753_129_1628b966_0c22c9cc,0.666667,0,176043,146.1
tools,reasoning-bank,eog,hybrid,2,2,3,task_20260119_162417_443_d8f93f2d_2b15bc38,1.0,1,176152,94.1
tools,reasoning-bank,eog,hybrid,3,1,1,task_20251216_223804_332_df2c536d_a1d9c559,0.0,0,162193,115.5
tools,reasoning-bank,eog,hybrid,3,1,1,task_20251217_140216_182_701c5774_9fcdf867,1.0,1,211598,65.5
tools,reasoning-bank,eog,hybrid,3,1,1,task_20251217_160053_417_701c5774_db625115,1.0,1,365767,296.5
tools,reasoning-bank,eog,hybrid,3,1,1,task_20251218_102205_211_1628b966_06687c79,0.5,0,393228,157.3
tools,reasoning-bank,eog,hybrid,3,1,1,task_20251218_103430_472_701c5774_42c99459,0.0,0,316799,230.1
tools,reasoning-bank,eog,hybrid,3,1,1,task_20251218_173030_490_23fcbcdb_0e698d81,1.0,1,308589,156.2
tools,reasoning-bank,eog,hybrid,3,1,1,task_20251219_174221_127_64a4ebb9_3a8bb36b,0.8,0,258092,64.7
tools,reasoning-bank,eog,hybrid,3,1,1,task_20251221_222713_409_64a4ebb9_9915366d,1.0,1,320604,98.7
tools,reasoning-bank,eog,hybrid,3,1,1,task_20251222_113047_572_64a4ebb9_cd2083a8,0.8,0,293146,91.6
tools,reasoning-bank,eog,hybrid,3,1,1,task_20251224_104537_197_701c5774_5c104832,0.333333,0,423345,276.1
tools,reasoning-bank,eog,hybrid,3,1,1,task_20251224_112727_844_701c5774_58c1bbfb,0.0,0,352091,211.9
tools,reasoning-bank,eog,hybrid,3,1,1,task_20251225_130546_796_4d9df647_7e32b59a,0.2,0,206357,169.9
tools,reasoning-bank,eog,hybrid,3,1,1,task_20251225_133905_252_060e2c81_7e4fd228,0.875,0,424977,94.4
tools,reasoning-bank,eog,hybrid,3,1,1,task_20260113_141825_482_911d75d7_ecab6320,1.0,1,670893,217.0
tools,reasoning-bank,eog,hybrid,3,1,1,task_20260113_152354_165_9a1e131b_fc5e2cac,0.0,0,131787,74.3
tools,reasoning-bank,eog,hybrid,3,1,1,task_20260114_073013_180_911d75d7_cc244085,0.25,0,383758,297.2
tools,reasoning-bank,eog,hybrid,3,1,1,task_20260114_172825_147_1628b966_cc356289,1.0,1,98291,85.5
tools,reasoning-bank,eog,hybrid,3,1,1,task_20260115_111059_508_9a1e131b_a201f065,0.5,0,276580,122.3
tools,reasoning-bank,eog,hybrid,3,1,1,task_20260115_121701_840_1628b966_ff394d2f,1.0,1,186328,61.4
tools,reasoning-bank,eog,hybrid,3,1,1,task_20260115_170553_772_ae7b45e2_daae994c,0.333333,0,162683,61.2
tools,reasoning-bank,eog,hybrid,3,1,1,task_20260116_080150_885_1628b966_5a58d8e3,0.0,0,209764,128.2
tools,reasoning-bank,eog,hybrid,3,1,1,task_20260116_125421_530_806f1a83_3e703812,0.8,0,389423,157.0
tools,reasoning-bank,eog,hybrid,3,1,1,task_20260116_131741_243_1628b966_c66e5972,1.0,1,210858,198.0
tools,reasoning-bank,eog,hybrid,3,1,1,task_20260117_084409_361_4d9df647_9892db8c,0.0,0,287030,180.8
tools,reasoning-bank,eog,hybrid,3,1,2,task_20251216_223804_332_df2c536d_a1d9c559,0.0,0,161891,154.9
tools,reasoning-bank,eog,hybrid,3,1,2,task_20251217_140216_182_701c5774_9fcdf867,1.0,1,179775,55.2
tools,reasoning-bank,eog,hybrid,3,1,2,task_20251217_160053_417_701c5774_db625115,0.666667,0,260821,201.8
tools,reasoning-bank,eog,hybrid,3,1,2,task_20251218_102205_211_1628b966_06687c79,0.5,0,429251,169.1
tools,reasoning-bank,eog,hybrid,3,1,2,task_20251218_103430_472_701c5774_42c99459,0.0,0,384943,287.4
tools,reasoning-bank,eog,hybrid,3,1,2,task_20251218_173030_490_23fcbcdb_0e698d81,1.0,1,247486,142.8
tools,reasoning-bank,eog,hybrid,3,1,2,task_20251219_174221_127_64a4ebb9_3a8bb36b,0.8,0,227212,67.7
tools,reasoning-bank,eog,hybrid,3,1,2,task_20251221_222713_409_64a4ebb9_9915366d,1.0,1,286491,108.3
tools,reasoning-bank,eog,hybrid,3,1,2,task_20251222_113047_572_64a4ebb9_cd2083a8,0.8,0,324149,88.2
tools,reasoning-bank,eog,hybrid,3,1,2,task_20251224_104537_197_701c5774_5c104832,0.333333,0,422864,287.4
tools,reasoning-bank,eog,hybrid,3,1,2,task_20251224_112727_844_701c5774_58c1bbfb,0.0,0,288029,230.9
tools,reasoning-bank,eog,hybrid,3,1,2,task_20251225_130546_796_4d9df647_7e32b59a,0.2,0,163783,130.6
tools,reasoning-bank,eog,hybrid,3,1,2,task_20251225_133905_252_060e2c81_7e4fd228,0.875,0,466951,89.8
tools,reasoning-bank,eog,hybrid,3,1,2,task_20260113_141825_482_911d75d7_ecab6320,0.888889,0,634526,185.9
tools,reasoning-bank,eog,hybrid,3,1,2,task_20260113_152354_165_9a1e131b_fc5e2cac,0.0,0,129916,69.9
tools,reasoning-bank,eog,hybrid,3,1,2,task_20260114_073013_180_911d75d7_cc244085,0.5,0,511705,341.4
tools,reasoning-bank,eog,hybrid,3,1,2,task_20260114_172825_147_1628b966_cc356289,1.0,1,196122,84.2
tools,reasoning-bank,eog,hybrid,3,1,2,task_20260115_111059_508_9a1e131b_a201f065,0.5,0,246944,109.0
tools,reasoning-bank,eog,hybrid,3,1,2,task_20260115_121701_840_1628b966_ff394d2f,1.0,1,188326,94.2
tools,reasoning-bank,eog,hybrid,3,1,2,task_20260115_170553_772_ae7b45e2_daae994c,0.333333,0,196619,67.1
tools,reasoning-bank,eog,hybrid,3,1,2,task_20260116_080150_885_1628b966_5a58d8e3,0.0,0,177461,106.5
tools,reasoning-bank,eog,hybrid,3,1,2,task_20260116_125421_530_806f1a83_3e703812,0.8,0,381939,165.8
tools,reasoning-bank,eog,hybrid,3,1,2,task_20260116_131741_243_1628b966_c66e5972,0.5,0,246598,229.1
tools,reasoning-bank,eog,hybrid,3,1,2,task_20260117_084409_361_4d9df647_9892db8c,0.0,0,386033,199.9
tools,reasoning-bank,eog,hybrid,3,1,3,task_20251216_223804_332_df2c536d_a1d9c559,0.0,0,109023,101.5
tools,reasoning-bank,eog,hybrid,3,1,3,task_20251217_140216_182_701c5774_9fcdf867,1.0,1,212006,87.0
tools,reasoning-bank,eog,hybrid,3,1,3,task_20251217_160053_417_701c5774_db625115,0.666667,0,292571,233.6
tools,reasoning-bank,eog,hybrid,3,1,3,task_20251218_102205_211_1628b966_06687c79,1.0,1,389866,107.7
tools,reasoning-bank,eog,hybrid,3,1,3,task_20251218_103430_472_701c5774_42c99459,0.0,0,397104,443.4
tools,reasoning-bank,eog,hybrid,3,1,3,task_20251218_173030_490_23fcbcdb_0e698d81,1.0,1,216413,103.7
tools,reasoning-bank,eog,hybrid,3,1,3,task_20251219_174221_127_64a4ebb9_3a8bb36b,0.8,0,289274,72.6
tools,reasoning-bank,eog,hybrid,3,1,3,task_20251221_222713_409_64a4ebb9_9915366d,1.0,1,351874,111.0
tools,reasoning-bank,eog,hybrid,3,1,3,task_20251222_113047_572_64a4ebb9_cd2083a8,0.8,0,293140,97.2
tools,reasoning-bank,eog,hybrid,3,1,3,task_20251224_104537_197_701c5774_5c104832,0.333333,0,319913,280.8
tools,reasoning-bank,eog,hybrid,3,1,3,task_20251224_112727_844_701c5774_58c1bbfb,0.0,0,491372,363.5
tools,reasoning-bank,eog,hybrid,3,1,3,task_20251225_130546_796_4d9df647_7e32b59a,0.2,0,204589,138.4
tools,reasoning-bank,eog,hybrid,3,1,3,task_20251225_133905_252_060e2c81_7e4fd228,0.875,0,386124,84.6
tools,reasoning-bank,eog,hybrid,3,1,3,task_20260113_141825_482_911d75d7_ecab6320,1.0,1,635295,165.0
tools,reasoning-bank,eog,hybrid,3,1,3,task_20260113_152354_165_9a1e131b_fc5e2cac,0.0,0,153563,73.2
tools,reasoning-bank,eog,hybrid,3,1,3,task_20260114_073013_180_911d75d7_cc244085,0.25,0,410705,254.5
tools,reasoning-bank,eog,hybrid,3,1,3,task_20260114_172825_147_1628b966_cc356289,1.0,1,98032,64.5
tools,reasoning-bank,eog,hybrid,3,1,3,task_20260115_111059_508_9a1e131b_a201f065,0.333333,0,216868,106.5
tools,reasoning-bank,eog,hybrid,3,1,3,task_20260115_121701_840_1628b966_ff394d2f,1.0,1,185200,65.8
tools,reasoning-bank,eog,hybrid,3,1,3,task_20260115_170553_772_ae7b45e2_daae994c,0.333333,0,162625,54.1
tools,reasoning-bank,eog,hybrid,3,1,3,task_20260116_080150_885_1628b966_5a58d8e3,0.0,0,248196,135.2
tools,reasoning-bank,eog,hybrid,3,1,3,task_20260116_125421_530_806f1a83_3e703812,0.8,0,413317,214.9
tools,reasoning-bank,eog,hybrid,3,1,3,task_20260116_131741_243_1628b966_c66e5972,0.5,0,277038,171.3
tools,reasoning-bank,eog,hybrid,3,1,3,task_20260117_084409_361_4d9df647_9892db8c,0.0,0,414608,212.2
tools,reasoning-bank,eog,hybrid,3,2,1,task_20251222_151946_409_060e2c81_253357ab,1.0,1,476469,226.4
tools,reasoning-bank,eog,hybrid,3,2,1,task_20251225_074839_957_701c5774_eef4d0c4,1.0,1,211867,89.0
tools,reasoning-bank,eog,hybrid,3,2,1,task_20251226_133324_902_e5bf1251_942c943a,0.5,0,212155,89.6
tools,reasoning-bank,eog,hybrid,3,2,1,task_20251226_150609_837_4d9df647_84917c0b,0.428571,0,588504,332.2
tools,reasoning-bank,eog,hybrid,3,2,1,task_20251226_150647_118_13762b97_8da0c6a5,0.75,0,377547,116.2
tools,reasoning-bank,eog,hybrid,3,2,1,task_20251226_225931_685_bca89e7d_597733d7,0.75,0,190318,81.9
tools,reasoning-bank,eog,hybrid,3,2,1,task_20260113_114937_574_4d9df647_a8d4341b,0.8,0,332435,296.2
tools,reasoning-bank,eog,hybrid,3,2,1,task_20260113_120745_735_4d9df647_017a9009,1.0,1,89839,46.7
tools,reasoning-bank,eog,hybrid,3,2,1,task_20260113_141542_776_911d75d7_78be6b0f,0.666667,0,133320,37.4
tools,reasoning-bank,eog,hybrid,3,2,1,task_20260115_122753_129_1628b966_0c22c9cc,0.666667,0,271437,125.3
tools,reasoning-bank,eog,hybrid,3,2,1,task_20260119_162417_443_d8f93f2d_2b15bc38,1.0,1,198751,82.8
tools,reasoning-bank,eog,hybrid,3,2,2,task_20251222_151946_409_060e2c81_253357ab,1.0,1,208787,162.3
tools,reasoning-bank,eog,hybrid,3,2,2,task_20251225_074839_957_701c5774_eef4d0c4,0.5,0,284241,148.9
tools,reasoning-bank,eog,hybrid,3,2,2,task_20251226_133324_902_e5bf1251_942c943a,0.5,0,177468,75.6
tools,reasoning-bank,eog,hybrid,3,2,2,task_20251226_150609_837_4d9df647_84917c0b,0.428571,0,538917,258.9
tools,reasoning-bank,eog,hybrid,3,2,2,task_20251226_150647_118_13762b97_8da0c6a5,0.75,0,396070,149.2
tools,reasoning-bank,eog,hybrid,3,2,2,task_20251226_225931_685_bca89e7d_597733d7,0.75,0,343406,129.6
tools,reasoning-bank,eog,hybrid,3,2,2,task_20260113_114937_574_4d9df647_a8d4341b,0.8,0,393409,308.4
tools,reasoning-bank,eog,hybrid,3,2,2,task_20260113_120745_735_4d9df647_017a9009,1.0,1,118213,56.9
tools,reasoning-bank,eog,hybrid,3,2,2,task_20260113_141542_776_911d75d7_78be6b0f,1.0,1,110204,100.6
tools,reasoning-bank,eog,hybrid,3,2,2,task_20260115_122753_129_1628b966_0c22c9cc,0.666667,0,355285,178.8
tools,reasoning-bank,eog,hybrid,3,2,2,task_20260119_162417_443_d8f93f2d_2b15bc38,1.0,1,198968,87.6
tools,reasoning-bank,eog,hybrid,3,2,3,task_20251222_151946_409_060e2c81_253357ab,0.888889,0,603380,193.3
tools,reasoning-bank,eog,hybrid,3,2,3,task_20251225_074839_957_701c5774_eef4d0c4,1.0,1,244780,83.4
tools,reasoning-bank,eog,hybrid,3,2,3,task_20251226_133324_902_e5bf1251_942c943a,0.5,0,212260,95.0
tools,reasoning-bank,eog,hybrid,3,2,3,task_20251226_150609_837_4d9df647_84917c0b,0.428571,0,586403,308.1
tools,reasoning-bank,eog,hybrid,3,2,3,task_20251226_150647_118_13762b97_8da0c6a5,0.625,0,263737,71.3
tools,reasoning-bank,eog,hybrid,3,2,3,task_20251226_225931_685_bca89e7d_597733d7,1.0,1,155623,56.7
tools,reasoning-bank,eog,hybrid,3,2,3,task_20260113_114937_574_4d9df647_a8d4341b,1.0,1,360510,300.0
tools,reasoning-bank,eog,hybrid,3,2,3,task_20260113_120745_735_4d9df647_017a9009,1.0,1,178403,57.8
tools,reasoning-bank,eog,hybrid,3,2,3,task_20260113_141542_776_911d75d7_78be6b0f,0.666667,0,133984,58.8
tools,reasoning-bank,eog,hybrid,3,2,3,task_20260115_122753_129_1628b966_0c22c9cc,0.666667,0,199547,94.3
tools,reasoning-bank,eog,hybrid,3,2,3,task_20260119_162417_443_d8f93f2d_2b15bc38,1.0,1,198945,80.9
tools,reasoning-bank,eog,hybrid,3,3,1,task_20251217_130333_406_df2c536d_96566d89,0.333333,0,270824,169.7
tools,reasoning-bank,eog,hybrid,3,3,1,task_20251225_071630_879_701c5774_99b636e9,0.5,0,682093,484.4
tools,reasoning-bank,eog,hybrid,3,3,1,task_20251225_161315_197_13762b97_44595aaa,0.875,0,239877,91.7
tools,reasoning-bank,eog,hybrid,3,3,1,task_20260112_125407_584_1628b966_f5dd38b6,0.5,0,126949,71.3
tools,reasoning-bank,eog,hybrid,3,3,1,task_20260114_163605_721_1628b966_187c9544,1.0,1,247594,131.2
tools,reasoning-bank,eog,hybrid,3,3,1,task_20260114_174605_380_1628b966_b09f4a35,0.75,0,256388,92.8
tools,reasoning-bank,eog,hybrid,3,3,1,task_20260116_064331_915_d8f93f2d_854d09b8,1.0,1,430964,162.8
tools,reasoning-bank,eog,hybrid,3,3,1,task_20260116_095226_245_4d9df647_08f9f5b1,0.25,0,323244,118.5
tools,reasoning-bank,eog,hybrid,3,3,1,task_20260116_155214_819_baf0b358_0cf4418f,0.5,0,325840,149.5
tools,reasoning-bank,eog,hybrid,3,3,2,task_20251217_130333_406_df2c536d_96566d89,0.333333,0,189500,99.1
tools,reasoning-bank,eog,hybrid,3,3,2,task_20251225_071630_879_701c5774_99b636e9,0.5,0,609554,434.8
tools,reasoning-bank,eog,hybrid,3,3,2,task_20251225_161315_197_13762b97_44595aaa,0.875,0,326329,98.9
tools,reasoning-bank,eog,hybrid,3,3,2,task_20260112_125407_584_1628b966_f5dd38b6,0.5,0,180162,114.1
tools,reasoning-bank,eog,hybrid,3,3,2,task_20260114_163605_721_1628b966_187c9544,0.5,0,247830,140.5
tools,reasoning-bank,eog,hybrid,3,3,2,task_20260114_174605_380_1628b966_b09f4a35,0.875,0,251590,69.2
tools,reasoning-bank,eog,hybrid,3,3,2,task_20260116_064331_915_d8f93f2d_854d09b8,1.0,1,349662,121.7
tools,reasoning-bank,eog,hybrid,3,3,2,task_20260116_095226_245_4d9df647_08f9f5b1,0.25,0,405623,178.4
tools,reasoning-bank,eog,hybrid,3,3,2,task_20260116_155214_819_baf0b358_0cf4418f,0.5,0,212565,97.1
tools,reasoning-bank,eog,hybrid,3,3,3,task_20251217_130333_406_df2c536d_96566d89,0.333333,0,245727,205.8
tools,reasoning-bank,eog,hybrid,3,3,3,task_20251225_071630_879_701c5774_99b636e9,0.5,0,492103,290.4
tools,reasoning-bank,eog,hybrid,3,3,3,task_20251225_161315_197_13762b97_44595aaa,0.75,0,241800,132.0
tools,reasoning-bank,eog,hybrid,3,3,3,task_20260112_125407_584_1628b966_f5dd38b6,0.5,0,153698,98.2
tools,reasoning-bank,eog,hybrid,3,3,3,task_20260114_163605_721_1628b966_187c9544,1.0,1,245798,99.4
tools,reasoning-bank,eog,hybrid,3,3,3,task_20260114_174605_380_1628b966_b09f4a35,0.75,0,250066,84.2
tools,reasoning-bank,eog,hybrid,3,3,3,task_20260116_064331_915_d8f93f2d_854d09b8,1.0,1,382331,106.1
tools,reasoning-bank,eog,hybrid,3,3,3,task_20260116_095226_245_4d9df647_08f9f5b1,0.25,0,406549,198.1
tools,reasoning-bank,eog,hybrid,3,3,3,task_20260116_155214_819_baf0b358_0cf4418f,0.5,0,247836,102.8
tools,reasoning-bank,eog,hybrid,4,1,1,task_20251216_223804_332_df2c536d_a1d9c559,0.333333,0,292388,149.0
tools,reasoning-bank,eog,hybrid,4,1,1,task_20251217_140216_182_701c5774_9fcdf867,1.0,1,224990,70.0
tools,reasoning-bank,eog,hybrid,4,1,1,task_20251217_160053_417_701c5774_db625115,0.666667,0,482788,232.0
tools,reasoning-bank,eog,hybrid,4,1,1,task_20251218_102205_211_1628b966_06687c79,0.5,0,625589,175.9
tools,reasoning-bank,eog,hybrid,4,1,1,task_20251218_103430_472_701c5774_42c99459,0.0,0,389978,212.6
tools,reasoning-bank,eog,hybrid,4,1,1,task_20251218_173030_490_23fcbcdb_0e698d81,1.0,1,306486,109.6
tools,reasoning-bank,eog,hybrid,4,1,1,task_20251219_174221_127_64a4ebb9_3a8bb36b,0.8,0,327144,75.0
tools,reasoning-bank,eog,hybrid,4,1,1,task_20251221_222713_409_64a4ebb9_9915366d,1.0,1,326735,93.5
tools,reasoning-bank,eog,hybrid,4,1,1,task_20251222_113047_572_64a4ebb9_cd2083a8,0.8,0,374137,86.1
tools,reasoning-bank,eog,hybrid,4,1,1,task_20251224_104537_197_701c5774_5c104832,0.333333,0,570129,302.6
tools,reasoning-bank,eog,hybrid,4,1,1,task_20251224_112727_844_701c5774_58c1bbfb,0.0,0,528834,333.9
tools,reasoning-bank,eog,hybrid,4,1,1,task_20251225_130546_796_4d9df647_7e32b59a,0.0,0,155370,111.1
tools,reasoning-bank,eog,hybrid,4,1,1,task_20251225_133905_252_060e2c81_7e4fd228,0.875,0,550620,106.6
tools,reasoning-bank,eog,hybrid,4,1,1,task_20260113_141825_482_911d75d7_ecab6320,1.0,1,825553,130.3
tools,reasoning-bank,eog,hybrid,4,1,1,task_20260113_152354_165_9a1e131b_fc5e2cac,0.0,0,398184,139.2
tools,reasoning-bank,eog,hybrid,4,1,1,task_20260114_073013_180_911d75d7_cc244085,0.25,0,519144,301.0
tools,reasoning-bank,eog,hybrid,4,1,1,task_20260114_172825_147_1628b966_cc356289,1.0,1,293998,77.1
tools,reasoning-bank,eog,hybrid,4,1,1,task_20260115_111059_508_9a1e131b_a201f065,0.166667,0,394229,112.0
tools,reasoning-bank,eog,hybrid,4,1,1,task_20260115_121701_840_1628b966_ff394d2f,1.0,1,269336,62.6
tools,reasoning-bank,eog,hybrid,4,1,1,task_20260115_170553_772_ae7b45e2_daae994c,0.333333,0,208675,71.1
tools,reasoning-bank,eog,hybrid,4,1,1,task_20260116_080150_885_1628b966_5a58d8e3,0.0,0,210145,86.3
tools,reasoning-bank,eog,hybrid,4,1,1,task_20260116_125421_530_806f1a83_3e703812,1.0,1,428987,137.4
tools,reasoning-bank,eog,hybrid,4,1,1,task_20260116_131741_243_1628b966_c66e5972,1.0,1,258493,146.1
tools,reasoning-bank,eog,hybrid,4,1,1,task_20260117_084409_361_4d9df647_9892db8c,0.0,0,492635,169.2
tools,reasoning-bank,eog,hybrid,4,1,2,task_20251216_223804_332_df2c536d_a1d9c559,0.333333,0,255888,122.9
tools,reasoning-bank,eog,hybrid,4,1,2,task_20251217_140216_182_701c5774_9fcdf867,1.0,1,262785,60.1
tools,reasoning-bank,eog,hybrid,4,1,2,task_20251217_160053_417_701c5774_db625115,0.666667,0,483056,221.4
tools,reasoning-bank,eog,hybrid,4,1,2,task_20251218_102205_211_1628b966_06687c79,0.5,0,585568,171.1
tools,reasoning-bank,eog,hybrid,4,1,2,task_20251218_103430_472_701c5774_42c99459,0.0,0,389819,184.8
tools,reasoning-bank,eog,hybrid,4,1,2,task_20251218_173030_490_23fcbcdb_0e698d81,1.0,1,306821,94.4
tools,reasoning-bank,eog,hybrid,4,1,2,task_20251219_174221_127_64a4ebb9_3a8bb36b,0.8,0,284875,56.7
tools,reasoning-bank,eog,hybrid,4,1,2,task_20251221_222713_409_64a4ebb9_9915366d,1.0,1,368110,89.1
tools,reasoning-bank,eog,hybrid,4,1,2,task_20251222_113047_572_64a4ebb9_cd2083a8,0.8,0,373755,76.7
tools,reasoning-bank,eog,hybrid,4,1,2,task_20251224_104537_197_701c5774_5c104832,0.333333,0,481229,261.7
tools,reasoning-bank,eog,hybrid,4,1,2,task_20251224_112727_844_701c5774_58c1bbfb,0.0,0,349805,185.5
tools,reasoning-bank,eog,hybrid,4,1,2,task_20251225_130546_796_4d9df647_7e32b59a,1.0,1,309046,120.4
tools,reasoning-bank,eog,hybrid,4,1,2,task_20251225_133905_252_060e2c81_7e4fd228,0.875,0,549310,108.7
tools,reasoning-bank,eog,hybrid,4,1,2,task_20260113_141825_482_911d75d7_ecab6320,1.0,1,830239,164.6
tools,reasoning-bank,eog,hybrid,4,1,2,task_20260113_152354_165_9a1e131b_fc5e2cac,0.0,0,251535,53.8
tools,reasoning-bank,eog,hybrid,4,1,2,task_20260114_073013_180_911d75d7_cc244085,0.75,0,649284,315.7
tools,reasoning-bank,eog,hybrid,4,1,2,task_20260114_172825_147_1628b966_cc356289,1.0,1,250354,59.0
tools,reasoning-bank,eog,hybrid,4,1,2,task_20260115_111059_508_9a1e131b_a201f065,0.333333,0,352757,93.9
tools,reasoning-bank,eog,hybrid,4,1,2,task_20260115_121701_840_1628b966_ff394d2f,1.0,1,229390,41.0
tools,reasoning-bank,eog,hybrid,4,1,2,task_20260115_170553_772_ae7b45e2_daae994c,0.333333,0,248391,68.7
tools,reasoning-bank,eog,hybrid,4,1,2,task_20260116_080150_885_1628b966_5a58d8e3,0.0,0,208123,55.4
tools,reasoning-bank,eog,hybrid,4,1,2,task_20260116_125421_530_806f1a83_3e703812,1.0,1,435599,137.7
tools,reasoning-bank,eog,hybrid,4,1,2,task_20260116_131741_243_1628b966_c66e5972,1.0,1,300540,137.8
tools,reasoning-bank,eog,hybrid,4,1,2,task_20260117_084409_361_4d9df647_9892db8c,0.0,0,587623,190.9
tools,reasoning-bank,eog,hybrid,4,1,3,task_20251216_223804_332_df2c536d_a1d9c559,0.333333,0,182755,91.6
tools,reasoning-bank,eog,hybrid,4,1,3,task_20251217_140216_182_701c5774_9fcdf867,1.0,1,225347,74.8
tools,reasoning-bank,eog,hybrid,4,1,3,task_20251217_160053_417_701c5774_db625115,0.666667,0,484357,278.3
tools,reasoning-bank,eog,hybrid,4,1,3,task_20251218_102205_211_1628b966_06687c79,0.5,0,539258,171.4
tools,reasoning-bank,eog,hybrid,4,1,3,task_20251218_103430_472_701c5774_42c99459,0.0,0,399029,272.3
tools,reasoning-bank,eog,hybrid,4,1,3,task_20251218_173030_490_23fcbcdb_0e698d81,1.0,1,345933,111.1
tools,reasoning-bank,eog,hybrid,4,1,3,task_20251219_174221_127_64a4ebb9_3a8bb36b,0.8,0,372062,89.9
tools,reasoning-bank,eog,hybrid,4,1,3,task_20251221_222713_409_64a4ebb9_9915366d,1.0,1,368110,101.6
tools,reasoning-bank,eog,hybrid,4,1,3,task_20251222_113047_572_64a4ebb9_cd2083a8,0.8,0,374234,86.5
tools,reasoning-bank,eog,hybrid,4,1,3,task_20251224_104537_197_701c5774_5c104832,0.333333,0,474911,199.6
tools,reasoning-bank,eog,hybrid,4,1,3,task_20251224_112727_844_701c5774_58c1bbfb,0.0,0,663148,346.8
tools,reasoning-bank,eog,hybrid,4,1,3,task_20251225_130546_796_4d9df647_7e32b59a,0.0,0,206884,128.1
tools,reasoning-bank,eog,hybrid,4,1,3,task_20251225_133905_252_060e2c81_7e4fd228,0.875,0,500503,92.5
tools,reasoning-bank,eog,hybrid,4,1,3,task_20260113_141825_482_911d75d7_ecab6320,1.0,1,828716,166.2
tools,reasoning-bank,eog,hybrid,4,1,3,task_20260113_152354_165_9a1e131b_fc5e2cac,0.0,0,353364,98.8
tools,reasoning-bank,eog,hybrid,4,1,3,task_20260114_073013_180_911d75d7_cc244085,0.5,0,606312,365.3
tools,reasoning-bank,eog,hybrid,4,1,3,task_20260114_172825_147_1628b966_cc356289,1.0,1,166514,65.8
tools,reasoning-bank,eog,hybrid,4,1,3,task_20260115_111059_508_9a1e131b_a201f065,0.5,0,433395,135.2
tools,reasoning-bank,eog,hybrid,4,1,3,task_20260115_121701_840_1628b966_ff394d2f,1.0,1,269783,63.5
tools,reasoning-bank,eog,hybrid,4,1,3,task_20260115_170553_772_ae7b45e2_daae994c,0.333333,0,204868,47.6
tools,reasoning-bank,eog,hybrid,4,1,3,task_20260116_080150_885_1628b966_5a58d8e3,0.0,0,263422,106.1
tools,reasoning-bank,eog,hybrid,4,1,3,task_20260116_125421_530_806f1a83_3e703812,1.0,1,387186,87.4
tools,reasoning-bank,eog,hybrid,4,1,3,task_20260116_131741_243_1628b966_c66e5972,0.5,0,300526,147.3
tools,reasoning-bank,eog,hybrid,4,1,3,task_20260117_084409_361_4d9df647_9892db8c,0.0,0,318534,139.8
tools,reasoning-bank,eog,hybrid,4,2,1,task_20251222_151946_409_060e2c81_253357ab,1.0,1,496045,163.7
tools,reasoning-bank,eog,hybrid,4,2,1,task_20251225_074839_957_701c5774_eef4d0c4,1.0,1,259768,97.5
tools,reasoning-bank,eog,hybrid,4,2,1,task_20251226_133324_902_e5bf1251_942c943a,0.5,0,261785,107.1
tools,reasoning-bank,eog,hybrid,4,2,1,task_20251226_150609_837_4d9df647_84917c0b,0.428571,0,674017,268.7
tools,reasoning-bank,eog,hybrid,4,2,1,task_20251226_150647_118_13762b97_8da0c6a5,0.625,0,458118,126.6
tools,reasoning-bank,eog,hybrid,4,2,1,task_20251226_225931_685_bca89e7d_597733d7,0.75,0,247165,43.9
tools,reasoning-bank,eog,hybrid,4,2,1,task_20260113_114937_574_4d9df647_a8d4341b,0.8,0,449018,286.6
tools,reasoning-bank,eog,hybrid,4,2,1,task_20260113_120745_735_4d9df647_017a9009,1.0,1,156899,91.4
tools,reasoning-bank,eog,hybrid,4,2,1,task_20260113_141542_776_911d75d7_78be6b0f,0.666667,0,212435,38.8
tools,reasoning-bank,eog,hybrid,4,2,1,task_20260115_122753_129_1628b966_0c22c9cc,0.666667,0,321733,107.6
tools,reasoning-bank,eog,hybrid,4,2,1,task_20260119_162417_443_d8f93f2d_2b15bc38,1.0,1,249839,117.0
tools,reasoning-bank,eog,hybrid,4,2,2,task_20251222_151946_409_060e2c81_253357ab,0.888889,0,397736,207.9
tools,reasoning-bank,eog,hybrid,4,2,2,task_20251225_074839_957_701c5774_eef4d0c4,1.0,1,260013,89.8
tools,reasoning-bank,eog,hybrid,4,2,2,task_20251226_133324_902_e5bf1251_942c943a,0.5,0,220140,95.0
tools,reasoning-bank,eog,hybrid,4,2,2,task_20251226_150609_837_4d9df647_84917c0b,0.428571,0,625066,350.6
tools,reasoning-bank,eog,hybrid,4,2,2,task_20251226_150647_118_13762b97_8da0c6a5,0.625,0,322673,73.2
tools,reasoning-bank,eog,hybrid,4,2,2,task_20251226_225931_685_bca89e7d_597733d7,0.75,0,206682,59.7
tools,reasoning-bank,eog,hybrid,4,2,2,task_20260113_114937_574_4d9df647_a8d4341b,0.8,0,478074,281.8
tools,reasoning-bank,eog,hybrid,4,2,2,task_20260113_120745_735_4d9df647_017a9009,1.0,1,193351,45.5
tools,reasoning-bank,eog,hybrid,4,2,2,task_20260113_141542_776_911d75d7_78be6b0f,1.0,1,177949,48.6
tools,reasoning-bank,eog,hybrid,4,2,2,task_20260115_122753_129_1628b966_0c22c9cc,0.666667,0,240112,102.2
tools,reasoning-bank,eog,hybrid,4,2,2,task_20260119_162417_443_d8f93f2d_2b15bc38,1.0,1,248387,79.3
tools,reasoning-bank,eog,hybrid,4,2,3,task_20251222_151946_409_060e2c81_253357ab,0.888889,0,462241,177.5
tools,reasoning-bank,eog,hybrid,4,2,3,task_20251225_074839_957_701c5774_eef4d0c4,1.0,1,305373,108.3
tools,reasoning-bank,eog,hybrid,4,2,3,task_20251226_133324_902_e5bf1251_942c943a,0.5,0,175427,61.1
tools,reasoning-bank,eog,hybrid,4,2,3,task_20251226_150609_837_4d9df647_84917c0b,0.857143,0,839376,351.7
tools,reasoning-bank,eog,hybrid,4,2,3,task_20251226_150647_118_13762b97_8da0c6a5,0.625,0,322654,69.4
tools,reasoning-bank,eog,hybrid,4,2,3,task_20251226_225931_685_bca89e7d_597733d7,1.0,1,285325,52.8
tools,reasoning-bank,eog,hybrid,4,2,3,task_20260113_114937_574_4d9df647_a8d4341b,0.8,0,424550,333.9
tools,reasoning-bank,eog,hybrid,4,2,3,task_20260113_120745_735_4d9df647_017a9009,1.0,1,154880,47.4
tools,reasoning-bank,eog,hybrid,4,2,3,task_20260113_141542_776_911d75d7_78be6b0f,0.666667,0,142381,57.6
tools,reasoning-bank,eog,hybrid,4,2,3,task_20260115_122753_129_1628b966_0c22c9cc,0.666667,0,198613,98.3
tools,reasoning-bank,eog,hybrid,4,2,3,task_20260119_162417_443_d8f93f2d_2b15bc38,1.0,1,165703,49.5
tools,reasoning-bank,eog,hybrid,4,3,1,task_20251217_130333_406_df2c536d_96566d89,1.0,1,367159,213.3
tools,reasoning-bank,eog,hybrid,4,3,1,task_20251225_071630_879_701c5774_99b636e9,0.5,0,660259,399.0
tools,reasoning-bank,eog,hybrid,4,3,1,task_20251225_161315_197_13762b97_44595aaa,0.75,0,289386,100.7
tools,reasoning-bank,eog,hybrid,4,3,1,task_20260112_125407_584_1628b966_f5dd38b6,0.5,0,211865,158.4
tools,reasoning-bank,eog,hybrid,4,3,1,task_20260114_163605_721_1628b966_187c9544,1.0,1,261626,116.4
tools,reasoning-bank,eog,hybrid,4,3,1,task_20260114_174605_380_1628b966_b09f4a35,0.875,0,312399,114.7
tools,reasoning-bank,eog,hybrid,4,3,1,task_20260116_064331_915_d8f93f2d_854d09b8,1.0,1,534704,193.6
tools,reasoning-bank,eog,hybrid,4,3,1,task_20260116_095226_245_4d9df647_08f9f5b1,0.25,0,715103,210.4
tools,reasoning-bank,eog,hybrid,4,3,1,task_20260116_155214_819_baf0b358_0cf4418f,0.5,0,323798,144.8
tools,reasoning-bank,eog,hybrid,4,3,2,task_20251217_130333_406_df2c536d_96566d89,0.666667,0,365766,181.9
tools,reasoning-bank,eog,hybrid,4,3,2,task_20251225_071630_879_701c5774_99b636e9,0.5,0,521719,242.8
tools,reasoning-bank,eog,hybrid,4,3,2,task_20251225_161315_197_13762b97_44595aaa,0.875,0,239499,69.7
tools,reasoning-bank,eog,hybrid,4,3,2,task_20260112_125407_584_1628b966_f5dd38b6,0.5,0,174261,67.2
tools,reasoning-bank,eog,hybrid,4,3,2,task_20260114_163605_721_1628b966_187c9544,1.0,1,261458,78.6
tools,reasoning-bank,eog,hybrid,4,3,2,task_20260114_174605_380_1628b966_b09f4a35,0.75,0,316447,72.6
tools,reasoning-bank,eog,hybrid,4,3,2,task_20260116_064331_915_d8f93f2d_854d09b8,1.0,1,532940,131.4
tools,reasoning-bank,eog,hybrid,4,3,2,task_20260116_095226_245_4d9df647_08f9f5b1,0.5,0,508869,151.9
tools,reasoning-bank,eog,hybrid,4,3,2,task_20260116_155214_819_baf0b358_0cf4418f,0.5,0,365520,132.1
tools,reasoning-bank,eog,hybrid,4,3,3,task_20251217_130333_406_df2c536d_96566d89,0.333333,0,326366,152.5
tools,reasoning-bank,eog,hybrid,4,3,3,task_20251225_071630_879_701c5774_99b636e9,0.5,0,608216,295.6
tools,reasoning-bank,eog,hybrid,4,3,3,task_20251225_161315_197_13762b97_44595aaa,0.75,0,328856,95.6
tools,reasoning-bank,eog,hybrid,4,3,3,task_20260112_125407_584_1628b966_f5dd38b6,0.5,0,211713,119.0
tools,reasoning-bank,eog,hybrid,4,3,3,task_20260114_163605_721_1628b966_187c9544,0.5,0,305394,127.0
tools,reasoning-bank,eog,hybrid,4,3,3,task_20260114_174605_380_1628b966_b09f4a35,0.875,0,315797,77.7
tools,reasoning-bank,eog,hybrid,4,3,3,task_20260116_064331_915_d8f93f2d_854d09b8,1.0,1,438761,158.7
tools,reasoning-bank,eog,hybrid,4,3,3,task_20260116_095226_245_4d9df647_08f9f5b1,0.25,0,505900,138.4
tools,reasoning-bank,eog,hybrid,4,3,3,task_20260116_155214_819_baf0b358_0cf4418f,0.5,0,367756,127.9
tools,reasoning-bank,eog,hybrid,4,4,1,task_20251217_125948_467_6f5b66fc_10d57868,0.666667,0,249163,99.6
tools,reasoning-bank,eog,hybrid,4,4,1,task_20251218_115158_065_1628b966_72217cb4,0.0,0,456587,206.0
tools,reasoning-bank,eog,hybrid,4,4,1,task_20251219_115208_288_701c5774_66a236f8,0.5,0,363684,292.5
tools,reasoning-bank,eog,hybrid,4,4,1,task_20251220_151043_591_0a0bf089_22634f28,0.8,0,345209,61.9
tools,reasoning-bank,eog,hybrid,4,4,1,task_20251222_124541_619_64a4ebb9_abb23ceb,1.0,1,325049,50.9
tools,reasoning-bank,eog,hybrid,4,4,1,task_20251223_005949_519_13762b97_e08c84a3,0.5,0,594653,354.8
tools,reasoning-bank,eog,hybrid,4,4,1,task_20251224_153415_365_0a0bf089_01602883,0.666667,0,249588,100.1
tools,reasoning-bank,eog,hybrid,4,4,1,task_20251224_215807_175_8ce75c22_1c31b786,0.25,0,469019,192.9
tools,reasoning-bank,eog,hybrid,4,4,1,task_20251225_140851_135_64a4ebb9_c37d6b1b,1.0,1,303297,63.5
tools,reasoning-bank,eog,hybrid,4,4,1,task_20251225_152926_506_4d9df647_e4e518ca,0.6,0,635261,368.8
tools,reasoning-bank,eog,hybrid,4,4,1,task_20260114_133032_536_4d9df647_0635001b,1.0,1,561529,345.0
tools,reasoning-bank,eog,hybrid,4,4,1,task_20260114_164939_471_4d9df647_2aaff95f,0.8,0,508373,166.4
tools,reasoning-bank,eog,hybrid,4,4,1,task_20260115_145329_475_23fcbcdb_3a970315,0.75,0,511325,202.9
tools,reasoning-bank,eog,hybrid,4,4,1,task_20260116_054437_417_59bb807c_d73ca3e4,0.2,0,451566,209.1
tools,reasoning-bank,eog,hybrid,4,4,1,task_20260116_125857_450_1628b966_25b7eec5,0.0,0,301907,55.1
tools,reasoning-bank,eog,hybrid,4,4,1,task_20260116_133210_131_806f1a83_4c204063,1.0,1,405390,163.9
tools,reasoning-bank,eog,hybrid,4,4,1,task_20260116_174925_124_d8f93f2d_9e20df73,1.0,1,527599,204.1
tools,reasoning-bank,eog,hybrid,4,4,2,task_20251217_125948_467_6f5b66fc_10d57868,1.0,1,177569,43.0
tools,reasoning-bank,eog,hybrid,4,4,2,task_20251218_115158_065_1628b966_72217cb4,0.0,0,322884,178.8
tools,reasoning-bank,eog,hybrid,4,4,2,task_20251219_115208_288_701c5774_66a236f8,0.5,0,891630,604.8
tools,reasoning-bank,eog,hybrid,4,4,2,task_20251220_151043_591_0a0bf089_22634f28,0.8,0,344142,57.5
tools,reasoning-bank,eog,hybrid,4,4,2,task_20251222_124541_619_64a4ebb9_abb23ceb,1.0,1,286213,48.7
tools,reasoning-bank,eog,hybrid,4,4,2,task_20251223_005949_519_13762b97_e08c84a3,0.5,0,511551,279.0
tools,reasoning-bank,eog,hybrid,4,4,2,task_20251224_153415_365_0a0bf089_01602883,0.666667,0,212106,67.4
tools,reasoning-bank,eog,hybrid,4,4,2,task_20251224_215807_175_8ce75c22_1c31b786,0.25,0,731343,192.5
tools,reasoning-bank,eog,hybrid,4,4,2,task_20251225_140851_135_64a4ebb9_c37d6b1b,1.0,1,304684,58.1
tools,reasoning-bank,eog,hybrid,4,4,2,task_20251225_152926_506_4d9df647_e4e518ca,0.6,0,681115,282.7
tools,reasoning-bank,eog,hybrid,4,4,2,task_20260114_133032_536_4d9df647_0635001b,1.0,1,394645,213.8
tools,reasoning-bank,eog,hybrid,4,4,2,task_20260114_164939_471_4d9df647_2aaff95f,0.8,0,456340,137.3
tools,reasoning-bank,eog,hybrid,4,4,2,task_20260115_145329_475_23fcbcdb_3a970315,0.75,0,679478,255.7
tools,reasoning-bank,eog,hybrid,4,4,2,task_20260116_054437_417_59bb807c_d73ca3e4,0.2,0,452135,191.2
tools,reasoning-bank,eog,hybrid,4,4,2,task_20260116_125857_450_1628b966_25b7eec5,0.0,0,301610,60.0
tools,reasoning-bank,eog,hybrid,4,4,2,task_20260116_133210_131_806f1a83_4c204063,1.0,1,408107,166.6
tools,reasoning-bank,eog,hybrid,4,4,2,task_20260116_174925_124_d8f93f2d_9e20df73,1.0,1,387167,118.9
tools,reasoning-bank,eog,hybrid,4,4,3,task_20251217_125948_467_6f5b66fc_10d57868,0.666667,0,142531,62.7
tools,reasoning-bank,eog,hybrid,4,4,3,task_20251218_115158_065_1628b966_72217cb4,0.0,0,269712,165.0
tools,reasoning-bank,eog,hybrid,4,4,3,task_20251219_115208_288_701c5774_66a236f8,0.5,0,670189,550.4
tools,reasoning-bank,eog,hybrid,4,4,3,task_20251220_151043_591_0a0bf089_22634f28,0.8,0,302678,55.2
tools,reasoning-bank,eog,hybrid,4,4,3,task_20251222_124541_619_64a4ebb9_abb23ceb,1.0,1,330279,54.2
tools,reasoning-bank,eog,hybrid,4,4,3,task_20251223_005949_519_13762b97_e08c84a3,0.625,0,432356,218.7
tools,reasoning-bank,eog,hybrid,4,4,3,task_20251224_153415_365_0a0bf089_01602883,0.666667,0,289997,108.9
tools,reasoning-bank,eog,hybrid,4,4,3,task_20251224_215807_175_8ce75c22_1c31b786,0.25,0,521816,148.9
tools,reasoning-bank,eog,hybrid,4,4,3,task_20251225_140851_135_64a4ebb9_c37d6b1b,1.0,1,342659,84.9
tools,reasoning-bank,eog,hybrid,4,4,3,task_20251225_152926_506_4d9df647_e4e518ca,0.6,0,576028,349.2
tools,reasoning-bank,eog,hybrid,4,4,3,task_20260114_133032_536_4d9df647_0635001b,1.0,1,480770,317.4
tools,reasoning-bank,eog,hybrid,4,4,3,task_20260114_164939_471_4d9df647_2aaff95f,0.8,0,352132,127.7
tools,reasoning-bank,eog,hybrid,4,4,3,task_20260115_145329_475_23fcbcdb_3a970315,0.75,0,633947,281.9
tools,reasoning-bank,eog,hybrid,4,4,3,task_20260116_054437_417_59bb807c_d73ca3e4,0.2,0,451275,220.0
tools,reasoning-bank,eog,hybrid,4,4,3,task_20260116_125857_450_1628b966_25b7eec5,0.0,0,302363,94.5
tools,reasoning-bank,eog,hybrid,4,4,3,task_20260116_133210_131_806f1a83_4c204063,1.0,1,408521,216.2
tools,reasoning-bank,eog,hybrid,4,4,3,task_20260116_174925_124_d8f93f2d_9e20df73,1.0,1,480185,201.1
tools,reasoning-bank,eog,itsm,1,1,1,task_20251210_205620_593_391f1eff_ad65c160,0.0,0,190104,146.6
tools,reasoning-bank,eog,itsm,1,1,1,task_20251212_172511_458_e6427839_47076c15,0.5,0,106648,63.6
tools,reasoning-bank,eog,itsm,1,1,1,task_20251212_184405_886_e6427839_6413728a,0.333333,0,184578,81.0
tools,reasoning-bank,eog,itsm,1,1,1,task_20251212_191411_655_391f1eff_2fef896f,1.0,1,246925,112.4
tools,reasoning-bank,eog,itsm,1,1,1,task_20251216_131651_690_764e5ead_f8619b02,1.0,1,265167,118.1
tools,reasoning-bank,eog,itsm,1,1,1,task_20251217_153037_688_97d7df7d_be0bd794,1.0,1,241803,104.3
tools,reasoning-bank,eog,itsm,1,1,1,task_20251217_205244_161_764e5ead_20429ef8,0.75,0,245655,91.7
tools,reasoning-bank,eog,itsm,1,1,1,task_20251218_061956_641_109c89c0_423ed8ee,0.142857,0,399747,308.3
tools,reasoning-bank,eog,itsm,1,1,1,task_20251218_082708_201_99ba2325_51726f9c,0.5,0,162618,157.9
tools,reasoning-bank,eog,itsm,1,1,1,task_20251218_093719_611_764e5ead_5817d09a,0.857143,0,301117,218.8
tools,reasoning-bank,eog,itsm,1,1,1,task_20251218_104259_233_66392a82_74b17170,0.666667,0,104934,68.7
tools,reasoning-bank,eog,itsm,1,1,1,task_20251218_121722_423_1d219d93_8218da6c,0.666667,0,325639,188.6
tools,reasoning-bank,eog,itsm,1,1,1,task_20251218_124419_383_66392a82_52c8290e,1.0,1,160447,102.6
tools,reasoning-bank,eog,itsm,1,1,1,task_20251218_155314_617_c5ca08eb_3ce3c52f,1.0,1,190116,171.0
tools,reasoning-bank,eog,itsm,1,1,1,task_20251218_183102_136_391f1eff_ac9a6986,0.5,0,157140,62.4
tools,reasoning-bank,eog,itsm,1,1,1,task_20251218_220134_063_391f1eff_30369342,1.0,1,187604,129.2
tools,reasoning-bank,eog,itsm,1,1,1,task_20251218_234602_633_391f1eff_09a746e7,0.5,0,132762,61.8
tools,reasoning-bank,eog,itsm,1,1,1,task_20251219_091707_306_ad5a67e3_a76dbe57,0.0,0,78794,58.5
tools,reasoning-bank,eog,itsm,1,1,1,task_20251219_111447_756_66392a82_1c69521d,0.0,0,26066,24.3
tools,reasoning-bank,eog,itsm,1,1,1,task_20251219_115925_475_1d219d93_53d34d23,0.6,0,348833,207.8
tools,reasoning-bank,eog,itsm,1,1,1,task_20251219_144431_663_97d7df7d_a52988e5,0.0,0,216437,130.6
tools,reasoning-bank,eog,itsm,1,1,1,task_20251221_233237_652_66392a82_c1a599bb,0.0,0,106471,86.1
tools,reasoning-bank,eog,itsm,1,1,1,task_20251222_072805_599_99ba2325_ae6b0778,0.666667,0,339798,210.6
tools,reasoning-bank,eog,itsm,1,1,1,task_20251222_105710_498_391f1eff_8b25dbef,1.0,1,187204,130.9
tools,reasoning-bank,eog,itsm,1,1,1,task_20251222_133355_087_30600918_e9215c57,0.5,0,232159,150.6
tools,reasoning-bank,eog,itsm,1,1,1,task_20251222_140957_029_c5ca08eb_3c4271f0,0.666667,0,129479,83.0
tools,reasoning-bank,eog,itsm,1,1,1,task_20251222_190928_391_391f1eff_8cb006f5,0.25,0,265601,230.8
tools,reasoning-bank,eog,itsm,1,1,1,task_20251222_195853_743_0be70e35_0916fba8,0.5,0,193695,124.1
tools,reasoning-bank,eog,itsm,1,1,1,task_20251223_064316_340_01395ded_9c6f3e01,0.25,0,317143,285.1
tools,reasoning-bank,eog,itsm,1,1,1,task_20251223_101136_983_1d219d93_d1ba6c2d,0.833333,0,268183,152.2
tools,reasoning-bank,eog,itsm,1,1,1,task_20251223_132605_091_764e5ead_dd00cc8f,0.6,0,452433,285.1
tools,reasoning-bank,eog,itsm,1,1,1,task_20251223_151555_341_764e5ead_9648644d,0.571429,0,310383,194.2
tools,reasoning-bank,eog,itsm,1,1,1,task_20260112_183416_157_a8eea1c0_0d6acfd0,0.4,0,220927,128.2
tools,reasoning-bank,eog,itsm,1,1,1,task_20260113_031046_703_99ba2325_54f35603,1.0,1,162105,79.0
tools,reasoning-bank,eog,itsm,1,1,1,task_20260113_182216_716_a8eea1c0_7a0619e9,0.333333,0,165713,92.0
tools,reasoning-bank,eog,itsm,1,1,1,task_20260113_182602_664_46ca2862_b6ef60ca,0.5,0,215681,149.9
tools,reasoning-bank,eog,itsm,1,1,1,task_20260113_212050_548_a8eea1c0_73a73ce7,0.0,0,136693,90.7
tools,reasoning-bank,eog,itsm,1,1,1,task_20260114_094327_107_46ca2862_796e7685,1.0,1,274631,222.5
tools,reasoning-bank,eog,itsm,1,1,1,task_20260114_174427_042_99ba2325_7915481a,0.333333,0,142199,153.8
tools,reasoning-bank,eog,itsm,1,1,1,task_20260114_180601_485_99ba2325_2dc8b3ce,0.666667,0,273556,116.5
tools,reasoning-bank,eog,itsm,1,1,1,task_20260114_181932_082_99ba2325_92ddef90,0.4,0,246214,171.5
tools,reasoning-bank,eog,itsm,1,1,1,task_20260115_143541_964_fa1836dc_dc6652fd,0.222222,0,141986,152.8
tools,reasoning-bank,eog,itsm,1,1,1,task_20260115_152733_296_46ca2862_55f848d3,0.6,0,240666,136.0
tools,reasoning-bank,eog,itsm,1,1,1,task_20260115_172636_260_fa1836dc_7a703e50,0.5,0,156680,47.0
tools,reasoning-bank,eog,itsm,1,1,1,task_20260116_081645_096_66392a82_fd509f97,0.4,0,292399,313.0
tools,reasoning-bank,eog,itsm,1,1,1,task_20260116_101840_488_e6427839_81df8ba3,0.75,0,185772,85.5
tools,reasoning-bank,eog,itsm,1,1,1,task_20260116_124300_245_1d219d93_76cd5b4d,1.0,1,162915,106.2
tools,reasoning-bank,eog,itsm,1,1,1,task_20260116_224538_330_66392a82_10d0806e,0.6,0,349527,214.1
tools,reasoning-bank,eog,itsm,1,1,2,task_20251210_205620_593_391f1eff_ad65c160,0.0,0,163991,133.5
tools,reasoning-bank,eog,itsm,1,1,2,task_20251212_172511_458_e6427839_47076c15,0.5,0,80828,45.6
tools,reasoning-bank,eog,itsm,1,1,2,task_20251212_184405_886_e6427839_6413728a,0.333333,0,263182,90.5
tools,reasoning-bank,eog,itsm,1,1,2,task_20251212_191411_655_391f1eff_2fef896f,1.0,1,211801,67.3
tools,reasoning-bank,eog,itsm,1,1,2,task_20251216_131651_690_764e5ead_f8619b02,1.0,1,291718,137.2
tools,reasoning-bank,eog,itsm,1,1,2,task_20251217_153037_688_97d7df7d_be0bd794,1.0,1,188267,75.5
tools,reasoning-bank,eog,itsm,1,1,2,task_20251217_205244_161_764e5ead_20429ef8,0.75,0,506302,82.5
tools,reasoning-bank,eog,itsm,1,1,2,task_20251218_061956_641_109c89c0_423ed8ee,0.142857,0,370038,248.5
tools,reasoning-bank,eog,itsm,1,1,2,task_20251218_082708_201_99ba2325_51726f9c,1.0,1,243149,164.0
tools,reasoning-bank,eog,itsm,1,1,2,task_20251218_093719_611_764e5ead_5817d09a,1.0,1,312972,209.0
tools,reasoning-bank,eog,itsm,1,1,2,task_20251218_104259_233_66392a82_74b17170,0.666667,0,208728,97.2
tools,reasoning-bank,eog,itsm,1,1,2,task_20251218_121722_423_1d219d93_8218da6c,0.666667,0,299755,202.5
tools,reasoning-bank,eog,itsm,1,1,2,task_20251218_124419_383_66392a82_52c8290e,1.0,1,187139,133.7
tools,reasoning-bank,eog,itsm,1,1,2,task_20251218_155314_617_c5ca08eb_3ce3c52f,0.0,0,106651,92.0
tools,reasoning-bank,eog,itsm,1,1,2,task_20251218_183102_136_391f1eff_ac9a6986,0.5,0,129896,63.7
tools,reasoning-bank,eog,itsm,1,1,2,task_20251218_220134_063_391f1eff_30369342,1.0,1,160456,95.9
tools,reasoning-bank,eog,itsm,1,1,2,task_20251218_234602_633_391f1eff_09a746e7,0.5,0,157521,70.6
tools,reasoning-bank,eog,itsm,1,1,2,task_20251219_091707_306_ad5a67e3_a76dbe57,0.0,0,78734,54.7
tools,reasoning-bank,eog,itsm,1,1,2,task_20251219_111447_756_66392a82_1c69521d,1.0,1,161281,73.8
tools,reasoning-bank,eog,itsm,1,1,2,task_20251219_115925_475_1d219d93_53d34d23,1.0,1,377657,210.5
tools,reasoning-bank,eog,itsm,1,1,2,task_20251219_144431_663_97d7df7d_a52988e5,0.0,0,187170,114.1
tools,reasoning-bank,eog,itsm,1,1,2,task_20251221_233237_652_66392a82_c1a599bb,1.0,1,105578,51.3
tools,reasoning-bank,eog,itsm,1,1,2,task_20251222_072805_599_99ba2325_ae6b0778,1.0,1,314922,159.9
tools,reasoning-bank,eog,itsm,1,1,2,task_20251222_105710_498_391f1eff_8b25dbef,1.0,1,132888,65.5
tools,reasoning-bank,eog,itsm,1,1,2,task_20251222_133355_087_30600918_e9215c57,0.5,0,265894,170.9
tools,reasoning-bank,eog,itsm,1,1,2,task_20251222_140957_029_c5ca08eb_3c4271f0,0.666667,0,131011,95.0
tools,reasoning-bank,eog,itsm,1,1,2,task_20251222_190928_391_391f1eff_8cb006f5,0.25,0,279553,192.1
tools,reasoning-bank,eog,itsm,1,1,2,task_20251222_195853_743_0be70e35_0916fba8,0.5,0,190782,135.0
tools,reasoning-bank,eog,itsm,1,1,2,task_20251223_064316_340_01395ded_9c6f3e01,0.75,0,405644,351.8
tools,reasoning-bank,eog,itsm,1,1,2,task_20251223_101136_983_1d219d93_d1ba6c2d,0.833333,0,321709,176.2
tools,reasoning-bank,eog,itsm,1,1,2,task_20251223_132605_091_764e5ead_dd00cc8f,0.6,0,395161,251.1
tools,reasoning-bank,eog,itsm,1,1,2,task_20251223_151555_341_764e5ead_9648644d,0.571429,0,398133,255.7
tools,reasoning-bank,eog,itsm,1,1,2,task_20260112_183416_157_a8eea1c0_0d6acfd0,0.2,0,110485,97.5
tools,reasoning-bank,eog,itsm,1,1,2,task_20260113_031046_703_99ba2325_54f35603,1.0,1,162014,84.7
tools,reasoning-bank,eog,itsm,1,1,2,task_20260113_182216_716_a8eea1c0_7a0619e9,0.666667,0,158770,83.9
tools,reasoning-bank,eog,itsm,1,1,2,task_20260113_182602_664_46ca2862_b6ef60ca,1.0,1,161456,118.0
tools,reasoning-bank,eog,itsm,1,1,2,task_20260113_212050_548_a8eea1c0_73a73ce7,0.0,0,162364,102.3
tools,reasoning-bank,eog,itsm,1,1,2,task_20260114_094327_107_46ca2862_796e7685,1.0,1,280415,200.8
tools,reasoning-bank,eog,itsm,1,1,2,task_20260114_174427_042_99ba2325_7915481a,0.333333,0,83293,80.9
tools,reasoning-bank,eog,itsm,1,1,2,task_20260114_180601_485_99ba2325_2dc8b3ce,0.666667,0,217413,68.3
tools,reasoning-bank,eog,itsm,1,1,2,task_20260114_181932_082_99ba2325_92ddef90,0.6,0,275722,176.4
tools,reasoning-bank,eog,itsm,1,1,2,task_20260115_143541_964_fa1836dc_dc6652fd,0.222222,0,176635,210.0
tools,reasoning-bank,eog,itsm,1,1,2,task_20260115_152733_296_46ca2862_55f848d3,0.6,0,213793,125.3
tools,reasoning-bank,eog,itsm,1,1,2,task_20260115_172636_260_fa1836dc_7a703e50,0.5,0,157925,68.7
tools,reasoning-bank,eog,itsm,1,1,2,task_20260116_081645_096_66392a82_fd509f97,0.6,0,387257,324.3
tools,reasoning-bank,eog,itsm,1,1,2,task_20260116_101840_488_e6427839_81df8ba3,0.5,0,244376,131.4
tools,reasoning-bank,eog,itsm,1,1,2,task_20260116_124300_245_1d219d93_76cd5b4d,1.0,1,188467,94.5
tools,reasoning-bank,eog,itsm,1,1,2,task_20260116_224538_330_66392a82_10d0806e,0.8,0,473963,241.5
tools,reasoning-bank,eog,itsm,1,1,3,task_20251210_205620_593_391f1eff_ad65c160,0.0,0,163821,128.4
tools,reasoning-bank,eog,itsm,1,1,3,task_20251212_172511_458_e6427839_47076c15,0.5,0,104979,77.4
tools,reasoning-bank,eog,itsm,1,1,3,task_20251212_184405_886_e6427839_6413728a,0.333333,0,213781,91.1
tools,reasoning-bank,eog,itsm,1,1,3,task_20251212_191411_655_391f1eff_2fef896f,1.0,1,214555,80.3
tools,reasoning-bank,eog,itsm,1,1,3,task_20251216_131651_690_764e5ead_f8619b02,1.0,1,236718,94.0
tools,reasoning-bank,eog,itsm,1,1,3,task_20251217_153037_688_97d7df7d_be0bd794,1.0,1,212399,68.3
tools,reasoning-bank,eog,itsm,1,1,3,task_20251217_205244_161_764e5ead_20429ef8,0.875,0,277801,102.2
tools,reasoning-bank,eog,itsm,1,1,3,task_20251218_061956_641_109c89c0_423ed8ee,0.142857,0,341369,204.0
tools,reasoning-bank,eog,itsm,1,1,3,task_20251218_082708_201_99ba2325_51726f9c,1.0,1,217638,174.8
tools,reasoning-bank,eog,itsm,1,1,3,task_20251218_093719_611_764e5ead_5817d09a,0.857143,0,252430,174.1
tools,reasoning-bank,eog,itsm,1,1,3,task_20251218_104259_233_66392a82_74b17170,1.0,1,130189,60.7
tools,reasoning-bank,eog,itsm,1,1,3,task_20251218_121722_423_1d219d93_8218da6c,0.666667,0,327786,217.7
tools,reasoning-bank,eog,itsm,1,1,3,task_20251218_124419_383_66392a82_52c8290e,1.0,1,133349,97.8
tools,reasoning-bank,eog,itsm,1,1,3,task_20251218_155314_617_c5ca08eb_3ce3c52f,0.666667,0,189630,132.9
tools,reasoning-bank,eog,itsm,1,1,3,task_20251218_183102_136_391f1eff_ac9a6986,0.5,0,129307,47.9
tools,reasoning-bank,eog,itsm,1,1,3,task_20251218_220134_063_391f1eff_30369342,1.0,1,186855,115.1
tools,reasoning-bank,eog,itsm,1,1,3,task_20251218_234602_633_391f1eff_09a746e7,0.5,0,158827,77.8
tools,reasoning-bank,eog,itsm,1,1,3,task_20251219_091707_306_ad5a67e3_a76dbe57,0.0,0,183221,103.9
tools,reasoning-bank,eog,itsm,1,1,3,task_20251219_111447_756_66392a82_1c69521d,0.0,0,26744,25.8
tools,reasoning-bank,eog,itsm,1,1,3,task_20251219_115925_475_1d219d93_53d34d23,0.6,0,297439,149.4
tools,reasoning-bank,eog,itsm,1,1,3,task_20251219_144431_663_97d7df7d_a52988e5,0.0,0,192690,131.6
tools,reasoning-bank,eog,itsm,1,1,3,task_20251221_233237_652_66392a82_c1a599bb,0.0,0,26956,28.3
tools,reasoning-bank,eog,itsm,1,1,3,task_20251222_072805_599_99ba2325_ae6b0778,1.0,1,264089,184.4
tools,reasoning-bank,eog,itsm,1,1,3,task_20251222_105710_498_391f1eff_8b25dbef,1.0,1,216788,121.4
tools,reasoning-bank,eog,itsm,1,1,3,task_20251222_133355_087_30600918_e9215c57,0.5,0,285086,136.1
tools,reasoning-bank,eog,itsm,1,1,3,task_20251222_140957_029_c5ca08eb_3c4271f0,0.666667,0,129584,86.1
tools,reasoning-bank,eog,itsm,1,1,3,task_20251222_190928_391_391f1eff_8cb006f5,0.25,0,282123,235.8
tools,reasoning-bank,eog,itsm,1,1,3,task_20251222_195853_743_0be70e35_0916fba8,0.5,0,260511,164.2
tools,reasoning-bank,eog,itsm,1,1,3,task_20251223_064316_340_01395ded_9c6f3e01,0.75,0,261886,252.6
tools,reasoning-bank,eog,itsm,1,1,3,task_20251223_101136_983_1d219d93_d1ba6c2d,0.5,0,267724,164.9
tools,reasoning-bank,eog,itsm,1,1,3,task_20251223_132605_091_764e5ead_dd00cc8f,0.6,0,538478,332.4
tools,reasoning-bank,eog,itsm,1,1,3,task_20251223_151555_341_764e5ead_9648644d,0.571429,0,445563,242.8
tools,reasoning-bank,eog,itsm,1,1,3,task_20260112_183416_157_a8eea1c0_0d6acfd0,0.4,0,221336,116.6
tools,reasoning-bank,eog,itsm,1,1,3,task_20260113_031046_703_99ba2325_54f35603,1.0,1,191743,93.8
tools,reasoning-bank,eog,itsm,1,1,3,task_20260113_182216_716_a8eea1c0_7a0619e9,0.666667,0,136553,33.9
tools,reasoning-bank,eog,itsm,1,1,3,task_20260113_182602_664_46ca2862_b6ef60ca,0.5,0,132640,96.5
tools,reasoning-bank,eog,itsm,1,1,3,task_20260113_212050_548_a8eea1c0_73a73ce7,0.5,0,164546,103.1
tools,reasoning-bank,eog,itsm,1,1,3,task_20260114_094327_107_46ca2862_796e7685,1.0,1,190845,160.9
tools,reasoning-bank,eog,itsm,1,1,3,task_20260114_174427_042_99ba2325_7915481a,0.333333,0,114763,158.4
tools,reasoning-bank,eog,itsm,1,1,3,task_20260114_180601_485_99ba2325_2dc8b3ce,0.666667,0,218690,84.8
tools,reasoning-bank,eog,itsm,1,1,3,task_20260114_181932_082_99ba2325_92ddef90,0.6,0,244949,141.5
tools,reasoning-bank,eog,itsm,1,1,3,task_20260115_143541_964_fa1836dc_dc6652fd,0.444444,0,195986,200.5
tools,reasoning-bank,eog,itsm,1,1,3,task_20260115_152733_296_46ca2862_55f848d3,0.6,0,213098,121.6
tools,reasoning-bank,eog,itsm,1,1,3,task_20260115_172636_260_fa1836dc_7a703e50,0.5,0,157389,46.4
tools,reasoning-bank,eog,itsm,1,1,3,task_20260116_081645_096_66392a82_fd509f97,0.6,0,349708,295.1
tools,reasoning-bank,eog,itsm,1,1,3,task_20260116_101840_488_e6427839_81df8ba3,0.5,0,299465,182.9
tools,reasoning-bank,eog,itsm,1,1,3,task_20260116_124300_245_1d219d93_76cd5b4d,1.0,1,298915,200.4
tools,reasoning-bank,eog,itsm,1,1,3,task_20260116_224538_330_66392a82_10d0806e,0.8,0,358614,171.8
tools,reasoning-bank,eog,itsm,2,1,1,task_20251210_205620_593_391f1eff_ad65c160,0.0,0,167066,127.8
tools,reasoning-bank,eog,itsm,2,1,1,task_20251212_172511_458_e6427839_47076c15,0.5,0,97558,49.7
tools,reasoning-bank,eog,itsm,2,1,1,task_20251212_184405_886_e6427839_6413728a,0.333333,0,261691,89.9
tools,reasoning-bank,eog,itsm,2,1,1,task_20251212_191411_655_391f1eff_2fef896f,1.0,1,294510,99.3
tools,reasoning-bank,eog,itsm,2,1,1,task_20251216_131651_690_764e5ead_f8619b02,1.0,1,293321,101.4
tools,reasoning-bank,eog,itsm,2,1,1,task_20251217_153037_688_97d7df7d_be0bd794,1.0,1,262271,93.5
tools,reasoning-bank,eog,itsm,2,1,1,task_20251217_205244_161_764e5ead_20429ef8,0.75,0,338984,142.7
tools,reasoning-bank,eog,itsm,2,1,1,task_20251218_061956_641_109c89c0_423ed8ee,0.571429,0,349752,208.2
tools,reasoning-bank,eog,itsm,2,1,1,task_20251218_082708_201_99ba2325_51726f9c,1.0,1,228610,132.9
tools,reasoning-bank,eog,itsm,2,1,1,task_20251218_093719_611_764e5ead_5817d09a,1.0,1,435870,238.2
tools,reasoning-bank,eog,itsm,2,1,1,task_20251218_104259_233_66392a82_74b17170,1.0,1,257365,84.9
tools,reasoning-bank,eog,itsm,2,1,1,task_20251218_121722_423_1d219d93_8218da6c,0.833333,0,466682,255.1
tools,reasoning-bank,eog,itsm,2,1,1,task_20251218_124419_383_66392a82_52c8290e,1.0,1,229336,130.3
tools,reasoning-bank,eog,itsm,2,1,1,task_20251218_155314_617_c5ca08eb_3ce3c52f,1.0,1,264087,127.4
tools,reasoning-bank,eog,itsm,2,1,1,task_20251218_183102_136_391f1eff_ac9a6986,0.5,0,194254,72.3
tools,reasoning-bank,eog,itsm,2,1,1,task_20251218_220134_063_391f1eff_30369342,1.0,1,260736,111.7
tools,reasoning-bank,eog,itsm,2,1,1,task_20251218_234602_633_391f1eff_09a746e7,0.5,0,228455,102.9
tools,reasoning-bank,eog,itsm,2,1,1,task_20251219_091707_306_ad5a67e3_a76dbe57,0.0,0,129182,82.4
tools,reasoning-bank,eog,itsm,2,1,1,task_20251219_111447_756_66392a82_1c69521d,0.666667,0,196547,77.1
tools,reasoning-bank,eog,itsm,2,1,1,task_20251219_115925_475_1d219d93_53d34d23,0.6,0,425344,158.1
tools,reasoning-bank,eog,itsm,2,1,1,task_20251219_144431_663_97d7df7d_a52988e5,0.0,0,264095,134.9
tools,reasoning-bank,eog,itsm,2,1,1,task_20251221_233237_652_66392a82_c1a599bb,0.666667,0,226527,90.8
tools,reasoning-bank,eog,itsm,2,1,1,task_20251222_072805_599_99ba2325_ae6b0778,1.0,1,311796,182.3
tools,reasoning-bank,eog,itsm,2,1,1,task_20251222_105710_498_391f1eff_8b25dbef,1.0,1,161470,51.5
tools,reasoning-bank,eog,itsm,2,1,1,task_20251222_133355_087_30600918_e9215c57,0.25,0,318561,133.7
tools,reasoning-bank,eog,itsm,2,1,1,task_20251222_140957_029_c5ca08eb_3c4271f0,0.666667,0,193887,103.5
tools,reasoning-bank,eog,itsm,2,1,1,task_20251222_190928_391_391f1eff_8cb006f5,0.25,0,341711,173.8
tools,reasoning-bank,eog,itsm,2,1,1,task_20251222_195853_743_0be70e35_0916fba8,0.5,0,232312,110.4
tools,reasoning-bank,eog,itsm,2,1,1,task_20251223_064316_340_01395ded_9c6f3e01,0.25,0,533134,395.1
tools,reasoning-bank,eog,itsm,2,1,1,task_20251223_101136_983_1d219d93_d1ba6c2d,0.833333,0,293791,112.1
tools,reasoning-bank,eog,itsm,2,1,1,task_20251223_132605_091_764e5ead_dd00cc8f,0.6,0,446265,240.8
tools,reasoning-bank,eog,itsm,2,1,1,task_20251223_151555_341_764e5ead_9648644d,0.428571,0,517177,201.0
tools,reasoning-bank,eog,itsm,2,1,1,task_20260112_183416_157_a8eea1c0_0d6acfd0,0.4,0,271366,156.5
tools,reasoning-bank,eog,itsm,2,1,1,task_20260113_031046_703_99ba2325_54f35603,1.0,1,165731,68.4
tools,reasoning-bank,eog,itsm,2,1,1,task_20260113_182216_716_a8eea1c0_7a0619e9,0.666667,0,163142,56.8
tools,reasoning-bank,eog,itsm,2,1,1,task_20260113_182602_664_46ca2862_b6ef60ca,0.5,0,195697,120.0
tools,reasoning-bank,eog,itsm,2,1,1,task_20260113_212050_548_a8eea1c0_73a73ce7,1.0,1,278350,137.9
tools,reasoning-bank,eog,itsm,2,1,1,task_20260114_094327_107_46ca2862_796e7685,1.0,1,300951,189.0
tools,reasoning-bank,eog,itsm,2,1,1,task_20260114_174427_042_99ba2325_7915481a,0.333333,0,133423,73.9
tools,reasoning-bank,eog,itsm,2,1,1,task_20260114_180601_485_99ba2325_2dc8b3ce,0.333333,0,270064,89.9
tools,reasoning-bank,eog,itsm,2,1,1,task_20260114_181932_082_99ba2325_92ddef90,0.4,0,296990,129.1
tools,reasoning-bank,eog,itsm,2,1,1,task_20260115_143541_964_fa1836dc_dc6652fd,1.0,1,351958,205.0
tools,reasoning-bank,eog,itsm,2,1,1,task_20260115_152733_296_46ca2862_55f848d3,0.6,0,260831,129.3
tools,reasoning-bank,eog,itsm,2,1,1,task_20260115_172636_260_fa1836dc_7a703e50,0.5,0,194640,61.5
tools,reasoning-bank,eog,itsm,2,1,1,task_20260116_081645_096_66392a82_fd509f97,0.6,0,560105,382.1
tools,reasoning-bank,eog,itsm,2,1,1,task_20260116_101840_488_e6427839_81df8ba3,0.75,0,262577,115.2
tools,reasoning-bank,eog,itsm,2,1,1,task_20260116_124300_245_1d219d93_76cd5b4d,1.0,1,196599,97.7
tools,reasoning-bank,eog,itsm,2,1,1,task_20260116_224538_330_66392a82_10d0806e,0.8,0,504714,172.2
tools,reasoning-bank,eog,itsm,2,1,2,task_20251210_205620_593_391f1eff_ad65c160,0.5,0,201251,131.2
tools,reasoning-bank,eog,itsm,2,1,2,task_20251212_172511_458_e6427839_47076c15,0.5,0,127524,57.0
tools,reasoning-bank,eog,itsm,2,1,2,task_20251212_184405_886_e6427839_6413728a,0.333333,0,295802,92.3
tools,reasoning-bank,eog,itsm,2,1,2,task_20251212_191411_655_391f1eff_2fef896f,1.0,1,345527,120.4
tools,reasoning-bank,eog,itsm,2,1,2,task_20251216_131651_690_764e5ead_f8619b02,1.0,1,295161,122.0
tools,reasoning-bank,eog,itsm,2,1,2,task_20251217_153037_688_97d7df7d_be0bd794,1.0,1,295814,102.9
tools,reasoning-bank,eog,itsm,2,1,2,task_20251217_205244_161_764e5ead_20429ef8,0.875,0,329828,98.5
tools,reasoning-bank,eog,itsm,2,1,2,task_20251218_061956_641_109c89c0_423ed8ee,0.571429,0,325870,236.4
tools,reasoning-bank,eog,itsm,2,1,2,task_20251218_082708_201_99ba2325_51726f9c,1.0,1,229705,145.7
tools,reasoning-bank,eog,itsm,2,1,2,task_20251218_093719_611_764e5ead_5817d09a,0.857143,0,440619,253.9
tools,reasoning-bank,eog,itsm,2,1,2,task_20251218_104259_233_66392a82_74b17170,1.0,1,224142,77.7
tools,reasoning-bank,eog,itsm,2,1,2,task_20251218_121722_423_1d219d93_8218da6c,0.5,0,363311,180.8
tools,reasoning-bank,eog,itsm,2,1,2,task_20251218_124419_383_66392a82_52c8290e,1.0,1,227773,103.9
tools,reasoning-bank,eog,itsm,2,1,2,task_20251218_155314_617_c5ca08eb_3ce3c52f,1.0,1,195666,107.8
tools,reasoning-bank,eog,itsm,2,1,2,task_20251218_183102_136_391f1eff_ac9a6986,0.5,0,161462,61.1
tools,reasoning-bank,eog,itsm,2,1,2,task_20251218_220134_063_391f1eff_30369342,1.0,1,227376,101.6
tools,reasoning-bank,eog,itsm,2,1,2,task_20251218_234602_633_391f1eff_09a746e7,0.5,0,229358,101.3
tools,reasoning-bank,eog,itsm,2,1,2,task_20251219_091707_306_ad5a67e3_a76dbe57,0.0,0,129349,87.8
tools,reasoning-bank,eog,itsm,2,1,2,task_20251219_111447_756_66392a82_1c69521d,0.0,0,33057,36.3
tools,reasoning-bank,eog,itsm,2,1,2,task_20251219_115925_475_1d219d93_53d34d23,0.6,0,464869,179.1
tools,reasoning-bank,eog,itsm,2,1,2,task_20251219_144431_663_97d7df7d_a52988e5,0.0,0,299167,159.8
tools,reasoning-bank,eog,itsm,2,1,2,task_20251221_233237_652_66392a82_c1a599bb,0.0,0,33742,38.8
tools,reasoning-bank,eog,itsm,2,1,2,task_20251222_072805_599_99ba2325_ae6b0778,1.0,1,402918,155.6
tools,reasoning-bank,eog,itsm,2,1,2,task_20251222_105710_498_391f1eff_8b25dbef,1.0,1,194412,68.8
tools,reasoning-bank,eog,itsm,2,1,2,task_20251222_133355_087_30600918_e9215c57,0.75,0,276350,104.0
tools,reasoning-bank,eog,itsm,2,1,2,task_20251222_140957_029_c5ca08eb_3c4271f0,0.666667,0,193172,86.2
tools,reasoning-bank,eog,itsm,2,1,2,task_20251222_190928_391_391f1eff_8cb006f5,0.25,0,237709,132.4
tools,reasoning-bank,eog,itsm,2,1,2,task_20251222_195853_743_0be70e35_0916fba8,0.5,0,260321,130.5
tools,reasoning-bank,eog,itsm,2,1,2,task_20251223_064316_340_01395ded_9c6f3e01,0.75,0,530295,338.4
tools,reasoning-bank,eog,itsm,2,1,2,task_20251223_101136_983_1d219d93_d1ba6c2d,0.833333,0,396068,168.2
tools,reasoning-bank,eog,itsm,2,1,2,task_20251223_132605_091_764e5ead_dd00cc8f,0.6,0,414162,208.4
tools,reasoning-bank,eog,itsm,2,1,2,task_20251223_151555_341_764e5ead_9648644d,0.285714,0,409776,189.0
tools,reasoning-bank,eog,itsm,2,1,2,task_20260112_183416_157_a8eea1c0_0d6acfd0,0.4,0,202651,120.3
tools,reasoning-bank,eog,itsm,2,1,2,task_20260113_031046_703_99ba2325_54f35603,1.0,1,199411,90.0
tools,reasoning-bank,eog,itsm,2,1,2,task_20260113_182216_716_a8eea1c0_7a0619e9,0.333333,0,163237,68.3
tools,reasoning-bank,eog,itsm,2,1,2,task_20260113_182602_664_46ca2862_b6ef60ca,0.5,0,266977,156.2
tools,reasoning-bank,eog,itsm,2,1,2,task_20260113_212050_548_a8eea1c0_73a73ce7,1.0,1,271952,168.7
tools,reasoning-bank,eog,itsm,2,1,2,task_20260114_094327_107_46ca2862_796e7685,1.0,1,300845,188.1
tools,reasoning-bank,eog,itsm,2,1,2,task_20260114_174427_042_99ba2325_7915481a,0.333333,0,103798,85.1
tools,reasoning-bank,eog,itsm,2,1,2,task_20260114_180601_485_99ba2325_2dc8b3ce,0.666667,0,332529,107.9
tools,reasoning-bank,eog,itsm,2,1,2,task_20260114_181932_082_99ba2325_92ddef90,0.6,0,334326,166.0
tools,reasoning-bank,eog,itsm,2,1,2,task_20260115_143541_964_fa1836dc_dc6652fd,0.0,0,70040,86.7
tools,reasoning-bank,eog,itsm,2,1,2,task_20260115_152733_296_46ca2862_55f848d3,0.6,0,295699,160.5
tools,reasoning-bank,eog,itsm,2,1,2,task_20260115_172636_260_fa1836dc_7a703e50,0.5,0,228261,67.6
tools,reasoning-bank,eog,itsm,2,1,2,task_20260116_081645_096_66392a82_fd509f97,0.4,0,500308,394.8
tools,reasoning-bank,eog,itsm,2,1,2,task_20260116_101840_488_e6427839_81df8ba3,0.75,0,291919,120.5
tools,reasoning-bank,eog,itsm,2,1,2,task_20260116_124300_245_1d219d93_76cd5b4d,1.0,1,228681,97.6
tools,reasoning-bank,eog,itsm,2,1,2,task_20260116_224538_330_66392a82_10d0806e,0.8,0,457178,173.9
tools,reasoning-bank,eog,itsm,2,1,3,task_20251210_205620_593_391f1eff_ad65c160,0.5,0,400238,147.9
tools,reasoning-bank,eog,itsm,2,1,3,task_20251212_172511_458_e6427839_47076c15,0.5,0,96480,40.0
tools,reasoning-bank,eog,itsm,2,1,3,task_20251212_184405_886_e6427839_6413728a,0.333333,0,257630,74.9
tools,reasoning-bank,eog,itsm,2,1,3,task_20251212_191411_655_391f1eff_2fef896f,1.0,1,260832,109.8
tools,reasoning-bank,eog,itsm,2,1,3,task_20251216_131651_690_764e5ead_f8619b02,1.0,1,294029,126.3
tools,reasoning-bank,eog,itsm,2,1,3,task_20251217_153037_688_97d7df7d_be0bd794,1.0,1,231138,88.4
tools,reasoning-bank,eog,itsm,2,1,3,task_20251217_205244_161_764e5ead_20429ef8,0.875,0,269943,83.9
tools,reasoning-bank,eog,itsm,2,1,3,task_20251218_061956_641_109c89c0_423ed8ee,0.142857,0,344262,146.1
tools,reasoning-bank,eog,itsm,2,1,3,task_20251218_082708_201_99ba2325_51726f9c,1.0,1,231137,136.7
tools,reasoning-bank,eog,itsm,2,1,3,task_20251218_093719_611_764e5ead_5817d09a,1.0,1,375296,223.9
tools,reasoning-bank,eog,itsm,2,1,3,task_20251218_104259_233_66392a82_74b17170,1.0,1,190741,49.4
tools,reasoning-bank,eog,itsm,2,1,3,task_20251218_121722_423_1d219d93_8218da6c,0.666667,0,366083,184.6
tools,reasoning-bank,eog,itsm,2,1,3,task_20251218_124419_383_66392a82_52c8290e,1.0,1,228955,111.1
tools,reasoning-bank,eog,itsm,2,1,3,task_20251218_155314_617_c5ca08eb_3ce3c52f,1.0,1,261755,135.0
tools,reasoning-bank,eog,itsm,2,1,3,task_20251218_183102_136_391f1eff_ac9a6986,0.5,0,193629,70.2
tools,reasoning-bank,eog,itsm,2,1,3,task_20251218_220134_063_391f1eff_30369342,1.0,1,297063,136.7
tools,reasoning-bank,eog,itsm,2,1,3,task_20251218_234602_633_391f1eff_09a746e7,0.5,0,228977,83.3
tools,reasoning-bank,eog,itsm,2,1,3,task_20251219_091707_306_ad5a67e3_a76dbe57,0.0,0,160489,67.0
tools,reasoning-bank,eog,itsm,2,1,3,task_20251219_111447_756_66392a82_1c69521d,0.666667,0,196854,79.7
tools,reasoning-bank,eog,itsm,2,1,3,task_20251219_115925_475_1d219d93_53d34d23,0.6,0,458838,166.9
tools,reasoning-bank,eog,itsm,2,1,3,task_20251219_144431_663_97d7df7d_a52988e5,0.0,0,231088,110.9
tools,reasoning-bank,eog,itsm,2,1,3,task_20251221_233237_652_66392a82_c1a599bb,1.0,1,193333,84.9
tools,reasoning-bank,eog,itsm,2,1,3,task_20251222_072805_599_99ba2325_ae6b0778,1.0,1,304917,132.1
tools,reasoning-bank,eog,itsm,2,1,3,task_20251222_105710_498_391f1eff_8b25dbef,1.0,1,162019,63.2
tools,reasoning-bank,eog,itsm,2,1,3,task_20251222_133355_087_30600918_e9215c57,0.5,0,244266,143.7
tools,reasoning-bank,eog,itsm,2,1,3,task_20251222_140957_029_c5ca08eb_3c4271f0,0.666667,0,161259,77.3
tools,reasoning-bank,eog,itsm,2,1,3,task_20251222_190928_391_391f1eff_8cb006f5,0.25,0,362757,229.7
tools,reasoning-bank,eog,itsm,2,1,3,task_20251222_195853_743_0be70e35_0916fba8,0.5,0,336231,152.5
tools,reasoning-bank,eog,itsm,2,1,3,task_20251223_064316_340_01395ded_9c6f3e01,0.25,0,247484,254.3
tools,reasoning-bank,eog,itsm,2,1,3,task_20251223_101136_983_1d219d93_d1ba6c2d,0.833333,0,362983,156.4
tools,reasoning-bank,eog,itsm,2,1,3,task_20251223_132605_091_764e5ead_dd00cc8f,0.6,0,567477,313.9
tools,reasoning-bank,eog,itsm,2,1,3,task_20251223_151555_341_764e5ead_9648644d,0.571429,0,473968,271.9
tools,reasoning-bank,eog,itsm,2,1,3,task_20260112_183416_157_a8eea1c0_0d6acfd0,0.2,0,132488,91.6
tools,reasoning-bank,eog,itsm,2,1,3,task_20260113_031046_703_99ba2325_54f35603,1.0,1,200716,86.8
tools,reasoning-bank,eog,itsm,2,1,3,task_20260113_182216_716_a8eea1c0_7a0619e9,0.333333,0,197419,70.7
tools,reasoning-bank,eog,itsm,2,1,3,task_20260113_182602_664_46ca2862_b6ef60ca,0.5,0,163816,86.5
tools,reasoning-bank,eog,itsm,2,1,3,task_20260113_212050_548_a8eea1c0_73a73ce7,1.0,1,284833,127.6
tools,reasoning-bank,eog,itsm,2,1,3,task_20260114_094327_107_46ca2862_796e7685,1.0,1,341550,216.7
tools,reasoning-bank,eog,itsm,2,1,3,task_20260114_174427_042_99ba2325_7915481a,0.0,0,100831,70.5
tools,reasoning-bank,eog,itsm,2,1,3,task_20260114_180601_485_99ba2325_2dc8b3ce,0.666667,0,232859,51.7
tools,reasoning-bank,eog,itsm,2,1,3,task_20260114_181932_082_99ba2325_92ddef90,0.6,0,305079,214.6
tools,reasoning-bank,eog,itsm,2,1,3,task_20260115_143541_964_fa1836dc_dc6652fd,0.777778,0,379901,213.1
tools,reasoning-bank,eog,itsm,2,1,3,task_20260115_152733_296_46ca2862_55f848d3,0.6,0,296495,134.7
tools,reasoning-bank,eog,itsm,2,1,3,task_20260115_172636_260_fa1836dc_7a703e50,0.5,0,193070,49.7
tools,reasoning-bank,eog,itsm,2,1,3,task_20260116_081645_096_66392a82_fd509f97,0.4,0,280501,176.8
tools,reasoning-bank,eog,itsm,2,1,3,task_20260116_101840_488_e6427839_81df8ba3,0.5,0,329331,138.4
tools,reasoning-bank,eog,itsm,2,1,3,task_20260116_124300_245_1d219d93_76cd5b4d,1.0,1,230408,113.0
tools,reasoning-bank,eog,itsm,2,1,3,task_20260116_224538_330_66392a82_10d0806e,0.8,0,553589,253.3
tools,reasoning-bank,eog,itsm,2,2,1,task_20251218_164829_676_97d7df7d_893f6b2c,0.0,0,353966,268.1
tools,reasoning-bank,eog,itsm,2,2,1,task_20251219_062202_346_66392a82_1d2065dd,1.0,1,195105,53.3
tools,reasoning-bank,eog,itsm,2,2,1,task_20251219_130920_558_99ba2325_7f9481df,0.333333,0,157828,34.8
tools,reasoning-bank,eog,itsm,2,2,1,task_20251221_045452_579_99ba2325_0e601eac,1.0,1,400657,159.1
tools,reasoning-bank,eog,itsm,2,2,1,task_20251222_075116_761_30600918_a7f0a69a,0.25,0,204830,84.0
tools,reasoning-bank,eog,itsm,2,2,1,task_20251223_063905_655_30600918_3e736be9,0.4,0,313473,163.8
tools,reasoning-bank,eog,itsm,2,2,1,task_20251223_135402_072_c5ca08eb_67009578,1.0,1,193861,81.6
tools,reasoning-bank,eog,itsm,2,2,1,task_20260112_194743_238_a8eea1c0_a4b1468a,0.166667,0,276450,159.4
tools,reasoning-bank,eog,itsm,2,2,1,task_20260113_183935_893_e6427839_03a04c19,1.0,1,226640,62.7
tools,reasoning-bank,eog,itsm,2,2,1,task_20260114_073658_459_78a5b71e_cab5cc9f,0.5,0,243853,173.6
tools,reasoning-bank,eog,itsm,2,2,1,task_20260115_153041_899_d4a463c3_cab6d59b,0.0,0,232242,136.4
tools,reasoning-bank,eog,itsm,2,2,1,task_20260117_000130_134_2aa6b0ad_a20f3a61,0.0,0,278670,173.1
tools,reasoning-bank,eog,itsm,2,2,2,task_20251218_164829_676_97d7df7d_893f6b2c,0.0,0,410453,278.5
tools,reasoning-bank,eog,itsm,2,2,2,task_20251219_062202_346_66392a82_1d2065dd,1.0,1,231957,113.6
tools,reasoning-bank,eog,itsm,2,2,2,task_20251219_130920_558_99ba2325_7f9481df,0.666667,0,227134,81.1
tools,reasoning-bank,eog,itsm,2,2,2,task_20251221_045452_579_99ba2325_0e601eac,1.0,1,364108,157.4
tools,reasoning-bank,eog,itsm,2,2,2,task_20251222_075116_761_30600918_a7f0a69a,0.25,0,171252,97.9
tools,reasoning-bank,eog,itsm,2,2,2,task_20251223_063905_655_30600918_3e736be9,0.4,0,205295,77.8
tools,reasoning-bank,eog,itsm,2,2,2,task_20251223_135402_072_c5ca08eb_67009578,1.0,1,160702,68.0
tools,reasoning-bank,eog,itsm,2,2,2,task_20260112_194743_238_a8eea1c0_a4b1468a,0.666667,0,305262,155.2
tools,reasoning-bank,eog,itsm,2,2,2,task_20260113_183935_893_e6427839_03a04c19,0.5,0,158961,37.6
tools,reasoning-bank,eog,itsm,2,2,2,task_20260114_073658_459_78a5b71e_cab5cc9f,0.5,0,167991,127.5
tools,reasoning-bank,eog,itsm,2,2,2,task_20260115_153041_899_d4a463c3_cab6d59b,0.0,0,413893,169.3
tools,reasoning-bank,eog,itsm,2,2,2,task_20260117_000130_134_2aa6b0ad_a20f3a61,0.0,0,309902,275.9
tools,reasoning-bank,eog,itsm,2,2,3,task_20251218_164829_676_97d7df7d_893f6b2c,0.0,0,237040,233.6
tools,reasoning-bank,eog,itsm,2,2,3,task_20251219_062202_346_66392a82_1d2065dd,1.0,1,294949,104.5
tools,reasoning-bank,eog,itsm,2,2,3,task_20251219_130920_558_99ba2325_7f9481df,0.333333,0,158458,45.6
tools,reasoning-bank,eog,itsm,2,2,3,task_20251221_045452_579_99ba2325_0e601eac,0.8,0,265555,106.2
tools,reasoning-bank,eog,itsm,2,2,3,task_20251222_075116_761_30600918_a7f0a69a,0.25,0,168746,49.8
tools,reasoning-bank,eog,itsm,2,2,3,task_20251223_063905_655_30600918_3e736be9,0.6,0,275542,98.9
tools,reasoning-bank,eog,itsm,2,2,3,task_20251223_135402_072_c5ca08eb_67009578,1.0,1,229890,136.6
tools,reasoning-bank,eog,itsm,2,2,3,task_20260112_194743_238_a8eea1c0_a4b1468a,0.666667,0,372916,200.2
tools,reasoning-bank,eog,itsm,2,2,3,task_20260113_183935_893_e6427839_03a04c19,0.5,0,160005,55.3
tools,reasoning-bank,eog,itsm,2,2,3,task_20260114_073658_459_78a5b71e_cab5cc9f,0.5,0,300459,151.2
tools,reasoning-bank,eog,itsm,2,2,3,task_20260115_153041_899_d4a463c3_cab6d59b,0.25,0,406880,156.8
tools,reasoning-bank,eog,itsm,2,2,3,task_20260117_000130_134_2aa6b0ad_a20f3a61,0.0,0,344885,277.1
tools,reasoning-bank,eog,itsm,3,1,1,task_20251210_205620_593_391f1eff_ad65c160,0.0,0,315956,195.9
tools,reasoning-bank,eog,itsm,3,1,1,task_20251212_172511_458_e6427839_47076c15,0.5,0,152116,66.5
tools,reasoning-bank,eog,itsm,3,1,1,task_20251212_184405_886_e6427839_6413728a,0.333333,0,267109,81.1
tools,reasoning-bank,eog,itsm,3,1,1,task_20251212_191411_655_391f1eff_2fef896f,1.0,1,356508,143.0
tools,reasoning-bank,eog,itsm,3,1,1,task_20251216_131651_690_764e5ead_f8619b02,1.0,1,385304,116.9
tools,reasoning-bank,eog,itsm,3,1,1,task_20251217_153037_688_97d7df7d_be0bd794,1.0,1,271337,63.6
tools,reasoning-bank,eog,itsm,3,1,1,task_20251217_205244_161_764e5ead_20429ef8,0.875,0,353711,92.6
tools,reasoning-bank,eog,itsm,3,1,1,task_20251218_061956_641_109c89c0_423ed8ee,0.142857,0,527452,253.7
tools,reasoning-bank,eog,itsm,3,1,1,task_20251218_082708_201_99ba2325_51726f9c,0.5,0,152669,74.3
tools,reasoning-bank,eog,itsm,3,1,1,task_20251218_093719_611_764e5ead_5817d09a,1.0,1,442461,293.7
tools,reasoning-bank,eog,itsm,3,1,1,task_20251218_104259_233_66392a82_74b17170,1.0,1,304001,93.5
tools,reasoning-bank,eog,itsm,3,1,1,task_20251218_121722_423_1d219d93_8218da6c,0.666667,0,393156,169.8
tools,reasoning-bank,eog,itsm,3,1,1,task_20251218_124419_383_66392a82_52c8290e,1.0,1,270672,138.6
tools,reasoning-bank,eog,itsm,3,1,1,task_20251218_155314_617_c5ca08eb_3ce3c52f,1.0,1,234484,121.0
tools,reasoning-bank,eog,itsm,3,1,1,task_20251218_183102_136_391f1eff_ac9a6986,0.0,0,188525,50.4
tools,reasoning-bank,eog,itsm,3,1,1,task_20251218_220134_063_391f1eff_30369342,1.0,1,231690,118.0
tools,reasoning-bank,eog,itsm,3,1,1,task_20251218_234602_633_391f1eff_09a746e7,1.0,1,270044,113.2
tools,reasoning-bank,eog,itsm,3,1,1,task_20251219_091707_306_ad5a67e3_a76dbe57,0.0,0,154278,85.9
tools,reasoning-bank,eog,itsm,3,1,1,task_20251219_111447_756_66392a82_1c69521d,0.0,0,39068,36.1
tools,reasoning-bank,eog,itsm,3,1,1,task_20251219_115925_475_1d219d93_53d34d23,0.6,0,436564,148.6
tools,reasoning-bank,eog,itsm,3,1,1,task_20251219_144431_663_97d7df7d_a52988e5,0.0,0,312196,144.4
tools,reasoning-bank,eog,itsm,3,1,1,task_20251221_233237_652_66392a82_c1a599bb,0.666667,0,152325,59.0
tools,reasoning-bank,eog,itsm,3,1,1,task_20251222_072805_599_99ba2325_ae6b0778,1.0,1,360072,173.3
tools,reasoning-bank,eog,itsm,3,1,1,task_20251222_105710_498_391f1eff_8b25dbef,1.0,1,193055,78.3
tools,reasoning-bank,eog,itsm,3,1,1,task_20251222_133355_087_30600918_e9215c57,0.5,0,370134,145.4
tools,reasoning-bank,eog,itsm,3,1,1,task_20251222_140957_029_c5ca08eb_3c4271f0,0.666667,0,309297,152.0
tools,reasoning-bank,eog,itsm,3,1,1,task_20251222_190928_391_391f1eff_8cb006f5,0.25,0,319067,197.8
tools,reasoning-bank,eog,itsm,3,1,1,task_20251222_195853_743_0be70e35_0916fba8,0.5,0,278046,135.9
tools,reasoning-bank,eog,itsm,3,1,1,task_20251223_064316_340_01395ded_9c6f3e01,0.25,0,713374,427.2
tools,reasoning-bank,eog,itsm,3,1,1,task_20251223_101136_983_1d219d93_d1ba6c2d,0.5,0,427407,177.6
tools,reasoning-bank,eog,itsm,3,1,1,task_20251223_132605_091_764e5ead_dd00cc8f,0.6,0,852027,353.5
tools,reasoning-bank,eog,itsm,3,1,1,task_20251223_151555_341_764e5ead_9648644d,0.285714,0,451489,241.0
tools,reasoning-bank,eog,itsm,3,1,1,task_20260112_183416_157_a8eea1c0_0d6acfd0,0.4,0,361248,180.8
tools,reasoning-bank,eog,itsm,3,1,1,task_20260113_031046_703_99ba2325_54f35603,1.0,1,313770,104.2
tools,reasoning-bank,eog,itsm,3,1,1,task_20260113_182216_716_a8eea1c0_7a0619e9,0.333333,0,270699,103.9
tools,reasoning-bank,eog,itsm,3,1,1,task_20260113_182602_664_46ca2862_b6ef60ca,0.5,0,232425,119.5
tools,reasoning-bank,eog,itsm,3,1,1,task_20260113_212050_548_a8eea1c0_73a73ce7,0.0,0,156908,89.5
tools,reasoning-bank,eog,itsm,3,1,1,task_20260114_094327_107_46ca2862_796e7685,1.0,1,392493,200.4
tools,reasoning-bank,eog,itsm,3,1,1,task_20260114_174427_042_99ba2325_7915481a,0.333333,0,119664,79.2
tools,reasoning-bank,eog,itsm,3,1,1,task_20260114_180601_485_99ba2325_2dc8b3ce,0.666667,0,355634,123.2
tools,reasoning-bank,eog,itsm,3,1,1,task_20260114_181932_082_99ba2325_92ddef90,0.6,0,394764,205.0
tools,reasoning-bank,eog,itsm,3,1,1,task_20260115_143541_964_fa1836dc_dc6652fd,1.0,1,666181,340.4
tools,reasoning-bank,eog,itsm,3,1,1,task_20260115_152733_296_46ca2862_55f848d3,0.6,0,272574,151.7
tools,reasoning-bank,eog,itsm,3,1,1,task_20260115_172636_260_fa1836dc_7a703e50,0.5,0,230243,68.9
tools,reasoning-bank,eog,itsm,3,1,1,task_20260116_081645_096_66392a82_fd509f97,0.6,0,528480,369.7
tools,reasoning-bank,eog,itsm,3,1,1,task_20260116_101840_488_e6427839_81df8ba3,0.75,0,233700,123.7
tools,reasoning-bank,eog,itsm,3,1,1,task_20260116_124300_245_1d219d93_76cd5b4d,1.0,1,275412,169.0
tools,reasoning-bank,eog,itsm,3,1,1,task_20260116_224538_330_66392a82_10d0806e,0.8,0,519019,204.0
tools,reasoning-bank,eog,itsm,3,1,2,task_20251210_205620_593_391f1eff_ad65c160,0.0,0,478686,234.4
tools,reasoning-bank,eog,itsm,3,1,2,task_20251212_172511_458_e6427839_47076c15,0.5,0,152607,56.2
tools,reasoning-bank,eog,itsm,3,1,2,task_20251212_184405_886_e6427839_6413728a,0.333333,0,229757,61.5
tools,reasoning-bank,eog,itsm,3,1,2,task_20251212_191411_655_391f1eff_2fef896f,1.0,1,351452,92.0
tools,reasoning-bank,eog,itsm,3,1,2,task_20251216_131651_690_764e5ead_f8619b02,1.0,1,347749,98.9
tools,reasoning-bank,eog,itsm,3,1,2,task_20251217_153037_688_97d7df7d_be0bd794,1.0,1,310025,97.5
tools,reasoning-bank,eog,itsm,3,1,2,task_20251217_205244_161_764e5ead_20429ef8,0.875,0,398454,83.7
tools,reasoning-bank,eog,itsm,3,1,2,task_20251218_061956_641_109c89c0_423ed8ee,0.142857,0,530500,187.3
tools,reasoning-bank,eog,itsm,3,1,2,task_20251218_082708_201_99ba2325_51726f9c,1.0,1,429103,183.5
tools,reasoning-bank,eog,itsm,3,1,2,task_20251218_093719_611_764e5ead_5817d09a,0.857143,0,399060,195.5
tools,reasoning-bank,eog,itsm,3,1,2,task_20251218_104259_233_66392a82_74b17170,1.0,1,271014,121.7
tools,reasoning-bank,eog,itsm,3,1,2,task_20251218_121722_423_1d219d93_8218da6c,0.666667,0,467350,183.2
tools,reasoning-bank,eog,itsm,3,1,2,task_20251218_124419_383_66392a82_52c8290e,1.0,1,270542,115.7
tools,reasoning-bank,eog,itsm,3,1,2,task_20251218_155314_617_c5ca08eb_3ce3c52f,1.0,1,154457,98.5
tools,reasoning-bank,eog,itsm,3,1,2,task_20251218_183102_136_391f1eff_ac9a6986,0.5,0,190237,69.2
tools,reasoning-bank,eog,itsm,3,1,2,task_20251218_220134_063_391f1eff_30369342,1.0,1,270152,109.4
tools,reasoning-bank,eog,itsm,3,1,2,task_20251218_234602_633_391f1eff_09a746e7,1.0,1,231983,75.8
tools,reasoning-bank,eog,itsm,3,1,2,task_20251219_091707_306_ad5a67e3_a76dbe57,0.0,0,114398,55.6
tools,reasoning-bank,eog,itsm,3,1,2,task_20251219_111447_756_66392a82_1c69521d,0.0,0,78070,41.5
tools,reasoning-bank,eog,itsm,3,1,2,task_20251219_115925_475_1d219d93_53d34d23,0.6,0,504718,165.5
tools,reasoning-bank,eog,itsm,3,1,2,task_20251219_144431_663_97d7df7d_a52988e5,0.0,0,313571,140.6
tools,reasoning-bank,eog,itsm,3,1,2,task_20251221_233237_652_66392a82_c1a599bb,1.0,1,153371,46.0
tools,reasoning-bank,eog,itsm,3,1,2,task_20251222_072805_599_99ba2325_ae6b0778,1.0,1,373143,151.4
tools,reasoning-bank,eog,itsm,3,1,2,task_20251222_105710_498_391f1eff_8b25dbef,1.0,1,268996,68.2
tools,reasoning-bank,eog,itsm,3,1,2,task_20251222_133355_087_30600918_e9215c57,0.5,0,329819,135.6
tools,reasoning-bank,eog,itsm,3,1,2,task_20251222_140957_029_c5ca08eb_3c4271f0,0.666667,0,228181,83.9
tools,reasoning-bank,eog,itsm,3,1,2,task_20251222_190928_391_391f1eff_8cb006f5,0.25,0,375047,171.3
tools,reasoning-bank,eog,itsm,3,1,2,task_20251222_195853_743_0be70e35_0916fba8,0.5,0,324321,121.6
tools,reasoning-bank,eog,itsm,3,1,2,task_20251223_064316_340_01395ded_9c6f3e01,0.25,0,323121,224.8
tools,reasoning-bank,eog,itsm,3,1,2,task_20251223_101136_983_1d219d93_d1ba6c2d,0.833333,0,352578,183.5
tools,reasoning-bank,eog,itsm,3,1,2,task_20251223_132605_091_764e5ead_dd00cc8f,0.6,0,569066,240.8
tools,reasoning-bank,eog,itsm,3,1,2,task_20251223_151555_341_764e5ead_9648644d,0.571429,0,555840,235.4
tools,reasoning-bank,eog,itsm,3,1,2,task_20260112_183416_157_a8eea1c0_0d6acfd0,0.4,0,356298,150.0
tools,reasoning-bank,eog,itsm,3,1,2,task_20260113_031046_703_99ba2325_54f35603,1.0,1,234997,106.6
tools,reasoning-bank,eog,itsm,3,1,2,task_20260113_182216_716_a8eea1c0_7a0619e9,0.333333,0,194510,83.4
tools,reasoning-bank,eog,itsm,3,1,2,task_20260113_182602_664_46ca2862_b6ef60ca,0.5,0,347424,102.4
tools,reasoning-bank,eog,itsm,3,1,2,task_20260113_212050_548_a8eea1c0_73a73ce7,0.0,0,316885,144.6
tools,reasoning-bank,eog,itsm,3,1,2,task_20260114_094327_107_46ca2862_796e7685,1.0,1,320597,149.8
tools,reasoning-bank,eog,itsm,3,1,2,task_20260114_174427_042_99ba2325_7915481a,0.333333,0,157278,75.5
tools,reasoning-bank,eog,itsm,3,1,2,task_20260114_180601_485_99ba2325_2dc8b3ce,0.666667,0,314800,96.8
tools,reasoning-bank,eog,itsm,3,1,2,task_20260114_181932_082_99ba2325_92ddef90,0.6,0,355191,138.6
tools,reasoning-bank,eog,itsm,3,1,2,task_20260115_143541_964_fa1836dc_dc6652fd,0.0,0,160165,112.9
tools,reasoning-bank,eog,itsm,3,1,2,task_20260115_152733_296_46ca2862_55f848d3,0.6,0,349463,155.5
tools,reasoning-bank,eog,itsm,3,1,2,task_20260115_172636_260_fa1836dc_7a703e50,0.5,0,229299,49.4
tools,reasoning-bank,eog,itsm,3,1,2,task_20260116_081645_096_66392a82_fd509f97,0.6,0,410491,319.9
tools,reasoning-bank,eog,itsm,3,1,2,task_20260116_101840_488_e6427839_81df8ba3,0.75,0,308554,104.4
tools,reasoning-bank,eog,itsm,3,1,2,task_20260116_124300_245_1d219d93_76cd5b4d,1.0,1,349607,145.8
tools,reasoning-bank,eog,itsm,3,1,2,task_20260116_224538_330_66392a82_10d0806e,0.8,0,567189,188.0
tools,reasoning-bank,eog,itsm,3,1,3,task_20251210_205620_593_391f1eff_ad65c160,0.0,0,355180,197.5
tools,reasoning-bank,eog,itsm,3,1,3,task_20251212_172511_458_e6427839_47076c15,0.5,0,151325,48.5
tools,reasoning-bank,eog,itsm,3,1,3,task_20251212_184405_886_e6427839_6413728a,0.333333,0,307062,85.8
tools,reasoning-bank,eog,itsm,3,1,3,task_20251212_191411_655_391f1eff_2fef896f,1.0,1,346935,81.1
tools,reasoning-bank,eog,itsm,3,1,3,task_20251216_131651_690_764e5ead_f8619b02,1.0,1,310097,117.3
tools,reasoning-bank,eog,itsm,3,1,3,task_20251217_153037_688_97d7df7d_be0bd794,1.0,1,273084,81.0
tools,reasoning-bank,eog,itsm,3,1,3,task_20251217_205244_161_764e5ead_20429ef8,0.875,0,318207,115.1
tools,reasoning-bank,eog,itsm,3,1,3,task_20251218_061956_641_109c89c0_423ed8ee,0.142857,0,449788,234.4
tools,reasoning-bank,eog,itsm,3,1,3,task_20251218_082708_201_99ba2325_51726f9c,1.0,1,390629,190.6
tools,reasoning-bank,eog,itsm,3,1,3,task_20251218_093719_611_764e5ead_5817d09a,1.0,1,481743,247.9
tools,reasoning-bank,eog,itsm,3,1,3,task_20251218_104259_233_66392a82_74b17170,1.0,1,264107,71.8
tools,reasoning-bank,eog,itsm,3,1,3,task_20251218_121722_423_1d219d93_8218da6c,0.666667,0,468076,183.3
tools,reasoning-bank,eog,itsm,3,1,3,task_20251218_124419_383_66392a82_52c8290e,1.0,1,192797,93.2
tools,reasoning-bank,eog,itsm,3,1,3,task_20251218_155314_617_c5ca08eb_3ce3c52f,1.0,1,155176,97.5
tools,reasoning-bank,eog,itsm,3,1,3,task_20251218_183102_136_391f1eff_ac9a6986,0.0,0,228759,67.8
tools,reasoning-bank,eog,itsm,3,1,3,task_20251218_220134_063_391f1eff_30369342,1.0,1,269638,123.8
tools,reasoning-bank,eog,itsm,3,1,3,task_20251218_234602_633_391f1eff_09a746e7,1.0,1,190878,80.9
tools,reasoning-bank,eog,itsm,3,1,3,task_20251219_091707_306_ad5a67e3_a76dbe57,0.0,0,191982,83.3
tools,reasoning-bank,eog,itsm,3,1,3,task_20251219_111447_756_66392a82_1c69521d,1.0,1,154124,67.8
tools,reasoning-bank,eog,itsm,3,1,3,task_20251219_115925_475_1d219d93_53d34d23,0.6,0,464567,159.5
tools,reasoning-bank,eog,itsm,3,1,3,task_20251219_144431_663_97d7df7d_a52988e5,0.0,0,313637,155.1
tools,reasoning-bank,eog,itsm,3,1,3,task_20251221_233237_652_66392a82_c1a599bb,0.666667,0,189546,50.1
tools,reasoning-bank,eog,itsm,3,1,3,task_20251222_072805_599_99ba2325_ae6b0778,1.0,1,372725,196.8
tools,reasoning-bank,eog,itsm,3,1,3,task_20251222_105710_498_391f1eff_8b25dbef,1.0,1,192798,75.5
tools,reasoning-bank,eog,itsm,3,1,3,task_20251222_133355_087_30600918_e9215c57,0.5,0,328668,135.5
tools,reasoning-bank,eog,itsm,3,1,3,task_20251222_140957_029_c5ca08eb_3c4271f0,0.666667,0,188958,94.2
tools,reasoning-bank,eog,itsm,3,1,3,task_20251222_190928_391_391f1eff_8cb006f5,0.25,0,401199,211.9
tools,reasoning-bank,eog,itsm,3,1,3,task_20251222_195853_743_0be70e35_0916fba8,0.5,0,308369,141.9
tools,reasoning-bank,eog,itsm,3,1,3,task_20251223_064316_340_01395ded_9c6f3e01,0.25,0,404744,280.3
tools,reasoning-bank,eog,itsm,3,1,3,task_20251223_101136_983_1d219d93_d1ba6c2d,0.833333,0,430691,224.4
tools,reasoning-bank,eog,itsm,3,1,3,task_20251223_132605_091_764e5ead_dd00cc8f,0.6,0,583864,318.4
tools,reasoning-bank,eog,itsm,3,1,3,task_20251223_151555_341_764e5ead_9648644d,0.571429,0,480522,228.0
tools,reasoning-bank,eog,itsm,3,1,3,task_20260112_183416_157_a8eea1c0_0d6acfd0,0.4,0,401278,176.1
tools,reasoning-bank,eog,itsm,3,1,3,task_20260113_031046_703_99ba2325_54f35603,1.0,1,233285,95.6
tools,reasoning-bank,eog,itsm,3,1,3,task_20260113_182216_716_a8eea1c0_7a0619e9,0.666667,0,231379,89.4
tools,reasoning-bank,eog,itsm,3,1,3,task_20260113_182602_664_46ca2862_b6ef60ca,0.5,0,272040,135.5
tools,reasoning-bank,eog,itsm,3,1,3,task_20260113_212050_548_a8eea1c0_73a73ce7,0.25,0,197972,109.5
tools,reasoning-bank,eog,itsm,3,1,3,task_20260114_094327_107_46ca2862_796e7685,1.0,1,314521,181.2
tools,reasoning-bank,eog,itsm,3,1,3,task_20260114_174427_042_99ba2325_7915481a,0.333333,0,200945,131.4
tools,reasoning-bank,eog,itsm,3,1,3,task_20260114_180601_485_99ba2325_2dc8b3ce,1.0,1,235026,77.7
tools,reasoning-bank,eog,itsm,3,1,3,task_20260114_181932_082_99ba2325_92ddef90,0.6,0,357613,185.0
tools,reasoning-bank,eog,itsm,3,1,3,task_20260115_143541_964_fa1836dc_dc6652fd,1.0,1,522226,213.9
tools,reasoning-bank,eog,itsm,3,1,3,task_20260115_152733_296_46ca2862_55f848d3,0.6,0,317546,165.2
tools,reasoning-bank,eog,itsm,3,1,3,task_20260115_172636_260_fa1836dc_7a703e50,0.5,0,267324,86.7
tools,reasoning-bank,eog,itsm,3,1,3,task_20260116_081645_096_66392a82_fd509f97,0.4,0,486077,328.0
tools,reasoning-bank,eog,itsm,3,1,3,task_20260116_101840_488_e6427839_81df8ba3,0.75,0,384949,130.9
tools,reasoning-bank,eog,itsm,3,1,3,task_20260116_124300_245_1d219d93_76cd5b4d,1.0,1,390988,198.2
tools,reasoning-bank,eog,itsm,3,1,3,task_20260116_224538_330_66392a82_10d0806e,0.8,0,662903,262.0
tools,reasoning-bank,eog,itsm,3,2,1,task_20251218_164829_676_97d7df7d_893f6b2c,0.333333,0,479902,290.2
tools,reasoning-bank,eog,itsm,3,2,1,task_20251219_062202_346_66392a82_1d2065dd,1.0,1,347453,74.1
tools,reasoning-bank,eog,itsm,3,2,1,task_20251219_130920_558_99ba2325_7f9481df,1.0,1,266773,54.5
tools,reasoning-bank,eog,itsm,3,2,1,task_20251221_045452_579_99ba2325_0e601eac,0.6,0,389671,127.1
tools,reasoning-bank,eog,itsm,3,2,1,task_20251222_075116_761_30600918_a7f0a69a,0.25,0,199180,57.7
tools,reasoning-bank,eog,itsm,3,2,1,task_20251223_063905_655_30600918_3e736be9,0.4,0,323851,115.2
tools,reasoning-bank,eog,itsm,3,2,1,task_20251223_135402_072_c5ca08eb_67009578,1.0,1,230265,78.0
tools,reasoning-bank,eog,itsm,3,2,1,task_20260112_194743_238_a8eea1c0_a4b1468a,0.166667,0,451543,236.1
tools,reasoning-bank,eog,itsm,3,2,1,task_20260113_183935_893_e6427839_03a04c19,1.0,1,306441,81.0
tools,reasoning-bank,eog,itsm,3,2,1,task_20260114_073658_459_78a5b71e_cab5cc9f,0.0,0,113214,38.1
tools,reasoning-bank,eog,itsm,3,2,1,task_20260115_153041_899_d4a463c3_cab6d59b,0.25,0,605409,176.9
tools,reasoning-bank,eog,itsm,3,2,1,task_20260117_000130_134_2aa6b0ad_a20f3a61,0.0,0,481205,321.2
tools,reasoning-bank,eog,itsm,3,2,2,task_20251218_164829_676_97d7df7d_893f6b2c,0.333333,0,478221,272.0
tools,reasoning-bank,eog,itsm,3,2,2,task_20251219_062202_346_66392a82_1d2065dd,1.0,1,421418,82.4
tools,reasoning-bank,eog,itsm,3,2,2,task_20251219_130920_558_99ba2325_7f9481df,0.666667,0,266891,46.6
tools,reasoning-bank,eog,itsm,3,2,2,task_20251221_045452_579_99ba2325_0e601eac,0.6,0,351182,118.2
tools,reasoning-bank,eog,itsm,3,2,2,task_20251222_075116_761_30600918_a7f0a69a,0.25,0,241159,66.6
tools,reasoning-bank,eog,itsm,3,2,2,task_20251223_063905_655_30600918_3e736be9,0.2,0,282593,87.5
tools,reasoning-bank,eog,itsm,3,2,2,task_20251223_135402_072_c5ca08eb_67009578,1.0,1,230082,67.8
tools,reasoning-bank,eog,itsm,3,2,2,task_20260112_194743_238_a8eea1c0_a4b1468a,0.666667,0,527982,255.0
tools,reasoning-bank,eog,itsm,3,2,2,task_20260113_183935_893_e6427839_03a04c19,1.0,1,306809,88.8
tools,reasoning-bank,eog,itsm,3,2,2,task_20260114_073658_459_78a5b71e_cab5cc9f,0.5,0,270092,99.9
tools,reasoning-bank,eog,itsm,3,2,2,task_20260115_153041_899_d4a463c3_cab6d59b,0.25,0,547440,172.7
tools,reasoning-bank,eog,itsm,3,2,2,task_20260117_000130_134_2aa6b0ad_a20f3a61,0.0,0,322194,184.7
tools,reasoning-bank,eog,itsm,3,2,3,task_20251218_164829_676_97d7df7d_893f6b2c,0.666667,0,443389,285.8
tools,reasoning-bank,eog,itsm,3,2,3,task_20251219_062202_346_66392a82_1d2065dd,1.0,1,309164,111.3
tools,reasoning-bank,eog,itsm,3,2,3,task_20251219_130920_558_99ba2325_7f9481df,0.333333,0,188146,31.4
tools,reasoning-bank,eog,itsm,3,2,3,task_20251221_045452_579_99ba2325_0e601eac,0.8,0,393007,111.1
tools,reasoning-bank,eog,itsm,3,2,3,task_20251222_075116_761_30600918_a7f0a69a,0.25,0,199089,54.6
tools,reasoning-bank,eog,itsm,3,2,3,task_20251223_063905_655_30600918_3e736be9,0.4,0,283152,99.1
tools,reasoning-bank,eog,itsm,3,2,3,task_20251223_135402_072_c5ca08eb_67009578,1.0,1,269632,90.1
tools,reasoning-bank,eog,itsm,3,2,3,task_20260112_194743_238_a8eea1c0_a4b1468a,0.166667,0,403509,183.1
tools,reasoning-bank,eog,itsm,3,2,3,task_20260113_183935_893_e6427839_03a04c19,1.0,1,305942,70.2
tools,reasoning-bank,eog,itsm,3,2,3,task_20260114_073658_459_78a5b71e_cab5cc9f,0.5,0,312855,69.5
tools,reasoning-bank,eog,itsm,3,2,3,task_20260115_153041_899_d4a463c3_cab6d59b,0.5,0,540898,193.2
tools,reasoning-bank,eog,itsm,3,2,3,task_20260117_000130_134_2aa6b0ad_a20f3a61,0.0,0,366866,196.2
tools,reasoning-bank,eog,itsm,3,3,1,task_20251212_191815_314_391f1eff_c23d76df,0.333333,0,401379,151.6
tools,reasoning-bank,eog,itsm,3,3,1,task_20251218_183819_272_99ba2325_dd71c332,0.0,0,76962,58.5
tools,reasoning-bank,eog,itsm,3,3,1,task_20251218_184224_139_764e5ead_e6e42358,0.4,0,880613,360.8
tools,reasoning-bank,eog,itsm,3,3,1,task_20251219_134543_563_fa1836dc_00dab62f,1.0,1,346867,82.5
tools,reasoning-bank,eog,itsm,3,3,1,task_20251219_174851_846_764e5ead_250f05e1,0.285714,0,484723,178.9
tools,reasoning-bank,eog,itsm,3,3,1,task_20251222_181355_411_764e5ead_48850a98,0.0,0,526829,243.6
tools,reasoning-bank,eog,itsm,3,3,1,task_20251223_081019_100_d4a463c3_f8774fe4,0.5,0,189212,53.4
tools,reasoning-bank,eog,itsm,3,3,1,task_20260113_125933_225_accab84d_d7ec710e,0.333333,0,657345,403.9
tools,reasoning-bank,eog,itsm,3,3,1,task_20260113_143610_437_46ca2862_56a4f834,0.4,0,313428,115.4
tools,reasoning-bank,eog,itsm,3,3,1,task_20260114_081229_036_78a5b71e_a4fb07a9,0.5,0,154793,81.7
tools,reasoning-bank,eog,itsm,3,3,1,task_20260114_134336_659_e6427839_91142068,0.8,0,437064,162.8
tools,reasoning-bank,eog,itsm,3,3,1,task_20260114_173716_566_46ca2862_301e0b47,0.833333,0,258259,138.5
tools,reasoning-bank,eog,itsm,3,3,1,task_20260116_235649_372_66392a82_ccb66a9a,0.5,0,319829,184.1
tools,reasoning-bank,eog,itsm,3,3,2,task_20251212_191815_314_391f1eff_c23d76df,0.333333,0,284070,111.2
tools,reasoning-bank,eog,itsm,3,3,2,task_20251218_183819_272_99ba2325_dd71c332,0.0,0,116555,75.0
tools,reasoning-bank,eog,itsm,3,3,2,task_20251218_184224_139_764e5ead_e6e42358,0.6,0,674374,240.1
tools,reasoning-bank,eog,itsm,3,3,2,task_20251219_134543_563_fa1836dc_00dab62f,1.0,1,421581,84.1
tools,reasoning-bank,eog,itsm,3,3,2,task_20251219_174851_846_764e5ead_250f05e1,0.428571,0,698109,237.4
tools,reasoning-bank,eog,itsm,3,3,2,task_20251222_181355_411_764e5ead_48850a98,0.0,0,456759,297.6
tools,reasoning-bank,eog,itsm,3,3,2,task_20251223_081019_100_d4a463c3_f8774fe4,0.5,0,190604,72.3
tools,reasoning-bank,eog,itsm,3,3,2,task_20260113_125933_225_accab84d_d7ec710e,0.0,0,205422,196.0
tools,reasoning-bank,eog,itsm,3,3,2,task_20260113_143610_437_46ca2862_56a4f834,0.4,0,238174,110.5
tools,reasoning-bank,eog,itsm,3,3,2,task_20260114_081229_036_78a5b71e_a4fb07a9,0.5,0,193640,100.7
tools,reasoning-bank,eog,itsm,3,3,2,task_20260114_134336_659_e6427839_91142068,0.8,0,482510,191.3
tools,reasoning-bank,eog,itsm,3,3,2,task_20260114_173716_566_46ca2862_301e0b47,0.833333,0,484078,159.7
tools,reasoning-bank,eog,itsm,3,3,2,task_20260116_235649_372_66392a82_ccb66a9a,0.5,0,315669,134.4
tools,reasoning-bank,eog,itsm,3,3,3,task_20251212_191815_314_391f1eff_c23d76df,0.333333,0,491050,231.0
tools,reasoning-bank,eog,itsm,3,3,3,task_20251218_183819_272_99ba2325_dd71c332,0.0,0,77968,68.7
tools,reasoning-bank,eog,itsm,3,3,3,task_20251218_184224_139_764e5ead_e6e42358,0.6,0,667714,301.6
tools,reasoning-bank,eog,itsm,3,3,3,task_20251219_134543_563_fa1836dc_00dab62f,1.0,1,382028,76.1
tools,reasoning-bank,eog,itsm,3,3,3,task_20251219_174851_846_764e5ead_250f05e1,0.285714,0,637662,217.0
tools,reasoning-bank,eog,itsm,3,3,3,task_20251222_181355_411_764e5ead_48850a98,0.0,0,369114,236.2
tools,reasoning-bank,eog,itsm,3,3,3,task_20251223_081019_100_d4a463c3_f8774fe4,0.5,0,227512,63.6
tools,reasoning-bank,eog,itsm,3,3,3,task_20260113_125933_225_accab84d_d7ec710e,0.333333,0,458717,389.5
tools,reasoning-bank,eog,itsm,3,3,3,task_20260113_143610_437_46ca2862_56a4f834,0.4,0,318625,120.5
tools,reasoning-bank,eog,itsm,3,3,3,task_20260114_081229_036_78a5b71e_a4fb07a9,0.5,0,154606,97.9
tools,reasoning-bank,eog,itsm,3,3,3,task_20260114_134336_659_e6427839_91142068,0.8,0,553812,206.3
tools,reasoning-bank,eog,itsm,3,3,3,task_20260114_173716_566_46ca2862_301e0b47,0.833333,0,341238,140.9
tools,reasoning-bank,eog,itsm,3,3,3,task_20260116_235649_372_66392a82_ccb66a9a,0.5,0,315943,136.0
tools,reasoning-bank,eog,teams,1,1,1,task_20251121_134729_533_464ee3e0_2dcf2712,0.5,0,113259,54.2
tools,reasoning-bank,eog,teams,1,1,1,task_20251123_232016_480_7ebc1127_7a8d85a7,1.0,1,225259,102.6
tools,reasoning-bank,eog,teams,1,1,1,task_20251125_110309_032_464ee3e0_33f12828,1.0,1,167647,72.4
tools,reasoning-bank,eog,teams,1,1,1,task_20251125_113335_636_7ebc1127_a4ebffe8,0.5,0,336491,238.5
tools,reasoning-bank,eog,teams,1,1,1,task_20251126_054150_897_7ebc1127_60097647,1.0,1,134556,51.5
tools,reasoning-bank,eog,teams,1,1,1,task_20251129_042410_343_df0ecdeb_573538d3,0.8,0,220948,118.8
tools,reasoning-bank,eog,teams,1,1,1,task_20251203_080912_583_df0ecdeb_a3470951,0.9,0,319886,136.0
tools,reasoning-bank,eog,teams,1,1,1,task_20251203_115913_239_b5bd4eb9_2e02dcf0,0.0,0,56254,72.1
tools,reasoning-bank,eog,teams,1,1,1,task_20260106_003109_589_b5bd4eb9_d0454fa5,1.0,1,264279,150.2
tools,reasoning-bank,eog,teams,1,1,1,task_20260106_104903_639_0154326e_81f6a68a,0.666667,0,232477,168.4
tools,reasoning-bank,eog,teams,1,1,1,task_20260106_112645_853_8e9e30d7_1d4b934c,1.0,1,144136,99.3
tools,reasoning-bank,eog,teams,1,1,1,task_20260106_123222_425_8e9e30d7_7dea421b,0.8,0,117424,148.6
tools,reasoning-bank,eog,teams,1,1,1,task_20260106_155851_715_df0ecdeb_7b4347ef,0.75,0,172756,139.5
tools,reasoning-bank,eog,teams,1,1,1,task_20260107_032952_337_7ebc1127_75b96b98,1.0,1,208092,187.5
tools,reasoning-bank,eog,teams,1,1,1,task_20260108_075149_000_df0ecdeb_ead1b33a,1.0,1,166412,70.7
tools,reasoning-bank,eog,teams,1,1,1,task_20260108_082113_548_df0ecdeb_2725d17f,0.75,0,110023,65.9
tools,reasoning-bank,eog,teams,1,1,1,task_20260108_172650_003_8e9e30d7_a1ff8588,0.272727,0,461772,324.8
tools,reasoning-bank,eog,teams,1,1,1,task_20260108_194921_186_8e9e30d7_a087d6f8,0.333333,0,427769,312.3
tools,reasoning-bank,eog,teams,1,1,1,task_20260109_063128_468_8e9e30d7_e983fafa,0.166667,0,338439,271.6
tools,reasoning-bank,eog,teams,1,1,1,task_20260109_122356_038_0154326e_d224a99d,1.0,1,147199,141.9
tools,reasoning-bank,eog,teams,1,1,2,task_20251121_134729_533_464ee3e0_2dcf2712,0.5,0,112935,79.8
tools,reasoning-bank,eog,teams,1,1,2,task_20251123_232016_480_7ebc1127_7a8d85a7,1.0,1,222806,90.1
tools,reasoning-bank,eog,teams,1,1,2,task_20251125_110309_032_464ee3e0_33f12828,1.0,1,169175,63.4
tools,reasoning-bank,eog,teams,1,1,2,task_20251125_113335_636_7ebc1127_a4ebffe8,0.5,0,303998,208.4
tools,reasoning-bank,eog,teams,1,1,2,task_20251126_054150_897_7ebc1127_60097647,1.0,1,135185,45.2
tools,reasoning-bank,eog,teams,1,1,2,task_20251129_042410_343_df0ecdeb_573538d3,0.8,0,188326,77.8
tools,reasoning-bank,eog,teams,1,1,2,task_20251203_080912_583_df0ecdeb_a3470951,0.9,0,321741,142.1
tools,reasoning-bank,eog,teams,1,1,2,task_20251203_115913_239_b5bd4eb9_2e02dcf0,0.0,0,56588,84.0
tools,reasoning-bank,eog,teams,1,1,2,task_20260106_003109_589_b5bd4eb9_d0454fa5,1.0,1,208394,167.5
tools,reasoning-bank,eog,teams,1,1,2,task_20260106_104903_639_0154326e_81f6a68a,0.5,0,198945,152.3
tools,reasoning-bank,eog,teams,1,1,2,task_20260106_112645_853_8e9e30d7_1d4b934c,1.0,1,202890,94.9
tools,reasoning-bank,eog,teams,1,1,2,task_20260106_123222_425_8e9e30d7_7dea421b,0.8,0,146474,132.8
tools,reasoning-bank,eog,teams,1,1,2,task_20260106_155851_715_df0ecdeb_7b4347ef,0.75,0,203607,197.2
tools,reasoning-bank,eog,teams,1,1,2,task_20260107_032952_337_7ebc1127_75b96b98,1.0,1,234708,148.4
tools,reasoning-bank,eog,teams,1,1,2,task_20260108_075149_000_df0ecdeb_ead1b33a,1.0,1,196123,115.0
tools,reasoning-bank,eog,teams,1,1,2,task_20260108_082113_548_df0ecdeb_2725d17f,0.75,0,110658,102.9
tools,reasoning-bank,eog,teams,1,1,2,task_20260108_172650_003_8e9e30d7_a1ff8588,0.272727,0,193639,167.2
tools,reasoning-bank,eog,teams,1,1,2,task_20260108_194921_186_8e9e30d7_a087d6f8,0.666667,0,187005,203.5
tools,reasoning-bank,eog,teams,1,1,2,task_20260109_063128_468_8e9e30d7_e983fafa,0.0,0,270644,234.4
tools,reasoning-bank,eog,teams,1,1,2,task_20260109_122356_038_0154326e_d224a99d,0.857143,0,177749,142.2
tools,reasoning-bank,eog,teams,1,1,3,task_20251121_134729_533_464ee3e0_2dcf2712,0.5,0,141250,109.7
tools,reasoning-bank,eog,teams,1,1,3,task_20251123_232016_480_7ebc1127_7a8d85a7,1.0,1,254590,110.7
tools,reasoning-bank,eog,teams,1,1,3,task_20251125_110309_032_464ee3e0_33f12828,1.0,1,167542,69.6
tools,reasoning-bank,eog,teams,1,1,3,task_20251125_113335_636_7ebc1127_a4ebffe8,0.5,0,268863,156.1
tools,reasoning-bank,eog,teams,1,1,3,task_20251126_054150_897_7ebc1127_60097647,1.0,1,135569,61.4
tools,reasoning-bank,eog,teams,1,1,3,task_20251129_042410_343_df0ecdeb_573538d3,0.8,0,222175,122.9
tools,reasoning-bank,eog,teams,1,1,3,task_20251203_080912_583_df0ecdeb_a3470951,0.9,0,321237,109.0
tools,reasoning-bank,eog,teams,1,1,3,task_20251203_115913_239_b5bd4eb9_2e02dcf0,0.0,0,57223,86.5
tools,reasoning-bank,eog,teams,1,1,3,task_20260106_003109_589_b5bd4eb9_d0454fa5,1.0,1,233276,84.2
tools,reasoning-bank,eog,teams,1,1,3,task_20260106_104903_639_0154326e_81f6a68a,0.666667,0,174228,135.9
tools,reasoning-bank,eog,teams,1,1,3,task_20260106_112645_853_8e9e30d7_1d4b934c,1.0,1,144701,99.8
tools,reasoning-bank,eog,teams,1,1,3,task_20260106_123222_425_8e9e30d7_7dea421b,0.8,0,115403,106.0
tools,reasoning-bank,eog,teams,1,1,3,task_20260106_155851_715_df0ecdeb_7b4347ef,0.75,0,174628,159.2
tools,reasoning-bank,eog,teams,1,1,3,task_20260107_032952_337_7ebc1127_75b96b98,1.0,1,199815,97.6
tools,reasoning-bank,eog,teams,1,1,3,task_20260108_075149_000_df0ecdeb_ead1b33a,1.0,1,165931,70.6
tools,reasoning-bank,eog,teams,1,1,3,task_20260108_082113_548_df0ecdeb_2725d17f,0.75,0,109306,68.5
tools,reasoning-bank,eog,teams,1,1,3,task_20260108_172650_003_8e9e30d7_a1ff8588,0.272727,0,245068,158.3
tools,reasoning-bank,eog,teams,1,1,3,task_20260108_194921_186_8e9e30d7_a087d6f8,0.444444,0,368938,183.3
tools,reasoning-bank,eog,teams,1,1,3,task_20260109_063128_468_8e9e30d7_e983fafa,0.333333,0,342954,322.7
tools,reasoning-bank,eog,teams,1,1,3,task_20260109_122356_038_0154326e_d224a99d,1.0,1,207391,137.0
tools,reasoning-bank,eog,teams,2,1,1,task_20251121_134729_533_464ee3e0_2dcf2712,0.5,0,138029,78.3
tools,reasoning-bank,eog,teams,2,1,1,task_20251123_232016_480_7ebc1127_7a8d85a7,1.0,1,311534,131.9
tools,reasoning-bank,eog,teams,2,1,1,task_20251125_110309_032_464ee3e0_33f12828,1.0,1,206528,55.8
tools,reasoning-bank,eog,teams,2,1,1,task_20251125_113335_636_7ebc1127_a4ebffe8,0.5,0,368160,183.6
tools,reasoning-bank,eog,teams,2,1,1,task_20251126_054150_897_7ebc1127_60097647,1.0,1,166793,51.2
tools,reasoning-bank,eog,teams,2,1,1,task_20251129_042410_343_df0ecdeb_573538d3,0.8,0,227263,114.1
tools,reasoning-bank,eog,teams,2,1,1,task_20251203_080912_583_df0ecdeb_a3470951,0.9,0,382403,77.8
tools,reasoning-bank,eog,teams,2,1,1,task_20251203_115913_239_b5bd4eb9_2e02dcf0,0.0,0,70318,76.3
tools,reasoning-bank,eog,teams,2,1,1,task_20260106_003109_589_b5bd4eb9_d0454fa5,1.0,1,249532,130.5
tools,reasoning-bank,eog,teams,2,1,1,task_20260106_104903_639_0154326e_81f6a68a,0.666667,0,393341,206.9
tools,reasoning-bank,eog,teams,2,1,1,task_20260106_112645_853_8e9e30d7_1d4b934c,1.0,1,281945,125.6
tools,reasoning-bank,eog,teams,2,1,1,task_20260106_123222_425_8e9e30d7_7dea421b,1.0,1,252214,166.3
tools,reasoning-bank,eog,teams,2,1,1,task_20260106_155851_715_df0ecdeb_7b4347ef,0.75,0,283680,192.8
tools,reasoning-bank,eog,teams,2,1,1,task_20260107_032952_337_7ebc1127_75b96b98,1.0,1,211219,116.9
tools,reasoning-bank,eog,teams,2,1,1,task_20260108_075149_000_df0ecdeb_ead1b33a,1.0,1,204903,83.2
tools,reasoning-bank,eog,teams,2,1,1,task_20260108_082113_548_df0ecdeb_2725d17f,0.75,0,171827,79.0
tools,reasoning-bank,eog,teams,2,1,1,task_20260108_172650_003_8e9e30d7_a1ff8588,0.181818,0,224055,166.6
tools,reasoning-bank,eog,teams,2,1,1,task_20260108_194921_186_8e9e30d7_a087d6f8,0.333333,0,634902,295.9
tools,reasoning-bank,eog,teams,2,1,1,task_20260109_063128_468_8e9e30d7_e983fafa,0.0,0,257108,222.2
tools,reasoning-bank,eog,teams,2,1,1,task_20260109_122356_038_0154326e_d224a99d,0.857143,0,253135,204.1
tools,reasoning-bank,eog,teams,2,1,2,task_20251121_134729_533_464ee3e0_2dcf2712,0.5,0,137960,83.6
tools,reasoning-bank,eog,teams,2,1,2,task_20251123_232016_480_7ebc1127_7a8d85a7,1.0,1,278815,108.9
tools,reasoning-bank,eog,teams,2,1,2,task_20251125_110309_032_464ee3e0_33f12828,0.75,0,205106,77.7
tools,reasoning-bank,eog,teams,2,1,2,task_20251125_113335_636_7ebc1127_a4ebffe8,0.333333,0,252145,126.7
tools,reasoning-bank,eog,teams,2,1,2,task_20251126_054150_897_7ebc1127_60097647,1.0,1,166652,25.0
tools,reasoning-bank,eog,teams,2,1,2,task_20251129_042410_343_df0ecdeb_573538d3,0.8,0,227458,103.2
tools,reasoning-bank,eog,teams,2,1,2,task_20251203_080912_583_df0ecdeb_a3470951,0.9,0,384385,107.1
tools,reasoning-bank,eog,teams,2,1,2,task_20251203_115913_239_b5bd4eb9_2e02dcf0,0.0,0,68480,60.8
tools,reasoning-bank,eog,teams,2,1,2,task_20260106_003109_589_b5bd4eb9_d0454fa5,1.0,1,399484,191.9
tools,reasoning-bank,eog,teams,2,1,2,task_20260106_104903_639_0154326e_81f6a68a,0.666667,0,249483,158.0
tools,reasoning-bank,eog,teams,2,1,2,task_20260106_112645_853_8e9e30d7_1d4b934c,1.0,1,246127,125.6
tools,reasoning-bank,eog,teams,2,1,2,task_20260106_123222_425_8e9e30d7_7dea421b,1.0,1,178311,139.6
tools,reasoning-bank,eog,teams,2,1,2,task_20260106_155851_715_df0ecdeb_7b4347ef,0.75,0,247736,177.8
tools,reasoning-bank,eog,teams,2,1,2,task_20260107_032952_337_7ebc1127_75b96b98,1.0,1,247041,75.3
tools,reasoning-bank,eog,teams,2,1,2,task_20260108_075149_000_df0ecdeb_ead1b33a,1.0,1,239217,71.2
tools,reasoning-bank,eog,teams,2,1,2,task_20260108_082113_548_df0ecdeb_2725d17f,0.75,0,135077,69.5
tools,reasoning-bank,eog,teams,2,1,2,task_20260108_172650_003_8e9e30d7_a1ff8588,0.181818,0,487107,278.6
tools,reasoning-bank,eog,teams,2,1,2,task_20260108_194921_186_8e9e30d7_a087d6f8,0.555556,0,150291,135.4
tools,reasoning-bank,eog,teams,2,1,2,task_20260109_063128_468_8e9e30d7_e983fafa,0.5,0,252278,102.9
tools,reasoning-bank,eog,teams,2,1,2,task_20260109_122356_038_0154326e_d224a99d,0.571429,0,291215,185.3
tools,reasoning-bank,eog,teams,2,1,3,task_20251121_134729_533_464ee3e0_2dcf2712,0.5,0,171380,65.1
tools,reasoning-bank,eog,teams,2,1,3,task_20251123_232016_480_7ebc1127_7a8d85a7,1.0,1,276591,110.9
tools,reasoning-bank,eog,teams,2,1,3,task_20251125_110309_032_464ee3e0_33f12828,1.0,1,205307,51.6
tools,reasoning-bank,eog,teams,2,1,3,task_20251125_113335_636_7ebc1127_a4ebffe8,0.333333,0,369287,225.7
tools,reasoning-bank,eog,teams,2,1,3,task_20251126_054150_897_7ebc1127_60097647,1.0,1,166615,36.3
tools,reasoning-bank,eog,teams,2,1,3,task_20251129_042410_343_df0ecdeb_573538d3,0.8,0,340785,138.3
tools,reasoning-bank,eog,teams,2,1,3,task_20251203_080912_583_df0ecdeb_a3470951,0.9,0,381467,61.9
tools,reasoning-bank,eog,teams,2,1,3,task_20251203_115913_239_b5bd4eb9_2e02dcf0,0.0,0,69959,39.7
tools,reasoning-bank,eog,teams,2,1,3,task_20260106_003109_589_b5bd4eb9_d0454fa5,1.0,1,323490,173.0
tools,reasoning-bank,eog,teams,2,1,3,task_20260106_104903_639_0154326e_81f6a68a,0.5,0,390712,175.4
tools,reasoning-bank,eog,teams,2,1,3,task_20260106_112645_853_8e9e30d7_1d4b934c,1.0,1,213887,145.4
tools,reasoning-bank,eog,teams,2,1,3,task_20260106_123222_425_8e9e30d7_7dea421b,1.0,1,175794,111.5
tools,reasoning-bank,eog,teams,2,1,3,task_20260106_155851_715_df0ecdeb_7b4347ef,1.0,1,210111,121.0
tools,reasoning-bank,eog,teams,2,1,3,task_20260107_032952_337_7ebc1127_75b96b98,1.0,1,285102,98.5
tools,reasoning-bank,eog,teams,2,1,3,task_20260108_075149_000_df0ecdeb_ead1b33a,1.0,1,238723,80.7
tools,reasoning-bank,eog,teams,2,1,3,task_20260108_082113_548_df0ecdeb_2725d17f,0.75,0,135918,69.2
tools,reasoning-bank,eog,teams,2,1,3,task_20260108_172650_003_8e9e30d7_a1ff8588,0.181818,0,563607,200.9
tools,reasoning-bank,eog,teams,2,1,3,task_20260108_194921_186_8e9e30d7_a087d6f8,0.444444,0,410670,213.9
tools,reasoning-bank,eog,teams,2,1,3,task_20260109_063128_468_8e9e30d7_e983fafa,0.5,0,359185,119.8
tools,reasoning-bank,eog,teams,2,1,3,task_20260109_122356_038_0154326e_d224a99d,0.857143,0,287688,159.8
tools,reasoning-bank,eog,teams,2,2,1,task_20251125_115122_370_8e9e30d7_e2700b24,0.875,0,393782,127.2
tools,reasoning-bank,eog,teams,2,2,1,task_20251129_042304_817_df0ecdeb_3df990f2,0.75,0,261943,62.2
tools,reasoning-bank,eog,teams,2,2,1,task_20251204_100825_050_df0ecdeb_c1b28adf,0.875,0,307672,94.5
tools,reasoning-bank,eog,teams,2,2,1,task_20260105_163515_719_8e9e30d7_d86e69de,1.0,1,327971,185.3
tools,reasoning-bank,eog,teams,2,2,1,task_20260105_225106_969_0154326e_fc0d4a7b,1.0,1,212878,86.1
tools,reasoning-bank,eog,teams,2,2,1,task_20260107_044347_094_7ebc1127_4e1fc798,0.8,0,327970,124.7
tools,reasoning-bank,eog,teams,2,2,1,task_20260108_162420_138_df0ecdeb_96950310,1.0,1,173981,106.0
tools,reasoning-bank,eog,teams,2,2,1,task_20260108_174958_137_df0ecdeb_a05f1e14,0.888889,0,276778,58.0
tools,reasoning-bank,eog,teams,2,2,1,task_20260109_060901_602_8e9e30d7_06581f9f,1.0,1,176702,87.0
tools,reasoning-bank,eog,teams,2,2,1,task_20260109_063639_321_8e9e30d7_c31290aa,0.916667,0,459072,217.0
tools,reasoning-bank,eog,teams,2,2,1,task_20260109_155926_434_df0ecdeb_405562a2,0.0,0,335459,204.3
tools,reasoning-bank,eog,teams,2,2,2,task_20251125_115122_370_8e9e30d7_e2700b24,0.75,0,357792,117.8
tools,reasoning-bank,eog,teams,2,2,2,task_20251129_042304_817_df0ecdeb_3df990f2,0.75,0,223888,59.4
tools,reasoning-bank,eog,teams,2,2,2,task_20251204_100825_050_df0ecdeb_c1b28adf,0.875,0,345919,116.0
tools,reasoning-bank,eog,teams,2,2,2,task_20260105_163515_719_8e9e30d7_d86e69de,1.0,1,364775,254.2
tools,reasoning-bank,eog,teams,2,2,2,task_20260105_225106_969_0154326e_fc0d4a7b,1.0,1,214082,100.0
tools,reasoning-bank,eog,teams,2,2,2,task_20260107_044347_094_7ebc1127_4e1fc798,0.8,0,177037,94.3
tools,reasoning-bank,eog,teams,2,2,2,task_20260108_162420_138_df0ecdeb_96950310,1.0,1,136282,73.5
tools,reasoning-bank,eog,teams,2,2,2,task_20260108_174958_137_df0ecdeb_a05f1e14,0.888889,0,242475,64.5
tools,reasoning-bank,eog,teams,2,2,2,task_20260109_060901_602_8e9e30d7_06581f9f,1.0,1,142972,105.9
tools,reasoning-bank,eog,teams,2,2,2,task_20260109_063639_321_8e9e30d7_c31290aa,1.0,1,580140,442.9
tools,reasoning-bank,eog,teams,2,2,2,task_20260109_155926_434_df0ecdeb_405562a2,0.0,0,590292,189.7
tools,reasoning-bank,eog,teams,2,2,3,task_20251125_115122_370_8e9e30d7_e2700b24,0.875,0,291282,175.2
tools,reasoning-bank,eog,teams,2,2,3,task_20251129_042304_817_df0ecdeb_3df990f2,0.75,0,225137,66.2
tools,reasoning-bank,eog,teams,2,2,3,task_20251204_100825_050_df0ecdeb_c1b28adf,0.875,0,310549,119.2
tools,reasoning-bank,eog,teams,2,2,3,task_20260105_163515_719_8e9e30d7_d86e69de,1.0,1,329444,215.6
tools,reasoning-bank,eog,teams,2,2,3,task_20260105_225106_969_0154326e_fc0d4a7b,1.0,1,211148,68.1
tools,reasoning-bank,eog,teams,2,2,3,task_20260107_044347_094_7ebc1127_4e1fc798,1.0,1,287604,101.0
tools,reasoning-bank,eog,teams,2,2,3,task_20260108_162420_138_df0ecdeb_96950310,1.0,1,174751,108.4
tools,reasoning-bank,eog,teams,2,2,3,task_20260108_174958_137_df0ecdeb_a05f1e14,0.888889,0,275057,51.8
tools,reasoning-bank,eog,teams,2,2,3,task_20260109_060901_602_8e9e30d7_06581f9f,1.0,1,141115,82.4
tools,reasoning-bank,eog,teams,2,2,3,task_20260109_063639_321_8e9e30d7_c31290aa,0.916667,0,388246,331.3
tools,reasoning-bank,eog,teams,2,2,3,task_20260109_155926_434_df0ecdeb_405562a2,0.0,0,431374,438.8
tools,reasoning-bank,eog,teams,3,1,1,task_20251121_134729_533_464ee3e0_2dcf2712,0.5,0,166892,69.6
tools,reasoning-bank,eog,teams,3,1,1,task_20251123_232016_480_7ebc1127_7a8d85a7,1.0,1,331777,142.3
tools,reasoning-bank,eog,teams,3,1,1,task_20251125_110309_032_464ee3e0_33f12828,0.75,0,248580,71.7
tools,reasoning-bank,eog,teams,3,1,1,task_20251125_113335_636_7ebc1127_a4ebffe8,0.5,0,390263,178.7
tools,reasoning-bank,eog,teams,3,1,1,task_20251126_054150_897_7ebc1127_60097647,1.0,1,203988,106.2
tools,reasoning-bank,eog,teams,3,1,1,task_20251129_042410_343_df0ecdeb_573538d3,0.8,0,267848,114.5
tools,reasoning-bank,eog,teams,3,1,1,task_20251203_080912_583_df0ecdeb_a3470951,0.9,0,493342,111.8
tools,reasoning-bank,eog,teams,3,1,1,task_20251203_115913_239_b5bd4eb9_2e02dcf0,0.0,0,84091,110.2
tools,reasoning-bank,eog,teams,3,1,1,task_20260106_003109_589_b5bd4eb9_d0454fa5,1.0,1,339889,130.1
tools,reasoning-bank,eog,teams,3,1,1,task_20260106_104903_639_0154326e_81f6a68a,0.5,0,379512,163.1
tools,reasoning-bank,eog,teams,3,1,1,task_20260106_112645_853_8e9e30d7_1d4b934c,1.0,1,254615,143.0
tools,reasoning-bank,eog,teams,3,1,1,task_20260106_123222_425_8e9e30d7_7dea421b,1.0,1,207271,99.3
tools,reasoning-bank,eog,teams,3,1,1,task_20260106_155851_715_df0ecdeb_7b4347ef,0.75,0,335928,168.2
tools,reasoning-bank,eog,teams,3,1,1,task_20260107_032952_337_7ebc1127_75b96b98,1.0,1,250649,61.3
tools,reasoning-bank,eog,teams,3,1,1,task_20260108_075149_000_df0ecdeb_ead1b33a,1.0,1,246818,126.1
tools,reasoning-bank,eog,teams,3,1,1,task_20260108_082113_548_df0ecdeb_2725d17f,0.75,0,204184,63.0
tools,reasoning-bank,eog,teams,3,1,1,task_20260108_172650_003_8e9e30d7_a1ff8588,0.181818,0,714731,257.0
tools,reasoning-bank,eog,teams,3,1,1,task_20260108_194921_186_8e9e30d7_a087d6f8,0.555556,0,521662,199.6
tools,reasoning-bank,eog,teams,3,1,1,task_20260109_063128_468_8e9e30d7_e983fafa,0.5,0,523920,258.0
tools,reasoning-bank,eog,teams,3,1,1,task_20260109_122356_038_0154326e_d224a99d,1.0,1,340904,166.3
tools,reasoning-bank,eog,teams,3,1,2,task_20251121_134729_533_464ee3e0_2dcf2712,0.5,0,206163,69.5
tools,reasoning-bank,eog,teams,3,1,2,task_20251123_232016_480_7ebc1127_7a8d85a7,1.0,1,369763,99.6
tools,reasoning-bank,eog,teams,3,1,2,task_20251125_110309_032_464ee3e0_33f12828,0.75,0,246606,76.8
tools,reasoning-bank,eog,teams,3,1,2,task_20251125_113335_636_7ebc1127_a4ebffe8,0.5,0,341043,174.6
tools,reasoning-bank,eog,teams,3,1,2,task_20251126_054150_897_7ebc1127_60097647,1.0,1,202643,63.4
tools,reasoning-bank,eog,teams,3,1,2,task_20251129_042410_343_df0ecdeb_573538d3,0.8,0,310027,114.5
tools,reasoning-bank,eog,teams,3,1,2,task_20251203_080912_583_df0ecdeb_a3470951,0.9,0,450396,113.7
tools,reasoning-bank,eog,teams,3,1,2,task_20251203_115913_239_b5bd4eb9_2e02dcf0,0.0,0,82511,64.1
tools,reasoning-bank,eog,teams,3,1,2,task_20260106_003109_589_b5bd4eb9_d0454fa5,1.0,1,340196,140.4
tools,reasoning-bank,eog,teams,3,1,2,task_20260106_104903_639_0154326e_81f6a68a,0.5,0,376337,139.3
tools,reasoning-bank,eog,teams,3,1,2,task_20260106_112645_853_8e9e30d7_1d4b934c,1.0,1,251780,133.5
tools,reasoning-bank,eog,teams,3,1,2,task_20260106_123222_425_8e9e30d7_7dea421b,1.0,1,336322,140.9
tools,reasoning-bank,eog,teams,3,1,2,task_20260106_155851_715_df0ecdeb_7b4347ef,1.0,1,340969,207.5
tools,reasoning-bank,eog,teams,3,1,2,task_20260107_032952_337_7ebc1127_75b96b98,1.0,1,250980,71.8
tools,reasoning-bank,eog,teams,3,1,2,task_20260108_075149_000_df0ecdeb_ead1b33a,1.0,1,245774,105.1
tools,reasoning-bank,eog,teams,3,1,2,task_20260108_082113_548_df0ecdeb_2725d17f,0.75,0,206133,91.8
tools,reasoning-bank,eog,teams,3,1,2,task_20260108_172650_003_8e9e30d7_a1ff8588,0.181818,0,393727,212.8
tools,reasoning-bank,eog,teams,3,1,2,task_20260108_194921_186_8e9e30d7_a087d6f8,0.444444,0,610280,213.2
tools,reasoning-bank,eog,teams,3,1,2,task_20260109_063128_468_8e9e30d7_e983fafa,0.5,0,384680,150.7
tools,reasoning-bank,eog,teams,3,1,2,task_20260109_122356_038_0154326e_d224a99d,0.571429,0,387571,190.7
tools,reasoning-bank,eog,teams,3,1,3,task_20251121_134729_533_464ee3e0_2dcf2712,0.5,0,162565,68.7
tools,reasoning-bank,eog,teams,3,1,3,task_20251123_232016_480_7ebc1127_7a8d85a7,1.0,1,331492,99.9
tools,reasoning-bank,eog,teams,3,1,3,task_20251125_110309_032_464ee3e0_33f12828,0.75,0,246201,108.4
tools,reasoning-bank,eog,teams,3,1,3,task_20251125_113335_636_7ebc1127_a4ebffe8,0.5,0,521782,247.4
tools,reasoning-bank,eog,teams,3,1,3,task_20251126_054150_897_7ebc1127_60097647,1.0,1,201595,55.5
tools,reasoning-bank,eog,teams,3,1,3,task_20251129_042410_343_df0ecdeb_573538d3,0.8,0,267601,156.5
tools,reasoning-bank,eog,teams,3,1,3,task_20251203_080912_583_df0ecdeb_a3470951,0.9,0,321399,157.1
tools,reasoning-bank,eog,teams,3,1,3,task_20251203_115913_239_b5bd4eb9_2e02dcf0,0.0,0,84149,67.7
tools,reasoning-bank,eog,teams,3,1,3,task_20260106_003109_589_b5bd4eb9_d0454fa5,1.0,1,379802,133.1
tools,reasoning-bank,eog,teams,3,1,3,task_20260106_104903_639_0154326e_81f6a68a,0.666667,0,424374,227.1
tools,reasoning-bank,eog,teams,3,1,3,task_20260106_112645_853_8e9e30d7_1d4b934c,1.0,1,254326,112.2
tools,reasoning-bank,eog,teams,3,1,3,task_20260106_123222_425_8e9e30d7_7dea421b,1.0,1,206759,70.9
tools,reasoning-bank,eog,teams,3,1,3,task_20260106_155851_715_df0ecdeb_7b4347ef,1.0,1,337573,165.7
tools,reasoning-bank,eog,teams,3,1,3,task_20260107_032952_337_7ebc1127_75b96b98,1.0,1,296315,126.6
tools,reasoning-bank,eog,teams,3,1,3,task_20260108_075149_000_df0ecdeb_ead1b33a,1.0,1,245298,56.7
tools,reasoning-bank,eog,teams,3,1,3,task_20260108_082113_548_df0ecdeb_2725d17f,0.75,0,205161,46.9
tools,reasoning-bank,eog,teams,3,1,3,task_20260108_172650_003_8e9e30d7_a1ff8588,0.272727,0,568505,229.9
tools,reasoning-bank,eog,teams,3,1,3,task_20260108_194921_186_8e9e30d7_a087d6f8,0.444444,0,705962,376.7
tools,reasoning-bank,eog,teams,3,1,3,task_20260109_063128_468_8e9e30d7_e983fafa,0.5,0,344801,112.1
tools,reasoning-bank,eog,teams,3,1,3,task_20260109_122356_038_0154326e_d224a99d,0.714286,0,438136,268.2
tools,reasoning-bank,eog,teams,3,2,1,task_20251125_115122_370_8e9e30d7_e2700b24,0.875,0,470160,182.4
tools,reasoning-bank,eog,teams,3,2,1,task_20251129_042304_817_df0ecdeb_3df990f2,0.75,0,309675,54.7
tools,reasoning-bank,eog,teams,3,2,1,task_20251204_100825_050_df0ecdeb_c1b28adf,0.875,0,409831,137.1
tools,reasoning-bank,eog,teams,3,2,1,task_20260105_163515_719_8e9e30d7_d86e69de,1.0,1,475209,254.9
tools,reasoning-bank,eog,teams,3,2,1,task_20260105_225106_969_0154326e_fc0d4a7b,1.0,1,252391,98.1
tools,reasoning-bank,eog,teams,3,2,1,task_20260107_044347_094_7ebc1127_4e1fc798,0.6,0,347150,159.8
tools,reasoning-bank,eog,teams,3,2,1,task_20260108_162420_138_df0ecdeb_96950310,1.0,1,207294,116.1
tools,reasoning-bank,eog,teams,3,2,1,task_20260108_174958_137_df0ecdeb_a05f1e14,0.888889,0,330359,67.7
tools,reasoning-bank,eog,teams,3,2,1,task_20260109_060901_602_8e9e30d7_06581f9f,1.0,1,215058,153.3
tools,reasoning-bank,eog,teams,3,2,1,task_20260109_063639_321_8e9e30d7_c31290aa,0.833333,0,461724,249.0
tools,reasoning-bank,eog,teams,3,2,1,task_20260109_155926_434_df0ecdeb_405562a2,0.0,0,704782,336.9
tools,reasoning-bank,eog,teams,3,2,2,task_20251125_115122_370_8e9e30d7_e2700b24,0.875,0,429175,155.4
tools,reasoning-bank,eog,teams,3,2,2,task_20251129_042304_817_df0ecdeb_3df990f2,0.75,0,309549,69.6
tools,reasoning-bank,eog,teams,3,2,2,task_20251204_100825_050_df0ecdeb_c1b28adf,0.875,0,313916,98.7
tools,reasoning-bank,eog,teams,3,2,2,task_20260105_163515_719_8e9e30d7_d86e69de,1.0,1,390743,206.5
tools,reasoning-bank,eog,teams,3,2,2,task_20260105_225106_969_0154326e_fc0d4a7b,1.0,1,218326,131.8
tools,reasoning-bank,eog,teams,3,2,2,task_20260107_044347_094_7ebc1127_4e1fc798,1.0,1,302207,124.5
tools,reasoning-bank,eog,teams,3,2,2,task_20260108_162420_138_df0ecdeb_96950310,0.5,0,170534,159.9
tools,reasoning-bank,eog,teams,3,2,2,task_20260108_174958_137_df0ecdeb_a05f1e14,0.888889,0,329736,83.5
tools,reasoning-bank,eog,teams,3,2,2,task_20260109_060901_602_8e9e30d7_06581f9f,1.0,1,211531,92.3
tools,reasoning-bank,eog,teams,3,2,2,task_20260109_063639_321_8e9e30d7_c31290aa,0.916667,0,445993,209.3
tools,reasoning-bank,eog,teams,3,2,2,task_20260109_155926_434_df0ecdeb_405562a2,0.0,0,536496,299.6
tools,reasoning-bank,eog,teams,3,2,3,task_20251125_115122_370_8e9e30d7_e2700b24,0.875,0,509951,133.7
tools,reasoning-bank,eog,teams,3,2,3,task_20251129_042304_817_df0ecdeb_3df990f2,0.75,0,308778,51.1
tools,reasoning-bank,eog,teams,3,2,3,task_20251204_100825_050_df0ecdeb_c1b28adf,0.875,0,404524,59.0
tools,reasoning-bank,eog,teams,3,2,3,task_20260105_163515_719_8e9e30d7_d86e69de,1.0,1,474676,206.1
tools,reasoning-bank,eog,teams,3,2,3,task_20260105_225106_969_0154326e_fc0d4a7b,1.0,1,251794,97.8
tools,reasoning-bank,eog,teams,3,2,3,task_20260107_044347_094_7ebc1127_4e1fc798,1.0,1,256525,84.5
tools,reasoning-bank,eog,teams,3,2,3,task_20260108_162420_138_df0ecdeb_96950310,1.0,1,164715,64.8
tools,reasoning-bank,eog,teams,3,2,3,task_20260108_174958_137_df0ecdeb_a05f1e14,0.888889,0,329920,56.3
tools,reasoning-bank,eog,teams,3,2,3,task_20260109_060901_602_8e9e30d7_06581f9f,1.0,1,210742,94.2
tools,reasoning-bank,eog,teams,3,2,3,task_20260109_063639_321_8e9e30d7_c31290aa,0.916667,0,490384,230.8
tools,reasoning-bank,eog,teams,3,2,3,task_20260109_155926_434_df0ecdeb_405562a2,0.0,0,449296,225.0
tools,reasoning-bank,eog,teams,3,3,1,task_20251126_070103_077_501bbb2c_7c7c4ea6,1.0,1,204904,38.6
tools,reasoning-bank,eog,teams,3,3,1,task_20251202_174228_665_df0ecdeb_e84a9e55,0.888889,0,446631,111.5
tools,reasoning-bank,eog,teams,3,3,1,task_20251205_134123_742_b5bd4eb9_003270a9,1.0,1,256336,70.3
tools,reasoning-bank,eog,teams,3,3,1,task_20251205_192805_864_464ee3e0_91f2c02f,0.777778,0,615208,154.6
tools,reasoning-bank,eog,teams,3,3,1,task_20251205_210412_800_0154326e_3caf7df7,0.75,0,480966,284.8
tools,reasoning-bank,eog,teams,3,3,1,task_20260106_143232_971_0154326e_0af4275b,1.0,1,173155,87.7
tools,reasoning-bank,eog,teams,3,3,2,task_20251126_070103_077_501bbb2c_7c7c4ea6,1.0,1,246075,47.3
tools,reasoning-bank,eog,teams,3,3,2,task_20251202_174228_665_df0ecdeb_e84a9e55,0.888889,0,356226,75.3
tools,reasoning-bank,eog,teams,3,3,2,task_20251205_134123_742_b5bd4eb9_003270a9,1.0,1,340023,101.1
tools,reasoning-bank,eog,teams,3,3,2,task_20251205_192805_864_464ee3e0_91f2c02f,0.666667,0,580315,146.7
tools,reasoning-bank,eog,teams,3,3,2,task_20251205_210412_800_0154326e_3caf7df7,0.75,0,436942,214.5
tools,reasoning-bank,eog,teams,3,3,2,task_20260106_143232_971_0154326e_0af4275b,1.0,1,513787,154.2
tools,reasoning-bank,eog,teams,3,3,3,task_20251126_070103_077_501bbb2c_7c7c4ea6,1.0,1,206176,51.2
tools,reasoning-bank,eog,teams,3,3,3,task_20251202_174228_665_df0ecdeb_e84a9e55,0.888889,0,400366,76.3
tools,reasoning-bank,eog,teams,3,3,3,task_20251205_134123_742_b5bd4eb9_003270a9,1.0,1,338964,82.5
tools,reasoning-bank,eog,teams,3,3,3,task_20251205_192805_864_464ee3e0_91f2c02f,0.777778,0,772905,221.2
tools,reasoning-bank,eog,teams,3,3,3,task_20251205_210412_800_0154326e_3caf7df7,0.75,0,348586,166.6
tools,reasoning-bank,eog,teams,3,3,3,task_20260106_143232_971_0154326e_0af4275b,1.0,1,343774,131.4
tools,reasoning-bank,eog,teams,4,1,1,task_20251121_134729_533_464ee3e0_2dcf2712,1.0,1,185985,57.6
tools,reasoning-bank,eog,teams,4,1,1,task_20251123_232016_480_7ebc1127_7a8d85a7,1.0,1,418464,119.1
tools,reasoning-bank,eog,teams,4,1,1,task_20251125_110309_032_464ee3e0_33f12828,1.0,1,322835,78.3
tools,reasoning-bank,eog,teams,4,1,1,task_20251125_113335_636_7ebc1127_a4ebffe8,0.5,0,338792,173.8
tools,reasoning-bank,eog,teams,4,1,1,task_20251126_054150_897_7ebc1127_60097647,1.0,1,226147,71.9
tools,reasoning-bank,eog,teams,4,1,1,task_20251129_042410_343_df0ecdeb_573538d3,0.8,0,296550,97.9
tools,reasoning-bank,eog,teams,4,1,1,task_20251203_080912_583_df0ecdeb_a3470951,0.9,0,500191,70.1
tools,reasoning-bank,eog,teams,4,1,1,task_20251203_115913_239_b5bd4eb9_2e02dcf0,0.0,0,92107,33.9
tools,reasoning-bank,eog,teams,4,1,1,task_20260106_003109_589_b5bd4eb9_d0454fa5,1.0,1,427109,119.5
tools,reasoning-bank,eog,teams,4,1,1,task_20260106_104903_639_0154326e_81f6a68a,0.5,0,428411,182.9
tools,reasoning-bank,eog,teams,4,1,1,task_20260106_112645_853_8e9e30d7_1d4b934c,1.0,1,376237,123.6
tools,reasoning-bank,eog,teams,4,1,1,task_20260106_123222_425_8e9e30d7_7dea421b,1.0,1,282842,161.6
tools,reasoning-bank,eog,teams,4,1,1,task_20260106_155851_715_df0ecdeb_7b4347ef,0.75,0,333009,221.9
tools,reasoning-bank,eog,teams,4,1,1,task_20260107_032952_337_7ebc1127_75b96b98,1.0,1,423471,147.3
tools,reasoning-bank,eog,teams,4,1,1,task_20260108_075149_000_df0ecdeb_ead1b33a,1.0,1,274857,73.2
tools,reasoning-bank,eog,teams,4,1,1,task_20260108_082113_548_df0ecdeb_2725d17f,0.75,0,228846,90.5
tools,reasoning-bank,eog,teams,4,1,1,task_20260108_172650_003_8e9e30d7_a1ff8588,0.181818,0,682619,222.4
tools,reasoning-bank,eog,teams,4,1,1,task_20260108_194921_186_8e9e30d7_a087d6f8,0.333333,0,581459,162.0
tools,reasoning-bank,eog,teams,4,1,1,task_20260109_063128_468_8e9e30d7_e983fafa,0.5,0,430604,162.9
tools,reasoning-bank,eog,teams,4,1,1,task_20260109_122356_038_0154326e_d224a99d,1.0,1,284972,119.6
tools,reasoning-bank,eog,teams,4,1,2,task_20251121_134729_533_464ee3e0_2dcf2712,1.0,1,231529,99.4
tools,reasoning-bank,eog,teams,4,1,2,task_20251123_232016_480_7ebc1127_7a8d85a7,1.0,1,371205,106.1
tools,reasoning-bank,eog,teams,4,1,2,task_20251125_110309_032_464ee3e0_33f12828,1.0,1,276732,56.3
tools,reasoning-bank,eog,teams,4,1,2,task_20251125_113335_636_7ebc1127_a4ebffe8,0.5,0,383713,190.0
tools,reasoning-bank,eog,teams,4,1,2,task_20251126_054150_897_7ebc1127_60097647,1.0,1,227626,79.9
tools,reasoning-bank,eog,teams,4,1,2,task_20251129_042410_343_df0ecdeb_573538d3,0.8,0,300028,123.3
tools,reasoning-bank,eog,teams,4,1,2,task_20251203_080912_583_df0ecdeb_a3470951,0.9,0,501392,106.8
tools,reasoning-bank,eog,teams,4,1,2,task_20251203_115913_239_b5bd4eb9_2e02dcf0,0.0,0,92968,68.5
tools,reasoning-bank,eog,teams,4,1,2,task_20260106_003109_589_b5bd4eb9_d0454fa5,1.0,1,380870,168.8
tools,reasoning-bank,eog,teams,4,1,2,task_20260106_104903_639_0154326e_81f6a68a,0.666667,0,477575,214.2
tools,reasoning-bank,eog,teams,4,1,2,task_20260106_112645_853_8e9e30d7_1d4b934c,1.0,1,282261,129.3
tools,reasoning-bank,eog,teams,4,1,2,task_20260106_123222_425_8e9e30d7_7dea421b,1.0,1,235014,128.6
tools,reasoning-bank,eog,teams,4,1,2,task_20260106_155851_715_df0ecdeb_7b4347ef,0.75,0,331494,213.0
tools,reasoning-bank,eog,teams,4,1,2,task_20260107_032952_337_7ebc1127_75b96b98,1.0,1,328544,143.9
tools,reasoning-bank,eog,teams,4,1,2,task_20260108_075149_000_df0ecdeb_ead1b33a,1.0,1,275628,101.5
tools,reasoning-bank,eog,teams,4,1,2,task_20260108_082113_548_df0ecdeb_2725d17f,0.75,0,228984,115.7
tools,reasoning-bank,eog,teams,4,1,2,task_20260108_172650_003_8e9e30d7_a1ff8588,0.181818,0,632230,191.4
tools,reasoning-bank,eog,teams,4,1,2,task_20260108_194921_186_8e9e30d7_a087d6f8,0.444444,0,829966,271.6
tools,reasoning-bank,eog,teams,4,1,2,task_20260109_063128_468_8e9e30d7_e983fafa,0.166667,0,433254,188.9
tools,reasoning-bank,eog,teams,4,1,2,task_20260109_122356_038_0154326e_d224a99d,1.0,1,333464,140.0
tools,reasoning-bank,eog,teams,4,1,3,task_20251121_134729_533_464ee3e0_2dcf2712,1.0,1,232501,84.9
tools,reasoning-bank,eog,teams,4,1,3,task_20251123_232016_480_7ebc1127_7a8d85a7,1.0,1,371597,123.0
tools,reasoning-bank,eog,teams,4,1,3,task_20251125_110309_032_464ee3e0_33f12828,0.75,0,278629,111.7
tools,reasoning-bank,eog,teams,4,1,3,task_20251125_113335_636_7ebc1127_a4ebffe8,0.5,0,335249,136.2
tools,reasoning-bank,eog,teams,4,1,3,task_20251126_054150_897_7ebc1127_60097647,1.0,1,226859,41.4
tools,reasoning-bank,eog,teams,4,1,3,task_20251129_042410_343_df0ecdeb_573538d3,0.8,0,297049,106.0
tools,reasoning-bank,eog,teams,4,1,3,task_20251203_080912_583_df0ecdeb_a3470951,0.9,0,549660,125.2
tools,reasoning-bank,eog,teams,4,1,3,task_20251203_115913_239_b5bd4eb9_2e02dcf0,0.0,0,93553,66.0
tools,reasoning-bank,eog,teams,4,1,3,task_20260106_003109_589_b5bd4eb9_d0454fa5,1.0,1,427323,158.4
tools,reasoning-bank,eog,teams,4,1,3,task_20260106_104903_639_0154326e_81f6a68a,0.666667,0,481776,138.6
tools,reasoning-bank,eog,teams,4,1,3,task_20260106_112645_853_8e9e30d7_1d4b934c,1.0,1,282982,109.0
tools,reasoning-bank,eog,teams,4,1,3,task_20260106_123222_425_8e9e30d7_7dea421b,1.0,1,238004,153.3
tools,reasoning-bank,eog,teams,4,1,3,task_20260106_155851_715_df0ecdeb_7b4347ef,0.75,0,281955,133.8
tools,reasoning-bank,eog,teams,4,1,3,task_20260107_032952_337_7ebc1127_75b96b98,1.0,1,284148,133.7
tools,reasoning-bank,eog,teams,4,1,3,task_20260108_075149_000_df0ecdeb_ead1b33a,1.0,1,321540,110.1
tools,reasoning-bank,eog,teams,4,1,3,task_20260108_082113_548_df0ecdeb_2725d17f,0.75,0,229394,96.0
tools,reasoning-bank,eog,teams,4,1,3,task_20260108_172650_003_8e9e30d7_a1ff8588,0.272727,0,899951,329.8
tools,reasoning-bank,eog,teams,4,1,3,task_20260108_194921_186_8e9e30d7_a087d6f8,0.333333,0,690610,191.7
tools,reasoning-bank,eog,teams,4,1,3,task_20260109_063128_468_8e9e30d7_e983fafa,0.0,0,435107,210.1
tools,reasoning-bank,eog,teams,4,1,3,task_20260109_122356_038_0154326e_d224a99d,1.0,1,281383,125.9
tools,reasoning-bank,eog,teams,4,2,1,task_20251125_115122_370_8e9e30d7_e2700b24,0.875,0,570777,151.3
tools,reasoning-bank,eog,teams,4,2,1,task_20251129_042304_817_df0ecdeb_3df990f2,0.75,0,348358,89.2
tools,reasoning-bank,eog,teams,4,2,1,task_20251204_100825_050_df0ecdeb_c1b28adf,0.875,0,452035,116.7
tools,reasoning-bank,eog,teams,4,2,1,task_20260105_163515_719_8e9e30d7_d86e69de,1.0,1,483321,255.8
tools,reasoning-bank,eog,teams,4,2,1,task_20260105_225106_969_0154326e_fc0d4a7b,1.0,1,327763,89.4
tools,reasoning-bank,eog,teams,4,2,1,task_20260107_044347_094_7ebc1127_4e1fc798,1.0,1,478804,178.9
tools,reasoning-bank,eog,teams,4,2,1,task_20260108_162420_138_df0ecdeb_96950310,1.0,1,229312,62.2
tools,reasoning-bank,eog,teams,4,2,1,task_20260108_174958_137_df0ecdeb_a05f1e14,0.888889,0,371266,88.2
tools,reasoning-bank,eog,teams,4,2,1,task_20260109_060901_602_8e9e30d7_06581f9f,1.0,1,281838,103.9
tools,reasoning-bank,eog,teams,4,2,1,task_20260109_063639_321_8e9e30d7_c31290aa,0.916667,0,798447,308.8
tools,reasoning-bank,eog,teams,4,2,1,task_20260109_155926_434_df0ecdeb_405562a2,0.0,0,746070,371.2
tools,reasoning-bank,eog,teams,4,2,2,task_20251125_115122_370_8e9e30d7_e2700b24,0.75,0,439731,196.7
tools,reasoning-bank,eog,teams,4,2,2,task_20251129_042304_817_df0ecdeb_3df990f2,0.75,0,345662,66.4
tools,reasoning-bank,eog,teams,4,2,2,task_20251204_100825_050_df0ecdeb_c1b28adf,0.875,0,451114,86.7
tools,reasoning-bank,eog,teams,4,2,2,task_20260105_163515_719_8e9e30d7_d86e69de,0.0,0,96261,83.7
tools,reasoning-bank,eog,teams,4,2,2,task_20260105_225106_969_0154326e_fc0d4a7b,1.0,1,282091,89.2
tools,reasoning-bank,eog,teams,4,2,2,task_20260107_044347_094_7ebc1127_4e1fc798,1.0,1,381484,124.4
tools,reasoning-bank,eog,teams,4,2,2,task_20260108_162420_138_df0ecdeb_96950310,1.0,1,233280,106.5
tools,reasoning-bank,eog,teams,4,2,2,task_20260108_174958_137_df0ecdeb_a05f1e14,0.888889,0,371506,92.6
tools,reasoning-bank,eog,teams,4,2,2,task_20260109_060901_602_8e9e30d7_06581f9f,1.0,1,187211,67.3
tools,reasoning-bank,eog,teams,4,2,2,task_20260109_063639_321_8e9e30d7_c31290aa,0.916667,0,639829,236.1
tools,reasoning-bank,eog,teams,4,2,2,task_20260109_155926_434_df0ecdeb_405562a2,0.0,0,835537,335.6
tools,reasoning-bank,eog,teams,4,2,3,task_20251125_115122_370_8e9e30d7_e2700b24,0.875,0,336242,139.5
tools,reasoning-bank,eog,teams,4,2,3,task_20251129_042304_817_df0ecdeb_3df990f2,0.75,0,344928,75.3
tools,reasoning-bank,eog,teams,4,2,3,task_20251204_100825_050_df0ecdeb_c1b28adf,0.875,0,450204,91.9
tools,reasoning-bank,eog,teams,4,2,3,task_20260105_163515_719_8e9e30d7_d86e69de,1.0,1,529888,229.2
tools,reasoning-bank,eog,teams,4,2,3,task_20260105_225106_969_0154326e_fc0d4a7b,1.0,1,281696,75.8
tools,reasoning-bank,eog,teams,4,2,3,task_20260107_044347_094_7ebc1127_4e1fc798,0.6,0,390745,159.7
tools,reasoning-bank,eog,teams,4,2,3,task_20260108_162420_138_df0ecdeb_96950310,0.0,0,93129,50.4
tools,reasoning-bank,eog,teams,4,2,3,task_20260108_174958_137_df0ecdeb_a05f1e14,0.888889,0,373312,105.6
tools,reasoning-bank,eog,teams,4,2,3,task_20260109_060901_602_8e9e30d7_06581f9f,1.0,1,276685,74.3
tools,reasoning-bank,eog,teams,4,2,3,task_20260109_063639_321_8e9e30d7_c31290aa,0.916667,0,734415,247.7
tools,reasoning-bank,eog,teams,4,2,3,task_20260109_155926_434_df0ecdeb_405562a2,0.0,0,353978,217.9
tools,reasoning-bank,eog,teams,4,3,1,task_20251126_070103_077_501bbb2c_7c7c4ea6,1.0,1,231068,56.4
tools,reasoning-bank,eog,teams,4,3,1,task_20251202_174228_665_df0ecdeb_e84a9e55,0.888889,0,496593,105.9
tools,reasoning-bank,eog,teams,4,3,1,task_20251205_134123_742_b5bd4eb9_003270a9,1.0,1,285397,71.8
tools,reasoning-bank,eog,teams,4,3,1,task_20251205_192805_864_464ee3e0_91f2c02f,0.777778,0,846324,183.4
tools,reasoning-bank,eog,teams,4,3,1,task_20251205_210412_800_0154326e_3caf7df7,0.75,0,340356,152.1
tools,reasoning-bank,eog,teams,4,3,1,task_20260106_143232_971_0154326e_0af4275b,1.0,1,242949,139.7
tools,reasoning-bank,eog,teams,4,3,2,task_20251126_070103_077_501bbb2c_7c7c4ea6,1.0,1,230850,51.6
tools,reasoning-bank,eog,teams,4,3,2,task_20251202_174228_665_df0ecdeb_e84a9e55,0.888889,0,445875,79.8
tools,reasoning-bank,eog,teams,4,3,2,task_20251205_134123_742_b5bd4eb9_003270a9,1.0,1,434414,118.4
tools,reasoning-bank,eog,teams,4,3,2,task_20251205_192805_864_464ee3e0_91f2c02f,0.777778,0,791803,152.2
tools,reasoning-bank,eog,teams,4,3,2,task_20251205_210412_800_0154326e_3caf7df7,0.75,0,530359,198.6
tools,reasoning-bank,eog,teams,4,3,2,task_20260106_143232_971_0154326e_0af4275b,0.833333,0,474703,87.1
tools,reasoning-bank,eog,teams,4,3,3,task_20251126_070103_077_501bbb2c_7c7c4ea6,1.0,1,276179,50.7
tools,reasoning-bank,eog,teams,4,3,3,task_20251202_174228_665_df0ecdeb_e84a9e55,0.888889,0,546219,129.9
tools,reasoning-bank,eog,teams,4,3,3,task_20251205_134123_742_b5bd4eb9_003270a9,1.0,1,471818,111.5
tools,reasoning-bank,eog,teams,4,3,3,task_20251205_192805_864_464ee3e0_91f2c02f,0.555556,0,642795,130.4
tools,reasoning-bank,eog,teams,4,3,3,task_20251205_210412_800_0154326e_3caf7df7,1.0,1,724019,216.9
tools,reasoning-bank,eog,teams,4,3,3,task_20260106_143232_971_0154326e_0af4275b,1.0,1,432251,133.9
tools,reasoning-bank,eog,teams,4,4,1,task_20251126_055301_905_8e9e30d7_6aab00b8,1.0,1,511001,139.4
tools,reasoning-bank,eog,teams,4,4,1,task_20251128_120055_076_8e9e30d7_e5dcfa22,0.75,0,579214,182.4
tools,reasoning-bank,eog,teams,4,4,1,task_20251128_200856_738_0154326e_752f99ad,0.875,0,522711,101.2
tools,reasoning-bank,eog,teams,4,4,1,task_20260106_040225_149_7ebc1127_e9ac645c,1.0,1,232972,82.2
tools,reasoning-bank,eog,teams,4,4,1,task_20260107_111155_131_0154326e_96e0246b,0.888889,0,485237,187.4
tools,reasoning-bank,eog,teams,4,4,1,task_20260109_004703_994_7ebc1127_6f97f3e9,0.714286,0,631912,234.5
tools,reasoning-bank,eog,teams,4,4,2,task_20251126_055301_905_8e9e30d7_6aab00b8,1.0,1,374543,92.5
tools,reasoning-bank,eog,teams,4,4,2,task_20251128_120055_076_8e9e30d7_e5dcfa22,0.75,0,571856,145.9
tools,reasoning-bank,eog,teams,4,4,2,task_20251128_200856_738_0154326e_752f99ad,0.875,0,521294,75.5
tools,reasoning-bank,eog,teams,4,4,2,task_20260106_040225_149_7ebc1127_e9ac645c,1.0,1,280635,79.8
tools,reasoning-bank,eog,teams,4,4,2,task_20260107_111155_131_0154326e_96e0246b,0.888889,0,532814,176.5
tools,reasoning-bank,eog,teams,4,4,2,task_20260109_004703_994_7ebc1127_6f97f3e9,0.571429,0,635282,279.6
tools,reasoning-bank,eog,teams,4,4,3,task_20251126_055301_905_8e9e30d7_6aab00b8,1.0,1,420528,104.3
tools,reasoning-bank,eog,teams,4,4,3,task_20251128_120055_076_8e9e30d7_e5dcfa22,0.375,0,390801,300.6
tools,reasoning-bank,eog,teams,4,4,3,task_20251128_200856_738_0154326e_752f99ad,0.875,0,570092,117.8
tools,reasoning-bank,eog,teams,4,4,3,task_20260106_040225_149_7ebc1127_e9ac645c,0.75,0,282686,101.1
tools,reasoning-bank,eog,teams,4,4,3,task_20260107_111155_131_0154326e_96e0246b,0.888889,0,294637,123.1
tools,reasoning-bank,eog,teams,4,4,3,task_20260109_004703_994_7ebc1127_6f97f3e9,0.714286,0,786712,307.6
